{"temperatures": [0.0, 75.0, 150.0, 300.0, 600.0], "free_energy": [47.622635729687694, 45.70816037280108, 35.780065545582076, -5.79889048374298, -144.2756059337365], "entropy": [0.0, 74.25084388617152, 187.68840836713812, 354.40753077075, 549.0570751948995], "heat_capacity": [0.0, 118.82907519285253, 207.0509807662128, 266.9275418186339, 290.28527901745036]}