{"temperatures": [0.0, 75.0, 150.0, 300.0, 600.0], "free_energy": [83.08451860753766, 80.3912647513203, 69.49862006160915, 30.51060466165662, -89.37415195243224], "entropy": [0.0, 92.68098721722063, 191.69784139657864, 317.61395429606614, 468.7221347065983], "heat_capacity": [0.0, 118.21147525989075, 164.34446146969097, 198.86991169642366, 236.93939628387383]}