{"temperatures": [0.0, 75.0, 150.0, 300.0, 600.0], "free_energy": [84.49442490459855, 83.51033932443211, 78.62808556558258, 58.08292607203029, -17.355643989659484], "entropy": [0.0, 37.81177368942183, 90.94922734336771, 180.20402535299544, 313.7277169606859], "heat_capacity": [0.0, 57.36993869040015, 98.40027685091171, 162.3464488706889, 217.41772643221975]}