{"temperatures": [0.0, 75.0, 150.0, 300.0, 600.0], "free_energy": [61.81688272943425, 42.7946931925521, -27.770633768619042, -260.3397697595527, -918.7690920474067], "entropy": [0.0, 632.9221631229173, 1200.857758375655, 1832.9006563050943, 2483.4630102688006], "heat_capacity": [0.0, 730.0840682779627, 882.9187465694228, 930.793445206912, 943.5309215058506]}