{"temperatures": [0.0, 75.0, 150.0, 300.0, 600.0], "free_energy": [135.4445788761928, 126.12570233154369, 90.98581401556567, -39.87686621799739, -457.1417284007628], "entropy": [0.0, 303.17671580286355, 622.8318280751068, 1088.716750265668, 1637.9216506716377], "heat_capacity": [0.0, 354.5369413028073, 574.6593367305536, 750.5212520954333, 820.8522001522249]}