{"temperatures": [0.0, 75.0, 150.0, 300.0, 600.0], "free_energy": [478.2203084501088, 470.4993693730705, 428.7353007535311, 228.0901533677701, -521.1037314308792], "entropy": [0.0, 292.73355659711734, 829.1119954837143, 1801.9508088435307, 3078.2961344876344], "heat_capacity": [0.0, 491.95209515508776, 1091.1437577160175, 1675.3763242802404, 1959.9288332699316]}