step,energy,fmax
0,-4.332874905322553,0.020710150486873913
