{"temperatures": [0.0, 75.0, 150.0, 300.0, 600.0], "free_energy": [122.72537388225881, 112.70230375689704, 75.11243548277247, -63.72721829251235, -500.27436948799726], "entropy": [0.0, 324.4605842539143, 665.401619486371, 1148.5825597324183, 1704.5573983128477], "heat_capacity": [0.0, 378.84902250423136, 607.0260027746999, 766.7904795170859, 825.8554425978554]}