{"temperatures": [0.0, 75.0, 150.0, 300.0, 600.0], "free_energy": [67.20521515906538, 50.68935672977619, -14.435245714604562, -234.99371461460984, -868.7535986426162], "entropy": [0.0, 568.8708283954737, 1123.5356676670235, 1751.4079055648215, 2400.8589499565437], "heat_capacity": [0.0, 700.4408217927032, 872.3448957296199, 927.8685649619651, 942.7802612470025]}