{"temperatures": [0.0, 75.0, 150.0, 300.0, 600.0], "free_energy": [156.11377652535452, 154.98275451249793, 148.57788521915586, 117.47022497434705, -5.9046298424826205], "entropy": [0.0, 44.60910187613473, 127.0671948034297, 283.90729440510006, 522.7427904248278], "heat_capacity": [0.0, 77.15241226904747, 166.82460706826853, 289.21785329392515, 389.81565694422324]}