{"temperatures": [0.0, 75.0, 150.0, 300.0, 600.0], "free_energy": [68.7409915749046, 52.32077011481694, -12.120971430104916, -230.8973590823717, -860.8358162449755], "entropy": [0.0, 562.6094253993865, 1112.718559588634, 1738.9671058573444, 2387.9701911762145], "heat_capacity": [0.0, 691.31880595908, 868.343658094562, 926.6980374207056, 942.4755047103918]}