step,energy,fmax
0,-2.2452086039468893,0.12710212678108812
1,-2.2458226614581425,0.09810394108579618
2,-2.24670727297043,0.002783474409700993
