{"temperatures": [0.0, 75.0, 150.0, 300.0, 600.0], "free_energy": [62.264737046994405, 53.466661876571976, 24.69253100328607, -72.32194476299514, -359.60335966013736], "entropy": [0.0, 263.2998331298791, 489.8492768905265, 778.8374826815544, 1102.5968309824725], "heat_capacity": [0.0, 273.7511453728694, 376.89169265612713, 449.36417171623026, 479.2807498189935]}