step,energy,fmax
0,-18.531678921797177,0.07817689755329228
1,-18.531898209499413,0.05122555056663298
2,-18.532059081211255,0.0005756220492816847
