{"temperatures": [0.0, 75.0, 150.0, 300.0, 600.0], "free_energy": [55.461453584541665, 54.41164012156105, 48.7895714804474, 23.147880135505204, -70.09390360879158], "entropy": [0.0, 40.94407555348579, 109.03496219269377, 227.1436178136521, 380.5848316904784], "heat_capacity": [0.0, 66.39062704922935, 134.21078413618565, 202.06392926029247, 235.10382427884926]}