step,energy,fmax
0,-9.73374477503152,0.18855906930576938
1,-9.735138264419291,0.1567780280604256
2,-9.73819128148948,0.004962610254172874
