Model,K_bulk [GPa],K_shear [GPa]
mace_mpa_0_D3,35.61648371631713,20.018731153087153
