{"a": 3.0689471146904377, "c": 5.051565548841163}