{"temperatures": [0.0, 75.0, 150.0, 300.0, 600.0], "free_energy": [112.46264171894073, 110.52733096484687, 99.85055039297447, 50.13221364260759, -133.0228181835484], "entropy": [0.0, 76.63563436723346, 208.82475275939953, 443.2952561163566, 750.109038303745], "heat_capacity": [0.0, 126.85009633535726, 263.8873228348196, 403.2774135090738, 470.5523530059062]}