{"temperatures": [0.0, 75.0, 150.0, 300.0, 600.0], "free_energy": [17.64763054985918, 10.19158113637789, -14.707518659246198, -93.71159659372265, -312.9440328938585], "entropy": [0.0, 232.1723969185687, 415.5014197923108, 616.2921232919409, 822.0484730866303], "heat_capacity": [0.0, 239.77922594289558, 281.882883233558, 294.76739528642935, 298.16981469919176]}