{"temperatures": [0.0, 75.0, 150.0, 300.0, 600.0], "free_energy": [17.221726902251792, 9.116124110794672, -16.786892652002035, -97.83763153357876, -321.1802406888712], "entropy": [0.0, 245.17290374340845, 429.0665404119619, 629.9746124126145, 835.7579786858917], "heat_capacity": [0.0, 241.40627892572414, 282.21361192643735, 294.8407907810017, 298.18748032770617]}