{"temperatures": [0.0, 75.0, 150.0, 300.0, 600.0], "free_energy": [98.30912805343766, 95.78820167574018, 82.88348493540785, 25.753440076480786, -175.96494959331503], "entropy": [0.0, 96.18202232371463, 247.50398092124172, 499.92533612916077, 814.8863819061866], "heat_capacity": [0.0, 149.23855178051804, 294.49224078850324, 421.9722100067921, 476.8622692546883]}