{"temperatures": [0.0, 75.0, 150.0, 300.0, 600.0], "free_energy": [2.3313167284181158, 0.9039985602369216, -3.7604290591094416, -18.088267110263423, -57.02113217401896], "entropy": [0.0, 44.536321398928315, 76.67307600217977, 110.61292573463707, 145.03019203077324], "heat_capacity": [0.0, 43.6052836460051, 48.198521183618254, 49.45677768418184, 49.778811601451366]}