{"temperatures": [0.0, 75.0, 150.0, 300.0, 600.0], "free_energy": [130.86007298459458, 128.43785479041713, 115.45488670246033, 54.926762677312965, -166.46576531404446], "entropy": [0.0, 92.29171949104283, 254.84837227774398, 538.1896717364496, 904.4214409361], "heat_capacity": [0.0, 154.192850646564, 322.93357631964255, 483.2912652098021, 560.3721415271407]}