{"temperatures": [0.0, 75.0, 150.0, 300.0, 600.0], "free_energy": [172.86851728198818, 171.5584102899702, 165.01795704533478, 134.339398988445, 14.580738588684483], "entropy": [0.0, 48.06773929068275, 127.31704223243182, 277.629806248089, 506.3801513903778], "heat_capacity": [0.0, 74.29983879821415, 161.12920780752847, 275.0555868728582, 377.8197667187234]}