{"temperatures": [0.0, 75.0, 150.0, 300.0, 600.0], "free_energy": [46.614795085513855, 44.98418418731549, 37.14181292657568, 4.820440750103636, -103.96474294330781], "entropy": [0.0, 60.84226986408043, 146.28893829327686, 276.1148143126971, 433.91513147517514], "heat_capacity": [0.0, 90.05306343274806, 157.39263694391767, 212.61355416791687, 238.33924839282696]}