{"temperatures": [0.0, 75.0, 150.0, 300.0, 600.0], "free_energy": [113.74597587266886, 112.50614986829204, 102.57349299509617, 49.60568275019655, -151.7593636360338], "entropy": [0.0, 58.75053337961377, 209.76505534154563, 482.3630184349436, 827.5313705023462], "heat_capacity": [0.0, 130.97167185384956, 311.11871846720686, 460.6922426739392, 523.7073019833781]}