{"temperatures": [0.0, 75.0, 150.0, 300.0, 600.0], "free_energy": [79.4776997806917, 76.0752995824117, 64.43953075829597, 26.661660903378746, -84.16462481339221], "entropy": [0.0, 107.28640012007199, 195.45790766406347, 299.607333921721, 429.1110923890998], "heat_capacity": [0.0, 114.46071209379278, 137.63115715115336, 166.2844492881548, 206.83147358849888]}