Polymorph,mace_matpes_r2scan_0_D3
Ih,-1658.2874058656482
II,-1645.3242760871394
III,-1643.5739467817764
IV,-1631.0761361482218
VI,-1637.6983558473537
VII,-1587.2273660815547
VIII,-1596.6411075499902
IX,-1646.7461831197295
XI,-1666.967069760398
XIII,-1646.4240114817646
XIV,-1640.7763178732234
XV,-1636.8881456625654
XVII,-1640.2409614954986
