Polymorph,mace_matpes_r2scan_0_D3
Ih,-1658.28740251302
II,-1645.3255469229102
III,-1643.573946179517
IV,-1631.076137641779
VI,-1637.6983642450914
VII,-1587.2273643742237
VIII,-1596.6392003394194
IX,-1646.7461827275206
XI,-1666.9670708025226
XIII,-1646.4240111388353
XIV,-1640.7763190654005
XV,-1636.8881472114278
XVII,-1640.2396887654813
