Polymorph,mace_matpes_r2scan_0_D3
Ih,-1658.2886745167987
II,-1645.3242723625242
III,-1643.5739449754667
IV,-1631.07613459273
VI,-1637.6998883549004
VII,-1587.2260906552622
VIII,-1596.6372898136658
IX,-1646.7461846028452
XI,-1666.9689769504803
XIII,-1646.4240117081256
XIV,-1640.7763215890245
XV,-1636.8881459030983
XVII,-1640.2409598269987
