Polymorph,mace_matpes_r2scan_0_D3
Ih,-1658.289311812668
II,-1645.326188701878
III,-1643.5745947618568
IV,-1631.078045845916
VI,-1637.70026645612
VII,-1587.2305844915306
VIII,-1596.6411528190126
IX,-1646.7468246196954
XI,-1666.9689933860975
XIII,-1646.4270310652917
XIV,-1640.7782408806409
XV,-1636.890070579243
XVII,-1640.2428750385188
