{"temperatures": [0.0, 75.0, 150.0, 300.0, 600.0], "free_energy": [115.95539615033876, 114.84561715221622, 105.96229225563594, 59.727117049133426, -115.91449326517325], "entropy": [0.0, 53.362105693788536, 185.51190746113733, 419.48927332015876, 724.220939389648], "heat_capacity": [0.0, 118.60553745698489, 266.56151785196164, 400.0063988624852, 468.4109743513067]}