{"temperatures": [0.0, 75.0, 150.0, 300.0, 600.0], "free_energy": [90.79463685152163, 88.4888685093965, 77.11445055215034, 29.86161256061385, -131.2445747369057], "entropy": [0.0, 87.24587787065899, 212.99246133876153, 405.14123632272515, 647.1641254978003], "heat_capacity": [0.0, 132.9255150528246, 231.08454969091787, 319.22974525421176, 372.15701435230716]}