{"temperatures": [0.0, 75.0, 150.0, 300.0, 600.0], "free_energy": [103.58864597215084, 101.98273385520159, 89.98133466755563, 30.228332588061647, -187.22157118180348], "entropy": [0.0, 74.73658972200815, 246.49058774277648, 532.7382381570054, 882.8662877796977], "heat_capacity": [0.0, 158.61829961226516, 338.5415107271443, 472.8032862904046, 527.3200644081774]}