{"temperatures": [0.0, 75.0, 150.0, 300.0, 600.0], "free_energy": [103.58866829996252, 101.98278260911496, 89.9814444251715, 30.22856658143573, -187.22109363479086], "entropy": [0.0, 74.73584646314202, 246.48975208912051, 532.7374183095711, 882.865480537554], "heat_capacity": [0.0, 158.6179672166641, 338.54150690664966, 472.80331320047907, 527.320074716611]}