{"temperatures": [0.0, 75.0, 150.0, 300.0, 600.0], "free_energy": [103.58857270992046, 101.98266791220178, 89.98126967728058, 30.228249340414436, -187.22171074008725], "entropy": [0.0, 74.73648978876913, 246.49064416214281, 532.738399911602, 882.8664893772414], "heat_capacity": [0.0, 158.61850209998653, 338.54171869299864, 472.8033822275469, 527.3200938734516]}