{"temperatures": [0.0, 75.0, 150.0, 300.0, 600.0], "free_energy": [39.66541015865245, 31.93246469985006, 7.720530171075524, -72.41075662691073, -305.71195663583535], "entropy": [0.0, 225.69590061818877, 408.6829715632836, 638.7591074441277, 889.6069085230802], "heat_capacity": [0.0, 220.54856205523814, 304.41862052462784, 352.23170826468515, 368.29662859687187]}