{"temperatures": [0.0, 75.0, 150.0, 300.0, 600.0], "free_energy": [45.32988638637761, 43.124991255677514, 32.16857927634275, -12.110246698694915, -156.42618363608594], "entropy": [0.0, 84.16859419058007, 203.92236201642544, 373.3588702249802, 568.780800066076], "heat_capacity": [0.0, 129.6946735483546, 213.4713733155547, 268.9448826826926, 290.8094872279786]}