{"temperatures": [0.0, 75.0, 150.0, 300.0, 600.0], "free_energy": [171.50137456472893, 170.20380318170484, 163.67684168496606, 132.97598432738937, 12.94022879526554], "entropy": [0.0, 47.83539918133807, 127.20268574466148, 278.0829786271454, 507.6365142000642], "heat_capacity": [0.0, 74.39704035686542, 161.4854134732232, 276.28406151632396, 378.69989821586563]}