{"temperatures": [0.0, 75.0, 150.0, 300.0, 600.0], "free_energy": [57.768384814274164, 56.083061888116156, 47.44443206280642, 10.644604248703892, -115.56222611357907], "entropy": [0.0, 64.77262129737667, 163.7099150518343, 317.29375815693703, 506.06920284324485], "heat_capacity": [0.0, 102.36101242778194, 184.2676321407755, 253.40972275159535, 285.74566765978403]}