Model,K_bulk [GPa],K_shear [GPa]
mace_matpes_PBE_0_D3,18.97352626118911,15.751682446307145
