step,energy,fmax
0,-0.9259639335438715,0.03179842419145809
1,-0.9260065281474924,0.02942253618347074
