step,energy,fmax
0,-8.961811615789957,0.025169203507294537
