{"temperatures": [0.0, 75.0, 150.0, 300.0, 600.0], "free_energy": [47.720580116941754, 45.751510443551794, 37.02529333564874, 2.979470853739798, -108.76823407946472], "entropy": [0.0, 70.83256787736664, 158.61801593303124, 286.78207657823884, 443.337747945436], "heat_capacity": [0.0, 97.38749545316648, 156.62285636394583, 209.96559590652558, 237.35436949015536]}