step,energy,fmax
0,-7.894090105575339,0.45795065494293224
1,-7.8978060543220145,0.0607526905851293
2,-7.897878693494034,0.0017948817981050537
