{"temperatures": [0.0, 75.0, 150.0, 300.0, 600.0], "free_energy": [117.8142388219451, 116.49472081776076, 106.57129792133446, 54.35944835895149, -144.29168726254903], "entropy": [0.0, 60.170238734349596, 207.78266738604825, 475.08681484482287, 817.4875936339145], "heat_capacity": [0.0, 129.13746130431758, 303.40817911957686, 454.5426545901674, 521.5034111889604]}