{"temperatures": [0.0, 75.0, 150.0, 300.0, 600.0], "free_energy": [117.81455317789944, 116.4951498947965, 106.57191322158717, 54.36048580614806, -144.2897330597686], "entropy": [0.0, 60.16791528084318, 207.78004420028665, 475.0838644615438, 817.4844785753924], "heat_capacity": [0.0, 129.13705299882272, 303.4076727219567, 454.5422862986553, 521.5032807144587]}