{"temperatures": [0.0, 75.0, 150.0, 300.0, 600.0], "free_energy": [117.81447313590871, 116.4949508611566, 106.57153368811667, 54.3597519197086, -144.2911811391512], "entropy": [0.0, 60.17035626584527, 207.7824147632434, 475.0862321122463, 817.4868676864577], "heat_capacity": [0.0, 129.13711040868006, 303.40759178188426, 454.54232233400944, 521.5033014001149]}