{"temperatures": [0.0, 75.0, 150.0, 300.0, 600.0], "free_energy": [117.81442134074278, 116.49496791700209, 106.57166673306041, 54.36009437925466, -144.2904519778349], "entropy": [0.0, 60.16880772355246, 207.78092231783853, 475.0848999498887, 817.4856017336208], "heat_capacity": [0.0, 129.13685696619814, 303.4078574076328, 454.54248162276286, 521.503350025009]}