{"temperatures": [0.0, 75.0, 150.0, 300.0, 600.0], "free_energy": [106.22959058467468, 103.88786376258898, 89.76855139162367, 25.856209423869743, -198.67136294842385], "entropy": [0.0, 98.37064176747401, 276.1826304749539, 558.4238864735935, 905.2108944606022], "heat_capacity": [0.0, 177.62569322494758, 337.0323016387598, 466.04776798056656, 524.4404709263291]}