{"temperatures": [0.0, 75.0, 150.0, 300.0, 600.0], "free_energy": [19.66854568515529, 19.299897001295417, 16.88621393519266, 5.658986279993259, -34.296034469824505], "entropy": [0.0, 16.230611351541885, 47.87754215343383, 98.73862225472816, 161.63897341987624], "heat_capacity": [0.0, 31.17126164066073, 60.38739175586147, 84.34222846396496, 95.25151160284858]}