{"temperatures": [0.0, 75.0, 150.0, 300.0, 600.0], "free_energy": [19.6686659249378, 19.300076414024062, 16.886524001602293, 5.659587206398294, -34.29483894640852], "entropy": [0.0, 16.229084727856005, 47.875672244934925, 98.73665167205473, 161.63698666794022], "heat_capacity": [0.0, 31.17056376501538, 60.38710555903008, 84.34217548505677, 95.25150392522713]}