{"temperatures": [0.0, 75.0, 150.0, 300.0, 600.0], "free_energy": [36.3214711732205, 35.90673958221153, 33.600941696018246, 23.531303594984063, -11.288784967545183], "entropy": [0.0, 16.488607332799635, 44.501401229089254, 86.96534453744005, 140.66570222213812], "heat_capacity": [0.0, 28.286420887286504, 51.80679692586703, 69.97536300798937, 84.41227708250973]}