{"temperatures": [0.0, 75.0, 150.0, 300.0, 600.0], "free_energy": [61.26268036077465, 41.845586349186426, -29.483536299227595, -263.673367111142, -925.3904550890929], "entropy": [0.0, 642.3023166916475, 1211.4545570695527, 1843.808658580675, 2494.44776788665], "heat_capacity": [0.0, 733.1570919721402, 883.7532340659409, 930.9989222581473, 943.5818758122015]}