{"temperatures": [0.0, 75.0, 150.0, 300.0, 600.0], "free_energy": [61.2626513684023, 41.84545349762675, -29.483798987140588, -263.67389129234857, -925.3915029145661], "entropy": [0.0, 642.3040288770499, 1211.4562969354458, 1843.810403406469, 2494.4495136807973], "heat_capacity": [0.0, 733.1571704356422, 883.7532491930717, 930.9989250081468, 943.58187641423]}