{"temperatures": [0.0, 75.0, 150.0, 300.0, 600.0], "free_energy": [25.630755417678603, 23.53445713459253, 16.49330434537686, -6.912629321553258, -75.79324977976975], "entropy": [0.0, 65.02236558900472, 119.0695489741652, 187.1742939066867, 264.25719399478857], "heat_capacity": [0.0, 66.900825902141, 88.88783722225108, 106.09943565294016, 115.53073360890458]}