{"temperatures": [0.0, 75.0, 150.0, 300.0, 600.0], "free_energy": [47.18184360111681, 45.6604482960759, 38.095241203953194, 6.4635841721678275, -100.87403388629738], "entropy": [0.0, 57.93100259188533, 142.05384643110438, 271.3403455454142, 429.08590231502353], "heat_capacity": [0.0, 87.90596487384558, 156.00372163694848, 212.31123377427903, 238.40488205089068]}