{"temperatures": [0.0, 75.0, 150.0, 300.0, 600.0], "free_energy": [25.87944303626897, 25.36556165846237, 22.457835121818604, 9.12322017071028, -38.69915156572026], "entropy": [0.0, 20.63705598474704, 56.874181261189534, 117.54883633085369, 194.14234324707328], "heat_capacity": [0.0, 35.14812393902298, 70.682267082698, 101.88938143556521, 116.64630667330717]}