{"temperatures": [0.0, 75.0, 150.0, 300.0, 600.0], "free_energy": [74.28712152274795, 67.53765813445088, 43.598087426225085, -41.79351082618332, -304.79373653649736], "entropy": [0.0, 210.20753949527253, 417.8749654957031, 698.4871911118122, 1022.0244679467847], "heat_capacity": [0.0, 239.71628322421563, 357.2292459117297, 444.3028876947683, 482.4383615655902]}