{"temperatures": [0.0, 75.0, 150.0, 300.0, 600.0], "free_energy": [57.80920249814555, 48.658000225752254, 19.149441518989022, -79.3259164687695, -368.6148048702948], "entropy": [0.0, 272.2869886802147, 500.03354265206235, 787.7208358412067, 1107.2291219357428], "heat_capacity": [0.0, 276.7665004897279, 377.301773602352, 445.03807708307585, 471.81401323392447]}