{"temperatures": [0.0, 75.0, 150.0, 300.0, 600.0], "free_energy": [58.68507178354381, 54.884809521593674, 39.64553487055488, -14.56052623401984, -179.4212582387032], "entropy": [0.0, 129.5957084603094, 267.8358206295708, 440.1127778073185, 639.8044992662097], "heat_capacity": [0.0, 165.86681189077288, 226.82105197182457, 270.0248100857057, 302.6553808522147]}