{"temperatures": [0.0, 75.0, 150.0, 300.0, 600.0], "free_energy": [39.84526102193125, 39.06080750481168, 34.26917378113031, 12.111756552820012, -67.08604090154387], "entropy": [0.0, 33.18152130621995, 94.36745751820887, 195.2167768541478, 320.85223073512304], "heat_capacity": [0.0, 59.8726906049902, 118.41017376560914, 168.18643937606777, 190.40967038187765]}