{"temperatures": [0.0, 75.0, 150.0, 300.0, 600.0], "free_energy": [46.76593996984199, 45.13783018325205, 37.34202820051411, 5.170167373205032, -103.32964605602655], "entropy": [0.0, 60.61333130921283, 145.40502173010043, 275.10056977758506, 433.0235947018603], "heat_capacity": [0.0, 89.04489261551812, 156.79080113647814, 212.7128747250665, 238.5457542812968]}