{"temperatures": [0.0, 75.0, 150.0, 300.0, 600.0], "free_energy": [273.4114534070382, 260.8391753185532, 212.66612398826322, 33.20662999816889, -544.7330677649602], "entropy": [0.0, 410.7599867630777, 855.613237766805, 1494.4919035553778, 2286.1176466720467], "heat_capacity": [0.0, 500.20032940234324, 784.6995187534598, 1049.8238853298858, 1212.2328927851795]}