{"temperatures": [0.0, 75.0, 150.0, 300.0, 600.0], "free_energy": [2.394618894210823, 0.995727221308464, -3.600989081739706, -17.78185433892351, -56.41460098213843], "entropy": [0.0, 43.72790639194198, 75.72011033724873, 109.61947009495645, 144.02631413032447], "heat_capacity": [0.0, 43.25365336973613, 48.093045664725565, 49.42914793051246, 49.77182249635602]}