{"temperatures": [0.0, 75.0, 150.0, 300.0, 600.0], "free_energy": [2.3945047220417646, 0.9954615262790305, -3.6014903587014953, -17.782841468577303, -56.416567481177985], "entropy": [0.0, 43.73092366307037, 75.72331575594968, 109.62272608022737, 144.02958299538616], "heat_capacity": [0.0, 43.25412709033961, 48.093178514468654, 49.429182147693034, 49.77183111523753]}