{"temperatures": [0.0, 75.0, 150.0, 300.0, 600.0], "free_energy": [2.3945294310373244, 0.9955205632310125, -3.6013787461980558, -17.78262155558054, -56.41612932185974], "entropy": [0.0, 43.73024916389494, 75.72260096272014, 109.62200043477523, 144.0288545841171], "heat_capacity": [0.0, 43.2540257934434, 48.09315001660854, 49.42917480076821, 49.771829264183644]}