step,energy,fmax
0,-4.684624325488569,0.19937133077684907
1,-4.6859182201484035,0.10280647022693405
2,-4.686404206044678,0.002996860333699352
