{"temperatures": [0.0, 75.0, 150.0, 300.0, 600.0], "free_energy": [18.95269753822913, 18.106008598959864, 14.053901233027997, -2.57223601063561, -57.57887341207528], "entropy": [0.0, 31.122941937842757, 75.732746669006, 141.16705335161345, 217.80959959093155], "heat_capacity": [0.0, 47.24632077652215, 81.12768767248707, 104.96074775769986, 114.40375634121662]}