{"temperatures": [0.0, 75.0, 150.0, 300.0, 600.0], "free_energy": [3.8010804124960416, 1.9065940816219784, -4.640717711278111, -25.185000308681428, -81.6633651068991], "entropy": [0.0, 61.214727309563884, 108.80628849860514, 159.54547004543045, 211.1275290977512], "heat_capacity": [0.0, 63.90472228233104, 71.85278348796088, 74.06890768433843, 74.6388274199361]}