{"a": 3.078393982538296, "c": 5.034743954603166}