{"a": 3.078393710522113, "c": 5.034743573476276}