{"a": 3.0783932165886223, "c": 5.034744128439372}