{"a": 3.0783946854747213, "c": 5.034743670687921}