{"temperatures": [0.0, 75.0, 150.0, 300.0, 600.0], "free_energy": [78.60697932618442, 74.98161505271797, 63.13913244798533, 25.000567814609475, -86.53505073424455], "entropy": [0.0, 110.36293476434652, 197.98471393597873, 301.9847169011725, 431.42291567689296], "heat_capacity": [0.0, 113.61296556693682, 137.03492885399749, 166.32714205725347, 206.5001711845474]}