step,energy,fmax
0,-4.0480646427239915,0.06794086572559986
1,-4.04823494808581,0.04945963049967197
2,-4.048426113705606,0.0007588134700657568
