{"temperatures": [0.0, 75.0, 150.0, 300.0, 600.0], "free_energy": [58.51284681980358, 53.641316505391906, 36.05414774621834, -24.50873447857939, -206.31294938981304], "entropy": [0.0, 156.08046122930287, 303.36450164897275, 488.4770004750619, 702.7175556664498], "heat_capacity": [0.0, 177.87936204601243, 242.33874515144032, 290.7333875132452, 323.41530318056465]}