{"temperatures": [0.0, 75.0, 150.0, 300.0, 600.0], "free_energy": [79.59471059998246, 78.73209548703885, 73.06825670588361, 45.77474474637382, -56.0013260538595], "entropy": [0.0, 37.64431563382359, 113.56206268113684, 244.20975449463586, 419.71664617371164], "heat_capacity": [0.0, 72.2721187478998, 149.0194393885251, 225.69859299134671, 274.43197281038994]}