{"temperatures": [0.0, 75.0, 150.0, 300.0, 600.0], "free_energy": [18.141382912634867, 14.000423383821818, 0.13270107185007873, -45.3253549701211, -175.78424085025276], "entropy": [0.0, 128.31707677765496, 233.84150620891154, 360.06832356863646, 494.92722066799314], "heat_capacity": [0.0, 131.76572021322875, 170.42139011256629, 190.59556223212738, 197.17364702824722]}