{"temperatures": [0.0, 75.0, 150.0, 300.0, 600.0], "free_energy": [31.76992436290921, 30.774017780138152, 24.87073216985182, -1.313743935695154, -90.71659777391785], "entropy": [0.0, 41.622189082002045, 114.80489045299443, 226.2714553183089, 356.4908981206623], "heat_capacity": [0.0, 73.54515241857989, 137.19944712429626, 178.85411998177125, 193.91253302640735]}