Reference,Predicted
49.35604807932862,49.43137673702404
