Reference,Predicted
49.35604807932862,49.43139602449488
190.29314047560442,191.18083944527865
93.33287677074617,95.11036437035474
454.8356274669954,467.4925686755858
400.0063988624852,416.4133066311843
