Reference,Predicted
-16.668626471581156,-17.78873173538878
