Reference,Predicted
-16.668626471581156,-17.788947892776047
-41.9757112647533,-44.55268874362568
-6.08630031563534,-11.079692433866647
53.97177339907461,39.68146055373714
59.727117049133426,37.79511655426698
