Reference,Predicted
3.657122584777909,3.181400695251692
