Reference,Predicted
3.3180075845953856,2.8862745805718317
10.534772370327735,9.603790586148483
9.752476356053446,7.558459350690503
17.551764746273093,15.84955991991043
22.59080549719326,20.165654545017755
