Reference,Predicted
0.006649352200582881,0.005784183372303853
-0.05030157706731209,0.019245912144168376
0.019544068914600476,0.015147071476325769
0.03517379627129191,0.031762499117652165
0.04527203414748948,0.04041197988896572
