Reference,Predicted
105.982577404969,109.64014379389656
