Reference,Predicted
105.982577404969,109.64084480728188
349.2024867952203,356.8233169100915
126.74413648332508,141.4905637416762
476.00762624893446,507.12454127874076
419.48927332015876,469.5903258830558
