step,energy,fmax
0,-8.861954683403068,0.04450021539767442
1,-8.862029381166124,0.03500611636136286
2,-8.862153702213941,0.00020571114072790388
