step,energy,fmax
0,-2.0793962976342137,0.0841410836745214
1,-2.0796903202522365,0.07874217671367058
2,-2.081824701628894,0.0012735464902573997
