{"temperatures": [0.0, 75.0, 150.0, 300.0, 600.0], "free_energy": [48.38104158675371, 46.54217980308219, 36.72343986991669, -4.544875376095341, -142.17674373949183], "entropy": [0.0, 72.74931922046734, 186.10482807893825, 351.9365664410027, 546.0434439087614], "heat_capacity": [0.0, 119.24337732741766, 206.07849094739606, 265.7537852223129, 289.84421896745124]}