{"temperatures": [0.0, 75.0, 150.0, 300.0, 600.0], "free_energy": [76.14194766371035, 72.84100158098643, 58.353900531088364, 2.2034695066733576, -180.08658710455398], "entropy": [0.0, 117.59213291547518, 263.18459595188574, 470.6950004170991, 720.7414346287995], "heat_capacity": [0.0, 161.1156663541012, 257.82372455843375, 336.210753894139, 378.97855826001955]}