{"temperatures": [0.0, 75.0, 150.0, 300.0, 600.0], "free_energy": [174.4588148202616, 173.2909675480076, 167.1245056382709, 137.46240976271062, 20.10451730851483], "entropy": [0.0, 44.166668557268146, 121.47596956288794, 270.20160120235215, 498.0158415395239], "heat_capacity": [0.0, 71.52273434217999, 158.44059973891243, 273.23071159077085, 376.9081449089486]}