{"temperatures": [0.0, 75.0, 150.0, 300.0, 600.0], "free_energy": [22.440492040516304, 10.57815136471103, -25.577852484211732, -136.88323833573588, -441.1262707452213], "entropy": [0.0, 348.13747581301766, 593.7309978201985, 861.5083547212172, 1135.8345356374416], "heat_capacity": [0.0, 324.0277390428708, 376.1703148968264, 393.0078482252984, 397.5372820277074]}