{"temperatures": [0.0, 75.0, 150.0, 300.0, 600.0], "free_energy": [72.52785475162425, 64.31083658659404, 37.64843662142696, -53.37915895563718, -327.03789125003044], "entropy": [0.0, 243.041212580591, 455.76304013289365, 735.3258642540961, 1056.5116338899963], "heat_capacity": [0.0, 252.41587977541002, 358.91873688344265, 441.0641569263032, 479.1127389629808]}