{"temperatures": [0.0, 75.0, 150.0, 300.0, 600.0], "free_energy": [113.75316190210208, 111.82189298215322, 102.00415295638764, 60.295201913142144, -85.09363386481388], "entropy": [0.0, 74.4481331320339, 185.33119206725692, 360.8206482520619, 589.3514442704087], "heat_capacity": [0.0, 115.07096462291095, 207.3825069267733, 295.8309899869771, 358.00821360678543]}