{"temperatures": [0.0, 75.0, 150.0, 300.0, 600.0], "free_energy": [6.404476353782107, 4.4087964302594145, -3.0414884681597645, -27.598784875170928, -97.07999059232513], "entropy": [0.0, 66.71728874224021, 126.83234233747149, 193.48965833367632, 262.00524334336336], "heat_capacity": [0.0, 77.46583703967755, 93.24689295236087, 98.07037603805902, 99.34313986604226]}