{"temperatures": [0.0, 75.0, 150.0, 300.0, 600.0], "free_energy": [66.6218234891291, 49.43232668668805, -16.859107935683767, -239.8074450765875, -878.3659615559513], "entropy": [0.0, 583.7961162815068, 1139.367686054903, 1767.3847716725438, 2416.8632367110636], "heat_capacity": [0.0, 703.2336906650553, 872.7963350432808, 927.9469083009324, 942.7971994635335]}