{"temperatures": [0.0, 75.0, 150.0, 300.0, 600.0], "free_energy": [66.62182278071062, 49.432301469056995, -16.8591643280121, -239.80756158831213, -878.3661965632648], "entropy": [0.0, 583.7965415742431, 1139.36809353231, 1767.3851687493363, 2416.8636306228027], "heat_capacity": [0.0, 703.2336766534589, 872.7963116144241, 927.9469001899301, 942.7971972693025]}