{"temperatures": [0.0, 75.0, 150.0, 300.0, 600.0], "free_energy": [68.74094062848017, 52.3206768411445, -12.121140470966168, -230.89768818287672, -860.8364699375314], "entropy": [0.0, 562.6103655608291, 1112.7196070012287, 1738.9681828343787, 2387.9712756513914], "heat_capacity": [0.0, 691.3190656728669, 868.3437357903509, 926.6980573720617, 942.4755097190658]}