{"temperatures": [0.0, 75.0, 150.0, 300.0, 600.0], "free_energy": [17.969666508297827, 17.019395426946193, 12.680641056882841, -4.6259445611571195, -60.97929260354952], "entropy": [0.0, 34.24173754894699, 80.00200805939953, 145.79286539643095, 222.1214975762016], "heat_capacity": [0.0, 49.4494977270644, 82.24124645078571, 104.89976109759044, 113.66507518354169]}