{"temperatures": [0.0, 75.0, 150.0, 300.0, 600.0], "free_energy": [24.54219291606864, 22.05175988438198, 14.121247348943163, -11.487114200875755, -85.07496582414748], "entropy": [0.0, 74.75213137126399, 132.49254708093997, 202.54333424571578, 280.07562483973015], "heat_capacity": [0.0, 72.52906172305052, 93.29436883925254, 107.51006762950047, 115.66323054036391]}