step,energy,fmax
0,-7.1944814906212775,0.022279722764510422
