mp_id,formula,K_vrh_DFT,G_vrh_DFT,K_vrh_mattersim_5M,G_vrh_mattersim_5M
mp-1120447,Si,67.85,28.045,79.16253281687163,37.04027158234108
mp-644693,Si,49.084,20.284,84.39506601085061,39.96542021152982
mp-1008395,C,401.484,421.283,441.5473936614559,424.4803267506004
mp-1010136,Cu,137.832,92.026,161.20077329449617,-3.833541774021039
mp-1095534,C,149.065,64.776,204.09097195997177,129.96963482889876
mp-140,Ga,49.645,8.836,55.049122406607815,13.442504519830322
mp-166,Ca,16.881,3.229,19.667355193517103,24.03355852485076
mp-55,Sn,46.694,5.892,45.95222347439142,7.121325008619078
mp-62,Pa,96.151,11.45,102.2505617469228,8.89749061136097
mp-999200,Si,81.337,46.823,92.82559388413102,58.9864626865405
mp-1064933,S,10.987,3.458,46.1969636728123,6.198635775334601
mp-23157,Bi,43.62,11.548,54.56236655178195,12.10348442658009
mp-570459,Te,42.656,20.96,74.94130116129423,17.39430497253953
mp-542461,Se,1.09,0.5650000000000001,29.068747557083423,12.007697174937489
mp-557559,S,0.876,0.398,32.924138302613,15.516756073922645
mp-42,Ta,195.555,60.284,221.67003104324215,62.58724542095163
mp-128,Ge,55.811,40.309,65.21780839936118,38.75828573966655
mp-147,Se,4.152,4.031,22.147409546779333,9.417386777125728
mp-571520,Si,79.59,60.71,104.16372082877668,59.32429050666332
mp-7,S,1.874,1.075,24.349414890214273,13.426538053312155
mp-567308,Sc,45.528,30.675,44.73706939463936,22.183394609703136
mp-78,Ge,69.319,39.008,71.48314304294588,27.593482743447723
mp-84,Sn,47.261,25.121,61.42023935872038,16.226477149328666
mp-92,Si,107.613,62.896,123.94920146600776,50.09899535900778
mp-14,Se,4.123,10.032,34.129308318896406,11.538650872126173
mp-19,Te,19.355,14.952,75.48662888296954,17.36041238852475
mp-1014111,Ni,15.039,9.808,57.32381357690653,23.787070796324965
mp-555760,S,6.378,4.006,27.39936139532779,14.018228823263104
mp-567313,Te,19.198,15.001,75.48926040400127,17.35788132829395
mp-1018122,Tm,43.971,28.525,46.33640254454239,23.476711294692244
mp-1018134,Li,13.804,4.151,14.934772069059331,7.159982417331701
mp-104,Sb,32.445,20.273,60.1301953557376,30.925734210698288
mp-10658,Dy,41.039,27.353,45.72621948152629,23.10840729719105
mp-10659,Ho,42.255,27.815,44.93614217753325,23.55007926617348
mp-11,As,31.388,20.3,73.85031285336447,40.07134999267368
mp-11698,Tb,40.128,26.556,42.69741055521646,21.59945443197379
mp-1184569,Hg,11.457,2.516,17.684072679346446,0.8826236107802238
mp-130,P,49.335,39.838,90.48357477491524,68.6657540604429
mp-160,B,210.223,172.392,252.86463348526465,215.52606672398068
mp-169,C,115.697,80.084,126.30889091218246,98.51687185703088
mp-23152,Bi,27.767,8.365,59.621425765336205,23.24013988218501
mp-2516584,C,113.32,87.786,122.30038373401132,96.3581389699146
mp-2629196,Hg,7.622,3.832,4.073372976415402,0.8245534931748651
mp-569007,Ga,47.111,12.714,50.45651790622938,11.939189012082126
mp-569416,C,95.263,62.899,102.9922742584898,80.17548766816981
mp-86,Sm,36.407,23.389,38.163023000675295,20.390028561868668
mp-972364,Yb,14.69,9.767,15.649264196807229,11.414725487687887
mp-973571,Lu,44.851,28.755,48.94908343549291,26.82268048117034
mp-975065,Re,365.253,182.644,408.22451591219766,103.39801495560326
mp-1063005,Li,13.65,5.187,15.278916549202812,8.018007499208505
mp-10861,Hg,7.842,1.6800000000000002,8.609239837480445,-2.0587103679885814
mp-34,Si,106.499,56.749,123.65293662858272,53.88648840809426
mp-568806,C,112.835,71.286,120.04633511828256,96.65153098726276
mp-72,Ti,112.881,62.245,116.3336286234646,28.088767879105372
mp-1007760,Ge,59.529,45.231,63.57884236475128,42.388130041633026
mp-1008634,Au,120.075,12.694,159.1622105310349,32.1405626872956
mp-10172,Na,7.777,4.588,8.94207774532576,4.352842525734835
mp-10173,Li,14.344,7.956,14.81840928536744,7.933600738673392
mp-10257,Ni,197.345,80.204,224.4298314507612,99.23571310255258
mp-103,Hf,108.287,56.604,101.29277244050384,31.382298748672927
mp-1059256,Pr,32.605,13.525,34.39804782012648,16.068945153302273
mp-10597,Ag,90.122,33.559,103.9096666587902,33.526555344643775
mp-10649,Si,87.289,64.435,98.86769559145246,-0.5418321507239016
mp-112,Y,41.717,27.122,43.486187667560245,24.211781068590355
mp-113,Tc,296.007,145.8,336.9153483791214,85.7613060509423
mp-1184554,Hg,7.877,3.948,4.109718935527184,0.6147686127800154
mp-1184755,K,3.576,1.623,9.686768591030836,4.806370388186396
mp-1186901,Re,364.898,196.072,406.8354583039256,104.57566723167136
mp-123,Nd,33.844,21.438,35.40269736141766,15.667471224734046
mp-131,Zr,93.831,33.105,91.3835277761118,16.57995733159921
mp-132,Ca,17.349,10.874,17.54239652642368,11.510289665104477
mp-136,Fe,295.605,180.477,100.22364172725644,37.7732390895885
mp-139,Sr,11.529,7.697,14.963046961207114,8.851558668475882
mp-141,Yb,14.467,12.032,15.83579370477908,11.640089127157184
mp-143,Tm,45.516,31.32,46.85531757660313,23.84978882086831
mp-144,Ho,43.126,28.414,45.36606130104504,23.88788038646473
mp-153,Mg,36.448,24.389,42.008467392354675,20.74329996065012
mp-165,Si,88.815,61.322,97.68526994348473,61.340570820788024
mp-18,Tb,38.449,23.903,43.295726037298905,21.857347003752302
mp-20372,Ce,34.679,23.828,36.10556378967534,27.41784373615105
mp-20736,Ce,31.937,32.268,36.59306814091501,27.08967740520337
mp-20745,Pb,38.724,11.459,41.63161916353648,12.544843794612184
mp-26,La,25.86,16.922,26.678671833653173,15.711241258552764
mp-33,Ru,310.062,193.869,354.3192388188161,156.67640924999037
mp-38,Pr,32.216,19.899,34.31824371434992,16.003379788979302
mp-46,Ti,112.944,48.257,116.0880060772131,24.200074650235663
mp-48,C,115.976,89.734,124.79897928383326,99.5968398726514
mp-49,Os,400.41,244.666,467.2191907872598,203.5668783855232
mp-56,Ba,8.259,4.782,12.484254648431884,8.20927395268833
mp-571249,Tb,40.022,26.483,42.8114580626171,21.55751738953521
mp-604318,K,3.566,1.596,9.692392974475656,4.816156734827765
mp-67,Sc,54.533,32.26,53.38092320921737,27.39548662513819
mp-68,Sm,35.412,19.245,38.59813521838374,20.556806249561262
mp-69,Sm,36.692,24.026,38.15825547190847,20.4146460842966
mp-8,Re,365.046,168.04,407.258631746954,104.3255671830074
mp-82,Tl,26.378,11.153,26.716711846656157,7.457308082186657
mp-8566,Ag,88.449,32.087,103.53463930948496,33.15348578836112
mp-862690,Ac,24.648,17.221,22.392121184680462,14.918523005999226
mp-867200,Pm,35.282,22.869,36.16543657780171,18.553214871267297
mp-867202,Sr,11.444,6.8870000000000005,14.973544085835387,8.848896438307001
mp-867351,Tc,299.67,149.971,334.9950983307608,83.24607475173201
mp-87,Be,120.019,133.872,130.97450014694678,139.2009231256788
mp-88,Dy,40.246,26.543,46.012841702004714,23.359579243115853
mp-94,Cd,41.91,13.413,51.06035589903321,11.187380945989975
mp-973364,Mg,35.997,24.167,41.63131098913201,20.57532204928855
mp-973986,Ho,42.273,28.439,45.02532708144648,23.573827972068205
mp-976411,Li,13.866,6.849,14.978175188364084,7.891578670747415
mp-982370,Na,7.773,3.678,8.880539392257532,4.336042820071122
mp-989695,Cu,132.163,65.761,172.54355878819044,67.00297527039513
mp-99,Er,44.76,31.02,47.80212193021365,26.135711861956548
mp-118,P,0.973,0.503,57.72106482812041,37.34969448707566
mp-168,Si,86.24,62.471,100.60114683807546,57.32225605858537
mp-542909,Mn,248.693,81.197,275.1972214801447,110.03849180719864
mp-971661,Si,79.715,47.329,87.32647236609881,54.90534855391654
mp-569423,Ga,62.324,38.547,51.19050136991294,10.913653617216788
mp-11334,W,298.22,134.395,318.81405308914765,104.35690283841257
mp-17,Cr,252.155,116.144,279.71753287297753,83.87449824925419
mp-971662,Si,75.91,45.957,84.79260588671218,55.95338840628633
mp-10,As,79.731,32.38,90.38768016262044,52.404473257703
mp-10654,Te,50.533,5.86,75.99237239715129,20.94409530913
mp-133,Sb,56.475,22.101,71.43911760965447,34.1640834460405
mp-567597,Bi,46.757,16.698,66.32396468530614,29.713900069910903
mp-7755,Se,70.526,4.975,78.25115268326478,11.339681369915008
mp-998866,C,355.313,470.461,375.5012269756576,270.9153156311686
mp-105,Te,34.252,11.377,74.55796361029194,18.473307398658665
mp-117,Sn,35.858,22.399,36.91814879523037,18.667484733403377
mp-149,Si,88.916,62.445,91.30383111089526,52.65130869258441
mp-16220,Si,61.244,37.17,71.45192528354096,38.31773389045867
mp-32,Ge,57.916,45.07,57.804825941329504,36.76703760850049
mp-10018,Ac,23.574,13.226,21.91220612830807,13.642581682428414
mp-1008669,U,110.797,58.014,109.13207959972324,-5.325660980255412
mp-101,Ir,345.128,208.901,382.47393690087296,166.28169074652854
mp-10157,K,3.578,1.235,8.563627737450277,6.6160776049834515
mp-102,Co,200.587,120.256,236.40720435002476,111.24911426985216
mp-1022725,Sn,46.107,15.269,49.16973530705029,3.166626566335153
mp-10740,Pa,94.772,50.133,101.43840714422704,21.226434450577425
mp-10750,Dy,41.225,26.058,44.850379094776805,22.745116539076996
mp-10752,Er,42.186,26.865,47.38379610211513,25.56397149420739
mp-114,Pu,34.9,17.687,57.58997768589409,56.198138099103005
mp-12093,Ge,63.414,27.414,59.27800693602072,6.663839799271289
mp-124,Ag,87.692,13.21,96.84770912912484,26.157530376376577
mp-126,Pt,248.014,49.52,269.09075746769105,43.68432806819094
mp-156,La,20.188,14.36,30.67041970726318,17.855325396846762
mp-159,Nd,31.862,18.911,35.99740987871331,15.63670901078261
mp-162,Yb,14.766,8.32,14.789526134056818,9.475979619702636
mp-2,Pd,166.982,48.469,180.4444863033495,51.87517721904371
mp-20483,Pb,39.516,11.204,42.52888383406161,10.250758447255237
mp-21377,Sm,36.46,22.798,38.623768012050185,19.07903548146052
mp-23,Ni,173.808,91.592,221.37890584862737,93.9119238530534
mp-28,Ce,39.338,33.95,37.35269990642303,27.03307444855688
mp-30,Cu,151.394,49.843,164.65458189672557,53.16491480127712
mp-36,Sc,50.651,22.413,51.92162879699629,21.6904225404461
mp-37,Th,55.005,39.908,66.9097541917476,31.18089594605333
mp-45,Ca,17.224,7.495,16.619665812617644,10.163376887310148
mp-51,Li,13.874,3.618,15.016183791429585,2.92819978783118
mp-6985,Ti,108.54,37.093,112.07964533861804,17.77269313819457
mp-6986,Ta,191.164,219.943,228.61279548801056,260.53877541410253
mp-7163,Tb,40.344,25.572,42.68303466570662,21.081275463877606
mp-74,Rh,252.9,150.16,277.92237171689317,112.62102589221602
mp-753304,Hg,6.758,3.256,1.9177133114444525,2.716269422099018
mp-76,Sr,10.978,5.411,16.708188340298108,8.590954016466998
mp-85,In,35.245,11.555,37.870483167808224,7.665150588184496
mp-8634,Mn,280.959,120.902,283.52459187447664,82.74653605254431
mp-8635,Zr,89.974,29.84,89.3938398308747,15.285385208208616
mp-8638,Tc,298.021,140.215,323.2451789784543,72.98488866462165
mp-8639,Ru,303.897,198.805,334.58400472157655,174.21013323308983
mp-8640,Hf,102.549,45.446,104.92702491105231,32.946786729491414
mp-8642,Re,363.048,195.364,392.68603775573314,94.9348906804546
mp-8643,Os,394.005,247.391,439.6781485012275,231.38574227996975
mp-9,Y,39.59,23.2,43.221954277943794,21.53438518404431
mp-97,Pr,32.21,16.891,33.840925243372645,15.338359341578643
mp-974558,Na,7.76,2.856,8.194807702929584,2.9010161157733507
mp-1017981,Hg,24.448,2.877,6.781144932462177,1.8743912308206447
mp-10641,Sc,53.18,10.981,54.74135661188495,7.521132119992674
mp-110,Mg,36.66,9.504,37.10383565007405,10.873385879816738
mp-122,Ba,8.934,5.667,-0.0626280826170446,-8.42778539668026
mp-127,Na,7.808,2.099,7.788264557313318,3.6651235080289046
mp-129,Mo,262.529,117.048,282.4632705012377,79.25174984572932
mp-13,Fe,207.093,67.563,212.51028920395584,100.15052680799116
mp-135,Li,13.87,3.745,13.214533659743742,6.794341107526824
mp-146,V,181.232,40.746,197.45338517848387,81.38260632922312
mp-20,Be,125.076,111.454,132.52687033510014,81.71860820357058
mp-22692,Pb,37.674,17.212,43.58619892751239,5.605116031231196
mp-39,Tl,27.941,3.464,27.517316382676174,6.104653573497826
mp-4,Nd,30.908,11.48,34.83664894989418,-27.862158669673292
mp-41,Zr,88.4,1.932,90.76935238921509,12.621798854218683
mp-50,Ta,194.527,64.83,208.48965106649536,58.59403494228744
mp-568610,Bi,52.755,16.667,55.52999674661021,8.590905238306654
mp-570002,C,311.258,219.493,346.11414219650925,308.35008319425083
mp-70,Rb,2.79,0.8200000000000001,3.4573192505764125,-0.4194761408953937
mp-71,Yb,15.868,10.038,18.761574634842425,10.211283043719506
mp-7162,Sn,46.763,11.057,49.473412100192725,3.9736673231007225
mp-75,Nb,172.05,25.854,198.18721172177817,66.18069408802295
mp-90,Cr,233.652,76.972,276.29333265485883,113.09535893070856
mp-91,W,302.264,148.152,325.40729430526386,133.70777160779036
mp-95,Sr,12.611,7.209,17.77099903112782,-6.303851478233084
mp-998860,Al,70.361,48.263,77.84471719026524,-12.42774951125834
mp-998883,Ge,61.324,19.966,59.475450052352905,2.648822413735285
mp-998890,Cu,139.175,19.372,161.13731114266653,36.23015355478648
mp-11534,Np,166.958,112.037,240.0706535197367,63.7630070301727
mp-10021,Ga,55.429,46.698,50.939479645850696,10.295071688856751
mp-1009757,Se,21.351,4.74,41.71308444495449,158.91803091343107
mp-2351841,Si,82.314,205.333,103.82739476536987,23.637657870127917
mp-44,U,147.81,113.597,157.90338308611774,45.59661481396966
mp-567540,Ga,49.491,2.943,53.42893191060227,11.576737829415908
mp-64,Ce,44.169,32.576,36.92127035150529,26.592278992977516
mp-1079020,Ge,61.934,17.699,59.0891684701127,11.87939310560925
mp-142,Ga,50.024,30.01,54.94922406437696,19.559011483041143
mp-1546032,Hg,6.181,3.265,5.028830602016042,1.9758207073869
mp-157,P,20.688,12.609,82.6773879980021,52.31489706100341
mp-23153,I,4.837,3.174,11.7307683629729,5.083806655569944
mp-23154,Br,4.11,2.895,16.446099089827566,7.388728212012764
mp-1008374,C,311.565,215.557,353.7339920948004,288.35865987000244
mp-9924,Te,19.866,13.84,30.939921099049428,14.028138423419094
mp-568286,C,118.035,88.909,127.37741517192217,100.96166286560766
mp-109,Si,96.905,70.562,121.80250124569169,54.04226461529867
mp-937760,C,118.816,91.861,128.4357974326561,101.27611026157275
mp-1077723,Zr,88.774,28.123,100.27959654546794,20.89151703195327
mp-137,Ge,53.667,42.715,67.98929930222177,31.27558321367099
mp-20466,Sn7Ir5,135.271,57.92,154.247417886804,69.77283802421788
mp-7591,GeAs,68.076,36.685,78.46565552488097,35.39728866634922
mp-2637304,Al2O3,89.312,49.715,153.35221285903205,91.8325365380022
mp-567345,NbRh,217.831,60.562,243.56979606244968,73.12171768106091
mp-569073,LiSn,34.696,19.881,40.76111141129495,16.26809583241669
mp-1019086,CN2,84.186,92.215,229.20890160801108,232.86551358807023
mp-20683,Cu3Se2,73.545,16.086,97.30807952393072,36.64749221342204
mp-239,BaS3,33.079,19.508,55.156773578228936,26.74950278422576
mp-1936,TaAs,175.774,92.363,194.7484781783012,106.4084615371532
mp-2059,NbAs,161.259,85.622,173.00838367597524,95.7451764279068
mp-28978,Ba2S3,33.026,13.188,49.42616221982733,23.06780424107074
mp-9339,NbP,185.947,104.288,202.07558506940956,122.2857749406153
mp-28056,P2Rh3,209.142,60.797,236.4260701615731,83.1658708682643
mp-570922,MgCl2,5.603,3.946,32.17639915410221,12.374964531495744
mp-632311,Ta2H,202.519,64.761,203.6268944503635,77.49803876104683
mp-23195,Bi2O3,20.242,25.082,114.71308584231396,52.09989579823819
mp-27519,SeO3,5.11,3.287,91.83161196725172,56.73060045580484
mp-20191,Si3Ru2,200.155,115.548,232.2638855971365,138.41320440484844
mp-680677,Sn3Ru2,125.829,58.454,150.7887931155155,70.77016864075459
mp-1048,TiNi,146.751,40.28,167.4776766042896,53.83519728009707
mp-10636,SrSb2,29.551,13.043,44.870837810302405,22.418453430966423
mp-12700,NbPt3,249.254,101.745,286.2712853278566,103.3548764646404
mp-1399,AlAu,92.438,26.205,114.05511393786796,29.836714569180135
mp-15622,HfSe3,14.39,10.616,91.66332429964145,44.87915222442204
mp-1627,Mo2S3,98.313,62.627,180.88177127022792,92.93167248149452
mp-1683,ZrSe3,15.158,11.664,86.81105063337048,41.00547095231119
mp-2025704,Ag2S,9.903,6.9190000000000005,47.410528076513096,22.99477351987776
mp-2089,ZrTe3,19.908,10.753,69.61891705200897,34.01783598277156
mp-2234,Er2S3,69.36,33.204,87.39201372769313,44.1436577878043
mp-2330,Nb2Se3,68.479,42.182,129.10050353503465,64.86148437538864
mp-2475638,LiBe,34.988,27.752,54.307692800402044,41.35747029961892
mp-29652,TaSe3,19.248,13.686,107.30888908854143,53.79470258682818
mp-29661,Si5Pt6,180.761,70.297,205.50572627732592,70.35797829752397
mp-30768,Li7Sn3,30.336,23.766,37.19842353349084,16.617821947999538
mp-368,P2O3,2.982,0.877,93.3641085340383,63.18626905798952
mp-541289,Y2S3,65.707,30.591,83.62332474562442,40.95489624979628
mp-568792,Si5Rh4,181.55,90.151,219.2494891677455,98.0918209866736
mp-571279,ZrI2,10.245,7.71,51.73355687344783,31.03386870596662
mp-624668,BaSb2,28.581,15.19,37.88520045362847,17.76485851944334
mp-684679,Sb6O13,119.442,70.699,166.89703103642634,94.44393559210988
mp-7459,Te2Mo,18.341,10.737,82.65621875300334,46.65912623433875
mp-7493,CaSb2,34.216,17.996,49.372654824640954,23.371232820777237
mp-775907,Y2O3,128.193,63.43,164.8689230277653,88.36808566897368
mp-776456,Ti2O3,206.646,108.773,243.5916883644876,110.2554802126003
mp-9850,DyP5,66.326,42.871,95.61790178243174,56.10156465381263
mp-9853,LuP5,68.608,46.754,97.66809776766578,58.372703294003514
mp-9920,TiS3,14.85,8.458,100.2009319581814,52.65547337879941
mp-9921,ZrS3,18.634,11.217,93.669632455584,48.026140527218175
mp-9922,HfS3,16.695,12.408,96.20269698224666,50.86204555125471
mp-9983,Ta2Se3,70.995,45.809,143.31274619677296,71.81340095783725
mp-1009818,CN2,397.571,291.21,435.62333505109115,320.759808494558
mp-2362466,GaAs,65.249,23.295,77.8817500657109,26.808666375539136
mp-632219,ZrH,112.984,169.416,119.73384951858267,45.00122167789806
mp-530074,B4C,219.382,186.743,247.0555381041252,224.9701288781881
mp-556788,SiO2,42.63,38.011,191.86688944935264,130.02080899363338
mp-632442,Al4C3,137.887,86.229,167.82418155457395,98.46104117315448
mp-633538,B9C,193.287,107.233,237.87837837738783,177.1425645543947
mp-676241,FeCl3,6.185,2.166,29.422423354241452,14.289457227170455
mp-684591,Al2O3,141.633,83.335,216.3682229346727,142.82574235420782
mp-752826,Al2O3,166.16,81.144,215.94049542338144,139.58551136985946
mp-32829,CuCl4,1.099,1.644,26.924378251927745,9.637034024489193
mp-33107,SF4,5.902,0.27,68.58753332441471,39.8049484012645
mp-10074,GeSe2,13.587,10.677,53.35380575132363,24.070470637403165
mp-1042098,TiS2,6.954,8.086,62.26065419450597,22.81980017447112
mp-1042127,BiS2,1.723,0.5760000000000001,58.71661810723869,15.481772349550676
mp-22909,ZnCl2,6.868,5.593,34.56960716450121,12.847286513939036
mp-546794,SiO2,35.06,33.443,162.3696558851638,84.30412127535195
mp-7582,GeS2,17.991,13.525,64.83562497759971,32.25158898795648
mp-7583,SiS2,27.416,18.786,72.46650900509623,39.50044562777313
mp-10048,GaAs,64.687,22.978,71.94422517721009,24.37323570178403
mp-1009223,NaAs,42.172,26.894,43.535515022125416,20.488368871301777
mp-1018140,MgNi,88.25,39.279,116.1080223655697,49.056116298841474
mp-1039124,MgCd,41.638,12.967,46.103146466948736,15.450347521547668
mp-1039141,MgAl,55.516,34.684,58.30791525001192,26.672318777950924
mp-1065811,SnO,87.558,47.731,97.53774886448524,38.78230748108883
mp-11359,Ga2Cu,70.807,30.62,90.1705608892507,31.598008299312873
mp-11470,Hg2Pt,82.793,25.105,103.15908607150774,27.76078546454903
mp-11841,CeAg,39.055,26.525,53.32580832330917,22.25038444410238
mp-11870,Hg2Rh,88.269,38.861,99.99316842237748,33.267096058408434
mp-1194,CdPt,139.891,49.526,161.78283888378607,46.79225962012812
mp-1235,TiIr,227.385,82.089,248.0814913904927,79.09170855249384
mp-1251,VRh,232.563,101.713,246.9665672067297,101.08710161955295
mp-12581,CdTe,34.687,5.92,50.13348818756514,15.021396193895116
mp-12794,Al2Cu,99.432,58.974,103.79049118381198,32.16159884706111
mp-1281,VIr,273.207,126.573,299.9623983832886,135.57475738617964
mp-1359,NbIr,258.818,109.754,279.1629729269867,102.32688515680616
mp-1526,TiHg,104.414,47.479,112.98501437252229,37.29090260101239
mp-1601,TaRu,253.312,75.517,272.95878649192883,60.59790807189744
mp-1652,ZnPd,140.545,58.525,151.43667280321455,40.43274899347707
mp-1670,MnPt,166.177,69.08,179.50820676039694,59.39467280210514
mp-1696,CdPd,111.855,45.078,124.47854892039904,32.267882302946354
mp-1953,TiAl,113.483,68.456,126.76788974471984,66.1742245266786
mp-1961,TiAg,98.421,40.299,119.4607998580354,27.299973894801457
mp-1963,NbRh,227.229,76.178,237.73030037458824,64.3146816841114
mp-19889,ThPb,68.606,58.614,87.15623239632129,28.255728382484556
mp-20034,CaPb,34.167,18.789,36.14137067673136,17.582265895365765
mp-20055,NpSb,70.61,31.362,74.81743557372899,21.7790350492526
mp-20738,FeSi2,185.12,124.055,201.5422951849683,118.47768890105662
mp-21098,UPb,58.263,16.258,74.17404113020997,35.145479654225966
mp-21468,PuIn,48.478,11.144,59.101968965520854,35.00942385231211
mp-2213,FeNi,184.902,87.323,196.3926664899361,75.83136304812226
mp-2260,FePt,200.39,92.583,229.90598461171209,86.61223183758773
mp-22924,NaBi,29.484,12.854,29.798745297301434,12.864576315756526
mp-2313,MgIn,38.92,14.062,43.940601015824775,14.604277390351486
mp-238,MnPd,131.6,42.263,147.06893626117923,45.94843205839822
mp-2556,TlSn,35.834,4.601,39.62400793878992,30.097069988858063
mp-2583,TiRh,187.501,51.647,206.2487545039827,38.43909202884547
mp-2673,YbPb,36.103,22.646,37.816755034528214,16.253357523385226
mp-2678,VPt,241.671,140.06,271.17064005550856,137.77674582768427
mp-2685,HgPd,114.745,38.262,128.76142555686317,31.272466089866796
mp-2728,MnIr,265.335,186.427,254.07829067391535,154.95337380049702
mp-2767,TiGa,116.187,80.336,124.27043619898564,50.28889431093746
mp-2806,YbSn,41.231,27.276,45.270866938493704,22.03889317382384
mp-2831,FePd,168.069,77.686,191.7654423355444,63.512716001629904
mp-429,ZnNi,144.695,62.202,164.96339457700395,45.44220108849898
mp-432,NbRu,234.476,50.729,249.8284007412528,45.29281517697208
mp-522,CuAu,138.201,31.3,151.01026238879714,43.253905218192294
mp-554355,CaF2,76.358,35.479,84.14447684078485,37.2303722957788
mp-570199,Ti3Pd5,160.452,43.074,177.50489256494106,37.95438722770589
mp-581833,RbN3,16.297,8.126,51.08484155882092,29.27677216448418
mp-601820,Fe3Co,182.283,94.289,210.13475214393145,105.64161969379172
mp-601848,Fe11Co5,193.849,98.488,205.7524445606821,108.11604853036518
mp-623,HgPt,143.364,27.186,162.04327633226256,29.693800201211424
mp-634965,NbO,129.596,69.155,138.1154149369492,58.4952869633452
mp-641526,Fe13Co3,170.181,82.143,198.73305965641296,100.34682582268546
mp-672265,Cu3Pd,152.324,65.218,171.92753114103394,54.07508953806485
mp-758104,Mn11Pd21,142.138,56.025,158.50040263449196,53.39455633214371
mp-771,MnAl,122.529,80.027,119.86761835688527,62.37190898568478
mp-7754,Si2Ru,173.191,94.85,209.82398302453683,105.86150913727052
mp-894,ZnPt,174.196,64.5,189.90223150840424,50.693623541760495
mp-945,NiPt,216.646,93.38,245.63776514339395,91.40023761600384
mp-949,CoPt,218.25,108.106,235.0327847934477,110.13648802584125
mp-985281,CsIr,44.499,15.369,47.511846850482456,23.084674105407856
mp-985825,Al3Cu,64.012,67.864,107.2582100973394,38.6395616787078
mp-988939,AlAs,59.005,20.016,82.40985034053035,21.966142621901316
mp-999542,MnFe3,195.98,93.423,232.50209051312456,98.0417261151358
mp-20196,NbTe4,32.222,20.449,79.21212027297852,18.848427127437283
mp-22817,TaTe4,32.198,20.271,74.61262457444752,4.852892601632166
mp-1025067,ReGe2,157.22,96.466,198.2702170131816,106.5993753235561
mp-1028,V3Te4,49.227,32.562,53.522551582773104,34.016623610813724
mp-1038767,MgCd,41.755,20.186,46.22090303325589,17.709571197410366
mp-1064272,NaN3,5.642,3.789,40.94915180267442,20.584042423571
mp-1064715,NaN3,88.221,50.804,92.10404137014972,52.19478716632621
mp-1081,V3S4,97.046,70.615,141.21959854838093,88.91728253672709
mp-11329,P2W,189.376,116.307,224.558186298882,145.29632752601336
mp-1147,Ti3O5,170.755,76.573,235.4450451491361,104.04368069940033
mp-11675,NbTe2,28.028,19.583,83.05065939405289,36.973048367238455
mp-11687,VTe2,25.137,17.848,58.151888631401064,28.60582054543526
mp-11690,Tc2P3,185.303,131.667,230.69500907516817,151.30766543156878
mp-11696,As3W2,134.969,76.425,207.13003491013768,98.76918513000956
mp-11697,TaSb2,101.369,72.515,126.3980069132164,68.23172727152193
mp-11800,Co3Se4,91.783,41.97,127.4870712453326,52.82558568781778
mp-1203,TiO,195.566,107.51,229.4915462080925,97.78589576078409
mp-12561,TaAs2,133.144,96.926,159.09876094975624,87.47567498306732
mp-13363,SiPt3,203.951,59.761,248.15641623633,69.59107658415768
mp-13447,Zn13Rh,88.419,40.635,100.32696914275976,35.03155914360963
mp-1402363,MoN2,143.969,38.369,249.4380383105812,102.72422290411842
mp-1474,Re3P4,183.793,136.862,255.93173500836383,152.40405117746346
mp-1551,Te2Ir,87.362,47.591,115.0906513512354,52.61290736514667
mp-15669,Ti3Te4,52.172,34.865,80.50038492111679,41.5616181742876
mp-1595,Nb2O5,135.559,49.941,220.48637104214032,97.14482012656106
mp-1722,Zn13Fe,83.349,42.179,94.20006530035084,37.05401015786811
mp-1745,Sm2O3,133.404,55.025,156.19209845157098,79.09671836283775
mp-1969,NbSb2,96.221,69.318,127.3139587910585,73.51703240189191
mp-20174,Ni3Sn4,96.833,50.419,119.35286090066629,50.90635870579942
mp-2036706,TiCl3,6.83,4.9190000000000005,46.413783200370446,20.95604255435583
mp-21237,CoGe,156.743,83.056,183.28797252647485,83.78464158157072
mp-22510,FeGe,136.965,76.238,141.72230184455003,69.97196623631625
mp-22700,V3Se4,80.248,53.787,95.79784888294398,61.35572970953321
mp-22853,MoCl3,12.057,8.227,62.89117199284354,32.09878219716483
mp-2353328,ZrCl3,7.86,4.879,58.96425146929919,26.434881608551628
mp-2360071,CuBr2,12.606,5.1,28.416703270109227,9.98909856877748
mp-2460,Er2O3,152.954,69.138,177.18255019419064,94.96006375097735
mp-2500,AlCu,112.579,68.61,134.18578846762088,57.52267906663825
mp-2512,AsPd5,151.799,44.754,178.303706891796,52.470208783866504
mp-25469,AlCl3,10.009,6.716,54.32977336744624,27.732244886761695
mp-2659,LiN3,35.899,18.796,87.67980751951283,54.4605723671037
mp-27194,SnI2,9.95,1.628,25.184229386109827,12.814294105002793
mp-2733,Al8Mo3,142.751,104.805,150.45277637120702,77.60111192165027
mp-27455,YCl3,5.717,3.334,39.08286850840573,16.069158183111753
mp-2760,Nb6C5,235.464,160.992,304.02608845848283,162.10645374262234
mp-27630,CrCl3,10.055,7.434,52.419726955086055,31.266370785417116
mp-27666,IrCl3,12.169,6.513,74.49986549422638,35.29548263857674
mp-27678,Y2Cl3,15.328,11.944,60.02614730069675,29.92561235612771
mp-27793,Nb2Se,119.719,57.905,164.36849975722666,69.4618460447295
mp-2780,Fe3Se4,85.127,32.298,94.16455572287762,48.66342780262545
mp-27840,Cr3Se4,59.625,34.015,80.18892379729057,41.414537509967495
mp-2793,AuSe,9.015,6.012,43.717382663639384,20.708973138065794
mp-2925199,NaN3,5.959,144.08,35.77207563879117,12.5507381932902
mp-29973,SrN,39.109,25.771,66.25328751783319,39.63262235806051
mp-30410,Mn2Au5,127.572,32.116,142.44988204596498,34.90034526054801
mp-30952,GaCl3,0.919,0.772,28.247438683247665,14.199624060153996
mp-30999,CuCl2,6.14,4.404,28.519828773409067,12.07598639530414
mp-31404,Mg5Si6,47.255,20.315,67.66801865541926,23.915545977896805
mp-31467,Ga3Pd7,150.991,50.274,174.4348245964883,53.70742640131218
mp-32679,Nb10C7,226.442,133.288,286.5366000365294,146.88260482440313
mp-484,Te3As2,15.222,11.435,55.7205426308578,25.124075938005703
mp-542812,GaTe,9.638,7.349,51.6613791179041,25.17243462780319
mp-554278,TiO2,180.571,60.573,220.96422896828912,105.05816878253316
mp-556253,Tm2O3,155.798,71.182,180.59189348824145,98.77170453155672
mp-558573,Y2O3,142.737,62.537,166.2536275795351,87.3440693126994
mp-567929,Al13Os4,147.4,78.001,165.0227805416472,88.27051392397127
mp-568018,RbSb2,13.935,6.536,29.94169533274399,13.827848619962216
mp-568172,Ca3N2,68.719,30.316,81.09218901456397,45.19891039674041
mp-568306,Mg5Si6,62.938,23.069,74.68134104836055,27.38285483412931
mp-568388,BiI,3.863,2.127,34.99011178155282,10.769697313294566
mp-568404,Li9Al4,31.163,23.614,36.871207527487606,21.07425563399245
mp-568746,Bi2Pd,55.534,19.911,89.9315382857591,24.97658504797815
mp-570219,InBr3,5.717,3.834,35.23208551059888,13.613126203235783
mp-570538,NaN3,23.382,3.498,67.68730779289439,40.51075757930798
mp-571247,Al3Mo,135.713,98.633,144.85761329257767,73.37300746503712
mp-573,Ni3Se4,88.611,34.383,119.34745118941424,39.67189757294843
mp-580931,MgZn5,62.771,11.369,77.76329852360449,28.274926504372463
mp-601823,TaTe2,24.147,18.072,86.67121151366568,40.484586848307075
mp-642644,V2H,190.35,44.977,208.58029060416916,73.441711783836
mp-643084,Gd2O3,94.858,60.907,155.09055958101013,77.67332477667584
mp-684969,Sc2S3,55.493,38.964,88.62506332245867,46.18440623751497
mp-6950,BaSb3,27.116,16.98,44.15921927452579,19.08410458117467
mp-695850,CdCl2,7.855,5.381,40.69519998680597,12.35018473655525
mp-7048,Al2O3,186.365,102.826,227.920829755178,141.67628461348446
mp-754698,NbO2,160.143,48.466,230.5678628247288,97.94089918370314
mp-754812,Al2O3,128.947,53.564,189.8145707431441,118.76492310628603
mp-754815,YBr3,4.557,2.819,33.488036122544315,13.02334371661458
mp-755769,ZrO2,159.745,45.236,197.95985423201648,86.29039084686143
mp-758933,B8O,204.847,179.969,254.2849923562668,238.69634465840184
mp-7598,NbAs2,125.156,90.659,157.58044419009786,84.54339100282026
mp-766454,TiO2,155.372,65.111,221.21349861955372,112.87203997085338
mp-775935,ZrO2,127.742,50.589,180.43733063949415,83.18703876324138
mp-886,Ga2O3,155.545,70.553,199.71140270705897,100.88601325491643
mp-917,CaC2,57.644,24.134,85.66656108601521,43.26669444391876
mp-9254,Al2Te5,5.745,4.37,51.86556699344515,25.23533399476773
mp-9548,GeAs,20.046,15.662,62.48302056799093,36.69151483233495
mp-971673,BiS2,23.495,11.797,71.49899050531843,37.152800728255016
mp-973455,LiMg2,29.769,23.398,32.630406017735865,14.44002383236861
mp-975,SF6,5.548,1.734,101.25340777895974,79.25438529048638
mp-976262,LiMg,25.743,18.66,28.231524479333412,13.406681442572063
mp-976843,Li2Mg,20.847,15.238,24.305759199471783,9.926614603623769
mp-980663,Yb2Mg,21.912,6.47,20.556058152040528,13.334790836978597
mp-981252,YMg5,37.533,17.204,42.13888183012491,8.354857355099837
mp-9907,SrAs3,37.824,22.866,63.50644205029846,30.63661263374775
mp-9923,VP2,154.817,123.748,178.16235570057577,127.3562377016186
mp-995197,HC,12.473,2.536,89.74117305120618,68.39040097606572
mp-1104008,NdGa6,60.633,45.953,68.13643910489344,25.654013487334833
mp-21296,PtPb4,12.723,4.893,65.06867248064391,21.593992815945963
mp-2374583,SiO2,89.352,42.035,193.0828849918704,113.0669611123293
mp-644739,LaGa6,59.389,45.523,67.48108514274436,28.383085841972576
mp-10162,La3Si2,58.118,26.178,61.95775070881135,31.36215200789225
mp-1019055,ReN2,384.053,265.328,423.0943025459822,229.48261720218633
mp-11272,Be2Nb3,166.723,74.026,175.4538614658328,90.29308263864507
mp-11288,Ca3Hg2,30.44,10.343,34.02496265097842,14.948746466874892
mp-11393,Nb3Ga2,167.906,99.899,185.73251743376895,105.31248883566464
mp-20405,V2Ga5,113.09,78.828,130.5602299608418,76.91540972612741
mp-20689,Nb3B2,241.544,170.502,259.23241190789514,159.09975521798293
mp-2091,V3B2,257.602,199.016,281.8187622789251,200.7195103207615
mp-2105,Hf3Si2,143.703,95.21,154.60074198921848,96.82505757103542
mp-22050,Hf2In5,73.035,46.706,87.92025429704643,37.202614465051774
mp-2847,ErB4,180.963,137.339,200.31537697182392,162.70886599049965
mp-30670,Th3Ga2,74.25,24.825,77.9433788933432,30.956194628289143
mp-30684,Zr3Ga2,111.017,66.922,123.56388068251756,60.36735196541976
mp-30721,Hg5Pd2,68.584,10.762,88.16908969421384,18.74468955731057
mp-314,Th3Ge2,85.628,46.181,90.92629502669745,42.62095938587115
mp-571495,LuB4,181.742,127.875,202.2681809369257,163.1164849912678
mp-607111,AlPt3,218.746,77.711,248.03812522298813,82.11796901248019
mp-637,YB4,177.419,139.258,194.60090615231056,161.63115772329
mp-7283,LaB4,170.08,155.057,183.16441649235276,146.67441396002485
mp-7924,Li2Sn5,41.724,18.289,48.864399771330866,17.234897711828587
mp-976273,Hf3Ge2,133.921,84.987,145.69223140007512,89.12246718461002
mp-1007660,IrN,301.33,153.835,344.5184002508725,190.39066735944547
mp-1019097,SiC2,165.345,58.095,184.32931694999976,98.23604481844956
mp-1336,PdO,155.722,34.529,173.30826085675133,60.130561688502624
mp-1692,CuO,144.365,23.585,148.47662992108172,37.23120695899359
mp-2803876,AgO,102.564,11.556,103.8328036978496,17.367694329037047
mp-288,PtS,131.19,33.953,128.61210273406908,57.31516871303439
mp-690760,TiH,127.744,29.293,129.69016751240414,71.8190555480118
mp-697179,ZrH,119.121,24.169,132.49912132604936,-117.60942824603512
mp-999086,TcN,278.811,108.369,300.7039433570834,115.56396745882226
mp-999264,ReN,323.875,153.168,363.7255827463529,163.2464034052438
mp-999307,OsN,329.587,170.722,380.6028515891268,195.21250302890556
mp-759943,Al2O3,196.991,111.116,232.35800270044257,151.9533346755589
mp-726,SeO2,17.612,10.038,112.59817507873248,63.830661107144046
mp-1018721,HfO2,185.839,49.71,265.8035203056576,122.15299763386248
mp-2071,Zn3P2,64.514,34.222,75.23190368836856,34.78404872141677
mp-23192,HgI2,3.392,2.493,21.745023608713264,6.594464078784258
mp-2574,ZrO2,167.345,50.773,250.0429942654119,108.09808514141658
mp-567279,ZnCl2,6.478,5.067,39.16726380275554,15.18392105885311
mp-1001023,BeC2,81.201,44.943,85.13293507847527,46.40234754385227
mp-1014265,Zr2N,174.788,88.758,185.20947667134268,99.45468305458036
mp-1018664,CeO2,128.806,47.443,142.69538032699776,40.94673868742852
mp-1039208,Ca2Zn,22.911,6.963,19.80931398892884,9.347970575769567
mp-1058,PdF2,94.029,6.318,106.84477648625948,12.731704405937352
mp-1071541,YbBr2,28.836,9.471,29.24626554341475,13.959993697198689
mp-1077353,TiH2,156.801,90.2,92.8226932458019,-39.61625114945156
mp-1249,MgF2,92.21,51.311,102.06787403581826,54.003479257176565
mp-12875,ReO2,295.868,133.476,328.13387328807835,155.20110218341003
mp-16723,Y3Al2,59.161,33.73,65.45823058653735,34.343820024496914
mp-18167,Ca3Cd2,28.128,15.413,30.785639458967392,14.104745993381432
mp-18427,Nb2Al,159.974,82.863,179.2390811922245,81.71007289175695
mp-1873,ZnF2,94.832,35.487,108.9084175101223,37.29467814365575
mp-20725,PbO2,114.693,46.309,123.93748733295884,48.56160742348396
mp-20994,TaO2,255.403,113.66,276.66927927328516,127.7223610165734
mp-2237,TeO2,146.533,49.766,141.50646262083976,52.9211740667068
mp-22904,CaCl2,31.987,12.661,34.343964066581165,15.104850841570537
mp-23710,MgH2,49.554,36.195,55.44641483001278,35.938222238175015
mp-2533,NbO2,234.511,94.33,258.100506431548,113.67671728528109
mp-2657,TiO2,208.538,107.377,249.50893750032455,123.11900816743348
mp-2723,IrO2,269.435,106.561,294.2523627220321,132.87134422453815
mp-29771,MgC2,77.515,30.575,105.89152151638795,44.143898008346696
mp-470,GeO2,202.915,130.151,235.1099721605517,136.54998095355032
mp-558928,KrF2,5.35,2.596,24.558396373674576,15.972196886869934
mp-570232,TbCl3,12.883,8.631,44.35146926371664,20.105129287851184
mp-571166,CaBr2,25.73,10.446,28.5502687445483,12.50448542696118
mp-636368,Ga3Fe,102.587,66.476,113.37345222979644,61.10033449864138
mp-639874,Ta2Al,161.55,54.621,181.4483865893699,64.42161736239403
mp-644607,CO2,4.674,2.184,57.12096475470495,35.291872981726335
mp-6947,SiO2,272.328,201.767,316.15649201568857,224.4908787833075
mp-725,RhO2,234.909,100.944,252.1003264878169,113.12964300650953
mp-7599,BeO,195.52,131.584,216.69164388213704,157.39233188215738
mp-775909,ZrO2,194.576,92.442,214.4243826511962,94.09885959302048
mp-776532,HfO2,211.548,106.112,234.6232416425636,109.75528932837818
mp-825,RuO2,252.231,96.302,267.90146276873526,121.35852764223743
mp-8282,Ti2N,203.884,120.619,223.19501792400777,147.7234638317153
mp-8462,Hf3Al2,116.6,68.275,126.59464758978432,65.47888374688328
mp-856,SnO2,171.933,87.385,192.18735943959015,88.87180720822728
mp-862565,ScBr2,37.721,20.383,40.04977913523577,22.981030249352152
mp-862601,RhI2,55.598,13.605,59.57500883073956,23.17211689360293
mp-862855,PaO2,141.582,50.388,142.4260916668192,43.59411697722941
mp-862868,PbBr2,24.977,7.332,24.85546307455389,10.679875032553344
mp-862871,PbCl2,29.472,8.309,29.95466972606309,10.959408071213328
mp-863764,TeBr2,2.772,1.687,16.146001849658486,2.2027857166783527
mp-864616,ICl2,4.924,2.24,11.163263440575694,0.3465143856011641
mp-864641,HoCl2,45.439,20.537,54.4760502986409,22.30231832060326
mp-864647,Hf2N,194.409,146.294,207.29415496116144,115.47356831847266
mp-865534,YBr2,35.495,15.633,40.805736608790006,17.97916766379847
mp-865716,YbCl2,36.225,14.586,40.77969660001658,17.162361849383778
mp-865934,YbF2,81.712,26.713,85.13190146784765,28.486265892427916
mp-867259,RhCl2,76.882,24.906,82.51643339960135,29.98894682079879
mp-978846,SnI2,20.719,6.9190000000000005,19.23390173342391,10.156377640799464
mp-982734,WN2,265.886,131.508,326.29558334799435,166.47210212294084
mp-996,OsO2,281.2,103.408,301.08757110134337,132.8255885148953
mp-27725,AuI,2.167,2.17,19.69777401244035,10.064890968566615
mp-616575,MnB,173.805,61.398,184.9533113260316,115.35661685988887
mp-10155,P2Ir,193.222,129.322,222.8608833055258,132.90886791752595
mp-1106184,MnB4,274.672,239.029,313.10654941974246,252.5550585616436
mp-1180046,NiS2,12.339,26.828,45.92650102608371,25.154480503113128
mp-1182259,BaO2,46.552,16.064,60.50843765882769,26.563251355739883
mp-1229,CuF2,66.947,26.442,96.51577725836732,28.81612883862191
mp-1247,Sb2Ir,117.399,72.314,139.90222193229155,72.36628828371384
mp-14285,CoP2,164.337,122.955,187.02508828674883,114.3654614658834
mp-15178,Lu4C7,128.084,76.958,163.65774299747486,106.11830959570182
mp-15649,As2Ir,152.046,96.953,182.1674287093206,98.8403255205198
mp-1581,As2O3,9.944,8.605,96.33693240706268,51.31717954297417
mp-1592,Ag2Te,52.909,14.653,63.21230307492906,16.367237784964857
mp-15953,P2Rh,164.999,106.028,196.2718796196495,105.74787050249236
mp-15954,As2Rh,134.441,78.547,151.4864482099075,78.81895044842807
mp-16488,Al9Co2,107.487,72.22,122.49277662577896,59.33643448044008
mp-22652,FeS,154.674,36.714,158.8200851625939,100.991071076632
mp-2287,SiRh,184.478,90.948,239.24806465072925,104.20879707280857
mp-23217,Bi2Rh,82.795,36.378,103.34083877642075,40.163349506815955
mp-23261,I2O5,17.477,14.793,118.61366803275898,62.52810995005661
mp-23262,Bi2O3,53.426,30.036,131.56975750640234,57.079061856061735
mp-23288,AlBr3,0.983,0.38,24.690903087542026,13.954256508411246
mp-2682,Sb2Rh,104.082,59.183,131.2573046826119,64.36194450603182
mp-2715,CoAs2,121.796,90.498,152.46712729940242,85.34666805930082
mp-27164,FeP4,136.947,112.471,155.07739785718397,103.55081974384863
mp-2831849,RhN2,213.938,108.263,296.85149727692783,134.4023619869474
mp-28391,SiCl4,0.521,0.163,36.99110710803073,20.98430153939894
mp-2858,ZrO2,183.109,85.963,232.93046984012864,106.94385017670582
mp-2913080,BiBr3,3.53,1.748,30.794019061133778,10.891289205446418
mp-30930,AlI3,1.042,0.713,19.02794763071312,8.514197016726357
mp-30953,GaBr3,0.727,1.064,24.623290715857443,10.578553394713838
mp-30954,GaI3,1.125,0.757,18.004041065990144,8.22127972762288
mp-33137,TcO2,255.97,111.765,301.25842013928025,147.68206274535208
mp-352,HfO2,204.904,100.522,252.9610912501243,123.89442406789485
mp-384,MgP4,57.463,37.098,81.53662835772181,46.61792458676386
mp-415,IrN2,339.595,206.661,404.6538955321791,225.57066448172873
mp-430,TiO2,157.994,88.246,259.7649589681624,114.23551965123812
mp-542570,AsSe,1.962,0.987,48.046553979545806,25.014612683162863
mp-542738,SN,2.832,1.739,73.36795479887867,53.81642207257867
mp-558149,BF3,5.472,3.883,80.40746564270408,44.12870356805709
mp-570707,NdSe2,65.98,36.511,82.47440633817608,33.392919610595655
mp-571264,Ca5Au4,41.626,15.392,47.21436089588,22.13012113156972
mp-641,As2S3,5.969,3.185,50.72075020392616,21.967252449645866
mp-669426,SiO2,18.076,35.939,173.79439952687238,104.08650128038045
mp-7262,ZnAs2,51.454,29.777,64.81073723137959,32.53963822792846
mp-754531,Al2O3,106.927,57.732,191.61712880087833,122.71341942225595
mp-755,CoSb2,98.829,63.743,114.04966005891296,60.68249808246282
mp-755066,Al2O3,182.223,84.014,223.5170053550412,139.64371341053956
mp-769096,MnP4,117.205,89.323,133.4507960058366,106.80020859455114
mp-775,Er5Si4,77.6,43.758,91.17063234695468,52.74271817746186
mp-7904,CdP4,55.424,28.159,83.66657500037775,38.85290937052855
mp-8200,AgP2,63.049,25.878,94.38514450792069,42.138687339867545
mp-909,As2Se3,7.518,4.43,53.00619634849603,26.045528609534376
mp-927,CuP2,87.682,51.586,110.6464736422645,51.589216416939585
mp-9588,LiP,41.365,26.861,57.647305309944,23.80325191688986
mp-1032,Ta2B,248.908,179.27,269.94759844450067,156.42145249893704
mp-1052023,Mg2Cu,59.925,25.405,64.30200558991477,31.2191656201364
mp-1072181,FeSb2,65.924,24.115,86.6865773253427,28.79186541387441
mp-1113,BW2,329.552,157.907,362.7583052348403,154.69524855425516
mp-11278,Ta2Be,185.869,111.426,202.38714321973237,106.34345369632422
mp-1159,Zr2Fe,123.018,31.901,130.52777582852215,48.02436262444681
mp-12772,Hf2Al,111.173,53.8,114.76660583623732,64.9565203280093
mp-12773,Zr2Al,97.792,41.265,101.8007380387114,55.24572658409802
mp-1278,Zr2Si,127.293,86.698,138.66675259577588,87.33559108079086
mp-13208,Mg2Pt,70.693,36.113,90.59765555140991,39.674483631798694
mp-1332,Si3Mo5,240.773,121.292,259.1663564911363,110.28040450593132
mp-15617,Cr5B3,290.926,196.282,325.78370268858225,192.28142261094257
mp-15809,Cr2B,292.013,188.047,323.40931046580073,173.78395928394974
mp-16370,Th2Ge,80.239,41.432,82.1709341904417,35.708086005242414
mp-16724,Zr5Al3,101.787,44.441,108.7689541651943,58.640321344805066
mp-1836,TlSe,20.394,9.644,44.40957716909804,17.127740365414844
mp-1841,SiIr3,298.389,102.452,327.2378321725101,120.3122534998752
mp-1867,Ta2Ni,228.033,83.263,240.32816668131088,82.54685966223268
mp-1915,Fe2B,220.866,140.537,239.018871161692,140.19337326087862
mp-1989,Ta5Si3,215.33,131.92,235.4413397621093,131.17999461587726
mp-19974,In2Ag,42.934,15.587,56.29719898480933,15.906776750216016
mp-20086,MnSn2,66.375,50.437,78.31670430527545,49.44259294613913
mp-20155,CoSn2,103.565,55.693,112.65849069559032,50.37430933405472
mp-20318,Mn2B,301.039,168.637,313.6514699642279,163.85777232391428
mp-20320,InTe,14.809,12.459,42.14235752611634,17.710327694015987
mp-20599,PdPb2,65.662,17.014,73.34064913475332,20.85251407729609
mp-21108,U6Fe,145.539,9.664,150.99299985685505,30.832701950881525
mp-21117,FeGe2,117.621,74.651,139.80671004869092,75.08855013022576
mp-21318,PtPb2,74.915,19.891,82.92682334701252,20.266952794601213
mp-2150,BaTe2,28.302,14.972,30.9156050146544,13.87739742904489
mp-2233,Th2Ag,71.978,24.919,76.87875392618321,26.41777768445015
mp-22752,FeSn2,80.683,60.881,98.003361564749,53.69907375332828
mp-23180,In5Bi3,36.164,8.227,42.87081356294351,11.958806543557795
mp-2501,BMo2,293.327,147.601,320.42360265906063,135.75486542738673
mp-2536,Ni2B,238.119,98.426,280.8619662335135,114.17232086022746
mp-2666,CrSb2,82.324,35.331,70.73950147368747,33.686028701135534
mp-2783,Ta2Si,214.601,108.228,231.8280179372871,129.60028729985072
mp-2786,Ca5Zn3,27.439,11.457,28.953873099878138,15.635946047214397
mp-2851,VSb2,99.681,47.367,116.37863513068226,56.19403454925349
mp-30371,Cd5Au3,73.514,11.916,90.87504534097634,21.67271811228262
mp-30571,Tl2Au,38.126,8.532,41.642697617833264,9.36243733336662
mp-30572,Hf2Ga,119.01,63.266,125.12561864481212,71.62693390949414
mp-31172,Ca5Ag3,30.043,12.638,33.454527678557746,16.33793054741316
mp-31219,Si3W5,267.109,121.199,293.3508020860493,112.18674083970669
mp-321,RhPb2,80.123,28.256,91.53551200888974,29.297528854339458
mp-322,TlS,23.073,10.224,44.93331988479506,19.81423112632481
mp-328,Zr2Ni,117.807,20.086,134.1156055635884,39.47015986049342
mp-510219,Sn2Ru,117.026,63.673,138.54762965657713,57.06770701177019
mp-510557,CsN3,15.276,7.301,45.45946020495206,21.870240175192507
mp-565,Sn2Rh,107.752,50.824,123.16737104410822,48.411400370448334
mp-567735,Nd5Si3,55.178,28.511,67.87601368690382,36.17417830875303
mp-567996,Nb5Si3,192.916,107.54,218.55695005423,120.01606299569865
mp-568,TiSb2,89.181,54.473,98.09558475759378,46.94543540394441
mp-568411,Th2Ga,72.297,32.054,76.27828398871736,31.16459287802397
mp-568671,V5Si3,193.107,121.043,217.36022086759309,126.2350355833713
mp-569833,Zr2Ga,107.034,55.298,113.04510454767198,59.79845755103776
mp-569837,Ti3Sb,109.29,59.1,118.74324803256184,63.93552378170098
mp-570287,Ta5Si3,210.57,114.096,239.64005931533623,133.42418116324356
mp-570293,Nb5Ga3,164.794,59.837,183.99285062651484,98.80888591105187
mp-570896,Tl2Pd,56.741,12.66,64.92529987481218,18.85409276893827
mp-571160,Tl2Pt,64.88,19.653,72.69000259995612,17.974690165174373
mp-571664,Zr2Rh,126.117,6.6850000000000005,144.86265358147114,38.19848925630416
mp-574,Ta2Co,213.632,78.733,243.2980595299007,81.59430283913771
mp-628,Zr2Co,110.323,23.228,133.3275543599955,39.870941252574696
mp-636056,KN3,4.298,4.717,35.76597659334958,4.755079646588511
mp-743,RbN3,17.987,9.539,51.79964462543262,28.972205493027047
mp-7506,Cr5Si3,224.113,131.374,245.55362193750724,134.17993782164547
mp-755435,Tl2Au,37.616,4.547,41.39998002362562,7.024123500911077
mp-793,Ca5Si3,40.597,26.846,47.260652061817865,28.000835236596217
mp-827,KN3,20.517,11.746,58.444526354678395,34.035116370523625
mp-861,Hf2Ni,140.732,19.409,150.7285704749035,48.95195763124524
mp-870,TlN3,19.737,8.923,54.32854531105088,26.301240883424622
mp-956,U3Si,141.244,69.262,158.71929149313033,50.0922547032504
mp-982261,PbSe2,44.759,18.15,56.42916693035392,17.070705594806107
mp-9938,Hf2Si,141.732,100.146,161.91114752722862,104.38770467188124
mp-9939,Hf2Ge,133.014,91.279,143.8208164741831,95.24560927222528
mp-998,Al2Cu,107.587,47.617,112.79787206723968,49.19600964885658
mp-1017540,ZrCd,79.118,28.439,90.08906973402672,26.915769636414502
mp-1017985,TiAg,102.455,28.597,116.3255824280282,31.845575226728982
mp-1018679,DyTe2,58.827,22.777,64.65146165559987,24.717379353686077
mp-1018683,DySe2,77.099,40.405,84.70670019587598,29.142049268809465
mp-1018692,ErTe2,59.579,21.657,64.65650107951012,24.591898867022884
mp-1018717,HfSb2,87.513,34.866,99.71729716553968,41.71359840297422
mp-1018728,HoSe2,77.657,40.426,85.24118608102971,29.052627371919836
mp-1018732,HoTe2,59.177,22.227,64.08197883006954,24.18069412855296
mp-1018751,LaS2,79.438,41.711,88.33655003546944,33.5571611723947
mp-1018940,PrSe2,69.96,36.5,81.50760824805268,33.08461691334913
mp-1019266,SmTe2,56.908,24.397,66.39356172998484,25.6438153468306
mp-1019324,TbTe2,58.632,23.413,64.64528818198917,24.443846675068276
mp-1025077,TbSe2,76.389,40.268,84.80550077244831,30.568202199584373
mp-11239,ZrAg,105.282,47.55,109.96767801062128,37.28781073664929
mp-13156,HfAg,114.117,45.823,122.8628807085983,44.956206179334536
mp-1329,LaTe2,52.576,26.802,62.49193067071994,22.65200031514203
mp-1825,Cu2Sb,79.248,34.066,111.51689956420238,28.162578183635205
mp-19921,PbO,15.634,10.522,68.43675668204804,27.924679945007323
mp-20311,FeSe,21.309,13.304,51.76355119588999,40.8301889515702
mp-20426,Fe2As,136.13,27.967,150.83693891509245,61.35801502792814
mp-20552,Cr2As,155.123,75.452,155.9332625306704,55.61326855574721
mp-20560,CeS,16.621,11.772,45.02524550462158,22.562399710878093
mp-20664,Mn2Sb,82.893,29.216,109.626131398618,55.723820977383994
mp-2078,TiCu,127.744,62.551,145.68703022204588,49.24941536223033
mp-2097,SnO,29.755,21.245,79.08250959096212,32.33218456390906
mp-21149,GdO2,156.341,93.602,164.80070621215293,58.43535459899402
mp-21273,FeTe,18.22,12.678,61.12139008812739,35.23087035136744
mp-22863,CuI,6.287,11.412,43.32111022181509,10.387000269746512
mp-22917,CuBr,5.964,5.924,49.45580791300856,15.92957149840962
mp-23313,InBi,31.715,13.341,42.884059855826266,7.0897879938471595
mp-2350391,PbS,6.9510000000000005,4.85,31.475909915170725,13.916649794382746
mp-2394167,VN,299.032,148.726,361.52986316905515,119.0254177968909
mp-2707,USb2,71.721,13.117,76.71466369122965,35.20745755085405
mp-27757,Be4B,138.194,144.093,156.65789706178913,136.13837322558578
mp-30500,TiCd,81.552,26.541,100.33280113800296,37.64431011070645
mp-413,UP2,118.372,68.706,126.13257741077588,72.08489922725353
mp-505531,FeS,27.657,17.295,128.46938299399105,83.36242340556505
mp-567809,AgI,5.005,1.812,29.58711455586072,7.387920873974226
mp-569679,ZnSe,8.299,5.361,43.28783761466222,16.12191184395067
mp-571033,NiSe,11.162,9.905,100.12719453901282,34.99145123927473
mp-571335,ThBi2,63.583,26.476,73.58136109799528,27.635780303488183
mp-580226,CuSe,25.895,6.978,92.40776524707596,31.00835437216731
mp-604908,CoSe,10.701,7.382,101.91618865694896,42.75832166307111
mp-604910,MnSe,22.494,13.087,83.60647575980781,46.76333710629381
mp-622570,Ti2Cu3,130.158,56.753,151.35840032317216,44.36241956325156
mp-7192,Sc2Sb,72.039,41.139,75.59630468230951,41.8960781235863
mp-7474,Cu2As,110.379,26.428,126.70212766792824,28.903706758938203
mp-7568,ThSb2,73.11,31.269,81.09090441342325,38.53734596316364
mp-7859,ZrS,116.09,48.599,152.1069450958978,56.781033766218904
mp-8732,Ta2Se,42.606,24.229,171.5723405273451,83.92875545290902
mp-8936,SnSe,5.698,5.736,25.05218956437635,11.557036740660951
mp-973750,LuTe2,60.626,19.562,65.27116800781552,24.266951193356793
mp-975652,PrTe2,54.837,25.001,63.518182761675234,23.831698310931586
mp-9978,ErSe2,78.653,40.498,86.17298141210989,27.29628788688777
mp-999133,TaPd,201.83,71.407,222.38002883596172,57.904413713962064
mp-999295,PrN,53.402,19.436,113.59682654124283,49.8809299274079
mp-1007664,InPd3,143.481,47.548,158.33611885881152,40.07010553760886
mp-1007855,FeNi3,193.048,95.457,216.62470203869375,86.54587718065338
mp-1007923,CrNi3,196.281,105.884,224.0254995623832,105.169741833033
mp-1008617,YbAg2,51.549,17.035,54.36609688055477,14.16050299112194
mp-1008682,TiS2,60.041,32.196,105.26937061093984,47.710196038211336
mp-1008806,ReC2,356.799,90.421,421.9834290243827,231.2988815375481
mp-1008860,NbS2,32.808,25.033,114.1870004180964,60.45189628393708
mp-1009238,Hf2Tl,102.866,5.866,102.5250893669221,21.649886674947247
mp-1009657,CaN2,82.688,39.226,109.30572506814492,49.39920860522063
mp-1009834,Al2Ru,168.314,122.506,191.45714010835027,111.83682197498337
mp-10106,Ca2As,37.761,29.961,40.668413578012675,23.941332657693696
mp-1011375,CeSe2,53.95,48.227,69.51852000612419,35.47306495292247
mp-1014229,Ti2Zn,112.106,50.566,114.80539558971236,39.26170441463978
mp-1014231,Hf2Zn,109.609,58.908,119.02377438591108,20.924196553654884
mp-1014303,Cr3N2,162.71,139.586,295.92810821887014,105.46026626686528
mp-1017511,Cr3Fe,284.19,37.134,249.31917693425433,65.40906047984028
mp-1018102,ZrPd2,145.885,40.853,169.92606724885027,47.52235218368778
mp-1018103,ZrAu2,140.699,23.112,153.6897148757556,44.52784651894252
mp-1018104,Zr2Cd,78.996,32.238,95.11767753849192,28.115204802664433
mp-1018121,TiPd2,160.261,99.939,181.20409200383648,50.991381914610706
mp-1018123,TiAu2,147.433,25.114,163.85641203781233,46.21256959922999
mp-1018124,Ti2Rh,162.15,84.389,180.622676385946,53.86408921683407
mp-1018128,ScAg2,88.836,36.624,91.41004100394257,27.43409853308932
mp-1018148,ScAu2,117.569,46.472,128.43585713729817,39.77732568235907
mp-1018149,ScCu2,101.63,42.846,104.48600755678224,35.485161446355846
mp-1018153,HfAu2,152.12,13.529,168.88528640437465,50.44857412283904
mp-1018154,Hf2Hg,111.5,44.974,116.93352962966506,22.95047767913026
mp-1018166,AlTc2,224.534,119.613,266.8987008307351,97.2765758803113
mp-1018179,AlAu2,127.617,25.387,140.06655682536612,21.834759018036124
mp-10201,Ge2Mo,171.888,138.022,185.7840350870973,133.0122452130441
mp-1022728,Cu3O2,112.469,36.808,129.78963619981693,43.64370449460469
mp-1038916,MgAl3,65.112,27.355,68.10251114615399,26.842353107556175
mp-1039229,Ca3Zn,19.475,11.541,19.283191616310702,10.942135889005774
mp-1039293,Mg3Cd,38.235,12.876,41.763409774291645,18.163607238123276
mp-10564,SrN2,68.626,34.11,96.05554504591451,49.36022726954414
mp-10909,AlRe2,244.694,139.655,304.5537719337113,111.355538026574
mp-1100,YbC2,64.179,8.69,95.66326047153235,46.9206648813816
mp-1105,BaO2,65.16,35.973,82.98623157176787,42.967170014648985
mp-11252,MnAu2,121.429,28.325,137.42060874089287,27.4082790865395
mp-11299,Cd2Hg,37.856,13.28,33.59695655410311,7.330401502038977
mp-1135,NbPd3,197.625,82.517,212.56272067860604,72.28797485792437
mp-11387,HfGa3,100.608,71.102,106.25807011290333,38.41228645306034
mp-11416,TaGa3,125.826,77.813,133.99916225583843,24.92576024815847
mp-11454,Hf2Pd,136.094,56.325,146.21969521924115,39.41427456136877
mp-11464,MgHg2,40.223,14.936,41.60828654417808,7.381418024445645
mp-11513,NbNi3,197.229,90.468,233.62838464738124,89.91712273223978
mp-11567,ScZn12,81.144,49.667,98.38432267293878,37.992064121715
mp-1157,TaNi2,213.178,85.348,228.88846346619664,70.31742639040296
mp-12105,RbO2,20.844,7.798,32.93730087226905,17.565693622495985
mp-12605,ReSi2,222.923,120.031,239.1845556522939,124.34073347101784
mp-12693,Mg2Rh,63.8,43.121,91.73283807257458,44.16486077842271
mp-12742,MgPd3,129.074,40.626,140.33954111927076,45.3369019657314
mp-12761,BeAu2,137.288,27.364,161.42365066095766,36.735599660368344
mp-12764,SmC2,106.514,37.163,138.36753909683532,59.203527173833955
mp-12765,GdC2,82.475,40.245,135.2920628505477,57.01551024549626
mp-12857,Mn3N2,203.771,71.803,200.1159873977613,99.67298448506082
mp-1299,SiPt2,206.108,65.451,232.1504526694299,67.17074283537785
mp-13155,Hf2Ag,111.1,49.936,118.63642573401724,29.173445110231633
mp-13164,Ti2Pd,141.684,64.242,156.1722355520999,47.138805123815395
mp-13452,BePd2,166.194,67.77,192.0287866219073,69.21414492608075
mp-13498,Tb2Mg,39.124,15.539,42.67999836952314,15.404239192186298
mp-1380,Zn3Ru,135.455,55.505,149.41037813923705,43.01046481710433
mp-1416,NbF4,33.398,27.791,142.86174065043892,52.05823392407472
mp-1423,HoC2,117.335,42.118,153.0919256466424,62.07135597144925
mp-1441,CsO2,18.38,4.644,32.82362462631397,15.442635811796173
mp-15624,Sr2Sb,27.607,19.874,28.55539921124176,16.296125667546224
mp-15697,Sr2As,31.995,22.573,30.896424721772533,18.340107338969105
mp-1579,ErC2,120.452,44.098,155.87562361818934,63.58950749499826
mp-1590,Be12Cr,179.312,70.648,134.79533662517426,139.88523786405943
mp-1620,Si2W,219.443,189.139,230.9738003356283,168.78023535018937
mp-16521,Al3Os2,202.423,117.084,229.30439837471064,109.87003226604337
mp-1668,YbAu2,68.738,16.578,80.54216701717925,19.715637371412985
mp-1699,AlCr2,183.355,102.319,213.42012019247335,113.8245242156171
mp-171,VNi3,217.129,101.539,240.6422805803451,105.26837545102434
mp-1749,CaAl4,56.287,6.588,64.0341559938251,28.995958364698662
mp-1827,SrGa4,48.048,23.313,56.368035039513245,24.813951995760632
mp-1834,NdAl4,70.958,21.595,75.52812519573095,35.503051442925724
mp-1842,NbAl3,126.155,103.51,135.10766642404585,63.910467620455265
mp-1866,KO2,24.246,9.593,38.709235169933486,17.96071387921751
mp-1879,SmS,17.244,55.552,49.95546436720252,23.58840110637619
mp-1891,SmAl4,72.01,18.401,77.03388709770886,36.43944276998683
mp-1903,BaAl4,50.737,29.625,62.51702265665513,30.23326332234636
mp-193,Zr2Cu,105.707,46.073,122.53370375375722,33.02249147718944
mp-1973,NbGa3,122.973,86.662,129.5440108618893,42.34071934243225
mp-1976,CaGa4,51.077,6.594,58.21111475521361,23.82139689897905
mp-1995,PrC2,97.481,36.052,128.0282825918192,56.03207397626657
mp-21109,LaAl4,70.525,25.994,72.80458490210512,32.86258896227979
mp-2119,TbC2,114.409,39.897,146.32913481278766,60.125994982181666
mp-2120,HoAg2,76.004,33.252,82.0304662305683,29.77292954665167
mp-2123,Nb3Au2,174.046,59.048,191.7352992181012,61.049666075902024
mp-21477,RbIn4,22.069,12.4,30.623078576831507,15.082023917923228
mp-2221,Zr2Ag,97.936,39.298,109.5492364094994,29.85599795798479
mp-22508,YMn12,138.221,87.231,205.0897267088067,91.66006954538692
mp-22687,BaIn4,33.333,16.521,43.08830435552032,16.621353932556712
mp-22859,HgI,10.38,4.529,20.78505099457761,7.344855944082267
mp-22897,HgCl,11.79,5.628,32.46003235432452,9.735283953120932
mp-2297,NdC2,101.733,37.086,130.01170472063168,56.760384404562814
mp-23177,HgBr,11.597,5.809,25.25494837194636,22.803715042505385
mp-23194,LaI2,10.546,8.796,32.91811721797296,18.017317509789304
mp-2348,Zr2Au,119.202,46.202,132.91415779131228,25.500103695000433
mp-2352325,HBr,9.513,5.496,9.54722613150438,6.45810052362106
mp-2367,LaC2,92.301,38.059,121.5037128791633,56.34920506252786
mp-24286,ZrH2,131.134,31.121,144.10532007654336,55.098246875015505
mp-24291,ThH2,88.564,12.304,89.90567809027753,21.720095137018117
mp-2466,ErAu2,103.81,43.716,113.20627996683623,40.20915803186638
mp-24726,TiH2,140.725,17.855,103.37982308627105,71.07398041002207
mp-2482,CaC2,56.56,15.017,79.66273848339962,38.93536543811592
mp-2486,UC2,173.368,76.295,222.84640189355892,102.09722536823588
mp-2554,Al3V,122.019,98.236,123.5492207125607,63.85601745199796
mp-2592,Si2Mo,205.746,180.217,222.8001087956604,164.09854471163422
mp-2614,HfAl3,106.503,83.451,114.51453929229348,60.80174615397402
mp-2618,DyAg2,74.554,32.809,80.24330254201449,28.827229377641093
mp-2630,SrC2,47.378,11.912,70.17002763298726,33.327875140628066
mp-2643,Ti3Cu4,132.608,57.91,150.1130551318031,45.866558555298006
mp-266,Zr2Pd,123.894,49.979,130.6878305469431,28.359766132583463
mp-2697,SrO2,71.147,44.189,98.31764684728311,52.259662200413096
mp-2705,VPt3,247.745,108.174,267.20838406368443,94.2330177709325
mp-2706,SnF4,36.861,31.729,123.8573427448946,54.578751722079886
mp-2731,TiGa3,97.756,73.321,104.40650196046312,37.161856147911166
mp-27668,Mg2Ga5,51.099,24.366,55.61170913552888,23.649610338777688
mp-2768,Ba2As,24.595,14.75,29.289224068702044,15.079173481620591
mp-27731,HfH2,146.977,37.678,172.44821319889937,64.70806971656191
mp-2775,SrAl4,54.006,19.453,63.89056681405573,31.56672531216472
mp-2839,CeC2,95.24,34.764,132.06260700899608,67.70764150338532
mp-28753,NdI2,2.392,9.017,37.009624022369024,20.433729421951845
mp-28919,Hf3Te2,37.225,23.847,90.45873535807507,49.65918349580023
mp-30339,ErAg2,77.336,34.07,83.38234901753654,30.749403822199348
mp-30358,TbAg2,72.426,29.94,78.35596435555314,27.700769303713816
mp-30383,Hf2Au,133.005,58.098,145.67191392022764,29.65108049214076
mp-30409,Mn2Au,107.796,40.081,118.88447426081125,57.7712978813689
mp-30488,CdHg2,30.017,10.68,22.51524632107845,-0.6284826972852965
mp-30501,Ti2Cd,89.283,29.006,112.74716580508247,48.5088218784496
mp-30581,Hf2Cu,123.959,54.412,135.80840095002475,42.692306106937785
mp-30599,Ti2Cu3,139.182,34.657,143.0495503355499,38.24407633065477
mp-30685,ZrGa3,97.364,72.855,95.5851944891701,36.69891152599904
mp-30836,TaPd3,210.488,86.887,229.84867712022427,84.1047097079289
mp-30852,TiPt8,240.535,86.388,276.3391944359129,86.22402580041872
mp-30883,V4Zn5,125.541,38.221,131.86417164836664,43.16625835327643
mp-30886,YZn12,79.823,54.123,91.2217205926219,38.54684320256839
mp-31138,MnPd3,146.973,53.987,172.06422789005046,60.965182678643544
mp-31178,DyAl3,72.759,52.022,74.57277191626838,41.317011496526646
mp-313,YC2,113.31,41.291,143.94701882310667,58.80264356607864
mp-31379,Zr2Sb,106.569,29.962,116.37111592052868,58.42091839445242
mp-323,LaF3,127.629,35.883,138.2866352341738,40.81898769614941
mp-32994,Hf4N3,225.032,97.549,263.0737362939514,149.4086672721328
mp-335,BaGa4,47.617,29.226,50.42579921361166,21.492475321599045
mp-341,PbF4,31.019,23.519,96.16224358666538,36.25997386230802
mp-395,ZrAl3,102.705,84.766,106.63764805599097,58.669536230331
mp-454,NaGa4,39.224,22.906,44.24947753411476,18.74762578151867
mp-541840,DyC2,117.411,41.047,149.9428469207705,60.94789681151696
mp-542595,Ge2W,170.049,131.74,204.4531909811909,131.79833192694147
mp-542915,TiAl3,106.208,86.395,111.71004026699742,55.75611233612697
mp-555,Fe8N,185.005,89.567,193.7429626930295,94.23213812215717
mp-560,TmAu2,105.164,45.148,114.7703186556636,40.74725847942512
mp-567842,TaBe12,136.248,146.834,152.10619523486028,140.2192490684448
mp-568069,Ti2Bi,75.979,24.038,93.25422502054413,29.04576374415273
mp-568718,HfAl3,106.136,83.347,112.81791868709377,56.950094202755025
mp-568827,Be12W,144.936,154.988,157.07189062990847,150.2635221937156
mp-568912,Be12Nb,134.036,144.017,149.78413067740513,136.76285005751762
mp-569167,Nb4N3,282.104,142.488,340.4907414224974,108.19103555512204
mp-569535,Ca2Bi,31.265,22.911,35.327465457865856,18.85396365993018
mp-570179,TbAu2,96.855,38.817,105.84805100842796,36.16434020547115
mp-570197,Bi2Pd,52.094,15.119,82.65928580735515,14.891318693934696
mp-570286,BiSe,3.452,2.447,27.045342572189888,5.425960448610166
mp-570491,TaNi3,221.34,97.022,246.6247976718529,99.22907570238958
mp-570578,ZrIn3,75.835,48.163,82.20959634001125,19.593596128989976
mp-571030,TlPd3,133.935,41.898,149.1728397586416,37.08496538523145
mp-571438,Be12V,129.504,147.448,140.58423041083796,139.93615313138554
mp-571622,Be12Pt,132.244,33.971,150.3460465071532,111.69754525613205
mp-634859,CaO2,58.943,123.9,109.14026432944765,59.36727908799656
mp-684709,K3B17,97.13,68.913,132.69812216358912,99.8611965014541
mp-706,HgF,31.037,11.783,51.61658687183392,17.528726079478258
mp-7188,Al2Os,190.012,142.279,211.52746823199703,125.37562092592732
mp-742,Ti2Cu,130.928,54.059,137.11309023019547,26.53534875448882
mp-759,La2Sb,49.613,28.914,57.5775644572989,27.22007912793708
mp-8093,Ba2Cd,14.827,9.934,18.40506858667877,8.05718937465143
mp-8094,Ba2Hg,16.104,9.961,22.08790988880455,11.197203208790851
mp-861653,ThH3,101.664,30.932,119.06853142796412,52.731656271076815
mp-861975,PaO3,252.209,54.533,296.936229707895,69.71735662235267
mp-862658,LiCu3,92.453,43.619,106.40801337263804,36.82030943774753
mp-862714,Be3Ir,189.038,188.109,196.92399145456088,-14.495714438662766
mp-862716,LiAg3,66.506,24.289,71.89023372606543,24.282639450350235
mp-862798,Pt3W,283.476,112.353,312.8072167427495,95.81436713096817
mp-862901,PmF3,136.242,46.704,147.9993119850273,50.313954603530235
mp-863709,Ir3Rh,324.498,203.512,355.1660981320785,154.18979022757063
mp-864742,Na3Sn,17.492,5.7219999999999995,20.014115218136627,7.370477952349588
mp-864758,Na3In,13.554,5.917,13.76573031584284,5.143551430912962
mp-865168,Be3Ni,153.479,267.579,171.75668324180117,75.30938512942538
mp-865194,TmF3,152.068,39.096,172.4510098216557,58.513432600852646
mp-865342,Zn3Rh,128.64,48.806,143.95318606256825,35.31997053908416
mp-865355,Zn3Pt,137.109,52.461,143.15817202384017,34.41725110932395
mp-865357,Zn3Pd,111.133,44.23,125.69456760218782,28.1337479020114
mp-865362,Zn3Ir,146.356,52.945,159.68028028054357,29.88261324249305
mp-865425,ZnPd3,151.261,36.377,157.742247508589,44.492596654265235
mp-865558,AcTe3,47.939,20.884,57.32683923967075,13.58918674425855
mp-865562,Be3Ru,180.438,123.56,185.0705074245459,93.28934033941424
mp-865856,PaBi3,64.281,26.866,70.63521477042438,11.237759452090584
mp-865900,Ti3Tl,108.872,59.015,120.84811350242856,39.896732360777065
mp-865939,LiMg2,30.17,19.141,32.26717714077635,15.793729311532344
mp-865985,CdPd3,135.78,42.281,149.02332782756207,44.09334649167507
mp-867347,Al3Tc,142.913,80.316,153.39489561583125,-89.30035835789106
mp-867780,Al3Cr,106.001,84.189,125.13275989650164,73.36581185609307
mp-869,TaAl3,132.414,103.376,137.99059812192417,59.88766358867762
mp-873,VPd3,190.816,75.46,200.44405425756295,73.93794983475489
mp-8937,CrSi2,189.969,171.077,200.41627157046688,169.53304691454744
mp-971718,ZnBi3,49.557,24.613,49.88951703041854,2.900923533459595
mp-971779,ZnRh3,209.272,91.273,226.984099776862,82.34172461986407
mp-971928,Zn3Ge,65.75,7.68,70.82979529796934,11.545838032868158
mp-971948,Zn3Co,101.878,15.75,131.65381913816682,41.75070431980344
mp-971950,Zn3Sn,51.36,10.059,63.45915302354156,10.795133270761385
mp-972069,Ti3Ga,116.433,64.387,125.79688126383732,47.76992368170615
mp-972077,TcGe3,114.297,2.215,124.95785570318084,9.226260295768329
mp-972088,Zr3Zn,94.083,40.008,103.82366073278617,38.09943759209235
mp-972202,TcAs3,130.278,40.429,134.97827876523945,19.92700196786436
mp-972285,Sr3Li,11.008,8.744,9.000288201577211,6.291037136074234
mp-972324,Tc3As,247.646,89.479,260.79413750125343,37.83589759912443
mp-972326,TcPt3,261.344,134.934,294.05503183210146,100.48588451209974
mp-972353,U3Pa,96.534,34.507,134.21973461366042,26.058024409717344
mp-972828,Cu3Si,136.43,53.369,166.02199548181028,43.42574474019108
mp-972874,SeBr3,15.512,9.245,12.061302281897166,-1.2813021208112183
mp-972908,La3Dy,29.518,15.277,31.306170792006807,19.219664568877345
mp-972912,La3Er,29.595,16.724,31.04174428583305,19.39691875865165
mp-973022,ScRu3,203.422,59.908,216.50560736894283,28.794215121479247
mp-973092,ScCu3,103.118,39.197,105.5579539424289,35.842254886739774
mp-973174,NaAg3,52.516,21.232,57.25031794940103,17.59025893230307
mp-973175,ScBi3,55.254,20.144,58.03786531782182,-14.051822404061747
mp-973181,Mn3Zn,199.466,65.253,108.87951103584216,-270.6668331771538
mp-973250,KLa3,19.467,6.112,19.092456683828942,9.48146800048606
mp-973554,K3Sm,6.764,12.973,3.914171859112213,6.540029200852774
mp-973627,K3Sr,4.92,1.335,12.86217112846792,6.475543291813528
mp-973736,GeAs3,68.682,5.8100000000000005,69.66925757728411,-3.8476325121694943
mp-973767,PmBi3,53.458,5.094,55.50324757474868,11.692176528417107
mp-973792,Pa3Tl,90.32,17.107,94.29825934430208,32.28390817717484
mp-973896,Ni3I,140.931,23.914,145.07854368286797,24.43766794771099
mp-974330,SBr3,16.635,8.547,26.77674298418655,3.972338412001194
mp-974332,S3Br,23.338,10.805,27.33713644356071,12.38279770731501
mp-974358,Ir3Ru,337.871,226.427,371.29713524969446,182.72832708572628
mp-974416,Re3W,342.858,146.125,374.4995614790829,69.93461616701018
mp-974430,Re3Ir,366.016,218.264,391.4046832324578,164.11056486014212
mp-974616,Pt3Rh,249.556,79.874,267.9771662462311,63.09594822400823
mp-974738,KSr3,9.273,4.848,13.912500470435113,8.01237321630019
mp-974774,Rb3Tc,5.4030000000000005,1.895,4.768694509763607,9.68554307119078
mp-974982,Rb3In,5.083,0.931,8.862197744351382,4.883852826883201
mp-975043,Rb3Ca,4.327,1.545,4.467530163409878,-4.919303982299011
mp-975055,Rb3Ac,5.073,8.733,12.212593590241683,12.886196125028857
mp-975222,RbSr3,8.532,4.504,14.375561678378952,8.908968277122767
mp-975253,RbPr3,20.132,7.573,16.88261443297079,10.187941449801748
mp-975404,RbCa3,11.18,5.022,14.758679614794012,7.898612004753717
mp-975794,Li3Be,26.474,14.376,28.49318641851408,-1.3315368779621115
mp-975868,Li3Al,26.875,18.203,26.408835210495663,27.947986309394576
mp-975882,Li3Cu,31.489,12.521,28.999200056601403,3.5153137307872866
mp-975904,Li3Cd,22.645,8.36,22.134268140042312,7.696035731730442
mp-975906,LiAl3,62.466,39.623,62.882777518256226,28.708413711820658
mp-975909,LiAu3,102.226,31.714,112.81302832111628,29.35678247328866
mp-975912,Mo3H,203.988,63.201,211.24251136586935,0.0727442216464257
mp-976047,Li3Hg,25.641,15.939,26.21002738356887,6.102615229533105
mp-976055,Li3In,24.671,16.433,24.629118930815913,8.215459460064501
mp-976075,Li3Ca,14.299,7.417,16.28476019755975,-6.966747053267229
mp-976106,Hf3Tl,104.481,55.501,110.85424686999126,29.478134442572504
mp-976150,NaAl3,48.882,25.378,52.04171320361336,22.92374442794905
mp-976263,Li3Nb,31.347,26.561,31.331076857699212,22.22921326040891
mp-976407,Li3Ac,16.677,8.239,20.163534235455916,30.111680753370916
mp-976408,Li3Ag,25.865,12.498,29.439136845185946,8.891934766481294
mp-976414,Li3Zn,23.562,63.284,25.469185279647256,-6.070159868969787
mp-976419,Hf3Bi,102.841,29.873,113.402004593492,11.661776226450083
mp-976422,Hf3C,114.527,16.594,120.51622965284488,27.673728318620245
mp-976768,NaMg3,27.664,5.894,27.744994801087863,4.875187097703081
mp-976774,NiGe3,86.001,21.624,86.03979200374557,4.293667470413849
mp-976818,Ni3Au,173.428,60.99,199.7615879022135,64.69137298140463
mp-976870,NaNi3,96.01,36.546,113.56536755585232,36.47917599706054
mp-976971,NaPd3,97.437,36.663,107.56409489397014,32.5855506765656
mp-977057,NpAs3,99.455,30.199,90.64712526444195,35.942721837223466
mp-977128,NaRu3,172.715,41.644,191.92439528038264,39.34378891091354
mp-977230,Li3Tc,37.523,15.88,37.43224494293917,14.410986200781956
mp-977264,Pm2Mg,36.536,16.61,38.51598333050882,17.16568648509824
mp-977385,NpH3,95.25,58.63,60.95014065396597,58.88207495478816
mp-977403,Na3Tl,12.052,5.181,12.927422750161892,4.23548648917167
mp-978272,Mg3Br,26.088,11.401,24.39194287969995,4.364714883087752
mp-978277,Mg3Cr,44.069,22.719,45.41037882711131,19.792044916460465
mp-978280,Mg3Ga,40.626,19.659,42.68638307500355,18.6953089840005
mp-978283,Mg3In,38.832,20.553,41.34249766330765,16.546177266198352
mp-978290,Mg3Os,85.241,31.04,101.36160579905584,37.80489332560421
mp-978293,Mg3Pb,36.348,18.965,37.50681208887002,14.510011598651756
mp-978524,Si3Ag,84.687,20.54,86.75463770380208,10.318027226024464
mp-978546,Sc3Sb,66.598,39.34,69.41732836302315,26.936229444502302
mp-978552,SiRh3,238.173,104.483,250.93635716961435,68.71580877238249
mp-978798,Sm3I,32.856,7.791,36.300231796454725,13.28195684436382
mp-978832,Sm3Pd,47.59,3.231,48.8868713269496,4.112262510503165
mp-978969,TlAu3,86.313,9.318,97.3105023307068,5.169887844822023
mp-978993,Th3S,58.463,21.612,81.58512178196851,122.2976096811929
mp-979014,SrAc3,20.33,12.317,21.36078064478827,13.075517886028251
mp-979115,Ti2Ag,115.12,38.471,124.29301653894235,12.66618169836105
mp-979413,W3C,261.699,161.716,289.9207768841075,75.80726039055139
mp-979938,Yb3Tc,31.688,15.305,32.49598812482499,12.521225061567756
mp-980192,YbOs3,224.333,46.685,240.4836792293186,-5.134811387480528
mp-980204,TiP3,107.326,23.118,117.18736799070592,6.931491685611883
mp-981210,Tl3V,37.409,4.946,36.314956641986285,1.3704466167325169
mp-981232,Ti3Nb,122.685,24.306,122.50555023843762,12.656314243371368
mp-981383,ScSn3,57.057,1.311,60.24601387473984,9.45424246248382
mp-981385,Sc3P,67.696,45.595,74.7237168164363,33.04318148181277
mp-981391,Hg3Ir,103.752,7.568,114.78701111996446,17.39506899140146
mp-981547,PrH3,83.047,42.938,82.76681081327933,35.68371938653061
mp-981749,TcAg3,104.348,34.212,128.27651043971997,35.291457158653394
mp-982195,KNd3,22.351,7.949,22.109883395601784,11.740283368843253
mp-982381,NaCu3,67.875,23.089,79.64147937029594,24.208087730806653
mp-982637,Na3Mg,11.333,4.612,11.087360579272152,-2.6418249994900216
mp-982664,K3In,6.456,3.082,9.62740600072043,5.0563925243562915
mp-984050,BiH3,73.332,26.673,78.96131580764087,2.172834513514497
mp-984523,CsCa3,9.811,4.65,12.416165795638742,6.730507785419103
mp-984705,ErRu3,181.137,33.566,190.42258976146832,28.6905243589598
mp-984772,Ce3Zn,34.023,19.568,43.50640160461399,13.666756498611168
mp-984796,BaTh3,37.503,24.562,42.581469224552414,18.50512236610945
mp-985059,AcLa3,25.05,12.805,28.62604582325423,14.855039288818244
mp-985278,AcF3,114.006,34.219,127.64057603471186,38.77552699324502
mp-985280,Co3Bi,147.231,46.944,153.12403851025093,45.66425459855945
mp-985295,Ag3P,90.676,80.813,101.57517447076096,18.941471956059985
mp-985296,Ag3Pd,105.215,33.362,116.68310848385916,34.410635917747726
mp-985299,Ag3N,102.239,14.492,98.43845774446612,18.061047650693094
mp-985551,CeY3,31.059,20.343,39.55080294307504,19.90670759690344
mp-990,HoAu2,100.832,40.982,111.04556378408483,38.91946602496959
mp-9925,Ca2Sb,34.964,25.74,36.95427021016383,21.157202006889104
mp-999204,ScAl3,82.594,67.287,84.93374287067537,47.0793345312181
mp-999441,Nb3Cr,181.79,54.324,171.93360314613523,104.87962566890624
mp-1267,NaC,35.167,3.296,50.85648230116723,28.70638019085899
mp-1573,Sn2Pd,82.369,31.702,90.5160982614532,33.211747424890014
mp-31277,Sn4Ir,71.396,37.376,92.04208927094302,41.26449383119558
mp-10128,ThGe2,85.821,33.162,88.71779640987388,32.091863292199356
mp-1014261,IrO2,192.223,75.26,248.1171367892592,99.18927164651028
mp-1018026,LiAg,44.019,14.296,48.24021737978355,18.4050202495175
mp-10213,YGe2,68.32,21.049,81.08344053679981,28.4609294628271
mp-1080664,CrB,304.935,230.98,331.8999296937642,217.95930850210027
mp-11722,PrGe2,64.615,22.802,72.06807687017267,27.022758550787263
mp-12750,SmGe2,68.822,24.776,75.39597810793524,30.012890990388037
mp-12769,YSi2,85.55,19.816,98.89410955069062,41.299211222620166
mp-12770,DySi2,88.042,18.126,101.72896565835777,44.22574943221365
mp-13444,LiSn,37.597,17.536,39.08977208851453,15.964045653834326
mp-1727,SrSi2,52.527,34.563,57.25353627516555,28.65211420269921
mp-1890,BMo,311.129,205.308,346.92589207162877,178.17627364732186
mp-1898,CeSi2,89.084,47.956,104.41334331544805,63.53603400540097
mp-19761,LaGe2,62.983,17.74,69.45369356429687,25.09732549021717
mp-2062,LaSi2,79.133,37.317,87.45323387385426,44.013710047903885
mp-20800,ZrIn2,81.529,44.771,93.84386917915862,28.838810454528936
mp-21192,GdSi2,78.62,22.205,98.71209634733792,50.418460749717
mp-2129,NdGe2,66.327,18.615,75.58614047056032,29.77392740485232
mp-23160,ThBr4,26.598,15.046,51.58799676046391,17.640614336477228
mp-2611,BaGe2,39.558,22.184,42.1389885615727,15.856252021230508
mp-27760,PrSi2,80.53,27.008,91.11220620187277,44.03620179189643
mp-27953,Mo2N,377.071,182.174,345.35688047732174,87.23543706287688
mp-27954,CuN3,15.781,4.885,61.35738943435201,35.55978603730959
mp-2831205,Cu2S,87.619,20.647,94.22291635929332,31.29990051559107
mp-2844,ThSi2,106.389,45.354,120.58243491438614,50.176810423449055
mp-30682,ZrGa,113.596,75.217,122.45074440408312,59.21484571082949
mp-32780,AuCl,10.267,2.471,42.94328106069594,9.061290282050953
mp-33104,Sm2O,80.158,44.22,73.62778882813953,47.56664164944046
mp-390,TiO2,184.247,47.35,220.9495381374829,98.21912004505953
mp-567705,TiAl2,109.691,81.43,117.63982739983967,62.066883541532064
mp-570140,AuBr,7.634,1.239,36.72072903231378,11.399148309805398
mp-571342,TiGa2,105.655,67.761,110.57137132199604,46.485488672632705
mp-642659,V2H,191.732,57.721,208.86637211951205,75.02973284419939
mp-754403,ZrO2,169.342,39.788,204.71629350946483,83.01890847748447
mp-755071,SnO2,139.796,49.089,178.58539573733736,89.50213263745172
mp-755690,NbO2,181.643,94.335,266.81190568196047,59.18137836157003
mp-7790,Ti2N,179.192,105.086,231.47247740626025,136.38920905217566
mp-7832,BW,341.8,196.608,377.7537535930789,180.17583639704213
mp-862,CaSi2,58.747,28.878,66.8699460959544,29.898807805669005
mp-884,NdSi2,81.814,25.855,96.14616791884428,46.919917260379925
mp-971683,C3N4,68.864,51.344,126.36218860035989,98.69418730945318
mp-2716,TiNi,150.897,38.05,181.0689931608799,44.402835141172424
mp-14112,PdF3,35.031,20.591,98.8679528101894,33.04366409301627
mp-1974948,Na2O,46.967,23.696,52.997059741539026,34.97613048213288
mp-673635,Fe3N,201.279,93.123,227.47655675364345,99.02306649694222
mp-753629,Zr2O,153.477,76.375,170.65432340787834,92.06634267144123
mp-10293,BaC2,40.469,19.114,61.88705574891376,28.517528241334517
mp-10390,Ta2O5,126.687,71.615,272.0961358078434,135.43448762716926
mp-10497,SrC2,49.739,21.069,73.42614966321369,36.03487289122121
mp-11508,MoP4,135.442,96.673,156.88833898831072,98.75526616711946
mp-1167,CF4,4.638,2.075,102.52607999218333,53.44890462659403
mp-11684,SiO2,110.695,59.798,222.200377635953,138.20701953944203
mp-1233,Cu6Sn5,79.958,14.854,98.61717848050598,34.07011755778394
mp-1575,CaC2,58.177,23.224,86.18042852873418,42.920859414381354
mp-1705,Sb2O5,125.537,75.478,206.51804243386343,123.20205105136192
mp-1819,SbO2,82.545,56.104,177.07903902008377,93.53388350759649
mp-21325,KO2,16.347,9.297,36.916442605346695,18.36323837584944
mp-2402,NaSi,17.961,10.842,38.17018473313945,21.68156377246944
mp-27148,BeP2,89.366,72.774,102.60064527574312,65.13075043572209
mp-2794,Fe5C2,230.615,87.878,262.80740087260403,117.46878025728569
mp-28266,P2Pd,110.324,58.503,127.14800410441666,66.22650515092259
mp-32570,Al2O3,197.042,111.213,235.54127429683135,156.17040411290938
mp-486,NiP2,113.025,67.142,134.79722302638575,75.1674963246309
mp-540783,OsO4,3.799,2.284,138.20919578174932,56.67698429132122
mp-541013,TiI4,1.991,1.848,27.148295668130956,13.970524021657804
mp-557837,SiO2,14.613,32.297,170.98881464995344,91.80075870460328
mp-557993,BiO2,51.48,28.904,145.20432611433182,67.72874637754667
mp-558733,SiO2,263.994,193.946,317.8494107806971,229.36820311735025
mp-567907,P3N5,148.829,88.001,227.1476108893092,148.1544750456034
mp-570553,FeP4,135.276,114.39,161.46328620078688,105.07465768990204
mp-571193,MnP4,137.018,116.03,139.15601954778236,112.80578285810827
mp-7302,CrP4,125.759,101.107,143.41276787388452,110.8355862521873
mp-7547,BaSe2,30.263,12.256,38.54836417735824,19.851180417734188
mp-755453,MnP4,130.329,97.194,138.06160589648945,104.81543932319056
mp-28731,V6C5,237.852,175.41,304.68599666110333,172.39599353998517
mp-15951,BeF2,21.345,27.825,94.70519588767222,56.63026547485021
mp-306,B2O3,33.164,36.019,202.74802883970085,120.83454357008426
mp-489,Ge4Ir,108.621,58.027,129.16139992299964,67.76946897653178
mp-553432,TiO2,21.691,18.21,120.27754363902037,46.87229182543506
mp-634,HgS,9.306,7.553,37.30745169300074,16.57770763627437
mp-7000,SiO2,29.797,46.637,189.65494117047575,113.76662845464092
mp-733,GeO2,37.861,28.881,151.0192922501068,97.90998273109022
mp-223,GeO2,32.439,27.681,150.8231844530988,97.85212955595196
mp-6930,SiO2,33.568,46.226,189.35836891225156,112.9177534179037
mp-9252,HgS,7.841,7.541,37.18657782535118,16.558707885959734
mp-2056,Ni3Se2,105.255,47.072,140.96204150957726,56.84909442725002
mp-2351903,MgHg5,23.95,4.889,27.7239200075664,4.943164353475169
mp-30418,SnAu5,114.725,21.951,129.79887424855272,16.275523122352975
mp-362,Ni3S2,126.928,55.258,164.10470650953178,65.32269373816511
mp-546546,SiO2,63.433,31.521,155.31156897768187,105.2718907534122
mp-569103,Mg3Hg,40.607,6.856,46.12301474856775,20.16131716687549
mp-976976,MgPd5,140.811,37.371,159.63312859662494,55.097147095603866
mp-979459,Sm5Mg,35.469,16.772,39.47545306497528,21.242365331929424
mp-981935,Li5Mg,17.319,8.46,18.897701948592857,10.49519931983364
mp-1018649,BC5,376.878,331.922,417.4294497622624,363.42639873947826
mp-568619,SiC,213.208,188.038,234.18743055350785,185.66938127476885
mp-568656,SiC,213.229,187.484,234.21266251609924,189.90059834032243
mp-568696,SiC,213.095,188.173,234.2409452884903,189.02033809336345
mp-568735,SiC,213.254,186.767,234.21183621490604,190.2606845451308
mp-570136,CuI,8.869,6.081,40.67862974733907,15.115390973758888
mp-570437,CdI2,6.7940000000000005,3.143,29.49220961940821,7.925960414766272
mp-570791,SiC,213.212,187.261,234.1841458626361,189.7765444765631
mp-570985,SiC,213.186,187.274,234.23909564956676,189.53585735328204
mp-582034,SiC,213.198,187.685,234.33398655454127,188.82275756272043
mp-775808,MgO,115.534,50.63,127.72638463206044,79.65874383004802
mp-995181,SnGe,4.869,2.614,6.410846770033858,4.353717743116825
mp-16886,CdAu,93.631,26.46,108.34517576651044,16.015607749764193
mp-597,TiNi,151.359,38.641,179.08370619120393,46.39485753668416
mp-12699,Ca3Au4,51.992,16.615,60.787468101434904,24.44485152610125
mp-12712,Zr3Pd4,144.324,30.697,162.66307838653267,45.3655826087158
mp-1407,Rh3Se8,74.501,46.162,116.43098539149116,52.321800265848616
mp-2164,Mo3S4,75.814,45.381,146.97192200857324,74.58757754478573
mp-22849,BiI3,2.668,1.95,22.917084031157287,8.530293879941627
mp-23204,FeCl3,15.609,9.15,38.10239411469683,17.03124377194143
mp-23218,AsI3,3.438,2.604,28.66972614588486,15.190284613357765
mp-23275,TiCl3,6.025,3.743,48.320557231372355,21.598377331908864
mp-23281,SbI3,3.21,2.106,25.86916595091899,10.19274879876867
mp-23309,ScCl3,5.757,3.138,46.98688233856385,20.84562979051515
mp-27734,CrBr3,6.419,4.002,43.46369937655714,24.867090749830936
mp-2832,Cr2Se3,55.481,30.395,82.9202214712459,41.562611226653864
mp-30066,Sb7Pd20,139.813,28.979,160.51322560612954,44.30132012320925
mp-30357,Sr3Ag2,21.352,9.351,28.02460695351707,14.70096368011802
mp-567504,CrCl3,8.799,5.642,51.571742828301296,30.607074304291476
mp-567653,Ti3Ni4,156.786,39.688,187.2995065471872,56.50272980812866
mp-571518,WCl6,1.611,0.526,50.66749666621476,23.48435685370823
mp-669546,AlPd,149.807,62.629,172.42077684057824,60.94521207548981
mp-754455,Sc2O3,138.896,69.54,176.7643608943156,96.39435947713966
mp-754624,Al2O3,187.289,110.963,235.90522972781457,154.66001952426151
mp-8601,Te4Mo3,32.683,13.203,98.81597735034252,45.224771258199226
mp-9888,Ir3Se8,83.125,55.304,135.743270114458,66.71176258502886
mp-1105780,Bi2O3,33.361,27.707,127.67726731535276,56.25098467812327
mp-2245,Si3N4,222.026,133.615,259.38894487237286,180.60657175738115
mp-568867,Si3N4,190.714,69.364,224.4558865253473,150.20463322784855
mp-672289,Ge3N4,163.42,90.833,201.67534383173728,130.52824612841718
mp-248,Fe2N,248.656,92.438,255.8639400815879,102.04121977880256
mp-33090,V2N,268.043,142.833,293.91817954996566,150.20444748731856
mp-567397,W2C,335.85,169.09,367.80624213373017,139.84417277095355
mp-569157,BiI3,3.613,2.172,22.06455315946573,8.278834237590933
mp-8780,Cr2N,288.234,141.769,304.6670448129952,144.15373163985
mp-10014,TaS2,27.546,18.066,118.3515114594347,59.79177967633969
mp-11342,GaSe,14.697,10.32,57.6622417579983,34.857237379445586
mp-13150,BN,94.626,71.023,113.2141629414978,76.83378590119402
mp-13456,ZnS,68.983,33.527,78.74281150174369,42.78926025435971
mp-1408285,TiO2,86.709,32.379,186.68944116586457,101.81631106688585
mp-1434,MoS2,24.506,16.102,135.50345325572383,92.69352270851942
mp-1547,NiS,120.17,60.39,150.94155829151765,61.93982599267998
mp-15651,NiSe,109.537,46.377,128.39731941157515,51.40676356641028
mp-22691,InSe,11.006,7.042,53.93949602620215,31.058553567070412
mp-23162,ZrCl2,15.281,12.215,76.5617990724494,47.36735456467082
mp-554405,ZnS,68.961,32.743,79.42697949937832,43.23644245841826
mp-555280,ZnS,69.547,33.563,78.53949088372858,42.29450277552433
mp-555763,ZnS,68.882,33.044,79.29857639012701,42.72233300468322
mp-755483,Al2O3,212.651,103.635,233.9397983832492,153.39178197792288
mp-7581,MoSe2,19.537,14.459,111.71078372071356,75.05848236718688
mp-7597,NbSe2,20.516,13.817,97.49225122869272,47.97421109728596
mp-7834,TaSe2,22.878,14.651,101.18457880875933,51.63115323959011
mp-938,GeTe,33.016,20.165,53.20974578182547,32.670258296575895
mp-966,NbS2,9.643,18.841,110.16695169433686,51.29546233202005
mp-9813,WS2,28.713,22.737,148.3302888427662,99.7256436963209
mp-9947,SiC,213.105,188.499,234.21969350580895,189.09229734406688
mp-2750,Cr2Te3,42.043,25.838,61.291384479367714,31.40898124027804
mp-556464,SiO2,134.058,71.266,205.456953913379,137.73443519310476
mp-755175,Al2O3,189.101,125.957,234.14385862985128,154.08645901415505
mp-1557,Mg3Au,57.636,34.45,66.75886603157656,30.404158514050117
mp-23706,YH3,78.381,54.412,93.38618028226688,61.97677373240052
mp-905,LaF3,102.112,39.391,127.79929074736044,51.08896627881909
mp-1008625,W2C,315.374,155.666,373.15361779137675,154.56809809230865
mp-1008632,V2C,218.716,99.627,274.865207653525,146.4497100266897
mp-1017550,Be3N2,218.652,65.771,242.124142341728,156.43586525850236
mp-1017552,Bi2O3,118.12,31.132,146.78185055435608,60.13555735562311
mp-1018107,ZrTe2,13.477,13.397,62.20086144455819,27.50637224178018
mp-1018138,VI2,9.164,5.8,35.1597166421993,18.554303505520643
mp-1018150,NbTe2,21.331,15.431,81.99002997858979,41.72873185458415
mp-10196,Ta2N,270.475,117.555,292.1676202163841,126.71499956268572
mp-10228,NbSe2,18.487,14.958,98.22972035684896,46.66925160281788
mp-1023939,MoS2,15.035,10.803,76.9042667399776,52.90050296483764
mp-1025044,AlNi2,170.075,37.02,191.1801195004384,49.35701152206752
mp-1028698,WSe2,16.447,12.676,92.15267832167144,60.71603757346437
mp-1038975,MgCd,40.188,8.885,45.37796955630765,16.344460519919746
mp-1057,Al3Ni2,131.24,87.345,154.44541906317176,81.06801883511777
mp-10886,Al3Cu2,97.903,49.461,120.1854145269112,44.63925811990366
mp-10901,Al3Pd2,127.891,63.127,148.19918833911322,62.94909353821851
mp-10905,Al3Pt2,150.267,77.09,175.92760109438734,76.02777391423652
mp-11107,Ac2O3,101.296,35.758,123.50908195077648,59.071160214566014
mp-1115,PtSe2,2.293,11.679,85.94791195466246,40.79797424076953
mp-11397,Ga3Ni2,118.283,64.945,142.03130098802768,61.10545851038758
mp-1170,SnS2,13.762,10.862,65.6066645208043,33.786517459329
mp-1186,ZrS2,19.062,13.618,85.13273790310834,44.28488025236423
mp-1215,Ti2O,183.19,110.136,187.2919293483442,95.2843882835602
mp-13061,Y2O3,140.624,43.654,166.1756407286585,86.99928444708378
mp-13068,Lu2O3,155.662,47.365,187.37401734071167,102.26141932641949
mp-1391,Ag2F,78.406,18.365,88.86162915858087,22.67473380640465
mp-1690,TaS2,21.703,15.8,115.35502352554856,59.04285433160261
mp-1907,TiTe2,20.685,14.171,63.71220084434344,30.767034757937516
mp-1968,La2O3,116.022,39.07,138.14582722036377,64.03581001338951
mp-2063,Pr2O3,121.654,39.845,146.32769885583622,75.2386709012801
mp-2076,ZrSe2,15.882,11.72,75.48961785266104,36.424730649368655
mp-21385,In3Ni2,105.586,55.446,113.1630295974781,45.49484392459689
mp-21400,Ga3Pt2,130.246,34.54,149.9294697094447,53.20494099795957
mp-2156,TiS2,18.003,15.707,92.82784522172538,51.51326498090785
mp-2194,TiSe2,11.057,5.916,75.67280613615715,41.51333093077495
mp-22787,Fe2Si,237.179,122.609,257.395314968953,127.06173967359584
mp-2285,Te2Ir,48.777,20.99,83.57932980126648,35.53895872008088
mp-22877,VCl2,10.488,9.518,46.055886277132494,23.18638942996845
mp-22880,FeBr2,10.581,5.828,40.93211411796174,15.862608976001518
mp-23178,WCl6,1.108,0.59,49.956890584963666,24.889707224475274
mp-2318,Nb2C,223.238,61.973,263.89880557029454,133.51237705323152
mp-23205,MgI2,9.165,4.314,27.230638550584462,12.160906872350573
mp-23224,BiTe,23.047,14.843,50.8730718809545,20.220469193876
mp-2578,NiTe2,57.823,22.605,93.65260037486428,33.5381146215579
mp-2646,Mg3Sb2,42.369,17.743,49.29560159637256,23.67358802670672
mp-2721,Ce2O3,120.983,47.005,144.69261221518562,63.7908043997514
mp-27785,TiBr2,3.721,5.097,47.78781864952914,25.805011316404716
mp-28013,MnI2,7.357,4.455,29.47337258686442,10.476678627546034
mp-28116,TiCl2,12.683,6.039,61.16335798060326,31.02228449226823
mp-28306,MnBr2,9.387,6.232,37.17974930853236,14.397104257265916
mp-29803,SiH,14.705,9.255,56.57639501905115,40.227774772711264
mp-29941,Sc2C,70.965,9.328,116.04173823119872,68.52934740816566
mp-29950,Nb3Cl8,12.959,8.72,77.7715935998579,43.48700910313355
mp-30031,CaI2,3.823,2.514,22.602511794293473,8.50486780250774
mp-30034,MgBr2,7.41,2.537,33.79393072959572,17.23993596683361
mp-30769,Li13Sn5,29.762,24.659,37.00723371027582,18.14387619491601
mp-32887,HfTe2,11.738,10.089,64.45493791080901,29.83445886199018
mp-399,Te2Pt,45.176,28.839,91.2904193565542,35.911734739657504
mp-510437,In3Pd2,88.536,35.851,104.02978601148313,36.87292168000664
mp-547622,Pm2O3,129.418,42.722,157.01759419537183,79.74887211027995
mp-567259,CdI2,9.621,1.967,29.48064954111042,7.916964184255184
mp-567510,BaSn2,32.687,17.29,37.4429002219242,10.238258567025872
mp-569018,Mg3Bi2,36.731,14.436,40.16831203359951,17.63755978465145
mp-569581,Bi2Pt,35.201,11.831,78.22259346708485,19.303512936804953
mp-569708,TiPt3,234.145,105.465,268.5428052661029,112.52758366246196
mp-569916,Al3Pt2,122.683,18.02,152.8151660699865,22.21536848619996
mp-570081,CuI,7.218,4.377,42.33924811004825,15.023819447322037
mp-570122,Cr3Te4,29.287,16.95,60.90440844023854,28.488243583295045
mp-570259,MgCl2,9.627,6.587,41.264642539624326,20.954855454453224
mp-570418,YbI2,4.411,0.321,22.951310005959265,8.723933985875126
mp-571096,FeCl2,8.913,5.459,48.96043211556915,18.058719860299277
mp-571122,FeI2,10.949,5.833,29.897302344586688,12.5859336125713
mp-617,PtO2,41.116,30.048,149.77488466351355,81.0446150082714
mp-665,SnSe2,11.592,9.691,54.96572607131142,27.582500543145457
mp-685055,CrTe2,30.068,16.759,60.612572348023306,22.80072558919893
mp-694,VSe2,17.979,11.236,76.37305414960458,38.68039617277584
mp-6997,Sb2Te,32.089,21.615,59.44960606293381,29.018313329773775
mp-7088,Ta2C,260.465,145.673,293.4632582717083,145.45974216114416
mp-7390,SrGe2,46.921,25.775,48.65282114143326,20.99322826070768
mp-753890,Ni2H,201.621,75.077,225.29841126816729,77.9492926674094
mp-7540,Cu3P,123.036,14.744,151.15539486529184,20.746411315046696
mp-755263,CrS2,33.052,19.441,97.89824323456187,35.39765650209264
mp-762,PtS2,20.713,8.299,97.17365543673534,50.595662903982095
mp-7655,BaSi2,50.296,36.821,55.35632192969434,30.477816619753437
mp-7711,Ag2O,94.131,21.968,103.13488315123456,21.48348933139317
mp-782,Te2Pd,53.053,17.97,86.21891002124018,34.72787078319355
mp-7891,Mg3As2,53.676,24.175,61.60104408354474,34.0640196795268
mp-8134,UO3,168.947,43.216,241.9602379278178,58.16594632931178
mp-8372,CaSi2,60.404,34.761,63.4222857294318,28.59153711751094
mp-9561,VS2,20.333,17.569,95.3598587739626,58.82907552383247
mp-973,U2N3,198.589,92.753,229.05242183699227,92.08770204935986
mp-985829,HfS2,14.334,12.581,88.78689173464566,47.68123646901653
mp-985831,HfSe2,16.811,12.019,83.69898864599065,44.65180952805815
mp-995122,NbS2,11.912,13.306,114.3062427718272,56.38316952898294
mp-1008776,SrC2,53.228,19.779,78.98661379527546,33.50727401594654
mp-1009653,CaC2,59.422,8.76,83.8301819071443,24.99356420624676
mp-1013526,VS2,16.881,13.814,97.5161707404037,59.82713105847015
mp-1024,CaGe2,7.822,9.098,57.124064158371915,30.7378302919219
mp-10264,NiTe,34.863,15.722,91.02222063298318,33.19616904627799
mp-1038972,MgCd,40.284,14.201,44.65729003931713,15.498108208471496
mp-1039368,CaMg,21.47,8.429,21.414680130506444,12.03377196074234
mp-1095562,TbCo3,35.76,3.478,136.81796327622,56.73558036217625
mp-1102078,DyNi3,130.886,52.85,151.33000984548684,68.42349721205531
mp-1102187,SmFe3,101.016,37.118,108.0634969037486,58.030270206582394
mp-11273,Be3Nb,153.691,115.023,162.53403363784034,116.82212809639282
mp-11693,TePt,46.872,19.788,113.52532298890948,37.824799134909625
mp-1189382,La2Co7,340.64,37.755,123.69326676517424,45.38240540907124
mp-1201,Sb2Te3,19.094,13.921,52.66868001145454,24.77649860303143
mp-1223677,Ir4Os,354.211,214.796,408.2954810655874,195.81906449532633
mp-1223860,IrRu,326.804,201.523,373.1687600516461,190.2756790137454
mp-12283,Li5Tl2,24.305,16.195,26.916036564867575,10.906307457391032
mp-1245,Sr2N,24.67,9.666,43.44217919972311,24.47176532240035
mp-12574,Dy2C,57.181,26.988,87.83707838574679,49.05856329748427
mp-12648,Ti2Be17,126.701,144.287,139.24924968991513,133.91913265607062
mp-1334,Y2C,59.24,31.783,81.13330001711759,47.672039884910994
mp-1346,B6O,228.689,207.712,264.43412679915843,248.6160026775423
mp-1390618,SnO2,42.723,28.477,122.0038150737871,75.63678284101341
mp-1413688,CrS2,39.182,13.302,70.27100161282033,29.38272382579032
mp-1419175,SbO2,36.048,15.287,115.59441817380356,60.62408595428014
mp-1422029,MnS2,6.171,3.564,68.41872298377271,38.58884782477557
mp-1473,Fe7W6,337.469,85.018,306.13982486769453,119.36478982531432
mp-1591,Al4C3,159.382,112.747,178.25601391762942,127.79749450063932
mp-1640,Ho2C,60.21,28.625,90.79561886822054,49.23293985663059
mp-16506,Li3Al2,38.92,32.272,44.191334560307304,24.06939849231425
mp-17639,Y2Zn17,80.602,51.513,91.47269120190708,41.71202546492954
mp-1802,NbS2,25.187,11.629,113.18325447772666,56.519042080310854
mp-20050,InP3,47.968,22.314,79.55549645769511,45.0079181534092
mp-22003,NaN3,25.56,10.625,67.97244123404148,39.79021072750027
mp-22881,CdCl2,8.647,5.888,42.306453862639685,13.308943752929636
mp-22883,PbI2,3.943,0.925,21.639222490922528,7.45356274777784
mp-23210,MgCl2,8.66,6.263,41.29322172197664,21.07051105856172
mp-23229,FeCl2,9.771,6.402,50.71342195924511,18.799948147315583
mp-2331,B2Mo,300.149,211.409,333.13650742510373,230.2783797146287
mp-2425174,PuRu2,159.058,6.6530000000000005,191.95785658266863,55.61074887189416
mp-2451,YAl3,71.776,44.156,86.13870682421177,56.04431821077977
mp-25433,TiO2,43.04,30.243,163.7784934649431,97.92879490089196
mp-2686,Ca2N,33.874,15.634,51.37385107504311,31.662084090596657
mp-2699,CaSi2,62.216,43.161,68.8770075193454,40.22798603812943
mp-2700,CaSi2,61.714,41.833,68.32978730712624,46.05123215216115
mp-27396,NiCl2,17.245,9.563,50.87985774726389,26.861967186069723
mp-27440,ZrCl,18.837,3.242,79.4651535519749,43.54311866650712
mp-27505,Fe3Sn2,108.798,53.526,116.42606764374806,52.35916374475208
mp-27507,ScCl,6.959,2.887,53.64886540336524,28.439789505004345
mp-27637,NiBr2,11.992,7.055,43.482610893365546,20.567538953579167
mp-27638,NiI2,20.29,6.877,33.595258097949106,17.36009895531931
mp-27679,LaBr,12.532,4.615,40.18899062233015,17.45674484306529
mp-27705,Li2Si,32.884,23.382,39.55878578477711,28.06871092617154
mp-27919,Ti8C5,168.542,97.532,216.05391737095945,142.8301560374675
mp-28233,MnCl2,7.158,4.202,45.45581174270632,16.82860522572273
mp-28395,B6P,198.464,173.797,223.1106347059088,201.14604171486667
mp-2876153,DyMn2,74.233,34.868,115.15315357824844,27.80407993516407
mp-30441,Be17Nb2,140.051,150.117,151.878093226245,139.03361217018673
mp-30766,Li5Sn2,29.691,21.604,38.36875518540659,18.685918043318473
mp-34202,Bi2Te3,14.402,11.629,51.13351035736621,20.96100658078753
mp-467,Th3N4,147.036,48.498,175.32719480877915,86.03696706622583
mp-534,B13N2,246.599,159.851,263.40985432481233,222.2476834074442
mp-540789,PbI2,14.975,1.087,21.532839046882344,8.747220969721635
mp-541837,Bi2Se3,10.752,7.588,60.076120604697834,25.43600730143945
mp-542458,Ce2Zn17,76.111,52.03,88.85968016113556,39.02729923115653
mp-555037,TaS2,21.258,14.506,119.14437028513348,60.56898332744769
mp-557762,TiS,128.998,77.715,143.24733670964218,82.08356396168462
mp-558110,TiS2,5.928,13.215,69.33257851004717,39.24545144392354
mp-567456,CaGe2,49.42,36.036,55.30645986200387,36.65596445916515
mp-567724,TaSe2,19.6,11.97,98.10696802180472,47.91039496133228
mp-567747,Co7Mo6,317.793,121.476,291.61312493953284,125.28135993821394
mp-568233,CdI2,8.158,4.29,29.5328938915827,7.978697659002319
mp-569196,YNi3,134.026,48.827,148.2666883214489,66.4646361733299
mp-569594,Fe7Mo6,253.202,109.706,281.57777928683043,102.54717798045948
mp-569960,ZnBr2,9.581,4.594,39.3392262887017,11.61913323212337
mp-571149,Tb2Fe17,101.385,55.69,129.24618576206103,69.66019951784737
mp-571655,B4C,116.418,28.245,172.55838985935614,93.3516755118853
mp-576,B13C2,223.146,155.259,247.04034984889032,222.71680697717957
mp-644311,CuPt,190.686,68.019,225.2326026325703,82.41662351948875
mp-692,Tb2C,56.514,23.825,83.57992131642638,47.834502319934685
mp-696746,B4C,226.426,176.541,265.23428841820606,228.83964773398347
mp-7250,Nb6Co7,220.75,89.264,244.69209901026016,89.56100306899576
mp-7285,HfNi3,176.825,75.969,206.1077927918506,90.07140291352299
mp-753746,Rb2O,5.74,3.671,17.934876105279574,10.216164529509308
mp-7541,SnP3,43.262,25.39,82.73500758182236,49.285174543462254
mp-7542,GeP3,48.704,32.336,90.60777754536711,64.2357113458415
mp-754434,Hf3N4,212.613,66.114,250.35219995860933,137.9394733428158
mp-7988,Cs2O,6.526,3.041,19.3550763570023,8.361357103602495
mp-8101,WN2,311.395,69.541,372.21759249896894,119.68233462217935
mp-862656,ErAl3,76.785,56.514,89.4062302615191,59.86825664534713
mp-8628,Te4Pt3,47.518,24.441,94.65746506564116,33.94562994596866
mp-865373,YCo,53.429,22.17,88.86963331965273,32.29739588751895
mp-880,Pr2Fe17,140.767,63.032,123.96468639191374,62.35281134859676
mp-898,HoAl3,76.254,56.689,88.52561644259305,59.41067089185197
mp-9568,Li3Ga2,38.44,28.594,43.979368890186194,21.756664838112453
mp-978496,SiB4,129.631,90.777,194.28565629425407,132.5142983104825
mp-9889,GaS,14.686,9.646,68.88740452981986,38.04306830079907
mp-990084,Na2Cl,13.51,6.628,14.270863663694367,6.9880185077805175
mp-999259,RuC,284.565,160.065,363.20716492551105,175.29536626464372
mp-2654,Al2S3,32.575,21.529,86.41293039069105,48.18357350302939
mp-1025421,SmO3,67.594,23.832,99.56695148271076,32.092310695774934
mp-1025565,HoO3,71.744,29.665,112.68301092318892,40.28995404990173
mp-13852,Ge3N4,174.776,82.389,204.0338436110428,129.3831945715559
mp-1985,C3N4,408.257,313.794,448.9654449043915,326.7545302253031
mp-22896,LaCl3,31.744,16.294,55.670648169195424,22.285852692535848
mp-23183,NdCl3,34.633,17.807,58.95209446702337,22.888102303313943
mp-23184,BCl3,0.113,0.102,17.731052163444424,-3.701798780925393
mp-23189,BI3,0.806,0.637,12.294622675283993,6.7655899682102465
mp-23208,UCl3,31.673,16.753,55.41928418492375,23.601410871067227
mp-23255,UBr3,25.058,13.099,41.74123305357678,18.24236949825838
mp-23263,LaBr3,25.473,13.286,45.52984580879776,18.321663528232367
mp-23265,GdCl3,29.009,15.213,55.469105972214585,23.180757624169765
mp-27971,AcCl3,27.477,14.801,50.11552252705925,21.093119049807957
mp-27972,AcBr3,24.348,12.791,40.53727171124477,17.680086263320813
mp-542854,Mg9Si5,58.465,38.545,58.252168462351825,29.571800657716192
mp-568170,TbCl3,26.359,14.238,62.634930839388865,25.117126097509452
mp-988,Si3N4,234.569,122.364,261.0894504099875,182.7424238553151
mp-11190,VSi2,174.655,148.681,196.5775979803037,145.22269878942018
mp-11191,CrSi2,194.648,156.37,215.1094220607767,158.20969574890483
mp-11192,TaSi2,184.679,145.713,208.26202483540723,140.40094552826582
mp-12104,NbSi2,175.016,142.771,189.02812373304823,124.8645477352703
mp-12524,Al2W,158.714,171.783,175.21608931981018,75.92016416062083
mp-2675163,WN2,100.955,24.65,160.10631909156936,63.11568239503168
mp-2872104,CdTe,39.084,15.381,36.44276678611545,16.972261773094544
mp-1047,Ca3N2,70.981,33.499,75.88191083580418,41.95271035621252
mp-1143,Al2O3,231.003,128.563,252.49313933577665,166.2718026590708
mp-13679,PdF3,27.619,18.473,114.40032750013522,32.19148734739885
mp-14024,Zr3O,131.559,52.09,149.26253107795273,82.37164379814988
mp-16860,Mg13Ir3,60.24,27.013,71.97702284434895,38.05600912569303
mp-2068,RhF3,55.159,28.711,150.603494656819,63.17031801749179
mp-22323,In2O3,149.39,52.286,170.5499937403877,75.62208889043463
mp-22375,In2S3,70.535,20.656,77.21282832956092,29.400271128377316
mp-23933,AlH3,27.922,35.304,73.30041532198047,56.976200268094125
mp-2552,TeO3,89.234,77.836,182.24180581159595,127.34591296624356
mp-28044,TmCl3,12.303,11.563,51.49878083449113,23.521473374370085
mp-2826,Lu2S3,76.765,26.429,87.65348743217226,45.640093783084914
mp-458,Ti2O3,214.394,74.827,237.5834994568721,110.79505768897744
mp-468,AlF3,39.119,49.835,138.98766021863884,78.43789450109898
mp-571053,Al5Mo,117.921,82.612,132.3258180382943,54.598888729694025
mp-754759,Y2O3,135.891,53.717,156.9119208538443,81.75181371150519
mp-755313,Sc2O3,172.651,70.819,192.4877500140558,99.25593777631865
mp-7586,Ni3C,198.324,58.221,248.2101414880656,89.19566345302032
mp-861979,Ir2S3,165.426,71.569,178.06723206728844,71.88291747859218
mp-864675,Yb3N2,74.904,29.069,84.29818533913068,43.91805366267676
mp-866066,B2S3,20.061,14.14,37.13964918035434,25.091946714821432
mp-866083,Zr3N2,195.246,102.252,212.1402372079108,109.99090996398262
mp-10711,VSi2,175.432,148.53,195.98405814989863,144.85838768622924
mp-1222,CrSi2,194.579,156.409,215.18620993938023,158.25207526973057
mp-2137,Mg2Ni,71.061,33.4,80.60189963175158,41.3123531745456
mp-2478,NbSi2,175.204,142.4,188.983958020073,124.84849279166713
mp-30047,Sn2Mo,117.067,70.54,136.3712288938329,64.21114710560533
mp-363,NbGe2,144.24,108.792,156.69534579093948,77.834260044606
mp-517,TaSi2,184.701,145.738,208.27655143105775,140.408838757568
mp-6922,SiO2,134.073,35.048,184.45249409958785,98.51395254176067
mp-7558,TaGe2,148.824,108.018,154.90720914579114,81.90974084724859
mp-8938,Si2Mo,207.258,149.363,237.6059304889827,157.1654194607967
mp-8939,Si2W,220.371,147.913,253.20663775218952,161.72092322569517
mp-1017,Zr3O,132.953,59.206,149.3380367237291,82.03851233319836
mp-13154,Fe3C,201.825,90.624,233.8346984309848,98.8150314680144
mp-1804,Fe3N,253.773,180.178,229.09939783049649,100.07943513810956
mp-2033,Ni3N,201.929,73.848,248.83976071038944,88.09377565166156
mp-30337,Al5W,126.403,102.302,140.59958990303704,62.570294012745904
mp-568607,Al5Mo,119.966,97.442,133.18558567225156,54.95030276022142
mp-9761,ReO3,158.374,111.219,291.89290862137636,157.301495811207
mp-17783,Mg3Au,57.457,34.638,66.6863924239952,30.461467332998716
mp-18707,Mg3Pt,69.596,23.933,79.46916090031337,39.22658358201901
mp-18712,Mg3Pd,76.484,25.948,66.0903418069776,31.563000419849494
mp-334,LaF3,101.191,39.28,127.49550290529076,50.88736676078373
mp-542429,Mg3Rh,65.593,26.555,74.52092263946459,37.63419428282402
mp-568419,Mg3Ir,75.799,31.014,85.93319148046254,45.1487169647319
mp-7463,Cu3P,124.032,41.154,152.45379048491137,43.15091487742465
mp-1024071,SiPt2,205.034,28.066,240.90425465491367,58.09665844998246
mp-1079254,Co2As,183.184,108.614,198.16776655213457,79.99268275008535
mp-11584,Lu8Te,49.878,35.782,54.026312175645984,28.858979262377613
mp-1279,TaN,306.305,181.327,334.65412133389265,162.4607999452656
mp-13446,Co2P,229.015,133.101,255.83089438689055,105.31768288285416
mp-1345,CaP,52.775,33.528,61.36420480098925,35.08945837826148
mp-1545896,Li2Sb,33.938,23.465,42.907938885206576,27.264740913585253
mp-1849,Mn2P,193.549,101.56,176.02545722101243,91.58209191959268
mp-20061,GePt2,176.427,32.814,204.98964714843305,41.34527581718071
mp-21167,Ni2P,191.012,38.833,220.3784256471708,67.55477377612283
mp-2340,Na2O2,49.866,29.996,63.61196947077429,41.970676005990654
mp-308,U3O8,163.668,48.125,198.7128799891456,69.04225482219573
mp-30839,Th3Pd5,79.566,21.272,108.33963734347948,24.77263213463145
mp-31326,Mg2In,6.144,347.437,45.87719118638441,18.374765924798066
mp-349,Yb3Si5,52.419,41.818,67.26560720615839,41.158501072761894
mp-409,NaS,26.857,13.293,33.820890645636936,18.45786677275087
mp-423,GePd2,152.76,42.417,172.0634707360558,47.048685815275505
mp-567244,Mg2Tl,35.591,17.201,42.72776789325786,15.98177300261086
mp-568536,BaI2,21.274,7.604,26.575332447093125,10.34317869754065
mp-578,GaAg2,82.611,21.947,97.03407353654936,23.521499697115228
mp-697068,SiPd2,177.478,48.503,195.90416869450905,59.761834794280766
mp-767,Yb3Ge5,43.833,34.758,56.21376152393068,28.04534383947456
mp-778,Fe2P,219.035,94.973,229.28208317566117,98.68238190864562
mp-7931,SrP,44.749,26.944,52.57000290625155,29.011806720678823
mp-865604,Li5Mg,17.412,9.799,18.997973715013295,10.715600499972822
mp-888,CaAs,46.134,28.543,51.00626979173406,30.505315172350535
mp-9063,RbSe,12.853,6.659,18.91563970454049,11.45093414359817
mp-972954,MgCd2,42.98,4.888,46.88645616148415,15.057422921533364
mp-977059,MgPd5,140.05,44.646,159.55026455813024,56.22912329607118
mp-1001827,IrC,323.532,82.577,354.33451817327114,-7.540828534420808
mp-1002188,TcB,302.964,177.149,327.7922518914384,188.99228114284256
mp-10030,RuC,337.414,77.299,359.07272545457926,104.29952831866623
mp-1008798,ReN2,332.601,140.635,387.4736029361528,177.29217283173008
mp-1008805,ReC2,348.477,205.664,387.3017402340079,230.2615922325261
mp-1008835,OsC2,357.547,194.292,407.9616518168641,227.27634981589512
mp-1008965,CdN,100.433,3.451,108.25374951659724,21.58461319096804
mp-1009129,MgO,139.206,49.435,154.0280554844896,49.44958274382627
mp-1009646,ReN,376.048,8.778,431.3854451032132,-9.13851885520355
mp-1009735,ReC,411.017,234.143,448.4668586528119,222.46761594710603
mp-1009838,ZrN,217.333,121.807,245.01588196900104,139.3524324171645
mp-1017987,Tc3N,331.138,180.392,373.1933315845363,157.67225380828827
mp-1018027,VN,334.002,255.479,372.8880139471453,268.3685957082129
mp-1018028,TiS,139.693,101.235,150.80771062836402,109.36244205828528
mp-1018050,CrC,336.54,249.439,376.9596174557776,249.50967635743663
mp-1023924,MoS2,10.685,8.675,54.77372131901693,37.74468746301592
mp-1023934,MoSe2,9.262,6.3629999999999995,47.2687717952566,31.865404615000116
mp-1023936,WSe2,9.224,7.663,52.79266439469021,34.78851534080575
mp-1025571,WS2,19.263,14.933,97.87041322580788,65.8701045802852
mp-1025799,MoSe2,13.904,9.713,75.79791362535062,51.00933961487955
mp-1025874,MoS2,17.107,11.985,88.83572166735456,61.072676411956365
mp-1038715,CeMg,35.967,36.589,41.68838027272045,17.256886689324887
mp-1038724,Ca2Mg,19.546,5.786,19.91371373770967,12.723034131839858
mp-1038829,MgCd,40.104,51.088,44.35166504073323,16.316100874278966
mp-1038915,CaZn,26.262,9.932,22.48846632424443,11.41627572197762
mp-1038961,CaMg,21.589,6.514,21.351021822371813,13.702536468216389
mp-1039019,MgAl,48.143,7.203,56.83114748279301,24.601872797185823
mp-1039055,Mg3Cd,38.741,13.855,43.76715138476338,18.860157870703336
mp-1039385,Ca5Mg,18.063,7.009,18.58393654882731,12.028909529184874
mp-1039434,Mg5Cd,38.04,17.452,43.435261743662,19.55762021399621
mp-11807,LiPt,113.442,51.982,127.74861134184675,54.37735974331086
mp-1183691,CrN,357.173,229.681,333.7894019972386,190.6921247493024
mp-1217363,TcRu,306.075,167.325,355.03815021386686,130.41147881381397
mp-1219503,RuRh,282.182,137.973,323.7530551958634,134.77733839545314
mp-1219509,ReOs,385.891,243.938,430.1180274553245,153.9523842173102
mp-1220023,OsRu,355.651,219.581,411.7159791094314,176.30194135796128
mp-1223655,IrOs,374.508,195.756,424.55754238581073,192.65916583085644
mp-13036,MoN,348.484,164.499,372.45189636023673,142.91414068027294
mp-1459,TaN,337.979,235.294,361.8634236733516,265.2542421437029
mp-1539,ZrTe,94.136,55.771,102.72483461910808,61.71872494295046
mp-1572,GaSe,14.135,9.134,58.965901532428816,35.62234932895902
mp-1874,NbS2,10.712,6.562,49.53795120164774,23.222910845824146
mp-1894,WC,380.208,263.151,433.3331419999624,270.2103475228854
mp-219,MoP,219.328,133.065,236.77998805136335,135.49083684793155
mp-2243,NbS,178.147,98.782,198.0996508962164,95.68572252557878
mp-2305,MoC,349.501,241.645,387.0170220719097,234.99211204195748
mp-2352722,Al2O3,42.688,0.799,146.8537107466627,86.10992439359407
mp-2634,NbN,312.566,209.5,336.90127232475123,225.80074340456375
mp-2744,LiPd,79.812,34.789,87.16953670943627,36.04002003816633
mp-2771569,CdS,14.2,4.464,15.362180968872796,8.74765179176278
mp-279,LiIr,141.786,68.118,160.48399432484953,66.77184229816103
mp-567885,C3N4,90.698,70.15,130.57127345808445,90.4479700510179
mp-571133,NbSe2,20.549,13.684,97.72133671509424,47.708485667697566
mp-571270,NbSe2,27.022,17.146,100.16812245666704,50.77914654841176
mp-600561,LiRh,106.321,41.679,116.89503238272214,49.07715644890767
mp-604884,BN,102.403,73.415,111.10002016491062,77.00999269362283
mp-643063,NbSe2,21.889,15.092,98.3125118632632,49.94178756266862
mp-7142,OsC,384.511,61.473,417.1483458345569,95.31522707450992
mp-755264,TiO,234.957,165.923,253.812240515527,169.0538260528178
mp-7760,AlSn,49.054,28.861,44.95685531814431,10.57856985358765
mp-865430,YTe,59.171,38.592,63.89317012112323,34.73806409112353
mp-867290,TbTe,60.402,39.055,64.7739382491141,35.083683119048295
mp-971933,YZr,62.206,36.189,64.67911161657776,25.542445627325357
mp-972692,SnPb,44.231,14.712,43.46442998945931,9.483979502014328
mp-972742,SmBr,46.102,32.427,59.41899180910677,35.813043537832456
mp-972845,SiMo,199.027,101.53,212.35683664060005,100.286648994877
mp-973229,ScNb,102.567,32.331,105.9695742847092,29.22692633034022
mp-973534,FeRe,319.664,156.612,284.6089951040983,109.47160170353598
mp-974421,IrRu,329.122,156.327,375.4300506196083,164.04196052520535
mp-974435,Re3N,388.181,212.936,437.6119145330816,182.2906338186468
mp-976292,NaCu,33.222,11.216,41.27840486135292,17.05817066272299
mp-978009,HgOs,188.781,64.102,230.82856297347803,60.41966462581259
mp-978918,TbZr,59.661,32.407,67.35287720805701,26.35722499304122
mp-979011,TmZr,67.086,40.177,69.30020759385006,30.396846914565057
mp-981458,YbTa,73.373,28.309,67.64809233360198,26.95107891494604
mp-982596,TbSc,45.098,28.229,49.25795318240843,21.499555467589445
mp-982779,NbTe,118.463,64.213,124.46082034560536,41.86319601038809
mp-983459,HfZr,101.368,45.497,98.51297232195232,25.211346287164332
mp-991,WN,375.17,165.988,409.3310539101173,150.8400696321331
mp-997617,BOs,354.637,212.354,386.981941659463,216.1309792193755
mp-998900,TcN,336.076,34.576,375.8173500483565,75.54912321748839
mp-999549,WN2,352.115,226.611,388.0395063540277,255.8095216092557
mp-30650,Mg2Ga,45.747,25.13,50.90815566689337,22.084683706710965
mp-23280,AsCl3,0.557,0.311,25.902775416855533,13.383018466024698
mp-28336,Li3P7,24.186,11.791,64.3911040306811,35.067098025975724
mp-561664,TeF4,11.814,7.157,91.0537795354378,48.80057588701686
mp-568936,Ag2Se,56.451,12.175,75.16107622921646,16.638157758046
mp-7440,NaP,29.048,12.804,45.70282611361909,20.223337253048204
mp-7595,GeF2,8.284,6.065,59.751117642397865,28.521921209660764
mp-776896,Nb2O5,55.283,25.761,157.09097765209083,78.6945910823356
mp-8377,TeO2,21.082,23.269,129.71415545476728,65.36440310171824
mp-10736,Ba3N,12.544,5.365,29.327520136049944,14.89867263936904
mp-1105737,Dy5Ge3,71.114,51.133,75.58187272424821,41.38677234610196
mp-1111,Mn5Si3,313.656,101.503,119.39430294447268,98.63646791253976
mp-11465,Mg5Hg3,42.841,19.557,49.22830746996186,19.71508726572689
mp-11801,K3N,2.72,1.43,9.153843402658046,4.817476501405471
mp-11854,Er5Ge3,73.265,55.383,79.05699041802619,45.314260150587835
mp-12467,Ca5Sb3,36.153,25.807,42.88276884315199,24.02174935595269
mp-13236,Ho5Si3,75.03,50.53,78.815687492936,45.81428317993103
mp-15965,Hf5Si3,140.749,88.346,156.06057054896542,94.94308499611928
mp-17124,Pr5Ge3,56.951,20.961,61.86046109943295,30.490716142686015
mp-17190,Sc5Ge3,84.782,67.801,94.85871882770928,58.86876668005677
mp-17332,Sc5Ga3,70.414,68.245,81.1099714343236,44.78983010857654
mp-17695,Sc5Sn3,72.275,52.028,76.74635316093747,46.62816646387945
mp-17751,Y5Ge3,70.05,52.258,73.45221027685291,40.87189022079534
mp-20847,Ti5Sn3,106.614,50.343,124.80288000109724,78.65690081436273
mp-2108,Ti5Si3,139.791,94.124,156.0640785688191,108.9476879175178
mp-21104,Hf5Sn3,113.876,48.717,129.7873440976369,80.1880968165694
mp-22871,ZrCl3,4.878,3.407,42.89320476525901,25.907748021257667
mp-23223,TiI3,2.037,0.079,31.00932713806709,15.766302417302946
mp-23247,ZrBr3,5.309,3.074,39.4094803778076,23.157328207295485
mp-23282,ZrI3,3.862,2.612,32.92721890534078,17.805356348085184
mp-2361,Hf5Al3,111.876,23.687,124.19481844277952,65.02164572061852
mp-29621,Ba5Bi3,6.865,14.483,30.00482968324172,16.179595792897572
mp-449,Fe5Si3,175.831,104.859,219.5559686827488,121.34913479534092
mp-510503,Nd5Sn3,53.972,30.308,63.948159381749726,32.4537624833618
mp-510691,Hf5Sn4,111.118,64.424,124.4970908026583,65.64105540277833
mp-543001,Zr5Sn4,104.158,64.238,111.93338501921248,64.69740537793024
mp-567412,Y5Sn3,62.369,45.075,70.73630954317365,37.23696214183224
mp-567871,Nb5Si3,185.606,169.219,208.75593593522973,107.89351544245538
mp-568002,HfI3,5.829,2.043,34.162071372674056,19.605029926225097
mp-570196,Zr5Sb4,106.781,50.269,118.75380779218462,62.55915022600381
mp-570483,V5Si3,187.603,53.794,214.1404016115002,118.33009638359331
mp-570722,NbI3,3.502,2.302,42.31196131420675,23.18285085749068
mp-571143,TiCl3,6.621,3.142,41.30286120484702,23.598563136644664
mp-7822,Sc5Si3,87.764,72.307,96.27104056982454,60.42739632168668
mp-1001581,LiC6,150.185,115.671,167.8145300058371,111.638816241269
mp-1008568,ZrTi2,106.1,49.525,100.49954212749633,29.935308717075017
mp-1009655,CaC2,185.823,165.657,198.4463932317993,155.8463528030096
mp-1009695,CaB2,121.439,104.665,122.64509964500073,97.61059278595845
mp-1009823,BeB2,191.338,52.725,186.15715607176628,-35.7651039516042
mp-10141,SmB2,140.817,106.77,152.39453731368175,123.00645906507944
mp-10144,B2W,321.856,144.049,361.2068585424257,132.50797563953105
mp-10186,PuSi2,94.62,49.752,98.09417030301306,55.951452072965445
mp-1021323,LiC12,140.283,106.231,152.8043317676676,108.00498996908986
mp-1025,ThAu2,107.422,37.338,118.17321367507132,31.380087047255312
mp-1025030,ErPt5,189.776,76.477,213.46782410904493,70.96721813234
mp-1025223,Hf4Al3,116.342,87.932,126.93662221119192,75.88930636736362
mp-1037,PrPt5,181.498,71.476,201.61747588729895,72.36859973842817
mp-1103,LuSi2,89.031,18.279,96.8938799159295,41.72521213232607
mp-1108,TaB2,303.164,199.428,327.9630714492935,205.18387032680909
mp-11267,BaHg2,23.258,5.763,29.45410892812682,13.058499228851018
mp-11277,ScBe5,108.626,103.678,114.2006360914374,99.94936616450664
mp-11280,TiBe12,122.106,39.713,135.8565283131997,118.71484607008787
mp-11283,ZrBe5,126.39,114.539,136.13232319841893,116.00045020816852
mp-11287,CaHg2,38.37,17.551,43.027237244801846,16.52560070763612
mp-11294,DyCd2,57.069,32.037,61.64262311196838,31.378055769824684
mp-11301,HoCd2,57.077,33.057,63.25166567333616,31.976715695292
mp-11363,TbCu5,109.637,39.212,118.96587060946015,46.68195342235892
mp-11367,DyHg2,63.191,28.091,74.72600272017789,29.077408053761054
mp-11369,ErHg2,66.229,27.641,75.72450447589891,28.942353651898102
mp-11382,NdFe5,102.413,56.671,115.44644576194428,67.26648037139279
mp-11385,YFe5,119.682,224.371,125.90490387940918,77.7568097326202
mp-1140,NdCu5,101.881,36.16,110.56206648301657,45.47847544757853
mp-1145,TiB2,254.22,257.473,273.98539776045027,236.89050248683264
mp-11461,HoHg2,63.968,27.217,75.44817044695472,29.05037084824487
mp-11466,NaHg2,18.769,8.158,27.347399138494666,8.985640350392584
mp-11468,NdHg2,55.521,23.982,63.41970625150274,25.38993347269802
mp-11472,SrHg2,30.199,11.573,33.940919988081966,15.098075406969729
mp-11526,TmNi5,155.253,75.801,174.34230075738853,79.66378513296544
mp-11553,TlPt,62.299,7.605,65.94132018972759,21.49557892535439
mp-11562,TbRh5,179.088,76.027,201.67037385168533,76.17843492383311
mp-11565,YRh5,178.749,76.122,202.2203118934489,76.22618427137358
mp-1179,DyNi5,152.06,73.223,168.22214738306488,78.12738123826422
mp-11826,CaPd5,115.09,50.004,131.19209223817876,48.99148145740567
mp-12055,LaCd2,45.263,26.186,51.481990701384966,26.177791989780445
mp-12072,UAu2,111.096,48.418,131.36153188743373,43.90816722174204
mp-1209,RbAu5,71.996,25.159,82.67212206689766,28.937565006876437
mp-1210,ThCd2,66.397,37.237,71.64976533330207,27.897520249527293
mp-1219,BaGa2,35.919,24.771,44.20273148172272,22.814879914961992
mp-1252,ZrBe2,118.38,89.18,121.37248122313224,66.98864629796394
mp-1256,HoGa2,74.229,50.758,86.84998705476367,41.63019845383105
mp-1260,SrPd5,106.301,46.203,118.75968220476511,45.02071062669419
mp-12602,PrZn5,73.779,34.33,81.33517216139144,40.162861134793154
mp-12752,Zr4Al3,107.665,78.177,117.0279491985028,69.28193219133729
mp-12892,CaSi2,53.843,61.724,61.39869319575873,30.546888096886516
mp-1331,YCd2,55.449,31.607,62.94516815679083,30.4764014049011
mp-13449,YbGa2,46.483,35.142,52.862686801981816,28.16184291886293
mp-1377,ThCu2,94.521,32.47,94.82942396691868,36.43866788221886
mp-1472,ZrB2,237.763,227.984,264.05195013661114,207.43902787451543
mp-1491,VB2,283.799,240.821,301.31767936496226,221.51525856536563
mp-1497,TaN,289.035,146.051,308.634954514601,137.66836234546588
mp-1514,UB2,210.847,214.267,217.5365585666052,174.44035989402474
mp-1535,TbSi2,85.829,26.002,97.09403144618284,44.35891186151377
mp-1542,YB2,163.074,152.469,165.3466882037809,135.11947022785668
mp-1553,HoNi5,149.455,73.617,168.9237732933748,78.36236772434765
mp-1566,SmFe5,92.119,59.905,117.44370566489204,70.1500208905041
mp-1567,ThNi5,154.083,65.856,175.43388852085704,65.85435373766276
mp-1606,NbAu2,176.852,63.241,211.4113986557512,70.95438628981339
mp-1607,YbCu5,98.016,39.517,110.4058027135765,48.922112737234386
mp-1709,U2Ti,130.716,129.399,157.36567504081506,72.21517673533911
mp-1734,CaZn5,59.683,35.088,65.74555972826683,31.64224674578409
mp-1752,HoSi2,87.904,19.987,101.83519511942932,48.28434322920512
mp-1754,UHg2,72.435,37.696,75.35992317081065,29.45339454036271
mp-1774,ErB2,171.507,164.724,177.1276799529556,141.00346811837534
mp-1814,BaAg5,52.275,8.453,60.315154140829954,21.757103560576503
mp-182,SrGa2,41.237,31.131,48.64760827008118,27.31649788670984
mp-1831,SrAu5,90.516,27.279,101.77370784114582,28.86138215416099
mp-1832,LaPt5,178.329,71.862,204.427627852186,67.94925026766595
mp-1882,CaCu5,90.279,36.849,102.6102282332818,45.535278452303416
mp-1910,CeNi5,146.347,65.083,167.54092794549274,66.61747873520099
mp-1914,YGa2,73.693,52.98,85.36005272149559,42.742191927159624
mp-19773,GdGa2,84.386,51.145,106.68401762195568,50.4107190151507
mp-19862,EuSi2,61.803,17.315,73.59795019795158,45.62445519002558
mp-19876,InNi,102.664,52.845,118.53472611861994,52.7436933012027
mp-1994,HfB2,252.303,244.359,277.390364845184,212.7579975687167
mp-20064,DyGa2,74.223,51.788,86.1718745082036,43.57669252694751
mp-20125,GdSi2,101.405,15.334,95.1556331816104,48.78510489740681
mp-2025,HfBe5,130.956,120.416,143.40037616074807,121.24209354626775
mp-2051,LaCu2,67.31,20.287,69.37390432573652,27.823945732365328
mp-20536,CoSn,125.544,73.734,143.27679566917809,63.57065342042864
mp-2057,DyB2,167.701,152.964,168.21322231006903,134.52243675872347
mp-20632,UGa2,83.105,43.833,105.8534359232062,52.025754712541136
mp-21168,EuGa2,46.089,32.199,49.346980113797954,28.310319009594707
mp-21200,PuGa2,75.088,49.643,69.9775239049421,34.67931505492101
mp-21260,FeSn,95.179,53.266,110.0176892236648,52.721190266718814
mp-2145,ErSi2,87.942,22.573,96.86053125852096,41.964593547010395
mp-2152,YNi5,147.351,72.438,167.11529285636567,76.12620434499078
mp-2170,Li2Pt,66.968,30.516,83.38137619680153,31.48221382793115
mp-220,ThNi2,223.876,2.343,127.15336432596094,28.67580560501012
mp-22478,FeGe,152.403,77.414,138.79234003517732,69.62939066927905
mp-2251,Li3N,51.984,33.607,58.42632980432015,39.66989378940071
mp-2252,ScB2,191.13,195.809,199.76787397251513,168.25140368015573
mp-2267,HoB2,168.393,159.19,172.29737314551775,138.7813419355854
mp-227,SmCu5,104.928,37.739,113.90181014057757,46.601759567425255
mp-2317,LaNi5,114.252,59.861,156.08955901970873,63.89779843836026
mp-2370,PrNi5,139.425,63.816,152.41819625741925,67.40384831189021
mp-2410,SrAg5,60.814,21.072,67.62869909081287,25.95349561232196
mp-2422,ErGa2,74.361,49.575,86.85294592253392,42.15174422760983
mp-2424,LaZn5,70.032,33.134,74.85189030087645,34.94518579491622
mp-2435,HoCo5,377.141,59.059,159.38475536640735,63.56905946081849
mp-2462,PrCu5,99.806,34.941,111.36146850985862,44.32064610417047
mp-2524,NdGa2,70.177,53.203,76.25196439176857,42.01322353734863
mp-2553,HfBe2,127.5,108.178,136.50021300649095,81.17710123278228
mp-2568,YSi2,85.401,29.796,97.00128855679066,41.5120017529957
mp-2606,BaPd5,99.329,39.724,110.2563836111495,40.674776452367816
mp-2645,YbNi5,131.006,69.809,147.49614947157312,74.25354620181777
mp-2684,TbGa2,73.518,52.463,84.52304914669361,43.88651424416607
mp-2689,ThFe5,117.852,50.22,129.69666948237028,62.45291904958615
mp-2740,ErCo5,215.833,50.054,159.3749878053014,64.99270954228267
mp-2797,YCu5,108.45,42.488,118.73727317557632,47.19478870338427
mp-2812,HoFe5,122.739,72.045,125.4768192815486,76.30667367260918
mp-2827,YCo5,170.478,50.237,156.84348233167756,62.43457683907766
mp-2841,ScSi2,94.18,31.99,99.7066126381722,37.083794976033886
mp-30363,BaAu2,44.664,16.757,51.353451477625896,22.011852110033733
mp-30364,BaAu5,80.248,16.568,91.0204533194436,25.424307462682272
mp-30469,TlBi2,40.558,12.03,47.96503986426309,9.230090411068844
mp-30481,CaPt5,167.886,79.033,188.1547449639571,76.51834000302748
mp-30495,SmCd2,53.428,25.46,57.14959371037014,29.22085229631662
mp-30497,TbCd2,54.807,30.672,59.504762121498665,30.61686487289692
mp-30506,CeHg2,64.176,30.596,61.54154947408425,25.62342705650076
mp-30507,CeIr5,231.621,101.532,265.9326612993302,90.7287308593172
mp-30585,HoCu5,116.726,53.682,121.156462920759,48.45765726591157
mp-30620,DyRh5,180.429,75.831,203.44609892988717,76.79532215498466
mp-30725,YHg2,62.527,27.952,72.57183496692888,26.93022925635204
mp-30753,LaPd5,126.008,47.043,137.54295966365115,44.23238753860001
mp-30801,NdZn5,75.202,36.423,81.56349175449908,39.777433967095895
mp-30808,TbNi5,143.336,72.199,167.4416952738296,76.71862467886255
mp-30885,YZn5,78.306,45.395,87.35944457195524,42.3102587804784
mp-309,ThAg2,83.938,36.124,90.28629826036448,33.34827020278976
mp-374,CrB2,259.702,185.971,276.2198118357663,145.7534528038681
mp-425,GdB2,153.466,127.484,161.31182463296838,121.82383503879215
mp-450,NbB2,286.562,201.475,313.42538943688,202.73980577693473
mp-477,SmGa2,71.852,53.193,78.43150690923727,43.72350791498941
mp-542568,EuAg5,65.098,20.975,70.72219036156076,26.86200248231535
mp-542777,CePt5,444.605,116.723,216.10794397191657,69.63226029966614
mp-567406,SmZn5,76.323,41.622,82.50632885491426,39.65936191718791
mp-567891,NdAg2,58.469,17.944,64.67954072882964,27.79077613314676
mp-568006,DyFe5,118.137,70.637,123.10265785157512,75.85620876492894
mp-568258,Fe2Ge,127.241,300.763,151.9118886308157,2.9854241552553846
mp-568654,PrAg2,55.102,17.113,63.46901916871649,27.565549988932748
mp-569376,FeB2,276.937,126.51,344.22760031038166,146.94695935248538
mp-569927,ErZn5,80.275,46.353,90.31106238872984,43.009418549531766
mp-570454,TaN,235.627,10.217,266.81237228518967,130.00911952002625
mp-570673,ScNi5,159.381,78.332,182.9109936388275,80.16199424965025
mp-570749,YbHg2,39.227,13.664,44.61946157073837,18.88759307873213
mp-570832,SrPt5,158.423,71.316,179.0124414391247,72.4522218361323
mp-571172,In2Bi,33.986,7.887,43.04563180548973,4.955039087767763
mp-571292,ZnI2,7.077,38.176,9.410662840622576,-0.2580658087076449
mp-571353,BaSn5,35.93,14.998,48.95863647764829,15.202776443001348
mp-579718,Th2Cu,65.07,9.32,73.74940759975865,12.215295637700262
mp-580,PuB2,120.478,143.495,99.79000861051216,112.04224655094866
mp-585,MnB2,253.476,171.71,270.7182700264561,149.0434904548913
mp-638,SrZn5,52.276,24.166,56.296259176247055,28.156189828964585
mp-668,PrGa2,69.061,52.941,74.66465492925846,41.40701933601777
mp-669,ThAl2,86.769,60.691,92.79180727514414,55.99831544626747
mp-672250,Ti3Ga,90.431,340.374,106.37381628712284,321.1240481093071
mp-728,Li2Pd,50.698,21.97,56.079177891043315,24.67533567812477
mp-7497,ThSi2,105.59,47.811,122.38162855160216,52.99847503383398
mp-763,MgB2,147.434,114.34,166.4063322663322,119.58660504643473
mp-7701,BaSi2,51.685,11.65,56.90286459492895,31.94562386992352
mp-772,TmSi2,89.456,28.37,97.54632896699798,41.84239601769162
mp-774,CaNi5,115.071,63.525,141.64281065286627,72.17823565485476
mp-7954,Nd2O3,98.225,37.433,101.60253955475042,46.51552115809596
mp-800,TmB2,175.007,164.653,184.7825162265333,145.60141661261864
mp-811,BaPt5,147.734,62.266,164.46165432100827,66.55998660220467
mp-853,ErNi5,151.736,74.924,170.1387653328356,78.88786466201714
mp-866189,CeCd2,47.338,27.939,55.36129462074863,30.531752932021853
mp-944,AlB2,190.335,144.826,207.1520501024907,114.73162531884184
mp-960,B2Mo,303.426,158.777,332.7481333373023,135.88578163051224
mp-965,TbB2,160.306,144.669,163.20314866520073,131.75885945172595
mp-973935,OsN2,207.427,115.236,271.8300123215824,155.24920531987837
mp-980,USi2,120.789,64.11,140.6591228320954,77.52239260004774
mp-981214,SrMg5,28.947,16.656,31.481898920999463,18.459679678242868
mp-985578,AlFe,90.176,5.364,96.81097229240828,178.20142563175577
mp-985579,AlFe2,147.957,50.081,160.37615986135876,56.85644338606751
mp-992,CaGa2,37.61,27.803,51.75743838935639,28.36264135095328
mp-993,DySi2,87.052,23.018,99.29946779406276,43.86681984689119
mp-999496,Na3N,27.127,13.547,30.37413062766549,20.002305793757323
mp-1025397,GeRu,171.945,78.948,232.5344305122984,112.22612003466612
mp-1025551,GaPt,167.158,51.944,191.52627583517005,46.09418540344695
mp-1078464,MnGe,142.529,76.408,154.94652541976913,99.15997245247831
mp-1078526,GaPd,141.771,9.952,153.1668949030637,48.944954440018435
mp-10904,AlPt,179.259,74.581,211.21495548059755,65.80960029506241
mp-1431,MnSi,203.381,142.935,225.02101670324976,140.46379651136473
mp-1483,SiRh,221.514,83.86,265.1432614448649,108.96187766585922
mp-1490,AlAu4,127.118,15.302,144.30394227979536,26.371462764908188
mp-189,SiRu,203.638,99.337,268.59945115872074,137.72778247682447
mp-20861,CrGe,157.411,86.842,174.7223262876788,109.56114029517212
mp-20866,GeRh,101.132,47.092,214.46253094930532,80.3671319671953
mp-21255,FeGe,156.708,82.565,195.00994662838687,106.59680557884288
mp-21328,HfSn,101.827,9.431,111.23804846325513,55.98660724844769
mp-2488,SiOs,209.102,77.908,328.73025147746887,160.33884123199192
mp-29145,H3N,8.895,3.613,76.38591943199239,54.566145389463784
mp-30365,BeAu,148.197,42.582,165.53942265732516,49.41454605890677
mp-317,SnRh,140.398,54.997,175.19744127291108,60.29952694648766
mp-569671,ZrSb,104.291,59.306,114.80218966014836,64.98278817805841
mp-7189,AlPd,149.85,67.929,173.04312159795472,64.4457461346168
mp-7576,CrSi,183.655,118.732,220.01010874705443,139.70046693016766
mp-7577,CoSi,226.984,115.85,250.1607833913602,130.51227514128615
mp-8059,SiO2,19.957,41.802,164.3058107985257,95.72185152683556
mp-871,FeSi,201.745,142.052,261.2066953773828,155.26676123537135
mp-1004526,WS,176.693,76.921,235.386866253907,111.702758937264
mp-1008559,BP,162.161,162.369,184.2965466404342,145.683254235457
mp-1018040,MgSe,44.971,16.917,50.277068017956935,26.87436494285308
mp-1018059,GaSb,44.722,29.749,53.89644283002122,28.495858409400753
mp-1018100,AlSb,49.329,28.721,55.826604006416346,33.112386246538584
mp-10281,ZnS,69.067,33.634,78.89221066515451,42.98787787702136
mp-1039,MgTe,33.954,12.887,37.86592969653582,20.624668333580857
mp-1070,CdSe,44.379,15.155,49.66663915065376,25.83920205631451
mp-1106180,Re7B3,362.159,142.666,417.2209620494165,180.43831645672591
mp-11714,SiC,213.331,188.708,234.2138192358773,190.7130619910735
mp-12779,CdTe,34.727,13.496,37.68792789778679,21.209651075963993
mp-13119,CdO,91.875,19.754,104.83323364068154,46.92282782418562
mp-13126,ZrN,229.371,6.272,195.32609049483352,83.26479279048839
mp-18257,Fe7C3,240.169,93.407,276.87731030892917,123.7422633271192
mp-2133,ZnO,128.167,42.921,147.79687821894606,73.72068205430801
mp-22205,InN,121.971,53.983,137.877614415845,75.73283074277609
mp-22894,AgI,25.5,6.592,30.253408964491864,14.350123021726008
mp-24093,CuH,105.717,34.971,126.02246159301583,46.38369796867674
mp-24669,CrH,206.427,74.701,235.8932137824468,101.28923197074135
mp-2542,BeO,208.037,156.717,227.9395101006515,167.9969359960217
mp-2562,MnS,60.391,16.136,55.633537782411814,32.307093755395904
mp-2653,BN,373.485,383.44,412.17195991833097,373.8539849656444
mp-27934,CdBr2,7.509,3.7,37.32011700354053,10.598984318592516
mp-2811,MoN,332.975,196.526,385.89175447790734,190.4359722617774
mp-380,ZnSe,56.264,27.422,62.657393708072675,34.67814555526479
mp-549706,MgO,110.7,48.431,128.2356602604025,81.82539622401073
mp-560588,ZnS,69.08,34.087,79.55120123835366,43.54783916450917
mp-561258,ZnS,68.976,34.258,78.43329661243766,42.672217894190815
mp-567290,LaN,86.477,22.739,109.15426280487696,44.93410879684254
mp-567503,PbI2,1.385,2.078,21.402630208716335,8.567255320759294
mp-567505,SiC,213.059,189.705,234.23690677143975,188.74551809610233
mp-567551,SiC,213.188,187.138,234.25623123322893,189.71815886072284
mp-569346,CuI,38.568,15.146,45.899488582875314,22.90460645011797
mp-570557,NbCo3,199.865,38.258,237.6489697559294,90.14941171037692
mp-570935,LiI,14.86,6.203,18.52174365094636,10.084700555914283
mp-661,AlN,194.62,122.306,213.92410554069463,145.93710764035563
mp-672,CdS,53.116,17.29,59.667272291605855,30.155632109395487
mp-7132,DySe,44.941,4.976,53.85568636572885,17.079743965687882
mp-7140,SiC,213.563,186.481,233.91983926313205,194.51783517393923
mp-7631,SiC,213.119,188.196,234.2359461947272,189.37637870028465
mp-776911,MgO,115.543,50.224,127.63051639774278,78.72448387382475
mp-7926,TaSe2,22.817,13.913,101.0607550270258,51.41233187734929
mp-804,GaN,172.144,104.855,193.41132273613928,122.00853294658546
mp-864928,BrCl,1.808,2.04,13.033781227847676,5.426533921085724
mp-866056,AcN,77.703,18.975,100.00657903923634,43.064022898403486
mp-8880,AlP,82.62,47.048,89.32704097939347,53.582117299525535
mp-8881,AlAs,67.203,39.618,73.08021342777437,42.633969320836584
mp-8882,GaP,76.25,51.856,83.77366967507722,51.73833860334533
mp-8883,GaAs,60.75,41.228,66.55658619205053,38.030732622857926
mp-8884,ZnTe,42.546,22.507,48.79012844530811,26.418751012333463
mp-966800,InP,59.233,32.374,64.69661669105938,36.41249065063491
mp-971911,ZnN,130.313,30.673,148.31326493594523,75.78514429152615
mp-972036,WN,298.554,66.458,337.469932881525,137.02256298348354
mp-973785,PbN,76.656,3.11,85.12195968032422,28.954013472445773
mp-973933,NiN,210.715,32.427,236.98984860524092,65.4119557978664
mp-974315,RuI,41.961,6.575,116.59756722846848,42.161343303798475
mp-974474,ReBr,145.813,54.122,167.4423749952136,61.85514455312751
mp-976280,LiBr,19.461,8.428,22.099014708688188,12.45706430889486
mp-978495,SiB,125.931,467.03,131.73122857220187,96.32905086832064
mp-978534,SiGe,73.122,55.607,79.42323910273495,56.1900115070499
mp-984718,BAs,132.161,126.051,144.58996787689395,107.22647042742868
mp-984728,BC,274.047,92.848,298.70787487308263,175.60003532410457
mp-9946,ZnS,69.008,33.915,78.62647253351551,42.805463811881566
mp-999355,NbN,224.464,53.216,249.07277846819392,98.05392256202131
mp-999503,MoN,258.81,59.475,315.00882926678736,117.92518285169815
mp-999540,MnSe,51.3,13.695,51.364531426413166,25.341266079590508
mp-30784,Mg2Zn11,68.686,39.903,78.23563052102254,28.40536519026033
mp-568328,FeP4,144.455,118.841,163.85515921077928,111.90077762788994
mp-568347,NbSe2,17.043,8.66,68.19637942834392,33.6103387602178
mp-10000,Hf2S,133.807,77.674,147.6651832862787,78.25087946114199
mp-10009,GaTe,11.919,8.821,52.688011894642656,28.40681176340296
mp-1001835,LiB,70.778,45.849,70.31443494064254,33.60820552165366
mp-10026,ScTe,62.614,33.162,70.77363162301157,39.8093833805663
mp-10027,TiSe,105.341,56.829,118.49771961185772,45.29489942085541
mp-10033,NbS2,26.113,13.219,110.8305247308118,51.26811043468439
mp-10052,TiAs,115.242,62.395,120.61244422962594,68.6576385963159
mp-1007761,HW,295.549,163.378,313.2232460849036,132.99405927807797
mp-1007824,GaN,50.017,22.424,54.06326320964768,33.47893381878816
mp-1007906,ErH,67.398,47.034,61.61866938888587,29.81780539742494
mp-1007992,CrH,201.908,473.571,206.14539531611712,-33.3792274447859
mp-1008483,CdN,101.532,19.068,105.2572500267394,15.687414387316188
mp-1008488,BiPd,89.644,25.074,100.83951326601174,30.98708041132857
mp-1008500,BaO,67.199,28.172,72.00453961016953,29.194104056424766
mp-1008524,BeSe,88.735,23.739,100.89791077559792,20.886292741017392
mp-10125,SbIr,160.755,61.559,170.99649988344004,60.42810465638609
mp-1013525,VS2,26.366,15.667,93.33308502432004,54.13386303519507
mp-1014,ZrMn2,157.977,43.71,185.29563812525117,69.39469859882291
mp-1014246,ZrB,159.802,84.523,174.42187337689893,94.07406530647869
mp-1014307,ZrC,217.405,130.486,233.5927981729316,119.67021997697653
mp-1017532,VN,323.541,215.041,356.74520146920634,226.79220304445295
mp-1017533,YN,146.084,87.281,153.54906755655296,77.92468301845156
mp-1017546,ZrN,225.65,124.34,231.33999411691636,132.68145893050186
mp-1018053,InCu,68.624,19.561,79.38642218647908,31.48820018321133
mp-1018659,CeO2,149.642,91.323,179.689414325053,78.57766571641916
mp-10187,TeIr,144.366,28.444,164.02011263409457,42.41865208162004
mp-1018794,Mg2Ge,48.583,15.766,52.224019695222594,22.123815939238114
mp-1018809,MoS2,27.047,17.899,130.854755419391,89.71961344516491
mp-1018850,OsC2,361.737,206.455,407.1122842894104,220.16189438729785
mp-1018851,OsN2,311.159,11.242,343.89330301450275,70.96478619270889
mp-1018948,Re2N,387.147,182.404,451.18378553894087,198.43844766310275
mp-1019054,ReC2,348.768,194.625,396.5307374363959,231.22555405159275
mp-1019272,TaN2,288.589,150.555,309.5479484283135,158.53367492135294
mp-1019317,TcB2,309.759,240.891,323.8386507087458,255.97409589088633
mp-10204,MnSe,55.613,26.089,41.14197182199266,25.617167317317904
mp-1025425,Co3H,215.784,117.284,228.57334760899695,99.32820040904107
mp-10256,VTe,62.066,40.094,56.7214565159902,29.260074055551208
mp-1039075,Mg3Bi,39.454,4.819,40.09042022896388,13.136563036208257
mp-1039123,CaZn,18.586,0.454,15.876589963566609,3.5453161304584326
mp-1039262,CaZn3,41.447,5.239,50.38138609031994,21.994621998984353
mp-1039292,Ca3Zn,20.668,2.458,20.070467076299195,13.976195730331373
mp-1039383,CaMg3,29.005,9.348,36.85579044527084,19.25170089410534
mp-10598,CuSn,76.069,40.891,90.7281753266835,36.57564027303701
mp-1064554,BiRh,111.998,38.731,125.15899372455806,46.60570947252305
mp-1065394,MoN,350.498,216.621,384.7161656137522,193.2783095255284
mp-10744,Si3Pt2,161.294,15.067,182.88352234566415,69.25094554276184
mp-10761,FeTe,61.5,46.767,65.41479138654441,40.74832792691648
mp-1077232,WN2,353.556,226.66,388.6079550507387,245.44436263837125
mp-1078,CaCd2,39.906,23.145,44.52252411207024,19.165305810218552
mp-1078389,MoN,351.233,217.459,377.76582712878894,180.1335204333988
mp-1079348,B3Os2,338.097,195.212,369.41466010634826,214.82625483110357
mp-1090,FeSe,78.571,36.343,71.31154644303001,32.44984979199119
mp-1095443,ScFe2,34.513,13.115,130.89041114229917,73.0201044441343
mp-1095682,Fe2Mo,229.35,121.212,278.1213978988686,112.6067980171904
mp-1114,VP,169.325,108.026,181.69468609127455,137.25651327213882
mp-11209,AlAs,82.001,37.331,88.13344354512046,31.444661266505868
mp-11220,Sc2Al,70.371,45.946,72.67728470086624,36.7903282731571
mp-11232,YAl3,32.234,97.757,38.956997556432974,12.484719335521165
mp-1124,MgZn2,63.27,43.383,76.41528153264734,33.05692137314838
mp-11251,Mg3Au,43.494,9.418,51.75716906609294,20.990711704378167
mp-11275,Be2Re,241.539,173.672,273.12888718676874,161.82929753132217
mp-11281,Be2V,158.028,137.179,175.67520780498316,113.28562289347732
mp-11282,Be2W,217.897,168.39,237.16672120672848,163.65771137148232
mp-11284,CaGa2,46.436,41.853,51.0064721501412,27.550353632126164
mp-11345,ZrP,135.334,80.903,144.8136157344712,91.53692948970276
mp-1136,Na3As,22.238,13.902,27.968083808689876,14.57301444284134
mp-1139,Co3Mo,283.145,138.782,290.4146358509385,138.4180041465068
mp-11449,HfMn2,357.683,12.124,200.66272315561216,77.86260960157777
mp-11453,HfPd3,178.957,84.487,203.41181713392515,91.61650411426292
mp-11456,HfPt3,230.018,105.973,264.8190553498901,119.93464581032688
mp-11482,MoIr3,337.003,189.314,374.73606760799794,170.8924304571851
mp-11499,YMg2,42.792,22.125,47.11185022730429,24.366202938219462
mp-11557,ScRe2,226.157,75.273,233.74389266262023,80.35744940401653
mp-11820,BaNa2,8.587,5.631,8.28099128477484,5.548519853422343
mp-1186923,Re3Rh,328.997,175.246,392.1639494810106,151.19914848047375
mp-11883,MgIr2,197.34,57.181,221.5482328192491,100.28259143755598
mp-1190697,ScFe2,128.842,64.99,136.19287749485704,76.55183466396436
mp-12070,CuAs,106.034,24.932,110.28981990533585,32.799351243282175
mp-12109,ZrRe2,252.922,75.042,273.11231929141394,84.87994511790644
mp-12120,FeN,293.289,175.639,320.56729779631104,139.13603373017878
mp-1214,VS,129.858,71.568,137.752105199122,49.54836225475918
mp-1250,Lu2In,58.376,31.582,65.58897355121933,33.336092141551596
mp-12553,PrAl3,65.851,44.296,75.4903695724017,50.73685261258037
mp-12600,Pr2Tl,44.062,16.519,49.89832227029354,20.130193961723517
mp-12657,HfAl2,119.513,89.118,137.77638874043492,81.89850142485855
mp-12659,Mn2Nb,223.474,77.447,243.02598213745537,70.7114307974004
mp-1274,CoS,165.111,50.421,169.30937098662952,46.03212709975462
mp-12748,ThMn2,92.241,65.624,104.97964407083808,35.66729798750043
mp-13051,Sr2Si,30.437,17.973,37.944190541277806,23.01742360942445
mp-1306,ThAl3,85.595,43.904,96.74317841087829,60.1051392011329
mp-13138,Cu3Sn,106.478,47.503,134.8146428894928,41.44392118829376
mp-13173,PtN,176.104,1.966,256.008089939733,-170.81119345825576
mp-13178,AlN,204.816,122.484,235.8811371908879,157.17282050675252
mp-1319,ZrTe,88.453,48.267,91.19293266958783,37.914632524553085
mp-13364,CaZn2,46.953,29.598,49.68924751320615,24.576736151494288
mp-13365,SrZn2,36.313,20.102,40.965580151914814,19.824128620456165
mp-13503,ScZn2,81.128,49.625,93.73745601150854,46.87714181996709
mp-13548,Cs2Pt,12.618,4.817,15.869200694111324,7.043294742971333
mp-13854,B3Ru2,300.208,172.829,323.3746314187752,186.70800886024836
mp-14018,K3As,12.83,5.999,16.25431444790595,9.123155977722124
mp-1409,TiNi3,189.888,96.324,211.18407559881624,92.05844039084626
mp-1524551,Zn3N2,132.434,56.294,151.2304288789504,68.28830315112288
mp-15668,NaSe,21.931,11.917,30.83930001751365,14.829522236245513
mp-15679,CoAs,161.139,76.351,175.12342831602754,73.83845685755654
mp-15799,NbN,298.99,138.373,329.63838069049024,132.60330930272826
mp-1589,TiCr2,199.407,71.552,214.76575828562312,86.4893708033909
mp-1594,Ni2Ge,173.653,44.062,202.218258221201,57.78689476653121
mp-1598,Na3P,24.781,14.892,28.91785607298493,16.178955672975995
mp-1634,MoSe2,18.747,12.625,108.54612362774776,72.97262061558742
mp-1641,CrSb,73.845,48.058,74.3489078743039,46.17785545927416
mp-16513,NdAl3,66.853,39.767,77.32515719758858,51.34241803056154
mp-1659,ThRe2,194.385,131.709,210.4315115157688,42.74484625900091
mp-1667,Co2Ge,208.679,54.043,201.0710086225941,61.39186706074794
mp-1677,Be2Mo,197.598,148.915,217.58415712080304,146.8909679561265
mp-16775,CdCu2,100.935,30.995,119.66462469068952,39.36944005035888
mp-1682,ZrAs,117.987,65.248,127.54170424660082,69.67953261837255
mp-1689,HfRe2,262.427,79.393,279.1332983126241,86.62526351513037
mp-1704,Tb2Tl,52.499,22.879,56.16422816164672,24.427992187766247
mp-1769,SbPd,104.823,29.332,118.27550673307915,36.33190295810031
mp-1773,ReB2,337.733,276.94,357.834363919986,276.76515108538825
mp-1775,SnAu,72.865,20.977,80.87037112964808,22.30953382614207
mp-1791,Al5Rh2,131.181,77.568,154.08653133350788,71.0120289786247
mp-1821,WSe2,23.208,17.056,122.68895600813624,80.83011103237247
mp-1822,TiAs,118.615,71.121,127.02708809772716,73.16828113280651
mp-1823,Ti3Al,113.96,60.543,121.75692651334477,58.76553573515042
mp-1935,BaMg2,21.701,13.481,23.336910145169384,12.76218016362162
mp-1943,GaSe,15.789,8.947,59.25850648340315,35.77245371222286
mp-1949,TiMn2,181.973,54.384,221.67618074807905,88.14564024745184
mp-196,Al5Co2,124.129,83.776,156.78636112298494,85.0687277061567
mp-19816,Sm2In,48.746,20.676,56.16427450568951,24.6747547922099
mp-1984,TaS2,31.338,16.914,116.87995183436492,59.08880045292731
mp-19856,SnPt,127.368,44.847,138.35719500405492,52.787301307893266
mp-20033,SnIr,154.138,58.196,169.41760374052103,66.17546155557748
mp-20112,Ni3Sn,161.837,67.389,189.23242577819235,72.13015078482498
mp-203,NiTe,114.446,31.57,122.05921130093562,30.782529172644377
mp-2039,ScMn2,173.191,39.923,162.47070862176483,61.38671412668992
mp-20432,Fe2Ge,141.838,26.348,163.0059341634853,44.914667222336185
mp-20473,Mn2Ge,137.679,39.98,142.70553490550716,67.72944955531108
mp-20485,InSe,10.288,8.123,54.43205938418168,31.093925265215987
mp-20512,FeSn,90.749,107.873,90.4447889904749,49.2985847213246
mp-20686,Ho2In,55.238,26.456,59.04098336840995,28.287060205238536
mp-20760,La2In,39.889,15.239,45.8147162118403,17.852208207945573
mp-20868,Fe2W,259.462,135.348,311.2130849896891,127.17877982829746
mp-20883,Fe3Sn,116.858,48.902,149.3079552391762,61.05083171455325
mp-21030,Ti3Sn,116.002,27.179,126.5446903457354,56.37767456919865
mp-21078,Fe3Ge,166.23,69.592,175.34562594131435,68.30467139791921
mp-21092,InNi2,169.516,42.474,162.77726371560897,47.938929222303166
mp-21294,Y2In,53.665,27.105,61.19671247193672,29.147655045252456
mp-2157,Co3W,398.598,146.476,303.94798144108023,153.1111588505339
mp-2178,YbGa2,52.351,49.262,55.83650806335972,33.471889752125506
mp-2187,TiSb,90.133,45.424,95.90811177584428,44.81594040264294
mp-2189,CrSe,47.608,28.803,53.264997167220095,27.01642114222008
mp-2192,BPt,259.986,51.85,294.45747520735773,62.819879118879776
mp-2207,NbSe2,21.189,14.307,98.34890913184309,48.00567084565221
mp-2214,TmMg2,44.234,24.287,48.96923922477659,24.458546320427992
mp-2215,ThHg2,77.59,33.498,80.08627468428368,25.61023184254408
mp-2225,Be2Fe,154.342,145.09,170.9299734631858,141.72323943427602
mp-22389,Mn3Sn,93.71,57.01,118.90503172996809,71.29796082813758
mp-224,WS2,28.304,20.652,142.57714367200134,95.90884160394496
mp-22514,Mn2Sn,94.115,44.452,87.89839084593835,49.37842007515168
mp-22868,BiRh,102.002,29.791,117.64579855893535,29.282160456967265
mp-22878,MnBi,44.541,10.07,48.62779051513071,16.656474175121346
mp-2294,Al3Ir,150.642,34.51,171.214856832818,73.52977373014132
mp-23176,SbCl5,1.258,0.313,30.944619143252627,18.564293150779875
mp-23227,CuBr,23.429,9.765,29.452441883247133,14.513481897482674
mp-2341,Li3N,65.179,44.749,76.54730560564491,64.48850518923153
mp-2346983,ZnO,47.923,11.264,53.17758800735398,25.810270133784417
mp-2347,NiAs,116.72,18.447,245.36168292332945,6.383596595031059
mp-2362521,Li9Ge4,33.833,29.535,44.77051801275368,27.548780646558797
mp-23759,SrH2,39.071,24.69,40.490007071576755,31.80647870634619
mp-2400,NaS,24.869,14.479,36.217330938356106,19.940772063063314
mp-2406,Mg5Pd2,62.662,43.682,69.02894147828623,31.908828937343227
mp-2416214,TbSe,60.482,10.16,58.394914939730086,22.53663755074736
mp-2432,CaMg2,30.093,22.012,32.856097651130796,18.94350188174167
mp-24417,MoH,210.772,124.662,218.17252964915104,43.305305346252545
mp-2454,TiFe2,163.482,77.415,158.5413895748953,94.60792052447792
mp-2507,GaS,18.273,12.041,70.3714822215807,42.47095432862227
mp-2517816,TePb,37.434,19.608,39.02019948775449,21.21157031310088
mp-2557,Zr2Al,103.887,54.176,106.95054141704186,49.05405304535939
mp-2572,SrMg2,25.64,16.339,28.22141533866701,16.17453461131563
mp-2619,FeSb,110.972,60.628,100.332905941109,57.86336254908572
mp-2644,CoSb,148.223,69.404,144.59197428024137,69.48175235057681
mp-2701,NbN,314.396,195.263,339.4514394605493,166.71240927304476
mp-2772,ZrAl2,113.59,89.522,134.65021502930298,82.38987635761683
mp-27838,Na3Bi,17.175,10.693,18.28932867875436,8.065306957250579
mp-2815,MoS2,25.575,18.973,128.77990962464438,88.42127036367161
mp-2816,Nd2Tl,45.139,17.053,51.70613517253335,20.268994420225113
mp-2845,SbPt,121.63,33.728,143.6784843379452,40.13983203731835
mp-29131,VSe,80.907,46.598,63.10020483146626,36.78780537851098
mp-29663,Si3Ir,144.525,11.431,156.79060657848063,410.0544069972765
mp-30428,BaCu,20.544,8.614,31.754877855754472,15.14420849359771
mp-30434,BaTl2,25.239,17.206,26.41432940755173,10.677866518060734
mp-30438,Be2Cr,182.568,162.402,190.90845793856124,145.25667739228555
mp-30490,Mg3Cd,39.972,19.676,44.40898771657056,21.32397032299412
mp-30494,ScCd3,61.151,29.259,69.76896574826506,26.112582046372584
mp-30498,TbCd3,56.173,21.64,67.65738380320674,26.18002714051126
mp-30625,Dy2Tl,53.54,22.798,57.65188210911444,25.598793601111183
mp-30651,MgGa2,49.454,17.471,60.740672689111605,22.9007967738603
mp-30671,Ti2Ga,120.013,64.019,133.2696057143805,68.19386098810794
mp-30672,Ti3Ga,118.806,55.181,126.18636693411132,56.23301865441754
mp-30722,ScHg3,63.522,22.049,81.02752892395911,17.918369373571476
mp-30726,YHg3,59.331,21.426,74.58761254804188,18.11649937502725
mp-30739,Mg3Ir,76.899,27.796,85.32494133893785,44.36655166546613
mp-30745,Ir3W,350.814,194.892,392.6804615747589,187.89500849584425
mp-30778,Mg5Rh2,112.559,68.756,78.09102011709624,37.87129055570277
mp-30787,MoRh3,268.478,132.343,301.67310476875014,135.44122010024105
mp-30798,NbZn2,140.627,82.962,162.33173183591416,76.35553441331447
mp-30842,ZrPd3,170.268,80.861,192.59516534890835,81.5114504834803
mp-30846,Sn3Pt2,102.187,30.087,114.03781084707208,44.98880590076753
mp-30866,Rh3W,282.841,137.344,319.7969005077552,159.7159000260148
mp-30875,Ti2Sn,114.555,61.103,125.58869986276125,63.42234417021723
mp-30877,SrTl2,26.768,16.996,31.277925073871184,13.466503085821811
mp-30882,TiZn2,105.49,65.278,113.089216352572,62.38543251991123
mp-31498,BaPt,49.609,19.133,51.19991776618645,24.353643604592783
mp-319,Sm2Tl,48.346,18.805,55.234460173972536,22.4720652770981
mp-33031,VS,163.713,123.406,183.96005907837284,117.4716435842757
mp-404,MnTe,46.771,23.548,33.090910645044545,20.26444843852632
mp-40793,Si3N4,225.484,208.455,282.05000583933736,192.19648631633095
mp-426,CoSe,132.749,42.069,137.93936741338024,43.195654530869334
mp-485,ZrNi3,173.5,68.767,204.9684762139576,79.59049231445768
mp-488,CuSe,64.721,18.079,81.80480090311539,27.441944065107705
mp-500,TaSe2,23.348,15.826,101.3600297685262,51.53701886503627
mp-501,TaSe2,24.691,16.179,103.62322928376813,54.45715712360426
mp-504,CuS,79.551,27.234,101.33913249710362,39.13823236140705
mp-507,SiNi2,202.978,59.025,233.99332049454728,78.06284401448396
mp-510198,IrPb,125.941,49.325,135.6737042603914,50.343133030857125
mp-523,CrS,62.481,47.301,55.56192493420881,51.56584403697499
mp-545512,CaO,86.059,34.214,95.63623590934247,53.722697716514055
mp-554462,TiS,137.908,93.631,147.84890397830517,108.44194174044192
mp-556742,GaS,20.025,12.982,68.99247857941744,41.82681207147246
mp-557142,Li2S,38.36,24.251,43.22180280843354,31.546213174680975
mp-557523,VS2,9.594,7.863,56.05356404041934,37.14698384223396
mp-564,TePd,97.958,19.279,111.53859829783258,24.73968370257908
mp-567164,BRh,276.584,107.112,303.38095434481806,93.2654124815682
mp-567305,CeAl3,65.0,44.645,78.80733756013461,57.210895322364465
mp-567590,LuOs2,218.705,75.807,246.14550865970753,78.13311507693138
mp-567612,ScOs2,237.275,69.065,257.2309979222809,85.1419391906822
mp-567750,ScRu2,188.959,52.506,201.59180525564116,57.68910319965378
mp-567832,TiTe,85.973,55.643,74.34970478173256,35.75252810998985
mp-567925,MoC,332.992,143.971,370.7423733233182,170.91764370931088
mp-568077,TaFe2,424.186,114.384,217.70966080621275,94.48900602168226
mp-568186,YRu2,167.183,48.099,180.6540570736468,53.909328641670506
mp-568273,LiI,20.169,10.762,22.272372762005975,9.978633010057816
mp-568337,ThRh2,145.788,30.894,163.96035927572265,39.98877236556525
mp-568382,MnBi,56.091,31.575,51.90816447653243,29.162155384080425
mp-568565,CrAs,97.069,68.271,82.14757574656792,60.261772360865656
mp-568630,LuRu2,178.59,48.129,190.2872100735173,55.94923268321459
mp-568636,TiCr2,198.395,72.282,215.03352549450256,92.29524130866008
mp-568789,TiSe,112.457,75.306,121.62460549564494,78.98979367878005
mp-568901,NbFe2,305.721,108.524,208.2606911122267,80.55445241392562
mp-568908,TiAs,112.073,34.946,117.42372274943236,42.416115646628825
mp-569170,CaTe,36.971,23.429,40.77255695059265,22.26735696191454
mp-569220,ErRu2,173.521,48.395,186.5483410358153,54.598792875689526
mp-569265,Mg3Pt,69.824,27.622,78.8194881742096,37.558315764310535
mp-569402,VP,153.93,43.728,78.5631090012989,25.581080132545488
mp-569446,NiPb,92.14,40.519,100.05836349467424,40.84150338922166
mp-569544,ZrTe,93.82,57.902,101.99427407623628,60.91096937031228
mp-569624,HfCr2,186.81,65.612,204.7715398017308,80.72013303295623
mp-569668,VSe,58.365,37.974,55.34274104311381,41.09378566635051
mp-569803,B2W,320.671,209.293,370.93426369075667,240.7141233393168
mp-570050,Yb2Sn,35.377,26.28,37.24097151030926,23.023846954784215
mp-570430,TaCo2,255.669,93.792,264.1842201095987,105.162229491636
mp-570466,Li2Ca,16.063,11.708,18.368704898387275,10.976121078172191
mp-570604,TaN,327.425,185.363,352.5584192973164,221.14466446010147
mp-570670,YOs2,212.391,51.03,228.86630745612783,74.93036277107639
mp-570684,ZrOs2,264.389,91.366,285.0185952477529,99.59287727499093
mp-570786,KNa2,5.733,1.421,5.390628577635618,3.4498304106911126
mp-570904,GaNi2,167.858,56.355,194.099599646637,63.4815306159563
mp-570923,YRe2,203.067,55.616,224.33283484499947,76.57513598510945
mp-570960,HfOs2,274.968,88.088,302.01328922531087,100.07820512780228
mp-570963,TaCr2,239.813,85.342,269.60751232465105,104.57374913420222
mp-582360,TaPd3,201.293,34.185,238.47550248528472,93.11253265592777
mp-583266,MgZn,54.259,16.418,59.186078154271094,27.792407787015247
mp-590,NiAs,117.218,43.793,152.37936547369685,60.39090308975705
mp-594,NiS,134.158,15.89,145.89255056266322,22.15269468602
mp-602,Te2Mo,16.944,14.025,92.66910307848536,56.398581198424026
mp-610,MnAs,61.789,55.488,77.53314627226237,52.82742758712723
mp-629015,BN,99.716,70.992,107.81953115354534,74.10049673966643
mp-647,NbS,178.15,100.771,202.3430235943761,109.9321628880418
mp-662,NiSe,118.982,24.256,129.0318760159403,30.048322617331827
mp-6912,Mn2Sb,62.221,25.283,72.17221723942366,37.63243784875655
mp-696572,TiP,104.788,28.707,111.79336714303636,46.83536703318002
mp-7087,SiO2,146.02,54.984,158.661612489066,96.99723748217797
mp-731,Mg3Hg,42.628,17.515,47.91336905718161,17.413514315089245
mp-736,Li3P,39.519,34.45,42.06238351126262,34.18903573133164
mp-739,TiP,139.085,90.022,150.5976739147998,102.21329766423158
mp-754333,TiO,231.655,156.899,259.26090662797856,130.5469689677926
mp-757,Li3As,34.809,30.48,37.2997554331497,31.863491434330054
mp-774873,NbS2,22.146,10.683,105.52599232166682,57.09302320124607
mp-7821,VSb,91.597,45.452,89.97609589395529,45.50347481491631
mp-786,MnSb,56.824,41.61,66.6048345198725,42.468052524726275
mp-788,CoTe,113.699,50.317,124.02202905835205,44.04730456249785
mp-7897,K3P,13.975,6.039,17.45841545428565,9.26192639831324
mp-7898,Rb3As,10.489,3.5700000000000003,15.940252911957216,7.641131013552172
mp-794,CrTe,43.579,23.178,54.87514712925867,26.154074173343975
mp-7955,Li3Sb,28.627,24.195,34.97418594195537,23.272211808034292
mp-7956,Na3Sb,19.462,12.543,23.102951676056698,10.968264410545244
mp-7991,BN,97.905,68.078,105.51061316970356,73.79189637349982
mp-8033,PuF3,118.532,34.579,136.63821861648603,52.39646241565831
mp-810,NiSb,108.123,50.253,127.51332661923922,52.237850150622485
mp-8354,LaF3,109.184,26.885,127.35472024261418,47.10920689956213
mp-841,Li2O2,72.65,50.633,91.10290083322636,54.766875061302656
mp-861610,Tc3Pd,252.716,144.737,315.39630014623646,143.16552480107606
mp-861630,Tc3Ru,303.39,161.012,346.62353985783,111.50390785683771
mp-861867,AcI3,2.551,1.677,17.595919678582376,8.980620037612683
mp-861889,Sc3Tc,89.781,30.851,91.75809464165194,26.1325841241332
mp-861943,BPt3,179.835,62.621,225.12962512255635,56.66866065845911
mp-862259,Sc3Al,66.919,42.694,67.26566851526538,39.66894764665035
mp-862260,ScZn3,79.006,29.499,95.43852700113358,44.02224462593011
mp-862289,AcHg3,46.985,12.999,53.71278576932084,15.659007887651516
mp-862586,Re3Pd,297.088,173.524,382.1432114640879,168.34911400398587
mp-862589,Re3Pt,325.952,204.28,415.4013776004311,175.4307195033385
mp-862604,Re3Ni,317.142,179.065,382.75016208474455,167.6898932331034
mp-862617,AcAl3,58.815,34.916,69.54234084634227,45.07780678262196
mp-862620,IrRu3,321.281,185.926,366.2630571648509,171.72599691407223
mp-862655,Ru3W,308.427,168.416,342.88255633515723,132.88651888027508
mp-862679,TaZn2,151.886,90.589,170.53589924012232,82.00533533120573
mp-862732,PmZn3,64.957,15.758,73.85942311339507,35.260425321252946
mp-862756,PrGa3,66.478,44.283,75.23246856983107,40.890554029658176
mp-862769,RbGe3,19.114,12.139,35.786762111595806,17.601901181467653
mp-862779,Tc3Os,325.151,174.876,376.0815365921175,118.53407522012692
mp-862800,PrI3,2.5460000000000003,1.806,18.882329708903544,8.811312810743694
mp-862844,PaAl3,95.953,49.122,106.9708808345744,67.20567958186149
mp-862847,PaB3,202.995,148.952,142.64968363669908,130.96085255285018
mp-862854,PaPd3,159.305,52.044,173.28412365523312,60.25714331168355
mp-862865,PaZn3,90.652,6.371,101.86095796669456,47.52416128647026
mp-862980,PmAl3,68.914,41.964,81.6653733845515,54.60868779286308
mp-862983,InCl3,5.376,3.058,31.95284820679017,6.6901921580763375
mp-862984,PmB3,144.75,110.498,174.86518718079745,124.80650344564464
mp-862986,PmBr3,3.842,1.747,24.937864191398173,11.89536235029482
mp-863026,SmCl3,4.313,2.666,31.17808391660849,14.272459253233986
mp-863028,SmI3,2.8,1.882,19.111022844014595,9.397753245291762
mp-863029,ErCl3,4.864,2.495,30.12911023519695,14.481308889032366
mp-863264,TbI3,3.138,2.63,20.21021108443071,9.694992220227604
mp-863677,PmCu3,78.335,25.855,97.61955781472118,35.351129072176136
mp-863695,PmI3,2.9,1.732,20.19647000154717,9.845654205996384
mp-864617,NdI3,2.955,1.905,19.36760952762871,9.201758873579376
mp-864657,HoI3,2.881,1.97,20.375696595118644,9.904433956052015
mp-864733,MoI3,3.156,1.928,24.317734924648654,14.82257462377444
mp-864735,Mn3Ir,242.395,155.689,331.54701311908286,153.52840440836405
mp-864889,ZrZn3,101.369,41.219,106.06380830536524,52.03938816322164
mp-864901,LaAu3,77.617,20.513,97.62129610422107,22.16097055814622
mp-864915,HfBr3,5.026,2.429,34.66218577476513,16.85790021188865
mp-864931,MgCo2,111.473,52.91,122.12220972691306,63.928018188018214
mp-864934,MgAg3,76.915,19.291,85.01440378891897,27.235972064040585
mp-864935,MgAu3,109.614,21.208,128.11672902572653,32.67268097158263
mp-864937,Mg3Sc,43.21,24.542,47.10991717082006,27.54412855667628
mp-864938,Mg3Tl,34.56,13.139,42.56289644230499,16.878439968317497
mp-864952,Mg3Ag,47.879,33.169,55.980282359558075,23.770568552561624
mp-864982,DyBr3,3.535,2.081,25.39476760447628,12.39978381749474
mp-864995,DyAl3,71.682,39.137,87.07924032376864,56.991831319485094
mp-865022,MnIr3,287.886,136.361,310.61024296049254,141.83235997848564
mp-865171,YbHg3,38.477,14.403,44.27502159196028,12.1724685014002
mp-865193,Co3Pt,211.803,94.266,224.26202498106804,103.76683879334712
mp-865301,TmBr3,3.109,2.236,24.04669864101684,12.125811329253985
mp-865324,LuCl3,3.289,2.7,33.15490248848173,15.67969393894534
mp-865353,TmI3,2.736,1.961,19.349354709869115,9.487900427373996
mp-865400,ThPt3,174.749,44.381,200.201461022473,67.12851763268145
mp-865428,UP3,104.325,79.737,124.59994248764762,41.08263378551427
mp-865450,ThGa3,85.675,43.146,94.49296544278884,48.442844836525296
mp-865473,VBr3,3.46,3.386,29.197049069850692,15.349701190651174
mp-865493,VI3,6.8469999999999995,2.292,23.896843477862458,12.091894487444884
mp-865496,VIr3,321.065,186.516,363.43670911666857,175.6617245478229
mp-865521,LuI3,2.849,2.379,20.711744390081623,10.199949914164872
mp-865527,YAl3,70.402,38.964,88.87047555014571,56.93790581732887
mp-865733,CoTc3,287.788,154.37,333.4964064885279,133.29150740843787
mp-865798,GaCu3,124.561,45.438,152.78388537815516,53.97774953898606
mp-865960,CoRe3,352.906,163.317,384.308208767896,145.5508610789164
mp-866003,ErI3,3.096,1.721,19.42938979715418,9.15903994012234
mp-866108,HfZn3,106.771,15.766,114.27060273729394,55.54156261802
mp-866161,VRh3,251.039,128.846,277.9286935697042,120.27894021446474
mp-866214,LuBr3,3.474,2.266,25.76339017918674,12.75434085137706
mp-866222,AcSi3,64.505,52.263,91.1833226698664,51.47407205262458
mp-867141,ReOs3,395.382,248.808,457.5789659979054,186.9500384695655
mp-867143,SmGa3,69.324,41.914,79.42115179885062,40.56495380088926
mp-867212,TcOs3,377.014,239.966,446.813835894918,180.21315948527615
mp-867229,RbSn3,12.419,8.094,30.86058809352133,12.619645932428108
mp-867246,TbGa3,71.201,44.485,80.80464365986317,40.109678210482194
mp-867264,Re3Os,374.539,203.733,424.27322775513994,132.72633095652324
mp-867281,Tc3Pt,286.08,178.077,345.08326299112565,160.8713543241256
mp-867288,TbHg3,59.883,21.49,71.75255758833845,17.767410690383745
mp-867317,Cu3Si,144.315,60.128,172.41057395146652,50.10285585567695
mp-867345,TcIr3,341.997,157.989,387.9693461451736,172.40855690102467
mp-867356,TcRu3,308.589,192.283,351.92837936784554,145.30892767500168
mp-867357,Tc3Ni,286.678,150.925,322.4797228283296,131.682310913415
mp-867792,ReIr3,358.896,159.736,408.99303192291086,169.44480088731808
mp-867800,AcSe3,55.602,18.189,87.17023071552953,10.899146733093692
mp-867815,AcGa3,58.767,37.601,67.34604795107823,37.42811512144364
mp-867838,AcAu3,74.927,22.77,90.58748556277536,21.591740969672156
mp-867870,SmAl3,68.731,43.821,85.01127714358925,55.09745640991878
mp-867879,SmHg3,57.544,21.074,69.63192054821351,17.804216974537212
mp-877,Er2In,55.971,27.494,60.24903114040816,30.64571287684449
mp-900,RhSe,138.031,26.75,145.30144757874936,31.65055738930106
mp-956096,HfFe2,170.582,76.603,155.0636415978002,87.5002446865972
mp-959,LaAl3,61.963,41.255,75.50453931841936,53.69055202003036
mp-971909,ZnPd3,149.877,0.619,166.62426677721598,54.8344075180872
mp-971920,TmMg3,40.818,20.14,48.53536289297217,28.26959752093942
mp-972042,Zn3Cu,92.401,63.909,114.86793267394074,36.27537492712895
mp-972099,YbMg3,28.79,11.895,35.64077814433984,18.96005498525375
mp-972220,TiPt3,233.898,90.295,267.0015353129991,102.6071514814912
mp-972257,LaTb3,34.964,19.382,37.765504381783664,21.310108045276905
mp-972310,Tb3Si,58.091,20.696,58.8938839673677,28.28036287753597
mp-972494,SmMg3,38.754,17.395,49.33558402187777,28.789396368185635
mp-972549,SmLu3,43.336,28.525,45.46105979463269,24.98437891807102
mp-972794,SiSb3,90.641,11.961,73.92034025140767,2.2775234150239076
mp-972876,Sc3Cd,59.118,34.349,61.96313823641036,28.143637122250897
mp-972895,ScAu3,116.515,29.776,143.37717777785335,41.96450284415058
mp-972941,NaBi3,32.912,11.214,39.47498097246797,10.009468050437365
mp-973166,NaCd3,27.528,10.71,33.421593586879816,11.346103262471695
mp-973266,Lu3Al,53.348,33.866,61.7399221107968,35.11843574133593
mp-973300,Lu3Ga,53.035,27.112,58.441226482398,33.762614911472895
mp-973316,NaLi3,11.571,5.99,11.90700461515288,4.888463064918587
mp-973352,NaCo3,29.646,168.403,80.92126383796885,30.179121579415035
mp-973415,LiLa3,23.83,8.867,23.038167709692367,9.335963866734364
mp-973465,Ho3In,49.414,27.113,56.5843907619507,25.81700328546086
mp-973684,LuMg3,41.172,18.141,49.658130105652035,28.489673799109227
mp-973689,Ho3Lu,44.373,30.304,45.4889395891483,24.318777482981968
mp-973983,NiPd3,174.379,20.43,198.6049938785129,65.21446524944868
mp-974322,Ho3Mg,41.03,25.844,49.604173866078455,19.780000328717364
mp-974325,NdDy3,38.234,22.519,43.198352525473645,23.358423658210175
mp-974326,OsRu3,331.196,215.629,381.7776951022011,167.76923289019075
mp-974341,RuRh3,267.514,110.675,308.8937452752016,123.74822274142608
mp-974411,Re3Tc,348.896,170.331,389.43705466776464,105.35224764994902
mp-974437,Re2C,400.846,269.296,448.1915275920175,237.1533372090583
mp-974464,ReH3,162.958,27.22,236.42147041172103,34.025939143775425
mp-974625,Re3Ru,350.663,184.629,408.44096687474064,144.26862330998736
mp-975321,LiSi3,40.544,1.582,77.3491929029981,18.251299527783154
mp-975651,PrTm3,40.703,24.774,42.95042274516224,23.172757938666905
mp-975658,PrHo3,39.752,23.682,42.294542986939696,23.622813832990357
mp-975834,MoRu3,295.76,165.564,330.128476270261,136.0186514998547
mp-976356,NdSc3,44.174,24.132,48.23072378617452,22.387915391317627
mp-976751,Nd3Zr,41.816,20.853,44.69753228787239,20.98975010951678
mp-976806,NiAu3,131.736,26.657,164.76492321607083,43.614698714276344
mp-976838,Ni3Au,173.553,46.299,211.3674170036936,78.2230164629837
mp-976893,Ni3Sb,161.359,56.636,192.96291156100477,63.252498323523945
mp-977126,Li3Ag,26.62,7.681,28.777607709877316,15.421809295447693
mp-977207,Li2Mg,20.429,3.332,25.09269301610599,13.582597175561627
mp-977375,HoBr3,3.636,2.449,25.996700212683667,12.547385812840592
mp-978088,PrLu3,41.583,26.103,44.25654376253869,24.890391357668403
mp-978264,MgW3,151.681,34.379,232.3613238584842,46.87212471673427
mp-978270,MgZr3,80.271,37.943,87.51888279680995,33.641625595127366
mp-978525,Si3Mo,122.507,22.707,200.16585405911377,84.67197656190287
mp-979013,SmGe3,65.983,17.126,83.95550052045715,27.33099776693842
mp-979026,SmTm3,41.991,26.898,44.30717992031819,23.37115226071603
mp-979234,Sm3Y,35.996,20.299,39.757914449752086,21.79716451947529
mp-979263,ThMg3,46.981,20.296,56.62441015880683,30.679478136416915
mp-979293,Sm3I,32.87,4.8629999999999995,36.11717354608153,16.25023062490098
mp-979339,Sm3Cd,41.081,20.619,47.75458385921628,17.89110259088888
mp-979465,SmCd3,54.374,20.865,67.03655045341277,25.920121311852707
mp-979614,Sm3Er,36.589,20.829,40.66812614907307,23.334153531331417
mp-979899,Sm3Ho,36.414,20.498,40.16961165717312,22.44161027080776
mp-979923,SmMn3,72.777,29.185,52.216853395378024,37.488400350003445
mp-979933,Tm3Si,59.796,24.042,59.64725010917491,35.000645001038826
mp-980200,Zn3Rh,125.139,36.556,144.03706082356643,43.53703477719344
mp-980429,Sm3Hg,44.884,17.74,47.07511528043029,16.287287534365767
mp-981375,HfMg3,55.161,32.213,64.21508490776102,37.24484580116188
mp-982557,HoGa3,69.96,41.108,80.68451717075305,36.565146522908414
mp-982981,Na3Rh,20.449,9.445,29.646172469730335,13.50507499754724
mp-983509,Na3Cd,11.971,6.122,11.573152329981603,4.863011235105138
mp-983567,CaAc3,22.937,13.541,24.384269833085146,14.930292961068409
mp-983607,V3Cd,119.789,37.671,143.55607798324934,56.69036471187243
mp-984,BN,102.457,73.485,110.60620668331862,77.890761196404
mp-984351,CuAg3,96.627,20.565,111.40631978213558,37.140838169235835
mp-984699,BaSr3,10.675,5.229,13.76785501486525,8.171378374364785
mp-984744,Ca3Tl,23.597,8.383,25.89332027300024,16.339411348412707
mp-984754,PmHo3,40.295,24.832,41.1529926868922,22.893478380613814
mp-984873,Al3Fe,119.201,55.328,133.58873930585872,53.73622327692245
mp-985287,AgAu3,121.49,15.796,143.47943101587887,34.112248930578076
mp-985302,Ac3Pr,25.621,14.427,23.949739247822325,15.150499453300233
mp-985303,Ac3Th,32.211,18.276,31.59393351898935,17.595102198953896
mp-985554,Ac3Nd,26.403,14.982,25.335523225125524,15.738150678121402
mp-9953,HfP,147.126,83.603,157.30039765626614,98.76311021549404
mp-9954,HfAs,127.118,65.141,134.43269451316274,73.49663752198859
mp-997630,ZnO,165.478,44.222,180.63844565495953,56.45581783380157
mp-999117,TcN,343.828,144.403,403.88588885604713,137.28715066000825
mp-999118,TcB,288.337,42.622,308.2689562611409,100.57834921259744
mp-999120,TcB,301.077,189.179,333.77465500387035,202.56881775587345
mp-999197,AgN,146.384,2.583,150.76622328856084,10.771004991904094
mp-999263,RhN,273.586,88.779,288.2464027970079,59.816865264383985
mp-999266,ReN,392.349,212.91,459.04439847961737,159.1358919695563
mp-999308,OsC,374.861,95.289,416.87495722533913,137.05687615033943
mp-999318,NiBi,88.03,36.741,103.12825878899324,38.56170548748668
mp-999357,NbN,304.91,165.167,331.123669874498,183.3536821140222
mp-999377,NbC,273.377,151.933,292.6774289739502,143.52179158361955
mp-999388,NbC,236.476,97.351,265.1096566523918,134.65902444109335
mp-999516,MnP,105.134,80.838,106.19618266460463,88.99571539515182
mp-2856,Mn4Al11,123.19,86.605,137.3599375027872,90.9810940341586
mp-2929431,HI3,1.785,1.164,8.156789296033867,4.957521055407248
mp-487,MnP4,137.01,114.123,140.30291138207886,110.32024034816484
mp-530274,Al23B50,184.943,107.776,208.9283540955179,128.37058845012098
mp-562100,NbS3,16.691,12.414,113.95266501038395,65.11211825702905
mp-568245,NbBr5,2.605,0.798,39.95733285958717,18.875427877987075
mp-569522,MnP4,137.141,115.49,142.09100753892957,112.25301938055158
mp-572758,ReS2,11.027,18.793,152.09592905759908,83.05533915051157
mp-642822,CaC2,58.929,20.203,80.15882967816192,45.84018280118678
mp-849060,VS2,12.703,11.615,56.15742239898558,35.5595950972626
mp-9481,TcS2,26.399,18.646,138.37312092305356,75.45654117131964
mp-1068,CuS2,53.369,32.823,98.80577947639152,41.215215088542855
mp-10844,Te2Ir,111.463,53.591,140.14387198398194,70.18922788298595
mp-1356,Sb2Pd,87.651,29.488,103.80064572976212,46.81469200849828
mp-15619,GaAs,57.058,40.993,67.87602867312067,39.99522679297253
mp-15621,AlSb,48.47,29.724,56.2631069686365,30.355202596801824
mp-1746,MgF2,104.298,56.418,118.21120184697372,61.732708660532865
mp-1848,Te2Ru,110.797,76.97,136.85449040101005,94.61161937832296
mp-1922,RuSe2,137.146,92.704,160.12556891453173,107.34598814653351
mp-20066,CO2,4.63,2.479,106.28243463357695,31.467512841354505
mp-2030,RuS2,172.042,121.491,197.79842497285216,133.48188109695312
mp-20465,As2Pd,110.797,51.467,123.09543059357152,62.90671243578142
mp-2070,CoS2,127.327,72.8,142.59825368317416,84.55264122796876
mp-20901,NiSe2,96.857,38.657,109.08704953529144,45.51774970551679
mp-20905,OsS2,193.971,139.154,220.7072016567793,158.19113695800257
mp-21065,SiP2,108.341,82.444,130.51796935906756,80.28950861407877
mp-21321,MnSe2,66.359,30.223,47.56854337570673,43.97351654475276
mp-2142,Te2Os,130.119,88.304,149.47654603555208,99.11342172741442
mp-21873,NiAs2,105.659,57.182,126.94964942619018,67.05430717576048
mp-21893,MnTe2,49.969,24.456,48.33055916179777,31.5139093663942
mp-22309,CoSe2,99.992,63.944,130.19064337650457,74.38720374522649
mp-226,FeS2,145.937,135.327,178.68177026035318,149.85339821939098
mp-22619,NiP2,132.249,98.281,168.16698583764372,95.5917850628539
mp-2280,CuSe2,74.484,24.776,86.02698349306655,28.70294888267567
mp-22864,Bi2Pt,82.069,26.028,99.57708361332207,37.12640640308755
mp-2310,CdO2,105.752,37.359,131.8398795393485,58.30379165002896
mp-2513,As2Pt,136.486,84.294,149.99867695306594,85.1906924510481
mp-2589,MgO2,129.089,86.082,157.45301429347137,110.04027766509688
mp-2604,MgTe2,37.266,22.167,52.34430388021958,17.251936728169206
mp-2633,GeO2,229.91,139.96,254.6175617426387,140.3842918225983
mp-562,Sb2Pt,105.593,55.904,124.09836871346504,59.14898229285698
mp-570285,SiBr4,1.204,0.344,24.58695621346994,11.38047311258787
mp-635441,SiI4,0.421,0.152,18.995879369495626,8.912137247452405
mp-697,SnO2,192.235,99.178,212.95715952532385,101.84686090810386
mp-730,P2Pt,175.121,117.617,203.9764375006859,130.64283270797762
mp-738,Sb2Au,72.555,23.812,87.60756787315697,29.590045843819123
mp-754,Te2Rh,95.422,48.854,120.64682360547717,59.42840897999539
mp-8484,ZnO2,138.631,62.222,173.08388269821089,90.91306615192558
mp-8909,RuO2,273.128,147.463,317.2995261796289,156.0586378136821
mp-9258,SiO2,310.27,213.805,347.9874266578264,232.8566238068673
mp-1045,Nd2O3,124.063,50.641,133.6500475026658,66.28004031603797
mp-1056,Tb2O3,141.499,61.887,151.71272741900384,79.77850191279883
mp-1427,Lu2O3,156.458,73.089,170.2725873776388,94.37745099832256
mp-1559,Mg3N2,110.105,77.845,121.08929998767404,88.72656197830412
mp-1767,Tm2O3,150.148,70.015,163.9610325228505,90.84977988071832
mp-18337,Be3N2,214.318,185.759,219.45803775396405,170.20480039718504
mp-1990,Mg3As2,49.199,27.37,53.2193119671987,28.55629907984633
mp-216,Sc2O3,167.269,79.706,185.86967303505511,99.61004130558318
mp-218,Sm2O3,130.35,55.209,139.60763696614157,71.2149078250972
mp-22598,In2O3,144.766,57.394,158.8918001761033,71.81133786338643
mp-2292,La2O3,114.974,39.632,119.66658208680128,53.481764051354
mp-2345,Dy2O3,143.814,63.498,154.88496309305867,82.38125769024083
mp-2652,Y2O3,138.413,62.199,150.08256717991105,79.97421403738072
mp-504886,Gd2O3,131.73,55.657,140.66066645888836,71.35988758291946
mp-567841,Be3P2,91.876,71.729,97.84619523235746,60.15081153502856
mp-679,Er2O3,145.923,65.426,160.07977432096402,86.97997727571651
mp-771359,Cu2O3,161.174,53.715,189.50329682389568,67.05357496821142
mp-776475,Al2O3,212.727,127.515,240.9022978920736,153.23242645950197
mp-844,Ca3N2,67.434,33.75,72.04152569257063,38.17845250674885
mp-9460,Zn3N2,131.064,56.059,147.17707310180072,67.18374917018727
mp-986716,Sr3N2,50.639,22.587,56.448102435939326,29.164006962058835
mp-1018112,YSb2,46.26,1.393,43.314583991711736,11.201990846875194
mp-24082,Ta2H,203.084,67.791,223.64934511502335,84.72914304852378
mp-11227,Al12W,92.968,58.228,111.67063900444448,47.049342621150195
mp-1239,Sb3Ir,98.2,60.31,112.22779159775668,58.607639411713826
mp-1317,CoSb3,84.037,57.702,102.26074538770212,57.39173111364315
mp-1357,P3Rh,149.168,97.011,169.4748075460564,112.03469936598128
mp-13853,P3Ir,170.079,114.248,185.863140948726,132.8411958428379
mp-1648,Al12Re,98.031,77.342,118.16505412943904,49.874930422106125
mp-16719,Al12Tc,96.935,75.356,114.45930077297588,47.99978695017451
mp-1944,CoP3,143.928,115.879,169.71605901671734,123.47871387761433
mp-2301,NiP3,125.545,75.904,141.09161085233092,88.95142725349397
mp-2789,NO2,5.601,3.922,122.77500951590912,68.63514929880996
mp-30443,Be17Ru3,151.947,117.848,168.36722136505617,116.4431015495956
mp-452,CoAs3,108.351,83.076,132.67949091761074,85.53154557991125
mp-540912,As3Ir,128.27,83.893,149.95155156017205,89.69362905534304
mp-550,Al12Mo,91.875,58.772,107.0382136050502,45.301651867373394
mp-8182,As3Rh,115.538,71.782,131.35471468102165,77.32868147837878
mp-971669,FeSb3,100.502,47.232,97.99805875550727,59.49484676600042
mp-496,SrSi2,58.246,29.769,64.18748368056914,30.386651328496367
mp-542730,V8C7,249.054,178.711,326.91102752872246,184.040946809168
mp-7275,BaSi2,52.121,33.929,56.3252683088236,27.150440583893417
mp-568505,As4C3,117.639,78.133,118.49882589057368,72.37171262533994
mp-569600,Ge3As4,47.172,29.44,64.50216357077532,33.349173164312184
mp-570377,Sn3As4,34.489,21.164,56.80536634829985,26.39113275569832
mp-570744,Si3As4,58.179,38.466,70.58287763466183,38.96019332569877
mp-571653,C3N4,391.827,375.573,415.7170521758075,362.66215654124096
mp-625,Mg3Ru2,105.762,52.226,122.6187641391472,52.13029325309748
mp-1368,Zn8Cu5,105.749,32.407,121.48521348588648,43.49390512357715
mp-1818,SiF4,7.258,4.652,88.286522956894,41.481319820959186
mp-20276,U2F9,78.546,42.193,153.84403090595768,71.15935647529528
mp-2151,Mg17Al12,49.768,19.098,56.21102805884266,26.858029902708857
mp-561543,BeF2,8.258,14.198,65.6342272073032,40.290742228427966
mp-11607,Si3N4,254.688,149.374,275.0150097086972,189.8862774509632
mp-11661,Zr3N4,200.814,116.039,296.11264144295757,162.85284970025432
mp-1184,La2C3,106.014,11.549,128.35418335387945,63.2202967762829
mp-1347,Th3P4,108.466,57.835,125.43786883384954,52.80193898410395
mp-15661,Sc4C3,113.058,68.134,159.2468003041513,104.24854099266246
mp-1695,Y2C3,119.54,48.318,164.3986059593908,92.97526899753956
mp-1777,Li15Ge4,28.204,19.528,30.670167089512585,25.454372013942542
mp-20181,Ce2C3,115.855,71.811,156.28015763505485,83.71642594822985
mp-20328,U3Se4,64.012,14.148,78.05611396566428,37.18861405360273
mp-2038,Sm3S4,95.742,1.08,99.2082016959245,42.7858696264281
mp-2204,Nd3Te4,53.979,16.8,63.91996831044164,26.588849931090945
mp-22422,Ce3Te4,40.96,27.802,52.69165885149671,30.216797707104952
mp-24202,Th4H15,81.272,42.175,97.70384731257776,62.00575299269038
mp-2625,U2C3,184.425,100.718,217.42954020026735,100.79391522250828
mp-2852,C3N4,441.727,375.735,486.19823199400776,370.881817515715
mp-30892,Ba4Bi3,24.169,11.495,29.415299419516053,11.20073982023855
mp-392,U3Sb4,75.787,32.637,80.61544177456827,33.06189194395873
mp-567395,Li15Au4,28.91,13.292,28.81976050702863,15.753249507096337
mp-568320,Y4Sb3,65.708,31.924,81.38928406271401,41.61919501201412
mp-569849,Li15Si4,29.691,20.993,33.52111279766307,26.4886561070757
mp-606,U3As4,100.456,49.726,112.4419126237737,52.22703827674609
mp-879,La3Te4,50.175,25.245,58.98490278838762,26.660298681704692
mp-1021503,SiO2,275.987,133.326,287.852293690651,155.77934397593003
mp-10762,Cd3As2,45.328,14.071,49.10483347765223,21.07474615877645
mp-11872,Ag2O3,125.939,21.458,130.8585454807667,10.534426659192366
mp-21185,Cd3P2,53.243,21.626,52.90300849948989,23.623198795005116
mp-22891,Bi2O3,107.798,21.406,117.30324179545224,52.09868525271624
mp-32927,Tb2O3,134.172,50.448,143.2184108242628,74.16561473110913
mp-361,Cu2O,111.715,7.888,123.9446940567014,24.7788983536378
mp-551685,Pb2O,24.735,0.848,62.48265233199226,9.171100816499251
mp-673247,Y2O3,135.747,57.501,141.47856691140777,72.76216827651433
mp-684768,Sm2O3,126.271,52.094,134.01919872709072,67.81103001659558
mp-685148,Ho2O3,137.137,54.669,147.0594082338193,77.68468087007922
mp-7845,Zn3As2,56.943,22.843,62.88594244739148,25.253916754094092
mp-7846,Zn3P2,70.323,30.525,74.73639984244632,33.12845080095706
mp-8085,Mg3P2,57.133,38.966,60.86917259774107,39.23610827480316
mp-947,Au2S,66.577,5.8,77.66735008418334,24.94549282390497
mp-1120,Mo3Ir,282.393,107.926,312.11728639226027,107.52594290126387
mp-11263,Zr3Au,117.118,53.078,135.2427352815484,43.74165769038382
mp-12071,Ti3As,126.897,44.714,157.66404197041425,78.2247079939424
mp-1221,V3Ge,184.157,42.108,201.69110198378849,95.82904418887507
mp-1231,Cr3Ga,217.363,121.695,239.37759797909027,136.85586765339806
mp-1232,Mo3Pt,265.997,83.581,288.21545435683345,118.9574908236924
mp-1272,Cr3Ru,265.536,105.327,275.3356812167198,108.8935650850733
mp-1275,SiMo3,251.363,129.281,273.06224655901315,134.95681509977572
mp-1373,Nb3Ge,171.519,20.09,196.63397452971495,85.01461769810082
mp-1387,AlV3,161.804,0.675,171.7394767165247,72.29049137812682
mp-1412,Ti3Sb,119.611,20.295,124.6686765557519,58.08905956805498
mp-1458,Nb3Ir,218.977,102.506,240.3672350447712,85.14777783996126
mp-1545,Nb3Rh,201.402,86.842,224.09871540322777,76.98453335456998
mp-1555,V3Sb,171.734,80.374,195.30666257914368,102.682985652945
mp-1578,V3Rh,216.564,105.892,233.74150415776907,92.62288622923629
mp-1585,V3Co,208.895,109.487,230.08059881940977,89.13584174687456
mp-1604,Pt3O4,213.174,58.894,228.82943013421263,103.87429187157704
mp-1609,Cr3Ir,275.177,107.47,302.6407985189898,125.78127044539993
mp-1630,Zr3Hg,105.27,58.772,114.4100116511252,43.14021203294358
mp-1664,V3Pd,194.62,77.739,212.60360988299885,82.21712212789787
mp-1786,Ti3Au,137.742,71.311,154.0182387007686,66.48450771568751
mp-1932,Nb3Os,232.709,84.517,241.9714939131736,92.4837731954023
mp-2006,V3Ir,239.084,123.848,263.1318849413849,102.43468296771562
mp-2053,Nb3Sb,173.865,82.544,197.09759196435533,89.71857838251573
mp-20685,Cr3Ge,229.213,133.08,254.31984305632017,143.3445108488483
mp-21342,V3Sn,162.896,5.122,177.83388824620195,86.27467842805402
mp-2211,V3Pt,219.134,96.288,243.12824968792276,98.04399051992344
mp-22568,V3Ga,168.668,52.731,181.5725698538148,78.2223889450283
mp-2339,Ti3Pt,157.855,56.112,173.8257111989213,62.24831855837554
mp-2354,Ti3Hg,118.442,68.833,127.33968246256411,61.489073823938014
mp-24659,UH3,108.814,61.069,109.69979948693044,35.88013947608271
mp-2567,V3Si,192.13,52.199,214.99358894709965,110.78433503860956
mp-259,AlMo3,224.498,120.006,247.64609064046215,129.42577984025317
mp-2663,Nb3Pt,203.6,81.716,219.27731980737212,75.84431634084454
mp-2752,Nb3Au,184.705,64.46,205.69226996027209,66.2547129361756
mp-292,V3As,195.129,111.483,218.0872216708386,115.67673317368518
mp-30788,SnMo3,216.251,102.767,242.65284007034705,111.49962670297448
mp-30790,ZrMo3,193.868,33.7,213.24912893298847,54.485234498772606
mp-30876,Zr3Sn,103.006,39.314,112.87484876591704,52.30636633024733
mp-416,Cr3Os,279.999,116.816,316.6996438369451,116.8305056399113
mp-446,Cr3Pt,242.7,85.42,267.3060975374971,133.2528736816828
mp-541,Ta3Sb,187.381,85.474,210.02072358971927,94.8531161419312
mp-568014,Nb3Bi,158.674,66.883,180.8367552821064,79.34862297048355
mp-569249,Ta3Au,200.678,65.069,226.1049872059189,89.60036390376689
mp-569366,Nb3Tl,154.29,26.551,172.0546602543119,69.0702145169626
mp-570751,Nb3Te,170.078,85.959,186.1943354582033,88.43333054204973
mp-640551,Ba4Si23,74.091,34.907,79.91881552949366,34.003619269018415
mp-672337,VGe3,86.695,19.052,95.8053282804769,31.580092199280237
mp-7226,V3Ni,202.988,96.268,218.0764239582144,97.18440920318169
mp-729,Cr3Si,246.829,154.873,280.137938264317,155.50141772600128
mp-796,Nb3Al,159.438,11.999,185.0486005557929,79.48169639003733
mp-801,Mo3Os,290.754,122.068,319.18546303806846,100.99525202139772
mp-839,V3Au,186.748,75.505,206.54742202763688,87.55041642849613
mp-10015,SiOs,290.957,121.446,334.01583999739984,190.84619280281152
mp-1001788,ZrB6,178.43,52.095,204.85010782107815,127.55539477128993
mp-1001834,HfN,238.794,72.753,262.41617996461684,122.50012670900207
mp-1002105,VN,318.361,228.608,356.7934332679473,264.80418920524755
mp-1002117,TcN,335.61,116.329,378.440296006253,97.22496678819948
mp-1002122,HfIr,207.546,56.564,223.94875965251688,40.63070641717512
mp-1002183,TcB,311.631,131.046,337.7876063732955,69.08692929391346
mp-1002207,ReN,361.49,59.704,448.7929377062902,78.26491989671929
mp-1002210,EuS,79.757,18.648,62.418563244406975,21.353051568554072
mp-1002230,PuBi,33.229,0.486,54.01059385936659,7.661874036826298
mp-1004377,HfB6,181.947,16.36,206.6031389303816,130.92688895216648
mp-1006886,CeS,119.446,40.563,73.92886710150162,32.81744446441992
mp-1007656,HfPd3,179.875,81.621,196.59510223446313,91.36578586678036
mp-1007657,HfRu3,232.863,85.143,251.80945307170364,45.790822161114946
mp-1007690,HgPt3,192.168,33.801,209.39487894701185,40.78014501163481
mp-1007693,HfOs3,288.028,105.077,318.46062922589607,90.24008165693915
mp-1007730,HfAl3,103.976,57.804,110.48607684139787,47.927903122485525
mp-1007819,CoW,246.534,308.988,285.6715020297375,-93.6339141692616
mp-1007852,FeCo3,191.847,114.871,197.4758396523685,77.83526599457068
mp-1007974,CrNi3,205.939,102.844,223.2101010592375,106.56252909565212
mp-1008274,Co3W,274.04,146.065,290.7376747751951,156.38475396177506
mp-1008278,Cr3Ni,240.418,82.757,253.08099043923795,56.803384626123616
mp-1008279,Co3Mo,255.044,140.331,279.0025784907403,147.5731067261386
mp-1008280,CrCo3,380.486,149.373,263.427270933212,132.6238700991873
mp-1008285,Cr3Fe,239.14,60.631,264.5999673814746,-3394.602183466434
mp-1008349,Co3Ni,258.138,102.21,225.41693194986993,103.52623369847512
mp-1008554,Al3V,99.015,67.277,123.74520541548492,34.95288301604326
mp-1008555,AlCu3,138.447,41.554,154.35677093944813,49.47796009639117
mp-1008630,WC,366.4,233.691,411.6032061048471,181.2674670570649
mp-1008928,EuSe,38.732,15.025,53.86591735827032,14.91164553201336
mp-1008999,LaSe,69.443,38.027,69.65008215537266,32.90177412490462
mp-1009008,LaTe,54.624,34.068,62.36251630769894,27.304797013253623
mp-1009019,FeN,200.505,84.859,168.5805948953504,31.566267911110057
mp-1009133,MnCo,192.154,103.431,209.8518243700855,110.29947692068043
mp-1009220,NaH,23.963,4.462,27.229156966828917,9.738759596897138
mp-1009264,NbCo,207.312,70.076,210.54025452613757,35.340237332934855
mp-1009459,NbC,275.894,7.781,324.7662181126623,32.28119371254699
mp-1009471,NbN,299.401,199.167,340.3574194868685,206.3013718970582
mp-1009483,NiN,337.207,17.284,297.069093076562,30.75804118342383
mp-1009485,CrN,313.927,140.253,328.0851168111099,210.94207707337137
mp-1009596,PdN,212.33,11.955,218.4072812378192,-4.9161179119576754
mp-1009731,ReC,395.957,151.217,450.9749232465774,184.1305982967674
mp-1009819,SrO,88.931,24.1,95.6111254224635,27.20406119492077
mp-1009831,TaN,312.497,189.096,352.51717354540835,203.06511815995304
mp-1009836,ZrN,225.944,66.386,245.56680982332637,105.5296966797359
mp-1010071,CrCo,214.789,113.281,231.25170156488448,61.60714898983172
mp-1010953,MgNi,92.625,22.136,114.52692920948064,48.67044753565128
mp-10110,SiRh,209.057,94.851,238.0016653807711,56.88968825383424
mp-1013524,Ca3N2,61.811,49.482,68.08263907628874,44.553360295658
mp-1013528,Ba3N2,36.533,21.825,33.54726045821124,19.244069340778907
mp-1013529,Sr3N2,46.799,35.077,52.39431160144215,31.38367221831875
mp-1013546,Ca3Sb2,29.002,16.206,34.97298962048011,10.550874700018923
mp-1013547,Ca3P2,39.504,26.663,46.325211674826136,24.059953493031458
mp-1013582,Ba3Sb2,20.26,11.131,45.906519075951806,38.840575129085096
mp-1013587,Sr3Bi2,22.202,12.053,32.14720834616713,12.84684483584115
mp-1013736,Ba3Bi2,18.785,9.982,44.08984335825192,43.89509966913716
mp-1014219,HfZn,115.663,47.206,127.7436067721212,45.074408945603075
mp-1014230,TiZn,110.695,51.57,121.8543077547496,46.57112930230483
mp-1014460,Cr3N4,274.267,135.333,309.9849636397419,125.64386088979002
mp-1017529,VCo3,239.242,154.123,265.921663991683,134.30600960614123
mp-1017542,ZrOs3,278.47,107.11,312.3396981859296,91.0711723803556
mp-1017543,ZrPd3,170.19,76.147,187.2277226508592,81.63061642025981
mp-1017544,ZrRu3,224.96,86.307,241.1463000773636,44.07055952753469
mp-1018029,CuPd,147.228,45.499,174.44124524466488,48.399929180842015
mp-1018042,UBi,75.465,21.893,75.16066644920298,12.073816177730958
mp-1018054,HfPt3,231.325,112.224,255.22682347234115,115.12579787645436
mp-1018061,FeH3,207.518,138.143,200.2897176819872,94.04181999165624
mp-1018734,IrN,304.326,73.461,356.08920793380827,81.61904292324647
mp-1018849,OsN,353.873,130.572,418.7365445621538,135.2428191875424
mp-1019052,ReN,366.211,175.334,438.2127124014238,147.43011750979363
mp-1019319,TcN,322.518,156.601,378.3451319182355,134.12419150052256
mp-1020,TaRh3,260.037,153.82,279.7715428408039,154.8008267491936
mp-1021489,IrO3,202.01,102.231,247.26889432540625,117.64805633754278
mp-1022721,AlCu,107.236,22.993,135.0544197829433,22.429337768753
mp-1025156,NpB6,170.195,88.212,169.51605687459127,131.035501809619
mp-1025192,Ta4C3,292.905,133.885,334.2632132624613,161.97756521060498
mp-1027,HfRh3,215.169,111.279,236.75300454116257,104.66775667327708
mp-1031,GdCd,53.093,24.157,59.41262246443511,21.894953375711445
mp-1033,BeNi,182.847,9.535,200.13768869620893,112.02999282775964
mp-1038814,MgCd,42.487,10.818,44.33067893437936,8.653852074471601
mp-1038879,Ca3Zn,20.037,8.857,19.297550638559645,10.85789038770794
mp-1039073,Mg3Bi,40.241,12.544,40.19169845845212,9.822727507701424
mp-1039106,SnBi,49.232,5.49,53.573956083232545,8.26504455988904
mp-1039147,CaZn,32.75,19.961,33.00864170037635,20.111366361676943
mp-1039148,CaMg,25.36,14.975,27.10537636094314,12.34878708700066
mp-1039154,MgBi,46.143,17.567,48.390529051072754,10.94679271924619
mp-1044,UIr3,303.949,122.424,280.326263406077,132.77689255272938
mp-1053,NdZn,52.019,28.401,53.35657015361577,27.613918437390396
mp-1056920,CsI,9.862,5.449,9.562410016164144,1.1033091994017437
mp-1058151,NCl,29.74,10.827,237.58223877713704,-12.158625240528792
mp-1059,NdCd,48.816,18.872,52.63589346066512,22.971039152514788
mp-10627,SrS,51.792,19.98,55.62576629850388,17.614545860694374
mp-10632,TlS,43.898,1.927,48.12430612158644,-1.0194339863504134
mp-10637,ThSb,81.728,31.802,93.15461362657145,31.63496492210237
mp-10652,SmTe,62.478,37.283,70.45230139390712,29.490609424046248
mp-10680,BaSe,38.98,17.482,40.29643097274506,15.08946375955288
mp-10684,CaTe,38.427,7.752,44.14178039572605,11.903869003273035
mp-10694,ScF3,90.536,40.713,98.49821455422531,41.76006691143124
mp-1073,CaCd,31.367,17.651,32.36804353043034,16.921943500577232
mp-1076,KB6,133.72,97.556,142.7968336584766,110.3118177358849
mp-1082,VIr3,319.895,218.807,347.3823440349517,195.9607044058409
mp-10889,La3Al,33.748,20.182,40.9804925321279,14.598870928511932
mp-1089,TiIr3,294.735,163.457,322.9612495751443,184.2214115731662
mp-10890,LiAl3,63.994,40.501,64.62753847173585,30.466534874228575
mp-10903,AlPt,184.169,46.699,211.20256237678004,51.734519296693904
mp-10908,AlRe,218.955,52.218,281.1914753238788,63.60484008881851
mp-1104,LaMg,33.855,21.385,32.82931807863251,18.603213394251032
mp-1121,GaCo,173.828,47.411,195.64416887617273,82.44259401094531
mp-11222,Sm3Al,44.626,25.657,52.94123322340977,18.3730554761918
mp-11229,YAl,63.427,34.161,64.6417056746982,41.89184073274849
mp-11231,YAl3,75.089,58.719,82.7451217633358,53.258978103651785
mp-11237,ScAg,80.1,29.349,82.87667676542445,24.917271238467997
mp-11248,LiAu3,98.057,10.927,113.71634720076572,29.912011811047705
mp-11249,LuAu,96.113,19.139,101.8118891097156,30.83762625843685
mp-11256,ScAu,103.841,41.675,113.40611381714842,27.605704300374533
mp-11259,TiAu,133.377,34.832,145.6951054814471,-18.770356182217935
mp-11260,Ti3Au,134.279,20.319,136.34598483802344,14.693173758052982
mp-11276,BeRh,207.982,99.333,232.70709579179027,89.31186751703059
mp-11279,TiBe,124.845,73.705,120.15995622662922,44.31427535199705
mp-11286,CaHg,36.327,19.466,38.01588079195848,18.535600556099062
mp-1129,ScIr,166.725,79.378,184.57527990881323,81.75226905401199
mp-11290,CaSn3,44.225,23.071,46.810779692286104,12.771493867655556
mp-11309,NbCd3,93.666,48.102,106.15670794951004,36.19260624180718
mp-11313,ZrCd3,78.411,27.666,84.86080478011256,26.9232467188426
mp-11358,TaCo3,242.198,141.455,259.18787820096594,129.34629234908138
mp-11364,TiCu,129.327,49.243,129.83837075710375,29.425110803973084
mp-11374,DyTl,53.012,14.909,60.07366243160077,26.37213057910074
mp-11375,EuHg,41.48,17.948,35.086541226494106,14.963323555954998
mp-11388,GaIr,215.702,42.667,241.9878590705449,77.7628164024054
mp-11407,GaPt3,215.396,77.72,234.9231918404414,56.22614073671466
mp-11418,TbGa3,72.033,43.497,72.96893042175736,35.89100250243119
mp-11452,HfOs,225.228,114.202,249.2885299663971,109.89267584723376
mp-11455,HfPt,179.474,32.338,190.45857183746537,22.463327836375356
mp-11457,HfRh,180.032,52.643,189.53943874961615,46.72655957881246
mp-11460,HfTc,188.407,83.13,202.48457831736448,64.33753399163996
mp-11467,NdHg,55.951,17.642,56.991837467743466,20.921309834128113
mp-11469,PrHg,54.378,18.135,55.00747839894861,21.033303311883095
mp-11471,ScHg,76.842,26.456,83.85944202424265,25.138698903343354
mp-11476,HoIr,137.797,51.619,142.7648209571955,55.41963036897905
mp-11478,GaAg,65.386,7.734,70.98424916999807,-10.103398415811222
mp-11484,ZrIr,191.238,54.929,205.00322108147776,29.582198165164375
mp-11487,LaPt3,138.513,49.969,164.06121569227744,64.31765967889791
mp-11488,LaTl,46.826,15.837,45.75047011451017,19.845518837631847
mp-11496,LuZn,67.899,40.231,69.90772707572515,33.66501636959012
mp-11498,MgTl,33.764,4.18,37.89106066450214,11.907349298988509
mp-1150,URh3,214.274,77.53,230.4380216509839,89.75162674584757
mp-11500,MnNi,149.255,38.385,182.9561096463096,63.3610740992329
mp-11504,MnZn3,80.961,48.083,93.24303995235668,42.04739609735501
mp-11516,NbRu,228.567,155.083,253.80246795371224,41.05337569167693
mp-11517,NbRu3,254.366,135.775,290.31415797045156,97.35344452358126
mp-1152,TiRh3,228.591,123.939,245.88429208520049,105.6335079851531
mp-11521,ScNi,106.024,43.86,117.5704008358031,48.99980802083295
mp-11522,Ni3Sn,166.201,76.925,181.30473339257605,67.09558037138818
mp-11536,NpRh3,215.446,71.946,231.5010708702385,71.35400474637437
mp-11541,ZrOs,208.008,98.481,230.49696158541911,95.5696164812976
mp-11546,TiPd,153.552,19.089,165.00737442752654,-12.116741516537266
mp-11552,TiPt,185.077,25.456,195.4435656013033,-75.45942435482847
mp-11554,ZrPt,165.913,11.349,182.9516955722505,15.966925592436532
mp-11561,TbRh,109.058,37.508,116.06772327681334,38.764101857002494
mp-11564,TmRh,118.772,47.637,127.93307436274732,47.65349383669878
mp-11566,ScZn,75.344,45.806,83.43693632416638,36.95400170461441
mp-11568,SmTl,52.78,17.365,55.02859643073173,24.389192182817965
mp-11571,YSn3,57.293,1.966,63.18109996186854,7.800979930576552
mp-11572,TaTc,257.672,128.64,282.3008442930812,114.57055231492689
mp-11573,TiTc,204.076,80.038,228.53904043506523,68.80799534966428
mp-11576,YbTl,32.524,25.063,34.49054884186085,17.077739421008292
mp-11578,VZn3,117.948,65.384,120.1072498786284,53.20474698282878
mp-1158,LuPd3,134.504,51.613,149.3710760131145,66.0121269185622
mp-1169,ScCu,86.854,35.894,83.90132199641532,36.2370322806181
mp-1172,MgRh,115.355,59.938,126.87601209902718,57.41164982826026
mp-1174,MgSc,49.321,28.271,52.79453321084256,29.63321252636114
mp-1184761,Ir3Os,359.91,239.938,394.9327586180746,193.51271924831136
mp-1184771,Ir3Rh,323.477,198.555,354.25481070874605,153.97266315382362
mp-1185,VRh3,251.212,155.92,267.11203212401256,127.49073677736752
mp-1186902,Re3Ir,365.406,207.287,389.2101688662461,166.61288873958813
mp-1199,HoMg,41.356,19.049,46.70148109130131,26.66184982204049
mp-12065,Ag3Pt,121.006,34.758,130.17869786383994,37.41899116267663
mp-12083,CrIr3,307.958,214.386,332.83205921151705,174.58091243966263
mp-12086,Cu3Pt,169.333,55.578,199.73873324183356,61.69251549477159
mp-12107,TiPt3,238.047,106.959,256.64796945303016,102.6969247130282
mp-1211,ScCd,67.024,34.535,72.02119176649816,28.178011549900543
mp-12110,TaRu,241.27,137.208,276.3302683814143,48.47035216330664
mp-1236,NdAg,55.86,14.117,57.94932307197223,21.271164931174763
mp-12585,CrRh3,230.758,154.192,249.66708452562065,119.45868522066176
mp-1259,YbAl3,59.791,53.601,63.10261722737259,39.019890595461085
mp-12593,ScIr3,243.259,111.389,267.1863830114975,130.5431385592756
mp-12594,TiIr,218.372,87.624,236.563445345278,18.492037677518933
mp-12598,PrPt3,153.052,58.109,169.29172528186714,71.77798095321033
mp-1261,EuZn,37.377,21.06,38.614585929702095,19.414094693113544
mp-1263,URu3,200.183,92.494,263.78917911422764,97.28742301531253
mp-1264,CdAu3,113.161,21.558,128.36948723060496,19.500390953737305
mp-12661,Cd3In,36.705,15.689,38.57437671546967,5.642805032479543
mp-12674,MnAu,113.61,35.386,123.3268465685614,29.766650094902648
mp-12762,PrB6,173.84,117.539,195.51234480553265,145.4821762507986
mp-12763,TbB6,174.096,88.469,191.53579721366523,138.05387823956113
mp-12778,VOs,284.95,122.261,316.8590196647813,120.1717553508104
mp-12798,Ni3Pt,202.169,90.94,230.6396268137214,86.74571600609796
mp-1291,ErIn3,55.358,29.738,61.7007260898619,22.80142572297334
mp-1296,ErB6,174.535,75.967,193.09025298362232,139.8415457126917
mp-13100,MoPt3,252.326,105.846,268.8331113287651,73.30176367065151
mp-1327,NdMg,37.564,20.725,40.62947775618056,24.86564650818723
mp-1335,VFe,195.793,68.158,222.16929300879073,69.56337482968532
mp-1339,NbIr3,313.146,205.818,337.1641195312979,220.0309080451028
mp-13480,Cu3N,161.585,21.34,169.64929688670284,21.41898504194324
mp-1395,VRu,230.974,84.674,261.58628297793825,87.31528908063521
mp-1408,MgHg,45.593,19.452,47.83792972241004,12.90015083984667
mp-1418,FeNi3,199.381,99.899,218.6173885131078,89.0707950036101
mp-1420858,BiN,116.636,6.697,123.31828499773688,15.609555119617452
mp-1428312,AgN,147.992,27.861,163.94755689271813,8.992208372647616
mp-1431697,SbN,127.829,11.997,142.13529057514498,11.06887039095211
mp-1438,ZrIr3,267.921,149.21,294.8930163837265,174.9835246626542
mp-1471,Zr3Al,100.33,55.844,109.58634954245392,44.85957406809808
mp-1481,SnTe,42.065,6.146,50.50759510724236,13.436500706234916
mp-1486,ZnNi,146.22,7.305,162.5337315280706,44.0073329711016
mp-1487,AlNi,157.34,70.652,183.06891390838433,77.2256005906652
mp-1505,TmMg,43.263,21.014,46.852041153673305,25.46169055487492
mp-1518,CeRh3,171.204,73.359,185.60375101628492,68.11095886002228
mp-1529,LuIr,147.522,70.328,158.36455353769378,65.74479490314997
mp-1533,Nd3Tl,41.606,16.713,44.99894030874194,17.640814163156012
mp-1538331,YbGa,40.095,33.731,43.77658910980794,20.785078211013303
mp-1540,HoTl,55.065,19.277,58.73933400759182,24.45345966407695
mp-1548,PrMg,37.078,21.807,39.09858198059444,23.49712268628343
mp-1549,TbPt3,169.757,71.121,189.97575100488783,90.43627086154608
mp-15660,Nb4C3,269.426,127.45,301.9572636792371,148.08842978454376
mp-1571,PrPd3,111.571,42.251,121.70575734909012,51.22139754895192
mp-1603,TmGa3,76.098,44.081,71.44234188977462,35.36869777210677
mp-1608,ZrHg3,82.284,14.568,88.73542260056502,15.429825095179062
mp-1635,TbMg,40.716,20.807,44.878083492838805,25.812715008301065
mp-1649,Fe3Pt,193.206,31.661,168.23134208584636,45.41749583821392
mp-1681,La3Sn,44.031,24.189,45.94833168162568,18.344579554636315
mp-1684,ZnAu,114.545,19.123,123.66366869768513,16.381589771464746
mp-1703,YbZn,32.884,21.029,35.700930147784156,23.65696930341944
mp-1723,UAl3,88.376,63.453,91.14842505848556,53.05210636431903
mp-1756,ThB6,195.95,135.517,215.8621355992808,150.8685830170763
mp-1780,ScRh,138.583,58.07,151.69906836560196,61.22581243466918
mp-1795,NbF3,93.987,27.834,111.36610941449624,33.47543001857015
mp-1837,TbCu,71.128,31.116,75.66746318427735,29.71791752501977
mp-1857,YbCd,31.809,15.006,31.37470469892581,18.242913124123714
mp-18695,Fe15Co,181.802,84.311,194.16176987714505,93.06298547937772
mp-1877,HoAl3,76.786,59.484,85.71938638313654,56.671033713231544
mp-188,AlPt3,224.023,86.928,247.3014236267874,75.55193388061444
mp-1885,AlIr,229.406,119.385,257.5102716045303,117.3378864153181
mp-190,ReO3,237.846,91.956,261.3354454153352,134.43524130248298
mp-191,YRh,106.896,41.489,115.76236576511126,41.26792986761395
mp-1911,CeSn3,58.694,28.745,68.14429752532757,21.60656179033343
mp-1912,ZnAg,89.933,39.732,96.96519131544008,18.224007283897677
mp-1913,ErPt3,177.756,75.459,196.75899720702685,96.76329338170858
mp-1918,FeRh,198.729,74.969,204.6135268644456,74.62465156213878
mp-1921,ThTe,83.002,49.635,93.26536064693566,43.48453485008424
mp-1929,NdB6,174.362,117.48,192.06586177436492,142.03153705402192
mp-1933,Cu3N,116.742,38.179,142.84865157939427,44.73899088020713
mp-1941,GaNi,152.55,42.594,170.88484173737055,45.39505252300701
mp-1948,LaAg,48.529,14.165,50.160048023857875,15.661635700141751
mp-195,HoPt3,174.749,74.077,194.14659299798464,94.28341300246008
mp-1955,ErCu,73.462,28.142,83.11049264927298,35.08429565642856
mp-1971,HoCu,73.432,32.372,78.15672599758055,31.701664284666663
mp-19736,EuTe,50.965,11.726,35.385216540891655,11.03750427043314
mp-19764,Pr3In,41.265,17.99,44.66062460712895,17.575908904969697
mp-1977,NdSn3,56.558,16.292,63.63177728095049,14.514457987318556
mp-1979,HoPd3,127.535,49.519,143.0509669115638,63.061660978918844
mp-19800,Fe11Si5,222.032,109.921,252.317241522262,124.8367239395638
mp-19820,TmPb3,49.521,6.186,55.86630554660734,12.824284607829588
mp-19870,GaFe3,169.4,55.803,168.7979351808824,52.85674582191756
mp-19920,Ce3Ga,43.072,28.756,43.506036666514,15.2949781602683
mp-1996,NdIr3,191.377,86.186,213.45602984920427,110.92435509525892
mp-19966,GdTl,32.249,14.765,49.642281782333306,24.749067352399944
mp-19977,SmIn3,54.505,31.505,62.00630874857017,22.53433102731885
mp-2001,LaTl3,44.459,17.852,48.911352110217656,14.930267940679707
mp-20023,PrIn,51.835,20.53,52.106322850267496,24.620528772477552
mp-2012,LiHg,32.253,13.906,34.290983032241996,15.41601785669719
mp-20120,FeSe,112.111,64.91,93.90574457634656,46.920089530856586
mp-20131,YIn3,54.648,29.977,60.919579160112384,22.230726808203364
mp-20206,ThIn3,65.84,31.631,75.6583422430356,26.062049537224784
mp-20214,UGa3,83.085,52.872,89.985077221785,49.045010948211704
mp-20225,CePb3,50.804,18.878,50.347837942395465,18.47698451144523
mp-20263,CaIn,34.02,15.815,36.036139997041445,12.938399505251436
mp-2027,HfCo,123.98,60.459,153.41427489684563,54.10742166425237
mp-20298,SmIn,55.174,21.916,58.82003684290868,29.062443184249183
mp-20344,Fe3Ge,175.908,71.192,174.08948893173883,54.32025544069754
mp-20425,NpSi3,175.278,54.819,119.56610905290913,73.19583475645767
mp-20438,PuTe,19.367,33.153,62.7259951037338,22.619507133319008
mp-20469,YbIn3,38.382,21.04,44.0083782589911,16.54662613091726
mp-20487,La3Ga,40.212,15.802,42.10887175391543,14.697160987766722
mp-20549,CaPb3,38.108,18.658,40.94335369898685,14.230815385482291
mp-20555,NaPb3,32.491,14.898,34.07688518635646,12.366606061533137
mp-20566,MgIn3,37.336,0.611,38.98488172225121,9.560094898955615
mp-20582,LaIn,49.919,20.995,45.65988395480108,20.64495535253861
mp-20601,NdPb3,47.766,8.571,54.376410455472424,15.995860696474685
mp-2061,ThTl3,58.019,26.727,66.895132298062,17.971748742788268
mp-20695,Zr3In,96.578,51.211,101.73707579614492,37.03303635052788
mp-20729,LaIn3,49.718,29.861,58.80427493753218,23.292661850040496
mp-20735,Ce3Sn,38.321,33.177,56.95622305641212,15.344481059163927
mp-2077,DyMg,41.646,19.61,45.29660664895909,26.3932050955344
mp-20821,NpGa3,97.898,46.799,77.90787199416951,47.58578758702022
mp-20828,Pt3Pb,172.406,43.661,186.64149406344137,34.096986404264605
mp-20849,Pd3Pb,129.07,42.248,143.39137322625163,36.334817090057214
mp-20874,EuB6,143.683,107.737,167.83803737689092,147.84271349278248
mp-20895,NpAs,83.6,19.027,76.2886281470829,22.73121549808536
mp-2090,FeCo,189.836,91.403,205.05334164757653,111.1319914706079
mp-20903,PrIn3,52.62,30.543,60.079876864885314,23.570353641291614
mp-20920,TbIn3,55.261,31.329,61.3681595348184,22.946069631868745
mp-2093,Pr3Al,42.665,21.141,48.87106080052934,18.74117658144316
mp-20939,PrPb3,47.139,8.839,54.84083750661105,16.203115436806176
mp-20941,UIn3,61.685,41.165,67.07227756748084,30.361039681525604
mp-20943,TePb,40.408,9.136,50.24106006098044,14.618644096405006
mp-20971,SnPt3,198.87,57.089,215.20365065810577,46.335244756427144
mp-20997,InNi,116.101,40.305,138.5852961831718,42.402247152296326
mp-21005,GdIn,104.041,18.822,53.55104955418905,20.86596755630963
mp-21008,Ni3Ge,190.994,85.736,201.88812687099815,71.06740355738359
mp-2103,CuAu3,135.617,23.973,149.62607941453663,29.847879987666765
mp-21087,UAs,97.753,28.717,94.11416735303624,21.43086197598728
mp-21143,CeP,72.137,11.588,81.90712884991598,-1.7103588320106784
mp-21197,NdIn3,53.471,31.022,60.72361418632125,22.503219987336596
mp-21202,Sm3In,44.614,24.021,51.53815251002264,19.788205855189823
mp-2121,ScAl3,86.5,67.045,90.62974956793605,52.89588939874525
mp-21214,PbSe,56.543,13.524,48.36027165360409,17.863870784088192
mp-21215,InPd,110.79,29.49,126.318954342892,32.64936588789034
mp-21253,EuMg,17.65,12.637,24.28639280936751,10.712215519047028
mp-2126,HfIr3,278.691,150.309,305.36307989143637,184.3502038519624
mp-21289,TiZn3,100.968,33.181,104.7289006066615,46.15803686331847
mp-213,CaPd,55.058,18.707,57.42155811146001,23.989264037807533
mp-2134,ErAl3,76.715,59.683,85.89113963212885,56.561725004570505
mp-21343,CeB6,172.63,117.511,179.79625983813935,142.1476292902978
mp-21381,ThPb3,58.108,20.125,65.17769120192693,16.189717082048592
mp-214,ZrRu,180.261,77.994,195.80044547438104,77.1130745326871
mp-21430,YbPb3,39.636,20.904,41.74730046546678,13.4093775895544
mp-21431,HoIn3,55.314,30.395,62.010514902682445,22.686391504796724
mp-21432,LaPb3,45.604,15.239,47.53515778075122,16.140754240337028
mp-21481,Pr3Pb,42.807,21.821,50.91468026464771,19.69172639304106
mp-21483,Nd3In,41.855,19.312,47.49855350844713,18.251632231307855
mp-21484,PuGe3,76.629,50.621,96.72527779690282,47.11508415995042
mp-2163,HoRh,113.966,41.48,123.63023981649344,43.05874739545034
mp-2167,DyAg,66.847,18.225,70.06968566555499,26.213339988193017
mp-217,ErTl,57.284,21.314,59.782164112528264,24.692237967226863
mp-21765,Pd17Se15,98.118,27.039,120.82705512516986,48.25308590899924
mp-2179,TiRe,228.62,69.775,258.5995968825514,86.26450219436514
mp-21844,UTl3,51.996,27.469,64.90620992375361,21.76530535471893
mp-21845,FePd3,166.438,69.408,187.15765280741573,55.299669441757615
mp-2203,YB6,172.001,84.351,190.05306098481577,137.3067261471744
mp-2205,LuPd,102.592,40.255,106.68421170921997,37.80570466123488
mp-2210,ZrCu,105.385,29.697,126.04674114653616,35.57736038980714
mp-2212,ScCo,119.727,58.07,125.4019975927276,60.290833192156974
mp-2222,MnHg,69.323,21.852,78.66117187245459,18.24934543347162
mp-2226,DyPd,91.251,34.497,93.64044430845126,30.6314834253139
mp-22266,GdB6,167.657,96.068,189.80474196619016,143.15665345701302
mp-2228,ErMg,42.316,19.228,46.83659785499645,26.141718504188663
mp-22320,GaRu,204.343,89.664,224.0017859582249,67.41377726126078
mp-22461,Fe3Sn,124.102,60.607,150.17696025102936,49.84399059036399
mp-2258,Cu3Au,104.875,44.872,152.22373240105708,45.88093445579377
mp-2268,TbAg,65.884,23.666,68.92387420429104,25.845613959404048
mp-22704,YIn,56.047,20.93,61.56196173418952,31.694061478200847
mp-2283,ZrCo,128.339,48.526,138.5145293097646,45.85355405000544
mp-22851,NaCl,25.834,4.456,28.967377864889706,2.3901521017564527
mp-22865,CsCl,14.588,7.445,15.97976392427536,7.443928106417043
mp-22875,TlBr,19.646,7.329,20.61454094545704,6.3782078620919345
mp-229,ZrRh3,209.808,110.129,226.38448636814024,97.98653642408406
mp-22901,KI,12.418,5.209,14.740559023867068,6.1936785683473685
mp-22906,CsBr,12.31,6.573,12.400144176688991,6.885451847622307
mp-2303,DyZn,59.752,25.072,61.16280240540668,32.650145583293856
mp-2311,NbO,242.599,147.84,267.98254270929726,119.51037440212389
mp-23159,SrBi3,42.244,14.827,44.20310727082576,12.083098491001508
mp-2316,TmZn,63.975,34.632,63.813389032316906,34.154081266328184
mp-23197,TlI,16.52,6.535,17.05488162051592,2.584070585588594
mp-232,DyRh,112.175,41.33,118.87448864434111,40.66396785802846
mp-23201,BaBi3,39.346,17.54,44.53159567646267,13.37680440660283
mp-2323,BeCu,142.088,30.953,174.92908897408563,83.9225752290751
mp-23289,KCl,18.701,8.644,21.54301963117287,7.965162515783611
mp-23299,RbCl,16.534,8.333,18.62292961059204,8.47036417218483
mp-23302,RbI,11.14,5.547,12.502638072130306,5.466065344926445
mp-2333,NdPd3,115.77,50.728,127.12043172875823,54.08024689893327
mp-2334,DyCu,71.228,31.884,77.34858218976257,31.26836424237393
mp-2351,TmPt3,179.331,77.422,196.66077436770055,97.88134148689808
mp-2381,ErRh,114.582,44.03,124.88134910897077,44.8511994280015
mp-2391,YbPd3,107.848,39.152,124.06488748615824,43.949563816473805
mp-2393,YTl3,46.531,15.556,55.345644029321306,12.434527919790044
mp-2399,YHg,65.407,31.429,67.7863345432749,23.74116478586972
mp-2403,YPt3,169.488,70.92,187.7523683545801,87.99021507802178
mp-2413,Ce3Al,43.376,30.324,48.76657632103583,17.23833058513123
mp-2417,DyIr3,212.008,96.074,232.080635605335,118.32802447111972
mp-242,SrB6,144.836,110.605,162.57719614935874,140.55112197935114
mp-2426,LiAg,41.392,18.419,45.030008130726465,20.05777323092786
mp-2431,ErTl3,47.25,19.207,54.991100976266985,14.1824752833067
mp-2434,SrTl,25.126,18.121,25.888141063880973,12.80034536998349
mp-2444,GaRh,179.773,58.842,202.33884925124653,69.07848718380217
mp-2449,NbRh3,248.556,148.259,265.58281004686694,140.21964500788135
mp-2459,YbIn,35.186,23.996,37.82906581998212,15.775759091122248
mp-246,TiF3,102.198,30.021,114.7886034979197,41.876932251090174
mp-2465,DyPt3,172.498,72.237,192.63953674930167,92.66230718067015
mp-2474,YAg,65.962,20.315,69.21815319927975,27.02230330637064
mp-2484,SmSn3,57.389,13.663,60.866170695871695,12.945724053182252
mp-2509,ThRh3,170.311,76.264,192.08049614528863,74.26742229470197
mp-2515,CrPt3,231.851,95.103,249.19917990106657,92.13795656204418
mp-2516,YZn,60.055,30.473,63.12833170448954,34.663335831355404
mp-2525,PrAg,54.408,13.044,55.413721011333,20.682276456115098
mp-2540,VTc,254.937,125.024,279.7805514603948,117.18946726748096
mp-2558,SmMg,36.23,23.128,43.313353312561546,26.13900701497882
mp-2560,Ti3Hg,115.477,47.565,118.83649182201847,28.102948161835045
mp-2564,SrMg,19.806,11.488,21.545343007002383,11.3307013124332
mp-2573,NpAl3,95.504,53.34,85.6335368007318,55.194954904240085
mp-2577,Mn3Rh,238.125,151.231,283.97478528318504,126.97502572494268
mp-2600,BaTe,31.625,14.228,32.781646548251345,9.712476638808562
mp-2615,LaZn,49.02,26.359,46.295891004094834,20.159389990016248
mp-2621,ErAg,69.968,16.924,72.54609024689564,27.41912677992612
mp-2630414,TaO3,187.237,73.013,218.25642262243144,77.50923467577627
mp-2636,GdMg,216.967,21.921,58.16056172286479,32.853570471430395
mp-2639,Na3N,21.088,11.725,26.15021204720764,15.270397444629053
mp-2642,CdAg,73.469,27.634,80.26269125842849,11.061642418686189
mp-265,TaIr3,323.564,212.167,352.4807024432038,229.21777432800243
mp-2658,AlFe,170.575,96.914,196.86098144384093,91.00756444795678
mp-2667,CsAu,10.059,6.1370000000000005,9.116998088634212,4.201890158148441
mp-2672345,MgCu,80.417,43.487,86.46225251065844,31.27105122362956
mp-2677,ScPd3,143.721,55.443,159.64504044983883,67.49927158782803
mp-2680,LaB6,181.75,134.517,189.3523979157622,141.09989556443904
mp-2688,HoGa3,69.38,43.833,73.45288093471879,35.45664573128876
mp-2696,MgAg,63.271,36.044,70.4563930806077,24.52117838409206
mp-2713,ErIr,140.411,56.862,146.50003580418038,58.51419555612494
mp-2743,LiPd,72.655,24.82,84.90579616774633,39.62185239232134
mp-2747,TbPd3,126.101,45.911,138.59016935300212,60.680614592180014
mp-2757,CdAu,90.157,31.869,100.17232797293174,8.511441799075966
mp-2773,BeCo,196.762,120.555,214.86527047758943,103.74109865209276
mp-2778,HoAg,68.602,18.274,70.4250633425855,26.4509670188399
mp-2781,ScPd,110.671,32.904,119.4882561673446,36.65948253985059
mp-2800,USi3,129.573,100.19,156.38931011193097,82.70321190569003
mp-2802,HfRu,198.115,98.917,215.14131246433183,91.22876424045415
mp-2805,LuAl3,90.195,11.645,86.5606746122724,55.81959182861287
mp-2808,ZrRh,164.388,42.54,176.30081396181092,35.14983136813647
mp-2819,InTe,37.644,2.024,41.98071517031809,9.226906890854329
mp-2825,ErPd3,129.717,49.925,144.17587483828177,64.94604439181954
mp-284,AlCo,178.781,123.627,194.55578508662208,116.74946816267584
mp-291,TiOs,248.343,130.443,281.6068536859461,129.92000858758706
mp-300,YbPt3,158.564,68.3,177.1267596108925,75.86505663700676
mp-30083,TlBi,36.786,16.885,40.93790551639454,-6.862347176251566
mp-30338,Y3Al,49.823,32.502,59.56280683209885,22.730768530259727
mp-30343,InAg3,77.989,14.93,83.70606788086407,19.149060144629775
mp-30351,MgAg3,77.693,17.218,82.22443637773634,22.97023286436729
mp-30353,AgPt3,200.369,62.854,213.2657617549474,51.3723427228126
mp-30360,TmAg3,74.075,18.548,86.4657168094376,15.051951698154252
mp-30362,Zr3Ag,97.309,21.026,92.09784604818933,15.50176025835559
mp-30468,ThBi,73.55,25.236,83.09997987335487,23.31875954313468
mp-305,TiFe,198.715,94.979,203.22725262124095,72.92928099772945
mp-30741,PaIr3,259.63,131.2,276.7602498285872,123.40831056103376
mp-30746,YIr,130.242,46.637,135.66988235563562,54.76003601715872
mp-30777,MgPt3,183.899,78.069,203.13367237449887,75.31665807718875
mp-30825,PaRh3,212.903,92.757,223.44526973015164,93.5466599962217
mp-30845,SmPt3,160.432,64.907,182.36145349913596,83.56862844269224
mp-30856,ZnPt3,211.734,67.417,229.1065949136276,64.4763835982376
mp-30858,ZrPt3,221.479,103.854,243.12433019247544,108.05028713444428
mp-30867,ScRu,148.847,55.613,156.148619878634,48.120168499031834
mp-30878,TbTl,52.636,14.522,58.67684786184846,25.903661526848627
mp-31337,InPd3,143.036,37.467,158.52530234531616,42.05264636480649
mp-316,MnV,243.086,120.425,252.06365951942655,85.06913934853979
mp-33029,Nd2O3,113.322,45.787,132.35519173843278,45.955053636757846
mp-33032,La2O3,100.901,33.76,110.10870955356177,35.01948522842508
mp-331,ScAl,78.486,43.156,80.3272080681843,32.45149166308137
mp-348,TmPd,97.651,38.402,102.29659588640484,35.32073333448789
mp-357,SmPd3,120.483,50.999,132.30374646575993,57.72663194142197
mp-364,AlRh,194.408,98.81,218.49950991615373,96.7996245821374
mp-372,VPt3,237.489,109.303,260.5304887831408,93.7358304479382
mp-375,UO3,153.034,63.703,174.00061276525923,62.97501891522578
mp-376,PrSn3,56.073,17.281,64.5533013364019,16.11333824016757
mp-377,LuRh,122.628,52.59,134.73670254558084,52.73649925175422
mp-381,SiRu,257.369,93.152,286.0031662238273,150.96147570509754
mp-398,ErGa3,73.646,44.73,73.42235387257318,37.14970636041204
mp-417,MnRh,183.708,85.073,181.85898263080205,76.666851645864
mp-419,YbB6,154.194,90.805,167.88109921645,137.8701062026225
mp-435,ThSn3,68.417,30.84,78.41108365552023,21.434314440554555
mp-436,SmRh,101.019,26.534,104.62163719964128,30.751272386772573
mp-437,MgAu,81.405,25.035,92.48311076595292,27.285253463218805
mp-460,PrZn,50.277,26.844,51.64522950018701,26.861720723827556
mp-481,ScPt3,198.156,89.795,217.3418251565887,103.1440148682119
mp-495,LuGa3,68.978,43.84,72.33487302717624,34.868421037411935
mp-506,MgPd,93.324,8.07,105.1836695330054,43.25172852471464
mp-527,BaCd,19.668,12.119,22.409898253799152,10.663428084207526
mp-535,Fe4N,193.027,56.748,205.32529067615567,91.19133266906742
mp-542,SrHg,27.259,14.296,28.3719617346608,14.41882721221798
mp-542569,AlRu,203.483,107.621,223.0462277033125,83.56135392173715
mp-556242,YF3,100.271,49.604,128.98008579976496,61.625165272819565
mp-559,YPd3,124.541,48.346,139.21294083317318,59.03709794492935
mp-567089,YbRh,81.33,33.51,91.84619905059594,29.551592130608626
mp-567116,YbRu,73.949,24.812,90.856018391097,19.30155447034752
mp-567454,NdGa3,68.84,39.27,70.78015886446691,32.02956688743752
mp-567589,DyAl3,75.98,59.228,82.13764112642578,53.24222699106761
mp-568319,DyB6,171.865,85.681,192.6656294112851,139.31380214820746
mp-568705,YbIr,98.022,35.115,107.20203631027177,26.137305214492073
mp-568711,VPd3,175.556,81.744,193.2984009879595,73.98684688141702
mp-569120,NdPt3,155.153,60.691,174.46217818414797,77.12210125959768
mp-569125,Mg3In,39.204,9.347,41.31533423660165,16.64196754027341
mp-569593,PmMg,40.401,20.482,41.82559564399495,26.84318224538173
mp-569775,ZrAl3,102.592,59.186,106.17330251852424,50.80603048728913
mp-569785,TlPd3,132.434,24.612,147.32980287923175,38.57188309034156
mp-570018,Ce3Pb,47.518,28.668,60.37259571724698,17.836314729861076
mp-570276,ZrZn,106.664,46.251,114.9130571084118,35.98935224959388
mp-570409,PrAl3,67.033,50.75,78.57763699525846,42.97748255040227
mp-570691,Ti3Sn,114.12,37.008,123.35109600356002,41.699183061016406
mp-570698,V3Au,177.227,45.456,194.9295038851644,28.461500939549225
mp-570891,KBr,15.624,7.04,16.42260384182233,6.315506522233683
mp-571188,Pr3Sn,45.876,24.736,50.57598420591845,20.97070282489849
mp-571352,TmB6,174.157,71.283,193.09166036850837,143.93416279917088
mp-571405,NdTl,51.435,17.104,51.39131220136435,23.83364690524808
mp-571491,HoB6,173.233,80.601,188.35521694234103,135.51206684918378
mp-572,SmCd,51.061,18.597,53.45519917873125,23.8823322328519
mp-580236,EuCd,24.939,14.968,29.419530024783384,13.959414912257373
mp-580287,Zr3Cu,111.07,20.3,100.39395626976744,23.509404745590977
mp-580357,Cu3Pd,149.816,48.551,171.15434777025368,54.09900427463911
mp-592,TiRu,215.387,108.631,235.3788238420418,103.37241958212046
mp-608,TiCo3,142.93,94.374,217.62131382839237,91.99228811025635
mp-615,YMg,41.771,20.773,45.22121389876775,26.89840344763652
mp-632319,CsH,11.732,7.858,7.7865475064301055,3.620015819766856
mp-633,LaSn3,56.392,23.894,62.73048076390141,19.64795315034471
mp-635,ScRh3,185.005,84.21,200.99492969804984,73.95743934975289
mp-636328,TiPd3,179.376,88.699,199.19928863185,81.96919664007062
mp-646,PrCd,47.806,19.44,51.134790523940346,23.213758173164617
mp-649,FePt3,263.838,110.344,248.3904776374576,69.76171780194183
mp-672698,GeTe,46.694,3.555,61.00578983553324,14.555663407299592
mp-674,LaPd3,109.965,45.919,117.84081953495652,45.059536778590214
mp-6907,SrSi,38.382,6.986,38.18384375521715,12.274866619333077
mp-693,Pr3Tl,40.884,15.285,42.83503835258662,17.31811343460064
mp-6938,ZnRh,171.239,74.335,182.7848820380841,56.19431632540723
mp-6996,SmB6,174.855,106.824,192.90973416950663,136.58493178458446
mp-712,YCu,70.25,31.833,73.23998527468454,29.745244904358444
mp-7131,PrTe,58.128,35.887,69.34445295244986,27.86157336969646
mp-718,SnPd3,145.871,54.511,164.6502336715845,42.5760362249972
mp-721,TbCd,54.797,22.082,57.74310615220747,24.37032239106163
mp-755300,TiO,208.643,46.453,229.24170280259227,120.56987587025868
mp-768,TmAl3,77.938,59.643,81.89571988501693,52.87675356026557
mp-7700,SiB6,150.882,23.821,159.340046023138,76.29335350861277
mp-7753,MgPd3,128.765,41.213,141.17073133005218,45.31955407451113
mp-776,LaCd,45.631,17.494,43.50979687191131,17.525311012063767
mp-790,LuPt3,182.998,79.492,202.139593624168,100.51996390159424
mp-797,DyPd3,127.136,48.329,140.55503272249447,62.19359127857202
mp-8039,AlF3,124.366,76.51,143.77737449844827,82.11484059109266
mp-8102,W3N4,344.254,70.766,412.41220623285426,68.01275019152625
mp-817,TmTl3,46.269,17.128,55.45842015075484,13.849111837350623
mp-823,TiCo,351.113,68.061,174.3780256438889,51.84644232152828
mp-828,SiNi3,209.083,104.05,226.45683771847104,91.46398559795554
mp-829,AlPd,155.221,52.682,176.07666022938182,55.79060370644304
mp-832,HoPd,94.522,35.725,96.41344711474666,31.81665571567426
mp-8338,TaF3,100.51,20.136,114.74946924547469,33.155404809463896
mp-836,TbZn,57.624,23.228,60.11389591154403,32.16333675507205
mp-8454,KF,33.925,14.164,38.15071875658366,14.861696991905587
mp-851,ErPd,95.906,37.403,99.97390410881576,33.7679891224232
mp-861931,LiPt3,182.434,85.615,201.81687637874532,78.37269560340188
mp-861936,LiPd3,120.749,37.805,132.60450440617677,42.03112756348573
mp-861939,Ac3Sn,34.933,20.594,39.43200120012992,17.29435125502852
mp-862820,PaSi3,122.743,73.385,131.30457668400172,60.725154200216735
mp-862861,Pa3Si,108.501,59.249,114.07435648911864,38.14171677691735
mp-862862,Pa3Sb,104.598,62.028,112.17813001441776,43.946485548798464
mp-862863,Pa3Te,105.402,60.794,119.79129497887244,44.89492287947048
mp-862864,Pa3Ge,111.033,56.445,109.81080294056984,42.36799970018662
mp-862954,PmPd3,117.777,52.142,130.6300600005903,55.42819141327459
mp-863257,LiGa3,39.269,19.567,49.391569703445235,17.674546802203075
mp-863720,HgPd3,139.163,29.205,154.97575167015225,41.45276318513845
mp-863737,Ho3In,50.028,30.054,58.26936096935476,22.732730869987716
mp-863750,AgAu3,121.457,25.136,134.86137331703813,24.948432418943167
mp-864794,ZnAg3,90.519,29.454,96.3648698586857,23.098392215955386
mp-865,CaB6,146.893,84.87,161.02206480047678,139.03870061224254
mp-865786,CrPd3,152.758,66.576,174.749224724998,68.0726507615911
mp-866006,CaBi3,45.159,13.126,48.33327754421742,9.879298305281226
mp-866022,CdPt3,189.833,50.231,208.0203339442971,53.60582709059515
mp-866186,Ti3Zn,110.213,52.136,122.79819038684468,37.60670073075988
mp-866199,AcAg,43.963,16.405,45.66361343070181,16.31441051062822
mp-866286,AcMg,30.934,19.546,32.64026085936509,18.638545972301735
mp-867,ErCd,59.501,29.491,62.10569268637745,24.53963118118016
mp-867189,Pm3Pb,44.905,22.668,51.121606029378135,20.34783719997268
mp-867248,LaBi3,53.973,15.364,58.51248079405822,14.811165916725638
mp-867816,TaRu3,276.055,139.6,303.16799879832297,96.2887108591014
mp-875,AlOs,236.689,124.889,268.265301901279,82.06332731581135
mp-881,NpSn3,54.061,16.852,73.51251345318887,28.050365991113047
mp-892,ScPt,137.028,37.91,147.20565705249984,35.06735035060243
mp-902,BaZn,20.356,14.528,19.71193396066263,10.687256084937909
mp-915,YCd,56.99,28.662,60.35977778890727,25.39001803530635
mp-922,CoPt3,227.99,87.071,250.19812440373477,75.66138465160257
mp-932,ScGa3,73.065,45.318,77.79876375712053,30.22119765958048
mp-953,NbZn3,118.284,74.397,133.06896107423512,59.41595413936806
mp-954,BaB6,141.127,129.899,161.48065911984574,142.43416648192007
mp-971682,Si3N2,142.078,72.85,157.3241576864911,107.87415970354704
mp-971694,Ge3N2,99.291,52.658,114.96965834183769,79.46567207791857
mp-971703,V3Ag,159.817,28.888,166.84041831283864,16.655436858497804
mp-971753,ZnGe3,61.403,5.969,67.08958643979872,11.07804034716796
mp-971803,ZnHg3,21.227,3.365,28.98485995701778,0.7282602451698902
mp-971951,Zr3Pt,128.477,16.539,137.76567784540654,-11.200080916455034
mp-971958,Tm3P,60.974,21.319,60.79568425567528,18.474477795777243
mp-972044,YbTh3,44.763,31.315,46.18773365986396,22.460391299490492
mp-972087,ZrH3,129.755,78.184,130.97168677048504,67.64363076944356
mp-972103,U3C,177.966,70.859,197.34515156876608,33.957613198471506
mp-972156,TbY3,39.722,23.922,42.556576205233405,21.29481273684182
mp-972185,Tl3Hg,26.92,8.347,25.1804683295701,4.017583693012807
mp-972352,YbMg,24.014,13.027,25.856895262440336,12.708822807559848
mp-973004,ScRu3,203.337,64.747,214.3739156371559,15.984171266808625
mp-973024,La3Hf,40.645,21.816,37.69240818348192,18.305091653503354
mp-973060,MgCr,57.229,33.265,60.14720526552127,32.58180603859518
mp-973191,LiTl3,26.317,7.189,27.590167802719332,6.223835549947529
mp-973232,NdTm3,40.739,23.677,41.56390778029013,21.138869877877926
mp-973342,SbRh3,205.763,100.722,214.02759304478968,65.85888518543146
mp-973556,LuTh3,51.667,34.157,57.64508875019967,26.343064067993513
mp-973652,LuRu3,191.106,58.922,200.75732905160547,26.816582000200352
mp-973777,Hg3F,43.402,0.147,42.689831608568674,1.7309486947399562
mp-973834,PdAu3,143.059,22.521,159.81985107275187,34.17660373226041
mp-973865,PaAl3,93.654,66.056,94.23535058648278,51.252848390879166
mp-973875,Ga3Ge,49.122,19.565,53.48763358950151,11.098717548149024
mp-974066,Nd3Sm,34.408,19.689,36.41515849233283,16.592509091702773
mp-974335,RuRh3,265.771,166.99,296.5478267729998,131.0801925666032
mp-974370,PtRh3,252.972,132.714,274.6763605921026,97.88375984349136
mp-974395,Pt3Rh,248.019,78.168,267.81580425081887,63.08690957519544
mp-974457,Ru3I,200.1,82.095,222.18914564719617,69.95046629326582
mp-974617,Hg3Pd,68.071,5.286,81.174641165363,5.202544107355791
mp-974627,K3Tl,5.574,2.908,5.0567305030714165,3.531744907094782
mp-974799,Rb3Sr,3.974,1.448,4.562904447199959,5.78293748505508
mp-974827,KPr3,21.468,6.489,19.131196363795212,11.431858821297206
mp-974865,NdY3,38.765,21.65,40.75274879864253,20.170616397669665
mp-974866,Rb3Na,3.34,1.364,7.049232964842772,4.057526280168187
mp-974938,Rb3Li,3.531,1.539,12.521901763660622,6.267779426195956
mp-974948,Rb3In,4.908,2.719,8.196118155756226,5.227968601118032
mp-975312,RbF3,20.725,3.405,28.349113381027884,0.5471248139227086
mp-975383,RbCa3,11.416,5.159,14.104557676754323,7.740993513027769
mp-975439,Mn3S,179.718,51.052,167.01796150268845,26.598386936371295
mp-975511,InSb3,44.916,8.082,56.11848379933215,-59.6167296570031
mp-975638,Pr3Hf,43.976,24.977,47.993620711597025,20.92954700587107
mp-975639,Pr3Er,34.921,19.5,35.77330139281047,18.76728766731083
mp-975664,NdGe3,69.174,22.539,77.48241292363672,26.47426300523712
mp-975797,PrSm3,35.965,21.072,37.06389759718134,18.195771605748128
mp-975994,NaLa3,21.316,6.803,18.576770816313022,8.083543353484208
mp-976010,Li3Cr,22.421,6.546,25.11845551098865,5.063319592254929
mp-976061,PrGe3,69.29,22.594,79.81774549546203,28.86514892936892
mp-976138,PrDy3,38.535,23.324,40.91718476945562,21.265784095937914
mp-976254,Li3Mg,18.827,4.952,19.038534864303585,5.102223380865477
mp-976319,NaHo3,31.547,5.748,31.58653342256018,12.037577994299244
mp-976424,LiLa3,30.515,10.268,22.81432538152885,6.172069993231815
mp-976588,HoTh3,52.284,33.704,57.07156387301245,26.40712417478333
mp-976725,Hf3Au,122.505,10.695,122.28451172625716,7.12626840627497
mp-976772,NiAg3,127.322,28.17,112.68859982614032,35.4236937053643
mp-976784,NiAu3,144.369,20.114,160.23531590126728,34.06809798464567
mp-976799,Ni3Bi,136.809,40.924,155.05639235768746,46.32714796148137
mp-976847,Ni3Sb,164.639,57.89,182.75290660955963,60.11899898330414
mp-976856,NaMg3,24.546,8.351,27.001855357426635,10.822459814266365
mp-977,LuIn3,54.557,25.507,61.62717835543987,21.883602144884325
mp-977224,PrAs3,75.341,20.306,72.41615355063377,14.718280286659674
mp-977310,OsAu3,183.641,15.146,194.4323161567235,40.90449429582981
mp-977573,HfH3,141.255,84.832,139.2661873781025,80.20779718206563
mp-977585,Zr3Tl,96.017,46.953,100.66369605877372,28.13338163153834
mp-977997,ZnMo3,217.767,57.605,249.3801435246187,56.47232818546905
mp-978034,Rb3Sm,5.436,1.738,2.407749636274486,8.633079144728455
mp-978273,Mg3Cd,37.897,13.932,41.220561075730565,18.118411352238155
mp-978281,Mg3Ga,41.632,12.543,43.99931970394796,19.1100687985164
mp-978282,Mg3Hg,40.931,13.677,44.68045043669105,16.84089718559432
mp-978286,Mg3Mn,44.054,20.217,51.676792597045846,23.549256485469765
mp-978287,Mg3Mo,72.683,52.21,77.65704240140454,36.47753148438763
mp-978294,Mg3Sn,41.535,20.038,43.85307991871552,17.906985690078507
mp-978303,Mg3Re,80.582,30.25,90.81981309900456,28.06284552124551
mp-978304,Mg3Ta,69.102,42.454,76.49571047333966,30.387884742717503
mp-978498,Sc3Al,64.254,43.099,68.6675517652862,34.26031699584966
mp-978502,SmAs3,77.887,17.374,70.40432177374406,6.838573162510304
mp-978507,SmTh3,52.79,34.028,55.27553513806945,24.959177068197356
mp-978514,SmTm3,41.344,25.23,43.62716874992149,21.64862601560044
mp-978797,Sm3Hf,47.667,28.35,53.06235733304097,23.190489794969363
mp-978823,SmY3,39.02,22.803,42.03682579129592,20.92844248179883
mp-978964,Th3Mg,52.8,28.975,57.849315696056415,21.77136529772659
mp-979009,Th3Be,62.166,29.253,68.21019414219288,17.17274750897589
mp-979039,Th3Au,72.964,15.655,84.79046764291223,5.620910077457404
mp-979269,Tl3Cd,27.4,6.46,29.506862605276087,4.465491831227214
mp-979419,Dy3Y,40.892,25.48,43.86305884894801,22.178518020600062
mp-979423,YGa3,69.461,42.645,69.50429210703953,35.49863699819759
mp-979936,RbYb3,9.676,5.944,12.608908313420498,6.184612980460548
mp-979945,Yb3V,20.968,14.683,23.34254778325698,14.042820275713735
mp-979956,Yb3Mg,18.16,9.45,16.4778385327826,11.147559610557265
mp-979963,Yb3Ti,20.615,14.63,21.545535715442604,13.23212583423216
mp-979984,YbP3,77.34,35.155,77.56548246074006,-6.662886958867169
mp-980001,YbPr3,28.124,14.306,26.869468261308512,15.512379121931405
mp-980014,TmTh3,52.713,33.632,57.58166853338497,25.807258367656175
mp-980063,YbDy3,33.683,19.241,33.76429450514174,18.453337363019
mp-980203,TiOs3,308.449,110.247,332.3370229762736,98.88980382091889
mp-980646,TmSi3,89.137,32.813,94.96570813746855,36.20052482558905
mp-980941,Ti3N,122.949,70.473,141.91559561409468,-2.251211741658826
mp-980945,Ti3Nb,123.599,17.805,127.97504127829907,2.8908753720708606
mp-980946,Sr3Cr,14.914,8.285,14.17801922319783,9.636258216828566
mp-981215,Zn3Co,118.899,45.999,129.4108524388082,42.807831307217306
mp-981384,ScOs3,258.846,85.493,285.1326478501098,46.15551193106275
mp-981390,HgBi3,49.206,1.476,54.130165228183174,5.885311294534141
mp-982,TmPd3,132.296,50.923,144.5258539239047,65.2811519111916
mp-982048,Ge2O3,178.568,103.527,212.93617042499233,97.4170730217818
mp-982665,K3In,6.339,3.261,9.554818152628371,5.34892130897911
mp-982773,Na3Tl,11.861,4.995,12.616800806229534,4.896092739237627
mp-982780,K3Cd,5.074,2.625,7.011230228490712,3.507634965318956
mp-983230,Ga3B,65.049,27.884,64.87727896841834,5.708667993174563
mp-983237,Ga3Bi,43.085,3.494,47.6202439416692,4.92435271878454
mp-983497,Pa3Zn,93.69,38.201,98.35219644407977,24.46098422554368
mp-983539,BeAu3,140.648,30.875,150.25581324709864,26.834936638850333
mp-983584,Al3Tl,49.964,10.322,52.161403132066205,9.059293769483975
mp-983585,Al3Zn,78.655,33.527,81.84287610195594,24.387340586909076
mp-983590,Be3Fe,151.52,99.945,152.50451202999665,105.79727722625236
mp-983594,Al3Ga,61.751,6.133,74.1207341896595,21.714542667069473
mp-983604,Er3As,56.983,18.755,59.671197535153134,17.08353823981456
mp-984711,Cr3Cu,220.871,72.044,224.6152700280293,45.88218370491327
mp-984719,BeAg3,103.296,38.839,108.61048332262357,27.77472029027366
mp-985,TmCu,74.896,28.832,85.02275107813993,37.10129717802898
mp-985282,Ag3Ge,83.095,17.741,89.07317319715342,19.09604789545235
mp-985285,CoHg3,63.448,11.284,73.52468376327903,9.034919036524714
mp-985300,AcEr3,37.45,20.758,39.453591592317665,21.227468304726465
mp-985443,Ag3Hg,79.37,22.963,88.63758419796423,20.00167068029563
mp-985588,FeCl,41.143,98.169,77.45872720320271,-13.066051795107636
mp-986,CeZn,35.292,21.92,49.87774142983115,11.591088524574449
mp-987,ZnCu,116.179,45.918,130.92165800513075,28.55058205962197
mp-998903,TiN,258.929,68.67,285.58301090657955,132.4223486285411
mp-998947,TiRu3,247.859,100.073,267.70118637235095,53.1189435994365
mp-998981,TiAl3,102.749,65.989,110.04024940657372,45.49831218937749
mp-999188,NbNi3,198.862,31.581,236.25859984944475,97.60183495516134
mp-999189,Fe3Ni,152.94,0.719,182.90618051116755,42.237032948958536
mp-999294,Pd3N,133.636,38.555,157.46829305683957,45.32842954895903
mp-999298,Pd3Au,159.176,46.576,176.57850008319662,44.78367806797571
mp-999437,Nb3Ni,187.032,31.409,182.44028697385377,-124.7001925430394
mp-999484,YTi,48.406,17.122,52.54667961177514,3.412329656663602
mp-1163,UBe13,123.142,127.915,134.55202473127122,125.75901562820115
mp-1562,ThBe13,117.752,106.867,126.0353080218988,113.9114838619034
mp-1878,HfBe13,125.555,129.905,135.92857703299444,139.28282868942838
mp-397,KCd13,38.647,24.319,39.47725555042535,12.725790492639216
mp-672227,CaZn13,71.135,40.353,78.14761279170013,32.93408003649801
mp-855,MgBe13,99.848,104.389,110.04980686573369,113.53342249706093
mp-950,NaZn13,64.356,47.603,72.53604649292289,28.707356017271735
mp-1000,BaTe,28.286,16.564,35.56999704738221,11.685748515594256
mp-1001602,B12W,238.944,123.5,260.8210148577225,140.19307440034697
mp-10020,ScC,153.13,75.434,171.8236926247685,79.71659008804487
mp-1002165,GeC,160.406,96.772,168.99682714037814,107.94554839384304
mp-1002187,TcB,282.66,38.743,348.076282615354,49.303392088340665
mp-1002206,SiC,252.718,221.298,299.2093728662987,226.26814259999344
mp-1002221,ErH,70.446,43.134,67.98634193060619,33.61183887623903
mp-1002222,TlN,107.027,48.73,118.78062780540554,46.292736249999734
mp-1002227,RbSb,8.399000000000001,2.582,8.931944609427093,2.3649885520463254
mp-10051,TeAs,62.239,28.154,71.41902990371908,28.69800942762619
mp-10054,ZrAs,117.397,51.514,144.78197047519225,63.21001435378601
mp-1006112,Na3Co,16.754,4.933,17.085920103756884,6.915452870100123
mp-1006887,CdC,102.325,29.038,114.39245334138656,28.04146946151657
mp-1007,DySb,60.478,34.856,71.11863058456345,41.99684363173591
mp-1007853,Fe3Ni,179.994,72.293,205.5143459085959,70.49628000360826
mp-1008275,Cr3Ni,155.147,100.224,181.59495164228105,67.48312211217738
mp-1008282,Cr3Fe,227.443,93.238,255.500311519352,99.84254169599828
mp-1008376,CeH3,41.701,62.301,88.07086137636394,27.75955270257852
mp-1008490,BiI3,34.173,1.423,36.46288160069169,4.531761024345406
mp-1008610,AuN,172.053,29.649,200.14111567195653,35.02507327151888
mp-1008642,UC2,197.231,100.403,206.7012559118334,66.57261906793005
mp-1008653,AgC,133.032,18.99,145.37009030475113,23.723001003530513
mp-1008677,TiO2,246.526,83.386,275.5433703975865,94.79146869910198
mp-1008785,RuO2,284.209,186.658,319.5320929266676,223.88511884117673
mp-1008786,MgTe,46.024,30.655,51.55390800458871,29.00851950629313
mp-1008820,PdN2,222.571,1.409,233.38717822456513,88.45643162573131
mp-1008826,OsN2,334.82,68.185,336.2341700811934,161.2045256723956
mp-1008918,CdN,119.78,45.938,133.14886266414868,47.33632623583083
mp-1008922,CuN,203.809,67.018,240.11781222758532,78.13566397542458
mp-1008929,FeN,193.323,88.013,232.9433805266102,91.75901720447212
mp-1009077,FeH,173.813,87.064,166.5477388116445,59.002240697474015
mp-1009078,CoN,297.425,71.779,344.7993353534394,128.1659531839341
mp-1009079,CrTe,60.543,29.155,70.94619319345077,30.133888515043736
mp-1009217,MnSb,69.337,29.705,70.23053339698363,30.1040163760034
mp-1009221,,34.757,18.325,35.83182116399851,24.216518498817457
mp-1009488,NiN,258.337,85.169,294.9006662293343,101.29205791593404
mp-1009533,PdC,215.846,47.559,249.69846030490584,41.05618513411088
mp-1009545,PaN,221.916,88.72,240.58407473094655,106.64279677490508
mp-1009548,PdN,211.396,53.9,243.59492492073625,46.56899862113751
mp-1009582,NiC,256.077,47.733,253.80791777857803,58.97190813880509
mp-1009733,Ca2Si,36.951,24.717,39.74827257426193,18.01852516950246
mp-1009755,Ca2Ge,34.833,23.956,37.23897147394877,16.235205951686815
mp-1009756,Ca2Pb,28.076,19.418,29.80065155739843,14.06623771866182
mp-1009769,RuN,281.889,287.292,348.398933419975,-103.46696742025884
mp-1009787,RuC,321.211,44.583,358.20219207882195,16.788862837903515
mp-1009822,SnC,130.966,99.677,152.15916944389102,103.84872588566624
mp-1009829,Be2Si,98.66,50.046,99.89541761264978,46.67649932720159
mp-1011695,Cs2Se,11.808,5.71,13.812795487929296,6.270979146118484
mp-1014264,CrN2,265.131,21.11,276.4779384925511,75.92938144249769
mp-10149,InSb,48.001,13.854,62.19715929941062,21.442547638001013
mp-10159,K3Sb,13.114,6.582,17.4849283281417,6.611652048534788
mp-1018023,Mn3Sn,138.52,27.863,95.0784319127952,55.71902236668265
mp-1018063,ErH3,102.113,10.755,115.88152069619213,44.5709376238621
mp-1018067,CrFe3,178.768,77.935,197.8694713788135,82.70176384984293
mp-1018144,LaH3,82.577,27.554,79.00274426593404,36.34287388934635
mp-1018165,PtC,259.237,15.884,302.1472775664738,40.17880044470955
mp-10192,LuP,86.563,65.526,107.1274902639668,68.38038349204456
mp-10197,ZrO,197.527,29.097,240.25194503753252,19.11095035373828
mp-1021516,K2Sn,8.242,3.639,7.23199430271503,3.03702209337726
mp-1021674,NiCl,64.143,104.314,86.78602586825485,14.158836547146771
mp-1022,K2S,18.259,9.782,20.04790330555649,8.775985502477953
mp-1023128,CuS,104.037,40.689,133.28076069750594,42.95964485721276
mp-1025415,CePd7,143.898,45.333,152.7960820600832,42.88186592505642
mp-10260,Ni3Sb,166.012,22.979,184.50751371866917,14.261194072478537
mp-1029,BaF2,54.086,25.35,57.14527643448811,28.63279755471928
mp-1039447,CaZn,26.729,6.686,29.854382280769187,5.8524865016908825
mp-1055,CdSe,59.102,26.802,71.64003817983495,23.179169943703993
mp-1057286,CsH,8.987,6.816,6.450184251030487,5.898926778854497
mp-1057979,IN,89.968,15.186,81.64422197858563,-14.27352099925634
mp-10622,PrAs,70.29,44.49,85.33075086376995,47.93358908829632
mp-10635,SnSb,51.179,24.656,63.36333734343554,30.323666499555618
mp-1065,LaSb,49.747,28.091,60.76177755719216,35.14095992380061
mp-1066,YbN,92.405,27.219,87.57159840362182,22.209402390996907
mp-10688,CeO,148.033,80.747,173.31518056398522,86.24589248662079
mp-10728,PdO,173.814,22.013,209.59375130291625,18.778016275290735
mp-10759,GeSe,57.611,44.393,64.67518107397053,35.10359209005212
mp-10760,MgSe,60.707,41.4,71.41266656476647,40.17198969791753
mp-10764,HgS,65.862,13.773,77.86209679221321,18.721220450158533
mp-1084,ZrB12,233.379,219.913,251.06721989530328,172.5950456874806
mp-1086,TaC,323.894,176.246,373.99870258741794,209.9914622808776
mp-1087,SrS,48.468,32.3,60.184500792756886,32.50611427612559
mp-1093,ThGe,86.356,42.681,93.01480784490306,35.51509409939591
mp-1096,CeS,87.161,52.574,101.75671760629992,51.87003952061536
mp-1101,TmAs,79.857,55.255,91.1583707293026,53.908344454966546
mp-1102,LuN,178.449,146.135,215.20783675859403,154.50804158938902
mp-1104289,LuB12,213.636,195.974,220.79161327854965,158.77735529680766
mp-11247,Li3Au,33.973,9.25,36.04669807250078,17.08743494155717
mp-1132,CdO,127.369,44.447,147.61319027763312,49.66563126363382
mp-11327,Rb2Se,13.717,6.979,15.05306535115757,6.559673714769374
mp-11335,BeSe,87.774,66.886,101.03294392216335,56.691694213593635
mp-1138,LiF,69.649,50.018,74.92056407665066,49.29524565759445
mp-11489,Li3Pd,36.429,15.968,39.73901899289845,17.176470471265525
mp-11523,Ni3Sn,163.22,17.165,180.2683306817403,29.29579348249461
mp-1153,Li2S,40.49,33.875,41.20631114153542,30.376841175481847
mp-11577,YbZn,27.526,7.41,30.962788335271572,4.023029874121768
mp-1164,ThC,97.603,71.668,156.89790134416745,73.7909181614196
mp-11718,RbF,25.133,13.408,30.6117834984013,16.035905939391302
mp-1176,TbTe,63.35,21.785,73.65263811498907,23.34297764384002
mp-1184863,K3Mo,6.71,2.555,11.926967384386462,5.730238217035211
mp-1186018,Na3Au,18.941,6.198,19.54160175485012,6.480539563861475
mp-1186852,Rb3Mg,4.215,1.491,-0.0685394169972965,3.2246143850967157
mp-12087,Cu2S,91.395,21.175,103.28969214026093,28.629972189029367
mp-1216,YbO,123.582,88.774,152.44201377790029,93.74494482744852
mp-1240,HoS,99.911,42.662,125.56074971756708,48.80810109932493
mp-1252369,Si3Os,172.924,67.583,195.36462892967495,24.232861154548324
mp-1253,BaSe,35.501,21.416,44.43419201689652,19.465539290541145
mp-12608,CuPt7,229.485,67.266,257.25559722072535,58.12861039016168
mp-1265,MgO,151.45,118.82,177.08883309563504,131.20342884391172
mp-1266,Na2Se,23.909,15.694,27.42973379375524,16.975300786802226
mp-1269,SmS,90.438,39.284,112.6662636873366,41.40833021689099
mp-12777,AlCu3,138.352,47.92,157.2215546740169,33.88105782908628
mp-1280,ErTe,65.928,20.06,77.61352438762816,23.18166057265842
mp-1282,VC,306.705,208.742,349.9066629628302,192.16189683396357
mp-12979,SnO2,185.31,57.406,202.96398488994947,61.72436463992387
mp-13136,WC,365.029,130.115,420.46769488571033,90.44418296887926
mp-1315,MgS,74.305,51.763,88.40007113069491,49.50775907718201
mp-13175,PtN,234.662,26.883,293.0035180050834,30.075419846099216
mp-13181,LaF3,125.291,12.21,135.99520752956016,22.296138320584653
mp-1330,AlN,252.764,216.097,295.9129607950174,213.61075275212215
mp-1342,BaO,68.281,37.058,78.26581823404491,38.64178460459063
mp-1352,ZrN,247.481,147.586,292.3480066437504,148.80499551919775
mp-1367,Mg2Si,54.228,46.085,57.313401508985706,32.60996933338284
mp-1394,Rb2O,22.839,7.73,29.159657215244597,14.944158544150053
mp-1406,MnTe,46.537,29.189,52.12635558741493,26.746870451122017
mp-1410,DyN,163.58,123.389,193.30711471025748,133.97031445108104
mp-1415,CaSe,47.761,32.174,57.57136723478451,32.28163612721851
mp-1432,Be2B,144.862,92.441,147.56016217052826,102.4725736119738
mp-1447,SmSe,76.17,29.406,93.36746347050315,31.56301083934149
mp-1453,NdSe,73.49,28.425,90.10577380718848,34.06983421636625
mp-14549,CuO,179.442,35.321,206.8268048054151,38.90568403089773
mp-1476,ScS,99.417,53.382,122.3388228429182,46.75622409728778
mp-1500,BaS,41.171,24.774,50.26552999371043,24.37701591966643
mp-1502,Al2Pt,129.675,38.584,142.26260376624396,58.546088928446814
mp-1519,CaTe,37.042,23.516,45.84102598181444,23.376892197351932
mp-1534,YS,93.243,42.129,120.76027778935487,42.3104446362438
mp-1546,DyMg3,41.005,24.698,44.27080733957292,22.15082612428771
mp-1560,LaTe,54.332,21.792,66.50965219563285,31.01640891219977
mp-1561,TbSe,80.122,29.91,101.82828889075564,31.15737255149085
mp-1565,ZrO2,235.389,103.516,250.43815586053856,112.24493869832264
mp-1569,Be2C,200.504,228.81,212.25478564401791,181.2929812993933
mp-15694,PaAs,116.084,54.249,137.2690114628264,54.5864126792678
mp-1580,NbN,304.766,139.843,357.7668496063809,45.0744441125065
mp-1586,NdSb,58.638,31.963,69.11345573251954,42.177485707547554
mp-1597,UO2,206.152,92.078,208.46881762699945,78.75898086916597
mp-1610,TbS,96.236,42.109,123.482183414128,48.07358842869658
mp-1623,ErS,99.884,43.445,125.7862512302365,49.196506428403936
mp-16366,Cu2Se,84.187,5.813,92.44306131868146,18.28157449078505
mp-1646,Li3Hg,25.438,5.618,25.900448853575213,13.11837853943539
mp-16522,Al2Pd,109.96,31.202,117.88427937464132,46.98047944236378
mp-1672,CaS,56.852,39.145,69.77056123677585,41.49718754371775
mp-16730,MoN,327.755,14.157,378.7748329851492,-169.10937851396912
mp-1674,PrSe,71.671,27.766,87.7464145498644,34.54949015172401
mp-1688,ErAs,79.218,53.691,90.95594254566902,54.7225933445968
mp-1708,YTe,61.724,21.921,74.18862231765456,23.709450314151457
mp-1719,PuN,158.704,69.543,151.01953148219184,74.53926214586728
mp-1738,SmAs,72.532,48.426,85.0292898931631,52.97813006660584
mp-1747,K2Te,13.039,7.26,15.018293782624914,6.325858200189498
mp-1748,NdS,86.452,36.997,107.08218731622496,40.64530529350348
mp-1751,ThSb,79.402,30.308,91.14470121188478,44.60762183298372
mp-1753,ThAs,100.068,47.87,115.42080656412656,50.915356761453225
mp-1766,TmS,102.797,43.054,131.870650212266,51.43256945464011
mp-1776,UN2,256.399,93.359,264.05345350163304,105.41141972337002
mp-1779,YbTe,39.676,26.05,48.17997650263421,25.807494424325142
mp-1782,ScSe,81.738,39.59,106.7334561664184,36.379963534527306
mp-1784,CsF,21.461,9.864,26.6849708636373,10.38318556695014
mp-1785,PrSb,54.454,31.033,66.88998894699526,40.21957430235486
mp-1787,NdMg3,38.838,26.322,41.90056024740135,22.455560851854884
mp-179,YZn,52.307,4.156,56.23791436988638,13.570843794574651
mp-1794,BeO,243.273,148.783,281.3365861971355,158.1405860936856
mp-1798,CeMg3,45.536,28.847,40.95982187956772,22.457001770779087
mp-1811,HgTe,45.79,10.847,64.79308828117667,11.711074886093376
mp-1820,YbS,62.187,44.285,75.80612994766177,45.86860429526834
mp-1865,UN,206.53,72.566,227.2752234851895,90.56602469357544
mp-1876,SnS,53.469,31.014,64.23549630846993,24.74863160570664
mp-1883,SnTe,38.189,27.868,49.522948666538795,29.46428445948532
mp-1925,ZrS,132.151,48.734,155.42534564161602,23.65365070326492
mp-1958,SrTe,32.317,20.197,37.18818142190734,20.30096532623095
mp-1959,PuO2,196.245,78.729,199.05764436511495,68.86211451245835
mp-1960,Li2O,78.6,68.452,72.91817646694628,61.19290714450128
mp-19717,TePb,38.461,24.006,45.815771596037074,21.907702424742077
mp-1975,TmN,172.542,137.49,205.4755575366503,149.0674463779427
mp-19830,ErN,169.316,132.589,202.6260948450173,140.4375846453798
mp-19962,Sn2Pt,92.692,28.197,96.7120619900748,39.0463877889204
mp-2011,UP,99.646,46.377,115.50833795927792,49.31910913664563
mp-2014,DyP,87.469,60.67,97.69819820945705,65.25196031234809
mp-20158,PbO2,134.544,28.736,148.0692985334367,39.628713716924906
mp-2018,AlFe3,171.541,83.814,176.70545299729693,78.47971520811484
mp-20194,CeO2,170.992,73.939,182.4417792088786,71.7649912283244
mp-20211,Mn3Si,227.244,100.274,254.56167918230736,103.42349984455262
mp-20340,EuN,109.129,53.655,111.06288479079912,63.522425590212286
mp-20457,InP,73.875,38.448,87.70645738382875,32.94329186076812
mp-2050,HoSb,61.329,35.415,70.94876725316985,40.95025842176094
mp-2052,ScAs,85.701,51.516,102.6231766784519,57.82171076493712
mp-20581,Ca3In,24.386,12.365,25.792035275601727,9.675488531186891
mp-2065,MnS,60.377,34.361,62.4694785467516,37.65495705440653
mp-20711,Fe3Ge,142.782,34.23,195.7509473397845,75.4993475317605
mp-20724,Mg2Pb,34.401,21.217,37.92060838258201,18.216862158386892
mp-2074,Li3Sb,32.535,25.62,33.223777965245965,22.60062356501021
mp-20812,InN,158.992,95.097,188.7260198247351,90.52621723327933
mp-2082,PIr2,275.878,95.703,303.8604965872437,107.89910891872134
mp-2083,Sn2Ir,110.242,33.475,121.10557952626642,58.84431107650081
mp-21075,HfC,239.071,177.337,272.62850954237575,197.9689138851899
mp-2114,YN,159.077,120.831,188.2297365013565,130.3642009435103
mp-2117,TbN,157.952,120.579,187.3749413563408,128.63645100949938
mp-2132,CrN,127.896,97.244,222.2874572683089,114.30239120806654
mp-21391,InAs,61.193,24.866,73.38541883424053,27.49677564020565
mp-215,YSb,57.085,34.094,70.61030920902931,38.504427524706685
mp-2154,CeP,69.44,50.428,84.01423866228933,52.276769286587225
mp-2159,DyTe,64.339,21.366,75.59788102603507,22.65542710157519
mp-2182,SnAs,64.044,29.701,77.70353158754861,38.84168143837494
mp-2183,ThSe,101.246,25.536,121.51687102297156,34.78519567535212
mp-2191,ErSb,58.352,35.969,71.23415111579142,40.512542120347426
mp-2199,Fe3Si,210.833,99.533,231.78305159900475,102.93612975493323
mp-2201,PbSe,46.512,27.177,54.75369310454703,27.45612342451407
mp-22095,Ga2Pt,101.898,20.333,123.69954020369472,40.57112475414538
mp-22154,In2Au,53.29,13.931,58.38474327082723,20.460210475576144
mp-2229,ZnO,166.374,62.567,195.7240041327694,68.55827761517833
mp-22319,UB12,243.159,182.299,236.18973543896703,208.0233544862757
mp-22682,In2Pt,91.458,27.293,94.7973473199822,40.12356465532663
mp-2281,SmSb,55.79,32.903,69.23066754555684,40.20112237101178
mp-2286,Li2Se,33.677,26.985,35.053367320742545,24.20070239517632
mp-22862,NaCl,23.77,14.298,28.224909875871123,15.443592248187477
mp-22866,HoBi,54.739,29.989,63.24084780396812,43.41690656836934
mp-22873,SmBi,52.053,30.315,61.35233313721589,38.59493914123771
mp-22879,PuBi,52.25,20.475,69.43484456259768,32.49199423129932
mp-22898,KI,10.558,5.635,14.228050112392124,3.2721318218539386
mp-22899,LiI,19.889,12.473,22.935847484620556,11.920113760331851
mp-22905,LiCl,32.161,20.781,37.616568504415675,21.134980267168316
mp-22907,DyBi,53.954,29.768,63.47953888422578,45.681376008453746
mp-2291,Si2Ni,141.692,31.996,143.55465307888903,61.55028771951026
mp-22912,NpBi,14.939,84.218,60.78699895819013,29.204624849400687
mp-22916,NaBr,19.491,11.281,23.70565059112295,11.961431702980825
mp-22919,AgI,34.265,10.345,41.38541357705367,13.313207212427896
mp-22921,TbBi,55.237,29.486,63.021164009299014,44.85120017386078
mp-22922,AgCl,40.56,6.466,46.302353380164945,6.7813725205316935
mp-2302,AsRh2,189.638,71.205,213.23042737950388,75.1636747025513
mp-2306,LaMg3,37.949,25.636,39.45060150541961,20.150488240250795
mp-23171,PrBi,49.437,27.031,61.52231728722513,36.81600997604671
mp-23193,KCl,16.489,9.177,20.91501107493115,9.684455453358725
mp-23209,SrCl2,33.615,14.668,37.48287231808361,15.30674953929112
mp-23222,Li3Bi,28.2,21.021,26.52965686721019,16.137382817305035
mp-23231,AgBr,38.284,8.539,42.81794561727903,7.879845603792994
mp-23234,TmBi,54.948,30.664,62.23822052561934,43.380401555729534
mp-23241,YBi,53.143,29.04,62.74947314833048,40.6890338950991
mp-23245,ErBi,54.597,30.393,63.25580981169316,42.810227520657456
mp-23251,KBr,13.432,7.473,16.514411621916206,9.30784362895966
mp-23259,LiBr,25.963,16.321,29.6383186106609,17.394263204696266
mp-23268,NaI,15.1,8.31,18.382270057119804,9.371871424409482
mp-23285,CeBi,38.203,25.983,55.06495297287367,32.83042913587187
mp-23300,NdBi,50.357,27.498,62.270014361973146,38.29139570873633
mp-23304,Rb3Bi,9.746,4.598,12.008082122858148,-9.356512065912288
mp-2343,Mg2Sn,40.919,28.207,45.24222164870549,20.579606198376705
mp-2350,LaS,83.314,40.885,97.567745959598,42.59944078925259
mp-2352,Na2O,45.868,30.58,49.34530237906753,33.325041428546626
mp-2364,PaO2,206.71,104.185,204.96294370607936,82.80698936454456
mp-237,TmTe,66.367,18.543,78.27957787368072,22.91811755472833
mp-23703,LiH,36.35,42.538,37.565878619633416,39.95829494658195
mp-23722,HCl,56.966,56.466,55.56826329978849,51.55413129214817
mp-2379,CoSi2,173.636,55.782,189.3257600700017,90.08692627405748
mp-2384,LaP,71.271,44.222,80.06009591682847,42.11348089440671
mp-23870,NaH,23.295,19.487,25.1938715997145,18.637690823085553
mp-2388,CdTe,46.602,19.072,55.58168870306356,22.36575263821379
mp-24084,KH,13.704,10.516,16.370269890393068,10.869770063725293
mp-24092,GdH2,68.537,47.226,137.87916837482092,54.794767787850496
mp-24095,PrH2,68.409,39.792,71.41294665362169,50.0334325994746
mp-24096,NdH2,71.096,40.995,73.91161174209809,53.12918400574716
mp-241,CdF2,95.332,27.592,102.64481941654218,32.62981601832447
mp-24147,AcH2,55.135,31.721,50.54427511743812,32.26393857011542
mp-24151,DyH2,84.452,54.075,85.95862660764102,58.90393353991583
mp-24152,HoH2,86.522,55.883,88.19215619372292,58.92098932940876
mp-24154,NbH2,179.449,70.17,188.1855162124184,55.10069456116532
mp-24192,ErH2,87.63,56.307,90.10478936360148,59.24847650479902
mp-24237,ScH2,95.971,65.106,101.90465560733384,62.68391898512776
mp-24287,CrH,243.317,139.914,272.4531216285829,92.2795617155896
mp-24289,HPd,174.968,38.553,202.2720258211345,47.534109210775654
mp-2458,TbO2,142.644,120.173,143.81040416104543,44.138680826658394
mp-24650,YH2,81.498,53.752,82.62447833210412,57.69940504665669
mp-24658,SmH2,75.078,44.862,79.76492004414995,54.80251245804956
mp-2470,DyS,96.9,42.673,125.33860431727342,49.81738297764138
mp-24719,NiH,200.93,66.268,217.6570429190499,73.77477635702238
mp-2472,SrO,84.99,55.772,103.41185978151832,63.52135655126281
mp-24721,RbH,11.395,8.535,14.550465544733598,8.286781854426337
mp-24722,HRh,218.492,70.702,231.80883587974395,43.52519070134437
mp-24723,TaH2,196.872,57.999,200.61386231283817,47.73918624163289
mp-24728,VH2,175.664,88.024,173.55872360802485,94.5467868997912
mp-2489,UC,178.518,29.992,201.3529811070141,60.226182771856514
mp-2491,ErSe,83.657,28.368,104.82055353057262,33.138757386741325
mp-2493,CeN,143.06,76.604,161.76938995549534,81.65170092186493
mp-2495,PrS,84.639,35.905,102.70509584590393,39.42196631895709
mp-251,TaN,330.533,142.307,387.845479239854,20.82412721828595
mp-2520,TmSb,62.342,36.301,73.38422810561886,41.09695723414939
mp-2530,Li2Te,26.076,18.389,27.671684320926506,18.55846951074187
mp-2530518,TePd3,134.524,18.854,151.61668603963557,-9.36747766850208
mp-2532,PrTe,57.203,20.901,67.5307314363349,24.976228582183506
mp-2548,PuAs,71.138,51.563,82.62140775244993,49.19477824375296
mp-256,LaN,121.33,67.25,136.38104657106618,67.83131996143109
mp-2563,CeSe,93.807,23.207,80.69942095803837,39.13764639215261
mp-2566,PuSb,54.416,29.524,66.56715545926255,36.225738621870846
mp-2596,NpN,151.141,85.399,167.55284765321557,66.8426123569418
mp-2597,InTe,39.529,13.03,56.23784810942104,24.014963615598976
mp-2602,NdAs,71.185,45.687,84.08356498745611,47.41954682898376
mp-2605,CaO,105.841,74.209,126.7902980230303,82.54955527342723
mp-2612,GeTe,48.853,41.317,57.07358855588977,35.28375694216833
mp-2616,NpO2,192.353,81.895,210.79447835176455,76.25315410676798
mp-2627,DyAs,76.57,52.475,89.16238030406747,54.82516196632112
mp-2637,YSe,78.292,30.01,98.77431219734576,28.767023282749033
mp-2640,TbAs,76.698,51.167,89.398583618888,54.89607373940636
mp-2647,Al2Au,104.282,39.149,113.11251542776544,45.29396829533516
mp-2664,TiO,224.438,64.903,271.50972208530777,-26.992716821424743
mp-2693,SnSe,48.326,29.365,56.25094313076465,26.21663515632578
mp-2724,TbSb,59.906,34.455,69.43451428663313,41.38899172967453
mp-2732,PRh2,223.688,80.823,254.68309040096003,78.55550740174355
mp-2735,PaO,188.867,17.012,213.9435366137155,71.89308087323874
mp-2741,CaF2,80.16,37.856,87.07376461773025,45.3644124488002
mp-2746,MoC,333.899,189.755,380.6452464628954,90.46500859268964
mp-2748,CeAs,62.335,44.203,73.92732567897592,44.85389014487287
mp-2758,SrSe,41.256,27.097,52.49246620669228,25.34038107840826
mp-2774343,Na3Be,14.383,4.861,16.881371531149096,4.485476579859736
mp-2775197,Rb3Hf,6.057,2.738,7.120982188393549,-4.117290282645266
mp-2776,Ga2Au,65.975,11.065,75.39579209878033,25.19999525478293
mp-2784,Na2Te,19.229,11.389,19.69858989785302,8.808432184352437
mp-2795,ZrC,219.051,159.251,251.56365082624143,177.4878516313603
mp-280,PuC,147.937,41.22,153.331219029107,55.37044945193253
mp-2807,ScP,90.559,61.629,109.46985446203094,69.85293338439938
mp-282,TiF2,109.445,54.578,113.48450123715594,59.32864249039455
mp-2822,TmSe,84.968,27.123,107.27383845020668,34.93053963858586
mp-2823,NdP,78.398,51.947,86.70280243197836,59.30785036148107
mp-2828,HfN,270.382,164.261,324.8180926909608,153.65727531541577
mp-2853,GaN,208.803,140.084,223.7873771878966,125.23999038221216
mp-2857,ScN,200.491,155.674,229.73046873532832,163.48245164199278
mp-286,YbSe,52.363,36.238,64.0922096155198,37.9520383903485
mp-2863,CeCd3,41.295,27.145,53.24351905608327,17.94939972747953
mp-2880538,Tm3V,51.93,22.198,56.25421169712046,12.32619561348862
mp-295,HoAs,77.463,53.503,89.37955063706976,54.96325213297675
mp-29551,Na3Hg,12.299,5.4,14.170899435075242,5.826971605954283
mp-30482,Ca3Tl,21.746,10.484,23.334746367590864,8.509443537255473
mp-30569,Zr6Co23,173.449,59.12,195.17755073469337,88.28921381083725
mp-30760,Li3Pb,25.566,15.278,26.177828964694857,16.364908624826285
mp-30765,LiPt7,217.916,77.09,236.7051109106364,65.81872971510585
mp-30779,SmMg3,39.515,26.455,42.98689011385138,22.25799109734105
mp-31349,Sr3In,17.296,7.912,18.840243508004885,9.34165509540328
mp-315,PbF2,67.722,24.288,70.93787384179535,26.60396310338171
mp-32548,BiO2,140.204,46.383,160.09013583352672,59.46549107550019
mp-33018,Rb3Sb,10.942,5.083,18.670114763748476,1.6004616667755862
mp-342,SmTe,60.983,21.954,71.67629648689679,24.433829702592305
mp-343,PrN,133.177,87.521,152.96792680882294,97.97547494642272
mp-345,HfB,172.719,90.679,193.31177929033325,85.24943949211978
mp-36891,Br3N,40.19,11.413,25.866080576630676,-4.046051554445367
mp-370,CdS,71.97,33.755,87.1590853030688,30.785113370921486
mp-408,Mg2Ge,49.429,42.782,53.965120627704096,29.025637099641923
mp-428,PrMg3,38.445,27.868,41.839568085466254,21.716719494668713
mp-441,Rb2Te,11.393,5.849,13.350359238571832,4.938679468754225
mp-451,ZrB,160.149,81.074,173.35206948152228,86.29289519816274
mp-463,KF,29.839,16.899,38.95527622740043,22.081246753751564
mp-464,HoSe,82.998,29.485,103.7730212284121,32.32963708366225
mp-475,SnP,73.018,33.954,84.27978216837269,41.81857949422859
mp-492,TiN,278.511,191.577,326.270816947597,188.43122566244816
mp-503,ThS,118.095,37.254,142.76143456563096,42.37211224638386
mp-504731,EuF2,68.624,29.302,72.34678129354697,36.92078580784823
mp-510374,GdAs,78.507,46.696,79.13809279898206,48.91469309146525
mp-510401,GdP,85.387,54.5,88.49222460114697,57.47888235703409
mp-510402,GdS,86.458,47.722,98.31001699168996,42.907227258911746
mp-510403,GdSb,98.6,31.19,49.01060419923569,64.25235559737753
mp-510404,GdSe,97.929,35.871,86.77603667279617,27.1633798201635
mp-516,LuSb,63.1,36.872,73.5412634179757,41.604528449475424
mp-542583,EuTe,32.56,22.782,45.21333865487723,25.5123729287342
mp-549,ScSb,65.333,33.538,74.63583424917914,39.01458637634941
mp-550893,HfO2,252.656,116.166,270.2857073693941,127.60873709467003
mp-567362,BiTe,47.617,18.075,60.215094638604754,25.002624159426915
mp-567580,PaC,165.088,76.83,198.4249098489331,75.62315128519683
mp-568516,K3Bi,11.606,5.881,15.52327572346232,6.049817885880718
mp-568560,TlBr,16.051,6.436,17.233401518319845,7.026997708817222
mp-568662,BaCl2,29.053,11.85,31.67709755502615,13.322910868321928
mp-568844,BiSe,56.128,17.381,67.967968785435,16.28770894173547
mp-569228,WN,356.271,23.776,417.2169431516134,-194.36246826377555
mp-569639,TlCl,18.005,6.9190000000000005,21.79720706155702,7.797860964736536
mp-570,NdTe,58.456,21.328,70.76930620960339,23.86851110429369
mp-570354,CuBr,51.714,11.215,58.96615222664376,12.616314944935406
mp-570632,ScBi,57.536,28.736,63.12897329551273,28.43239583942364
mp-571059,YCd3,57.047,21.515,65.12682184259009,18.43287038882025
mp-571102,TlI,13.509,5.91,17.527308293874203,3.842947037738275
mp-571222,CsBr,10.316,5.148,12.332822897151384,2.9444854230185085
mp-571386,CuCl,56.945,3.416,66.85423545818742,-3.4639313876967397
mp-573697,CsCl,12.229,6.1,20.1998917071602,10.214826028980635
mp-574283,GdTe,71.741,26.856,72.66526820856197,32.869376500344146
mp-579,CrC,110.843,96.262,287.36808854662956,123.05949540307496
mp-601,PrP,75.919,50.128,85.07234988498307,58.21213915480117
mp-614603,CsI,8.224,4.02,10.351640455442189,2.18919066199487
mp-627,NpSe,76.476,34.822,81.88236523577227,34.41078192851046
mp-631,TiC,251.478,172.363,295.46063391077314,202.50739112984965
mp-634751,YbH2,48.082,33.752,49.54337033711932,37.68646712376475
mp-643,ThO2,188.295,91.197,199.38456879736685,86.60117245521315
mp-644481,ScO,184.583,103.187,205.9215820641819,96.33083095930986
mp-644500,Zn7Mo,101.103,45.801,111.60197773804956,29.982375733023808
mp-645,TbP,85.585,58.988,95.53523788748312,63.73155860337793
mp-648,Na2S,28.189,19.193,29.933964307032547,19.260825889691976
mp-656,LuS,104.585,42.384,134.1877809559035,51.82156186236664
mp-672232,AlNi3,177.562,11.728,192.2418875108052,49.7143931849365
mp-672661,GaFe3,169.932,41.414,183.27157107984164,64.66835225587843
mp-682,NaF,46.136,30.163,55.817403273038046,33.70862650917273
mp-6927,NpO,164.957,88.803,170.14452491642422,77.31959670983957
mp-6933,MnN,137.8,132.223,234.1470002815598,116.7163349949603
mp-708,LaAs,66.566,39.976,76.76476608048932,36.08742811723128
mp-710,SmP,80.277,54.979,89.53104986997485,63.908559807178335
mp-7381,TbMg3,40.267,24.883,43.86172889712421,22.13288045049524
mp-7396,Li3Tl,23.258,14.643,23.379391253553024,12.289128613371908
mp-744,HoP,88.424,61.321,99.92093955346807,66.6582055027842
mp-749,SmN,145.3,105.756,162.9040004588375,110.02230292027386
mp-754125,NdO2,126.323,315.883,127.16583664013652,40.848175702416256
mp-806,PuO,46.23,18.171,147.08683198676178,71.19280877516078
mp-814,DySe,81.802,29.474,102.86413629826168,31.94660825983245
mp-8177,HgF2,86.276,12.599,97.85374308749688,14.516157535344298
mp-8289,SnF3,50.256,15.788,81.63874020549817,29.595565629907817
mp-834,ThN,176.864,86.739,208.68260905216556,107.32219980867904
mp-838,Cu3Sn,149.365,18.618,121.63364351665592,5.447845037088397
mp-8426,K2Se,15.851,8.676,17.211398001586446,8.074753067932102
mp-861605,AcH3,69.171,31.322,71.75179551211757,29.463894990203126
mp-862755,PrCd3,53.986,22.842,59.849049425478256,18.192552267457152
mp-862899,PmCd3,55.77,23.661,62.5684895901792,19.666137564784137
mp-864984,MnV3,210.529,50.037,224.48549974800824,81.15889907086739
mp-865027,Mn3Ge,195.84,84.368,205.40491093216335,82.27024728407281
mp-865176,HfCu3,136.591,16.975,146.43163663920254,32.867205039747944
mp-865376,YMg3,43.03,26.114,44.44129932778762,21.45621596458463
mp-865382,V3Ru,221.654,89.252,245.0347001872205,103.86394269073988
mp-865385,V3Re,233.519,59.053,252.75410044478988,103.81222275548213
mp-865858,PaAu3,125.869,15.063,142.7914219010396,12.758680385231512
mp-865899,Ti3Os,160.895,51.02,173.97873110527593,57.15666689798416
mp-865907,LiZn3,56.751,2.197,60.07429246593593,20.361359442582675
mp-866121,V3Os,246.21,109.532,269.43880430316744,114.91160373018243
mp-866134,VFe3,195.459,92.605,189.45919139975467,86.23405700777506
mp-866172,HoMg3,40.634,26.726,44.62938043487695,21.807660258850003
mp-867158,SmCd3,56.236,23.153,61.41301841469198,18.89066902868655
mp-867226,Li3In,24.555,16.087,25.060915650103865,12.574331877925047
mp-867227,Li3Pt,46.404,15.779,50.79077440386162,19.738896833149248
mp-867262,ScTc3,216.144,92.758,238.0726645269026,95.18599311942468
mp-867342,Li3Ge,32.98,22.258,38.82076398725993,23.50696801963835
mp-867343,Li3Cd,22.509,5.553,24.961296181230026,12.999104520043511
mp-867857,SmH3,90.319,18.27,91.36947214376006,34.62054087105202
mp-8772,ScB12,218.18,190.491,231.1873539792174,153.59616938157225
mp-883,HoN,167.77,126.817,198.83947801161972,135.6596179065819
mp-8860,Na3As,24.248,11.722,25.472194073530535,7.216746961607371
mp-910,NbC,296.238,180.981,343.4678411170811,185.70385195092203
mp-919,HoTe,65.126,20.766,77.35802202909868,22.480395233070496
mp-925,VN,316.753,162.007,367.4037245183536,106.57240616307924
mp-930,ZrP,135.366,68.268,156.6079738591062,85.59315196545961
mp-931,ThP,112.228,56.224,128.12681263944756,64.63068482656999
mp-933,YAs,75.352,50.989,85.53039120568812,51.75475028254175
mp-948,ZnTe,53.63,20.206,64.80482064762485,29.974492624606647
mp-957,HgSe,57.045,17.977,71.33510685458363,14.994430897852856
mp-971,K2O,27.218,12.49,26.17566073644756,12.65789174928284
mp-971744,ZnCo3,183.266,51.41,186.2124969141477,62.071074161373815
mp-971752,ZnCr3,108.873,71.217,115.81881894058138,58.18744322005338
mp-972,MnSe,44.652,33.162,62.07056248993691,38.18003954893772
mp-972048,Zn6Mo,91.897,48.313,100.3126308970359,39.19173759089543
mp-972071,V3Mo,203.583,36.67,221.45918604728848,76.79842793072437
mp-972082,Tl3Si,34.443,9.412,39.77026988047187,5.713851090871418
mp-972456,Sm3V,42.339,37.307,54.244983908087335,13.390652628244055
mp-972751,Si3Ge,83.175,34.903,84.9204333202075,-37.42233769487024
mp-973053,ScH3,110.897,30.278,118.69725743751964,41.83526179216323
mp-973100,ScCu3,102.363,7.858,110.9651289651361,28.178773177193605
mp-973143,ScZn3,78.798,38.927,90.57132641919011,30.81619230538811
mp-973149,Mn3Al,179.795,91.053,145.39376352145248,86.16665732020448
mp-973265,K3Zr,6.941,2.439,6.103531761918667,0.977323150245476
mp-973353,SbPt3,178.413,26.833,194.3942657168175,1.9035037111827728
mp-973402,SbPd3,143.223,9.073,159.99697976004967,10.03250132744775
mp-973446,K3W,8.076,2.93,11.10946942560248,2.7345224756211706
mp-973528,K3Si,9.969,0.64,13.344825338001272,4.864679093887083
mp-973533,FeAg3,99.882,14.401,107.70191895953138,16.86394866928094
mp-973535,K3Sc,23.854,15.512,6.8332125710177865,0.2916778912928301
mp-973614,K3Sn,9.269,2.325,13.984659369761143,3.752505393080925
mp-973622,K3Sr,4.901,1.584,3.957020273954317,0.2932076330621081
mp-973824,LiHg3,22.639,18.474,30.127508491140425,1.083118864362738
mp-973940,LiCd3,41.518,5.772,43.3820221819379,6.6556139222168
mp-974270,Na3Al,14.872,4.102,16.895714408944357,6.333092997950586
mp-974415,Re3Pb,244.499,26.112,262.9675670672591,62.138899408399205
mp-974417,Re3Sb,259.398,53.395,275.8048913154999,80.73549864144996
mp-974452,Re3C,297.264,46.257,333.7833919474015,62.10342665144495
mp-974458,Re3F,277.045,48.767,297.1540852762845,61.298946204704926
mp-974565,ReP3,185.152,76.961,186.3521508629595,31.696468740613874
mp-974641,K3Tl,5.319,0.352,5.020692631606081,0.8441991747771596
mp-974743,Rb3V,5.686,2.138,8.989999772334999,-3.4714908325763267
mp-974789,Rb3Sn,7.046,0.432,10.162638112192852,-2.1808775100862423
mp-974810,Rb3Ru,3.293,2.7,4.769016175808945,4.506132612335585
mp-974832,Rb3Pb,6.311,0.48,9.06211979702675,-3.607854746398899
mp-974843,Rb3Os,6.657,2.648,6.264882711361696,7.336011919846115
mp-974883,Rb3Na,3.363,1.15,5.748551962452962,0.701964412227708
mp-974933,Rb3Mo,5.203,1.881,21.43076587454613,29.556655055970833
mp-974949,Rb3Ir,12.992,4.304,12.486990534824008,5.817652673011215
mp-974950,Rb3Li,3.577,1.129,7.664975392452241,-1.989536612844221
mp-974990,Rb3Hg,3.088,0.512,9.303870893695152,-6.871877153511283
mp-975028,Rb3Cd,3.5700000000000003,0.915,2.94685457260008,-11.004035537596366
mp-975050,Rb3Co,9.437,0.168,4.655590872242082,0.7071971651303521
mp-975198,RbTl3,16.913,0.775,18.843641489363527,5.413737460514227
mp-975390,RbCa3,11.666,5.689,18.08443822130464,1.5650842195661174
mp-975512,InSb3,53.357,12.164,59.26210929104702,7.465811635291644
mp-975905,Mo3I,178.725,20.22,207.07344543664965,40.25292704132896
mp-976023,Li3Ga,23.233,19.231,28.95223203014824,12.754174688812364
mp-976060,Li3C,54.763,33.718,55.42627936566523,50.04331230133897
mp-976113,LaAu3,80.791,7.408,93.52918272730392,9.930017628501451
mp-976256,Li3Mg,18.913,4.316,17.851466325969177,8.9094947953492
mp-976264,Li3Nd,20.824,1.22,22.843283112958687,10.745967522226554
mp-976321,Li3Pr,20.736,1.26,23.134042188714517,10.364727298378886
mp-976334,Li3Tc,34.091,18.07,36.583512183762686,19.323930778315
mp-976405,NaEr3,33.418,18.579,36.12367016036268,13.645368052350843
mp-976412,Li3Zn,23.55,5.4879999999999995,26.366799439329046,13.292024503980024
mp-976863,NaTm3,33.868,20.509,36.50334928706633,13.06410485489564
mp-976943,NaRe3,236.918,94.173,253.0472861051318,86.46304412655918
mp-977062,Na3Ca,9.908,2.301,11.022703639086275,5.659622751845551
mp-977138,NaTc3,186.78,62.388,203.64309330342195,69.30778201252997
mp-977140,NaTa3,132.843,16.731,141.17717901611448,37.833174238196534
mp-977181,NaMo3,165.314,14.462,171.9928078516456,40.079802652707265
mp-977182,NaNb3,116.717,176.789,123.1356112770415,26.490422208657936
mp-977189,Na3Bi,19.11,9.212,21.240374846085775,5.447261288043562
mp-977200,Na3C,22.193,4.584,27.395865136260916,14.907449697844614
mp-977239,Li3Th,26.408,5.399,23.756742779107196,12.539452486648807
mp-977283,MgRe3,261.655,99.376,281.11261133158587,100.56176316050654
mp-977286,Li3Sm,21.078,0.8260000000000001,23.67452148233176,10.448238545042203
mp-977390,Ta3Ru,225.21,86.954,246.03299672119996,109.17831672275436
mp-977434,Nb3Ru,208.891,88.985,225.3952315144961,96.28709174692958
mp-978276,Mg3Co,59.866,25.887,59.90023153700139,26.751665110499772
mp-978285,Mg3Mn,46.208,28.117,51.89611861813253,19.913412377254826
mp-978291,Mg3Pa,48.729,32.735,51.69495376156141,27.77957887639646
mp-978509,Si3Ru,153.635,36.773,203.96699596603085,-28.51659415373454
mp-978554,SmRe3,218.927,75.823,244.227526875489,84.55023346460789
mp-978856,SrH3,45.849,29.168,39.98773591879735,28.35401043449509
mp-979074,TmO3,158.954,14.701,172.96489487201842,39.57794289626519
mp-979289,TaW3,275.924,121.472,300.8716922752617,138.80642294581472
mp-979935,RbYb3,10.064,5.601,11.48560285096377,3.5258068119512713
mp-979937,Yb3Ru,39.52,8.177,41.46955717661983,18.33886894704711
mp-979940,Yb3Zr,25.447,16.111,25.955201018443457,10.22330991564456
mp-979955,Yb3Mn,19.156,10.761,20.46564205129725,12.289050722687026
mp-980006,Yb3Os,45.883,8.033,49.359770649172894,17.084389995651836
mp-980034,Yb3Mg,19.265,9.43,18.545682391002185,7.825677047429942
mp-980049,Yb3Re,30.077,6.0,44.35159831030186,18.73776467239611
mp-980905,ZnSn3,47.267,3.808,51.15481813512346,1.148133609299527
mp-981,SrF2,65.882,32.403,67.66920105736314,33.37272626754803
mp-981233,UCr3,177.103,26.475,199.5215557430141,37.56575740849015
mp-981378,Sr3Yb,12.899,6.768,17.539897023437067,-0.8361493818534093
mp-982595,Na3Re,18.675,3.286,19.833966100702646,9.162701176378627
mp-982873,Na3Tl,11.581,3.209,14.13343650488478,4.898582569992917
mp-983388,K3Hg,4.365,0.904,5.758559623784639,-0.5424555355586641
mp-984785,AcMg3,34.101,17.525,37.28450978055743,17.706986911801515
mp-985283,Ag3Ge,82.772,10.842,88.28009731121027,7.846952890935515
mp-985806,Al2Cu,96.231,59.777,108.89069980683506,55.5928010111376
mp-9935,GeSb,60.206,22.852,71.60942466446889,34.789701560140145
mp-994,YP,85.85,58.797,96.49411777681954,62.732790080420905
mp-997616,BaC,37.274,2.787,39.97122694203825,21.851699722814946
mp-998893,YC,124.296,64.499,125.93753150216796,61.75527372777091
mp-998982,Ti3Sn,113.274,37.386,123.57454910365324,31.1834674611431
mp-998986,Ti3Si,131.4,42.805,138.0634679513626,29.37323069445115
mp-998987,Ti3Ge,123.634,38.711,128.39136822831517,27.2091937534821
mp-998988,Ti3Ga,109.768,29.881,117.09672812413616,24.48645539659024
mp-999027,Ti3Al,107.662,33.17,118.89881189605347,27.216005415819183
mp-999123,TbH3,97.788,18.099,107.04405766830388,42.111980631918456
mp-999296,Pd3N,167.551,50.419,174.24060763778343,15.193226954392829
mp-999389,NbFe3,198.022,78.6,232.860115592224,97.69512950529656
mp-999390,NbCr3,226.813,84.137,242.82565348733047,90.70273877869234
mp-999395,Nb3Fe,187.538,75.731,192.85759597300975,79.25575308774629
mp-999396,Nb3Ni,174.363,66.041,184.07599865724188,59.636483358360245
mp-999439,Nb3Cr,183.542,23.16,190.43749849602443,72.52301594161302
mp-999473,ZnN,169.406,53.439,192.63548914355204,71.70171186671725
mp-999495,Na3N,29.531,6.252,34.40389319789965,18.467867494684747
mp-999550,Mn3Ga,184.623,54.829,118.19169147168306,63.78564282919507
mp-1025373,TcF6,6.037,3.815,100.63512175187444,32.42127770844938
mp-12766,Mg13Al14,48.999,22.218,53.758166093800504,15.339917186938784
mp-1521,Sb7Mo3,107.671,52.551,127.27127296611488,72.87185858112686
mp-22040,Sn7Ir3,110.258,62.286,119.6596280525642,52.52642686313897
mp-22344,Sn7Ru3,106.18,36.31,133.5040425067519,70.65678304713035
mp-2729,Sn7Os3,119.38,38.727,130.58657165667108,69.90442951434602
mp-29665,Sb3Au,66.29,18.302,81.69774704266453,30.25090581199373
mp-505780,Ge7Ir3,141.767,85.13,163.98358898690984,81.3774403866496
mp-570835,NiHg4,50.645,28.861,63.180991534367514,24.4495446558667
mp-646824,Ca3Ag8,49.399,17.366,64.59867520042198,27.220321097829235
mp-936,Hg4Pt,60.904,30.648,69.14061672165718,25.634301667107486
mp-1001789,IrC,274.838,72.735,293.7151045096426,79.62359562715369
mp-1001826,VN,218.203,35.297,223.6134818798855,74.04153232290489
mp-1001833,InBi,35.088,14.188,35.481993146328,15.724165367952804
mp-1001837,MoP,124.657,1.864,133.92124371150672,8.62062801993627
mp-1001916,HfN,196.209,85.489,204.0744312993048,92.5442297124447
mp-1002124,HfC,158.82,30.036,166.07374285733823,56.75848745032923
mp-10044,BAs,131.927,124.769,140.59032344086464,91.8072359959894
mp-1006880,BiB,73.075,59.35,74.93277871086727,51.351355392717025
mp-1006882,CdC,76.042,0.74,79.04327346355042,17.43308946101504
mp-1007770,TlAs,36.447,17.574,39.76582981129161,17.718188149960515
mp-1007776,TlP,45.906,24.306,48.22498816909404,22.538870043386247
mp-1007778,TlN,89.83,34.723,91.11814754111586,37.852763130144034
mp-1008223,CaSe,32.551,6.014,33.47514872844637,13.792051081623605
mp-1008558,AuN,127.626,27.863,137.29708424395872,0.7149094331084062
mp-1008635,WC,262.759,21.556,278.1853541935049,72.09865122610923
mp-1008688,Ti2Sn,73.05,17.188,82.9894027659595,19.163393225134634
mp-1008689,Ti2Si,85.712,0.279,86.02193209205757,-23.91266137993607
mp-1008702,Ti2In,67.275,0.8130000000000001,71.24900240788861,15.06783800685738
mp-1008727,Ti2Ge,81.245,3.268,86.67253374935893,-0.6236497112488762
mp-1008920,Mn2Ge,174.991,10.534,179.38787809453592,74.51867042282606
mp-1008926,CrTe,44.382,5.567,47.72574257418622,13.708621243481002
mp-1008987,IrN,257.278,42.404,268.2993677834853,25.803031618579052
mp-1009130,MnN,260.012,47.747,261.00301109869673,102.06789286574735
mp-1009131,MnAs,33.641,3.869,48.4441101568534,16.740891343717337
mp-1009213,MnSb,46.205,0.291,40.14717143074956,5.04468226972281
mp-1009218,MoC,240.168,40.702,255.7002315393827,64.55068776130757
mp-1009222,MnTe,35.201,10.861,37.945195563660384,14.94691026773179
mp-1009458,NbC,206.433,63.06,213.960892320801,75.31495699716986
mp-1009538,PdC,182.304,0.074,182.9686302847748,33.850196541928916
mp-1009540,OsC,290.276,3.847,303.3715752059506,63.50922288428325
mp-1009639,PrN,94.434,24.783,98.49558360429108,28.95473820488972
mp-1009650,RbSb,4.898,0.902,6.518764827711388,1.1393509434173477
mp-1009663,ReC,282.854,4.703,292.5335465266902,6.492444501846629
mp-1009734,RhN,220.176,21.628,234.922811324311,40.789769613192114
mp-1009746,ScP,63.76,9.231,65.56379213313083,14.582489688018926
mp-1009750,ScN,140.651,45.635,145.51180471994803,50.273365147713335
mp-1009766,AgN,110.704,2.212,103.73478137810862,10.855830435914598
mp-1009770,RuN,260.463,51.935,282.7526283247668,66.6828786315441
mp-1009792,RuC,269.305,63.474,268.20660070343666,72.85112769991315
mp-1009813,SiSn,55.027,37.435,51.87500999062165,31.57881707663306
mp-1009820,SnC,122.138,84.771,154.49362129758669,75.87721682891423
mp-1009832,TaC,224.634,76.175,236.36653713434265,87.81869808579445
mp-1009833,TaN,247.811,30.186,256.9007587409748,67.61345824797237
mp-1009848,TcC,239.569,47.813,252.6672500655867,6.04256354043498
mp-1009894,ZrC,145.849,37.043,163.99007413064277,55.762934562939755
mp-10143,TiB,102.537,1.609,107.6069119099022,0.2920009991970063
mp-1018126,GaBi,36.141,20.084,36.88945329116671,20.32241558589585
mp-1018132,AlBi,38.773,21.569,40.407479248223304,21.84725123436077
mp-1018142,NbN,223.571,24.551,237.1844957606198,56.0728572553902
mp-1018157,CrN,215.484,80.193,200.21269836073657,83.60169879473717
mp-1018164,PtC,213.851,22.598,232.90141233949188,46.33941041350513
mp-1025010,Be5Fe,146.818,119.851,140.5680711988864,117.20677650223024
mp-10695,ZnS,69.082,33.55,72.96491932052882,34.54690424718089
mp-1123,HgS,50.248,15.799,51.48606377210725,18.905146071687497
mp-1156,GaSb,44.793,28.856,48.21054071833354,22.562321496090895
mp-1190,ZnSe,56.491,27.288,58.44831867159827,28.305462668428554
mp-1220,Be5Au,138.173,114.779,153.55567316912422,97.7261425897194
mp-13031,MgSe,45.241,16.372,46.986954890701114,20.444335244414855
mp-13032,MgS,55.408,19.977,57.7305884348901,24.83018506741073
mp-13033,MgTe,35.367,12.698,35.614194898513674,16.046205147895815
mp-13099,YN,112.414,33.918,116.62909031672936,36.751134359978565
mp-13117,CuN,161.331,29.635,179.98036130202485,43.137931672909765
mp-13174,PtN,195.814,14.5,213.70706903828335,19.017902598326973
mp-1405065,MoS2,60.301,32.665,155.8734143700811,72.1864374919262
mp-1479,BP,162.017,161.948,177.58136492908957,131.04512517630246
mp-1541,BeSe,74.87,53.631,76.42736002523736,47.97350241391853
mp-1550,AlP,82.769,47.415,83.8854038474694,44.519787085054375
mp-1639,BN,373.617,379.418,393.7566028822582,339.09848451346585
mp-1700,AlN,194.648,120.714,203.12555544036465,115.78130865729936
mp-1778,BeO,207.897,153.975,218.96541892419913,149.39942634025343
mp-1783,MnS,51.147,15.494,51.5947810821004,23.969534098295263
mp-1986,ZnO,129.269,40.506,135.076042546386,50.316061986135544
mp-20012,InSb,36.737,19.944,36.7643811022923,19.22463655292392
mp-20305,InAs,48.543,25.68,46.43790050189096,24.528087301369055
mp-20351,InP,59.35,31.656,59.29912419961208,29.722344294623312
mp-20411,InN,121.5,51.744,126.63780231965931,52.166196595698935
mp-2172,AlAs,67.291,39.773,69.67036039737275,36.95858462925191
mp-2176,ZnTe,42.833,22.571,48.70939352714107,23.217470748581412
mp-22895,CuI,38.237,15.17,42.263927908075026,16.967411067183598
mp-22913,CuBr,42.59,11.405,46.28364504316187,13.976586218087402
mp-22914,CuCl,56.095,10.104,48.73700155573554,13.414009953346294
mp-22925,AgI,25.685,6.593,28.98805053858184,10.208660930898644
mp-2293,MnSe,53.225,13.311,48.06603624949592,18.779296434706755
mp-2469,CdS,53.24,17.126,54.35242167850788,21.132304253959497
mp-2490,GaP,76.335,51.463,77.6219405108046,43.642832967267594
mp-252,BeTe,56.315,40.518,59.14543248267273,38.390907134509085
mp-2534,GaAs,60.742,40.715,61.926969031732106,33.21817172589156
mp-2624,AlSb,49.576,28.771,51.29482171145299,27.01756505545513
mp-2691,CdSe,44.641,14.743,46.08042813220147,19.267584611635748
mp-2730,HgTe,34.16,13.132,41.88517366584294,14.682148432027116
mp-2838,UNi5,183.584,76.268,208.4791695498626,62.188294602679655
mp-30578,DyCu5,107.72,23.276,117.67543396944656,49.33134357302688
mp-30579,ErCu5,106.265,14.638,119.37286512388808,50.6389126179857
mp-30600,TmCu5,109.138,13.382,125.89204409792674,53.812159055192375
mp-30603,ZrCu5,136.626,60.974,157.95008408021937,63.38008146108693
mp-379,AgSe,50.145,2.939,51.37562205995171,11.736051903787285
mp-406,CdTe,35.041,13.013,34.807895814866846,16.48024224026242
mp-422,BeS,92.273,66.879,100.46101059499686,62.103557678975186
mp-448,CoN,248.591,47.951,269.88131385202365,71.5620785861756
mp-568920,CaAu5,98.377,25.385,108.44281481971667,27.948433648600428
mp-580364,HoCu5,104.747,14.966,120.29918483663984,50.88441298659823
mp-650,Be5Pd,142.084,131.95,157.0319368266641,119.28437712583064
mp-6988,FeN,272.864,79.289,289.2628761387339,99.79356568611271
mp-760381,CuS,81.684,16.632,88.66485456855426,27.61941814249722
mp-8062,SiC,212.682,187.246,224.26190274943795,168.94333468951197
mp-820,HgSe,42.533,13.947,42.399152707673984,15.863836636693453
mp-830,GaN,171.704,103.147,179.865481375024,96.56991854747716
mp-866291,AgBr,27.578,4.678,27.968427981226284,8.105829097631798
mp-997618,BSb,98.422,83.541,98.6936443830321,64.78557588729949
mp-998894,YC,82.805,15.041,81.29139744719623,15.031764092765613
mp-998908,TiN,201.627,80.583,209.62685270285317,93.83383975561726
mp-999485,ZnN,135.277,21.899,141.27083131846723,52.99452953600224
mp-1001831,LiB,125.064,22.505,146.67097445640587,112.4055085440914
mp-1014373,CrN2,112.156,21.194,116.46410243301362,42.17314776005029
mp-1038,MgCu2,91.482,42.44,104.73001380950814,46.86547147533173
mp-1050,Ni3S4,119.054,45.039,133.68165136908877,69.92348343318532
mp-1052,NaAu2,71.011,26.679,78.62134733336603,28.206208259596153
mp-1067,LiAl,48.228,32.432,48.694805572940446,27.087269007366185
mp-10721,Ti2C,121.304,84.645,204.6466954455422,125.11328895575376
mp-1085,UOs2,491.593,23.809,266.58144619473444,41.43943032268283
mp-1127,SmPt2,156.601,70.297,174.4033193122057,68.77091621017635
mp-11644,Li2Ca,16.117,8.546,18.394393933368367,11.001464218725197
mp-1187,ThIr2,203.203,75.228,221.23597115428424,87.53353626216116
mp-1189,PrAl2,73.605,44.934,81.82616881393771,47.5470102334744
mp-1190841,Hf2Co,136.052,48.153,143.62212140471672,59.544131442440886
mp-1208,ErAl2,82.064,59.812,90.72949674969936,57.335958244798015
mp-1307,LiGa,42.172,20.189,48.16654229110883,22.825151734584495
mp-1343,NdNi2,108.469,38.425,122.14902268485623,47.067964025958965
mp-1349,SrPt2,117.262,51.148,130.32211861426765,63.09126067127527
mp-1358,DyIr2,198.438,87.843,218.75271966810232,102.35914177352738
mp-1388,DyRh2,154.129,61.485,169.6140596800539,74.2371167749007
mp-1390196,CoSe2,30.307,14.349,106.45617819118408,41.61495386660481
mp-1400,HfW2,222.256,94.6,234.04968761842625,110.66972794220122
mp-1401,ZrZn2,103.307,60.056,113.46149946019388,53.00225695804271
mp-1402,SmNi2,110.17,42.419,126.5124058020347,51.193230866111776
mp-1407236,CrS2,47.363,17.435,102.90085795380112,41.082474159813174
mp-1425,TiCr2,198.812,72.775,215.6557849001807,95.21952968775872
mp-1437,LiCd,35.162,11.921,37.799863305508325,13.690421114730672
mp-1463,LaIr2,174.499,65.07,191.2616646917892,84.15647140867378
mp-1495,ErIr2,202.819,90.008,222.6021367504904,104.06724108655936
mp-1558,SrPd2,80.634,31.664,87.55014587053843,40.080875849811385
mp-1570,YFe2,88.23,32.771,110.1829173900608,57.56743688711493
mp-1638,SrAl2,47.886,32.398,52.556185281149375,33.262924109952145
mp-1655,UIr2,239.465,91.056,253.5402603904936,94.3914936552321
mp-16720,ThAl2,80.85,50.525,92.45671692833008,50.319211067233
mp-1687,BaPd2,73.421,24.388,77.8126387119319,33.84014354530195
mp-1697,TbPt2,163.153,73.747,181.99659094814453,74.01376283458073
mp-1702,LaRh2,131.545,42.873,145.00695528183513,57.8885494222706
mp-1718,ZrFe2,147.055,71.586,154.3803365498889,81.86238292143284
mp-1720,SmRu2,157.736,22.054,166.84111594857131,41.22521756601944
mp-1729,SmFe2,91.626,26.401,94.0502946702502,44.87534085971123
mp-1757,DyFe2,90.207,30.837,107.8642261702832,57.44673006086388
mp-1762,ErRh2,160.655,62.27,173.0221724460054,76.35452516357735
mp-1768,LaOs2,182.831,122.559,195.2974140574718,46.518524514981074
mp-1799,TaCo2,247.841,123.87,260.91884531303526,93.82364721280182
mp-18316,Mg2Pd,68.21,27.547,77.71566206004819,34.8581343679679
mp-1854,EuPd2,91.067,35.417,99.83222937711444,40.66217897489969
mp-1909,LaMg2,33.099,20.642,37.91696668445616,19.190586998367237
mp-1926,HoFe2,83.173,34.701,111.08831963402568,58.175311784108615
mp-1934,LiZn,41.652,22.505,44.450886880673416,22.886786028243
mp-1939,ErNi2,123.362,47.466,143.75920795624907,66.46150218993624
mp-19871,PbAu2,82.187,21.597,89.09710327013029,17.532400368292887
mp-1999,Sb2O3,12.83,10.31,103.35585837933264,52.8102595237435
mp-2016,PrNi2,98.368,35.656,114.1102465388186,43.27940325698909
mp-2019,LaRu2,128.334,3.61,152.37433209391108,33.12766246737269
mp-2028,Be2Nb,156.483,103.427,157.76750053474308,93.79243737488989
mp-2031,Be2Cu,135.017,126.036,157.93673475900826,105.96611346335554
mp-204,CeFe2,74.162,13.894,118.266930918732,32.32006256940197
mp-20456,Co3Se4,98.035,38.025,126.15408498006776,67.96929605498973
mp-2075,Si3N4,294.14,248.7,329.926135661911,259.66232671162163
mp-2088,CeAl2,74.275,49.823,78.59854307292458,47.38208459871845
mp-2098,CeOs2,192.391,31.442,214.74879791438903,43.86895459206489
mp-2130,LuNi2,72.924,50.812,145.66015755597965,70.1144429333216
mp-2206,LuCo2,191.768,52.371,132.91339337393276,61.94257710639678
mp-22460,LiIn,32.743,7.674,33.994394741378315,4.487218124068369
mp-2250,ZrNi2,166.427,73.267,183.68574802415748,72.34253291063483
mp-2263,ScIr2,216.325,101.732,238.14878553987143,102.93429428756018
mp-2265,TbCo2,40.461,22.507,114.20056786846776,47.28476286818259
mp-2322,YAl2,79.891,61.069,88.95684153943394,57.200411384153576
mp-2337,HfCo2,183.341,71.054,197.0181891460731,82.51057229958438
mp-2385,TaCr2,242.207,77.779,268.5269477503766,109.70608874411992
mp-2404,CaAl2,55.931,35.322,63.63525209932328,39.73359619402562
mp-2463,LuFe2,113.817,46.961,119.87623959864624,66.00945724325943
mp-250,Mg2Ge,39.618,11.194,43.92097382173695,16.12362826366272
mp-25262,TiO2,107.79,73.07,215.52986693449375,120.07872983827124
mp-2529,PrRh2,138.487,50.28,153.41224139827787,64.52908978045762
mp-258,ZrV2,138.858,8.879,142.44829655492708,43.307562673315346
mp-2665,PrRu2,151.337,15.68,158.03109203818187,39.045220190459574
mp-2674,YPt2,162.277,73.5,180.56311989243477,74.03533249595245
mp-2676,TaBe2,167.518,119.142,172.33314253479278,103.27011299592051
mp-2679804,WN2,121.564,25.475,133.6269281481003,45.36413927052
mp-2694,LaAl2,64.416,45.077,78.73136381270861,44.38118135764923
mp-2708,LaNi2,103.215,28.692,117.30365913400632,38.011216423750035
mp-2720,NdPt2,151.763,67.611,167.1574940148114,64.19683346818232
mp-2725,TbIr2,196.495,86.675,215.9323132609007,99.59407368198792
mp-2749,TiBe2,124.06,108.384,126.93079494041318,91.56686187620988
mp-276,TbNi2,119.456,45.523,139.51581561273878,58.98780337309043
mp-2762,YIr2,196.294,88.026,216.57326410492144,98.99150326998004
mp-281,YbCo2,93.676,14.307,93.17488005367252,41.81725461885086
mp-30352,NaAg2,47.598,20.815,51.66651800124984,21.02907855411138
mp-30444,Be22W,133.551,149.843,147.60601864673265,138.50264860496202
mp-30566,Ti2Co,96.827,24.714,99.85100870805547,17.23119948027199
mp-30764,LiPt2,135.254,64.55,149.0964513982395,65.7600854323969
mp-31184,AlFe2,131.215,47.246,146.75557654807892,76.64726132100574
mp-318,SrIr2,146.445,51.052,163.31204432361113,81.48534866350687
mp-333,HfFe2,163.391,83.525,166.68782805973927,93.28292476403604
mp-400,NdAl2,72.11,47.046,83.5989353391613,48.71316680074442
mp-410,YbPt2,141.375,61.282,156.45981869855484,77.81277739594083
mp-474,ErFe2,98.282,38.227,111.25714250674206,61.98989753137884
mp-480,ErPt2,166.753,74.793,185.78243164960415,77.62552472747225
mp-510430,Li13In3,22.544,17.785,21.06963937952132,11.959560999449051
mp-514,HfZn2,110.274,59.457,118.86303363818294,57.59172185703011
mp-540,ScFe2,125.32,65.405,140.80110718911484,78.24794268593638
mp-546,HoRh2,156.517,61.943,170.2381317600786,75.20932757481114
mp-548,NbCr2,228.632,57.068,248.25918444553255,84.95399493166884
mp-551,BaAl2,42.631,31.802,45.4490513042852,28.5147746083047
mp-563,C3N4,383.458,175.607,459.3128759291385,285.3670226374493
mp-567276,TaV2,194.158,26.294,209.82939437383243,78.22985091671184
mp-568384,ScB2,180.697,145.697,187.2050090944646,105.98033385612052
mp-568430,BaRh2,93.554,30.235,103.022068554574,44.72989126764429
mp-569364,Be22Re,136.579,150.5,146.7650398583919,136.44415158901586
mp-570113,BiAu2,100.689,23.96,107.52102749717416,18.334809339501533
mp-570543,Mg2Sn,38.486,6.979,36.47337856142327,16.40954483102887
mp-570657,Mg2Si,44.169,1.523,47.9675021149883,18.598338677913897
mp-571262,CaRh2,118.844,50.018,134.0290782688115,59.33507487584008
mp-571271,TmPt2,169.621,75.074,187.39130863103523,79.25883308005353
mp-582,CeIr2,195.743,73.319,207.61136713472936,81.96928943260986
mp-589,TbFe2,83.099,7.528,103.83988820962108,54.277539036830206
mp-603,Be2Ag,125.633,84.594,133.7514991653196,77.08454297721079
mp-632,TmCo2,36.569,133.594,124.6695147295299,57.63839685810633
mp-673,HoNi2,124.103,47.113,142.67367586485693,63.469375688654104
mp-675,ZrW2,213.964,87.007,226.24436066848477,109.53867619386357
mp-7105,NdSi2,80.01,4.652,89.78805043763577,27.33921506290363
mp-715,ZrIr2,245.659,126.396,262.61013385117275,107.57550618144944
mp-745,ThMg2,50.194,18.428,58.11642792686882,27.46209858656115
mp-747,BaPt2,103.144,39.324,112.42453906177012,50.1367927466761
mp-756,TbAl2,79.498,56.275,87.83653803181933,53.95622901392957
mp-819,HfCr2,188.948,66.783,197.91892013426315,81.22477168174233
mp-833,CaPd2,93.613,38.03,101.60781763925618,44.341692331282424
mp-8352,SiO2,146.005,53.406,150.25048845950383,73.07003189939198
mp-840,SmRh2,146.007,55.461,159.01089661527328,65.57875212507564
mp-842,CaPt2,132.905,58.912,147.25848075543476,73.41632162297977
mp-850,ScNi2,142.02,61.092,150.94088276077065,72.3312926054677
mp-858,TmAl2,83.144,60.864,90.19967969397943,57.56742760072025
mp-890,NdIr2,183.307,78.105,203.4829473305782,91.45635197712032
mp-9027,TiS2,46.408,30.78,110.6876349560164,61.1016066875743
mp-903,ZrCr2,180.27,54.434,183.30368351958407,67.14343757282006
mp-912,LaPt2,143.888,60.396,156.067965839643,55.9073087378361
mp-921,YRh2,152.291,61.818,167.6722823287282,70.5069291299815
mp-946,PrIr2,179.692,75.41,199.65149386968395,90.10142041249917
mp-951,CeRh2,144.079,49.52,160.83274242665112,54.09985399083373
mp-995,EuIr2,164.26,65.4,180.8672838277304,86.21460178269255
mp-2273,Ag3Sb,75.098,20.968,85.48292900823854,17.951752517884998
mp-976139,Li3Mg,19.333,11.268,21.59070021841734,11.880706514512696
mp-30655,Ga4Ni3,135.145,66.1,148.96491809232344,57.91247189705555
mp-556605,ZrO2,194.099,94.708,243.85253466142024,109.307350151767
mp-685097,HfO2,208.48,109.345,264.4857197744288,126.56133433494652
mp-1430706,WN,308.354,149.602,406.3401897122267,158.47861614650014
mp-22693,Te2W,18.391,12.518,90.53787703526612,48.3765863323631
mp-570506,ZrI2,10.273,7.752,51.493337240408245,30.90114445542097
mp-999317,OsN,319.999,197.237,382.8504935117934,185.24086238373087
mp-11328,P2W,188.205,132.466,225.41900344814013,133.418895775952
mp-23173,HgI2,1.936,2.519,11.473779847678596,5.227911333684668
mp-23297,BrF3,6.798,3.764,38.31075668164768,18.298957292818127
mp-542106,SbPd2,126.402,39.637,140.1351588243531,40.477861439912374
mp-697111,H2O,15.606,8.999,77.63661555210629,47.70688742034836
mp-717,B2O3,168.858,157.964,297.5749779942034,200.59020203577916
mp-754401,Al2O3,92.512,45.373,157.7631001760005,94.91188040469778
mp-7667,K2S3,14.703,9.043,32.73828190585657,16.771307251082852
mp-8073,AsPd2,124.288,28.671,155.90690272018315,39.60391892093841
mp-2254,Al2O3,201.586,104.324,235.3032051161048,152.17095463573654
mp-22889,ZnCl2,6.193,5.677,38.99627233252399,19.52894438307585
mp-230,SbO2,94.068,58.618,176.3561427916225,92.89093046900469
mp-28460,Br2O,5.004,2.591,26.65379144297968,15.36002859114206
mp-402,CdP2,54.996,28.366,64.60756365404082,36.625630731340344
mp-554089,SiO2,19.96,36.105,169.4789843648749,98.21739893684202
mp-2415538,MgZn,43.601,21.384,56.19743588266294,24.60139269682544
mp-972892,MgHg5,22.072,19.34,24.577106084274146,3.935454905807458
mp-978274,MgCd,42.072,13.131,47.045188714657876,18.23935377846301
mp-981747,Sm5Mg,35.158,17.254,40.35427075247695,20.553070555942615
mp-554134,SnS,3.861,1.184,15.630428688194092,6.510324471029603
mp-8781,SnS,7.142,2.426,31.841501675951616,13.209841016494238
mp-12177,Te2O5,47.587,39.669,147.92824256716756,95.78095951627688
mp-972808,SiO2,25.788,36.205,168.6566760757982,106.02323683561826
mp-1880,SbF3,13.266,8.1,90.51893812820866,40.87574814231873
mp-554573,SiO2,24.084,37.443,165.90642915345225,104.30543843077405
mp-27726,SO2,4.436,2.642,63.4459087698702,25.727292217475007
mp-1411,TaS2,14.33,8.13,68.54433318525712,34.821924815780115
mp-2648,NbS2,13.237,7.5,64.21685477717456,30.045372769446537
mp-555293,NbS2,5.711,3.447,33.302255566145675,15.581999211588542
mp-7007,NbSe2,9.602,6.251,54.84364962566213,27.311447269606127
mp-1001790,LiO3,36.573,18.166,72.68165659030431,40.95383860500248
mp-1039198,Mg3Bi,39.456,7.408,41.053441980529634,12.517659509182192
mp-1954,P3N5,136.947,112.016,286.4283030860935,197.22927895347465
mp-22464,NaO3,23.841,12.571,50.02156400631426,27.58203428009731
mp-30738,LiIr3,242.519,112.944,276.3483678009048,126.09060906417317
mp-684597,InSb,47.174,18.782,59.242139060692224,19.87927995492343
mp-865611,MgRh3,181.297,85.898,201.9720456285744,86.51669538307274
mp-974455,Re3Ru,352.99,193.1,401.83543995231986,130.74550926785423
mp-998913,KO3,14.064,5.756,38.17552074535966,21.44629712099938
mp-11441,Hf2Ga3,116.63,64.955,134.25449077106848,70.92684599506822
mp-13868,PdF4,37.214,18.844,113.65165330365498,49.965013806815584
mp-1482,Zr2Al3,107.69,69.751,120.40086289697484,72.12216896809178
mp-27253,Au2O3,80.505,38.407,151.8191869895498,71.03763675342378
mp-28096,SCl,1.029,0.187,27.329430150654375,8.635908108568898
mp-30686,Zr2Ga3,110.808,67.469,123.00746678523616,67.21256643339642
mp-760432,Cu2O3,95.16,44.243,167.36329771533516,75.10837656768545
mp-846,Hf2Al3,114.235,68.632,125.60721123127956,74.96000666634036
mp-8943,PtF4,39.735,19.123,130.27893095397866,52.30152493840059
mp-10426,Nb2O5,65.935,37.002,146.92568765753768,65.78716526755943
mp-673174,Fe8N3,210.46,93.26,233.7128348341112,100.15162593812424
mp-990076,P2O5,246.057,160.992,281.3501974039674,194.15041997527564
mp-999545,Mn3Fe,125.464,115.101,273.94324926974605,109.91055963072178
mp-1017531,VPt,236.927,116.114,275.0800993263207,124.522419880954
mp-11307,MgCd,42.673,21.298,47.84965423609344,18.26526894102027
mp-11481,MoIr,309.568,182.715,353.3269115856728,149.151454090354
mp-11515,NbRh,219.994,56.006,243.89666375672292,73.13541032774198
mp-12595,MoRh,265.285,132.684,300.27097436990766,138.4931166639166
mp-1404,CdAu,89.162,15.441,105.27370686563712,18.223942224158876
mp-16960,AlPt2,205.051,83.974,239.2240795928336,76.48945350935028
mp-30744,IrW,333.76,184.951,366.7752778786668,163.0919100661412
mp-571499,TaIr,273.081,96.097,296.0294813566602,102.96391149564307
mp-603347,TiNi,145.461,61.591,177.08168911528523,49.43158130726461
mp-978268,MgZn,50.041,4.313,56.24811836823598,24.813294579350053
mp-980094,TiPd,151.922,87.665,171.59256053657342,51.851038200648304
mp-998949,TiPt,190.385,105.968,218.8875238005175,72.30516142878854
mp-999376,NbPt,229.595,109.899,264.4680691368718,97.6248847837482
mp-999502,MoPt,275.137,137.971,324.77062090291906,144.9754767228874
mp-568848,GaCl2,3.432,2.31,31.097483536947465,15.229661598668612
mp-23922,HN,24.384,10.503,107.06086370307914,67.99214238363463
mp-1501,Al3Pt5,199.949,63.445,234.2755775635217,67.84773984314636
mp-16523,Al3Pd5,157.304,48.459,180.98086252591008,59.829943883937325
mp-17045,Hf3Rh5,192.803,66.741,212.44424443781568,89.23550948323238
mp-17413,Ti3Rh5,204.618,71.393,227.60517531193184,88.15290722968783
mp-17524,GeAs2,13.477,10.712,61.928246246346085,35.56271566476178
mp-21012,Si3Rh5,198.297,76.444,252.6906109847752,86.82147099612716
mp-2408,Ga3Pd5,144.994,37.74,169.40758741816606,49.92039851128907
mp-27930,Li7Si2,32.647,28.995,38.80243169156626,29.596649549437547
mp-672287,Li13Si4,32.333,28.036,37.12161524830557,29.5447921599164
mp-9459,Y4C5,100.83,63.23,129.53626609579243,80.15245058202613
mp-2136,Sb2O3,18.238,10.564,111.0767553688161,53.90016444493852
mp-433,DyAl,64.494,42.112,72.46892762598203,39.55221948818957
mp-720,TlF,6.828,4.15,34.238068930837464,11.98820673354571
mp-1025478,TbAu3,101.371,26.739,120.02136150911976,32.816831503971585
mp-1025526,LuAu3,112.13,35.878,131.87371606811027,37.53620708075559
mp-1077,B2Ru,283.343,170.538,326.93237411984506,210.9296406310748
mp-11506,Ni3Mo,214.444,91.253,271.5550182942992,111.90881954411483
mp-12546,TiCu3,141.202,51.729,161.94063938506184,62.13824204721195
mp-12802,AlCu3,131.586,46.444,161.7461209455088,59.19949135448248
mp-1451,NbNi3,205.078,77.484,246.45207116046623,96.54249963071274
mp-1539317,Ta2O5,194.214,59.754,248.20420323324015,113.58898974992232
mp-19724,Cu3Ge,123.646,44.057,150.46067772775217,40.219286794034026
mp-20826,CuTe,12.527,9.402,57.19596508906499,21.608236127575704
mp-20900,Cu3Sb,90.479,25.292,124.55637551840717,28.684717384443463
mp-23264,TiI3,1.244,1.246,30.17302002364728,15.496351032303098
mp-23312,MoBr3,4.428,2.494,51.30571963824662,32.30702278058909
mp-2850,B2Os,311.334,167.398,365.1586853924129,230.67133088865577
mp-30850,TaPt3,259.644,90.679,302.9213880590464,104.79739283793094
mp-568823,YbAu3,87.23,21.466,99.64819501598316,29.219104934928005
mp-569683,InAu3,107.88,16.267,128.3260016781274,17.56409884941421
mp-581786,Cu3Sn,106.169,35.944,135.78441228263867,40.239454751077105
mp-669692,NbPd3,196.318,80.945,221.70077630350605,81.00523123816615
mp-672371,Ni3Sb,168.202,51.56,197.5016930519821,59.73276566898261
mp-726720,N2O3,2.505,2.059,59.04780071365147,30.247822278255807
mp-891,TaNi3,218.124,82.317,256.7221496562872,104.51553209772986
mp-999192,SiNi,173.822,85.469,197.70643994195464,71.56392255896371
mp-1018672,CoAs2,124.542,87.289,147.27118458897837,81.31556346057697
mp-1018804,MnS2,126.738,110.749,120.05045244799015,101.42603449207256
mp-1078253,MnB4,273.514,242.51,309.5173957477605,251.88970464861004
mp-1078278,CrB4,274.936,261.781,314.16878130895617,261.48549932565396
mp-1079437,FeB4,262.93,188.133,284.05024436317433,209.74626545922777
mp-1285,PtO2,209.304,87.687,253.13552155887777,103.90640261799132
mp-13076,IrN2,320.194,194.111,383.29809029760094,214.21251163007247
mp-1413,P2Ru,187.136,138.396,210.863544712608,150.13802225225908
mp-1522,FeS2,162.063,125.99,177.64307246524157,127.67412541757297
mp-1543,Ge2Pt,110.087,51.923,125.72880784869288,57.5109407193488
mp-1871,Fe2C,222.238,102.436,263.03636635562617,105.35563555165214
mp-1901,NaO2,32.685,8.992,51.9810430828319,27.14608103642257
mp-19795,InS,20.396,15.524,58.28802335169845,25.228173340541655
mp-19814,NiAs2,102.3,52.095,125.92250426302844,59.35071725248838
mp-19880,FeTe2,94.192,73.813,97.8618010739028,67.6992908191875
mp-19895,NiSb2,75.371,38.66,98.27188524544172,46.43692864330796
mp-2000,CuSe2,69.631,23.155,79.86358470346904,22.52864480729558
mp-20027,FeP2,175.013,154.075,217.87660462528677,154.07372899019242
mp-2008,FeAs2,135.973,111.737,144.0834863306939,104.40457847289169
mp-20304,RhN2,216.587,120.735,289.62760475225537,133.94192170106265
mp-20714,FeSb2,91.182,56.905,107.6558445291646,69.14200938532879
mp-20862,CoSe2,109.411,55.11,127.80026628867776,63.856672012495274
mp-20928,Sb2Ru,111.249,77.964,152.20728344423554,88.40172873397084
mp-21264,OsN2,359.603,224.953,408.1488770258869,241.83582012718452
mp-2180,HfSb2,84.365,49.015,89.20312054255146,42.01404257686898
mp-21859,CuAs2,82.504,23.8,93.00540773457318,34.076531780443155
mp-22477,Ta2P,220.662,110.02,239.3124324231114,125.39974302873418
mp-22488,Co2C,257.718,109.037,307.25887386587084,112.04310268245548
mp-22498,CrSb2,56.636,33.759,80.02595126715649,49.6354210550226
mp-22631,Co2N,246.43,87.348,294.72368941727757,102.0597681506706
mp-22882,YbBr2,15.965,11.345,29.261847699896155,14.13598360643247
mp-22888,CaBr2,19.942,10.337,29.063354979249027,12.83681229740741
mp-23214,CaCl2,16.828,11.051,34.65891732363358,15.35085269730532
mp-2455,As2Os,166.406,119.207,199.2055573453712,127.07247334454226
mp-2695,Sb2Os,128.863,87.742,166.17184970434766,92.94085779987422
mp-28793,Mg2C3,90.273,47.964,128.57148650693065,74.74951550815312
mp-33065,W2C,334.316,171.769,368.29707446097024,142.88502384512591
mp-504659,Hf2P,149.153,78.671,159.20890375627204,94.07128454497234
mp-569008,PdCl2,4.94,1.982,22.079066540145043,12.308095272399122
mp-569017,PdI2,5.123,3.14,24.926993103437052,12.323685449940877
mp-570155,PtN2,274.597,167.557,328.12400771231523,173.9366175532288
mp-607371,RuN2,279.032,161.786,349.21897747409514,200.09910863243576
mp-616559,Ti2S,147.515,86.318,167.36491045679176,97.3661724623072
mp-7424,BPd2,173.199,46.36,206.60515151872465,58.12845919894916
mp-760,FeSe2,125.468,92.204,135.88200346862382,90.64925602381292
mp-766,As2Ru,150.88,105.88,172.4193137538033,114.9783279253812
mp-979,ZrSb2,81.547,49.955,87.47309216427877,39.743974382095274
mp-9835,CoSb2,99.768,63.715,110.59304132726798,58.598914362049136
mp-9945,CoTe2,74.058,44.805,101.23595536590742,48.835817576395485
mp-1228652,B8O,209.358,186.929,256.50963044629145,240.07137474700667
mp-1006226,ZnBi,38.35,17.17,46.75994105535274,16.665282994262377
mp-1190190,YbBr2,29.786,14.6,38.80891496399005,16.73731596200482
mp-1321,CdSb,39.053,18.412,44.18154173743685,18.145603057037288
mp-13682,PdS2,21.582,16.515,56.81079960784586,35.77876539186048
mp-1840,TiO2,190.856,78.901,234.56899287052573,117.0734306870182
mp-2125,TeO2,22.059,17.938,133.0264414296121,68.13102036386428
mp-2284,AgF2,30.338,11.136,65.14404248434566,23.97465535420485
mp-505510,NiAs2,111.202,61.884,127.84025582567808,64.21002334397255
mp-557266,HgO2,41.06,15.676,72.06033687377267,32.501916289911506
mp-753,ZnSb,47.732,28.522,53.97084335098009,22.958384040088426
mp-775757,HfO2,217.87,103.555,253.32886344595033,126.7674072255156
mp-775906,Y2O3,139.432,64.912,163.26175099561323,84.42137769794918
mp-776404,ZrO2,196.653,89.526,233.70895405072173,109.7393713261816
mp-776490,Al2O3,228.207,145.301,257.2306337637882,167.27443074789932
mp-10913,GeO2,216.482,123.464,244.75970655848292,143.94932145235765
mp-1105681,In2O3,156.673,65.355,177.8529564489557,79.292761458351
mp-1439,TiO2,203.794,80.898,243.91212197241975,117.43983177983408
mp-1552,Mo2C,295.211,151.829,330.6426886476778,135.6675942983105
mp-1666,Th2S5,96.675,47.098,112.60325683513744,53.55271095054922
mp-1716,Rh2O3,233.122,105.314,278.6103387694617,135.1685947556442
mp-1938,Al2O3,231.614,146.396,259.1407713755445,165.84099795773793
mp-2034,W2C,334.971,167.632,367.10691289812945,141.8535921440922
mp-20633,PbO2,103.849,39.538,134.30646790247025,58.255629721571445
mp-20648,V2C,244.406,119.66,284.60334950367616,139.24624185602653
mp-21476,Fe2N,240.287,88.269,258.17175958568606,104.92350724641211
mp-23711,MgH2,48.435,33.062,58.53622787498226,38.97929732913568
mp-473,Na3P11,13.739,6.665,62.807352686764105,39.700318884693715
mp-556034,CO2,3.848,2.383,56.78344678554918,33.721805729348795
mp-560203,SiO2,56.961,44.504,199.45471195155235,127.8837660550384
mp-568293,Ca3N2,72.375,39.943,78.23416102554215,41.8444461184157
mp-7709,ZnF2,97.812,31.521,114.11129634758603,41.0666327393548
mp-776097,HfO2,200.242,96.744,239.44598445894573,118.69222206408767
mp-9981,Mn2N,198.001,98.928,214.13531719931856,109.3431564893716
mp-10025,SiRu2,256.319,102.364,292.54957842576897,106.53876416231073
mp-1005,FeP,207.432,133.593,243.7833376080239,156.9046037772206
mp-1025409,TmPt,110.101,36.535,121.76101488955926,42.30728012508611
mp-1025431,SmPt,97.548,32.196,110.54005342711692,36.967863113747406
mp-1025448,YPt,102.153,33.963,114.89164169331218,40.504250460231376
mp-1042,HfSi,151.342,95.833,176.04339704467094,99.11280615519958
mp-1099,NiGe,137.06,52.238,164.7561534459498,73.0477566939919
mp-1101843,PbO2,92.315,35.417,135.29878210701492,51.481399570058755
mp-1102359,PbO2,68.625,28.161,139.25278651529865,62.661244543155576
mp-1118,SiNi2,191.4,64.237,233.71603005065893,88.61343948639009
mp-11230,Y2Al,54.836,30.684,62.93902688624232,32.97598469096243
mp-1125,Li2S,40.216,20.471,46.84075680015541,31.94742241103143
mp-1128,SiIr,215.0,88.554,264.85335541298764,119.13102797871808
mp-11347,TbF3,101.962,45.728,142.14500215417425,62.562460937798406
mp-1146,ThS2,90.46,33.237,108.01591799640828,45.632991277620015
mp-11550,Sc2Pt,90.609,27.047,107.02031548650464,36.19186004438712
mp-1188441,TiCu4,141.045,52.772,163.27395448594615,62.12342205946537
mp-1188869,Nb2N3,302.64,153.142,346.01121798857844,155.02702971015418
mp-1208406,Ta2N3,327.072,242.82,372.717126784279,182.0400673858339
mp-1224,HgO,22.392,10.902,63.255719981278865,24.898323026171436
mp-12614,Ca2Cu,24.15,12.724,30.905353316856583,16.761191547492857
mp-12724,SrZn,24.149,8.793,30.831946529949136,14.650642459432508
mp-12741,MgPd2,115.038,37.951,131.10489562720457,44.66524959526323
mp-12834,ThCu6,117.353,23.0,132.57914307843626,49.95682979595414
mp-12900,HoSi,93.264,67.711,103.35971098369976,58.91536733477336
mp-13053,SrSi,44.901,33.357,49.35608714706341,31.79261872325877
mp-1361,IrSe2,105.86,54.983,144.4752738638927,65.51332294789516
mp-1364,YNi,76.598,22.852,93.64674537702128,28.725256283833858
mp-1397,Rb2Te,11.617,5.003,16.36175893583216,6.68961860492901
mp-1403,Sm2S3,76.96,37.195,89.49322138956241,45.98598406671163
mp-1424,GePd,122.742,42.129,140.04901151425645,51.391704707621635
mp-1477,BaSi2,31.472,18.639,50.900050046870454,33.87337573371409
mp-1509,Sn2S3,16.845,11.679,66.54474674172077,33.386727595590656
mp-15179,Pr2S3,72.794,35.04,82.49111176154729,42.629695264726685
mp-1523,ZrP2,126.441,83.188,144.7273946170463,91.6399582069162
mp-1637,Re2P,296.64,183.029,352.40703708438934,169.94550095761497
mp-16526,AlPt2,203.954,60.327,237.55293657230513,73.73836771494358
mp-17383,Ni2Ge,170.822,43.404,206.82074810770837,68.25580036338287
mp-1851,SnPd2,130.558,18.528,156.2845941347015,42.32136738355112
mp-1860,LaSi,69.385,42.891,73.56241718468502,38.97361642642136
mp-1868,VS,146.997,82.483,168.4559726991359,99.13921989361246
mp-1869,GaPd2,150.478,46.087,174.67163028294587,55.352712111709515
mp-1924,TbSi,90.719,65.542,98.4698399749994,55.76342951862311
mp-1937,YbCu,38.498,22.182,48.57665472028966,24.52588381161719
mp-19905,Co2Si,212.261,107.785,255.5668045813253,112.51888998532274
mp-19940,VAs,138.579,86.366,172.21645394088145,94.00830314709545
mp-20077,USe2,69.255,16.907,80.28730881048592,39.89793727806179
mp-2022604,Ag2Se,25.252,12.062,65.3091979215586,18.923902653663607
mp-20327,TiP2,131.512,89.952,152.75560310764135,113.86967924052588
mp-20373,Co3B,241.093,96.294,271.73255816022544,121.22453911243036
mp-20418,SiRh2,220.895,74.351,257.0634299705316,84.84348688792544
mp-20541,V2P,206.579,103.941,221.62792423930173,123.28346973914977
mp-2058,Ni3B,217.964,81.818,263.3177131152532,107.31566564145122
mp-20619,SbRh,133.533,57.121,161.04335484251033,63.87568553298237
mp-20622,SiPd3,160.007,44.115,188.00484327432576,60.96836899389796
mp-20787,FeB,280.84,142.25,287.4913806476829,157.08695992408647
mp-20857,CoB,308.915,149.359,324.99769480298943,146.47001342280618
mp-20937,Cr3C2,319.679,168.003,358.31321954411965,192.62100120250187
mp-2102,PrGe,70.295,46.687,77.76706214619574,37.37451095989105
mp-21048,CrP,198.838,139.444,202.64096289140477,154.9395509439279
mp-21115,CeSi,69.426,39.155,78.3716475132847,43.791108296869886
mp-21163,SiPt3,199.75,47.08,256.6956056248425,61.44215350926638
mp-21345,LaGe,63.487,39.804,67.18713964355742,31.11770972085511
mp-2173,P2O5,40.395,33.316,187.03172012086984,134.62034280715852
mp-22033,Ti5Sb3,108.776,43.449,122.03909485654896,68.72709566764277
mp-22079,AsRh,157.445,60.566,190.58650189827745,80.77018799116264
mp-22204,Co2P,223.42,75.138,256.646729388096,103.9511634927004
mp-22240,MnAs,106.766,78.122,100.5821122567838,81.24634893463922
mp-2231,SnS,23.336,18.459,59.040641161556145,22.89480476203751
mp-2242,GeS,21.382,16.528,56.23442716215732,28.614340396949384
mp-22585,GeRh2,200.615,70.269,237.38585935281336,76.69099877987132
mp-22626,OsF6,6.233,3.152,116.47243308491274,49.65917498693048
mp-22646,InPd2,129.519,35.51,153.9165817007588,45.442315972218765
mp-22735,Ca2Sn,29.28,16.906,40.08701824188662,21.265844448836187
mp-2275,UF6,4.717,2.694,83.37355977810807,30.327876964839177
mp-22872,SbCl3,1.673,1.336,30.039549860179974,14.418398881150576
mp-22876,CsI3,5.347,2.046,14.198740325416995,6.720749762300376
mp-22887,EuCl2,26.542,11.102,42.81049401282928,18.15467978369361
mp-22908,BiCl3,4.002,3.695,41.21002779630329,17.385877604843003
mp-23164,Bi2Se3,16.965,21.246,60.45125412515274,31.051099253603144
mp-23179,NiBi3,29.76,10.642,80.70140902557203,20.21032337946029
mp-23199,BaCl2,26.245,9.183,37.93444634862479,16.05745738520991
mp-23230,PCl3,0.443,0.302,23.219102364261843,12.286758948192375
mp-23237,BiF3,54.467,31.812,116.0647670601744,47.91128035386941
mp-23260,BaI2,16.076,5.955,26.487479954047817,10.55017135686148
mp-2369,SnPd,97.577,39.635,114.21417850462318,38.90926443668344
mp-23712,MgH2,61.574,25.012,74.37556717405293,43.87840879367205
mp-23713,CaH2,46.806,32.48,49.76407758707883,39.514857696404896
mp-23714,SrH2,37.591,24.537,40.76953688182029,30.398061652499266
mp-23715,BaH2,30.008,17.353,32.97433600540693,20.96322167740319
mp-2420244,TiO2,56.861,17.976,145.07971608179906,62.745388389070825
mp-2517,Ca2Si,36.705,22.286,42.898061357168835,25.525597233537297
mp-2662,MnP,173.538,127.428,197.8586016647432,162.1135762488946
mp-27145,Ca5Bi3,32.168,20.742,38.89544904546878,21.827008571662944
mp-27257,PBr3,1.055,1.613,17.69649512182596,10.4891876769834
mp-2738,DyNi,78.297,23.865,90.56640460749804,26.89017509902712
mp-27456,BaBr2,21.78,7.82,30.64109302653227,14.640411260347456
mp-27606,ZrAs2,109.701,71.768,131.14497558458206,72.6131193886042
mp-2809,Sb2S3,16.114,8.865,62.036901836105415,35.08181367976681
mp-2824,AlPd2,157.601,52.588,180.06273861672122,61.86952028255483
mp-29646,HfAs2,114.549,75.643,133.0631696699207,74.41022366866534
mp-29862,SnBr2,5.015,1.482,31.164132131729023,14.02255294023754
mp-30355,SrAg,27.873,13.764,33.485294530018535,16.101220205687305
mp-30610,Er2Pt,76.471,25.794,91.52510338528472,32.80284697274016
mp-30719,Mg2Hg,44.345,15.581,51.23850191586384,18.845490448600124
mp-30884,YZn3,72.174,41.301,77.60555214685468,38.80009228102946
mp-31086,NaP5,35.625,19.553,68.51139299188897,36.66395023905758
mp-351,SiNi,164.819,91.069,191.30055798294703,97.14735759108976
mp-365,MgB4,158.697,113.996,189.01131979336583,144.25823555514978
mp-389,SiPd,151.127,53.453,176.42321574525252,70.35799925449946
mp-427,FeAs,160.334,85.376,170.77223249204388,103.82471909892227
mp-438,Nd2S3,74.377,36.021,85.26174411137507,43.491174341965795
mp-505071,Si2Pd9,163.342,38.309,194.7694705336411,59.10155218045595
mp-505319,PtF6,7.167,2.458,96.71059459181797,45.206159613246655
mp-510412,Si3Ru4,230.632,104.687,278.26964147278767,120.3660841953449
mp-510623,Fe3C,218.157,68.482,238.1586533379104,109.05294776678832
mp-540791,Si4Rh3,178.662,88.8,215.85736408724796,97.19008111829588
mp-542640,GePt,141.112,53.162,166.28114125643123,56.76078909742123
mp-560553,IrF6,5.619,2.833,105.94102686469736,50.736456030042554
mp-561877,HoF3,71.076,42.75,137.27372045455044,63.591415704624275
mp-567314,ErNi,83.503,24.157,94.38839148744786,29.02513540135541
mp-567744,SrBr2,18.143,8.669,28.674225304702528,12.645216709831054
mp-568284,SrI2,13.289,6.9190000000000005,22.59310073538456,9.439463892846211
mp-568446,Er5Si4,79.019,41.354,91.65438928972372,53.340084240841335
mp-568865,ZrTe,87.502,45.969,99.9478828037829,55.72314168148526
mp-569152,SnCl2,7.644,4.523,34.573634057061746,14.40415427605287
mp-569558,AlAu2,120.192,30.562,140.21339245122698,26.845297849658856
mp-569989,Nb2C,226.573,118.704,255.8797008563768,131.77149996858148
mp-570775,BaAu,30.79,13.125,35.078060161083684,14.09825923423939
mp-571651,TiSe,106.475,62.14,129.94814597819257,71.10860276349865
mp-600216,U2Se3,68.88,35.78,80.20494048651437,39.772370979365725
mp-605663,AlPd5,160.22,52.169,181.11915368548608,56.83408041802382
mp-608366,CuN6,10.145,9.142,102.11312016626046,41.99504460355802
mp-613523,Fe3C,180.669,62.54,226.93597431973353,88.211616865914
mp-622209,Al3Ni,112.917,62.713,128.081033301597,61.70451002579269
mp-636334,SnRh2,176.402,53.156,203.40777382855748,66.20194441204028
mp-640095,La3Co,32.741,12.416,48.95285695685377,15.952825964825564
mp-641539,Si3N4,254.919,160.943,300.14280488942507,224.8742132721073
mp-644751,BN,299.812,218.928,352.5368369398529,264.61438352671183
mp-669509,Gd2S3,77.88,39.303,88.97735916701117,45.27543734208309
mp-669917,ZrRh,155.521,46.847,177.71817963598912,55.331572890217686
mp-691,SnSe,23.839,14.724,49.2129280928504,24.082387325087804
mp-696,SiPt,173.672,69.894,214.39560189023535,83.40476763681858
mp-700,GeSe,19.51,13.905,49.90594033986045,25.997566996958987
mp-7092,TiSi,145.819,99.581,159.54673859973116,114.74111719584376
mp-7343,Y3Pt,55.615,17.134,70.0110653645234,28.52613173605968
mp-7368,Dy2Se3,66.917,35.068,81.82909479492234,39.614864906878466
mp-7384,SmF3,112.098,48.388,136.319726458603,60.40280413725161
mp-741,HfO2,224.899,93.323,298.6502725770405,142.3477506484076
mp-7475,La2S3,69.384,32.899,78.94633189593475,39.04224132296429
mp-754741,ZrO2,109.287,49.055,204.00947041132113,85.46198293880987
mp-755089,ZrO2,154.271,77.349,232.48204629679915,104.2426527750443
mp-755759,ZrO2,213.895,82.002,247.39682080405336,109.27750404336432
mp-755894,Li2O,71.014,44.318,83.68408991412525,67.99594422822152
mp-7565,SbRu,145.517,52.906,178.00316211897652,82.03505318050024
mp-7857,TiB,207.405,190.624,234.2931864538218,183.47527786881273
mp-7951,ThSe2,77.932,26.736,88.22328822045051,35.361836820036196
mp-818,SiRh,195.549,95.795,229.73884103727693,118.94800196733443
mp-864603,YbH2,50.134,35.539,55.79564394184251,42.55813229444479
mp-893,ZrSi,141.728,92.826,161.57435497765908,90.4039732591585
mp-9173,TiO2,100.826,53.487,208.5912524601393,106.3113855043023
mp-9371,ErF3,72.095,44.528,139.10028474132588,65.10915087856793
mp-963,ZrO2,212.032,84.375,281.2436040927384,123.4262154345776
mp-972228,Zr3As2,125.408,62.953,136.3455888652936,78.33067374645562
mp-982385,Np3S5,72.842,44.698,86.17390456624092,47.73408252232944
mp-9967,NdSi,78.992,53.571,85.4542743710886,46.01090991527195
mp-9968,PrSi,76.517,50.93,83.26996198940776,44.21305377205708
mp-1006878,BaO2,33.298,29.993,74.03214478932165,35.8457525458234
mp-1025069,PrSn2,53.735,30.622,64.59149701396053,23.54354734429772
mp-11413,ScGa2,75.019,51.181,79.30769981204506,33.59865957415669
mp-11809,TiAl2,109.309,82.494,117.67115152989864,62.7278343692356
mp-1206441,V5B6,277.143,232.744,302.80706949656405,228.60720787078975
mp-12701,NdSn2,55.135,31.099,63.62334514153791,24.641563233421643
mp-16371,ThGe2,87.818,48.812,102.1223215863848,45.995540004402734
mp-16514,Al3Ni5,172.818,75.145,179.7466960684261,69.6119704684306
mp-22558,TiSi,131.686,40.349,132.2621809153883,55.19398615079319
mp-233,UO3,171.463,56.461,215.75875674638135,50.227380415131094
mp-2362485,LiMg,25.554,12.984,26.362506681093542,12.093445856622523
mp-28629,Ta5B6,291.265,204.868,319.4529668636604,207.30548663107623
mp-30683,ZrGa2,99.541,62.966,108.27598957122795,43.58286735997881
mp-30767,Li7Sn2,27.747,22.949,32.9681896948792,19.898568030586663
mp-31144,Rb3Au7,45.356,14.575,52.26204045277828,21.31537978331133
mp-569250,VIr,272.357,117.569,306.2495479429892,133.7881670104822
mp-571035,OsCl4,5.865,3.473,57.657796571575155,28.295740163407377
mp-755875,Ti3O4,179.336,93.478,243.48660139314495,74.00891181340194
mp-865166,HfPd5,167.044,68.884,187.57964203724688,70.00255582381064
mp-570460,LaCo5,180.839,23.948,139.21284625561444,48.310963747555846
mp-1001612,LuSi,97.309,67.15,107.09918485628694,60.90762229289068
mp-1002136,LaAu,64.033,14.169,70.83284136502867,20.76955079198016
mp-1007666,HoAu,83.589,17.384,91.7487090841336,31.816420443315728
mp-1007691,HfPt,176.476,55.584,189.1025078213561,58.57343203185988
mp-1007881,FeB,251.424,159.067,287.56364116097836,151.78577505353334
mp-1007918,DyAu,82.469,17.544,89.55991270992547,30.60624964733882
mp-1008487,BW,339.625,188.232,377.4151496269373,179.7927322409303
mp-1017507,TmAu,86.722,18.132,96.8954261905675,33.86662021035254
mp-1018057,HfBe,116.852,67.239,120.44648541638936,59.59028547305289
mp-1018115,PbS,25.09,7.599,54.82886319483038,23.446800776300535
mp-10212,ScGe2,80.354,56.949,92.4938201654991,43.56572439188013
mp-10638,ZrSb,94.274,58.065,101.29304060064015,57.55160282850049
mp-1064719,LaNi,67.304,14.716,75.06300781866672,17.299459028625673
mp-10651,YbSi,55.819,38.258,62.54057873320376,37.962830017306594
mp-1069,HfSi2,131.995,95.031,147.75269891142162,94.67464350615916
mp-1072865,HoSn2,61.099,15.772,68.04655011246798,22.81781656510961
mp-1072922,TbSn2,60.169,38.323,67.89681046733266,26.965976524830943
mp-1077102,TmSn2,61.628,37.017,69.37844183253755,23.659268516963508
mp-1096799,AlO2,121.5,76.989,196.3209253227171,107.77230356855424
mp-1097,TaB,286.134,212.507,313.8739344031755,206.22456267713568
mp-11228,YAl,53.421,28.791,73.0122680722115,30.670398601983212
mp-11233,ZrAl,108.913,70.301,115.71075648209572,57.09200371234195
mp-11243,ErAu,85.251,16.141,93.05840588864272,32.14358299572753
mp-11302,HoCd3,56.766,27.83,69.16624155324254,25.925545219402995
mp-11322,ZrSi,142.355,93.649,162.67583601142994,89.42911913013508
mp-11411,ScGa,76.65,43.659,82.60045179927158,33.15482891719866
mp-1168,HfTe5,11.773,7.3,61.39342354747199,24.5227900192244
mp-12054,Cr2B3,298.232,185.951,318.5519924803413,189.5346132649397
mp-1232339,LiC12,128.198,101.322,148.01636656064062,105.99481726487824
mp-12684,LaAl,52.592,34.891,57.37998740542708,30.53098921442431
mp-12723,CaAu,47.167,18.66,54.137460130194434,23.246245989347877
mp-12899,HoSi,92.828,66.189,102.0475909137886,57.347259658009214
mp-12910,GeS,23.949,19.766,58.78244327104079,35.04870042807413
mp-13010,YSn2,59.361,37.676,70.24939011732444,25.92655213332915
mp-1341,Te2Rh3,146.115,48.875,161.87776591249417,58.83429755952263
mp-13450,HfSb,100.739,59.904,108.41072186706148,61.30709181076673
mp-13453,BePd3,158.862,35.489,181.15606647689137,59.88775359019379
mp-13495,ZrPd,137.302,36.61,150.43134257754315,39.4520423015293
mp-13683,HfGe2,111.883,67.117,128.54564753652252,63.6907335303119
mp-14019,NiB,261.814,104.142,286.6807849604605,107.5352143742881
mp-1405,TbGe,80.709,53.889,84.85050636915209,41.39332494875522
mp-1448,NdGa,74.648,18.258,61.99891173065084,23.75755560579311
mp-1515,ZrSi2,126.046,96.722,142.85543869971164,86.9874994896782
mp-1537871,Ag2S,28.202,8.147,63.929763403020544,21.681254790703527
mp-1563,CaSi,53.572,38.383,58.4167480443003,35.36550498103967
mp-15671,Re3B,365.183,290.218,417.3779670499604,173.3912082199121
mp-16342,HoGe,80.872,54.586,87.32792633963136,42.39423435627284
mp-16528,Al6Re,112.677,72.365,128.1418021349712,57.99461387932429
mp-16529,Al6Ru,111.884,73.629,124.70042781099453,55.5046175332056
mp-16718,Al6Tc,107.586,69.162,121.16289937518992,56.45268393763686
mp-1698,SrSn,32.734,21.427,37.02728710502418,19.13780934142713
mp-1711,Er3Ge4,78.243,51.693,88.31710966419696,45.95542816247426
mp-173,MnAl6,110.784,69.344,114.90371839482027,60.24296156848072
mp-1730,BaGe,30.305,18.207,36.882906621021775,18.53409264002564
mp-178,ThAl,72.139,37.801,78.20089992251594,37.04857419632192
mp-19918,GdGe,73.164,46.12,79.14890571599213,27.688526853845563
mp-20122,DyGe,81.505,54.729,86.7410148761427,41.630702186934904
mp-20136,BaPb,24.299,13.484,28.382511568629344,15.868704930547
mp-20439,CeAl,55.79,34.493,66.1493123516587,35.63232698639577
mp-21188,CeNi,71.273,15.258,72.11807557482989,11.813725945990408
mp-2168,SnSe,27.105,19.801,50.13544138275945,24.027672681784654
mp-2264,ErGe,80.602,54.614,88.82425130900434,42.394751744761344
mp-22858,TlI,11.664,5.404,17.036195837178955,4.115763072650656
mp-22870,InBr,13.519,7.042,21.90362848629867,6.521732231254506
mp-23202,InI,13.331,7.457,21.21939983414433,6.842116317102859
mp-23244,UI3,6.693,3.645,27.243661028216167,14.804313095104115
mp-2327,TiZn16,79.295,24.042,93.98907729179264,34.349720897524804
mp-2349,YCd3,55.533,25.172,68.73630886816935,26.22545660649595
mp-2360,CaGe,48.071,33.926,54.071858212052405,28.524216074322293
mp-2430,ZrGe2,108.179,71.611,120.00882071812664,59.6194609572479
mp-2450,CaSn,37.561,22.571,43.462836426709835,21.336784771669528
mp-249,HfAl,117.671,70.131,125.61877525921156,63.9534297783326
mp-2499,BaSi,32.012,20.384,39.8944601270022,23.835533606340608
mp-255,NaHg,17.221,6.751,22.14496854264776,9.249563861123091
mp-2580,NbB,263.884,198.028,288.4664882626162,191.9720599948124
mp-260,CrB,295.159,222.072,330.609246755731,217.98160559879304
mp-2620,DySi,91.134,65.591,100.89156345881584,55.430193310283315
mp-2661,SrSi,44.145,30.984,48.819539267994806,31.146875711464563
mp-2668,Mn3As,121.507,44.278,149.02259232368132,79.82261973054787
mp-27488,Ta3N5,241.568,98.734,278.0419954105195,133.19317318097143
mp-27975,NdBr3,9.801,5.38,45.32504588548788,18.1778866382638
mp-27976,SmBr3,10.18,5.194,42.91163992318757,17.118150376988382
mp-27979,LaI3,6.8469999999999995,3.843,29.753690804700792,12.810197635398913
mp-28448,DyCl3,9.947,3.729,53.420626739391096,24.047791428171113
mp-29210,Li2Ga,33.134,27.31,38.55072929603437,20.96724728364158
mp-2933735,CuO2,8.166,4.904,33.75497014283514,3.4346078373077233
mp-29772,YGe3,73.159,51.058,86.57716614771932,48.07672544813147
mp-303,BaZn5,47.618,27.225,55.95498206175983,25.990327548922806
mp-30408,MgAu3,111.519,29.873,129.00862921413082,32.20798337165864
mp-30423,VAu2,125.266,26.935,167.45559731494157,32.1701358747578
mp-30483,CaZn,32.099,14.606,36.46232796603185,16.450560749260923
mp-30485,Ca3Zn,22.439,9.782,24.134098092324393,12.67823987410624
mp-30502,TmCd3,57.293,29.664,68.18884644436203,26.711734075528984
mp-30564,ThCo,101.93,22.233,115.18430846794176,32.01409838982749
mp-30604,DyGa,68.534,42.601,76.1617742038245,29.697023425651732
mp-30613,ErSn2,60.804,37.354,69.32498058767203,22.90171790181435
mp-30619,Zr3Co,103.802,35.813,125.38803282345498,43.4942282530942
mp-30840,Ti2Pd3,154.553,41.93,181.8918483526848,52.3298547511774
mp-30849,TaPt2,243.933,75.583,295.59369148065934,84.90972869308932
mp-30872,ThSn2,71.526,40.547,87.68766646781181,34.580679499524734
mp-30933,ZrBi,82.991,48.372,97.2474772506876,52.81959099429551
mp-31205,Zr3Fe,102.072,37.707,128.07809359658324,43.67826541884899
mp-31324,Li2In,28.365,23.649,28.306169620319523,10.135397244683157
mp-31380,SmPd,75.905,26.496,86.28506521583468,27.73144097029753
mp-31502,ScCd7,53.455,62.402,60.33505865532275,17.40607123808097
mp-36216,Ag2S,27.991,8.545,65.51603118581622,22.43478723827615
mp-378,ErSi,94.174,66.701,104.31717535084545,59.00936518761327
mp-511,PrGe,73.985,9.662,76.85450081432055,34.49997204062884
mp-538,CaAg,34.318,13.005,42.95452443711439,19.079903682952267
mp-555599,CuS,58.947,20.592,104.27903953765254,40.8681205118779
mp-556,ZrNi,139.087,38.253,162.65383570923012,44.46259675183424
mp-558378,Pd3S,113.764,39.33,144.60082043327168,48.13028265002879
mp-559676,SnS,28.192,23.866,58.76290889980717,22.371605770854146
mp-567181,ZrRh,161.195,47.288,178.16290147051853,47.97261054057481
mp-568992,ZrIr,186.261,55.113,207.23978164260913,58.79436876728137
mp-570001,Al6Fe,105.11,57.151,121.50743362571905,59.71763815390649
mp-570112,Cr3C2,309.637,144.082,341.80452266028436,161.08011293371715
mp-571555,InCl,12.514,6.673,21.719373092427833,5.5657676066978325
mp-605,ZrTe5,11.82,6.693,59.37044308653398,24.514192385401607
mp-613,Te2Pd3,106.336,25.081,123.93028407241434,33.76440821839358
mp-628773,SnSe,13.848,5.384,40.71389996441045,16.127637470552095
mp-642363,Al2O3,195.665,238.638,250.4344022160193,143.48825836423788
mp-663,NdGe,71.314,47.984,79.31523414530527,37.58550104885185
mp-6914,CaGa,37.038,27.264,40.69182625710073,19.052177290073335
mp-7083,LaSi,65.047,45.062,70.62563754946758,35.590266095449095
mp-7303,ErCd3,57.028,29.141,64.1859925086797,23.383305586819308
mp-8053,YCo,73.704,27.181,89.79258655759509,31.973957938775516
mp-864941,MgSc2,49.044,25.681,51.457240719586146,25.727229600680285
mp-865583,Y2Mg,41.701,20.535,45.673794206681855,23.575411260840408
mp-872,BaSn,28.386,16.162,32.00012746774184,16.994666605557608
mp-9095,Tb2Si3,73.503,33.445,78.82851191523969,38.00416761265308
mp-9208,V2B3,279.124,240.168,304.67386069438953,227.88657360094825
mp-9399,SmTe3,22.055,12.107,57.11307032750896,28.121605800398935
mp-973374,LiMg2,28.486,13.561,32.26156726978874,17.78412803696359
mp-976425,Nd2Mg,36.226,18.853,38.236921726116904,18.368309583779173
mp-977218,Li2Mg,21.078,7.239,24.97129554701816,13.184249205113918
mp-982070,VIr,270.236,116.36,296.76533867310576,120.47729718298054
mp-985805,AlAg2,94.159,33.298,107.95006935620157,29.200863234657085
mp-9969,ScSi,101.131,70.078,110.7664634707549,65.11813839335412
mp-9970,ScGe,89.435,57.039,97.5566397194512,39.90487820006554
mp-9971,YGe,78.14,54.513,85.56204502286083,40.54890718579314
mp-9972,YSi,89.203,65.637,97.63373999650968,53.81503710687226
mp-9973,VB,268.991,231.992,297.58104336162353,228.1896020424482
mp-999124,TbPd,81.785,28.181,90.62194100722417,29.848238408942127
mp-999130,TbNi,76.757,27.534,88.72129366506616,26.757866090330513
mp-999145,SmNi,70.621,23.373,79.41312087597308,23.697378463699874
mp-999198,BMo,308.669,192.421,344.8118235604387,176.676617294734
mp-999336,NdPd,73.81,25.201,80.33339985273187,25.925613156764275
mp-1393,Sn4Au,53.102,14.399,63.01006132586137,18.54372815817279
mp-20662,Sn4Pt,60.455,29.701,80.7797829347512,30.7725039955104
mp-2128,Sn4Pd,56.496,24.132,72.71014857903089,26.33981763557978
mp-1371,Sn3Pd,64.308,23.339,80.13932757453985,27.746205786971775
mp-17123,Si2Os,203.505,120.912,237.9977636537375,168.4019428094165
mp-1714,FeSi2,182.055,128.034,213.33762110598076,141.90259403532994
mp-1755,ZnAu3,127.051,37.609,144.49194795232046,29.07089034290888
mp-2232,CS2,0.589,0.419,23.92011507283184,13.6411472207498
mp-2456335,PbBr2,4.359,1.297,25.46060301727989,11.008768652172668
mp-2672,K2O2,32.413,16.455,43.56743003863489,24.20396201571698
mp-29647,SmSb2,58.083,28.693,76.37029383942986,40.64035181133059
mp-29900,NiGe2,110.731,47.537,133.66358904973035,54.857409603947744
mp-30045,CoGe2,122.975,66.091,147.17779961775085,68.11402066598464
mp-32811,Ag2Te,52.857,12.209,61.445370924269305,18.34792400986475
mp-569054,La2Co3,70.274,14.097,84.39678525627063,22.054135029212656
mp-569815,Si2Ru,183.66,108.94,222.68167811630553,133.81495898358332
mp-570686,SnBi,48.347,17.093,54.22257353784729,10.950098356929931
mp-637255,Ti2Sn3,87.487,48.891,102.05882098166803,49.88333145467531
mp-640708,FeGe2,128.509,67.937,143.9746267607139,82.9181329739166
mp-15556,Rb2As3,11.807,6.537,23.71980506389634,14.63837002209612
mp-2079,Rb2P3,14.668,8.536,31.24360502734198,20.242744722005902
mp-600604,CuO2,11.725,5.924,34.84848493126518,13.97548954493279
mp-8262,K2P3,16.206,9.501,33.53994725093556,20.818626220886788
mp-1046,NbSn2,96.844,47.291,121.86768748433929,56.753988247807015
mp-10910,Al2Ru,166.651,103.353,193.3550640408058,119.77313622826485
mp-20887,VSn2,94.914,51.156,112.89533789350448,64.2045553374919
mp-2131,SrN6,39.156,20.283,80.97681608702591,48.88379749290655
mp-2481,Mg2Cu,56.418,30.526,65.58505623294438,31.99229238183239
mp-2582,TiSi2,142.135,111.779,159.63113662179973,117.28865579202956
mp-401,Sc2S3,55.932,37.408,91.29794850865096,47.75173611514793
mp-555483,SiO2,119.344,43.519,181.61702777600635,96.96331906269444
mp-567889,TiGe2,113.668,80.368,131.64791529952015,66.78121735260278
mp-567982,TaSn2,103.041,49.663,120.60946181635803,59.606392679430634
mp-569857,K2P3,16.217,9.422,33.5999446130521,21.130952662056263
mp-676,CaN6,46.695,23.676,95.651579186746,56.60473672532839
mp-755328,ZrSn2,87.588,53.789,102.62827551688152,47.1025992484412
mp-15659,Sb2Pt3,135.898,20.292,170.93237699799656,40.110127164021094
mp-1602,SiS2,6.09,4.007,50.15924508219074,28.43699351628098
mp-2247,AgN3,24.282,7.425,80.57578266955377,37.38113303482661
mp-30139,BeBr2,2.676,1.835,27.606958987114304,13.8595886840633
mp-30851,Ti3Pt5,202.97,73.603,239.4483936507464,78.90093478974057
mp-570886,BeI2,1.958,1.478,20.627649632065108,9.790843616758542
mp-976,V6Si5,185.901,120.052,209.73511682785,127.49718841901012
mp-1228685,B8O,210.762,64.025,257.23983699547847,240.21539618430143
mp-1238815,B4C,238.023,184.835,255.96436283164456,231.02250103530375
mp-27821,Ag3P11,52.412,32.91,81.12986751536361,42.41315800301479
mp-30180,Al4Mo,111.709,74.751,139.3250190478039,70.252211387326
mp-30336,Al4W,116.786,76.786,148.0728240305253,74.56973401416474
mp-568595,Re4Si7,210.961,162.768,242.7901906494959,147.593148417306
mp-977273,MgRh5,198.411,87.191,230.69158895410743,100.32677270399412
mp-1010,MnB4,276.056,239.35,300.16425213905296,235.160124001456
mp-10118,Mn3B4,237.291,170.637,264.6579651710574,154.37508793789033
mp-10142,Ta3B4,294.112,209.478,323.0951320259635,207.886415426506
mp-1018151,NbPd2,194.599,76.958,218.2896130102214,76.53297848976734
mp-1025170,Ti3B4,224.584,217.798,255.35161423368848,200.44396561750784
mp-10255,Nb3B4,274.679,196.187,298.5324811202053,198.56261636253925
mp-11180,NaC,28.546,15.367,47.310610567871905,29.54084086822844
mp-11514,NbPt2,241.924,110.128,276.72358779228307,103.72606372443155
mp-11531,VNi2,229.507,85.56,239.2867093712512,105.42960996869392
mp-11549,VPd2,192.283,78.469,213.6184780850308,89.95078760457808
mp-12108,VPt2,246.671,114.484,283.2586109071618,131.0707014455656
mp-1378,LiC,40.769,30.156,68.50794857142242,46.38093193906034
mp-15078,SiO2,92.441,31.054,139.128310481735,87.70179400499211
mp-2382752,CaC2,57.491,22.771,82.37833603521514,46.108331181117045
mp-2479851,Mg3Cu,44.71,22.319,56.0360927145003,21.84706677471255
mp-27710,CrB4,282.538,257.596,300.8402738918612,250.68775263176775
mp-30835,TaPd2,205.117,73.846,230.7060871253372,73.28152302809471
mp-568232,Ti6Sn5,102.154,56.499,115.4226593631719,64.08936257697763
mp-569270,V3B4,278.729,233.825,305.56933655482715,229.14178494327064
mp-570991,TiSi2,138.262,107.94,130.8923299956718,75.62310586274964
mp-784630,Ni2Mo,240.432,96.666,262.37140031005595,114.72638062457996
mp-784631,CrNi2,221.367,111.762,250.9032855433632,124.95317390899582
mp-8700,K2Au3,33.183,14.542,40.48916526482712,19.363317063388138
mp-889,Cr3B4,300.71,205.66,324.9533482415741,204.22275073488345
mp-952,MoPt2,271.801,138.285,297.82715357260514,115.58389704943
mp-15964,Hf3Sb,115.025,49.685,133.47424266137546,73.32966789678059
mp-1793,Zr3Te,105.452,37.599,111.7468066648118,60.825577355076945
mp-2296,Ni3P,199.918,56.587,234.0867111871082,80.97434266592896
mp-1024991,ErCu2,86.857,24.491,93.4712373292032,39.62581418925429
mp-1025096,ErZn2,70.145,42.435,79.84727789057244,41.506766996910656
mp-1025126,MgSi2,72.283,30.387,85.16565776935036,25.239314151891513
mp-11266,BaCd2,26.527,7.81,30.41502097078609,13.673784267408342
mp-11412,ScGa2,79.908,49.437,86.79331958868761,39.419154488873176
mp-1180279,MgF2,50.398,13.638,65.67488063276949,29.22772089228692
mp-1205309,LiB,43.817,32.433,61.37844488877668,39.61117875480549
mp-13270,CaAg2,48.592,15.092,56.50533505277758,23.938518166866427
mp-1385,CeZn2,49.695,24.161,54.21110767147099,29.3917277064702
mp-1400172,SbO2,68.54,37.802,126.897901350024,68.78611894694245
mp-1444,CaCd2,35.875,15.863,40.54463664172522,19.640636058824636
mp-1527,TbCu2,84.123,22.729,89.1102410570727,38.16793723359711
mp-1725,CaZn2,44.942,23.828,50.59353149973621,26.40753368268184
mp-1956,TmGa2,76.021,50.722,76.01364365171517,36.93594954662916
mp-22317,EuGa2,48.779,31.209,52.42436831229536,26.52174634562101
mp-22318,SrAl2,44.927,33.57,57.33304792438572,33.12035074856753
mp-2338,TbZn2,65.918,35.596,74.57925569576798,38.37567822685356
mp-2698,YCu2,84.831,20.657,91.34311741439224,38.98165154729653
mp-30356,SrAg2,40.502,17.609,46.32487891963435,21.110756523762944
mp-30435,BaZn2,27.55,7.882,34.92039032898249,15.743379783842714
mp-30717,KHg2,11.826,4.929,13.897658984122696,6.820989239799616
mp-30800,NdZn2,56.978,23.092,66.21035004223066,32.28358666500506
mp-443,CaAu2,65.801,15.106,74.36738317276196,28.073979932494275
mp-567538,YbCu2,66.135,29.254,72.28012342081465,31.23860759167517
mp-567695,UMn2,184.28,34.896,186.8333463468085,29.727503022209735
mp-569128,SiB3,156.676,129.394,178.08428162083374,144.11869888978737
mp-569406,TmZn2,71.161,43.099,80.96784083763932,42.28285564309323
mp-569426,SrZn2,35.093,14.647,42.07010744580342,21.12999934326912
mp-570093,DyZn2,65.917,38.077,76.53614971135364,39.62460198188711
mp-657,YbZn2,47.078,21.379,52.78901425514743,29.378008323392404
mp-978275,MgB7,183.359,183.073,217.12623056256623,203.9891197787878
mp-9827,RbHg2,10.747,4.682,11.853335227426568,6.225776771499174
mp-30673,Ti2Ga3,107.755,70.461,119.9360816667241,53.95765654610744
mp-775910,ZrO2,188.21,98.43,254.221093552714,115.48360141504304
mp-17848,Nb3Si,183.507,74.346,193.91393633608328,95.4493937979814
mp-22447,Zr3P,125.1,63.867,130.14258934346168,72.72869044036841
mp-30594,Cu4Pd,145.218,47.364,169.7275962400303,55.76222769762648
mp-1982,Al21Pt8,132.661,63.079,156.36366354200726,65.91630975476367
mp-557057,NbO2,207.449,81.941,259.66313328407466,115.019584704533
mp-567431,ThCl4,24.216,10.533,61.13516485366442,25.249760514126233
mp-570229,ThBr4,21.662,9.13,50.966667349424,21.582973512749685
mp-795,LiSi,52.319,36.261,59.68135011744784,33.065916096355394
mp-9918,LiGe,39.993,21.135,47.61550221768005,23.36893952299181
mp-10734,Ti4O5,207.408,90.488,253.74381012902617,91.8638791767363
mp-11507,Ni4Mo,209.68,92.581,255.0062092661256,101.64859441349144
mp-11765,Ti5Se4,84.426,47.028,117.13802195379138,69.7797361372811
mp-12565,MnAu4,130.268,30.71,145.77124966926223,30.10593551578847
mp-12635,TiAu4,146.22,39.965,164.81371437461945,40.24658017355377
mp-12884,Hf5Te4,77.308,36.907,101.27652431062306,59.87662943953727
mp-15837,Nb5Se4,112.67,52.617,160.70940990717898,73.93185956219163
mp-1743,Mo5As4,152.527,85.16,204.21283449667632,82.54853811728023
mp-1852,UF5,14.284,11.448,103.63950803789822,36.36496572860868
mp-2371,Ga2Te5,13.543,13.907,48.75211337863252,25.0509475120066
mp-2598,Ta5Sb4,105.592,60.636,155.20644170163456,72.69909663092474
mp-274,Nb5Sb4,96.984,54.863,140.91893827384033,66.25804578245233
mp-27743,BiF5,13.737,10.508,88.63926926285562,35.90968418013925
mp-30354,ScAg4,89.295,35.942,94.31651339716193,29.169642956205355
mp-30536,V5Sb4,90.199,52.07,119.68211270117447,52.34051285883637
mp-30797,Nb5Te4,89.583,43.695,143.13306819421328,62.607400571289794
mp-30811,Ni4W,226.168,97.776,272.1253698405321,110.30516990194565
mp-350,Zr5Te4,68.334,35.885,93.7347375845161,57.75622927335874
mp-7498,Ti5Te4,68.104,38.922,105.40164086116332,58.29346670283079
mp-7927,Nb4N5,268.181,161.799,327.91520120821895,126.17454356342444
mp-8046,Ta4N5,289.948,175.313,359.47518602619635,139.9588434526434
mp-9948,V5Te4,52.954,1.347,105.77243055056095,42.57036866470623
mp-14587,ZnP4,66.685,37.354,92.94919275249352,48.38582759343912
mp-355,Nd5Si4,64.481,33.016,70.41767914057743,38.33472526853278
mp-555434,As2O5,91.699,51.804,168.41726794681475,118.12557401290196
mp-557,TeO2,31.251,29.509,135.2652835289825,67.32702875399782
mp-6945,SiO2,12.474,46.397,171.7044552868869,99.77617635436908
mp-7457,SnF2,12.518,10.742,57.857828384533555,25.31409582603871
mp-7623,MgAs4,43.341,25.406,61.69334296707887,29.36855825186326
mp-7812,GeO2,20.101,25.441,138.977434952234,82.21919831088535
mp-1340,Ga2Se3,27.869,19.013,57.73946250365484,29.373554869035623
mp-344,BN,180.219,115.861,210.75900072003824,170.23629674183792
mp-38970,Ga2Te3,21.714,14.943,49.35450524374949,21.744107999107335
mp-539,Ga2S3,31.225,22.912,73.49455467815606,42.263666693884275
mp-640556,SiO2,18.824,40.013,169.66425095437225,108.28406763650872
mp-1021499,Cu2Se,75.852,26.749,95.33020136266056,36.53226035138375
mp-11025,ZnP2,68.444,42.518,76.95218356185897,47.733847610603554
mp-2739,TeO2,31.468,28.985,135.09209901708485,67.27662910790093
mp-618991,Cu2S,91.372,29.117,114.81171210292788,42.67296447712501
mp-471,CdAs2,36.727,18.611,54.1707381795892,23.3961624402787
mp-1216445,V9Cr3B8,271.858,211.081,295.56103271161305,205.76875778204183
mp-12743,CrTe4Au,26.69,19.236,63.03448410248846,21.543524743326664
mp-2468835,Li7B18O,129.576,91.595,161.72504608110765,125.83542050822732
mp-607475,Zr4In5Co2,84.627,52.398,112.94981515877032,46.69242532069248
mp-675334,LiTi2O4,168.606,114.219,214.2115153549395,116.55403811069004
mp-675701,Ca(HoSe2)2,41.864,28.249,60.844963378974285,31.130877884223725
mp-8677,ZrTiTe4,14.309,12.148,62.2605611939,29.184756211698662
mp-945184,YCuTe2,42.341,20.022,62.431170296729526,25.35508166831425
mp-989651,HfTeSe4,12.699,8.671,63.31861995794282,28.357059339438067
mp-997006,AgPtO2,123.077,34.632,155.90075181738564,64.25192524836228
mp-1029652,Y3Si6N11,141.881,94.254,214.8295827149375,141.94447115899592
mp-36940,Mg(CN)2,35.297,2.902,66.52910946646529,20.847647984072474
mp-14983,Si4P4Ru,119.975,86.833,139.9523747847279,83.82371041754284
mp-23487,KIO3,21.031,14.11,80.79006590379046,46.786149362131525
mp-29157,Si3P2Pt,122.687,81.176,138.21018712786804,79.05751758028951
mp-36779,PNO,51.111,53.892,195.9006680544643,119.26827650566996
mp-531611,Mg(AlB14)2,189.975,174.61,221.40884867374285,202.64301783850132
mp-753197,HfTiO4,182.734,74.28,239.61635963845112,115.28342010619986
mp-774922,Ti3TeO8,6.146,13.893,116.9098511487572,53.90079233169024
mp-9198,Fe(SiP)4,112.916,90.786,138.2286664134483,85.98653202885042
mp-559264,Bi2PdO4,36.71,24.815,132.54107398991414,59.494170580915515
mp-29136,Sr6Cu3N5,63.615,27.585,80.38346774460813,40.116826137696826
mp-1025028,PrSiAg,79.699,25.792,83.48524404423051,34.637637160960104
mp-11511,LaAlGe,70.446,47.27,73.52473465281675,41.59916988586006
mp-27255,Ga2TeS2,24.352,18.386,56.29709849666742,32.521118936228596
mp-752463,NbNO,177.394,57.723,249.4706128896192,103.53978322589882
mp-756638,NbRhO4,215.16,81.083,273.0880781928579,120.61324276557325
mp-760396,TaAlO4,215.809,117.113,275.5331323194412,144.1139760646272
mp-1008925,LiFeP,63.254,71.498,115.0207188978472,70.10715152157147
mp-1009828,BaSiC,24.222,20.55,28.269366124012368,9.11760882874652
mp-1069604,CaSi3Pt,103.918,47.82,122.2853625436896,52.12546963984145
mp-11269,BaSn3Pd,55.006,23.411,65.46960938418131,26.832724450962036
mp-11879,BaNiSn3,46.496,31.724,62.90760865255851,28.08514466742731
mp-13121,CeGe3Rh,95.273,40.715,121.38556903987065,49.38744066103562
mp-14625,NdCoGe3,92.959,53.156,112.13004767741504,51.030723153424816
mp-19973,LaCoGe3,86.372,54.869,108.57827748695486,49.890731357071935
mp-22346,BaGe3Pt,74.417,40.321,86.70789613288738,38.293392059269216
mp-2914,LaSi3Ir,122.782,67.694,150.44106125826875,66.85737843033871
mp-29308,Na5Co2S5,33.706,14.373,45.33141112299207,24.262228541701052
mp-30433,BaSn3Pt,60.919,26.771,72.68549746214094,28.89609131761761
mp-30805,SrNiSn3,51.162,24.888,66.78479725398748,28.82624602301148
mp-30834,SrSn3Pd,56.392,13.412,65.02650271477056,26.063620602307537
mp-972659,SmCoSi3,136.209,72.161,133.39385335237844,68.64564800039857
mp-978987,SrGe3Pd,70.823,26.34,85.19670536341977,36.56966693829211
mp-1025150,Cu2WSe4,30.602,11.26,79.44910625686246,28.889462605202
mp-505244,FeCuSe2,22.682,4.469,63.82847028146275,28.062358109016184
mp-568032,Cd(InSe2)2,27.708,15.224,47.24187388532697,19.353762456028633
mp-568598,Cu2HgI4,17.315,9.009,31.80948577629102,10.975661530049823
mp-570256,Ag2HgI4,12.21,5.58,25.275896511720394,8.695070293363992
mp-861184,Li2WS4,4.842,2.584,46.85492766058856,22.89490409883123
mp-8976,Cu2WS4,9.511,8.382,76.08237962894064,39.26326520418807
mp-28020,AlCuCl4,10.74,6.127,41.49739497057466,16.04803186769563
mp-29362,GaCuCl4,10.789,5.407,39.55797715384913,15.399579909754738
mp-1025461,PrBrO2,60.485,24.082,98.912325120822,43.13593872440515
mp-20716,PbSeO3,35.364,7.251,99.97765813302232,47.970154657237046
mp-23022,KClO3,15.769,7.956,54.428344329950455,36.71077611971483
mp-24428,KH2N,19.158,10.617,40.27262767701815,25.861531169572533
mp-2468815,LiCoS2,80.565,31.703,109.2551676172394,49.156485952159265
mp-2506699,BaCO3,49.604,21.994,87.0307245929745,53.212294445373274
mp-2525045,Zr2N2O,160.644,79.641,225.32323491916688,124.82973659974463
mp-28665,NdSi2Ru,125.248,62.129,151.4620572386195,80.18265779399032
mp-28795,LaSi2Ru,118.955,59.136,140.35927211243884,73.40665600532289
mp-29088,Sr3(GeN)2,50.267,30.528,66.4810018557998,39.303300687878725
mp-29152,Zr2CoP,158.429,79.053,169.8944927914654,77.4788864450822
mp-29153,Zr2NiP,157.834,82.497,172.80614288559002,81.06324290978877
mp-29154,Hf2CoP,171.95,86.955,181.87276587610128,84.21501549903851
mp-30151,CuAuSe4,29.101,19.356,65.8103025109186,23.570882266395756
mp-31510,NbCuTe2,65.953,37.452,102.03743165849582,49.06373436789115
mp-3488,Na2Ti3O7,97.103,43.32,176.1188714041132,92.93388251127196
mp-4264,K2S2O5,20.378,10.521,64.44599471491706,44.70873882042575
mp-4691,Ag2CO3,47.972,14.143,85.3024545797329,36.70265347964394
mp-5431,BaTeO3,43.028,20.15,91.10041642802813,49.28909495128769
mp-545482,PdSeO3,17.966,11.723,116.6239569985049,51.66332623492539
mp-558636,CaAl2O4,152.027,89.116,191.12823660936897,125.06321531751205
mp-571599,Ba(BiPd)2,59.927,20.217,66.72660786737457,26.532497806206084
mp-5918,Hf2NiP,180.029,94.851,176.80962957110555,84.50903228439736
mp-625055,AlHO2,91.937,27.238,191.95747503873383,125.28863684174004
mp-634657,NaHS,21.406,10.172,35.52841734308163,18.66117557543789
mp-634676,KHS,14.213,8.001,26.799193447567163,13.684749070920647
mp-776205,Hf2N2O,177.628,90.58,244.4069731558691,141.52119686937633
mp-9391,TaNi2Te3,21.521,10.537,104.08081440778456,45.95983898385638
mp-997042,TlCuO2,21.672,9.227,44.83105067968,22.161586390078995
mp-997054,CuBiO2,45.335,19.29,115.26824635005369,48.02520550662321
mp-997082,BiAuO2,59.145,20.275,108.47585568571594,44.23194602077984
mp-4779,Li2B4O7,41.92,40.743,170.58697403527665,112.2748623737606
mp-28782,Na3PS4,22.958,10.928,52.29860668100196,27.904802100431553
mp-1078600,TmAgTe2,42.537,21.354,56.09882718565024,24.27369830674296
mp-12903,YAgTe2,39.447,19.888,51.96851167529992,23.185152136567165
mp-4674,BNF8,16.052,7.666,92.03013526845773,54.01697110688325
mp-606393,NbBr3O,6.824,4.154,66.56153838302389,31.796053955913372
mp-1007823,GaBN2,247.284,173.186,269.13372168530765,174.46829903758788
mp-1008523,BC2N,342.032,393.147,366.56272003702,316.5965255524469
mp-1008527,B2CN,326.549,315.747,337.56111191235306,253.4076242350109
mp-1008528,B2AsP,146.701,141.361,159.7620777073838,112.7801226877844
mp-1008556,AlGaN2,183.528,110.883,199.65706059226585,111.2934161129972
mp-1008557,AlBN2,257.912,177.148,280.79077131900664,183.4998201337064
mp-1017534,ZnCdSe2,50.014,20.132,54.044860092289795,23.383977258315657
mp-1018079,CrGaP2,79.184,20.698,75.01994075014967,31.07313191499794
mp-1018083,CrCdTe2,38.574,8.827,40.44901163380312,15.148131542908116
mp-1018089,CaZnSe2,41.321,7.128,44.2028830943264,18.845574122573083
mp-1018709,Hf2GaSb3,93.197,62.432,104.65706660335933,62.22214610899458
mp-1430957,Zn(CoN)2,136.422,50.155,159.73017239343204,54.35549670070923
mp-16421,Zr2CuSb3,95.97,46.996,104.28571648603072,55.06144688159531
mp-19928,Hf2CuSb3,101.457,49.807,109.39505797943669,56.57731914919564
mp-34993,LiAlO2,153.169,123.673,215.41101076004932,154.95422508490972
mp-505804,Ti2CuSb3,90.931,51.886,107.01176455641796,51.460919548471864
mp-640073,FeCuS2,43.783,19.144,59.1808288069981,29.67877006764204
mp-753156,La2Th2O7,128.506,58.428,162.0363540883045,71.69727930040848
mp-971712,ZnCdS2,60.274,24.036,65.67205107125608,27.30298086357115
mp-568556,Mg2B24C,208.857,195.607,241.2542483463056,222.89258661623168
mp-10006,TlAgTe2,33.627,10.05,33.36316842990779,6.482517757154993
mp-1190680,Mg(BH4)2,14.053,4.908,37.738072500695395,28.66084577665256
mp-34735,Ho2CdS4,64.932,30.307,88.0330688662183,41.983271765138866
mp-571443,SrMgIn3,35.493,22.431,43.07236532032355,19.324215556784317
mp-754839,SnBiO4,118.856,31.907,143.13222898539183,62.27784613544305
mp-755302,TiNbO4,162.315,27.544,229.42210139364624,87.1349670921269
mp-773864,TiSnO4,163.816,47.131,200.56558660668185,91.51719797537446
mp-1025315,Mn(AlTe2)2,27.918,15.38,44.4020827732271,19.111731146672525
mp-1025377,Cd(AgI2)2,10.114,5.05,25.17448387895137,9.164041804275104
mp-1389664,Cu2SnSe4,29.275,8.09,60.08671192526161,25.71644652166308
mp-22993,AgClO4,26.665,9.049,95.6170280494054,54.486552153612685
mp-23353,Cu2HgI4,14.625,8.411,31.83698079943253,10.955383894620477
mp-27888,Zr3GeO8,198.421,48.748,237.54053219689828,114.95228016058294
mp-29091,Ti(CuS)4,75.053,37.645,106.0820257790316,49.11126127270988
mp-3269,NaTh2F9,88.135,47.917,135.46076020777122,62.64029464909654
mp-34169,Zn(InSe2)2,28.627,17.702,50.78073164246184,22.333780444599267
mp-34467,Zn(GaS2)2,45.54,29.444,70.82079985489487,34.101815260363225
mp-35539,Zn2GeSe4,34.738,20.858,52.65568256155407,23.945651629226543
mp-35777,Mg(InTe2)2,21.234,12.398,38.486554181899464,16.57745904990866
mp-38103,NaClO4,20.812,11.502,96.84428648923152,64.53713088985897
mp-5461,Rb3TaO8,29.187,14.073,87.9237819179224,48.57233769539158
mp-557373,Cu2WS4,8.464,13.13,78.08679303064204,40.33967527110446
mp-568661,Cd(InSe2)2,24.544,14.694,48.684947269944615,19.934416408873908
mp-5702,Cu3SbS4,68.849,25.749,76.89149316469233,26.233592616893016
mp-639910,Y(Sn3Ru2)2,117.643,55.679,137.0482150141192,65.27784516320123
mp-675626,Cu3AsSe4,61.042,22.196,65.71987467048844,20.479083607200828
mp-675748,Zn2GeS4,41.016,25.051,68.0422919064558,31.997283095992376
mp-753195,Li2WS4,6.489,4.129,50.14457791230156,24.50272507697332
mp-760415,Li3SbS4,28.938,13.461,51.00778146189028,17.846814935698468
mp-8311,Si3NiP4,104.417,62.095,101.2238436814148,44.41906656592206
mp-861182,Li4TiS4,24.697,14.592,48.14789608559035,26.520743818461884
mp-9808,Rb3NbO8,27.894,13.316,85.54678956905273,46.52039246124035
mp-9814,Cu3SbSe4,60.879,20.692,60.72204552684157,21.94321578135867
mp-1025151,Cr2NiSe4,63.633,36.52,94.44688232276388,38.71165609015827
mp-1025173,Ti(MoS2)2,104.193,65.901,175.95269811088818,94.62904527502018
mp-1025180,Mn(CrSe2)2,48.783,29.443,72.41244835863276,35.79722391108115
mp-1025181,Tm2Cr2C3,166.232,74.225,202.28337570415368,110.86946816997104
mp-1025182,V2FeSe4,64.874,46.863,90.82655297376115,55.17564574604086
mp-1025190,Co2NiSe4,100.763,41.32,123.98506444586133,45.28285282337688
mp-1025203,Ti2VSe4,67.424,46.399,93.19265214805024,51.11726600271512
mp-1025207,Ti(CrTe2)2,47.988,32.833,65.78266832242738,35.02316558605589
mp-1025219,Ti2VTe4,46.041,33.076,71.15217626968743,39.7161208400254
mp-1025224,V(CrS2)2,92.785,58.933,93.12056987957185,64.1137690828689
mp-1025232,V2CrSe4,76.515,49.825,84.65806556289867,54.96546149055596
mp-1025263,Ti2NiS4,91.139,53.452,127.99989237147427,62.710386107724894
mp-1025264,U2W2C3,181.898,94.657,244.79854079330977,119.70695843685569
mp-1025266,Tb2Cr2C3,156.439,66.367,193.1291100560184,100.9429684188557
mp-1025278,V2CrTe4,53.889,29.918,53.47624769506769,31.121896426180015
mp-1025281,Ti2NiSe4,69.621,41.997,106.44950621888002,46.049561461707114
mp-1025282,Ti(VTe2)2,53.833,136.526,67.30178717640264,35.25911380187227
mp-1025291,Ti(NbSe2)2,82.772,49.134,133.45486084921382,67.189427939712
mp-1025318,Co(NiSe2)2,95.313,34.882,123.56172426812576,46.14195106944012
mp-1025322,V(CoSe2)2,76.389,53.225,114.95501205390974,54.51735575892621
mp-1025323,Dy2Cr2C3,160.099,68.541,196.52588088932055,103.9481544763824
mp-1025345,Ti2CrTe4,49.615,34.742,68.52268524248542,36.441228477050856
mp-1025372,Y2Cr2C3,155.926,68.605,191.4347387700179,102.37143328274529
mp-1025378,V2FeTe4,49.149,32.385,62.61154488072959,30.76358981058988
mp-1029349,Y4Se3N2,67.613,37.741,94.73755331463194,50.68004181874843
mp-1029784,Rb2CN2,25.925,11.927,47.4001401835925,24.15291238071249
mp-10408,K2CN2,31.342,14.596,58.03070940366634,30.385415884343143
mp-1071448,CeGaCo,87.707,41.614,108.39136990147446,45.88495415831876
mp-1095591,Tm3(CuSn)4,85.104,48.429,92.7437067101438,43.26955737657432
mp-10985,RbCu3S2,42.157,19.923,77.11271983175118,28.35556372891744
mp-1101156,Zr5N5O2,222.105,117.091,253.5371640959937,137.454771484112
mp-1103697,Bi2Pd3Se2,50.704,11.3,106.4454857478898,28.219337901981618
mp-12004,Er2Al3Si2,89.518,66.418,99.60898200990378,57.050293310904266
mp-12005,Tm2Al3Si2,90.245,66.441,99.06732669222458,54.87046943512993
mp-12803,BaEr2F8,85.459,36.511,116.11948213415104,54.61652424992636
mp-13263,Ce2Mo2C3,136.107,81.553,193.80679085230355,97.06302000725292
mp-13583,Sc2Si2Ru,121.632,68.945,142.81087303317682,78.17090844840256
mp-13829,TlCu3S2,41.713,15.73,82.87838878229879,25.706344000185553
mp-1386610,Ca2Sn3O8,107.769,46.162,146.6258431541861,81.5511192190434
mp-1400520,Ca2CoN2,71.914,37.282,120.09047483701984,66.83148459542684
mp-1402513,Mg2TiN2,108.953,72.905,156.4368053077568,102.67158846636816
mp-1402707,Mg2MnN2,109.74,62.484,138.98032044568865,87.32795403938883
mp-15397,Ti7Al2O15,196.424,85.772,232.85413205238896,116.36367726301648
mp-15885,Li2US3,42.596,25.019,68.1024922685563,33.56050147309491
mp-17017,Al12Co4Cu,122.342,75.362,151.58322585316938,78.7874925901779
mp-20067,Na5OsO6,55.843,37.641,120.92195414873363,64.39731591282853
mp-21875,Y4GaCo4,96.804,29.546,95.92277568653816,36.80326435750207
mp-22044,Sm2Ge2Ru,88.624,44.545,109.80082832483168,49.97826718083003
mp-2353285,TlCoCl3,17.198,6.688,29.03557016595629,16.588504427866535
mp-2356674,Li2NbF6,58.448,128.338,116.0192066158317,39.19214183048449
mp-2408760,NaCu2O3,93.317,19.434,122.56457473496434,53.932469618125396
mp-2619703,ZrCuF6,37.708,24.755,103.66169182633656,39.09205384901132
mp-2650313,Fe2NiSe4,76.885,32.205,99.6532610213565,42.807640810806
mp-27512,Cr2NiS4,123.11,61.657,110.06124734607246,48.95859147721691
mp-27927,NbAlO4,173.006,74.472,233.5080843492266,118.00133862166116
mp-28163,K2PdF4,24.004,9.85,42.94023259979255,21.988763969755553
mp-2874,In2Si2O7,151.63,62.028,195.66690334825316,102.3437458929683
mp-28770,Ca2FeN2,77.679,42.257,119.72089541922158,68.08901414001284
mp-29364,Li5SbO5,94.256,64.692,132.20257386146417,87.23489654525758
mp-29455,Ga4GeO8,152.853,72.5,193.46086443172456,103.23116410551158
mp-29618,NiP3W2,205.053,104.22,253.85161804961635,120.00734230562162
mp-30019,ZrCu2Te3,35.784,19.93,74.7463576867382,34.49337275097428
mp-3070,Na2CO3,47.059,4.636,88.51399880306504,54.61490366623913
mp-31011,Y2Si2Rh,106.197,64.641,121.65526433595484,61.76138122747537
mp-31017,Ce4B2N5,144.347,89.672,173.30355460212206,102.11393430780238
mp-31031,La4PdO7,113.246,50.422,145.78033836750393,68.1629452903997
mp-31093,Dy2CoSi2,101.89,61.658,116.17295640104882,62.9751013755454
mp-31256,U(SbO3)2,28.801,25.536,148.66986475965646,60.24290330287868
mp-31294,Sr2In3Rh2,58.384,26.802,69.82156658543677,30.06549984629495
mp-3194,Tb2Al3Si2,86.815,65.462,96.21315281024084,56.08817858262473
mp-3342,ZnPS3,14.996,9.292,68.62184953287277,35.1996832304728
mp-34289,TiNbS4,20.023,16.077,102.8007548058734,55.435985724076374
mp-3471,La2Ni5B4,136.781,65.972,169.62800473666562,75.66770816625927
mp-3513,Dy2Al3Si2,87.583,65.851,98.00259302563292,56.498739565283344
mp-3618,Sc2FeSi2,110.477,75.98,135.93372320443294,84.86759656218796
mp-3650,HfCu2Te3,41.391,23.641,77.23306435003731,35.392828673461594
mp-3849,TlFeS2,24.875,9.844,42.610272328252016,23.122902851933823
mp-3943,BaTi2O5,123.542,64.43,184.4323044157675,100.98825276976504
mp-4022,Zr2CoSi2,167.087,95.112,178.0851735283932,100.5663567384888
mp-4300,Yb2Si2O7,88.802,30.327,148.51650390971474,68.2853738154184
mp-4541,NaCuO2,58.273,31.25,89.6922575688868,50.31927194916865
mp-4852,Ni(RhSe2)2,85.507,31.876,129.41478457666594,38.55095864031989
mp-4909,V2NiS4,96.085,58.493,136.32653186039724,66.06446035411801
mp-5090,Ti2FeSe4,57.172,41.074,91.34318420540296,45.433762106779824
mp-5274,ThTi2O6,150.848,62.689,211.94982913036924,91.18399690630343
mp-541754,TiCu2Te3,41.734,25.085,76.92680753032778,35.537335856551074
mp-541785,GePdS3,8.161,5.086,62.25931519998004,32.65372844906857
mp-541989,Na2CN2,39.851,19.095,79.3270651809668,45.06964542386781
mp-5427,Mg2P2O7,117.085,61.45,198.6909647290683,120.35016164211508
mp-545467,Li3(CuO2)2,56.183,32.011,94.64014931114568,50.71545250019259
mp-551741,Zn2P2O7,119.151,88.26,197.93834797155304,105.09106276325548
mp-553991,Ti(GaO2)4,150.756,70.401,194.48665651059724,100.95245278837096
mp-553994,Ni3(BiS)2,57.125,17.879,108.57846191337578,31.890210989587743
mp-555370,V(MoS2)2,88.535,69.759,176.56131257197063,95.7750777757685
mp-5594,Sc2Si2O7,160.151,72.463,205.26368330383244,113.55438654012606
mp-560358,Zr2P2O9,85.09,47.769,201.56658504926563,109.2351739021976
mp-561419,V2FeS4,87.476,71.581,138.91940029837306,85.33937767581077
mp-5618,Mg2As2O7,103.919,48.223,169.43124700993192,96.30746147621402
mp-5652,Y2Si2O7,140.631,59.865,182.4491246516124,98.21915145023706
mp-567462,Sc3RhC4,177.972,116.259,203.16025372266913,120.79579808217484
mp-568349,Cr(FeSe2)2,64.817,31.014,77.0570897033616,47.01037824807569
mp-568866,Na6ZnSn2,16.146,9.403,22.121366839234383,10.05270552899859
mp-568974,Ca(CuSn)2,63.562,28.942,74.63191593508837,28.72065014740587
mp-569662,V2NiSe4,19.078,10.885,90.25982787042076,32.11953329458057
mp-570074,Sc3IrC4,189.75,122.916,213.03736810745417,124.4595799252852
mp-571216,Sr3(AlGe2)2,45.827,31.388,50.64125490551606,23.774254084522596
mp-5749,Cr2FeSe4,52.11,33.226,73.01944775510754,38.8257863259596
mp-5813,TaNO,219.542,74.925,265.07731645121777,125.85578526521284
mp-643367,YCBr,9.772,6.494,76.62909093970302,35.56861207267063
mp-675477,Sn4Bi2Se7,31.593,18.669,55.96359884901099,25.33909418962623
mp-7064,Er2Si2O7,147.56,64.453,188.40286629287337,103.15081774266746
mp-7219,Na2ZrSe3,34.893,21.712,57.42304929576836,26.21126687762616
mp-7237,CuAgO2,43.939,4.118,99.93469228289491,35.035943323116754
mp-7443,Nb2CrSe4,75.556,46.361,116.25839433587458,58.52755602117856
mp-752881,Li2CuS2,45.823,16.474,58.92201460733233,26.23489937221885
mp-753693,Ho2Ge2O7,129.156,49.518,163.87014157958768,82.82383323288254
mp-753722,LiCuS2,41.616,16.147,58.7529413540756,22.747451914389345
mp-753802,Sc2Ti2O7,137.672,48.995,176.78218949443433,83.42097392198475
mp-754262,Zn2As2O7,103.132,18.432,169.9702437955683,83.43731237242201
mp-754326,NaAgO2,58.425,26.511,82.20035298209238,43.0215963300553
mp-754483,Na3(CuO2)2,33.577,21.098,82.13145086945985,39.45375470028565
mp-754495,NbNO,142.058,49.906,241.57359990391055,104.55258770167332
mp-754752,NbNO,186.14,61.596,241.2077496021787,107.16157192243024
mp-755013,Li5TaO5,101.668,68.963,157.49612049623065,93.1699921013364
mp-755378,NaPdO2,86.526,45.178,111.5082934989091,49.25574806576578
mp-756063,RbNbO3,62.925,17.347,134.9633737855619,68.42931107641829
mp-756597,Li2HfO3,95.328,52.736,176.58604282383325,108.79108342194031
mp-7601,NbGaO4,162.98,59.533,219.35794731516137,102.40474771919652
mp-760400,Na5BiO5,58.661,38.102,85.7944710766283,52.45008288066634
mp-760483,Li2PdO3,103.12,56.718,162.12024521925676,92.51731121955304
mp-760492,Na4PtO4,54.146,30.888,98.423018116138,52.170256870854054
mp-760539,Li2Ti3O6,106.055,61.957,187.7558716078642,83.06642032045082
mp-768240,BaY2F8,78.825,31.896,111.33531324576909,52.246594404479424
mp-770649,Li5NbO5,99.64,64.543,149.43835126382697,86.8609360433147
mp-7823,V2NiSe4,92.708,44.695,103.50223057368216,47.146380131344465
mp-8090,Cu2P2O7,80.27,40.766,182.5525079523808,99.39255021435278
mp-8253,Na5ReO6,56.295,37.483,129.82756745818654,74.40799135057695
mp-8435,Ta2PdS6,19.314,11.412,110.07067375231532,57.36223890493094
mp-8436,Ta2PdSe6,17.445,9.351,111.252977637122,54.819786134469005
mp-8499,Ho2Cr2C3,160.653,70.234,197.0164966877886,105.34753878305196
mp-864790,Nd2BC,47.035,25.186,88.97003036245464,51.80863593216096
mp-866522,Ca2SnS4,46.185,17.604,61.932618122768666,27.398731613847534
mp-8800,TlCu3Se2,36.601,13.476,76.15796052594139,21.55243115654402
mp-9158,LiCuO2,81.11,41.021,123.05074284932016,61.00082928838542
mp-9177,Y2Al3Si2,86.1,65.462,93.9401488076494,53.02597463999542
mp-973756,Lu2Mo2C3,167.213,89.256,215.70801315520197,116.27490510756732
mp-9771,UTi2O6,138.601,58.663,216.69397325862897,88.74734190961948
mp-9810,TlFeSe2,9.505,3.583,34.28553028709342,17.68834510239233
mp-989513,SrWN3,99.971,46.355,166.5871103367408,78.37166722368704
mp-989530,SrTcN3,100.89,42.097,164.70324856766806,71.31708815750545
mp-989635,CaMoN3,106.478,46.526,171.8935631669039,73.94378816741245
mp-9902,Sc2CoSi2,120.146,78.022,134.3972599363968,80.49398578106933
mp-9942,Ti2FeS4,57.144,56.924,107.63684406437966,68.49055234857383
mp-996973,CuHgO2,46.181,14.739,80.81548917634605,25.25033715298853
mp-996992,LiAgO2,70.805,27.457,107.98984684441116,48.22218321893632
mp-997009,BaAuO2,71.713,25.176,98.19915577606046,44.447086469478855
mp-997086,SrAgO2,79.857,33.996,104.4550059742302,48.406435820257094
mp-997094,SrAuO2,80.847,32.871,112.67780474817894,49.18993313928288
mp-10003,Nb4CoSi,194.139,100.741,215.09680756895096,85.453891173946
mp-21447,Nb4CoP,183.709,99.048,218.9803404758787,85.49978783511267
mp-22312,Nb4FeSi,193.734,64.075,206.67556255910264,83.22161484281
mp-22396,Nb4SiNi,187.702,102.86,211.8176832167156,88.62838585331035
mp-22444,Ta4FeP,214.356,104.168,236.659804109686,96.4910123382168
mp-581733,Zr4CuP,120.685,48.711,135.79647132637646,67.90436659887814
mp-1007637,KNaH2,17.067,13.115,15.550235001865673,11.87422387324868
mp-1008881,MgNiH,94.365,50.585,111.4846662615852,50.86143626138741
mp-10092,KCu4Se3,41.111,14.519,69.43744659374016,19.225671982599884
mp-10102,KAgC2,29.114,14.306,38.7189608176334,19.99699199985714
mp-1016296,SrMg6Mo,39.303,25.678,48.70558877328256,24.692654209480516
mp-1016329,SrMg6Nb,38.931,20.756,47.77834951374469,24.343857272853658
mp-1017509,MgNiH2,90.601,54.062,109.37969826425672,45.92158833181279
mp-1018030,Sr2SO,58.297,39.69,65.26596942037513,39.34183171761273
mp-1018032,SrCdO2,97.832,53.705,110.88097296588116,50.40781718441388
mp-1018097,BaCaO2,80.465,47.51,87.89023092755227,49.785524784765
mp-1018133,LiHPd,82.256,38.705,95.19094539446004,33.896186111595945
mp-1018684,Er2Mg3Ru,49.451,31.234,67.85354212873087,28.166331608793328
mp-1018712,HfGa4Co,94.047,54.445,103.37203789375678,47.67414183343645
mp-1021423,KMg6Ti,48.731,21.953,34.921142230506355,14.871778796247495
mp-1021478,SrMg6Ti,35.604,16.23,39.0769104332396,14.808850394642878
mp-1021848,KMg6V,27.035,15.503,33.70200493531274,13.288744234356644
mp-1022488,NaMg6Zr,35.637,18.822,45.06649932547666,20.3510494847066
mp-1022804,SrYMg6,31.352,16.441,40.66537700076112,19.25029666449361
mp-1023161,CaMg6Mo,41.748,26.463,53.763441134071066,26.35721373657662
mp-1023193,CaMg6Nb,42.167,24.369,51.63501638318817,23.20493209989344
mp-1023208,CaMg6W,43.917,26.629,57.59398029835879,24.944478055908455
mp-1023329,CaMg6Zr,38.262,20.459,46.908516535409454,21.72007232597199
mp-1023366,CaYMg6,33.841,18.212,41.87891613275811,19.362950615738413
mp-1025155,LuGa5Co,87.39,50.001,100.6486291584254,50.35919126319765
mp-1025161,InPPd5,154.477,53.791,174.56684305278017,52.60935322401552
mp-1025176,HfGa5Ni,90.233,32.425,113.58036168934912,34.45197422364316
mp-1025187,CdPPt5,197.567,60.385,223.2226796707323,60.47309879073821
mp-1025191,ScGa5Ni,84.543,43.307,97.58356041351422,39.62870691167875
mp-1025193,HfGa5Co,103.655,52.044,122.54676046308266,43.576331413352314
mp-1025201,Rb2PdCl4,10.332,6.304,22.713292876986817,12.25029302117076
mp-1025212,InAsPt5,189.205,59.621,209.3352321973309,52.122483538430735
mp-1025213,InPPt5,203.239,57.276,226.5835179140101,57.41963294450142
mp-1025218,SiPt5Pb,179.035,56.588,204.86451938869752,50.19652021284498
mp-1025220,SiAgPt5,197.096,57.269,218.8973061942337,66.19101230386205
mp-1025222,ZnPd5Se,136.71,46.262,152.86687112537592,44.13600679566676
mp-1025225,ErGa5Co,86.188,52.911,99.49517748426946,51.9840392351607
mp-1025229,TiGa5Co,108.798,50.857,123.500863983176,43.97198670874218
mp-1025241,ScGa5Fe,90.193,54.39,108.96772459792484,51.705915693402034
mp-1025242,ScGa5Co,93.026,50.935,105.80378447226998,48.164024662759026
mp-1025248,TlPd5Se,126.95,33.622,144.8342461782043,38.727872548511876
mp-1025257,TmGa5Co,97.33,52.0,99.41175250749016,51.678715311319024
mp-1025258,ZnPPd5,157.545,54.705,176.43456724334558,56.90162973671156
mp-1025261,MgPPd5,144.919,57.259,166.87580773772112,56.81014438554829
mp-1025270,GaPPt5,214.19,67.858,236.62697880318495,60.75086179117379
mp-1025271,AlPPt5,218.902,74.715,241.1866078994263,69.2381109242313
mp-1025272,ZnPPt5,209.307,73.003,234.84480223968777,67.02808476674417
mp-1025288,TbGa5Co,92.096,54.393,98.81274347025852,52.379603678222296
mp-1025293,InAsPd5,144.791,53.252,160.90833545963818,48.02730462747748
mp-1025296,SnPPd5,154.449,42.415,174.78681583864292,49.47120334766432
mp-1025301,GaPPd5,163.164,59.659,181.75479891290647,54.78538846716166
mp-1025302,HgPPd5,148.263,45.948,169.78315780327665,50.68316581560632
mp-1025306,AlAsPt5,197.309,65.207,222.8911064910181,61.8180929526235
mp-1025311,CdAsPt5,183.707,58.167,204.14475903471944,55.66519951526398
mp-1025313,TiGa5Ni,101.134,34.363,112.9368018001856,35.12054608654979
mp-1025324,SiSnPt5,201.214,71.228,225.6980057628058,59.18805415114213
mp-1025325,NpGa5Co,100.231,72.274,99.46612960563624,62.00827761978789
mp-1025329,TlSiPt5,186.651,54.754,213.4010304362268,54.92369616284995
mp-1025346,GaAsPd5,152.092,58.097,167.6916282649518,48.36241858794613
mp-1025348,TlPPd5,145.845,47.971,167.69128472047998,48.29129986619301
mp-1025353,TlAsPt5,180.729,48.286,199.84285524994095,43.31365704723845
mp-1025356,ZnAsPt5,194.2,67.167,214.6138656155951,60.54625350367488
mp-1025370,InSiPt5,198.864,66.434,224.2757391152379,65.22918250960086
mp-1025375,YGa5Co,85.957,53.183,97.27253148711324,52.51353315011499
mp-1025385,AgPPt5,200.192,52.542,225.9012447342055,60.66020888383294
mp-1025386,HgPPt5,196.589,52.206,222.38218222460137,51.801868455037855
mp-10421,RbAuC2,30.97,15.538,39.20989309140892,18.76425806184173
mp-10422,NaAuC2,47.935,23.061,60.2855822976492,31.056824169240443
mp-10423,KAuC2,34.812,17.635,45.309143280354185,22.04407014125046
mp-11300,TiCdHg2,72.925,27.827,78.27307315062735,17.421326614607803
mp-11873,TlAsPd5,136.553,48.595,155.49892616539398,45.322027839793954
mp-1224257,HfTiN2,269.121,169.356,301.00249686382494,158.54572556923418
mp-12359,AgSbTe2,52.694,18.779,55.15535814074576,24.81284242996499
mp-12550,AlCuPt2,194.163,83.607,213.32711338449968,59.878544997086976
mp-13463,FeNiPt2,211.801,92.083,235.64315672053033,79.16374635951777
mp-15780,MgPPt5,197.337,75.061,222.67312447267747,72.55316333237734
mp-19796,Ba2Nb5O9,177.267,103.306,223.3299223038795,114.2034703424888
mp-19988,SmGa5Co,90.833,53.705,95.45608477285867,51.64589906249601
mp-19990,BaTiO3,92.233,0.487,93.29197692455188,12.814124780421436
mp-20627,YbGa5Co,66.775,50.449,84.61879458069649,50.21375685553552
mp-21479,LaIn5Rh,64.429,36.531,75.37267601839862,33.70949899850567
mp-21493,U2Ga8Ru,92.095,56.915,103.91769413554768,54.02272863654761
mp-22934,K2PtCl4,12.029,6.6690000000000005,27.52444528632184,14.59448280994973
mp-22956,K2PdCl4,11.845,6.796,25.759544642565892,13.39970947688096
mp-27138,K2PdBr4,10.178,5.644,21.65042298291304,11.645381338600489
mp-27243,K2PtBr4,10.721,5.618,23.106643038702668,12.618995401863636
mp-27677,KCu4S3,47.956,18.881,79.55725869421163,26.229259740330317
mp-2789384,KMg6Nb,30.941,18.969,42.9355865983616,18.337126939666188
mp-2828744,KHfMg6,29.655,17.306,39.87579672456233,17.654788638668123
mp-2828768,SrMg6Zr,34.536,18.906,42.8798948116515,19.292941529341935
mp-2828799,RbMg6Zr,25.338,16.268,35.33599167945906,14.293273729583705
mp-2861134,KMg6Zr,29.002,17.592,38.83781759975913,16.849254975637688
mp-2894145,LiMg6Mo,46.099,27.637,53.79061432873853,25.352563424426936
mp-29889,Tl2PdCl4,13.465,6.248,25.058679409144844,13.870220068280078
mp-30315,Ca3BN3,80.701,22.835,103.64456160934049,61.267843984819955
mp-30341,TiAgHg2,78.331,28.717,88.21085430203597,20.17325817283203
mp-30493,ZnCdPt2,154.491,57.642,178.12934652289948,50.747916562920736
mp-30593,ZnCu2Ni,143.323,62.437,166.21871167296635,54.05432201616434
mp-36194,Ba2TiO4,20.518,12.943,95.6368887349978,52.11645536549552
mp-3702,FeCuPt2,197.434,71.301,219.50997884986637,64.55485247789511
mp-37514,SrCuO2,108.889,63.36,124.4637668296687,65.68182504923595
mp-4732,UGa5Co,105.256,75.021,113.20265894374046,63.5750874146182
mp-4826,CaCuO2,120.874,63.044,133.5719394020724,65.94157423210274
mp-4856,HoGa5Co,86.145,53.558,100.42628109213769,51.969473706697734
mp-505198,CsCu4Se3,37.252,15.102,62.63306347060936,16.085760779748153
mp-505215,Ba(Cu3As)2,66.243,24.781,98.95363869006265,27.648647555751296
mp-505517,BaNb4O6,183.851,108.317,236.6188355293376,114.92839802305566
mp-5347,KAlF4,58.079,14.059,93.0193814885097,51.623859418044496
mp-5479,RbAlF4,55.619,28.295,89.62042137907648,50.73756519951841
mp-5606,AlTlF4,56.864,24.286,91.42846916969822,48.843566443269474
mp-5841,RbCuC2,16.425,14.044,37.99977414469923,19.00295239420892
mp-629397,FeNiN,214.146,92.873,229.82389633913132,82.60929751095064
mp-639659,InCuPt2,168.56,60.566,182.19403767700035,52.76446164117615
mp-644280,GaCuPt2,188.8,69.795,203.7525548717051,54.19834971965078
mp-675460,LiTiCl3,35.091,16.043,41.33121518114223,20.35054171616011
mp-752398,BaCuO2,98.185,54.904,107.96102315061906,56.93384876753469
mp-753506,LiBiS2,60.947,36.004,69.20839213822059,33.11606305011675
mp-753581,LaUO4,178.775,32.967,195.30140155770263,71.53775650842724
mp-753619,BaSrO2,75.036,44.502,82.62584727501002,46.47687322140427
mp-753657,TiOF,188.024,94.772,207.47958080336963,90.1183152943193
mp-755552,LiYS2,69.089,43.12,79.16704265833874,40.2895563031345
mp-756784,LiSbS2,62.775,35.827,65.10251059789056,33.74565570960076
mp-767409,Li5SbS,34.76,29.197,36.36854257191437,26.14810153789012
mp-7723,NaAlF4,61.231,90.834,97.63379679577784,50.64959786076584
mp-7785,CsCu4S3,44.731,20.578,74.88136380875453,24.92918343850968
mp-8159,TlCu4S3,50.486,15.68,89.38046931521272,26.1537350000881
mp-8236,Ba(PPd)2,61.494,32.265,96.25500635883192,34.84001522423816
mp-8237,Ba(AsPd)2,58.202,29.71,83.44988249640066,29.19440952795631
mp-862664,Rb2Zr2O5,86.047,39.669,128.7916390709958,68.12803912373438
mp-862682,Ba2Ga2O5,111.605,54.122,130.37464087989574,71.81573015794218
mp-863021,Ba2Sc2O5,105.611,50.033,126.39125110138372,72.71027517625616
mp-863749,Rb2Hf2O5,90.266,44.219,138.8541672026615,76.07234181326552
mp-865146,MgAsPt5,182.409,70.948,203.17841488879753,65.95548948635964
mp-865500,Na2Hf2O5,102.218,37.565,161.4938180275606,70.70774788803223
mp-866311,Bi3BrO4,59.352,28.1,109.57237800506653,49.33573016369159
mp-867920,K2Rh2O5,84.38,47.77,125.750296890013,56.867565482179515
mp-9486,K2AlF5,27.421,13.57,64.28079200439858,36.756379857989245
mp-973920,Lu2Ta2O5,177.355,80.165,203.85280520858024,100.07025958555634
mp-975106,Rb2Bi2O5,57.614,35.292,87.19972002813033,44.520436424172914
mp-978596,Sm2Au2O5,134.376,53.305,164.66928276246222,33.83770793460189
mp-984876,Ba2Pd2O5,103.917,37.382,125.20326162092348,49.7191813343431
mp-985828,AgBiS2,67.157,19.836,75.66172240719054,24.073507590136803
mp-996990,BaAgO2,82.961,44.442,93.50727434902136,45.761476304572135
mp-997030,CaAgO2,112.571,49.532,124.70309004104467,47.78965424781572
mp-999274,RbNaH2,14.995,10.939,15.988387254198,11.166860838708097
mp-17856,Al7CoCu2,112.097,65.271,129.3932069696735,57.66694726089747
mp-11011,RbNdTe4,24.856,14.014,38.70321409716605,14.4310065861017
mp-11132,KPrTe4,24.932,14.025,39.66548204625175,16.549282361894633
mp-10063,CdSnSb2,36.646,18.173,38.58679227344997,17.11677680057792
mp-1009083,MgSnP2,55.805,27.179,59.674404584804215,24.05458439616343
mp-1009087,BeSiAs2,76.364,57.845,78.37607346369151,48.42449909999264
mp-1009088,BeGeAs2,68.992,52.074,67.65395474634255,44.45966616371459
mp-1013527,BeGeP2,83.09,64.905,89.8048405987104,57.954999268460725
mp-1016197,MgSiAs2,57.986,28.695,59.86876678513085,28.125043105406377
mp-1016200,MgGeAs2,52.437,25.811,51.781471529143,23.25198229294863
mp-1029312,RbVN2,39.935,39.756,108.46358173528915,45.15121444522142
mp-1029395,LiCrN2,87.366,47.814,159.0544932226125,64.71922211719213
mp-1029407,NaCrN2,87.392,88.233,134.95672659202583,56.077051384402765
mp-12954,CuBS2,117.314,63.314,124.6955964429765,64.97293328892725
mp-14089,TlCuS2,56.964,22.129,60.99589903902446,23.73195119870826
mp-14090,TlCuSe2,48.836,18.075,54.682177245737755,21.33794866767353
mp-14091,AlAgSe2,52.422,18.993,56.42004517536968,22.787707776339715
mp-14092,AlAgTe2,42.2,16.77,45.52801351486411,19.65393574984954
mp-15701,MgSiN2,174.541,99.161,196.72968331960445,103.97857239739814
mp-15702,MgCN2,236.074,138.965,264.0778326344366,175.85680874417594
mp-15703,BeCN2,314.973,292.034,336.00907554637473,267.1795357420237
mp-19833,InAgS2,51.173,16.323,58.40731344165992,21.861769610906496
mp-20554,InAgSe2,42.952,14.658,46.31106038899299,18.90867377218441
mp-20782,LiInTe2,23.297,11.157,31.188719815124745,14.195462326431954
mp-22386,InAgTe2,36.204,13.697,37.80066610446117,16.902821982873643
mp-22736,InCuS2,66.112,26.014,68.4689922979481,29.523738289562857
mp-22811,InCuSe2,49.798,21.531,58.03519619862412,26.612383712342883
mp-2961,MgSiP2,72.206,34.75,76.12998747551545,34.2723273323994
mp-29826,ZnCN2,70.643,24.477,113.14944735626342,71.76831054043696
mp-3078,CdSiAs2,58.932,31.08,59.108671284203055,26.64667811692674
mp-34293,CsTaN2,48.648,36.943,113.25835941919397,45.04616277614679
mp-34903,MgGeP2,63.914,32.097,66.2823649874882,29.76029159260179
mp-3497,FeCuS2,50.47,19.147,57.52734453409821,30.411706010866563
mp-3524,LiPN2,135.35,100.508,207.5298542245653,124.40866152081531
mp-3595,ZnSiAs2,66.291,42.28,67.07443422510384,34.48558505904935
mp-3668,CdGeP2,65.34,35.648,65.73598414360076,28.070593757971935
mp-37741,Ba(LaSe2)2,49.59,26.418,65.45548885860593,30.213055774277827
mp-3829,CdSnAs2,47.195,23.183,48.43444481116104,19.915013047176032
mp-3839,GaCuTe2,46.028,24.967,52.2553828509555,22.72580574846599
mp-4008,ZnGeAs2,59.569,37.29,58.62391466181283,28.485395903111076
mp-4175,ZnSnP2,64.548,39.275,69.07137647417258,32.94607352029714
mp-4524,ZnGeP2,73.515,49.211,74.69002273348586,37.73702740748962
mp-4586,LiAlTe2,27.57,13.523,37.22139785920842,17.52853548419639
mp-4666,CdSiP2,74.415,39.677,76.70562113459245,34.363123343635785
mp-4756,ZnSnSb2,40.984,22.498,44.68584968081085,18.934838571591527
mp-4763,ZnSiP2,84.953,54.178,87.10257567956916,43.78217264518237
mp-4840,GaCuSe2,55.594,28.705,63.8851404071653,28.56702479607531
mp-4899,GaAgTe2,40.225,16.928,42.25413440452074,18.376353447925517
mp-4953,CdGeAs2,52.238,27.331,52.32605698771339,21.65393292803345
mp-4979,AlCuS2,82.165,35.549,83.87725639875869,35.60078498086475
mp-5048,LiGaTe2,26.207,13.673,34.63026873768856,15.771390282852495
mp-5058,FeAgS2,49.061,13.985,42.0905639002228,21.765613120674256
mp-5190,ZnSnAs2,53.372,29.953,56.47377611640183,25.5178508658518
mp-5213,CdSnP2,57.007,29.276,60.33038673341059,24.977216277258464
mp-5238,GaCuS2,71.436,36.055,80.04912997932244,33.98731344440637
mp-5342,GaAgS2,59.096,22.5,63.200352707349694,25.433147230901778
mp-550433,BeZnO2,163.901,82.37,176.58404595797663,88.37911111424603
mp-5518,GaAgSe2,49.331,18.696,53.029038893656306,21.511094061173154
mp-5782,AlAgS2,62.691,21.746,68.22381162369567,26.72991435740061
mp-758604,LiAgF2,36.273,1.6960000000000002,41.902131601653736,13.9482870222543
mp-7801,CaGeN2,110.837,48.326,128.89907712976856,77.78790023143202
mp-8016,AlCuSe2,63.574,28.475,64.95972063397252,29.767584518718095
mp-8017,AlCuTe2,49.905,24.581,57.12166708044085,25.401017974080215
mp-971837,ZnCdTe2,38.904,17.206,39.49073594415579,17.779521702775412
mp-983565,CuBSe2,86.186,49.34,93.64094265654464,45.51215605040188
mp-10136,Ti2ReB2,251.582,188.97,275.2688391260094,188.089563263014
mp-1020622,SrZrO3,142.374,89.039,174.05606196420766,93.57971742456049
mp-10676,Sc2AlSi2,101.354,73.164,108.69822444178732,64.54187231544557
mp-10853,Pr(BC)2,167.295,117.642,182.62879860632873,126.39261025694049
mp-10854,Tb(BC)2,177.757,122.101,195.7746302711154,145.93260208842614
mp-10856,Er(BC)2,182.725,122.567,200.73295436362056,152.13020072553445
mp-10857,Tm(BC)2,183.742,122.764,204.16808135271785,152.96084551465495
mp-11964,Ce2CdPt2,80.182,32.529,94.3898571173895,33.21395589183029
mp-13570,Mg(ScGa)2,69.339,43.42,73.17369963039069,34.91269172129072
mp-16496,Al(CuRe)2,210.864,90.488,259.7999952070003,96.51614061843526
mp-19789,Mn(BW)2,297.065,188.623,331.1690429896501,176.0402587598644
mp-19906,Zr2InNi2,128.163,59.224,146.34442429005244,56.91392144277807
mp-20146,Zr2Ni2Sn,134.49,59.967,153.72942492054486,55.81564406852987
mp-20908,Ce(BC)2,163.414,126.426,197.5612067895516,139.0643425320099
mp-20959,Ce2InGe2,62.668,39.629,61.94257468643904,32.854770354978236
mp-21382,Dy2AlGe2,75.399,46.845,83.98280137607341,49.65250177714062
mp-21443,Ce2Pd2Pb,77.439,29.444,80.31613048135078,28.84626730494892
mp-21508,Y2Pd2Pb,81.155,29.744,88.18352459609952,33.011624245073406
mp-22150,Zr2InCo2,152.951,53.822,146.72554024967798,57.24653495103261
mp-22511,Ce2MgGe2,64.09,47.276,60.924692986126615,35.98439423753065
mp-22810,Ce2MgCu2,53.011,23.306,58.48381939581714,21.36510831469919
mp-2910,KAlF4,47.118,19.31,92.9471781710008,52.39758183096049
mp-29138,KAuSe2,20.785,8.939,41.97760107173448,20.80139598620455
mp-29456,Rb2IN3,14.872,8.101,30.8213176981943,15.197784483600255
mp-2958,Dy(BC)2,180.481,122.595,198.19405162644225,148.66669849784978
mp-3363,Sc2Ni2Sn,105.02,41.918,117.532235999626,43.074917598576704
mp-3382,CaSiO3,215.108,144.683,240.1781719795487,154.33893275710713
mp-4419,NaNbO3,130.639,99.908,205.29362054753457,99.8489325179427
mp-4675,NaTaO3,139.77,110.721,223.77282972676693,110.34349007354074
mp-4901,Y2MgCu2,62.66,10.28,66.73232453014911,26.864534783390912
mp-505296,Ce2MgSi2,68.732,51.581,64.67482365436075,40.95702294533115
mp-5259,RbAlF4,45.534,28.532,88.67080824151135,50.36485676549154
mp-542170,Lu5(Si5Ir2)2,141.033,66.176,161.65655372002223,77.60390642588041
mp-550908,SrHfO3,154.13,99.642,185.31765599964424,101.88887324866872
mp-569331,Li(Sn3Pd)2,61.911,17.812,77.14609196916437,26.679218796406396
mp-613327,Fe(BW)2,325.443,177.956,345.5651841835903,174.0947869661899
mp-616378,CsSnI3,15.227,6.978,16.057698587214933,5.621177398131622
mp-646507,Hf2Ni2Sn,154.562,67.477,163.05762131485602,61.875714850679685
mp-6916,Sm(BC)2,173.961,119.281,189.3782874992982,136.13119833222552
mp-7350,Li(YSi)2,67.911,42.707,73.45441750446076,47.172013419764504
mp-754185,Y2MgNi2,63.25,28.377,79.17069983636038,30.65283635860588
mp-862697,Er2MgGe2,75.034,56.657,81.22883434427112,45.64348748368932
mp-863723,Ho2MgGe2,75.677,14.344,80.25072372823824,45.03214145742089
mp-865403,Tm2MgGe2,76.381,56.917,81.496284536042,46.68061535507813
mp-865747,Y2MgGe2,72.846,54.985,79.07810606766519,44.71080408514326
mp-867932,Sm2MgGe2,68.5,50.773,73.67691662542747,41.84449233023153
mp-8846,Ba3Nb5O15,160.248,90.19,194.83568783693676,100.62019305758386
mp-975044,Li(SiRh)2,162.926,68.685,184.37755636561403,69.33435712817163
mp-977559,Dy2MgGe2,73.819,55.444,79.41291064020074,44.95537994598645
mp-1041411,CaBi4O9,85.547,38.622,134.9703483559923,64.45037018451025
mp-12931,SmTaO4,148.256,67.474,215.11232236388236,104.02364255682136
mp-3203,NdTaO4,146.512,65.377,209.67970859601215,99.9038703488366
mp-3444,ErTaO4,138.466,67.66,228.1036135769602,111.92240878429897
mp-4574,YbTaO4,57.297,36.824,188.2147161179331,73.59539311931339
mp-4875,GdTaO4,142.698,65.535,211.89630269920843,102.08772162514276
mp-5377,YTaO4,137.531,66.772,221.37803574967504,107.66818920031582
mp-540924,NbTeI3,5.474,0.547,43.12507375534865,23.56933296195129
mp-5489,LuTaO4,138.592,58.177,227.1738698158371,110.20489371891178
mp-553961,ScNbO4,166.644,60.602,223.64964035550625,104.21310924520584
mp-558781,ScTaO4,178.016,73.282,236.7980708509076,114.89578474880152
mp-573051,ReO3F,6.734,6.173,161.0548032336015,79.49492547061976
mp-752426,Li3SbS4,38.534,25.974,64.1752309956924,32.662651949080505
mp-778364,Na6Ti2O7,46.367,25.335,98.59452757976366,52.07559581088271
mp-9595,NbInO4,161.141,59.303,214.56331570475575,95.48608862077089
mp-10086,YSF,104.335,54.195,116.59034378847076,57.82786197091098
mp-10105,UTeAs,68.521,30.159,82.6529717052034,40.18040214455278
mp-1018652,KCdSb,21.748,8.899000000000001,33.268906597385005,14.163192026431627
mp-1018720,HfVSi,160.956,60.257,181.9779729855461,90.92772920285536
mp-1018725,HoFeSi,101.221,58.103,133.0806613882424,73.44059681410135
mp-1018726,HfVGe,156.878,76.649,167.44873545095007,89.43699780778444
mp-1018752,LaTeCl,55.059,26.822,57.939050524632414,24.432133525781612
mp-1018786,LiMnSb,30.709,14.417,32.94311334589584,18.60158340874109
mp-1018803,MnCoSb,86.94,36.492,120.52841985910734,56.049882461474006
mp-1018814,NdSbTe,58.382,24.695,64.75094106450997,35.128823759420584
mp-1018818,NdTeCl,58.83,28.775,62.6753107354851,24.028977595052098
mp-1018828,NpSeO,104.067,116.903,133.8555062777135,54.15549445247006
mp-1018895,PrFeSi,77.229,44.381,122.3613729622038,66.39687269490021
mp-1018936,PrSbTe,57.378,21.419,63.263047250121176,34.692064370545225
mp-1018941,PrTeCl,57.809,28.206,61.06907141551058,24.278382173088644
mp-1018949,RbMnBi,15.6,9.919,24.61011797420603,12.641046675664423
mp-1019089,KMgAs,27.165,18.243,36.07991387510558,21.894120825338504
mp-1019100,SmFeSi,84.808,49.211,128.70920486202553,71.08316914150846
mp-1019105,KMgBi,19.85,12.079,31.73968378171988,15.439498740399584
mp-1019108,SmCoSi,104.084,55.758,124.95594307024632,69.62436965301399
mp-1019109,SmGeRu,89.845,45.174,134.8626654406226,63.04238021959497
mp-1019138,SmSbTe,59.933,29.721,66.8093151803239,38.04385155953874
mp-1019357,ThAsSe,86.821,41.691,101.32964560848632,45.47186746221518
mp-1019358,ThAsS,97.846,52.831,113.87497362664308,53.53032355266511
mp-1019359,ThSbSe,78.808,39.448,92.28990580912716,42.565521785405814
mp-1019360,ThPSe,89.668,41.079,102.9246695085829,44.69229234153479
mp-1019361,ThSbTe,69.097,31.492,78.97849039930296,36.782610401601985
mp-1019362,ThBiTe,65.77,28.967,72.94619784103233,29.53583001496187
mp-10219,YOF,123.796,47.409,149.24744763338984,76.79531758343708
mp-1029396,SrHfN2,114.728,44.495,147.23696885963935,79.95867246089068
mp-1029446,CaGeN2,125.73,224.054,153.98825184930038,92.3783291745176
mp-10322,BaHfN2,104.52,44.085,136.0857100596373,71.68355296572442
mp-10930,TbSF,105.651,55.746,117.9829485989727,58.5953192852012
mp-10931,HoSF,110.246,56.989,119.45429185183988,60.438710352491015
mp-10932,ErSF,108.999,58.212,120.76202654702384,62.01430185139392
mp-10965,DyAgSb2,67.671,36.442,82.08295121007367,35.960399290862995
mp-10991,YCuAs2,96.439,47.451,101.80685926173976,50.38894248644705
mp-12620,NdSeF,86.826,43.449,100.36299868574568,44.540973205757865
mp-13097,NaZnAs,36.358,21.583,50.66073184442491,19.873619521440055
mp-13920,Ba(ZnSn)2,43.515,20.036,48.01606641031474,19.71860975324393
mp-13962,HfSiSe,70.196,53.913,142.01557442628163,90.41061943109736
mp-13963,HfSiTe,33.487,28.667,105.82362457222162,71.20139508485403
mp-13964,HfGeTe,93.679,60.152,112.65360286867217,66.09546667178697
mp-16236,KAgSe,27.612,13.172,37.312242019988986,15.425525256647388
mp-19808,Eu(ZnGe)2,56.803,35.695,67.8199493714285,28.830753169896457
mp-19832,BaCoS2,55.064,31.713,71.73981120381417,37.066898735722766
mp-19917,ZrSiTe,32.766,30.223,97.7576065904969,66.17192291036392
mp-19943,YCuSb2,74.523,35.383,86.2271599092264,40.55923788160261
mp-19953,ZrCuSi2,128.949,89.065,150.7360074405937,82.27371689070466
mp-20049,LiFeP,71.576,51.439,126.2267378627412,78.93754771188901
mp-20106,Li2NdSb2,41.162,21.469,45.28216226302744,24.130947560853212
mp-20133,NbCrN,283.872,160.729,320.617400635061,132.26906282044624
mp-20195,LaMnGe,59.796,28.945,70.0403456021126,41.08447190625523
mp-20227,NaMnP,47.234,34.395,91.78309578896786,48.92501863912136
mp-20233,CaMnSn,40.38,24.968,46.73891093514431,27.69866377425296
mp-20235,CaMnGe,42.796,33.947,66.64040923811739,43.8921356445812
mp-20245,CeFeSi,82.529,33.359,125.70331024337096,73.1275362063292
mp-20333,PrMnSi,53.092,31.081,99.25546869406064,52.774488698597104
mp-20354,MgMnGe,77.255,49.889,91.4380605411707,55.28680853984002
mp-20384,CeAgAs2,77.05,45.902,90.1360232815453,38.27760495913767
mp-20400,Ce(GePt)2,122.45,15.575,148.08097754223897,49.72674617957531
mp-20401,HfCuSi2,139.708,88.21,161.6654268537033,86.09791847395786
mp-20422,KMnP,11.679,9.709,49.13031405191922,28.948630503819736
mp-20452,Ba(MgPb)2,30.681,20.078,42.72734214810311,21.444723079152052
mp-20531,NdCoGe,57.838,35.525,110.94995776353127,57.32017068684257
mp-20612,NaMnAs,23.526,22.44,58.83488220763892,37.06729989813154
mp-20690,NdFeSi,86.25,46.56,123.28181436602893,66.35061235321226
mp-20698,LiCoAs,48.848,30.049,109.68640158764812,55.42146147389627
mp-20757,MnAlGe,111.84,63.4,125.51459777702397,64.64893023323188
mp-20761,LaCoGe,61.994,33.99,104.40130564896408,50.839009798046256
mp-20791,MnVAs,98.235,10.115,117.20678391733313,49.640762883214144
mp-20815,SnPbF4,24.569,9.6,74.75849396039476,25.63075754419457
mp-20822,TbMnSi,81.024,46.765,114.60915213868016,61.96529083110545
mp-20913,UGeS,90.78,13.408,106.99925998069078,62.65987150805032
mp-20970,NaMnSb,26.873,16.61,33.95154781886508,21.17947280091648
mp-21096,CaMnSi,42.158,35.285,81.61028393657018,47.15943550683573
mp-21194,NdGeRu,82.192,42.405,131.2644342869131,61.468334793316224
mp-21249,YMnSi,89.902,56.086,118.03677168485042,65.22332715385842
mp-21271,PrMnGe,67.272,31.756,80.23180173438628,48.099773384572615
mp-21363,TbFeSi,97.721,54.466,133.03487221063273,73.97427272338305
mp-21399,CeMnGe,76.858,36.44,84.85495795023408,49.449879022038395
mp-21413,RbMnP,16.708,9.385,45.23597057819869,26.50507533700733
mp-21433,TbTiGe,81.218,52.977,98.2341688537398,48.13960186723407
mp-21471,LiFeAs,67.093,39.305,94.48351944025222,54.037516241848216
mp-21847,KMnAs,9.764,10.135,32.03991443478235,21.535868273783382
mp-21890,NdCoSi,69.818,39.38,120.59059836026498,66.21145697835316
mp-21907,NbSiAs,151.91,96.024,168.93401702319005,104.03296194169292
mp-22152,NaFeAs,48.294,33.541,59.87424142588525,36.520786477141534
mp-22159,UNiAs2,112.758,49.253,140.43777698116045,60.954484969539635
mp-22179,YTiSi,92.176,49.378,105.55463446701988,53.10032502093316
mp-22256,NdMnSi,56.943,32.522,101.61201392421272,54.04171348837209
mp-22446,Li2PrSb2,41.299,21.813,45.569030309495446,24.489881666670684
mp-22595,UAsSe,77.206,47.857,95.90475959876298,51.39339870851739
mp-22698,DyFeSi,101.371,56.128,131.68448410721956,73.50221161621843
mp-22939,BiClO,26.218,18.304,93.04263751694252,39.066178400683384
mp-22957,SrClF,48.203,23.272,57.26020028635923,27.332792801341647
mp-22964,PbClF,47.996,16.906,61.33360111578556,20.1779211755759
mp-22973,NaMnBi,23.646,13.384,33.38415350967704,17.081696714166466
mp-22987,BiIO,16.924,11.049,67.94850708581819,27.71979311545536
mp-23024,SrBrF,34.729,18.311,50.27645903038982,24.044662090645556
mp-23025,LaClO,67.468,33.92,98.39364902218858,41.69163275248461
mp-23046,SrIF,10.84,8.443,35.41539576312924,17.849300532599585
mp-23050,GdClO,70.235,31.328,109.84607606333984,44.54129218540052
mp-23058,NdClO,74.064,34.045,108.98392965794876,44.7371592841886
mp-23068,NdBrO,20.663,15.753,77.54738107477972,35.28981698809327
mp-23070,BaBrF,36.564,16.453,45.43814633239356,21.53462715423124
mp-23072,BiBrO,18.132,11.592,77.02717420308453,33.11642861178544
mp-23432,BaClF,40.624,18.465,49.08716845676782,22.956253582876705
mp-23856,LiHO,14.251,10.119,62.42888079094638,43.19984072125977
mp-23860,SrHCl,38.352,22.306,43.670823536699515,23.277868263972117
mp-24205,SrHI,7.823,6.04,23.911031025517264,14.005369445542083
mp-24422,CaHBr,14.185,8.906,30.42506193020187,20.806404355783528
mp-2468774,LiCuS,62.759,30.22,83.19747189552156,32.18791220997957
mp-27335,NaAlSi,40.723,19.975,56.14767085085504,28.67345016549835
mp-27546,CaClF,49.817,23.323,66.05841520946976,28.862686247192435
mp-27689,PH4Br,14.902,8.571,53.92132241871879,26.470387622387697
mp-27762,UBrN,21.314,16.394,104.7402786402089,50.24834337887972
mp-27823,SmClO,74.842,34.161,111.9155929511009,46.450428968470945
mp-27984,PrClO,72.722,33.187,106.72391659189776,44.19557252851668
mp-28066,ThBrN,24.781,20.167,95.91886243703298,47.52957607728897
mp-28067,ThIN,18.541,15.059,82.00683021768779,40.096681904473854
mp-29327,SmBrO,22.04,15.101,82.02653685992229,38.26126224859038
mp-29731,HoClO,67.211,30.398,116.93977845133564,48.76657182375822
mp-30208,YCuP2,113.331,69.552,121.54887804881297,62.34579860032824
mp-30273,AcClO,62.71,30.419,92.33727960957208,39.39601005957842
mp-3104,BaZrN2,100.324,40.749,128.947350123592,66.88025625666586
mp-31209,Ca(BeGe)2,71.325,48.951,76.14350030157895,47.49202335232671
mp-3208,ZrGeTe,52.592,43.277,104.24484364767322,63.139280876844424
mp-3217,USeO,114.334,27.307,138.99413331710147,53.3636774393451
mp-3274,NiGePd,165.803,51.908,185.64223099883245,60.71904485669419
mp-3402,UTeN,38.078,30.992,129.1534018945629,57.54997712535626
mp-3718,ThTeO,79.236,51.071,133.96141454485198,50.979539089709974
mp-3799,GdSF,100.481,50.55,110.26915965121252,53.1151509204109
mp-3896,Y(SiIr)2,179.899,63.404,207.29508160279892,85.40675066759925
mp-3931,SmSF,101.622,51.669,112.25362244314309,54.80196910719575
mp-3938,ZrSiS,126.096,87.404,148.73870615294365,92.77333131858364
mp-3992,PrSF,96.139,47.45,108.75008074172324,51.436765349785645
mp-4083,MgCuAs,65.78,31.327,95.97049800485154,31.34374927003854
mp-4206,UAs2Pd,117.844,51.105,135.9386726054528,56.64055571063861
mp-4233,KMnSb,22.579,12.876,27.057792474677864,16.66511224516523
mp-4247,NaZnSb,31.291,3.953,43.85137142483149,16.272220216947886
mp-4374,UAsS,78.118,42.242,107.64938517086914,64.68604106487945
mp-4495,KLiTe,19.903,11.932,19.77888738566137,12.718301191338988
mp-4628,ZrSiSe,34.808,26.884,137.8258231430023,86.42230960738658
mp-4743,ErTiGe,90.675,52.162,103.25423482084138,50.97267068868142
mp-4824,NaZnP,42.42,26.866,58.29153764710506,25.585360134885583
mp-4878,ZrGeSe,103.022,68.946,122.57670665071426,71.21263478310703
mp-4888,NbPO5,87.368,51.893,236.1539894709358,130.0276973783449
mp-4973,CeSF,84.351,46.483,99.95965886063463,47.61165776189925
mp-4997,ZrGeS,118.661,77.929,132.73949346177005,70.97149495405436
mp-5042,YTiGe,86.156,49.263,99.94786085579508,49.919722177355155
mp-504687,USnTe,60.998,22.01,68.0641537056123,31.16194327683763
mp-504691,LiMnP,88.94,38.837,110.38500947010496,57.4927469870238
mp-505005,CeSiOs,93.891,37.956,151.5338288894985,75.643318753482
mp-505019,USb2Ru,83.812,53.613,128.21957417690166,55.52682385638391
mp-505249,Th(NiP)2,167.095,70.895,184.54603500717417,70.6242969746158
mp-505331,CeMnSi,81.905,22.855,106.0924551098552,61.251256733618426
mp-505332,LaFeSi,72.64,39.227,112.19716143886744,60.26587614279784
mp-505515,Sr(CuSb)2,62.734,13.558,71.33372872222044,29.363865573827837
mp-505803,MnFeAs,114.365,40.972,140.57966038534713,73.74794759538254
mp-5239,NdSiRu,82.341,48.599,134.69694984731808,63.89672809985158
mp-5339,CsNaTe,14.558,7.749,15.609152419435008,7.059077392168898
mp-5394,LaSF,90.315,42.488,105.24274693640945,46.441151676182365
mp-542757,EuClO,56.557,25.934,86.81022573675622,36.14745530181824
mp-5541,ZrVSi,156.335,61.897,169.26927139106854,85.58205201483891
mp-556382,EuClF,48.258,23.338,58.37936953947024,26.503920699195692
mp-556939,NpIO,14.177,11.809,77.72895719809968,33.26768930301708
mp-557483,YbClF,54.055,30.885,78.24383709736769,36.40229575487818
mp-567558,CsAgCl2,17.28,4.449,23.40567472617657,8.060709015006598
mp-567712,PrCoGe,60.752,37.899,109.03912545758368,56.78029366892573
mp-5760,NdSF,98.364,49.193,108.72315756885683,51.578421108665665
mp-5908,CeAsS,80.376,42.321,83.9352910584482,51.62946888591965
mp-5962,NaMgAs,33.163,20.602,42.62020467800434,25.41602567350777
mp-615314,ScCoC2,202.285,105.884,238.39377939613215,128.55250115355565
mp-643062,H4IN,9.349,5.553,48.88964836190658,29.869242694331582
mp-6973,CsNaS,20.614,10.436,22.056391150790493,13.608311552069212
mp-7089,KMgSb,23.427,14.48,34.114965357514706,18.22489992606286
mp-7090,NaMgSb,26.982,16.18,37.2852966499003,19.855557660801068
mp-7263,CaGaN,79.362,53.688,93.32697313285594,56.27630221451506
mp-7400,NaAlGe,39.291,17.053,49.063400811790885,24.58711857559241
mp-7433,NaCuSe,47.267,20.221,57.90177774645884,20.59961584296416
mp-7434,NaCuTe,31.971,15.202,50.24862253334965,16.4093182474245
mp-7486,BaNiS2,56.285,27.769,71.58861365202041,34.73637611420181
mp-753594,BiOF,113.68,39.898,132.42478222483675,55.64534319030361
mp-753712,YIO,18.076,12.222,68.45757699996635,32.82572801493872
mp-753848,Li(CuO)3,89.756,41.778,157.13595642399025,55.38037347090109
mp-754349,GdOF,120.948,51.007,140.20286002723986,71.08797597022
mp-754515,BaMgGe,33.215,22.349,42.37517723297589,22.60468898259048
mp-754516,LiNiP,59.926,32.248,110.71647546471463,47.80336392555101
mp-755323,DyClO,69.64,32.308,115.76300596549594,48.31848268182068
mp-755480,KRbO,17.77,5.392,26.374133085836245,13.136172365806168
mp-756134,ZrSeO,144.42,74.86,171.1399692656791,67.61932352610206
mp-773137,KCaBi,16.088,8.723,23.79873593771105,11.969024637950982
mp-7915,ZrSiO,172.699,110.149,185.6351812290199,96.7117998123622
mp-7916,HfSiS,134.279,93.63,153.8402126030695,97.29473129571028
mp-7917,HfGeSe,111.031,73.615,126.1951582552343,73.08794247063032
mp-7918,HfGeS,126.583,82.007,136.64607844939732,75.53899929341338
mp-7935,USbTe,61.912,39.772,71.3957264104784,37.40228342841056
mp-8136,ThSO,135.883,63.691,158.26926057364216,67.08724040454828
mp-8137,NpSO,129.63,70.286,155.76131512069554,59.35579222882455
mp-8231,ZrSO,170.185,84.61,191.14799918724012,80.74293251132443
mp-8452,NaLiS,35.529,23.768,38.30959995935584,25.387965155921886
mp-8468,Sr(SbPd)2,76.461,1.084,85.58902818826,31.146991901835392
mp-8539,SrSnP,41.51,23.276,53.90609634323449,21.83764518196835
mp-8654,PrSiRu,77.836,47.266,132.5922137963726,63.218852075378976
mp-8756,KLiSe,24.635,15.306,27.344637954344343,17.48062935339149
mp-8799,RbNaS,22.388,12.314,24.411559333320092,14.344543636933308
mp-9289,ZrSnTe,81.945,53.344,94.5311664174675,45.35228995862009
mp-9463,ZrGeSb,98.407,74.614,103.90544435194084,68.76672878142523
mp-9517,SrTiN2,121.679,54.446,154.4387479019666,85.61723257913869
mp-9562,LiBeAs,54.336,35.547,74.85897596958145,37.94557005000388
mp-9587,TaMoN,306.124,172.722,341.87368921941567,134.98139205559528
mp-9845,RbCaAs,21.936,11.138,33.16290577161425,17.811993345411835
mp-989192,SnClF,39.388,18.433,61.23652828339006,20.020644925953334
mp-989193,SnBrF,18.583,18.536,50.01980764093745,17.22386490972033
mp-9934,BaMgSi,35.072,24.366,43.26859991860832,23.911755335604138
mp-995147,PbBrCl,33.6,0.906,40.317298443152815,11.981663762312156
mp-29259,Bi2PdO4,51.718,16.451,142.93009275325093,68.06688668513702
mp-505042,Cu(BiO2)2,56.918,26.984,133.43423666608004,61.95158672857256
mp-569383,Ca5(CoN2)2,66.312,33.994,93.3302276681591,53.7436037079601
mp-618309,Bi2AuO5,124.209,53.326,155.20904731695785,74.81844072444363
mp-1029347,KPtN,66.018,33.563,72.34247327620233,40.0477923300348
mp-15607,Ca(BC)2,131.155,81.551,141.59709835036602,101.19009699164076
mp-15955,Y(BC)2,170.622,110.229,183.96196418282435,128.5388986509706
mp-19754,TmCoC,145.684,64.185,159.53384702633093,77.83196686272562
mp-20350,DyCoC,153.834,63.79,153.18803018775205,72.37808034253455
mp-20814,Dy(BC)2,175.354,114.935,182.5934759891016,132.6484306022654
mp-20906,HoCoC,147.431,58.45,155.56530638217535,74.04682902883036
mp-21422,YCoC,141.273,58.224,150.72954804920988,72.95737859889591
mp-28645,CaNiN,107.264,55.197,120.65543106217795,63.68785936259193
mp-29748,TePdI,24.702,12.965,60.557615867414285,21.18778343132461
mp-29754,SrLiN,54.044,28.446,56.644083709282235,30.941533516237495
mp-33997,TaO2F,183.266,91.41,209.57454964087785,97.63802264713568
mp-37473,TiOF2,134.531,70.894,156.72180125219217,77.65470163538349
mp-504677,SrPbF6,57.14,8.424,77.36636852690064,28.155004284304155
mp-756187,Li2FeS2,29.394,13.543,47.2804518964311,30.42857066782155
mp-884085,Li2CuS2,21.596,10.234,49.66927195425188,21.90117915385705
mp-4287,Sr2SnO4,106.729,50.94,128.63490051008893,71.78602814408666
mp-18288,Ti(SnO2)2,63.04,19.604,134.3945705153746,65.54783910597656
mp-22271,Cu(AsO2)2,19.387,11.732,108.25001274630156,51.59747950464021
mp-22467,Sn(PbO2)2,47.458,17.649,99.42596739582082,49.45149637770727
mp-27219,Mg(SbO2)2,49.538,20.282,117.92361337045268,65.16420142220876
mp-29809,Ca2GeN2,77.721,54.318,103.92713526850464,66.05449716370266
mp-5388,Zn(SbO2)2,43.305,12.537,122.15394944523614,55.247405958734895
mp-756132,Cu(SbO2)2,20.591,0.923,110.22936358867688,52.091899777344366
mp-9880,YB2C,177.47,137.397,197.90539924191336,151.71701580105778
mp-1199650,Nd2Fe14C,138.937,62.765,138.8627422234208,73.64176300129448
mp-19970,Li3CuO3,81.806,35.049,109.61670271267108,67.85032052737675
mp-3501,Er(Fe2Ge)2,98.162,58.284,125.91528534787696,75.29381091004159
mp-4214,Lu2Fe14B,128.894,73.037,135.13243165140912,81.69131786867857
mp-7603,Li2TiF6,52.093,30.935,109.99894277023002,57.38182079805174
mp-9906,Y(Re2Si)2,238.54,78.048,261.8094994842037,99.69806358403596
mp-1029498,Li6CrN4,84.311,72.584,128.79463532605922,87.59090649919624
mp-1029542,Na6MoN4,54.672,37.513,89.13768745083497,49.62300186270336
mp-1029656,Na6WN4,53.691,38.074,92.98080994120411,51.92992704394493
mp-1029726,Li6IrN4,83.44,58.897,123.3047994497278,68.98781359044352
mp-1029739,Li6FeN4,76.66,69.192,121.23639331153372,69.07285094097183
mp-1029826,Li6OsN4,84.062,64.411,127.63268260943325,75.49233319475826
mp-3503,Li6WN4,84.394,68.603,141.01354388542285,86.12612020949699
mp-38725,NaBH4,19.433,11.009,50.68928560264082,35.94831098594097
mp-5984,Y(BRh)4,229.147,99.894,254.5051595299995,101.56250030183551
mp-605860,Ba2LiN,16.114,6.4030000000000005,30.188598326262778,15.305769874820244
mp-756490,Li6MnS4,42.149,26.741,48.41441379633686,29.997145911865296
mp-8804,Li6MoN4,83.422,67.066,133.30191011979267,82.29089795364877
mp-1014168,CsPbBr3,17.687,7.34,23.68072849583703,10.14832673573919
mp-10165,KAlTe2,17.465,10.999,34.60114512270881,18.66453112407013
mp-10166,NaAlSe2,28.308,4.292,50.605860877102266,28.20134287807127
mp-1019544,BaZrO3,147.064,90.422,165.5678323699691,89.3109574730981
mp-10289,Ca(BC)2,135.308,95.251,143.84961453023556,107.11989328317382
mp-1029457,Ba(CoN)2,94.162,35.797,106.1194894009492,51.993463731112975
mp-1105622,Cs3CoCl5,11.595,6.079,19.28303621250493,9.164408757025615
mp-11918,Ca(BeN)2,112.136,62.379,122.16802439078548,90.9239301140166
mp-11919,Sr(BeN)2,104.82,68.742,110.37287923801384,82.85734271151615
mp-12266,CaCuF4,74.693,34.337,95.36103522360648,43.570473037596194
mp-12622,SrPdF4,62.819,23.43,81.39079432671541,35.50934340280349
mp-12623,BaPdF4,53.745,15.044,75.41685590403951,29.01767430988011
mp-12867,SrSnO3,138.388,83.126,156.15526939942544,87.49290296513817
mp-12927,Ba(BeN)2,98.183,62.055,104.97547251135536,74.39021125982316
mp-16648,LiSn4Rh,63.729,40.822,83.16050029453923,35.039586490277784
mp-19851,KInTe2,14.982,9.325,32.84849050271909,16.70508118534185
mp-20202,MgSn4Ru,73.432,49.19,89.58629500955644,38.077288187165074
mp-20408,InGaTe2,22.152,13.508,47.96177599501507,19.537998620087063
mp-21297,LiSn4Ru,68.495,45.755,86.08730858865583,39.67074635427418
mp-21894,LiSn4Ir,69.115,46.562,85.13306450632932,35.02343898380182
mp-22232,TlInSe2,22.596,11.724,45.37434652360583,20.760233646112184
mp-22255,RbInTe2,13.936,8.246,30.762936668041643,16.000435826726335
mp-22483,NaInTe2,19.763,15.869,43.07803266359642,19.164698735302725
mp-23488,Tl5Se2I,15.431,8.241,24.66976660543896,8.774309279070815
mp-23504,Sr2InI5,14.254,14.798,24.382944966389942,9.068231630927515
mp-23507,InSn2Br5,11.176,6.001,32.147371346735476,13.078055184468637
mp-23520,InPb2I5,13.937,22.207,27.76649135898575,9.541169839464164
mp-23534,KSn2I5,8.774000000000001,4.925,24.18433017851637,9.233248728585671
mp-23846,KHF2,26.337,13.538,41.33123308110597,19.768283511741192
mp-24668,CsHF2,19.452,8.117,30.678038969104993,12.895040473119073
mp-28843,Tl2SnTe5,19.458,8.949,41.19495404534617,16.731533472794858
mp-29764,RbHF2,22.876,10.868,36.26003669308527,16.359366175063574
mp-3019,Tl4SnTe3,26.737,13.957,29.04035823996935,12.147004677091358
mp-3387,CaSiO3,214.891,122.375,239.7500357662749,154.53425436052655
mp-3442,CaTiO3,171.657,106.112,199.3808478275073,110.35227987516366
mp-3721,SrHfO3,154.085,98.02,186.2707424472897,102.03514342586423
mp-4096,CeAlO3,185.363,42.507,211.6878601332981,124.12719671113275
mp-4651,SrTiO3,168.22,101.114,189.222503958144,107.66987810681576
mp-5076,SrZrO3,143.03,87.474,174.50828300641737,93.18542558813763
mp-5309,KAuF4,22.107,10.288,59.338729980271985,28.75524614745216
mp-557233,AlTlF4,40.935,24.485,89.8447818798155,47.70234961407288
mp-669347,KCuF3,78.848,33.832,79.58929332366255,33.17254144655551
mp-7387,KAgF4,23.276,10.958,54.120855482053514,26.57453644740042
mp-753541,LiCuF4,39.822,12.424,94.17428274591344,49.19811179847038
mp-760414,Ti3PdO,170.984,45.205,190.71150850557137,77.79780002048291
mp-8161,CaPdF4,75.302,30.762,89.15067345268412,41.310492440607625
mp-9075,CdCuF4,84.837,32.065,101.0782833681376,38.5453601543015
mp-9579,AlTlSe2,27.221,13.611,50.003867552823145,23.62315253959364
mp-9580,TlGaSe2,24.333,12.675,49.01884062044987,22.223232594180104
mp-997100,SrAgO2,77.721,41.425,99.22977232741636,44.65567365868822
mp-1023125,MgCuO2,126.208,71.609,157.43504232008584,88.91360183085352
mp-1047016,Zn(AgO2)2,64.706,26.799,104.89468767180668,53.361792144381695
mp-1047145,Mg(CuO2)2,60.487,26.547,110.12764184642892,67.38645605551184
mp-1047156,Zn(CuO2)2,63.223,33.875,121.05221727931624,68.6035016833898
mp-10523,CeSiO4,148.899,56.926,194.68159073383435,90.5875067410499
mp-13900,Sr(CuO)2,68.022,26.331,104.6934759986194,47.19374300968337
mp-15845,SrLi4N2,52.666,28.749,56.551435324399066,34.79816648806125
mp-28323,Pd2Cl2O,44.532,12.248,78.18010648843696,24.737407084272107
mp-31496,Li2Sn2Au,47.106,21.387,52.055049927925566,21.271578654995743
mp-33322,LiHoSe2,46.754,31.404,70.91678594470297,36.52555931305567
mp-33363,LiYS2,53.265,36.134,84.24079937576217,45.444480833377014
mp-33526,LiBiS2,49.655,32.521,74.1182406993057,38.32960650721274
mp-33588,Ca2NF,67.777,48.769,97.34380667426124,61.885505204101165
mp-33618,AgBiSe2,53.367,21.01,74.36783466327812,27.385282772454783
mp-33667,LiDyS2,53.412,36.047,85.20515477884028,47.42741805859443
mp-34081,NaYF4,68.677,32.05,95.950514053498,48.77504171283088
mp-34477,LiSmS2,50.115,32.154,81.80995663565483,43.55146840707146
mp-35388,LiSmSe2,43.726,27.524,67.32785718115767,34.214210546444036
mp-35591,LiErS2,53.745,37.776,85.65309125113703,48.23958178949633
mp-35717,LiDySe2,46.015,30.614,70.32102962744061,35.79235028915817
mp-35869,TiNbN2,289.181,148.536,334.5319744680147,117.84740793311072
mp-36029,ErAgS2,53.466,20.563,83.8913132748227,27.525124807100944
mp-36052,ScUS2,98.649,34.446,122.87403065676828,52.01111377920344
mp-36791,LiNdS2,47.891,29.894,78.76304050478588,40.0931653963057
mp-36800,MgTaN2,243.254,173.986,282.59425570199323,159.8870547557542
mp-37879,LiYSe2,45.569,30.214,70.73981999967076,35.474185387112634
mp-38280,LiTiO2,170.849,122.647,220.0534661560315,107.84300437828632
mp-38695,LiTbSe2,46.042,29.91,68.7826773919493,34.1384479132621
mp-4006,ErPO4,141.94,66.446,209.98410525156345,117.16070243405242
mp-4104,HoPO4,138.301,63.957,207.64055708559616,114.91173039392558
mp-4200,ScPO4,149.784,78.155,222.25647607508697,129.87416542803274
mp-4820,ZrSiO4,202.03,97.007,246.40041852713415,127.17024739169318
mp-5132,YPO4,133.65,60.18,201.43485894501796,110.32586495597027
mp-546125,ScAsO4,142.55,67.656,191.41255568627835,98.56317904253876
mp-5632,DyAsO4,127.515,54.647,179.51726000200122,85.38454586021928
mp-5767,DyPO4,132.418,62.37,205.577265299101,112.97893561641644
mp-5836,ThSiO4,162.659,58.134,206.01373212289784,92.44367215420316
mp-5840,LiScO2,118.79,81.291,176.8925651817223,111.10733124915495
mp-675798,NaHoF4,71.34,32.839,99.55892347594506,51.12693191175853
mp-676416,V2CN,304.511,200.726,349.9493153460245,158.9094662767326
mp-7374,Ba(CuO)2,56.503,21.409,95.72618909677014,40.92869456590217
mp-753306,YUO4,190.218,34.164,207.52222342876456,78.66174926565377
mp-754027,NaSmO2,91.596,48.531,131.5277860556736,75.19750724085488
mp-754605,LiLuO2,114.047,69.919,164.906042993965,103.69637995982532
mp-755253,LiZrO2,158.131,100.522,218.2155082352382,97.7517647658122
mp-755586,NaLaO2,82.441,37.902,110.68915964553084,55.557299226652695
mp-7589,Mg2NF,104.566,73.225,124.54967536130684,87.37363872500143
mp-759897,Cu2OF2,45.218,7.397,77.68283162245142,14.87474303043265
mp-760408,LiZnO2,94.162,49.385,136.11968398159928,60.770404353238334
mp-7644,LuAsO4,136.399,63.025,188.05813053462367,93.169662237796
mp-7962,YbAgS2,66.819,24.035,84.5262252129339,28.021641588863748
mp-8470,NaPrO2,84.293,42.149,119.5460471396549,66.64785006755689
mp-8615,NbBO4,249.352,141.476,306.4923208953467,154.13821699189438
mp-4672,TbPS4,38.774,22.162,79.83957147901481,44.16441654476949
mp-4998,Sr2IrO4,128.645,47.185,159.13876929194942,71.73081974602704
mp-755478,CdBiO3,100.02,28.386,137.7803168225412,55.65913585415011
mp-5073,RbNO3,18.157,8.683,85.7363130978445,49.94803896645525
mp-10078,TbTiGe,83.674,52.086,98.5119507124338,48.49271358788007
mp-1018060,GaCo2Ni,177.04,60.729,192.2939822878128,69.27076789308806
mp-1018062,FeSnRh2,177.299,68.595,191.9198614166303,43.08727329438134
mp-1018066,CrSnRh2,167.812,69.419,182.5684492421884,48.172723116721784
mp-1018085,CoSnRh2,185.482,68.25,185.74437223835815,39.925706488769826
mp-1025154,UTl2O4,42.627,11.277,108.09551206285664,40.49927487981468
mp-1025158,K2PuO4,53.382,28.851,102.95899941142052,50.2811307228354
mp-1025165,Zr(VGa2)2,131.585,88.202,144.99409173688954,80.790739697467
mp-1025167,Hf(VGa2)2,133.265,85.459,149.76433090351546,80.1875786640931
mp-1025172,Ho(TiGa2)2,96.685,60.465,105.79535840176035,54.70430316025196
mp-1025177,Rb2CuF4,35.076,15.978,55.892475344889874,23.87048486216546
mp-1025185,Cs2CaCl4,17.305,8.639,21.837715943543454,10.042138509037926
mp-1025200,Eu2TiO4,133.071,71.88,160.1489734993982,84.969737938774
mp-1025208,Cs2PuO4,36.666,19.028,88.32823914920087,42.242894054707506
mp-1025236,Sc(TiGa2)2,96.87,66.519,107.7299879578628,55.999944593604006
mp-1025237,Ba2RuO4,96.473,52.327,138.39072930562693,62.65786901657421
mp-1025238,Tm(TiGa2)2,96.793,62.39,106.0739756440816,55.581632819424755
mp-1025252,Cs2MnCl4,17.789,7.682,26.555318352360587,12.4900041207391
mp-1025265,Cs2CuF4,24.684,10.938,49.731897313261015,19.042066518737432
mp-1025267,Cs2CaBr4,13.971,6.614,19.39007167881778,9.081205231603532
mp-1025273,Cs2YbH4,15.699,11.197,18.745722158882312,14.614491907766114
mp-1025274,Cs2NpO4,34.259,21.565,91.5637134872709,45.66633655731865
mp-1025286,Rb2ZnF4,37.238,17.944,56.999623902679794,26.76411780180376
mp-1025304,Zr(TiGa2)2,112.537,70.165,126.01220209062586,65.85034594414968
mp-1025334,Cs2TmH4,14.059,10.2,29.011617545818783,20.41384572040566
mp-1025335,Lu(TiGa2)2,98.232,62.927,106.2745679085702,54.55950578597217
mp-1025338,Tl2CuF4,36.339,9.03,58.75679445467607,16.82050389536954
mp-1025349,Sr2ZrO4,117.107,66.772,144.42373834626702,78.3044621681032
mp-1025351,Sr4Bi2O,37.73,25.111,42.593515115918635,24.99763604356758
mp-1025358,Er(Al2Mo)2,134.393,84.07,147.3456395063194,84.84996480186248
mp-1025364,Dy(TiGa2)2,95.067,59.557,105.07267231704364,54.50353298995076
mp-1025365,Sc(VGa2)2,118.477,80.656,130.9578719734304,78.04012981220772
mp-1025457,HfAl5Ni2,126.648,84.924,142.37885978128014,69.96050626980119
mp-10259,Zr(NiP)2,171.208,14.663,201.0557562226348,70.3982741079908
mp-1029532,Ca2CoN2,74.548,47.916,102.3065857146794,56.79834796959009
mp-10311,ZrVGe,144.113,72.062,159.50343187332274,83.71847566448265
mp-10312,HfVGe,154.643,74.585,167.166475726384,85.32164939183195
mp-10343,Sc2BC2,137.733,68.589,176.94768100260688,112.50051051902732
mp-10437,Ba(CuSe)2,67.478,21.124,70.8788279438578,27.03911206788094
mp-10453,Lu(SiRu)2,160.669,75.506,183.43767526223647,93.77733691369316
mp-10455,YTiGe,82.596,52.547,98.42271708994284,49.740346306888746
mp-10498,Pr2CuO4,151.748,37.87,175.0547469862567,71.37172711092875
mp-10626,Yb(SiRh)2,129.084,77.099,156.24756508865158,82.78314206856572
mp-1068300,Ca(FeAs)2,56.912,25.387,114.75925301917655,64.6937160459639
mp-10697,Sr(GeRh)2,80.352,53.198,121.7397081814851,57.87243814204798
mp-10698,Ba(GeRh)2,65.958,39.426,107.41226362525468,45.260683942351555
mp-1077929,La2CuO4,124.285,58.378,148.3560846964724,69.85701765653116
mp-10877,Ca(Al2Cu)4,81.186,60.736,108.04458668590584,50.26693405334648
mp-10878,Ca(MnAl2)4,32.632,62.995,109.98377157697745,73.17914846991819
mp-1101329,Tb2SeO2,84.414,27.253,124.9877594963479,59.24655151439413
mp-11029,Y(Al2Cu)4,104.534,61.012,115.48068564054374,53.59400433882632
mp-11169,Ba(PIr)2,96.768,48.721,144.21407484357977,59.95856565580479
mp-11181,Cs(MnP)2,45.548,30.749,78.12785980545338,40.31394638886571
mp-11435,Er(TiGa2)2,98.06,61.377,105.52732372412538,54.337460738434125
mp-11436,Er(VGa2)2,115.021,76.361,118.4763861567563,70.04115556271181
mp-11445,Y(TiGa2)2,94.316,60.055,104.4259543961507,54.95260210820353
mp-12058,Er(PRu)2,169.707,99.704,206.047233937428,105.24369136299622
mp-12059,Sm(PRu)2,142.12,93.691,192.59594999080747,97.56121033344814
mp-12061,Lu(FeB)2,187.743,76.06,203.0932844536571,115.3329757207753
mp-12063,Ce(AgGe)2,74.431,36.15,86.8762158856283,33.5221737084971
mp-12073,Ba(BIr)2,100.302,64.05,149.77002900554237,70.67992937667282
mp-12075,Tb(FeB)2,128.275,79.786,187.78573745507657,95.1790472523296
mp-12077,Y(FeB)2,126.563,81.112,184.95867277123577,95.8763532265788
mp-12079,K(CoS)2,57.052,30.734,86.60811235752607,42.563662163150354
mp-12097,Sm(SiIr)2,166.894,104.163,204.3185341620461,103.63181136157009
mp-12098,K(PRh)2,54.245,32.9,108.52776365627794,49.10222239335309
mp-12100,Lu(SiNi)2,128.686,67.54,155.54531573222326,78.84870793546331
mp-12101,Lu(SiOs)2,179.764,83.799,210.70385835465163,97.63584044489394
mp-12716,LiTlPd2,94.163,36.325,101.52526487464786,28.87838802440102
mp-12783,Sr(CdGa)2,43.715,27.739,50.33728658736698,23.50545650346114
mp-12863,Ba(AlSi)2,38.836,13.543,58.078548526152154,28.47923801366607
mp-13398,Yb(MnSi)2,101.513,60.872,111.89995585214618,74.69543611476958
mp-13399,Lu(NiGe)2,113.636,44.0,139.84885088521844,60.73764312098931
mp-13649,Cs2AgF4,30.729,10.708,43.69292842843588,15.907466403927389
mp-13660,Ca4Sb2O,49.159,32.933,56.64213782468073,33.41211372497755
mp-13910,Ba(AgGe)2,55.955,30.515,60.04965670838723,24.79096970574026
mp-13911,Ca(ZnGe)2,57.614,15.908,63.25569452413758,22.46397936417539
mp-15157,Cs2CaF4,32.545,14.702,43.65645759659603,22.14422358605999
mp-15605,ScSi3Ni2,135.947,70.188,155.1757064632678,82.78892995773617
mp-15608,Ba(MnAs)2,7.36,2.873,73.48904947681969,43.14522130043107
mp-15968,Sm(CoSi)2,118.652,91.081,158.0831693339361,90.73695774389677
mp-16032,Pr2TeO2,70.35,34.028,101.6863724992016,46.3701753995384
mp-16033,Sm2TeO2,75.322,36.804,108.45341091369686,48.489378008952215
mp-16035,Gd2TeO2,73.923,35.465,102.57798348245323,43.3286876690937
mp-16036,Tb2TeO2,79.972,38.705,112.7493197604105,51.001800698513755
mp-16250,Th(SiAu)2,127.616,51.748,140.32259212765968,40.24011281873084
mp-16259,Ca(GeIr)2,116.99,64.491,157.27447595326248,74.39825713230803
mp-16260,Ca(GePd)2,85.58,27.195,104.73865310724509,38.68992199531221
mp-18583,Ti4Si7Ni4,171.113,101.052,186.2538943936597,102.99530140042002
mp-19735,La2CuO4,142.568,50.382,169.0523145352693,67.6890267609414
mp-19787,Sr(GeRu)2,78.082,51.356,127.50663915692778,68.03533201504213
mp-19791,Ca(GeRu)2,103.004,48.899,139.38118969762454,68.6723557103625
mp-19824,Ca(MnGe)2,80.263,54.912,91.62675176851712,57.33866713099656
mp-19857,Ba(MnP)2,82.846,48.364,105.40483148224008,57.71902320089565
mp-20070,GdTiGe,73.046,43.448,101.73386786878235,52.91054672579557
mp-20098,Ba2PbO4,85.368,43.424,99.54412282488902,52.21962169267952
mp-20115,Eu(SiPd)2,100.771,44.183,126.12154561324093,53.861855631003635
mp-20238,Th(FeGe)2,145.046,72.532,148.48791288123655,81.17532167467137
mp-20264,Tb(FeGe)2,109.098,11.686,108.3456746331196,60.41407191706843
mp-20352,Ba3In2O6,87.964,35.899,105.30394463035432,54.497125308929185
mp-20356,Ce2SbO2,78.176,22.121,102.07154947379668,48.78264589526706
mp-20542,Pr(MnGe)2,100.458,62.794,109.486772954044,63.62530536813803
mp-20563,Ba(CoAs)2,76.172,35.045,95.74280786120272,41.39803447782648
mp-20596,U(SiNi)2,186.818,66.072,177.31524645500951,80.91342552416836
mp-20785,Nd(FeGe)2,124.467,47.545,107.1130760873302,63.19929485564187
mp-20872,Sr(AlPb)2,33.025,5.34,42.93903590521798,14.87075215392712
mp-20924,U(FeSi)2,177.23,89.691,201.7506585481755,111.46391898001288
mp-20933,Ce(CoGe)2,121.349,58.575,144.78929881278123,70.17317693738198
mp-20950,Nd(SiPt)2,137.703,39.837,166.57756819812982,58.59445696138001
mp-21000,Dy(MnGe)2,115.114,63.746,124.2225137439391,73.87000976364398
mp-21020,Sr2UO4,96.41,40.606,112.8315709442245,46.59622414006708
mp-21079,Tb(GeRu)2,132.27,58.586,161.9996922845517,79.2780082558201
mp-21113,Y(FeGe)2,129.611,49.23,114.25712302518288,64.70788987204196
mp-21240,Gd(SiRh)2,142.427,86.63,178.54938762889674,92.49867451748732
mp-21281,Th(MnGe)2,133.86,65.888,135.7314449581084,70.25463924416195
mp-21366,Yb(GeRu)2,113.282,47.997,144.09990068881444,70.51534783070947
mp-21388,U(CuGe)2,97.198,40.432,122.19133755859116,45.11837885851395
mp-21415,Dy(NiGe)2,114.065,46.8,139.8753039410732,62.87903388352694
mp-22306,Eu2CuO4,134.635,52.259,142.74559950438027,67.86570570717554
mp-22412,Ba(MnGe)2,50.054,34.428,67.00921460497226,31.30114700673527
mp-22486,Tb(MnGe)2,115.215,64.592,122.95299862215418,72.68553574931374
mp-22639,U(NiP)2,198.349,57.604,184.1197792663632,67.07775988553838
mp-22760,La(MnGe)2,93.376,59.464,100.51431629575208,58.70943971107772
mp-22935,CsBrF,15.691,7.063,22.42483543559331,11.907123181433484
mp-22937,Na4I2O,20.124,11.964,31.109190772048347,18.61353248607735
mp-22978,Rb2MnCl4,20.776,9.004,28.04570863008796,12.658142334049469
mp-23484,CsAuCl3,10.16,4.998,36.20291944975618,11.918267501402502
mp-2371187,Cu2B2C,78.177,9.851,137.7155543700037,58.56454795727102
mp-23752,Cs2MgH4,13.137,9.216,24.290079477096626,17.600786524741128
mp-23954,Na2H2Pd,28.047,18.246,37.432190636720215,20.94608789096937
mp-23956,K2MgH4,23.064,17.351,27.92273339935576,22.569877598755156
mp-24517,Rb2CaH4,17.899,12.811,22.542398845018926,15.350594862174477
mp-2661453,Li2H2Pt,49.367,26.895,79.72401736655036,40.715643024582235
mp-27207,K2MgCl4,21.759,10.672,29.144076716227566,14.790792494827851
mp-27263,Rb2MnBr4,16.876,7.203,23.837259517794244,9.991287201816222
mp-27393,AlPd5I2,15.439,12.33,102.72087290184432,26.183521587152377
mp-27468,U2BiN2,81.939,42.907,144.80411481172354,60.88730195997046
mp-27478,Na3PaF8,42.892,19.864,99.33387680954532,41.95930182967178
mp-28497,Cs2CrCl4,17.295,7.552,28.32282347553067,13.560801238141105
mp-28592,Li7Br3O2,37.683,25.035,46.37473177395935,30.042309120540747
mp-28599,Na4Br2O,25.283,14.596,31.233065933676514,18.6225616856548
mp-28610,CsAgCl3,13.37,370.484,33.59242536999155,13.368100986159668
mp-28627,K4Br2O,15.726,8.724,20.3266522163522,11.148810221720831
mp-2866,Yb(FeSi)2,119.518,70.986,133.51135781659087,81.5040047507734
mp-2877,Nd(CuSi)2,115.656,75.0,123.18361520855538,63.616359220666695
mp-28786,Zn(BIr)2,219.89,106.867,286.0356255671803,143.85314983238874
mp-28838,U3(SiC)2,136.797,80.702,155.1458398350601,68.49501765101758
mp-28884,Cs(FeAs)2,43.521,26.483,66.50608731032885,29.96183610624414
mp-28895,Ba(P2Pd)2,87.709,34.758,95.04261446348411,43.12903567870164
mp-28927,Ba(NiP2)2,104.512,96.35,105.85926012213456,50.00192685598876
mp-2893,Dy(SiRh)2,153.451,88.803,178.7897133881307,90.1209246504951
mp-2906,Ho(NiP)2,151.827,83.385,170.7009383641193,74.49611675461082
mp-2917,Dy(CuSi)2,119.315,75.813,129.75633778270057,65.04713479282134
mp-29207,SrMnBi2,32.353,18.785,38.118790212378286,22.28868461348018
mp-2924,Ho(SiNi)2,131.02,71.958,152.6204317930727,78.56109453497707
mp-2949,Ca(NiGe)2,80.39,40.148,112.84895736175328,49.358328335760646
mp-29623,SrZnBi2,30.573,15.677,42.343175307920994,17.478047181305985
mp-2965,Ce(MnSi)2,123.478,70.832,137.56227613027036,76.47518988869892
mp-2967,La(CoB)2,125.812,83.203,177.99704059198527,91.02053407396475
mp-29806,Cs2PdI6,9.131,4.015,25.527499821917413,9.002601009449892
mp-29873,Rb2CdCl4,19.054,7.96,25.8479563473,10.62599558511718
mp-2991,Cs2UO4,35.463,22.715,95.37705433127192,45.21292803513191
mp-29964,La3(TaN3)2,165.266,85.631,201.6635686710433,113.65490972806138
mp-30004,Rb4Br2O,12.914,6.882,16.743363063247052,9.404509926246156
mp-30040,BaCdSb2,33.265,21.701,41.91998365266756,22.488266263669523
mp-3011,Th(GeRh)2,145.97,68.15,171.8269120087448,70.99925893176325
mp-30147,ZrTiAs,137.302,70.614,150.93942604871444,86.3642818672362
mp-30175,Ca(AlZn)2,62.198,40.313,65.84719308262332,33.22252692837317
mp-30177,Y(Al2Cr)4,116.53,78.364,130.85218105342153,76.42440676783282
mp-3018,Nd(MnSi)2,118.634,73.221,131.52720618212322,79.18367771266323
mp-30183,ZrAl5Ni2,119.733,85.414,138.07182704531652,70.33730192788262
mp-3021,Tl(FeSe)2,38.004,22.879,55.61893203081027,29.47653180671808
mp-3035,Ce(FeSi)2,142.193,77.717,164.867295862819,94.93239418441723
mp-30426,BaCdBi2,30.641,18.744,35.16244477284653,15.74270531260236
mp-30427,BaZnBi2,31.416,17.133,38.1183867327572,17.45565580996587
mp-3065,Ho(FeGe)2,108.973,26.204,113.0971453889702,63.88765092774807
mp-3097,Tb(SiRh)2,152.124,89.341,177.41823103347213,89.63960453725072
mp-31059,Ba(AlGe)2,43.029,19.745,55.69884204305786,26.95392854278634
mp-3108,Lu(SiRh)2,158.887,83.91,184.18472825169067,90.57142463722968
mp-31081,Sc(MnAl2)4,153.967,97.394,126.55488942728788,77.65237010053184
mp-3109,UGeTe,70.542,40.783,83.78903147833245,46.18584094199843
mp-31212,K2MgF4,45.872,26.717,60.29270292022245,35.84341842510529
mp-31411,Th(Al2Cr)4,119.17,87.328,133.8405279390466,71.75518992276142
mp-31438,YZrSb,78.942,41.125,92.49107766562145,47.30822360554355
mp-3148,Dy(SiPt)2,145.085,12.014,172.51311477541842,58.89471952646003
mp-3166,Th(SiOs)2,183.234,94.675,219.86617842716083,100.82923261214884
mp-3190,Er(FeB)2,120.929,83.296,191.90063795720965,98.5980952910866
mp-3207,Sr(NiGe)2,62.062,34.524,100.77832427305718,44.420784698818814
mp-3210,Ca(CoP)2,91.812,81.218,150.24951814770438,79.35423104483286
mp-3218,Er(SiPd)2,134.258,52.4,152.0529239005678,63.55631700933681
mp-3239,Er(CoSi)2,131.977,94.295,168.91569236953356,100.45448024880324
mp-3241,Sr(CuGe)2,77.539,40.884,84.21933569420642,40.20780634209891
mp-3264,Th(NiGe)2,115.166,22.613,155.6623696397327,64.14352340799155
mp-3286,Ce(AlZn)2,72.027,50.611,83.96245545629226,44.79621516118253
mp-3292,Tb(CoSi)2,113.474,94.425,164.26625238023215,95.3460839357594
mp-3299,Sr(FeP)2,94.787,55.96,125.41986446838408,74.64284626123934
mp-3301,Dy(SiPd)2,133.933,53.071,150.46659486859195,63.60992965533846
mp-3329,Tb(NiGe)2,112.504,46.914,138.2591730771209,62.43136490170691
mp-3346,HoZrSb,80.205,39.455,93.22475172452287,48.9151944897177
mp-3349,Sr3Ti2O7,139.441,83.293,171.02077579279404,98.73263329284526
mp-3359,Ba2SnO4,96.443,51.646,121.3629579286766,67.56942840025765
mp-3376,Sr2SnO4,108.931,63.505,133.63833557820442,74.17952421305803
mp-3385,Sr(PPd)2,103.811,49.586,118.6311937269252,49.14049686933897
mp-3388,U(SiRu)2,326.477,83.923,204.99303835381136,103.0976017459373
mp-3390,Y(CuSi)2,118.289,76.153,125.3973728684517,64.92596106546638
mp-3412,Eu(CuSi)2,85.94,60.857,108.47469741048764,54.87688577346346
mp-3415,Yb(SiRu)2,133.202,67.203,159.4196253690811,83.19281328116047
mp-3437,Ce(CoSi)2,137.291,87.99,157.13406514389206,87.52612717050468
mp-3441,Y(SiRh)2,151.48,88.566,178.24818715148854,90.13567086152408
mp-3455,Er(NiP)2,151.308,83.931,172.58379527366955,73.7870867949211
mp-3456,Tb(CuSi)2,119.971,76.235,128.86758792515425,64.83764128438635
mp-3489,Nd(FeSi)2,118.239,79.69,152.39768514043402,90.96843456451248
mp-3507,Lu(SiPd)2,136.258,48.004,153.78098663901537,62.37302400420976
mp-3515,Y(CoB)2,153.952,107.661,197.41683787355956,114.87645483350308
mp-35276,K(FeAs)2,48.787,24.423,66.90245390598486,29.866323180601437
mp-35417,Li3TaO4,103.312,91.621,208.8336488949711,128.62314501318056
mp-3579,UGeSe,83.522,53.059,95.90507160313167,52.94783571370032
mp-3585,La(SiIr)2,145.667,99.569,191.41460682918012,93.84963645695768
mp-3587,Sc(SiNi)2,151.528,61.909,157.72873134651496,82.63940509953744
mp-3605,Th(CoGe)2,142.488,66.96,159.59235829884705,70.69336745532222
mp-36086,Li3NbO4,104.609,90.318,197.9680369890015,119.10093381616365
mp-3678,Tb(SiRu)2,152.051,79.93,177.6132481278051,91.91370103918986
mp-3701,Sc(Al2Fe)4,128.938,85.544,140.32844533133243,83.00467544804998
mp-3709,Tb(CoGe)2,131.45,70.892,148.02980633285952,75.14139627924334
mp-3758,Eu(NiP)2,108.198,74.64,147.94280710349753,63.95077550688753
mp-3804,Sr(PRu)2,87.317,50.755,138.355608251568,73.31506801920445
mp-3808,K2UO4,60.113,29.379,111.7287960999595,50.967660209667706
mp-3813,Ba2ZrS4,55.272,28.767,69.80733836674906,33.20619206343118
mp-3826,Ce(SiPd)2,124.834,56.202,142.8673609444526,61.11329978650846
mp-3854,Y(MnSi)2,125.819,76.237,140.896394680179,89.42268396989556
mp-3895,Ho(SiRh)2,156.376,87.871,179.51927717459736,90.36661721609951
mp-3958,Er(SiOs)2,175.465,86.668,206.96417079603148,96.59481273837568
mp-3999,Y(SiPt)2,144.639,15.533,171.94830547626484,58.904826610530655
mp-4007,Nd(SiNi)2,147.126,70.97,148.52603235355323,72.57420817939911
mp-4013,Nd(SiRu)2,134.593,80.896,174.384699380128,90.85504466688568
mp-4014,Pr(CuSi)2,108.486,73.831,121.39179365749447,61.39381353849622
mp-4064,Ca(NiP)2,105.433,73.682,140.2291350869312,63.821759164083296
mp-4065,Dy(SiIr)2,175.786,105.149,206.6412981962012,105.79917258283668
mp-4072,Sm(SiRu)2,143.09,81.584,177.25773380824856,91.82246124668836
mp-4073,Sm(CoB)2,152.954,97.846,196.59164155949503,108.8320480197108
mp-4075,TbZrSb,79.598,40.544,93.40690844594712,47.87611504055688
mp-4088,La(FeSi)2,114.246,72.994,145.3333971576779,82.974526161278
mp-4090,Ce(SiRh)2,143.283,87.696,171.26576512207768,88.29571138280767
mp-4105,Ho(CuSi)2,113.63,76.348,130.11288176547086,65.28142009332845
mp-4109,Ba(AsRu)2,76.622,39.593,106.87234062727458,50.463982690239135
mp-4131,Sc(CoSi)2,154.927,91.058,175.48482894628813,102.23957764850113
mp-4148,Ho(SiPd)2,133.284,52.879,150.97425685812416,63.877175404591426
mp-4158,Nd2CuO4,136.726,58.915,159.59265534419768,81.5578793448445
mp-4177,Dy(SiRu)2,155.661,79.345,179.95225373597444,92.7432093103368
mp-4181,Pr2CuO4,132.588,58.074,154.0308341591786,78.82111415462407
mp-4195,Tm(NiGe)2,108.431,44.072,139.4385647333725,61.40121820139611
mp-4210,Sm2CuO4,142.528,60.204,165.66888599489596,84.45300828866675
mp-4228,Nd(CoSi)2,120.144,85.498,153.65695993844227,85.85201331155886
mp-4229,Nd(AgGe)2,81.818,42.854,93.496180140584,35.67018156382998
mp-4250,Tb(SiPd)2,130.983,53.315,149.08383286314046,63.85430369765013
mp-4255,Ba(CuS)2,67.265,28.683,80.35172372966653,31.916321768410608
mp-4259,Ca(CoGe)2,73.576,61.567,122.566849150088,65.57706048755533
mp-4275,Sm(SiPd)2,127.742,55.498,146.01188130505588,62.51293275438729
mp-4291,Ho(NiGe)2,115.228,46.459,139.93176189004748,62.799470415841874
mp-4302,Nd(NiGe)2,111.919,48.011,134.46781761466727,59.527040993225974
mp-4305,Er(CuSi)2,122.639,76.33,130.2590230323732,64.77374951419391
mp-4316,Sr(NiAs)2,45.823,28.001,89.20168608946386,33.16612411573483
mp-4322,Pr(CoB)2,144.516,89.475,181.6086487266957,99.2659348595035
mp-4323,Nd(SiPd)2,123.29,57.139,143.23142605143815,60.39132894818123
mp-4354,Tl(NiSe)2,38.486,13.208,71.2334934653644,19.002804265921803
mp-4370,Sr(AsPd)2,79.52,32.583,96.58629484958192,30.814669424393653
mp-4395,TbScGe,71.319,45.392,78.89948954796644,38.057643700019725
mp-4410,Yb(Al2Mo)2,121.247,80.572,132.43875370368033,77.5807651233061
mp-4415,Ho(CoGe)2,135.84,69.868,150.78218904508674,77.09999966305175
mp-4433,Ce(SiIr)2,166.749,109.844,200.69239687886736,104.82488000983896
mp-4439,Pr(SiNi)2,126.482,67.988,144.82313672347308,70.76848370350707
mp-4441,Ca(CuGe)2,79.246,42.085,91.502623781983,40.93759761699388
mp-4458,Th(MnSi)2,149.607,76.62,151.8104368244027,79.63273174493861
mp-4466,Tb(SiNi)2,120.154,73.586,150.8344138431652,77.12482912547325
mp-4475,Tl(CoSe)2,32.334,20.186,79.87776274321449,25.87003294838713
mp-4484,Ba(PRu)2,88.019,48.795,127.91363854332212,65.5508324790218
mp-4488,Sr(FeAs)2,84.292,42.202,82.02428354077936,48.20496023658782
mp-4520,Y(CuGe)2,103.38,55.688,109.32058783582328,47.80453393371204
mp-4611,Th(SiPt)2,161.712,55.529,181.63806768585977,55.42180366119158
mp-4633,Yb(SiPd)2,108.371,40.803,125.06226183895517,54.53001058336393
mp-4653,Y(SiIr)2,173.891,104.133,205.89790795232724,105.05187923147224
mp-4656,Y(Al2Fe)4,123.771,84.62,135.6936870393509,80.13959456925807
mp-4668,K(CoSe)2,50.314,24.198,73.69195373132345,33.65429588576913
mp-4692,Dy(SiNi)2,114.571,73.379,153.17841431748448,78.21378779164468
mp-4725,Nd(GePd)2,107.798,38.891,123.2696828011424,46.06548739269626
mp-4738,PrScGe,64.503,39.785,70.81901132228049,35.29859940631973
mp-4744,Ca(NiAs)2,84.598,39.082,108.84640504573902,38.56830767727712
mp-4767,Ce(SiOs)2,168.404,82.371,201.676908185465,97.02952908932583
mp-4768,Eu(SiNi)2,94.667,58.471,133.89576977667932,63.355483990627775
mp-4793,U(SiPd)2,141.952,48.272,161.96513855779904,67.13977036092055
mp-4815,Pr(SiRh)2,137.912,83.789,167.4218424482554,83.54689361892156
mp-4822,Y(SiPd)2,130.582,52.738,149.37190111930937,63.14681494154698
mp-4854,NdScGe,65.782,40.817,72.59203640021322,36.027380883113246
mp-4861,Sr(CuAs)2,56.86,20.546,81.47691589041278,31.54604982821896
mp-4865,Er(NiGe)2,122.05,47.358,139.49706320418497,62.49657615660852
mp-4881,Er(SiNi)2,122.991,71.098,153.7559792626009,79.27155735802553
mp-4883,Ba(FeP)2,83.619,56.871,120.58880916253553,70.25099055903804
mp-4889,Y(GeRh)2,132.96,62.331,157.37291540867145,71.77851291345809
mp-4895,UTeAs,71.159,29.644,80.33112000469733,38.946762040434805
mp-4896,Sm(SiPt)2,140.382,34.47,169.61285958023402,60.74063379095506
mp-4903,Tm(CuSi)2,116.757,75.636,129.9065885212454,65.44873538623699
mp-4904,Pr(SiRu)2,130.298,79.764,172.05598626996036,89.95271238554821
mp-4908,Y(CoGe)2,136.227,70.145,148.11113958776784,75.70027952859978
mp-4920,Nd(GeRh)2,123.385,64.855,149.6823134920063,68.72235991290079
mp-4924,Pr(CuGe)2,95.907,53.319,105.2300571290192,47.57890098296162
mp-4936,Yb(SiPt)2,122.842,30.453,150.78269450852616,57.13795121186717
mp-4939,Dy(FeSi)2,148.31,82.764,162.85667412191307,96.70544774883707
mp-4954,La(SiPd)2,120.576,54.617,136.25334872986687,56.22059299502445
mp-4961,Na2HgO2,42.323,23.423,60.3144047617232,30.62661425991096
mp-4985,Dy(MnSi)2,128.929,75.386,143.30911092335296,89.76222661067483
mp-4999,Nd(CoGe)2,111.275,67.306,139.4893587376488,68.92254313432898
mp-5000,Tl(CuSe)2,29.141,15.456,60.571109242284734,18.45888206581702
mp-5022,Er(SiRu)2,156.818,77.629,181.60822695067785,93.51395999618867
mp-5068,DyZrSb,79.781,39.479,93.15109317108002,48.59418497589813
mp-5072,Rb2HgO2,23.964,11.792,35.08534679552599,19.64906172662488
mp-5109,Y(NiGe)2,102.131,47.692,135.29121442113896,61.25613686442587
mp-5112,Pr(CoSi)2,120.671,82.295,149.5852671547297,83.46480524305542
mp-5127,LiCuO,69.627,32.616,93.68361205726114,48.11133520418556
mp-5129,Y(CoSi)2,133.147,94.082,163.84858760867402,96.7741559319538
mp-5135,Dy(CoB)2,155.789,107.738,200.17557058263077,113.7311116946887
mp-5157,Ca(PRu)2,102.347,78.667,164.99952867546338,87.1698431338686
mp-5165,Th(SiRu)2,168.505,88.638,196.7700860597431,96.38623026709072
mp-5166,Ca(AsPd)2,88.276,26.838,104.23975430539248,30.19915317976532
mp-5167,Sm(NiGe)2,101.792,47.319,135.95378191902782,61.165898826790944
mp-5173,Ce(SiAu)2,112.156,46.687,123.9128839194192,42.450561488702846
mp-5176,Y(SiNi)2,127.098,73.066,148.74610470933243,77.41802531390911
mp-5219,Ho(SiOs)2,173.944,87.971,207.27852777222031,95.78738543643682
mp-5260,Ho(GeRu)2,135.733,57.245,163.9473391146293,79.7930986335519
mp-5268,U2SbN2,99.35,46.99,150.93880174619488,69.29584365940325
mp-5284,U(CrSi)2,149.59,89.167,159.3531510198876,71.82387824392549
mp-5288,Y(FeSi)2,147.103,82.397,160.34049596090605,97.9869445994628
mp-5292,Ca(SiNi)2,115.307,57.367,125.87941912060585,63.143711379342264
mp-5326,Yb(CoSi)2,110.853,83.937,142.70979811115023,84.95139453721619
mp-5346,Lu(CuSi)2,121.177,74.808,131.12338273430586,63.358104189897944
mp-5380,Ca4P2O,61.778,43.882,68.55784001552098,43.3829962842035
mp-5386,Er(SiRh)2,157.308,88.318,181.2313872694407,90.50010775196225
mp-5399,Tb(FeSi)2,145.871,83.177,160.59553322032366,95.91308234493336
mp-5400,Th(CrSi)2,134.222,45.909,138.08694659948256,70.85824184843477
mp-5423,Pr(MnSi)2,114.758,71.979,128.86612901818523,76.02698264633048
mp-5429,Tb(SiOs)2,170.188,89.207,204.38308861917855,94.7471117495307
mp-5451,Er(FeGe)2,134.12,48.299,119.15498221886254,65.80385944772246
mp-5452,Ce(CuSi)2,113.036,75.241,123.3848435014514,65.70949507949474
mp-5459,Nd2TeO2,71.289,34.516,104.50816778037428,47.059346970600814
mp-5486,Ca(CuSi)2,97.787,55.112,103.79686207672027,53.41901376419941
mp-5497,Er(CoGe)2,134.9,69.45,152.17007459936104,77.8392419367397
mp-5501,Tl(CoS)2,58.448,23.471,91.1859312209109,33.797407128495884
mp-5505,U2TeN2,85.916,52.251,137.77252520081353,64.26667871164057
mp-5508,Th(SiPd)2,141.173,63.454,161.13963317459846,63.553631122897
mp-551675,Li3UO4,94.691,64.714,158.71780646379258,88.76858433641297
mp-551873,Ca4Bi2O,44.568,29.289,53.45658923019669,29.18294383044626
mp-552098,Bi2SeO2,77.867,26.569,111.38447094890068,47.32639276036555
mp-552265,Bi2SeO2,88.992,21.489,98.7194134202636,16.814781224305367
mp-5526,La(CoSi)2,117.558,76.385,139.6764345182817,74.47011799169695
mp-5532,Sr2TiO4,127.094,75.758,156.29689992198487,90.69890007595816
mp-554352,Ba2CuF6,57.176,21.226,78.9784679356206,32.05998879595778
mp-5544,U(Al2Cr)4,182.023,39.122,144.1008913027521,80.4248351742688
mp-5556,U(SiRh)2,162.197,84.537,192.12637509755592,95.42423491480898
mp-5564,Pr(AgGe)2,81.263,43.123,91.01172194320864,35.19313417241113
mp-557018,Cs(CoS)2,53.974,34.445,80.18504597446314,39.33096532948609
mp-5577,Ce(GeRh)2,129.851,65.086,150.08082260528877,69.51096118162363
mp-557929,Tl(Cu3S2)2,54.153,13.226,91.39999953164616,24.546845158447915
mp-558518,K(NiS)2,30.804,22.279,72.70678917589746,27.73921212686601
mp-5591,U(NiGe)2,187.564,19.633,155.50447090099652,67.1945923054041
mp-559492,Tl(NiS)2,54.929,16.781,82.11766713662958,23.77759526105263
mp-5597,Ca(FeP)2,93.804,79.373,135.29659112272057,74.81323650422841
mp-5605,Ce(SiAg)2,90.121,51.335,102.22851648876814,45.8030173411169
mp-560663,Rb(CoS)2,56.234,32.201,82.703402540879,40.78375836919045
mp-5622,Nd(CoP)2,122.962,88.035,161.1123571424729,69.09639614185733
mp-5627,Pr(FeSi)2,114.059,77.796,147.50880754183362,88.48264548699402
mp-5671,Sr(CoP)2,88.052,45.893,120.6194064921632,58.020828684882424
mp-567203,La(SiOs)2,136.757,80.697,186.31050127969175,88.78209677270571
mp-567240,Ba(MnSb)2,29.349,20.062,28.353337770219795,26.523595607106135
mp-567458,Ho(PRu)2,167.766,99.097,205.01266831296263,104.3560154069944
mp-567513,Ho(SiIr)2,178.854,103.451,207.9492334947805,106.1635930010894
mp-567657,K(CuSe)2,29.409,13.033,57.982025261268554,17.70174816702378
mp-567723,Nd(NiAs)2,120.915,51.797,131.04427865604353,46.582373246667736
mp-567749,Y(SiOs)2,169.339,88.942,204.4355271180413,95.12186877448237
mp-567769,Ca(SiPd)2,103.239,40.154,126.18703052820588,53.07168213947301
mp-567807,TmZrSb,79.62,38.108,94.08437515375309,47.47234532258451
mp-567808,Tm(CuGe)2,102.384,55.871,112.52840864643944,46.65282011440003
mp-567818,Sm(NiAs)2,97.913,52.411,134.74626871926202,47.681069994301744
mp-568055,Nd(PRu)2,124.803,85.444,181.48124607345244,87.9689731566643
mp-568095,Yb(PRu)2,123.67,88.753,180.00007176303595,97.61921989186898
mp-568113,Ba(AsRh)2,73.313,34.329,109.74431660271298,39.10236021049353
mp-568137,Cs3Mg2Cl7,21.386,10.643,30.57466714727451,16.21419092391877
mp-568280,Ba(NiAs)2,64.021,30.44,85.7316645695927,31.438941981293993
mp-568371,Tm(SiRu)2,158.852,76.801,183.42899016202188,93.82519897316604
mp-568402,Sr(SiPd)2,90.986,44.751,115.7126106781618,49.32555115908587
mp-568509,Er(CoB)2,150.78,113.309,205.48299808365783,117.57121075788623
mp-568673,Y(SiRu)2,153.522,80.006,179.64890501401396,93.29352098812105
mp-568725,Dy(FeB)2,126.743,81.322,188.8098679725259,96.3890394878909
mp-568747,K(NiSe)2,36.261,17.982,64.73540330704175,24.029207717257467
mp-5688,Er(FeSi)2,132.768,79.147,165.28212827598412,98.26952087042751
mp-568940,Y(NiP)2,154.034,82.948,163.2222592785882,71.38949473967673
mp-569089,Dy(PRu)2,164.779,99.379,203.97534225564817,104.09179971000476
mp-569204,Tl(CuTe)2,27.8,11.85,53.88308019308798,15.6912956095662
mp-569247,Zr(FeSi)2,186.785,89.169,194.002450508272,98.85777302140096
mp-569298,Ca(CoAs)2,93.548,47.963,116.37631097505148,46.943158651491245
mp-569310,Sr(POs)2,94.67,47.979,147.69534107628462,73.82113451378818
mp-569344,Zr(CoSi)2,150.78,109.355,203.35751617112103,110.63432629655172
mp-569408,K(CoAs)2,37.779,28.456,92.02121768841732,40.06621703685721
mp-569548,CsAuBr3,9.584,4.436,30.734307311846464,10.31130428660972
mp-569674,La(CoAs)2,106.913,49.656,129.15548385898532,48.267822067588185
mp-569697,Ce(NiP)2,140.681,70.203,166.81825850489207,64.88933766037064
mp-569737,Tb(SiPt)2,145.156,19.552,171.23154204436983,59.67987523760638
mp-5699,K2CuF4,43.612,18.902,61.018121585233466,25.4251229163418
mp-569931,Pr(NiP)2,168.532,79.991,155.96740420982894,64.11183910368679
mp-569974,Nd(NiP)2,153.813,81.693,157.70679937623882,65.55257216720574
mp-570091,Rb(CoSe)2,47.913,24.585,69.77353085469453,32.46648068976293
mp-570198,Ba(ZnAs)2,47.429,24.024,57.97947448818595,23.450488960416845
mp-570452,Y(SiAu)2,114.468,42.308,126.16556401380691,39.332399907588915
mp-570554,Tb(PRu)2,160.356,98.512,201.5118952208275,102.23617061159877
mp-570837,Cs(AsRu)2,43.315,25.056,95.75998846434246,40.93506561135485
mp-570910,Rb2CrCl4,20.171,9.206,30.256194158182,13.693369245265536
mp-571147,Hf(SiNi)2,187.543,76.808,196.40133704235467,86.51757907740343
mp-571203,Sr(CoAs)2,79.041,33.717,97.42440824485408,42.41273256567251
mp-571339,Ba(CrAs)2,54.127,33.133,52.0786726993786,33.10352053447788
mp-571343,Cs(CoSe)2,49.34,25.52,67.28372115910811,31.66722999845845
mp-571350,Ba(AsPd)2,75.501,31.358,92.52158216246418,36.62811502878984
mp-571367,Hf(CoSi)2,158.095,106.783,209.9751550737185,109.13179256890032
mp-571485,Tm(SiPd)2,135.34,50.944,152.66530701659653,63.57672503777477
mp-571500,Ho(FeB)2,122.263,81.927,189.35573233996345,97.1654119937554
mp-571552,Lu(CoGe)2,133.386,66.56,154.6445691883199,78.04070937717889
mp-571586,Nd(SiOs)2,152.083,88.505,197.97307008936065,91.63462904846465
mp-571665,Ho(SiPt)2,145.703,3.08,173.70678248727944,58.976875569088115
mp-5720,Ho(SiRu)2,159.103,78.475,180.6446027215385,92.7648490801524
mp-573563,Sm(CoP)2,140.398,96.947,172.7850163120276,83.22631299952856
mp-573995,Ho(CoB)2,156.483,110.53,203.16556370121603,116.03182234514688
mp-574199,Sm(NiP)2,138.122,83.438,162.27787648302555,69.33699998519738
mp-574235,Yb(NiGe)2,85.789,39.352,114.3428904672268,54.03952360145017
mp-5752,Tb(SiIr)2,175.73,105.01,205.17242777378917,105.0687950802292
mp-581754,Eu(PPd)2,109.711,50.704,132.3740587070797,52.179635709421945
mp-5819,Pr(NiGe)2,116.144,45.239,131.56642743298713,58.14209680244044
mp-5820,Ce(CoP)2,140.722,95.364,176.54815495713527,78.21881006233455
mp-5835,Ho(CoSi)2,135.687,94.372,167.29597740980978,98.62852898744624
mp-5848,ErZrSb,80.18,38.697,92.63742855972129,47.75959993589447
mp-5852,Pr(SiOs)2,146.212,87.485,194.41368835770157,90.53602404029476
mp-5916,Yb(SiNi)2,106.765,58.089,129.0529296928525,66.60244163392373
mp-5934,Yb(CuSi)2,98.953,54.255,109.0257218451065,57.00996634798272
mp-5948,Th(CuSi)2,133.026,75.141,140.1663916514808,67.06659690602099
mp-5976,Dy(CoSi)2,120.084,94.317,165.88801329358944,97.40643329979194
mp-5982,La(NiAs)2,113.37,49.769,118.16674406442736,41.1981218175224
mp-5983,Tm(CoGe)2,131.945,68.577,153.81816540722926,78.13503545478103
mp-601285,MnGaNi2,157.893,62.601,175.16799958548228,59.35008485495486
mp-606604,CsLi2F3,43.461,18.167,47.4193561917593,21.318981229906868
mp-643257,K2H4Pd,14.628,8.069,26.604794980145183,15.165635983831637
mp-643260,Na2H4Pd,20.548,11.385,44.9285107125576,26.22436714053974
mp-644389,Li2H2Pd,42.316,29.177,58.35022297703289,36.27941835625383
mp-669918,VSnRh2,187.018,77.938,204.25767516701467,69.09604745436516
mp-672294,Eu(CoSi)2,101.06,77.888,137.02094192014513,77.18927145013885
mp-6926,Ca(PPd)2,110.532,46.871,126.75258688384834,50.3016680907341
mp-6940,U2IrC2,185.335,50.107,212.36879811024343,56.440775599231415
mp-6957,Ce(FeP)2,129.529,90.105,167.72779741353662,79.251827453371
mp-6961,Sr(SbPd)2,69.54,20.054,83.22670403066388,20.271285538114434
mp-6962,Ba(AsPd)2,63.365,33.454,88.53989573336555,26.53342169620892
mp-6963,Ba(SbPd)2,63.981,26.896,76.12537091735929,21.940506345997452
mp-6969,Sc(CuSi)2,124.705,66.368,135.7949515187274,66.61834858686616
mp-697096,Na2H4Pt,22.706,12.865,51.12794506014464,29.46998056756768
mp-697133,Cs2CaH4,15.217,10.568,19.240864398391917,14.56933752353743
mp-6979,ThGeS,98.687,59.761,110.79419829678606,56.2990685144844
mp-7170,UTeP,69.175,45.435,93.2450309947255,52.539857398689406
mp-7232,Cs2HgO2,20.095,8.569,30.431340636181805,16.981925699355614
mp-7298,Li(CuP)2,92.396,37.221,100.96920820669033,33.85311693944777
mp-7349,Ba(BRh)2,83.444,49.618,130.3889730609593,62.25670235159003
mp-7361,Sr(CoGe)2,71.077,52.128,104.9378920880642,56.91681372636266
mp-7363,Sr(ZnGe)2,53.367,46.735,58.749401720317714,24.66218011167797
mp-7364,Ca(SiAu)2,93.089,36.257,104.62332506337218,35.7185113712981
mp-7365,Sr(SiAu)2,86.085,41.023,95.78174425584248,35.5900732249164
mp-7366,Sr(AgSn)2,49.71,163.745,58.37695595448204,19.359696258893315
mp-7422,Ca(CuP)2,90.672,53.158,99.43830997138043,43.3646224614772
mp-7426,Ba(ZnP)2,55.357,28.964,63.00267734716052,30.927499477445217
mp-7469,NaCuO,47.66,22.586,68.97845051299727,33.48272983762032
mp-7470,RbCuO,28.024,12.071,43.85918135044184,19.35738805804852
mp-7523,Th2TeN2,79.455,38.563,126.97903606833708,60.27731925203161
mp-753192,Yb4Sb2O,53.82,36.155,63.699205219642565,38.99523322507193
mp-753371,LiCuS,32.045,8.094,46.543302287680994,19.310277270354977
mp-754128,Ba3Hf2O7,124.136,71.974,156.7488009334947,89.66242052397334
mp-754322,Sr2CuO4,104.977,56.612,128.51289600641394,69.92191757236117
mp-754327,Ho2CuO4,150.981,58.736,176.83958184101004,88.2201085353583
mp-754363,Ba2HfO4,109.181,59.646,140.1837032771916,79.25627521837674
mp-754364,Y2CuO4,144.406,57.572,170.94859044794035,84.587476604486
mp-754475,Tm2SeO2,89.409,29.031,132.2053713772903,65.35972764818577
mp-754808,La2MgO4,132.923,78.047,153.50807958458913,79.41978951934614
mp-754976,Cs2BeO2,23.555,8.606,32.620661757242296,17.08981293804565
mp-755293,Sr4Sb2O,41.23,27.873,46.41301798281598,27.990374009048764
mp-755609,Y2SeO2,84.366,25.303,124.47813908861738,58.960780428466904
mp-755895,Ba3Zr2O7,119.003,67.526,147.48815194740996,80.98644744268704
mp-755959,NaLiO,38.429,16.356,46.831150528586534,25.844794553577294
mp-756235,Ba3SrI8,19.59,6.651,20.79231663201636,8.628580699805942
mp-758741,Li(FeP)2,126.556,66.399,173.56220163211492,100.11083489354812
mp-7600,Th(FeSi)2,146.711,88.832,176.32996850179012,99.1778625869432
mp-760417,Rb4I2O,11.88,5.095,15.773974231563406,8.537974720917237
mp-767525,Li6SbS2,34.924,12.923,33.915829058360416,23.43461843451306
mp-768305,Sr2HfO4,122.77,72.528,152.51774825517785,84.23627864179367
mp-768368,K4I2O,13.588,7.139,17.79672302813811,9.604503971726803
mp-769253,Dy2SeO2,85.195,26.274,125.55428711675609,60.34358825593288
mp-7707,Zr(SiNi)2,179.797,82.806,187.0333280187852,86.96416923511926
mp-7725,Na2UO4,70.652,33.502,122.51970140279263,52.283431975873995
mp-7739,Ba2ZnF6,56.113,23.869,78.5611402608815,32.290215525276224
mp-779517,Sr3Hf2O7,135.285,80.788,167.43777344655555,90.28130504045043
mp-7875,Ba(MgSi)2,49.007,39.07,56.98827633416348,31.176056669783783
mp-7876,Ba(MgGe)2,43.231,32.923,52.98477760541673,26.23777556499947
mp-7877,Sr(CuSi)2,86.566,55.773,95.19744365444376,50.25813185944538
mp-7878,Ca(AgGe)2,64.213,26.011,71.51754487006046,28.33738181312793
mp-7879,Sr(AgGe)2,59.767,31.348,65.64703751016094,28.47442245586384
mp-7880,Sr(SiAg)2,71.734,41.392,77.63799677503839,37.738386773026335
mp-7881,Sr(CdGe)2,46.529,4.623,54.825936096198525,19.891592300905625
mp-7882,Ba(AgSn)2,47.006,4.63,55.38451807759056,18.223238431866683
mp-7911,KCuO,33.195,14.741,49.20236905374095,21.814978711713565
mp-8250,La(NiP)2,124.941,75.844,147.95062161820354,57.08263873714396
mp-8298,Sr4P2O,50.236,33.556,57.03053975115924,33.52804080408778
mp-8299,Sr4As2O,46.741,32.082,50.79668623586574,30.653734002689557
mp-8300,Ba4As2O,38.918,21.736,43.128865748528,21.95283963897171
mp-8310,Li(NiP)2,111.137,44.076,140.02531033290632,57.054140338570605
mp-8320,SmScSi,69.1,43.35,75.9284834812762,40.81969098775902
mp-8335,Ba2ZrO4,105.829,56.479,132.66237957662364,72.9288838755209
mp-8375,Th(SiTc)2,151.246,38.343,188.72086858598348,80.52910665022522
mp-8528,Tm(SiRh)2,157.698,86.03,182.8716448310936,90.78701372889384
mp-8582,Eu(PRh)2,133.042,72.154,158.2622725807,74.31565567861183
mp-8583,Ba(PRh)2,81.062,40.46,126.72846226311395,50.83443480298189
mp-8603,RbAgO,24.529,4.133,40.74423513848111,19.32803245157582
mp-862993,ErMgSn,58.946,37.695,63.486424978349895,32.18398323172657
mp-864745,Na3ZrF8,41.055,16.564,82.05689288782784,29.63479004567706
mp-864765,Na3HfF8,43.786,17.57,86.81008697686354,32.49465303794119
mp-8666,CsAgO,21.37,8.448,35.91274223468844,15.695116555663342
mp-8672,La2PdO4,120.843,51.1,146.21962330997954,66.61916656822045
mp-867221,Ce3(TaN3)2,171.176,85.541,209.87840257567404,113.517027383095
mp-867348,DyMgSn,57.967,37.406,63.2020575561357,32.48593897185275
mp-8676,Tl(CuS)2,28.231,16.05,81.25929941646615,27.962640441458024
mp-8682,Ca2SiO4,152.578,98.816,190.00005779575233,122.94172130601456
mp-8789,Ca4As2O,56.917,40.92,64.50731530413967,40.75641825658068
mp-8818,Ca2ZnN2,81.76,44.53,93.12510958255812,56.104457576103606
mp-8861,Rb2MgF4,39.398,21.019,54.678675853049825,32.83524502039811
mp-8962,Rb2HgF4,32.512,11.131,44.40236001900269,14.474496830071866
mp-8963,Cs2HgF4,28.269,10.514,41.425135331137234,14.996792661612869
mp-9179,Ba3Zr2S7,59.427,30.289,75.39152641597553,32.654241589789905
mp-9247,Ba(CuAs)2,58.575,26.516,77.81473991677512,30.954417870031783
mp-9306,Sr2ZnN2,67.594,35.522,74.43410241980133,46.05081786734696
mp-9307,Ba2ZnN2,53.731,23.848,60.346639091389555,32.901283660926595
mp-9321,Ba2HfS4,56.786,30.354,72.7783592075545,35.946181827213486
mp-9473,Ba(NiP)2,76.493,36.39,109.27695535913028,42.654323487989664
mp-9583,K2ZnF4,45.168,20.696,61.188199500594955,28.37843113814616
mp-9610,Li2CN2,49.164,19.417,83.0894662244096,57.729999924080495
mp-9690,Ca(AlGa)2,58.788,11.435,64.24618579078144,29.913956574062738
mp-972680,Sm(AgGe)2,83.302,41.54,93.07693531995838,34.867556560458766
mp-975359,Rb(FeAs)2,39.583,24.942,67.27442720646995,30.297673321756456
mp-978853,Sr(GeIr)2,90.062,63.466,144.21121100417702,67.00878178645254
mp-978986,Sr(GePd)2,76.495,31.552,96.70743048943152,36.86225428110992
mp-9799,Yb4As2O,62.732,42.842,70.95439038927951,46.11887287264223
mp-980193,Ti2H4Pd,139.691,64.14,152.6489118660596,69.26943440414749
mp-9986,CsAuO,22.044,8.773,41.35662008603184,16.953734794026474
mp-10326,Zn(ReO4)2,26.19,12.192,158.2634834126585,66.27906848066002
mp-555678,Na4Ti5O12,133.543,60.956,182.0879402347668,95.36295664347408
mp-8724,K2TeO3,23.313,14.44,60.77603301498366,33.02870129569353
mp-1103642,Ag(Mo3Se4)2,47.099,12.815,127.36473465275306,53.337338804476815
mp-13545,BaIrF6,26.708,10.041,108.2240762385614,39.44559263358696
mp-13610,ZnPbF6,20.125,16.281,96.05691493526898,36.924690591566055
mp-13641,TiCdO3,148.77,42.573,186.4254094974791,82.241723528122
mp-1383723,MgBiF6,15.823,16.557,85.71878620149592,36.88140223738547
mp-13903,ZnSnF6,21.356,19.106,112.01624810331626,45.69220083634197
mp-13907,CdSnF6,12.236,11.044,96.13496975786109,38.25646618364534
mp-13983,ZnPdF6,40.303,21.554,120.60428037068324,48.45953944854355
mp-13993,Ti3NiS6,73.57,41.198,120.58197324629998,62.0648174773215
mp-14142,TiZnO3,169.135,45.719,209.51695355458105,96.499321850294
mp-1445082,CaSbF6,7.511,11.184,73.63794366859632,27.968500777104893
mp-14628,ZnSnO3,143.83,32.654,180.80693369447388,83.35296670412714
mp-15637,ZnRhF6,35.559,19.802,123.56883168879877,44.87955817069714
mp-15639,HgRhF6,24.756,8.073,108.70524187293404,35.083478541569974
mp-19734,MgPbF6,20.958,19.324,91.62466242755868,39.8196157951358
mp-23054,NaBiO3,57.489,23.569,114.79174890443412,60.79231527962243
mp-23546,Na2UI6,3.215,1.937,22.418267731910777,7.676563923063685
mp-27176,NaMnCl3,27.676,9.818,40.81913421708637,16.524253787310805
mp-27421,RbBiF6,13.584,6.409,70.15414295547505,32.34539786234441
mp-2928,FePSe3,17.852,8.942,68.08375005820996,34.479136360470214
mp-3043,Sr(Mo3S4)2,58.991,7.572,146.7660204999327,75.31476026661223
mp-30943,MgPSe3,10.068,6.5120000000000005,53.65969085413673,27.722977231075053
mp-31096,Li3AlH6,36.478,24.109,49.13247929193269,38.314708991338726
mp-36508,SnHgF6,16.357,9.206,93.36457718668257,32.815355201423856
mp-36662,Ho(Mo3S4)2,91.502,45.48,168.57558544354958,91.23015839609018
mp-3759,MgGeO3,167.305,81.692,205.5709049757384,117.88272892726378
mp-3771,MgTiO3,161.087,74.471,206.01680356938417,111.77602777332558
mp-37784,La(Mo3Se4)2,68.329,34.084,133.33937144702645,61.50359351151337
mp-3779,CrSiTe3,12.075,4.726,63.069683286932744,32.418698929192615
mp-3835,Ba(Mo3S4)2,54.991,14.911,140.6840317736503,72.0158558250887
mp-4608,KPF6,23.365,7.181,101.3529985079311,66.61115189576235
mp-541449,CrGeTe3,12.438,8.261,59.062231886559445,28.59116681967401
mp-545999,AgSbO3,86.643,0.01,146.19486599587165,70.99045311318169
mp-5924,MgSiO3,189.894,103.854,234.5593184532712,151.56930673167273
mp-623024,TiCdF6,16.341,14.26,101.94287129527166,43.25558300641656
mp-675104,Na3YCl6,20.048,8.16,33.57531866350162,15.955204098602405
mp-676058,V3NiS6,77.971,102.936,123.25113723271436,63.83898080166136
mp-676512,Na3AlF6,47.494,23.772,79.9747498580897,46.02346254703251
mp-754246,TiSnO3,25.074,17.517,128.3203545521342,63.15897137668712
mp-754701,CaTiO3,135.519,52.0,172.97660380135284,87.17096607190702
mp-755225,Li8ZrO6,93.569,55.213,121.68805112461096,80.97918409304755
mp-776083,HfSnO3,22.014,14.412,120.42124033715292,61.17694468758634
mp-776320,CuAsO3,50.551,6.569,178.56058818753502,89.92427099180063
mp-780260,TiGeO3,27.439,16.375,133.47988779673588,69.49771692473156
mp-7921,MgPdF6,30.483,22.643,114.51665319756076,51.7286649106256
mp-7922,CaPdF6,21.718,12.227,96.25740472132536,42.13646506650765
mp-8096,ZrCuF6,13.999,6.777,103.879548529066,33.94503276949808
mp-8255,CaPtF6,19.548,11.715,103.37105942132312,41.44721189379187
mp-8256,ZnPtF6,33.853,19.578,129.84978528722527,50.20049817525197
mp-8275,CdGeO3,147.362,45.555,180.96668892169504,86.9483605908355
mp-8285,ZnGeO3,163.128,42.095,204.17900623954225,103.96019538484444
mp-8290,BaSnF6,35.683,19.878,98.48498909351314,42.57135182634636
mp-9056,ZrPdF6,7.646,11.439,104.72259597253704,37.65939850103846
mp-9330,CdPS3,11.099,6.8469999999999995,63.68553332700948,29.78316746700168
mp-9636,CsSbF6,11.184,4.926,75.87836446086435,37.99486610178446
mp-9819,RbAsF6,15.18,6.896,84.17849111985194,48.50799169422963
mp-9927,MgRhF6,22.148,21.445,116.07870089688416,47.6150091816435
mp-1029868,Sr5(SiN3)2,81.348,38.641,107.881708329845,70.00477693774609
mp-10417,KSbO2,23.533,16.167,75.88665818214116,40.86765959160642
mp-12647,TbNbO4,134.127,53.917,215.72691038492184,99.00657959134874
mp-12862,LuTaO4,161.12,73.874,240.60251205719223,117.98074241443416
mp-15113,Na2Si3O7,101.485,67.825,199.16630270631128,124.5491447197021
mp-15254,Li3AlF6,47.682,29.604,92.37108395483756,54.48558180989721
mp-17518,Sr2TaN3,69.088,38.896,130.531874828131,69.96021634416945
mp-17701,Sr2NbN3,70.857,38.942,124.34438940884355,66.74657322077933
mp-17702,Yb2SiO5,81.431,30.023,133.7774372670103,77.79039851794703
mp-17892,Ca2VN3,93.415,50.422,147.0070790693447,84.15944482085844
mp-2356866,PdSeO4,23.43,10.796,102.55245166818472,51.3364783108921
mp-2456411,CsCuCl3,7.946,4.371,28.931949046629786,11.268632257554556
mp-2677258,PdSO4,27.378,13.766,130.15107847121786,71.79345546137424
mp-2679737,Tl2CS3,7.347,3.907,34.7355585956039,19.678376531073457
mp-27577,Cd2As3I,36.257,18.64,52.789483866733114,24.178049272692125
mp-28810,Na2CS3,16.312,7.334,44.15486936983165,25.09787288075573
mp-2931,Li2TiO3,110.301,71.679,179.01401820601657,105.998318512394
mp-2933,Pr2(ReB2)3,212.95,119.223,239.46247963067657,139.00173921274072
mp-29396,Cu2PbO2,49.45,17.547,99.29961455932504,34.653966623893915
mp-30312,Ca2SiIr2,96.593,40.151,116.85835449184728,48.84393267668358
mp-3054,Li2CO3,53.936,28.12,95.95759377152324,61.31199096682998
mp-3144,HoNbO4,141.033,58.084,219.80107463500923,102.38761978271816
mp-3638,Cu2P2O7,80.272,40.718,175.95758639829594,97.98016768129072
mp-36864,Li2TiO3,122.947,87.311,182.87683385577148,109.5205286634603
mp-3707,CaGe2O5,121.058,25.3,175.64407719221057,106.279775848074
mp-3751,AlTlF4,45.26,23.515,89.02119493082468,46.93830958278984
mp-3827,KFeS2,16.879,9.027,38.77519383436246,24.666704799402257
mp-3901,NdNbO4,106.12,38.657,199.7330312408668,87.93112511373123
mp-4156,Li2ZrO3,100.625,55.316,170.15730996173707,100.61948778967565
mp-4321,MgSiO3,101.455,71.846,198.1150773859594,126.7778048218304
mp-4819,MgGeO3,111.428,65.203,173.72199134352084,102.81033153317532
mp-4867,CaAl4O7,113.819,47.283,161.0198418412296,97.7409619819078
mp-5038,CsGaS2,12.848,6.173,36.75505084992682,17.371929632459885
mp-5370,ErNbO4,142.997,57.979,222.2788950565212,103.25515202865007
mp-5372,RbFeS2,19.246,8.026,33.308858696216795,21.218910937162335
mp-5387,YNbO4,133.321,55.399,214.9302423828895,98.79316235140246
mp-5414,NaSbS2,23.333,14.886,54.362002476245834,27.221587664730627
mp-541638,K2(ReS2)3,35.777,19.961,115.16964430932735,74.05388867894219
mp-541895,Na2(ReS2)3,36.443,20.662,130.94871214290802,82.20783453392949
mp-542833,Zn3(BO3)2,90.488,30.787,138.25849289996188,78.8540618971841
mp-5503,ErTaO4,154.87,73.121,234.25008678556227,114.38455965071935
mp-555296,YbTaO4,94.996,40.993,194.25959044196972,74.67046108948922
mp-560119,TbCl2F,60.1,22.259,73.22960560097282,30.116266288058263
mp-573658,Cs3BAs2,12.943,5.717,20.770825203709983,11.873773739492812
mp-603930,MgSiO3,102.987,63.039,189.48240326348753,118.61374576964768
mp-685194,Li4Ti5O12,108.701,60.558,197.87854095247997,114.49415877956672
mp-690733,H2SO4,10.776,6.367,104.7178221847726,67.90352952964149
mp-697331,Mg2NiH4,52.729,36.277,82.46797850223412,42.73504933311112
mp-7086,RbFeSe2,16.048,5.087,29.324272920893367,15.691460287155426
mp-755352,Li2HfO3,106.444,66.947,182.6559855743617,111.71939250763415
mp-768572,YAl3O6,55.637,36.039,160.83951173987535,89.44236666234798
mp-9664,K3BP2,18.515,8.013,30.849535264355,14.261302173310565
mp-9665,K3BAs2,16.559,7.368,25.12289296400835,12.37071191583314
mp-9718,Rb3BAs2,15.057,6.582,21.591467233667224,11.90808546489291
mp-9843,Sr3(AlP2)2,51.236,29.669,65.80328396380749,36.791013685066424
mp-9884,KFeSe2,19.144,7.483,33.46496424499119,19.151285478282773
mp-990440,Na2ZrO3,80.895,50.952,138.51038528858027,76.77524029984144
mp-996961,LiAuO2,56.84,17.227,103.45463268879804,48.546116519051296
mp-997108,RbAgO2,23.26,10.684,44.89084420408141,24.8380106744643
mp-2717324,CaCO3,75.372,30.213,118.20660012581595,70.98398322585948
mp-4829,Na2ThF6,51.138,26.423,106.45109862603448,44.61255719736626
mp-504908,In2TeO6,141.455,60.251,177.76315505492633,94.33797885594004
mp-753326,LiAg2F6,50.447,17.197,79.84649884484958,19.00031084337739
mp-1024067,Na2ZnS2,30.666,14.149,47.23552321216284,24.779279773669103
mp-1029595,Na3OsN2,41.387,20.467,81.4522610448522,40.82338638775387
mp-1029756,K3BN2,29.455,12.232,47.65301851808569,24.295838160639335
mp-1029776,Li2GeN2,83.069,43.636,137.54050467896664,91.93422661309276
mp-1029779,ZnGeN2,148.878,74.731,173.0656358543538,111.19442835399344
mp-1029838,SrCrN2,92.015,32.947,140.90753288437244,70.8060110498937
mp-1029878,SrMnN2,92.183,30.4,145.73485610569188,70.46398776132052
mp-11790,LaCuSe2,56.604,29.194,76.91229498873733,34.75376536668351
mp-11793,SmCuSe2,62.981,30.835,84.63104834837272,37.64522403049798
mp-1196187,Cu2CO5,61.818,28.883,160.02103453370364,70.86189340827273
mp-14600,CaAl2O4,78.458,44.59,152.2153046295456,93.34424419657856
mp-16913,Ag2SeO3,31.512,8.633,105.27703354833535,39.07174447167143
mp-16993,Er2SiO5,115.912,54.525,196.999449019346,113.82155291320932
mp-2213127,PH3O4,16.131,8.964,135.00517709694728,87.86171229849728
mp-2379939,Ca2SiO4,87.228,43.197,135.2986960155935,82.13234947477883
mp-27275,Li3BO3,72.847,42.251,108.54198508936106,77.08180766999276
mp-27904,FeSbS,123.849,95.505,140.21223149594113,91.48694251010532
mp-28150,BaNb2O6,90.563,35.739,192.03520521283616,91.9039127743085
mp-28630,Na3BN2,46.765,24.856,70.20532294584717,41.867862421024505
mp-2932,Y2Si4Mo3,156.022,98.283,171.36769148819988,104.45883049313744
mp-29463,LiBeN,92.715,65.035,117.98249563158478,88.17842237327517
mp-29520,LiAuI4,6.138,3.8,24.911994176207592,11.458245802396355
mp-29596,Ca3AlN3,93.704,48.55,115.41243429909304,71.29324136041153
mp-2963,CaAl2O4,81.122,43.029,149.18058940350136,91.005120580695
mp-30981,Te(HO)6,26.626,18.976,127.31402090307436,91.2700006678276
mp-31038,CuSe2Cl,5.622,5.1370000000000005,51.22272390663948,19.132509495968996
mp-3397,Ba2TiO4,64.743,30.35,108.31788775046,51.99258663406496
mp-3416,Na3AlF6,50.993,28.155,82.42518049104801,47.84064702203638
mp-3470,MgSiO3,97.725,67.421,195.08769981067545,128.68439537828715
mp-3584,NdPO4,114.656,55.684,198.02939715532244,118.34400709472948
mp-3635,LiBO2,62.738,31.277,103.48622573677928,66.05249213806609
mp-3739,NdCuSe2,62.416,30.024,82.21351837604858,36.27320246391977
mp-3768,KN3O4,14.515,6.382,87.75966536513221,62.447651213562295
mp-3962,LaPO4,104.626,48.615,187.24586810367887,108.14817133899908
mp-3963,K2CO3,27.466,12.321,62.45189010875302,41.383319998822
mp-4138,Rb2CO3,24.861,10.78,55.04959166638931,34.51345836860392
mp-4165,TaNO,267.592,129.73,320.6034054630507,150.45980835700004
mp-4180,Ca2SiO4,96.958,48.988,152.69510984737556,93.89715308984196
mp-4199,Na2S2O3,27.015,13.524,83.54523456947899,55.06494559832811
mp-4249,Hg(CO2)2,44.013,20.522,101.0147370963326,58.08525009603999
mp-4252,SnPS3,16.223,11.956,66.51396364982523,37.42077111199031
mp-4421,LaTaO4,126.822,28.246,211.47106462373216,100.22672020500818
mp-4549,SrSiN2,96.042,34.515,154.98542037960587,102.66376994224818
mp-4556,Li2SO4,45.0,21.273,124.69594362853054,82.96047065457275
mp-4661,ScOF,142.79,62.971,164.7459257304749,79.36037361928824
mp-4662,ScOF,104.243,46.104,151.0125673851075,71.0050027619322
mp-4988,TlAsS2,8.873,5.635,47.50859977349427,21.620150306406423
mp-505368,As2Pb3O8,40.636,21.852,120.37605682926332,58.93262209024973
mp-510535,CsB5O8,27.061,16.982,129.05966119982472,75.66446025327141
mp-5152,La2SiO5,99.469,44.933,159.50683565885458,83.67945931612296
mp-5282,AgCO2,33.367,11.493,-14.374920995362892,27.48663755726575
mp-5409,Y4Al2O9,132.792,25.895,166.01952230663505,93.33002673561624
mp-540925,Hg2AsF6,17.53,5.849,71.31028575498809,42.257373064202504
mp-555064,Cd(CO2)2,45.668,22.782,112.8030318299473,61.30577923345081
mp-556548,Bi(BO2)3,87.617,50.69,200.38639663765403,121.9425145591242
mp-559051,BaBiO3,106.167,49.331,121.4396627450958,61.80399919294573
mp-559939,Ba(PO3)2,51.839,24.574,150.1231644499277,97.00540332968694
mp-560927,Y4Al2O9,120.978,26.941,167.1896350124071,94.04356542875578
mp-561511,FeAsS,139.131,117.383,170.49435212391575,110.99327061741872
mp-5706,SnPSe3,17.329,11.328,57.539726196732424,29.8455173548346
mp-5733,CaSiO3,92.34,47.273,155.60148712879538,96.49587382272976
mp-5766,CeCuS2,51.385,11.751,84.91243162150404,41.69558628006084
mp-5929,Na5SiP3,30.046,16.822,45.44106932989803,26.88612924442772
mp-616458,Cs2CO3,22.432,8.493,48.410934768999,29.47669168417105
mp-752496,TiOF,154.987,66.392,179.04127025181614,75.0554752303622
mp-752730,Ba2GeO4,64.347,31.103,107.0414574763601,58.46215793933484
mp-753257,LiCuF4,27.725,19.272,81.6981922070268,36.84560074679655
mp-753708,TiOF,135.307,57.512,175.56618077298182,85.91918563033569
mp-754134,HfZrO4,203.819,98.598,227.167519675973,103.48519858820276
mp-7596,NbNO,236.601,110.04,296.49286460557124,124.28939689874709
mp-766217,Sr4Cu2O7,94.546,53.21,121.54532735861508,62.75756442643865
mp-768870,Ca(ClO3)2,22.378,13.661,93.09642329671524,60.05575126796684
mp-8842,CaSiPd,65.66,32.776,95.47854258194828,42.506500896477064
mp-8982,CaSiPt,61.333,33.737,106.71291929535477,43.43213147902609
mp-9635,Ag2HgS2,52.636,12.745,64.33325577392682,19.45355622885032
mp-978278,Na(BH)6,11.036,6.038,88.64518352415057,84.56975808994801
mp-996983,AgAuO2,63.604,17.878,103.03467038356916,30.882706573118377
mp-12403,LiBF4,14.836,7.539,83.57042733951162,49.343823709372565
mp-4236,BaZnO2,82.555,33.339,93.66004413148326,45.78955693094463
mp-756018,BaMgO2,79.228,40.188,86.25781543710339,51.8195725183316
mp-2455462,B2(CN2)3,5.5120000000000005,0.512,56.850399136414666,34.25433893092514
mp-3955,AlPO4,30.491,36.63,174.79414443563783,106.52351770156363
mp-1008526,B2CN,322.966,226.252,358.5675533643586,257.2093752658952
mp-1014244,ZrZnN2,177.173,80.045,199.8397218141288,108.6294829697615
mp-1014251,HfZnN2,188.438,85.889,210.97210609881265,119.73497838042016
mp-1027890,Mo2SeS3,18.749,8.256,97.81405650159064,66.19677690274094
mp-22253,Zn(InS2)2,32.235,16.944,66.3245681218786,29.643038471304788
mp-22965,BiTeI,5.729,4.804,39.329850419396024,14.705503100026872
mp-29057,Nb3SBr7,12.982,7.903,70.3831941298111,38.48612527469283
mp-33723,BiTeBr,6.627,4.678,43.75398073845054,17.625020330833593
mp-36209,TmCuSe2,65.942,29.485,80.61938825897877,35.62813822116243
mp-567713,Nb3TeI7,11.976,8.516,55.87207805983679,30.07611358418584
mp-637614,Zn3(InS3)2,53.459,22.686,72.20451897584181,36.10219670073934
mp-675180,ErCuSe2,65.035,28.853,79.94034755914984,35.44025380871668
mp-675349,DyCuSe2,64.673,28.215,78.85800746959453,35.07852484187336
mp-675902,YCuSe2,61.605,27.881,77.18527733873917,33.73115962003007
mp-6980,ScCuS2,79.868,37.063,103.4972874497039,45.513782673982014
mp-754912,LiCuO2,109.67,25.035,141.95447317955114,46.45262742985197
mp-7885,AlAgS2,75.663,35.872,87.80139572046919,41.0310602043583
mp-27462,AlPS4,6.855,4.068,48.19628875853648,28.494399691898817
mp-13334,ZnSnO3,164.367,62.67,185.51615399093657,87.97777211463175
mp-23736,LiMgH3,40.623,28.674,47.150665334953906,38.39916783942238
mp-3666,LiTaO3,121.383,72.113,235.22460877840905,123.25204173334367
mp-3731,LiNbO3,103.121,49.129,209.81194155992412,106.32612541468056
mp-4431,Ag3AsS3,22.91,6.11,61.668140841540904,18.171034288355944
mp-4514,NaNbO3,100.75,37.235,191.75859768742552,95.70317034824758
mp-551918,AlBiO3,126.197,63.244,202.18317214137207,101.99168848179971
mp-552185,AgNO3,32.285,7.759,78.78935688218513,38.655851692705866
mp-5730,Ba(BO2)2,47.902,18.109,92.64253965801036,53.39947728010116
mp-754009,ScBiO3,96.558,39.586,161.48069203010164,76.42297935161893
mp-755568,GaBiO3,103.348,36.043,177.55320261076045,78.85983210516184
mp-758052,LiCuF3,72.986,4.969,99.4277025187554,26.268179772133436
mp-768310,LaBiO3,57.541,15.033,131.00075942735634,50.46535868033675
mp-989524,LaWN3,167.515,55.095,251.9525482660286,129.15155146746906
mp-989576,YWN3,163.844,35.462,253.94777112216403,127.8174145554199
mp-996940,TiReN3,269.191,103.364,316.8508586780678,143.67241344249322
mp-22286,Ag5(PbO3)2,89.855,19.145,104.30393216277866,39.13338306052923
mp-28357,NbHg3F6,23.318,2.2,86.9423062219058,32.45810334818163
mp-31220,AlSiTe3,14.548,8.574,48.781041518844944,24.45516569269372
mp-4002,Li2ZrF6,58.042,35.314,115.63304019259556,50.34617518737414
mp-6915,As2PdO6,140.541,74.07,196.55878440606872,103.392694486158
mp-754065,Hg(SbO3)2,101.62,30.952,159.13791894972942,80.7686194011205
mp-8922,Cd(SbO3)2,107.992,47.314,167.57780176711734,92.1051972278852
mp-9125,Ca(SbO3)2,98.203,50.345,160.85201680932244,94.66818989179168
mp-9127,Ba(SbO3)2,87.909,41.371,136.90730981524445,79.37285933517079
mp-29417,Na3ScBr6,14.933,6.566,26.916141911108344,12.703843056229742
mp-17481,Mg4Ta2O9,148.83,76.439,211.61088580871055,116.55315293696202
mp-1008525,B2CN,321.128,208.41,353.2128183759644,232.3779653322247
mp-1018020,NiAgSe2,77.26,19.075,84.90527189034648,27.566079255096167
mp-1018072,KTiS2,51.499,33.145,68.64687648178104,35.58139640722483
mp-10225,NaVS2,57.655,19.874,83.73023107977365,36.95396991325834
mp-15226,CrWN2,295.098,142.003,317.1287817534316,152.27229308621037
mp-16318,RbTiS2,51.784,31.835,66.16882782278,33.59643548480271
mp-22958,KBrO3,19.057,10.994,62.57193511133434,37.27234534624535
mp-2420227,V4GeSe8,47.823,44.806,90.97282671537457,54.87203512293808
mp-2802611,H3ClO,8.222,4.34,29.958802634714736,20.21579369610871
mp-28240,CSO,2.012,1.038,33.023046060801185,18.237279584027853
mp-28872,RbBrO3,16.727,9.591,56.593938010666854,34.97663314721071
mp-29643,CuAsSe2,42.788,9.879,63.426933027609685,4.3537169393762465
mp-30068,CIN,5.029,3.178,22.805380567302596,14.138092366215943
mp-3107,Ga3PO7,149.786,60.464,201.2747349133319,111.47429738708942
mp-35308,CuCN,9.228,14.778,42.743223911172336,23.193720549773268
mp-3532,CrAgSe2,62.714,22.96,75.80711966917215,33.711241792246106
mp-4182,CrAgS2,77.616,26.272,89.83882094572063,40.274612362773304
mp-4559,BaCO3,46.663,21.432,85.75881984415774,53.21628632086742
mp-5020,BaTiO3,94.151,40.831,169.80509906834658,99.67491884959225
mp-541937,Zn(InS2)2,32.329,17.426,65.85048679607857,31.121166229924896
mp-560676,CrAgS2,26.548,16.293,96.6805637078263,49.626544191308
mp-568587,CrCuSe2,79.768,30.456,88.41009685822173,43.55980777706358
mp-5862,CrCuS2,92.238,39.336,109.28534045619176,56.55024594878945
mp-7375,KNbO3,103.322,30.726,181.69181698547,100.91659071811678
mp-754850,NaTiS2,52.215,30.741,84.4097052476926,42.02718235240934
mp-755018,RbTaO3,104.305,20.922,197.2910232976453,120.40951370862548
mp-757100,LiCoS2,69.93,19.302,104.00371535058837,52.48451290458283
mp-7861,CrCuSe2,68.209,21.226,79.57658406905112,35.68317354638079
mp-1001783,LiSnS2,47.326,26.474,66.7542982717097,31.50047045530116
mp-1001784,LiTiS2,60.842,39.777,92.70418088054616,47.52747633091537
mp-1001786,LiScS2,55.65,32.783,79.20290945291731,45.40698394732651
mp-1007663,HoTlTe2,29.727,17.83,42.74549946914058,18.01545193966247
mp-1007907,ErTlTe2,29.857,17.841,43.16481728141004,17.913370531508583
mp-1007908,DyTlTe2,29.759,17.633,42.54038603236343,17.52244740507233
mp-1008561,TmTlTe2,30.528,18.038,43.154321899554475,18.36392879127368
mp-1017508,LuTlTe2,30.603,18.299,43.448693878216986,18.63604275905029
mp-1017514,MgSiN2,222.992,171.341,256.22184791420307,170.28494489668256
mp-1018025,LuAgO2,115.236,32.479,130.49866016061628,68.40819592450707
mp-1018031,KInO2,86.691,43.643,110.82168109730512,53.29589069227339
mp-1018033,AgRhO2,141.419,37.018,180.7045696736388,72.47407128602032
mp-1018051,KTiS2,51.441,33.931,70.77641289384044,33.665856080910395
mp-1018096,Ba2NF,45.001,21.239,57.138879054413565,25.40964491757865
mp-1018098,Ba2BrN,37.437,16.787,45.39567068071751,23.82643420691709
mp-10214,Y2GeRh3,136.722,50.308,150.11066198443518,64.58888345236673
mp-10224,NaVS2,59.208,33.967,86.31663095061745,35.55861451909197
mp-1029267,CaZrN2,159.589,113.863,187.70197804359313,127.29280730532936
mp-1029359,CaHfN2,167.939,121.918,196.81125016444545,138.79784523709577
mp-1029375,BaCN2,46.455,4.322,71.1589502069991,36.66160363040336
mp-1029479,Ca(InN)2,91.659,37.724,110.86419406002268,55.44914219014159
mp-10777,RbCeSe2,27.312,16.898,41.45565856808151,19.179676384150405
mp-10778,RbPrSe2,31.371,18.356,44.9315702169166,21.52732998841668
mp-10782,RbTbSe2,34.15,20.777,47.99118294915818,23.91227845016577
mp-10784,RbErSe2,37.031,21.547,48.73249970093578,24.82083179223963
mp-10785,RbLuSe2,36.241,22.803,49.95460689430068,26.162419073703468
mp-10876,Ca3Al7Cu2,70.706,42.193,75.98714811579408,41.87529171246965
mp-10969,CdCN2,83.537,26.788,118.42282590819303,53.37199470646035
mp-11178,SrCeN2,114.646,56.597,123.35797406893596,62.69546227134306
mp-11430,Ca3Al7Ag2,62.159,35.969,68.7019103213918,36.5509716819423
mp-11719,K4ZnP2,17.068,8.485,23.004611829171377,11.109843465243648
mp-1190963,Pr2Fe17N3,155.341,79.573,157.01223763855046,88.62604711467743
mp-1215198,ZrUB24,232.951,193.022,245.20547495516016,193.68247435562972
mp-1217924,TaNbC2,308.794,198.354,346.5354651404587,186.61934220453665
mp-1226352,Cr2Ir2C,307.831,187.727,324.38131792331615,148.11501682542365
mp-12317,SrCN2,56.929,13.863,85.66920147582478,48.11536561576472
mp-12335,MnCN2,95.244,33.227,139.74939688603968,69.0355177615626
mp-12360,AgSbTe2,48.782,16.926,56.21908289038266,26.135670394625578
mp-12527,Ti2Te2P,21.093,14.556,83.20339784241416,45.75937232019045
mp-13313,ScTlSe2,41.765,24.788,56.498748304242255,26.05053850982302
mp-13314,ScTlTe2,32.504,18.692,43.294398631199506,18.208128310991437
mp-14006,BaGeF6,49.629,21.423,102.31236567953503,52.95950795921631
mp-14115,LiRhO2,114.358,43.813,198.36291129156243,99.46774598727744
mp-14116,CuRhO2,163.487,42.539,191.4360661284814,81.60062299123574
mp-14205,K3Cu3As2,23.904,10.21,44.83760066085905,17.536802234954102
mp-1444267,Al(SnO2)2,127.838,41.61,144.30698502175943,65.27140033206763
mp-14790,Ge(Te2As)2,20.643,15.343,58.59230152480938,29.44337866716084
mp-14796,KPt2Se3,24.605,11.179,68.33660780382668,30.35006358662276
mp-14797,RbPt2Se3,23.717,11.021,64.46104513730812,29.29345109489515
mp-15779,Mg2SiNi3,124.71,74.315,142.67532101563515,77.3488559104105
mp-15781,KLaS2,37.153,20.828,51.3980856441604,24.55752975075128
mp-15783,KSmS2,40.489,25.094,55.721773988570405,30.19851409729246
mp-15788,LiYS2,48.397,27.464,76.57967908044718,41.47686070275813
mp-15789,LiDyS2,49.046,27.451,77.17344010194333,43.75471336520583
mp-15791,LiErS2,50.021,28.514,77.96762055506721,44.50092096757574
mp-15793,LiTbSe2,40.551,23.333,63.53659471147138,32.25984691646609
mp-15795,LiDySe2,41.119,24.176,64.20472385875432,33.19841059335934
mp-15796,LiHoSe2,40.461,24.071,64.76686142015988,33.69959227768863
mp-16052,Ba(Cu2As)2,76.143,13.558,91.75483725849044,28.493892212520592
mp-16755,Mg(AlS2)2,21.873,14.885,75.13341161342316,40.486281348004105
mp-16765,Zr2Te2P,21.346,17.264,88.43979557291196,46.05751132491952
mp-19747,Ni3(PbSe)2,57.203,17.818,99.71937252060576,34.31228039142242
mp-19799,BaPbF6,45.434,17.411,83.15876301594184,31.40661853466911
mp-19807,Co3(SnS)2,101.711,54.94,138.68763064398976,63.96958007203523
mp-20458,PtPbF6,53.788,9.287,117.00960993525383,50.14352282850721
mp-20708,In2Ni3S2,60.931,27.627,115.23494668841232,45.8941532324295
mp-20930,InCuO2,121.57,33.594,133.4816060817299,58.78713809471201
mp-21863,Pd3(PbS)2,58.5,17.584,91.86073681026464,25.703357276742103
mp-22566,TlInS2,45.413,22.184,59.16538150904911,27.424942295787744
mp-22660,InAgO2,107.674,28.665,125.2356493318062,53.054743891466835
mp-22936,Ca2NCl,57.888,35.853,66.23966507764095,43.18023688156112
mp-23033,Sr2NCl,47.295,27.118,56.75263272925657,33.82649687349192
mp-23056,Sr2BrN,44.628,25.243,52.970167352134624,31.66898832950203
mp-24081,ScHCl,16.745,9.791,71.69817570068092,45.33369185693423
mp-25372,LiCuO2,118.564,59.679,153.9145322620125,52.91402097415639
mp-25417,LiTiO2,132.322,77.858,194.38509036839037,84.86816786074792
mp-2695851,CdHgO2,77.064,16.08,88.50393951678197,29.591276033248963
mp-27438,TlBiTe2,27.664,15.95,38.85813545919028,18.103186403625497
mp-27682,NaSnS2,39.706,20.865,57.03465570889644,26.50619645849674
mp-27837,NaHF2,32.742,10.903,42.45148654861434,21.91398500862478
mp-27916,AgBiSe2,55.442,16.44,68.57565668834843,26.13342038920618
mp-28006,Ca(Cu2As)2,78.254,15.31,104.6806322751334,30.570457318926582
mp-28302,K4CdP2,16.356,7.963,21.80355767284187,9.882431898793994
mp-28591,Na4HgP2,23.476,12.461,29.912766345829727,16.519719729563988
mp-29149,Li4NCl,40.286,28.342,47.92335403377229,34.6170230424196
mp-29151,Li5NCl2,38.043,26.953,42.73044261958603,30.2203986469888
mp-2931468,ZrScB24,225.71,198.203,246.8359794457576,167.85550680792264
mp-29484,K4HgAs2,14.347,7.232,19.7233959663773,8.980617099979876
mp-29584,K4BeAs2,16.006,8.037,22.875468342432978,11.393288390564798
mp-29585,K4CdAs2,14.836,7.057,19.831586325484665,9.384247656951509
mp-29656,AgBiTe2,47.47,15.999,54.76651935278324,23.028339945641417
mp-29666,Bi2Te2Se,12.946,9.841,55.14765385014268,23.539288548583222
mp-29678,AgBiS2,61.742,14.291,76.51163022995962,28.33389050966177
mp-2997,ThB2C,181.305,124.008,203.40060916897033,124.19329388869411
mp-30091,MgB9N,208.317,152.913,242.67991754574845,212.41615578140687
mp-30533,KPt2S3,31.59,13.097,80.03673356032026,36.96060972364748
mp-30580,SrGaCu2,52.608,26.153,65.42831357896641,27.17994824069385
mp-31402,Sm2GeRh3,131.74,45.013,142.96456811996347,58.561830661556506
mp-34460,Ag3AuS2,42.873,1.937,48.051029756510545,10.089742556922232
mp-3613,NaErS2,46.984,28.121,68.49010276541964,37.676446506615555
mp-36329,SrUO4,132.524,45.623,178.9092960240148,73.81839856852196
mp-3637,YOF,131.718,56.884,155.79162640927828,80.80157837633058
mp-3748,AlCuO2,156.0,81.731,192.63358449580397,115.60137906427354
mp-3857,Ba3(PO4)2,66.543,29.566,135.08772034410796,82.73765174486327
mp-38605,Sn(BiTe2)2,16.764,13.418,49.65396889622536,22.344124418772125
mp-3960,CaUO4,137.995,54.77,192.43686506175823,77.4157184183447
mp-4026,KCrS2,55.286,34.149,72.20573863290554,36.71874992920617
mp-4124,CaCN2,69.862,20.23,100.18535325543384,59.50452513051854
mp-4280,GaCuO2,148.134,55.03,168.42321387292242,81.4036357477217
mp-4383,Nd2Fe17N3,156.971,80.253,157.01330277251347,89.28226746200244
mp-4483,AgAsSe2,61.135,22.406,74.73090347340006,29.968622123032755
mp-4494,NaYbS2,36.215,11.768,45.46273068177032,16.383001267394246
mp-4519,KPrO2,67.63,36.621,95.72938882232825,55.39130148875124
mp-4573,TlSbTe2,28.606,16.998,40.24223409036225,19.462930668830477
mp-4636,ScCuO2,135.234,44.365,154.2887518559986,76.24619124223456
mp-5175,NaInO2,90.689,50.611,128.00742017029336,62.23454407743085
mp-541911,HfNCl,30.612,11.245,139.2371389039007,69.37727543855175
mp-542791,ZrNCl,25.629,14.551,131.71142658470652,63.19976464381596
mp-5475,NaTaN2,136.044,88.887,212.66421307971288,132.5960531109207
mp-5528,Ni3(SnS)2,60.846,26.959,115.25588216845546,37.969860670799896
mp-554212,Tl2Ni3S2,46.555,17.662,89.30533190126073,35.08048047025664
mp-561751,CsErS2,41.486,26.154,54.656316314235696,31.23513984227727
mp-5634,NdOF,125.408,12.254,143.66351145100526,74.85083332069209
mp-5662,Ce2Fe17N3,151.877,78.895,154.34271265046362,85.87881980994078
mp-567441,HfIN,20.721,11.256,115.8640081926912,55.87478720965821
mp-568592,ZrNCl,24.623,12.548,130.91185238178133,62.384959732979546
mp-568991,Hf2Al4C5,190.181,129.36,210.81068930999237,152.12393336143649
mp-5693,NaCrS2,60.393,34.579,83.46550639383152,44.26038507170673
mp-570097,Sr(Li2P)2,42.562,33.657,48.30405691122366,34.577544522252566
mp-571419,Zr2Al4C5,184.048,124.562,201.7237478562417,142.65986466746148
mp-571461,K4ZnAs2,14.495,7.556,20.391984407687243,10.397424839861726
mp-573316,CsPt2Se3,22.171,10.872,62.24698852577321,27.910033583462425
mp-5773,BaRuO3,115.604,37.097,166.52582725876533,73.18390454890972
mp-578601,NaNbO2,133.066,63.662,187.63438285090524,67.31253552497503
mp-578606,NaCuO2,111.932,57.044,133.36565978946226,45.33467551064973
mp-5798,Al6C3N2,158.937,104.243,184.92609118483475,130.31234607292677
mp-580886,ZrIN,22.311,12.264,111.65425156958146,52.416301131296834
mp-624492,Li(Fe3Ge2)2,127.273,59.397,147.37596514335092,73.89604504896312
mp-654812,CdCO3,98.773,69.661,93.93558863540586,16.059973590599306
mp-675283,TlPF6,13.435,2.746,86.6986810062673,52.22388300643262
mp-690794,Sr2HN,39.431,27.03,57.960415509150074,36.65508660701215
mp-6972,YCuO2,115.991,32.461,129.01198199919605,62.92100979620528
mp-7002,NaTiO2,104.141,63.701,169.4573621425501,77.10318193574797
mp-7017,NaNbN2,129.459,85.619,202.2276108645022,121.8704367463874
mp-7041,CaHgO2,66.621,18.564,82.8582510968815,39.45944095134981
mp-7240,NaRuO2,94.522,16.158,181.45090719510668,51.114502873170565
mp-7439,K3Cu3P2,25.523,10.614,51.318122944676645,19.42721729630106
mp-7476,RbDyO2,78.05,44.923,105.23981931234512,63.063752880672894
mp-7477,RbErO2,81.747,46.64,107.5216347428052,65.18051486464951
mp-7478,RbTmO2,82.532,47.336,109.73604523381849,67.15480407569778
mp-7480,RbLuO2,84.479,49.502,111.60764922042272,68.54745763227105
mp-7502,K2Sn2O3,23.584,16.772,62.72769664791301,33.36430200096338
mp-753098,LiCuF2,57.622,24.837,66.91226927845321,35.96614433246883
mp-753226,SmAgO2,100.303,24.628,111.97031160569378,53.72476209979865
mp-753260,LaAgO2,90.615,23.117,103.2505130396242,41.67684980501631
mp-753298,PrYO2,115.762,77.53,147.94522387519726,84.90425733470843
mp-753380,La(BiO2)2,68.884,21.538,99.46488094835524,40.066225811144086
mp-753721,GdOF,126.672,53.616,143.30515510321047,73.44569175020101
mp-753774,KTmO2,85.994,50.551,114.02900960596732,71.06303953504008
mp-753898,LaTmO2,119.536,83.776,149.00387741850537,92.92737669404168
mp-754040,CeSmO2,141.282,73.418,151.16269260121774,78.32602003944724
mp-754126,CuAuO2,147.559,31.825,164.83785419156197,34.272819731201984
mp-754158,KNdO2,69.683,38.368,98.95941504691407,56.95722096538433
mp-754344,LiZnO2,101.841,45.232,126.12807210604994,44.94564387026104
mp-754502,SmYO2,104.052,43.61,112.200136559789,61.96849813061335
mp-754537,LiLuO2,96.985,46.12,152.08617676170246,99.6465597690148
mp-754538,HgPtO2,39.043,14.826,104.08495933992894,46.53485582436081
mp-754542,LiVS2,61.175,32.603,87.58671970358262,39.631457369414605
mp-754567,NaCdO2,69.553,28.076,91.61317190983208,34.08767614629852
mp-754777,NaLaO2,63.943,32.067,97.23053130261984,49.026331812360496
mp-754823,ErTlO2,87.263,36.283,111.52461077049114,57.56390763507497
mp-754825,NaTmO2,89.39,53.39,128.73673928436932,82.60863724481739
mp-754883,KHoO2,82.791,47.939,109.66835998501335,66.97654890598983
mp-754933,SmTlO2,79.013,31.987,101.238969906801,50.47745629734987
mp-754960,SmIO,15.981,9.76,73.59607412178303,35.424006178220964
mp-755010,KYbO2,61.719,18.755,71.54873989478779,34.22306707952659
mp-755219,ScTlO2,99.101,42.556,127.6259382138338,63.68987765566961
mp-755544,YTlO2,83.732,34.596,105.81794360100542,53.967435394734586
mp-755581,NaCeO2,64.896,36.388,101.58676664535513,48.77029235927834
mp-755714,SrEuO2,80.014,54.35,93.06602587009594,54.42600757359796
mp-756034,NaSmO2,74.437,40.862,115.19486590116082,68.1137485668558
mp-7569,KAsF6,16.776,6.563,90.5261566952548,52.10411881277873
mp-7748,NaAlO2,133.356,87.199,170.15034003503922,114.525239867034
mp-777047,LiTmO2,93.296,40.168,147.51062975575888,95.68306662835926
mp-7814,Ta2CS2,37.686,23.281,182.02805931560857,108.80915246573484
mp-7914,NaScO2,100.745,66.176,141.5635233488704,87.77671625945668
mp-7942,NaTiS2,50.05,34.134,85.31763965922036,38.431800966940415
mp-7959,KErO2,83.58,49.484,111.09144234347652,68.6456663880103
mp-7973,RbNdO2,68.969,36.925,93.62314454813226,53.154862566423546
mp-7974,RbSmO2,72.801,39.626,97.35333794865431,56.437053308445535
mp-7976,RbGdO2,76.184,39.962,97.02250944375098,55.94326066560872
mp-8001,LiAlO2,142.701,96.813,197.52101515892892,133.18870677705016
mp-8002,LiGaO2,118.336,71.709,176.27717653493602,91.92613689271536
mp-8013,KRuF6,11.553,4.906,94.00354728932824,42.24090348436763
mp-8014,RbRuF6,10.98,6.112,88.08676470920118,39.229890849016435
mp-8175,KTlO2,71.739,27.414,90.75160297672008,31.570622635653308
mp-8176,RbTlO2,69.312,23.024,86.42773876826747,30.09998482533895
mp-8188,KScO2,95.827,57.465,124.2771196773404,76.76115712853907
mp-8211,GaGeTe,15.227,10.596,50.701412200362014,26.724575011523974
mp-8291,BaTiF6,49.076,22.261,105.32717457439314,48.719862444038334
mp-8308,Ca3Ni7B2,102.596,50.245,134.3358048774048,68.60002710238889
mp-8348,TlSbF6,15.209,5.277,81.26107230655195,38.01511520219858
mp-8409,KYO2,78.584,46.437,105.72373857610296,64.48219079452973
mp-8608,K(Cu2As)2,51.763,20.635,83.57030232824305,19.387670817238376
mp-865990,Y3Al7Cu2,86.943,58.97,96.15505502567152,56.23133224789022
mp-867735,PrSmO2,113.333,64.272,140.09101687164127,73.87753933890906
mp-8752,Na4CdP2,23.586,12.6,28.700431790494765,16.43807149577026
mp-8753,K4HgP2,16.008,8.277,22.40129787345276,10.762779479406712
mp-8830,NaRhO2,109.969,59.556,169.9585034144112,88.39276835027579
mp-8927,TaCuN2,215.162,58.845,240.06168207935625,118.69637666471748
mp-8969,Mg2Ni3P,125.782,69.791,148.3697970534497,75.44174676269107
mp-9035,NaLuS2,48.095,30.181,69.04135979205513,38.458467735623415
mp-9076,NaTmS2,47.536,28.714,69.1624619548587,38.294850799979585
mp-9085,CsTbS2,41.027,25.399,53.57894168347556,29.382055256180788
mp-9166,MgCN2,96.751,31.757,134.7521514655845,83.38209719582709
mp-9274,Rb3Sb2Au3,15.491,5.4879999999999995,31.41949357866273,10.768527930018902
mp-9379,Sr(SnAs)2,40.513,28.465,46.62711700670935,20.501571263372924
mp-9382,SrZrN2,148.786,101.048,167.1437936657304,113.69209487503116
mp-9383,SrHfN2,156.263,107.326,178.36099553917788,123.08361559553308
mp-9479,Mg(AlSe2)2,18.423,10.156,59.42299460646441,31.96336653553703
mp-973185,ScAgO2,122.232,37.565,141.41866260442907,69.58950209450944
mp-977428,YbAl2Cu,68.224,42.706,81.39144543901165,45.19704669675981
mp-9872,K4BeP2,18.358,8.524000000000001,25.04985160661743,11.618270935230196
mp-9926,SrRhF6,56.453,15.766,114.94722008807426,45.52020620254766
mp-996981,TlAuO2,88.891,18.483,101.59243970856146,32.08145813158215
mp-997025,PbAuO2,68.491,17.253,85.78754641320482,32.547982041688755
mp-999121,TbTlTe2,29.494,17.502,41.74348354409566,17.03296330657405
mp-999126,NaTbS2,44.885,27.446,66.39508788891143,36.45463836059979
mp-999127,NaTbSe2,37.348,23.515,56.20744681269686,28.952950571931083
mp-999132,SmTlTe2,28.406,16.803,40.630027095878454,16.143482601222082
mp-999139,TaHgS2,18.901,12.666,83.40436592367163,42.775082356704736
mp-999269,RbSmTe2,24.988,14.469,35.24275869113061,15.928072451799386
mp-999450,NaSmSe2,35.686,21.517,54.883004119141646,28.32798761854992
mp-999455,NaSmS2,43.099,25.836,63.67376676970015,34.80652112590216
mp-999460,NaScS2,51.116,31.329,71.84023840653106,38.32725317074557
mp-999470,NaNdS2,41.505,24.811,62.629513941383934,33.17378601404778
mp-999474,NaHoSe2,37.932,24.123,56.67387467504802,29.769029371276183
mp-999490,NaDyS2,45.768,27.774,67.2539948453271,37.1454435917533
mp-10010,Al(CoSi)2,187.321,97.117,197.02836942459732,101.47002503195574
mp-1006146,Eu(MgBi)2,32.63,22.291,38.504630070119134,17.422409928827427
mp-1017549,Ca(BH)2,106.786,86.769,142.33177421877775,113.9893339951397
mp-1018656,Ca2H3Br,41.258,25.652,40.54795190842789,31.692929482680455
mp-1018764,Li3HoSb2,44.465,33.579,49.92544679952461,31.044174113302695
mp-1018770,Li3PrBi2,37.325,27.09,39.51067758673352,22.00371707090312
mp-1018780,Li3SmBi2,38.262,28.031,41.64056406414574,22.54789842284398
mp-10189,LiTiTe2,35.309,27.015,57.33039618103253,29.260983100851348
mp-1025099,TbGaI,11.861,9.65,55.33119381069001,26.324679942175532
mp-1025312,Mn(NbS2)2,21.11,9.018,108.11010316600029,52.2859137458856
mp-1025350,Nb2CoS4,22.211,63.614,125.23763942369624,48.530889981056326
mp-1029258,Ca(ZnN)2,122.599,79.606,132.69794822991196,75.33291767584501
mp-1029309,Na2HfN2,33.135,21.646,99.37255845432146,60.47734857447616
mp-1029316,Na2ZrN2,39.38,24.691,93.5098615505217,55.72790383291251
mp-1029330,Hf2SeN2,159.176,81.861,188.9037280718473,94.3701910163075
mp-1029337,Zr2SeN2,148.143,74.511,180.60437142743035,84.96100731535662
mp-1029385,Li2SnN2,112.952,85.985,136.66628667518322,93.81179407350352
mp-10314,Yb(ZnAs)2,59.843,37.689,71.28954410356052,33.541334680160844
mp-10402,TiTl2F6,25.672,7.213,75.84614873502798,33.37493903476941
mp-10405,Yb(AlSi)2,62.946,43.955,78.20001842720872,39.89433163725981
mp-1041194,CaTiS2,81.581,53.96,79.32504526515602,55.32907988511241
mp-10435,Y(AlSi)2,77.086,41.59,90.35035779174916,39.16988633145645
mp-10521,Y(AlGe)2,70.326,38.044,81.14360489549861,31.04792503922848
mp-10550,SrMg2N2,93.805,71.102,98.2807134061746,71.62553254680157
mp-10918,Rb2PdC2,30.432,13.747,36.623172426703626,17.390039500719062
mp-10919,Rb2PtC2,36.208,17.029,41.9294038925593,20.5438818136909
mp-10996,Yb(MgSb)2,40.911,27.929,46.37951944971355,25.64223894442135
mp-11620,ZnNi3Sb2,93.503,16.841,134.8027740567384,29.26151886154836
mp-11834,CuNiSb2,81.671,38.407,112.98092529059062,42.070715000409514
mp-11917,Mg(BeN)2,184.695,166.544,204.2208849572106,160.56032388175916
mp-12669,Dy2SO2,120.352,65.3,143.1266878987814,73.87509709517947
mp-12908,ScAgSe2,61.141,20.845,72.96872271085984,25.83644528876208
mp-12953,TmAgTe2,47.341,18.114,58.84680175253636,18.801993498467247
mp-13946,Rb2ZrF6,19.966,10.778,72.30982656507175,32.34416354915235
mp-13947,Rb2HfF6,21.791,11.185,75.03174462777501,35.174925917244984
mp-13948,Cs2HfF6,19.374,9.084,65.94243776944553,31.472753615283157
mp-14791,Ge2Te5As2,25.98,21.48,57.38706683136747,29.584216286861015
mp-1541458,Mg(ReO4)2,16.491,11.846,156.25858176001188,67.15382055235948
mp-15800,Ti3PO2,181.87,66.326,187.26009562946072,41.36387862468587
mp-15986,Hf(CuP)2,128.834,67.701,145.61575682924558,64.69043511920525
mp-19774,Eu(CdSb)2,38.252,18.867,45.785717823695165,17.211103265753778
mp-20128,Eu(MnAs)2,63.082,33.49,63.26439189778283,43.525417049625894
mp-20151,Eu(AlGe)2,55.443,38.376,64.45628562874295,31.79413520286634
mp-20595,Eu(AlSi)2,61.992,42.25,73.63188533723495,38.338453731570695
mp-20793,Ga2FeS4,16.854,12.987,51.5714156772856,32.749068101567566
mp-22609,Eu(CdP)2,52.436,35.029,63.28106264267494,31.124427620859347
mp-22716,LiCu2P,77.333,32.433,113.19183074359282,34.52674306972312
mp-2352785,Zn(InS2)2,12.842,8.873,61.041436466750795,29.761530171432003
mp-2365577,LiNiS2,71.293,34.235,95.36843814804448,39.22166495111261
mp-23709,Mg(AlH4)2,17.913,7.326,42.587268462131256,27.72500592570503
mp-23879,Ca(HO)2,35.543,21.012,87.07947665277753,48.14169748239752
mp-27544,Cs3Bi2Br9,8.611,4.661,24.869881307785143,8.186523100398068
mp-28479,Sc2CCl2,21.429,11.575,87.34187096682238,56.353575051908464
mp-28480,Sc2NCl2,28.825,17.814,99.0283590366412,65.64846735580167
mp-28938,Nb3TeCl7,12.425,8.64,72.58108831996438,39.1254994630642
mp-29069,Na(CuS)4,58.012,22.313,88.89648590447803,36.712955707309725
mp-29208,Ca(MgBi)2,34.698,22.208,40.12087598820005,18.376348735059995
mp-29209,Ba(MgBi)2,31.668,21.056,39.745417647651074,17.958651229324815
mp-29615,Ca(MnBi)2,31.174,13.621,39.94523910586571,16.779482148664894
mp-29624,Mg2Al2Se5,16.399,10.996,57.21555086407149,30.60108642751267
mp-29641,GeSb4Te7,18.188,14.027,52.11540097716783,26.157083226592743
mp-29659,FeAgTe2,49.299,13.74,56.16973321862927,19.525890602554124
mp-2968,Sr(MnSb)2,30.716,17.37,42.49260047545135,22.569941776298595
mp-3006,P2Pd3S8,5.4879999999999995,5.003,67.48226597111898,35.85199882854144
mp-30242,Mg4H2O5,88.485,69.588,148.47537109896962,100.27700766222398
mp-30244,Mg2H2O3,62.075,34.799,129.78533900485357,85.30874980724465
mp-30245,Mg3H4O5,54.791,34.467,124.69937254514504,80.37184043064273
mp-30247,Mg(HO)2,51.731,40.488,116.8524665296852,73.63983429771004
mp-3048,U2SeN2,126.252,70.395,155.54230883818167,74.82131372099406
mp-3211,Nd2SO2,107.491,55.72,124.92543380312571,62.36989155387429
mp-3216,Li2ZrN2,132.436,113.262,172.66002144553696,123.82058120982234
mp-3236,Pr2SO2,104.958,54.191,120.56661483105988,61.01217452298817
mp-3534,Ge2Sb2Te5,22.025,15.452,48.17688615795787,23.718941881668133
mp-3556,Tm2SO2,127.607,70.856,149.70182968116495,79.44702294976648
mp-3821,K2PtF6,24.229,10.53,81.29968821177778,37.14677625733128
mp-3833,Mg(AlSi)2,62.188,32.953,77.03223291814574,35.52729142646153
mp-3862,Ca(AlGe)2,59.086,37.748,68.47290331352016,33.60991607798827
mp-3970,K2TiF6,27.845,12.002,80.27552650677632,39.763408960850505
mp-4150,Ca(MnSb)2,43.915,19.476,42.75518316235255,20.646300072630392
mp-4226,LiCrS2,64.206,40.013,91.8686669974271,48.427042825947176
mp-4343,Sr(MnAs)2,52.687,31.048,42.5979798436601,36.79224394535603
mp-4366,Na2PtC2,54.301,25.524,67.38126187215103,34.217020587467395
mp-4638,TlCrTe2,34.601,20.607,46.326562352535774,21.842837370168365
mp-4805,Gd2SO2,112.425,60.067,130.15414137575598,64.60152525243058
mp-4823,Na2PdC2,47.04,22.117,58.28202525044758,28.720858704084815
mp-4836,Yb(MnSb)2,43.87,18.882,41.00879108951377,21.925524603566902
mp-505824,Cs2PdC2,27.319,12.019,34.06376720881597,16.19032429188074
mp-505825,Cs2PtC2,32.694,14.59,38.861568118939395,18.784279012030588
mp-5381,U2PN2,153.594,86.061,176.03262281997246,90.73703592156356
mp-541014,Cs3Sb2I9,8.137,4.516,20.368137874482944,7.781987112897203
mp-541487,TlPt2Se3,22.482,14.331,76.65127237586425,30.79215895136458
mp-5498,Ca(MnAs)2,63.206,34.526,57.914727355698,42.17000175871861
mp-553303,CsCu3O2,6.316,7.237,58.862614007766915,21.65764523866909
mp-553875,Zr2SN2,157.723,75.141,193.1701617903167,92.53140165359773
mp-5589,Sr(MnP)2,77.447,47.371,94.04407480259655,58.520806622476854
mp-559976,Ta2CS2,34.146,23.124,185.9963351232741,110.55706853395208
mp-570930,Bi2Pb2Se5,17.34,11.654,54.75457010720184,24.442901309456
mp-571554,PrAlSi2,77.718,40.872,89.24249096751599,43.38765240316271
mp-5739,U2SN2,133.28,79.861,164.99724383939733,82.09810862604328
mp-5745,Nb2CS2,40.643,26.257,178.47727331957222,102.44903992445354
mp-5795,CaMg2N2,101.805,73.927,110.1411272482015,80.59813600329791
mp-582227,Eu(MnSb)2,42.357,20.122,42.94493720680089,21.72431417668212
mp-582736,Eu(MgSb)2,35.981,26.016,43.78986147036141,22.256515412687172
mp-625487,Zn(HO)2,54.605,29.387,131.5790942631507,53.65305449585159
mp-632657,ZrNCl,23.709,14.281,86.05675672788372,47.5099910118268
mp-643370,Ba2MgH6,38.587,30.856,45.10236720523636,33.68427657511255
mp-644225,Sr2MgH6,44.442,36.437,50.55387906495336,35.292526728836265
mp-644229,Sr(AlH)2,42.514,36.787,61.75122045143671,34.98418578673507
mp-644278,Y2H2C,95.473,66.735,107.27875897804718,75.98492567161512
mp-6931,Sr(AlSi)2,58.659,38.924,69.80904868248517,36.65031494502781
mp-6953,Ca(MnP)2,87.284,49.979,105.88831299911378,62.197177337441865
mp-6959,Ga2NiS4,16.259,10.65,73.01281426167124,36.6580871239571
mp-7038,TlPd2Se3,22.474,12.159,63.42628414417633,23.085581026253728
mp-7067,Ca(CdAs)2,49.416,29.511,61.41490090410613,26.886334414610573
mp-7121,Dy(AlSi)2,78.53,43.513,92.02205788438816,38.90966439977017
mp-7297,Cs2SnF6,18.663,8.75,57.85799950545847,28.10710075747642
mp-7429,Ca(ZnSb)2,43.544,14.186,53.75136766272353,21.305193531217466
mp-7430,Ca(CdSb)2,39.354,20.206,47.53242781866798,18.361895461911033
mp-7431,Sr(ZnSb)2,42.07,12.806,52.64755979881702,21.16706719107748
mp-7432,Sr(CdSb)2,37.561,17.071,44.70112477828212,17.899579437978872
mp-752947,NaTiS2,53.161,36.796,85.37191405056954,46.00965888837661
mp-753920,Tm2SeO2,119.03,67.155,139.45581031995425,71.98557079649069
mp-753946,LiCoS2,76.01,47.947,112.82976751622571,52.51429113776539
mp-7543,LiVS2,64.697,189.536,82.39713843396753,44.39819104373583
mp-754375,NaTi2O3,141.836,81.135,197.6353302632052,68.15258670016843
mp-755570,Li(NiS)2,72.246,20.112,114.18071521938968,46.64016396788275
mp-756094,LiFeS2,70.86,31.867,88.6472987085408,41.78619419661164
mp-7704,Ca(AlSi)2,60.78,42.058,78.03586249966831,38.65885467652661
mp-7770,Sr(ZnAs)2,53.997,33.006,60.25826172522194,29.4105485308094
mp-7771,Sr(CdAs)2,46.795,28.778,55.2304296476179,25.71420122314734
mp-7777,Li2PrP2,49.171,23.079,60.96325233002633,36.8887302098717
mp-7779,Li2NdAs2,44.285,19.862,52.859753380647426,28.71444516105321
mp-7786,CsCu3S2,10.16,7.343,50.214333812763506,17.363449862128345
mp-7824,K2ReF6,26.136,10.888,83.25148530099159,35.85526132142274
mp-7903,Cs2ZrF6,18.985,9.167,64.56317454249532,29.24101392945527
mp-7949,Rb2GeF6,20.664,9.303,69.20457602375565,38.496638326881886
mp-7979,K2PdF6,23.767,9.335,75.80324307228453,37.258923483327656
mp-8132,Li(TiSe2)3,23.112,17.774,76.31519513607086,40.84796320719216
mp-8150,Ba(CdSb)2,35.993,16.34,42.369067060332306,16.55031867488844
mp-8181,Li2CeN2,110.495,65.413,127.46812960688209,66.6388800002076
mp-8191,Cs2PtF6,17.328,7.681,64.48432951805923,30.202414841068283
mp-8219,Zr(CuP)2,127.405,64.32,142.6680806736019,65.49693114369305
mp-8276,Sr(ZnP)2,63.496,43.654,70.40200514579456,38.46467308746439
mp-8277,Sr(CdP)2,53.94,34.745,61.09122258054408,30.29656887429721
mp-8278,Ba(MgP)2,51.07,38.104,56.90310025900792,33.94143991906509
mp-8279,Ba(CdP)2,50.707,32.604,58.06126327900797,28.963690263056616
mp-8280,Ba(MgAs)2,45.089,33.213,50.67223226404442,28.865629340812863
mp-8281,Ba(CdAs)2,44.501,26.805,53.29072912432396,24.026649786457188
mp-8407,Li3LaP2,56.817,45.426,65.29764546561825,42.337702630162354
mp-8579,Ba(AgS)2,50.57,20.189,55.73762526688271,22.717047347919564
mp-863260,Sr(MgAs)2,47.545,35.48,52.771654704371365,31.36744953346145
mp-865185,Mg(BeAs)2,76.107,45.528,88.25635190366752,43.6891609162876
mp-8994,Rb2NbF6,21.645,9.05,71.58312840011361,24.734124357123545
mp-8995,Cs2NbF6,22.614,9.447,62.401989988317794,21.784629102489223
mp-9006,Ho2CF2,105.953,65.305,135.93273502162828,84.48118650024405
mp-9251,TlTe3Pt2,23.076,15.407,66.55389795348412,24.895918386632605
mp-9257,Yb(CdSb)2,40.555,21.583,46.483455215783394,18.948215340293245
mp-9272,TlPt2S3,27.301,15.986,84.59848704675022,36.35269848687508
mp-9385,RbAu3Se2,9.541,3.555,42.53508218603603,11.953629011373977
mp-9386,CsAu3Se2,7.606,2.961,43.57295541626288,11.850916970886
mp-9400,CeAlSi2,82.941,44.343,90.77386258265363,49.68933755053439
mp-9514,Mg(AlC)2,132.844,91.296,172.31665707713117,122.913301201139
mp-9564,Ca(MgAs)2,50.032,36.09,57.12606773906838,33.55448136024476
mp-9565,Ca(MgSb)2,39.782,26.42,45.85211613953093,23.897304205456184
mp-9566,Sr(MgSb)2,37.968,26.095,44.319486467026664,23.757088250553625
mp-9567,Ba(MgSb)2,36.216,24.844,42.84611442986528,21.447873555961827
mp-9569,Ca(ZnP)2,66.211,45.563,75.92138604640866,39.296742423790256
mp-9570,Ca(CdP)2,57.023,34.608,67.10215899454855,31.263614324387316
mp-9571,Ca(ZnAs)2,57.237,35.241,67.52686890177246,31.710416422773744
mp-9582,Yb(ZnP)2,70.369,49.154,81.29095073416252,42.53756320036194
mp-9592,Yb(MnAs)2,64.678,35.334,68.30001725639802,45.55135613822915
mp-9615,LiTiS2,65.258,48.553,93.72493811911204,55.57795281322801
mp-9912,Li2CeP2,57.891,35.063,63.45665931792989,36.781396669007286
mp-22930,Rb4CdCl6,14.264,7.736,23.02036633834312,10.88778211451616
mp-23392,K4CdCl6,15.735,8.358,25.59402833434541,11.571833334291505
mp-2920,LaAlO3,180.191,101.264,208.77453589056424,120.30868246835324
mp-3336,LaGaO3,161.922,69.839,185.06088199392997,86.08932140551465
mp-3408,CeAlO3,182.218,59.449,208.5452639045103,119.70558345548122
mp-3466,PrAlO3,184.409,103.755,214.2067878156311,125.06095013316984
mp-38035,SrCO3,62.636,22.129,96.39673943348105,59.58376587907767
mp-3889,NaBO2,45.442,20.982,91.8734749459419,60.78951652656913
mp-3953,CaCO3,75.231,33.182,117.15499085250885,72.37430402380473
mp-4385,CdCO3,89.565,29.309,130.34606218265978,70.88702063752167
mp-4531,NaNO3,26.795,12.399,72.07502020457315,48.51005019611402
mp-4900,BaCeO3,109.913,27.466,120.986916433966,53.26408220136255
mp-5348,MgCO3,103.452,56.315,161.51442127019706,103.95470065843983
mp-5364,YbBO3,80.342,29.012,117.08980351908616,66.43615932620406
mp-552588,LiNbO3,144.515,76.732,218.37409589322448,106.4145861243568
mp-674478,BaCO3,52.012,15.063,82.16136268043083,49.15096246524974
mp-7027,InBO3,149.91,61.546,179.93017406053525,101.25016042043364
mp-756214,YAlO3,188.656,86.342,220.3324948710459,126.56094783579212
mp-779545,Na3CuO2,43.258,16.37,57.33201874987091,32.593744517901875
mp-8110,AlBO3,202.44,121.355,247.5933192680594,163.54571959678472
mp-8180,LiNO3,39.77,22.996,103.69614778322646,64.16518996944461
mp-861228,Li3CuS2,38.568,19.728,49.6334861314839,26.1113769135972
mp-8697,ScBO3,158.788,71.217,191.9533726553053,110.20300427828128
mp-9716,TiBO3,178.989,64.066,207.37509482504169,116.58647649985114
mp-9812,ZnCO3,113.947,43.981,168.18775160521804,89.63817894142014
mp-998418,MgAgF3,80.974,60.572,88.29873707649016,38.08254723299043
mp-30148,BC2N,375.423,419.8,401.2093444699652,364.73252127974945
mp-4202,BaAl2O4,84.0,41.224,129.98319562488115,78.98197378446758
mp-5492,SrAl2O4,79.915,43.078,139.94809172817898,85.5498196488464
mp-559390,CaAl2O4,75.432,42.587,148.3628392554295,90.82253865672872
mp-36775,SrAl2O4,88.628,44.834,140.3050797762545,86.63927872592738
mp-3706,Ho2Co12P7,201.47,106.337,224.21852294924383,116.41704720619062
mp-540809,Zr2Fe12P7,215.004,126.142,238.4800301087185,124.31495913483698
mp-541196,Ce2Fe12P7,176.981,112.719,223.88978276457627,122.37635920014176
mp-1029531,Sr3ReN3,58.683,28.697,101.10890961462526,52.463249816170354
mp-1029537,Ba3RuN3,44.581,24.266,77.2087842183428,37.71892384482775
mp-1029573,Ba3GaN3,37.747,19.922,69.19199196058635,34.61068105783152
mp-1029610,Ca3CoN3,79.531,45.005,112.48347312917744,64.94751935023635
mp-1029640,Ba3OsN3,48.894,26.01,81.82025525848192,39.3090851357336
mp-1029655,Sr3WN3,56.853,29.774,105.49215588654276,56.11204416983579
mp-1029659,Ca3FeN3,71.871,46.556,117.273096216673,66.80619195130099
mp-1029719,Ca3MoN3,52.788,22.998,122.20493565694352,66.72555473478278
mp-1029741,Sr3IrN3,65.898,39.114,96.8174996932815,49.619631285757784
mp-1029750,Sr3RuN3,61.376,34.671,96.29494174530583,51.41516270331113
mp-1029943,Ca3GaN3,79.585,52.24,100.00103919632468,61.47577292244836
mp-12906,Sr3CrN3,47.647,29.98,95.19769836225184,52.83168357211909
mp-22061,In(TeMo)3,32.991,9.685,108.84173387643663,48.01140748873045
mp-3411,Tl(MoSe)3,34.649,15.825,122.10325942717968,54.19120097630148
mp-35644,Sr3FeN3,58.192,34.694,94.60672709565178,52.62260838084989
mp-4584,Tl3BO3,20.152,11.808,53.30141807194576,23.73174833713013
mp-7191,Sr3GaN3,60.178,38.083,84.1826541287183,52.32446536711097
mp-8306,Ba3FeN3,31.23,19.247,79.90806179507966,39.139422595727986
mp-9324,Ba3MnN3,32.686,20.268,77.61619395429047,37.90641113842636
mp-9325,Sr3MnN3,51.62,31.792,93.6341702258106,51.293466038889306
mp-5971,YBPt2,159.168,52.283,185.06146589788145,63.658921403290506
mp-571428,MgNi3B2,191.72,87.084,215.42491001520912,105.60263666596752
mp-941221,Li(BH)5,16.486,10.386,97.65467246267104,87.4247453748577
mp-5859,AlPO4,58.017,22.432,120.84287182517076,75.65132106685603
mp-29196,AuCN,36.759,20.852,63.826349874103634,41.4755414790534
mp-28549,Li8SiO6,77.448,56.475,109.02085671821912,78.51723866081632
mp-1018657,CaBiAu,49.307,21.614,58.63720858685004,25.20065912218682
mp-1018694,ErZnGa,75.872,59.377,88.52167927776128,47.62585283243128
mp-1018902,PrSbPt,86.816,35.836,100.55843778828722,41.345015930575926
mp-1019259,SrSnHg,36.162,21.448,38.534723651217675,16.59072247479603
mp-1019277,SrHgPb,32.261,18.165,35.53574232409126,14.6401913111976
mp-1024954,HoCuSn,79.602,53.287,88.92237607001425,48.86306434381768
mp-1029313,NaRuN,94.744,35.617,117.1287961330904,45.91338450563059
mp-1029357,NaZnN,63.702,33.023,77.79720772622102,42.73253723870068
mp-12505,LuAgSn,74.223,39.843,83.12167726451882,41.08809198054876
mp-13200,LuCuSn,78.999,54.432,91.206413276918,49.73720329314686
mp-13202,YCuSn,77.995,52.304,84.85945947814204,46.947586451074294
mp-13203,ScCuSn,89.047,54.852,97.71236672055892,52.9970872217654
mp-13302,LuSnAu,79.222,40.523,96.82381708571464,41.781953768803206
mp-13303,ErSnAu,78.252,42.379,93.04665419550956,40.96939571415602
mp-14168,K2GeF6,22.604,11.68,74.99719346182503,40.07716098381949
mp-16750,HoCuPb,69.964,45.797,81.76407041909415,41.60711570592298
mp-16751,ErCuPb,71.734,46.03,82.82101305502643,41.66804118792992
mp-16753,LuCuPb,72.224,45.561,83.55078937200365,41.07977964564409
mp-19983,TiCuSn,103.401,55.201,129.61015196068817,54.12502297149672
mp-20010,DyCuGe,83.761,54.767,99.91575745069606,53.19136791462058
mp-20290,TbCuPb,69.232,45.363,80.20828323854255,40.76697562780946
mp-20663,TmCuPb,68.88,45.973,84.44979050633668,41.90592884162779
mp-20865,YCuPb,66.035,45.214,76.73084488340179,39.688366677840335
mp-21198,DyAgSn,72.208,41.882,81.04232527820405,40.62375172290407
mp-22149,DyGeAu,92.206,45.427,103.12825450964144,44.73928462365392
mp-22683,CeCuSn,32.511,43.234,63.92580653605386,34.48929702709018
mp-23671,LaNi5H7,120.516,30.953,158.8075566862015,56.032905671243086
mp-23794,H4NF,30.444,6.912,67.12063707500963,46.931316906654054
mp-2659898,LiBH4,17.533,10.774,47.30980236521778,39.3790861908208
mp-29026,MnWN2,289.385,115.863,320.1658817626482,114.92683632580514
mp-29529,NaSnP,29.913,18.993,42.2415707664791,22.438478697051387
mp-31160,CaZnSn,46.54,37.248,51.904270683989736,31.202064859548873
mp-31301,LiSn4Au3,62.451,20.244,70.87247507629588,24.733032189891475
mp-3486,KSnSb,19.885,13.626,28.097345207690108,13.502763485683888
mp-37657,Ca3SiO5,95.423,52.632,135.95636340515128,80.74562652650997
mp-5055,Na6MnS4,30.501,13.834,37.664036447152995,21.71947188005588
mp-545974,AlPO4,121.145,39.099,143.60673561895535,88.79844083470925
mp-5519,HoGeAu,93.299,45.301,105.43550490457176,45.49569515523281
mp-567197,YSnAu,77.288,42.304,91.5843805634253,40.74042662619081
mp-569724,ErAgSn,73.07,41.622,82.03789519974013,40.618727041068674
mp-5729,YAgSn,71.171,41.828,79.55699180910094,39.46110606668921
mp-6917,TmAgSn,73.521,40.715,81.28424492867788,40.76689336252349
mp-6919,ScSnAu,81.571,37.389,101.5999284976631,43.79679137977904
mp-755000,LiTiO2,129.822,57.795,189.52654367083875,86.78701240729997
mp-8389,Na6ZnS4,31.23,14.354,38.69219060911765,22.534205623833355
mp-9025,YSiAu,92.683,44.079,111.26317796919292,49.259436130977114
mp-9350,ScGeAu,100.236,44.379,114.98185414893445,49.82027961785157
mp-9351,LuGeAu,95.16,42.974,108.78517300259811,45.35144879226699
mp-9387,TbCuGe,86.002,53.608,97.1458844028718,50.99115083698164
mp-9389,HoCuGe,89.851,56.64,101.55533755303566,54.69055953552968
mp-952566,NaSnSb,22.663,13.031,33.40342245942316,13.486367727882806
mp-9575,LiBeSb,56.099,47.692,64.52733595722003,39.8179209695191
mp-9919,LiZnSb,46.251,25.849,52.422540690989955,24.69896928557936
mp-28835,LiScI3,16.739,10.994,28.98113605755977,14.489678206806406
mp-1009504,EuZnGe,58.661,37.354,55.69230697327916,31.606386448413513
mp-10161,KZnSb,24.144,15.515,27.294560535978732,16.95665134217499
mp-1021424,KMg6Mo,39.445,21.388,46.659469381735555,26.335185665831823
mp-1025575,Mo(WSe3)2,15.148,11.068,83.02368055590658,55.003821894999405
mp-10440,Mg(P2Rh3)2,204.177,51.875,227.6834738785949,84.67852266318582
mp-10614,SrLiP,42.523,29.394,45.01386215760027,28.05473459693638
mp-10615,BaLiP,37.873,24.535,41.09142112519307,26.009473157881843
mp-10616,BaLiAs,34.083,22.719,36.98610308386163,23.02011077533704
mp-10738,SmPPt,122.978,50.263,132.82419055561235,53.125607634494706
mp-10924,Mg(Co3P2)2,203.708,97.656,227.86067583613433,109.18180484159386
mp-11833,UCuGe,92.884,34.78,102.63731237894832,47.785200724792105
mp-1228631,B4OsW,320.077,232.779,349.8748200367903,230.11243862548764
mp-1228634,B4MoIr,291.541,187.638,314.00213166225166,191.0674850593138
mp-12951,ZrGaAu,124.475,61.519,141.83322916642075,57.37074714430569
mp-12952,HfGaAu,131.425,63.9,154.87855478186782,59.84813653833638
mp-13149,BaAlSi,48.725,37.374,51.442858950907606,29.999075635456556
mp-13272,BaAlGe,43.108,34.095,44.8685069511546,26.907876948537325
mp-13311,SrAlGe,46.288,33.949,50.09918708665186,32.20102582507131
mp-15687,KZnAs,30.741,20.548,36.299313686746224,22.958319485989858
mp-16043,Mg(As2Rh3)2,172.795,53.11,194.53860256224044,69.12653536467913
mp-16045,Sr(As2Rh3)2,163.16,61.104,181.0521133940966,71.39914587769962
mp-16304,YPPt,126.409,49.574,135.6626499091171,54.75040478598598
mp-16326,DyPPt,127.339,45.952,139.20433847443613,53.68664974374536
mp-16734,SmNiAs,105.535,53.198,116.33986066883202,53.91214268996274
mp-20082,Yb(As2Rh3)2,171.742,60.769,191.1354015384659,75.41626259792352
mp-20998,LiCaPb,29.742,24.614,34.468952587669115,21.774662209918827
mp-21242,LiYbPb,30.798,25.544,33.926094278144255,21.75318490954454
mp-24012,HoHSe,85.382,65.614,92.79444996252604,60.44694701223415
mp-2479693,LiCaSn,33.128,26.704,35.96361800678825,25.36939057818937
mp-28797,YHSe,81.843,62.621,88.5443577942588,58.16033080664984
mp-29005,U(Cr3P2)2,144.899,84.753,221.0887233427417,111.15477121252152
mp-29868,LiAuC2,50.028,25.135,65.6316808156717,34.23998564488403
mp-3173,CaAlSi,56.962,39.745,61.218881768241936,36.629472232836235
mp-35189,Co2SbTe,133.616,60.404,132.02167630784692,58.11732752405821
mp-3698,SrAlSi,52.321,38.416,59.48823898722476,36.85858808414142
mp-38006,Ni2SbTe,101.094,42.718,124.7821628175418,42.43490338989552
mp-567191,CaAlSi,55.59,38.055,60.37464324905865,36.32490674900825
mp-568809,Ba5Al5Pb,28.583,18.694,37.74261641672702,21.875303916550564
mp-569788,LiZnGe,52.042,35.794,56.83175422338986,28.97636436152009
mp-570677,Ba5Al5Sn,29.211,18.994,37.87518372111021,22.353336438702645
mp-571454,LiAgC2,38.657,20.005,55.34047047072099,30.688024715856415
mp-7168,TbPPt,127.592,48.991,135.59673551405473,52.70479957916333
mp-7169,TmPPt,130.268,44.958,142.78512824531074,54.46908802783964
mp-758594,Li(Fe3P2)2,175.385,39.309,205.2875682028572,99.37779617440744
mp-8605,SrSbPt,58.536,15.928,65.9568672832065,30.283360543286303
mp-8606,BaSbPt,57.332,21.965,60.95383566560268,29.653357265831797
mp-8864,Li(Co3P2)2,202.474,100.91,222.5272434446761,110.13336041688189
mp-9023,ScSiAu,113.183,63.455,125.9355357362189,55.98820943873398
mp-9164,ThSiAu,119.857,62.806,126.11480487472588,47.10639848806496
mp-9487,USiAu,105.688,1.484,108.31863045661416,38.90848118943296
mp-9744,BaAsPd,58.991,26.11,65.62058011539094,30.599879783670165
mp-9828,YbPPt,94.698,32.243,104.49143404192492,49.32930488661929
mp-9950,BaLiSi,28.242,17.23,33.24422290903526,18.44660743772018
mp-10049,MnAsRu,164.876,65.328,176.62782513975534,61.63873503513967
mp-10300,ZrMoP,197.372,112.914,211.32955487772273,121.55752014721328
mp-10379,Hf3(Cu2Ge)2,137.085,73.151,157.5548551067762,73.22670504289064
mp-10446,Sc6NiTe2,71.461,15.21,82.29520985550838,39.6081217254832
mp-10739,TiPRu,219.7,102.358,238.41242934975747,113.83574605142064
mp-1079086,UAlNi,181.635,135.997,121.57605300997405,46.22182770231832
mp-1079239,Ho6MnTe2,55.737,32.789,63.50707339268552,33.045493442603885
mp-11038,Zr6Al2Fe,101.192,46.35,113.22743092552338,50.833961784807705
mp-11073,Ti3In3Rh2,123.289,57.386,147.84207321209487,55.88874626227794
mp-11091,NdMgPt,77.781,26.504,85.23979495570102,33.393041091723525
mp-11104,HoInRh,98.675,30.802,106.67223858051408,36.890086254804245
mp-11155,NdMgGa,54.881,39.928,59.56415523177593,31.434858166345204
mp-11157,SmMgGa,57.196,43.313,60.68445753911094,33.07141741812941
mp-11201,Sc6FeSb2,71.045,45.625,85.94724079200759,45.76245452439814
mp-11202,Y6FeSb2,60.461,36.168,61.05760075222684,33.5658352938868
mp-11351,CeAlNi,87.249,38.825,88.63805329432971,39.19209690218087
mp-11547,YTlPd,81.983,25.047,91.4361112617824,33.56628104618839
mp-11580,TiCrP,206.197,123.545,218.9864034593245,150.75759073574793
mp-11615,TmMnGe,97.514,62.325,91.13323394514497,63.31563852508443
mp-11667,Nd2(Zn2Ge)3,75.88,51.194,87.80905092684384,39.130797647429645
mp-11750,Ti6Si2B,149.647,105.78,159.85562955713857,106.57786710785568
mp-11754,Sc6Te2Os,72.034,26.817,90.87023111804676,43.48266028904717
mp-11755,Lu6Sb2Mo,64.762,37.541,75.64547418209432,38.97988881754035
mp-1180259,MnAsRh,141.905,37.166,157.11592953930904,50.74489934556848
mp-11971,HoSnRh,108.644,45.248,119.11856398442276,44.43717284879037
mp-11973,YbSnRh,82.861,25.415,93.63154838450772,39.54982151431989
mp-11974,TmSnRh,111.197,48.404,120.8328741283239,46.1595406153954
mp-11984,YMgTl,53.855,39.795,59.32596008837056,30.756530249066227
mp-12277,CaAgP,67.623,41.18,72.22424819338553,35.334328302167926
mp-12381,PrSnRh,96.952,33.42,108.37396206092038,42.713243519482006
mp-12696,YMgPd,71.355,21.372,76.9839124097062,27.507746839895933
mp-12703,PrZnNi,63.238,30.122,80.05374439247068,30.7760075672904
mp-12710,PrZnPd,77.401,29.073,88.07484792398293,30.69761471635678
mp-12760,Zr6Al2Co,105.44,51.741,115.20924858815452,51.78193632388972
mp-12961,YAlPd,93.559,27.628,104.4113341090952,38.365066067685426
mp-12962,Zr6FeSb2,111.254,59.351,128.3016470750321,62.00275025440008
mp-12972,Zr6Sb2Pt,118.611,60.061,136.64043365646137,64.91864304330245
mp-13074,LuNiPb,86.727,47.251,95.74312711420625,41.15930318931587
mp-13090,YMgAl,57.528,44.769,61.77538458372473,36.16919657648788
mp-13092,Zr6Al2Ni,111.94,51.435,114.82316402080346,50.873954257104025
mp-13095,YAlNi,92.941,38.915,98.76516848213868,42.93323348686393
mp-13171,YMgCu,60.094,22.255,66.82027670997752,23.69249716105033
mp-13474,LiErGe,59.851,47.51,65.7071837901558,43.13614140932054
mp-13525,HoInIr,111.539,36.26,120.08537561371011,43.03588439648455
mp-13536,TbZnNi,78.188,34.647,88.34118492132303,35.25979822793334
mp-14208,LiYSi,62.422,48.636,63.39446919982802,43.257548047568605
mp-14209,LiYGe,59.504,46.996,62.14835910209471,40.4054703665109
mp-15297,Hf6NiSb2,131.265,72.06,139.08766857925906,68.68484099950743
mp-15322,ScCuSi,113.813,76.911,125.00248343458924,69.63724905306394
mp-15657,TiCoSi,177.798,103.013,199.57178315671476,119.58350307521565
mp-15820,LiHoGe,61.118,48.427,64.35846824917459,42.1915165048237
mp-15821,LiNdGe,54.525,38.814,58.35774242038072,34.14239298865629
mp-15963,HfPRu,220.115,95.48,241.0320279167409,110.19980657538336
mp-15985,Zr3(Cu2Ge)2,133.221,71.657,150.7262637192963,70.7850480837606
mp-15987,Hf3(Cu2Si)2,145.521,80.979,161.3412586203393,78.6201565744369
mp-16305,ScPRu,175.386,102.271,200.01297475236555,97.05703918391508
mp-16645,SmMgPt,80.64,25.724,88.41654677845233,34.60026125696517
mp-16740,TiGePd,149.123,57.852,167.99577440797415,76.84508468368684
mp-16745,ErAgPb,66.619,32.98,74.2635950371884,32.973430708455645
mp-19740,YInPt,100.795,37.842,108.45299469807064,40.41769486020459
mp-19782,TbInCu,76.971,43.513,80.95080209001327,32.281305860163975
mp-19934,CeMgPt,79.546,30.741,84.25445893941082,33.103825796961466
mp-20058,GdAlPd,87.985,21.176,122.19720548416969,47.703176966705705
mp-20522,TmAgPb,66.924,31.852,74.7103914705593,32.84304128800838
mp-20935,ZrSnIr,160.406,64.039,173.34808863896933,63.79447782076165
mp-21007,SmSnPt,103.847,51.35,113.09467285570574,45.14349230657276
mp-21054,PrSnPd,84.625,40.129,92.70576693715248,36.03970572741579
mp-21158,CeAlPd,80.506,60.666,94.42524139666976,36.15079147996059
mp-21290,HoInPt,103.02,38.221,111.2058855749992,41.33484580986579
mp-21440,NbCrGe,189.979,93.389,191.37563171094135,118.76162987603222
mp-21494,UCoSn,24.751,0.78,138.7198132043644,57.246080714606805
mp-21503,YMgIn,54.137,40.499,59.15678173929253,31.992041772636338
mp-21505,YAgPb,63.551,31.32,72.13939061245537,31.75286863012934
mp-21509,LaMgGa,49.819,34.362,53.12218406422436,26.802283074551266
mp-21887,NdInPd,79.888,27.594,86.36846263376194,30.450292931434713
mp-22167,Zr6Ga2Co,109.449,52.158,119.5662373079468,49.721764755394595
mp-22384,DyInPt,79.936,26.984,111.46141470785491,41.70671591085369
mp-22769,TiCoGe,168.613,76.495,183.6557967629163,102.00680552888234
mp-22779,YbSnPt,84.825,36.015,92.45985792070726,39.52788283576483
mp-22972,Tb6FeBi2,36.09,8.571,59.820141031748385,29.326445812725257
mp-23039,Er6MnBi2,52.919,33.704,60.58653821984856,32.670954949036805
mp-23047,Ho6MnBi2,51.435,32.156,60.235986075795786,31.598514128630836
mp-2909,HoAlNi,87.429,39.228,102.87847220960587,44.610957875884935
mp-29135,Zr6CoAs2,121.804,65.726,135.64626904456978,62.93793616874847
mp-2990,TmAgSn,75.464,40.242,84.01276519452641,39.28692390324112
mp-3015,HoInCu,80.4,45.737,82.63289508858512,33.28980181814755
mp-30307,DyBiRh,96.913,40.652,105.3851895681961,43.08584498189762
mp-3053,DyAlNi,119.796,0.172,99.8888831869841,44.380905886697114
mp-30563,ZrCoSn,140.779,67.418,148.56380037772433,61.41386870363922
mp-30656,TiGaNi,127.561,65.377,169.06354399339767,60.69914110386174
mp-30737,YMgAg,54.978,36.231,63.576555697226006,20.846653472522384
mp-30799,NdTlPd,76.14,28.036,83.07008697746403,29.13904904255582
mp-30921,Y6CoBi2,56.904,8.761,65.53525548432195,29.838921009415422
mp-31072,Sc6Te2Rh,72.813,302.329,87.01423590741962,40.18665334932678
mp-31235,BaNaBi,23.376,16.323,27.934197548597233,12.835025869563385
mp-31330,NdInRh,91.094,44.34,96.91530959927934,32.95153202611206
mp-31383,Hf6CoBi2,107.37,59.853,129.79443685829517,54.784083449902376
mp-3197,TbAlPd,93.543,33.168,101.92255849083476,37.39032731858092
mp-3950,ErInCu,76.827,47.675,83.6773036866613,33.79878731937978
mp-4106,YbSnPd,68.945,27.608,76.89949994314645,30.081967569561023
mp-4189,Dy6FeSb2,39.048,34.383,66.44744131211733,33.57118952445509
mp-4238,MnFeAs,159.384,74.317,164.87958999143524,73.9514635567879
mp-4508,ErInPd,89.71,31.411,97.79196545431056,37.377964624805166
mp-4720,Si2Ni6B,211.027,78.437,236.73227034765753,80.3471234802673
mp-4731,K2UF6,45.281,21.626,90.1667347078632,37.06015377228399
mp-4989,CrNiAs,130.106,61.789,142.62844608827214,59.52197467538569
mp-5015,UAlRh,130.046,43.274,137.6470207641545,47.6345645669732
mp-5590,YMgGa,59.971,48.769,64.56907133029009,35.82850572009132
mp-5615,CaAgAs,60.562,36.572,65.24583054226073,30.761463133402405
mp-567214,NdSnRh,98.469,32.566,109.8985516429587,42.62384719001542
mp-567574,DyAgGe,85.081,52.137,94.1217433373646,44.116293387092234
mp-567588,DyInRh,98.902,31.23,105.86635784104656,37.08030417446247
mp-567856,MnAsRh,147.225,53.657,156.59055751959747,55.394418524096544
mp-567912,SmHgPd,83.107,25.976,92.261870876861,33.845730595231174
mp-568695,CaCdSn,42.528,25.536,45.41398194888166,20.248787753181208
mp-569848,LuInPt,118.324,53.401,115.74289708719162,43.06530553000503
mp-569871,Tm6CoBi2,58.177,32.583,69.86030862019746,32.5491166209907
mp-5723,ZrAlNi,130.593,73.136,150.60959159480785,55.6067538919849
mp-610972,MnGePd,125.652,98.723,137.17604153100598,46.37576009219914
mp-672254,CaPdPb,57.601,27.4,64.76796255264586,22.77171130047572
mp-672299,YInNi,85.206,35.401,89.11397020518503,36.60339506445522
mp-6908,YMgZn,52.989,66.8,59.24113790168348,26.004311719927077
mp-7032,HfMoP,206.978,119.755,221.9737673267188,128.94518019027782
mp-7080,Li5(NiN)3,77.127,46.935,86.5987307053139,55.32263531060989
mp-7093,HoAgGe,78.153,26.085,82.52710727732261,30.19145080922936
mp-7239,PrMgGa,53.714,37.828,57.109502605675736,29.77042293299789
mp-7544,ZrSiRu,191.197,101.543,208.6863958347141,100.61561026944965
mp-754673,Er6Te2Ru,62.487,29.664,74.91895876676321,32.717533319715024
mp-7632,NiMoP,238.287,94.385,259.322970255973,105.54008645508723
mp-7829,MnNbSi,198.194,100.31,190.5368655367005,102.16156212512014
mp-7930,Zr3(Cu2Si)2,132.377,76.896,155.38759990655836,75.13577419980186
mp-8221,ZrAsRu,186.495,85.07,209.8981886883233,99.25534566500048
mp-8415,K2HfF6,51.219,25.252,102.85932044674732,47.88394756299357
mp-8481,LiPrGe,53.023,37.085,57.045314063601296,33.88369933649085
mp-865402,TmAlCu,85.691,45.234,94.27889964129146,44.188601258375776
mp-9223,ScGeRu,147.039,82.265,165.65332074242798,96.15967661087645
mp-9381,Zr6FeTe2,114.77,60.855,123.61526357239472,56.850528075995435
mp-9549,ScFeGe,98.654,37.767,113.59179688151396,75.06842201104548
mp-9550,ScMnSi,117.52,78.678,123.8343874718145,82.67271998805026
mp-975423,MnNiP,172.329,86.583,179.9489077581174,91.1257856319265
mp-9776,YbAgGe,60.397,30.788,67.27645498102873,32.00444689098071
mp-982004,SmInPd,83.172,30.051,89.93984107599326,32.581691766108854
mp-9916,NbCrSi,209.159,116.095,217.29726974207725,134.77961617305627
mp-9951,MnNbGe,182.253,81.575,176.61433840336298,89.8153978407202
mp-17092,ScSnPd,103.247,50.612,109.8458182743649,44.9525980629336
mp-18198,ScSnPt,116.177,54.332,131.57307619981006,54.78405777056655
mp-22315,HfCoSn,130.285,72.418,155.93375846490818,70.33353500524645
mp-2960,HfSnRh,148.752,64.218,162.0031341586699,66.21679326019758
mp-571619,HfAlPt,163.496,69.364,175.46292097383673,61.87913357827948
mp-17095,CsCuSe4,12.126,7.433,38.46122053907204,17.62854919067787
mp-18105,CsAgSe4,8.401,5.594,33.524480304086524,15.44143672909722
mp-23866,H2SeO4,8.966,7.261,101.84120046871912,68.8020494669955
mp-23963,HIO3,13.126,11.542,113.18451650244492,72.71892562287182
mp-27579,Na4P2O7,45.175,24.379,119.40051464894476,78.32045630152507
mp-27897,Ba(NO2)2,30.201,12.511,82.8104504212048,44.79365685124012
mp-607291,Cu3BiS3,33.375,10.463,88.06398898394477,37.82540344343687
mp-697136,Be(HO)2,57.926,45.414,137.20851036879037,93.52531084035078
mp-7339,BaSiO3,57.994,30.968,125.33919291210714,77.07322986330841
mp-10056,UCo3B2,479.093,147.434,289.74364804439836,108.86857544561302
mp-10058,YbCo3B2,188.619,118.119,206.06510570425507,111.55950591280352
mp-10059,ZrCo3B2,244.042,140.108,267.660814495271,132.1988310630287
mp-10065,UFe3B2,256.215,145.512,278.73661483489826,143.1444683919946
mp-10115,ThB2Ir3,255.394,120.286,281.0744388621022,108.7601333004252
mp-10132,UB2Os3,295.443,141.007,329.80140650520065,130.94013030913464
mp-1018703,EuZnGe,49.74,6.449,42.619214692948205,18.51686806776722
mp-1018718,HfTa2N3,271.821,91.152,295.9045782580767,139.97270871631085
mp-1018723,HoCo3Cu2,135.084,60.344,152.41833434253508,72.29233717190498
mp-1018743,LaNi3Rh2,109.911,51.436,154.46812363455726,47.4266038123092
mp-1019262,Ta2N3O,240.219,77.09,260.2894811356849,89.47449656736265
mp-1024990,LuB2Ir3,251.607,120.981,276.53636715159666,113.51424146688188
mp-1024993,DyB2Ir3,247.431,123.13,272.8185115966534,112.27174296599462
mp-1025017,NdSi2Ru3,177.35,74.395,189.43205168455057,70.78446578226306
mp-1025056,ThSi2Ru3,193.609,95.922,207.3581994236918,73.97221381014293
mp-1025071,YbB2Ir3,232.651,131.531,251.4165977681994,119.28771929912637
mp-1025075,TbB2Ir3,246.928,123.894,271.8293492214163,112.41190282184928
mp-1025102,CeAl3Pt2,130.404,65.017,141.68228045993214,62.56051898649583
mp-1025136,EuAl3Cu2,79.76,56.864,91.9318516107392,50.64957808744502
mp-10398,HoNi4B,150.211,79.36,183.26692197287676,86.69616635205024
mp-10463,YCo4B,173.919,65.313,180.68250010756225,81.71785820081092
mp-10897,PrAl2Ni3,108.679,59.669,122.49581620558446,65.45797829678695
mp-11350,CaAl9Co2,87.08,56.558,104.54682905556092,57.30735986339625
mp-11539,SmAl3Pd2,111.237,63.557,120.38664759704233,56.339621769486754
mp-11593,CeB2Ir3,243.781,122.516,269.24661305795985,105.46134828551855
mp-11594,PrB2Ir3,231.473,96.666,261.28369735643975,108.46838350683169
mp-11610,PrCo4B,152.622,62.966,169.00065817875307,72.15559072836395
mp-1215178,ZrTiB4,242.634,239.732,263.8963193455014,218.61395352705975
mp-1215209,ZrTaB4,268.949,221.721,306.089061999997,221.18543189528253
mp-1215211,ZrNbB4,260.513,219.951,288.30482285189044,212.3504558539852
mp-1216375,VCrB4,201.539,188.983,303.79511121697976,190.38437351479527
mp-1216667,TiVB4,267.608,252.386,280.86288622210435,233.97437787763556
mp-1216692,TiNbB4,268.26,238.167,297.6046783825367,226.421686745111
mp-1216966,TiCrB4,277.905,223.639,268.9052306695489,205.16296381158392
mp-1217818,TaVB4,293.658,224.962,319.65212393771395,232.77721888081155
mp-1217898,TaTiB4,276.819,241.451,308.50534477634915,229.9050198856744
mp-1217958,TaCrB4,245.291,179.007,302.9173222435952,199.95800839305224
mp-1220351,NbVB4,287.133,219.876,302.79011165329604,217.6173556035429
mp-1224263,HfTiB4,247.465,250.862,272.2308062338751,224.55395842476256
mp-1224283,HfTaB4,277.689,229.143,310.5808472955113,220.18550594762036
mp-1224328,HfNbB4,268.296,225.412,294.82239842879864,213.4957944134296
mp-12549,BaAl9Ni2,85.769,43.997,96.97380183326416,49.55160388406255
mp-12734,NdAl3Pd2,109.306,61.07,117.7913042306503,53.79097480385136
mp-12965,ErNi4B,159.788,79.509,184.8370308093457,87.61849873842365
mp-13118,CeZn3Pd2,99.644,34.678,104.99345599766146,37.99803453658315
mp-16483,BaAl9Fe2,79.367,44.138,107.05583888388172,59.97823267334299
mp-16491,SrAl9Co2,65.439,60.932,105.22990014219778,58.88698968784136
mp-16766,LaAl2Ag3,78.309,27.456,85.70412485770505,31.92032694194291
mp-20193,DyCo3B2,205.75,122.306,224.39831394814416,115.37093757046269
mp-20338,CeAl3Ni2,114.955,72.193,119.44273564582544,63.696854917580005
mp-21201,LaGa3Pd2,100.405,48.952,111.7299213566625,42.37175118389557
mp-22260,Y(MnSn)6,112.507,71.503,108.740016267482,64.68371518939483
mp-27296,ZrTi2O,114.231,40.626,138.57684057401843,58.497645902103606
mp-28614,NaBPt3,154.883,34.515,197.13830664496584,61.47052573281474
mp-2880,LuB2Os3,264.273,125.147,291.3855066371267,114.82665059729813
mp-2903,UAl3Ni2,135.451,88.333,138.15301400448286,72.24452335853998
mp-2947,SmB2Rh3,205.017,102.945,227.16546877526136,96.65042335111087
mp-29726,LaSi2Rh3,164.797,91.599,180.19308585918847,78.87330985725838
mp-29742,NdSi2Rh3,166.12,98.975,185.5850730038731,84.38785259331574
mp-30028,YSi2Rh3,173.958,100.445,193.20012740322431,86.87528715640339
mp-30043,CeSi2Ru3,185.912,90.753,193.27840983327152,67.2988907968431
mp-30181,PrAl3Ni2,104.057,64.543,113.70503762636916,58.812290137523355
mp-30182,ThAl3Ni2,122.373,75.405,132.80650365942205,66.62609327204629
mp-3040,TbCo3B2,205.718,120.709,222.80176515190308,113.90118627552226
mp-3055,NdB2Rh3,199.655,90.324,223.22820161258176,95.22091066690312
mp-30621,DySi2Rh3,175.481,101.516,195.20990878076455,88.897290248347
mp-30815,LaAl3Pd2,102.67,56.516,117.61279956032249,52.14717550339013
mp-3092,DyB2Ru3,223.115,105.243,242.0432319063898,96.19412492709657
mp-3093,ErB2Ru3,225.055,105.691,245.2373353171443,97.5938155705338
mp-3186,TbB2Ru3,222.108,104.945,239.97281234975824,96.02202803897391
mp-3223,ThB2Ru3,230.004,94.235,251.8257193113897,105.13570196430304
mp-3400,Lu(MnGe)6,141.054,96.788,154.26172257929167,88.39529083015874
mp-3467,SmB2Ru3,217.544,103.1,232.34866885933235,92.5697409283967
mp-3494,CeGa3Pd2,101.993,53.223,111.75730625332,42.38810697156325
mp-3689,NdCo4B,157.015,64.147,173.34330363919952,75.06658428640759
mp-4382,YB2Ru3,221.788,105.493,239.7977257925718,94.20563941920524
mp-4454,CeCo3B2,321.221,472.294,222.85001965290215,105.63033849237524
mp-4561,UAl3Pd2,116.197,63.137,134.41262629339414,60.080743099958056
mp-4634,LaNi4B,141.277,67.343,164.4614650984678,72.39869496681456
mp-4785,CeAl3Pd2,108.295,61.657,121.31566421627446,57.09155141393392
mp-4938,ScCo3B2,244.868,341.806,240.6950872447476,117.22664531756064
mp-5019,YCo3B2,203.252,116.996,223.4632794743858,116.78639969602987
mp-505207,Sm2Co7B3,178.372,74.726,198.73824146329608,93.96111805818686
mp-5063,YAl3Ni2,110.087,68.926,125.06549179344766,64.56340376844463
mp-5197,ErB2Ir3,249.809,122.299,276.1632795622798,113.50104891080102
mp-5313,HoCo3B2,203.405,125.023,223.3673796297726,114.87700391664625
mp-5353,ErCo3B2,213.346,125.896,225.4651886748735,117.28708670925084
mp-5369,PrB2Rh3,214.536,169.418,225.52452770389016,94.91548185946992
mp-5410,SmCo3B2,197.382,111.407,221.3955779957024,111.30857912394578
mp-5578,LuB2Ru3,227.908,105.804,248.8900270085848,97.9249179968448
mp-5620,TmB2Ru3,225.91,106.066,246.10479667990265,97.63665500465892
mp-567863,Y3Ni13B2,154.502,77.392,180.98542583349413,84.21387904318843
mp-568354,DyGa2Cu3,99.195,47.371,117.196155859106,47.6251785708203
mp-568555,SmSi2Rh3,171.945,99.601,190.1322679167784,85.53011748453756
mp-568687,TbGa2Co3,135.088,65.247,144.2490750718717,70.91912264482487
mp-569482,LaSi2Ru3,169.788,66.041,183.7027764458935,69.38756884649433
mp-569601,ErSi2Rh3,176.446,101.152,196.98778695375387,88.59834491736866
mp-569886,KIn9Ni2,39.521,20.557,57.085853847706126,22.186617278836923
mp-570950,NaLi2N,13.822,13.772,8.710269225816061,13.160833914936056
mp-570998,NaLi2N,41.942,22.499,46.396055961790395,27.876829375294697
mp-571044,CeSi2Ir3,164.527,93.348,228.6434154152895,93.69078109852305
mp-571071,HoSi2Rh3,175.942,101.432,194.88812520831772,88.76644771943607
mp-571263,KIn9Co2,48.749,29.539,60.24375732281393,26.27262069601128
mp-5714,TmCo3B2,210.234,126.519,229.82645928317575,119.71923782521948
mp-5757,CeB2Rh3,205.713,99.395,227.0061997169997,89.85557806612859
mp-7099,NdB2Ru3,214.904,101.199,229.35901726266457,91.8896021240502
mp-7149,Na2LiN,33.247,16.882,39.7902577218253,22.600815077593424
mp-7186,NdAl3Ni2,105.597,67.155,114.35194035379722,59.63379501941947
mp-7247,CeZn3Cu2,88.31,47.803,89.71324037013285,39.33944842547255
mp-754875,TbSi2Rh3,174.624,101.443,194.07578042621768,88.20325808018497
mp-7559,YNi4B,148.286,77.117,184.6399854490697,86.32220931699139
mp-7804,HfCo3B2,253.383,156.93,276.2739304219124,137.22863870061417
mp-8048,NdNi4B,140.198,71.451,169.65991654097883,77.92217623576808
mp-8307,CaNi4B,132.728,61.205,158.15976131031437,78.66649934056373
mp-972309,Ta2BN3,236.24,88.105,234.0324129248527,85.72926912971386
mp-979265,Ta2CN3,237.169,61.097,213.81029946125537,76.10101329631635
mp-23352,Ge(Bi3O5)4,53.667,29.547,132.80525767291567,64.02230886364666
mp-16916,Ca6FeN5,77.543,34.172,96.29310461905013,54.14671894843811
mp-17577,Ca6MnN5,78.322,38.848,96.37557520475826,54.26904233907539
mp-17875,Ca6GaN5,71.121,28.855,87.37019431604723,52.32837420648679
mp-31469,Hf5CuSn3,118.269,63.711,130.3895913588654,70.56514653907509
mp-39105,MgTa2N3,275.66,202.375,318.9109359084896,183.97117573646807
mp-556777,Li2CO3,75.034,40.321,147.81427653390253,78.31909247737876
mp-8045,V5P3N,209.704,88.907,245.27113196170424,98.94167793867064
mp-10847,NiSbSe,79.428,48.176,107.89484844091098,53.076590538428235
mp-10848,AsPdS,100.205,37.791,118.0897633426814,48.66347468947448
mp-10849,AsPdSe,95.795,35.985,111.57725240655958,47.24057738205858
mp-10850,SbTePd,79.387,32.354,97.14215273889636,40.31114415569611
mp-12923,SrPIr,98.247,31.257,115.1796200490387,47.62269680538608
mp-16363,CoAsS,123.363,106.06,163.0506039913363,107.95653877533208
mp-21164,SrGePt,67.988,19.913,79.99637505422528,29.06669679240041
mp-21236,BaPPt,79.315,31.085,90.87545506855044,38.63712297283461
mp-22151,BaGePt,65.25,23.001,71.44032637859091,27.694961949652388
mp-23339,NaBrO3,27.038,16.231,85.71971778496166,50.05375023908077
mp-2720358,NaClO3,25.827,14.452,82.98284911597621,53.53550735973491
mp-28980,K3BiSe3,12.443,7.072,32.23515911963457,15.89813734589656
mp-29011,BiTePd,74.017,26.776,90.46131701297608,33.58066805511417
mp-29379,K3BiTe3,9.122,4.756,27.588496839473812,12.295045402619548
mp-29638,BiTePt,86.263,32.854,110.81128805112252,38.63268184883024
mp-3519,ZrSO,130.347,50.433,162.1048130039396,68.08237474878014
mp-3679,NiSbS,84.973,51.865,113.05512860503929,54.77123445806564
mp-4368,SbPdSe,83.274,31.472,105.6575957101999,42.028901184784274
mp-4478,CaSiPt,82.686,21.792,108.5915827690776,38.7154347805427
mp-4876,Tl3SbSe3,14.239,6.494,38.83315550165859,15.890220181644688
mp-756361,ZrSeO,121.879,48.154,150.17791288931912,57.46217391007312
mp-775761,AgClO3,33.661,7.739,82.88916613736549,42.47350201626205
mp-7787,HfSO,141.028,58.701,174.91359060082658,76.66739022252679
mp-8458,BaAsPt,68.239,23.705,76.89272774360303,30.660180356216102
mp-8630,SbIrS,140.919,86.444,169.72017083666287,100.14310409942344
mp-8843,SrSiPd,68.756,23.297,77.96078359408038,28.85673054878804
mp-971914,SrSiPt,78.261,27.152,95.88580454234182,37.74134447324937
mp-761872,Na2Sn2O3,30.323,23.861,84.26261595099346,43.6024467206316
mp-8624,K2Sn2O3,23.501,15.91,60.12854514412707,32.22231038343556
mp-1029490,Sr3B3N5,69.598,26.776,116.79745427017878,71.06213765988569
mp-1029580,Sr4ZrN4,71.003,28.485,88.45771547834377,47.44452250106577
mp-1029660,Ca4ZrN4,86.996,41.251,105.92651748515377,58.06985786999219
mp-1029699,Cs2CN2,17.81,3.776,32.81152130877886,15.534479226421446
mp-1029730,Ca4HfN4,88.682,42.246,108.52694595048489,60.34819018824971
mp-1029733,Sr3Al3N5,104.031,52.829,126.2665985365014,82.84651956151404
mp-1029737,Ca4VN4,88.844,45.204,116.05993303251964,67.6738504531342
mp-1029782,Ca3W3N5,108.798,49.934,177.41329950957078,78.87697279833466
mp-1029799,Sr4TiN4,72.97,33.654,93.71305870741664,51.52985140696333
mp-1029921,Ca3Al3N5,112.618,59.404,142.2500839793031,94.25586572144223
mp-10810,TiAgF6,20.057,14.3,105.32435869471826,43.12170431524036
mp-11737,Li4SiO4,78.989,53.188,129.06854748493018,87.37801514929686
mp-1205307,WSCl4,0.936,0.749,50.717518849062465,22.357813574615633
mp-1542038,CsSnSe3,12.624,6.148,34.74197868745808,18.203644169027537
mp-16828,Li3B7O12,64.468,39.327,179.4698989771518,115.11382043641665
mp-22747,Pb(CO2)2,22.536,13.958,98.00099873375024,62.92773757733492
mp-23791,B(HO)3,14.465,6.744,64.69846729025129,40.73468924917675
mp-2422143,Pd(Se3Br)2,2.439,2.054,30.69301595974104,14.058611609787564
mp-2422943,WSCl4,0.203,0.2,48.21230364522541,21.33672575161526
mp-2458827,TePdI2,6.67,3.699,45.82633208259333,14.828257494211314
mp-2492941,Li2NbS3,52.707,32.578,91.15006908268548,34.79460242573927
mp-2725306,NaCu3O4,45.84,20.876,69.48820441716576,33.21220481354594
mp-28017,Na8Ti5O14,74.063,43.59,143.33301922826564,82.37530925869724
mp-28174,Pd(SCl3)2,2.346,2.36,35.49340316375441,18.498755012511666
mp-28230,TlSbS2,13.437,5.992,51.11737078448224,23.64664014673694
mp-28376,CuAuF5,30.801,13.085,79.87392671705398,32.80777064979835
mp-28711,Sb2S2O,11.667,10.585,74.19184867057923,35.12548004524267
mp-3283,RbNbO3,40.207,18.604,121.12532093019516,58.18593086135952
mp-4428,CaSiO3,76.748,39.815,157.84410501504598,98.65415192263326
mp-4429,CaSiO3,92.549,47.623,155.5886455941926,96.39865757137048
mp-5065,Al2SiO5,172.073,119.72,247.00323300747672,163.70417751895496
mp-554678,CaGe2O5,117.103,60.045,175.31375446387835,105.1511331654926
mp-568469,Ca4TiN4,90.623,44.997,111.6870859758182,63.89327954471167
mp-570568,W2NCl8,4.479,2.06,62.506130784635765,27.692662467026903
mp-635713,TiZnO3,65.52,25.095,143.96901299824947,63.445452242178895
mp-676540,TlSbS2,14.241,6.331,49.0362927087801,21.97002139716274
mp-6999,ScPS4,7.016,5.269,66.3301476326138,36.547661721647245
mp-752685,ZrBiO4,105.128,46.263,186.02844387357612,85.48921516617862
mp-755115,CuReO4,47.537,30.382,219.1382880003176,96.41570424232404
mp-756683,HfBiO4,129.509,61.088,195.33263690881975,92.28885140607154
mp-7622,KSO4,21.988,11.3,92.79246608316544,61.115138439148
mp-4051,AlPO4,17.002,30.589,152.61666750576694,88.24686166751059
mp-553932,GaPO4,22.532,25.908,152.1736636054175,90.0286926306414
mp-558125,BaTiO3,102.538,53.631,162.53639056094414,92.29815216006902
mp-989586,SrTcN3,85.068,22.858,158.56511618806695,54.32875572912496
mp-997027,AuO2F,17.499,7.771,367.2710734503432,17.283687145984697
mp-30178,Mg2Al5Cu6,101.138,58.206,116.00856876582895,53.27103860063711
mp-31064,B6H10N,14.126,3.607,89.300988914002,81.9649626120567
mp-12956,Yb(FeP3)4,157.162,108.383,171.6749232449302,127.02470036622162
mp-16272,Ce(FeP3)4,168.858,133.263,181.60598046177935,134.89874429202112
mp-3569,Nd(Sb3Os)4,100.469,52.211,128.38006485638175,63.76566483977087
mp-4251,Pr(Sb3Os)4,100.522,49.953,128.84809287591872,64.32118163876403
mp-4341,Pr(P3Ru)4,162.522,100.692,179.3911649860098,123.2192615577579
mp-14753,Li7TaN4,82.815,64.79,116.65539609803916,77.31863568844824
mp-14827,Li7NbN4,81.654,63.726,112.16457896455918,73.51642620018255
mp-20820,Pb(NO3)2,30.668,10.034,117.75526398082648,60.445180839306104
mp-3142,Ca(NO3)2,3.748,8.029,129.0954540609934,67.9507455753803
mp-4157,Sr(NO3)2,31.616,13.799,120.73834020697308,66.11883624606904
mp-4396,Ba(NO3)2,27.443,9.771,106.48676186449352,57.93914381235754
mp-4604,Li7VN4,82.448,71.832,112.01964189843652,80.63495206831837
mp-5024,ZrP2O7,131.49,51.345,181.21105873207284,113.7130745580784
mp-571369,Y(BH4)3,27.174,16.32,66.51282587808393,50.95133417148408
mp-530399,LiAl5O8,196.082,120.442,229.59187739169317,153.54979703378586
mp-1029562,Li3InN2,85.511,58.145,89.3887588660038,62.78416204925181
mp-1029592,Li3YN2,80.904,44.751,93.56108090864277,54.75509402791627
mp-13944,Li3AlN2,102.784,99.981,131.46468103954712,100.1897453020422
mp-21861,Cu3TeO6,147.302,62.89,173.49243441974252,81.02985774209256
mp-3887,Li3GaN2,98.991,87.141,117.36186847421784,83.34093379955591
mp-542435,Li3ScN2,92.251,60.664,109.519905621755,67.25131161740231
mp-18093,Al2Mo3C,225.38,81.165,240.0105510987441,121.61064403585644
mp-4091,Ni2Mo3N,278.976,141.689,297.1331597542511,140.51575420143467
mp-1019380,Al3BN4,223.081,145.417,233.8689039212911,139.71349698400567
mp-1019508,AlGa3N4,177.124,106.97,187.18420882268387,102.09119677681048
mp-1019740,GaB3N4,302.943,232.977,316.9821231254551,228.76780175768593
mp-1019743,Ga3BN4,206.368,134.04,213.40833437099388,123.79920520067544
mp-10748,TaCu3S4,32.41,24.368,90.39837906399976,45.88714393960769
mp-20545,Cu3AsS4,71.506,26.458,79.8793969907602,26.90841115012636
mp-21855,VCu3Se4,35.323,20.988,82.70857513541938,38.49961980907447
mp-36248,H4BrN,18.724,9.681,64.34890243775774,42.29390044355343
mp-3762,VCu3S4,43.389,24.992,89.87468300797532,46.54793024906174
mp-4043,NbCu3Se4,33.566,22.259,80.64514978940643,38.97285014411747
mp-4081,TaCu3Se4,41.99,22.077,83.30014106715319,39.54756529252751
mp-5245,Zn(CN)2,40.24,4.726,83.44543674128316,25.447892634522827
mp-551736,K4CO4,17.431,0.411,69.3937396362483,42.59899382170486
mp-551886,Na4CO4,32.124,11.846,97.5083634674228,64.39227636681724
mp-5621,NbCu3S4,44.381,25.259,87.91418767881513,44.8053934443574
mp-753982,Li3CrS4,11.688,5.266,42.60182810490114,19.705846152067178
mp-755309,Li3NbS4,11.108,7.241,45.420074466155704,23.14916971103124
mp-760375,Li3VS4,13.233,5.774,42.83592481933415,21.565721978472514
mp-850275,Li3SbS4,9.928,5.909,39.38592543201797,21.21901623371132
mp-9295,TaCu3Te4,34.708,19.87,73.7321037433062,32.88703217745325
mp-981379,Zn3CdS4,65.214,27.769,67.83773594692501,30.338997301573336
mp-991676,NbCu3Te4,30.476,19.727,73.52460582697763,33.20370407598203
mp-5710,Ag3Te2Au,41.009,10.424,63.63833034811915,16.949428374205155
mp-10167,Na3SbS4,21.399,4.399,49.96295766136243,25.63116624051664
mp-1025396,NbTl3Se4,18.062,7.445,43.19921073475405,16.7105923384584
mp-1025549,Tl3VSe4,19.502,7.414,41.26698604758264,16.200635021462436
mp-11176,Ca3(SiIr)4,131.909,53.407,150.0915407784562,77.36772266969429
mp-11285,Ca3(GaNi)4,59.548,34.84,89.2813026540645,43.940946291051254
mp-17862,Ag3Ge5P6,64.884,35.962,80.22711968291625,38.82548910547282
mp-4812,Zn4B6O13,179.033,90.257,220.41276456382425,137.71288076561072
mp-5513,Tl3VS4,21.006,7.07,45.342408076983574,17.858826160465526
mp-647164,Cu12Sb4S13,59.344,73.669,84.89382670609434,36.132218242156554
mp-8703,Na3SbSe4,19.392,5.501,40.633838087803085,18.82063450405153
mp-985584,Na3PS4,22.647,6.232,52.784489006888464,28.293197106047568
mp-1029522,Li7SbN4,75.104,62.895,92.84065879381478,68.50950211341417
mp-4198,Ag3PO4,76.581,14.472,127.10431341406026,51.34819523821921
mp-1008631,VCoTe,143.581,40.65,134.5603255656182,56.34351419718532
mp-1008680,TiGePt,151.635,59.294,164.43709063901903,64.86889567854764
mp-1008866,NaAgO,59.264,20.866,66.55272101556322,21.39139426511343
mp-1008872,MnFeTe,111.271,57.648,134.34783913777616,70.98111025544229
mp-1008873,MnCoSe,118.385,29.978,130.354445577742,56.039187264579034
mp-1008874,MnCoTe,116.02,49.122,115.58506154874443,61.35154109601877
mp-1008876,MnCoS,133.924,13.263,142.49639649701925,48.815205375904206
mp-1008903,MgAgSb,58.085,16.306,63.88509453319262,21.87519211249865
mp-1008911,LiMnAs,43.203,33.252,47.58374102377183,31.8345636487351
mp-1009006,LiCdAs,46.662,3.251,48.13268189878567,15.89999347711576
mp-1009014,LiCuO,97.277,46.923,93.64093847070365,31.458064523076608
mp-1009048,KAgO,42.453,64.93,46.21687349673507,12.325765027533937
mp-1009544,CsRbP,10.753,4.376,10.678716111742636,4.249186560645131
mp-1009592,CrFeTe,93.912,54.599,114.34212360279668,67.92408778625277
mp-1009593,CrCoTe,101.026,48.166,114.30709090630768,62.92553169042469
mp-10154,MnSbIr,131.258,42.613,146.75994305194678,58.50733151178612
mp-1017515,Mn2CoAs,199.678,76.451,210.6500408785563,84.12397810158721
mp-10178,LiMgP,55.743,22.303,66.58276628670545,36.84961717038048
mp-10180,Li2SbPd,68.437,27.178,70.1983235632633,28.934119641063436
mp-1018009,Li2MgSi,44.934,36.356,48.55131769444246,30.569508039430396
mp-1018015,Ti2MnGe,140.634,33.046,139.4291860623621,50.08554314420545
mp-1018135,LiCdAs,46.596,29.67,52.61753207747854,26.7134051991888
mp-1018136,LaBiPt,78.997,33.23,85.21725157905,34.41596291322397
mp-1018139,HoNiBi,81.591,50.118,94.37540730770596,53.301152624836504
mp-1018161,CrNiSb,104.241,46.545,132.24572439008446,63.79719076838765
mp-10182,LiZnP,63.12,51.137,66.95279716976778,40.77476955117223
mp-10183,MgSbPd,79.924,29.553,88.64104926756944,38.91311841172677
mp-10184,MgSbPt,88.916,35.31,102.55480575282482,45.96276143641198
mp-10194,LuSbPt,104.751,50.093,114.8006785102258,56.52342719494614
mp-1024957,TmInCu4,109.749,55.5,115.57590134791371,44.169710135297386
mp-1024984,TbInPt4,161.456,57.587,178.32710370647,65.01766319884364
mp-1024987,HoCu4Ag,104.289,14.049,115.0387477815838,45.231297166341285
mp-1024994,HoCu4Au,110.424,33.425,126.64599639537111,46.38961431342179
mp-1025021,YbMgCu4,79.591,28.588,88.17476922731407,40.57103189344981
mp-1025022,HoInPt4,163.795,57.77,180.5499380999701,64.8110628128058
mp-1025113,DyInPt4,165.87,59.703,182.22791292063823,65.17038542459497
mp-1025116,TmCu4Ag,109.243,27.214,119.75697457114536,46.92324059258703
mp-1025134,HoCu4Pd,115.869,48.519,138.56391851201604,55.12802634176678
mp-10623,ThSbRh,112.537,42.792,126.24781267547668,51.186151103611195
mp-10624,USbRh,134.411,36.636,122.67504009014718,47.45165321634572
mp-10687,LiCdP,53.16,4.094,54.92757076915172,11.83382911629288
mp-10755,TiFeSb,119.461,56.301,134.13377109411147,64.92570118082804
mp-10756,VFeSb,83.654,11.035,94.5271424027724,30.553007819853597
mp-11194,NdMgNi4,122.846,50.0,130.5924990211079,61.586776582737215
mp-11304,Li2CdPb,32.005,11.955,32.40014240680185,5.591625479548731
mp-11361,MgCuSn,78.29,38.37,72.7746485242118,33.674632080800976
mp-11390,LiGaSi,58.688,46.327,62.881523120571345,28.5372248937896
mp-11520,YNiSb,88.707,55.328,98.3373823850244,61.00354883096217
mp-11533,ZrZnNi4,162.623,70.469,186.61515198913867,79.8438697814229
mp-11621,ZnNiSb,96.917,40.075,105.56684226010402,49.526129737701744
mp-11808,ScNi4Sn,140.435,57.323,165.67029602069485,63.66421279780526
mp-11836,ErSbPd,90.514,44.187,102.23732073561932,54.26945064185488
mp-11869,HfSnPd,123.996,58.332,136.9240046231925,68.69908721578088
mp-11882,TiCuHg2,100.973,12.437,104.08394798622986,6.613344245521844
mp-12006,CeCdNi4,121.691,53.332,145.02426881533998,56.56666552125614
mp-12007,HoCdCu4,104.872,51.211,111.17984190456896,43.50478030088475
mp-12008,ErCdCu4,101.387,52.422,111.686835838286,43.63629669342925
mp-1219553,RbBH4,11.822,7.082,35.22979489784898,24.989245942161983
mp-1225884,CsBH4,10.872,5.362,30.9111401128795,21.174786710544232
mp-12411,Li2ZnGe,48.483,38.377,52.29511304071087,27.699647549762332
mp-12558,LiMgAs,46.549,36.802,49.88512829977509,32.850583359740014
mp-12564,LiSbAu,53.85,8.279,60.70410121482497,16.26905267753517
mp-13079,Mn2AlCo,158.934,102.599,172.12122211270113,103.34831788758989
mp-13082,Mn2CoSi,220.339,98.352,241.8402241392936,119.71591802379407
mp-13085,Mn2CoSb,171.446,74.447,164.3654227553042,76.43694052946263
mp-13172,YMgCu4,90.416,45.743,101.53706109729522,43.84750470497192
mp-13240,ScInCu4,114.133,60.675,119.08480880091074,45.867576709379215
mp-13306,YbCuGe,59.822,0.769,66.55173314141845,29.432965221893596
mp-13308,HoGeAu,86.61,31.821,92.2025915430752,44.02320407831926
mp-13436,PrMgNi4,113.482,48.482,124.93593377151358,57.771374339728666
mp-15778,MgNiSb,83.144,46.001,86.91652576211767,49.64669538128083
mp-15988,Li2CuSb,52.716,33.809,60.384605057498746,23.872227397042813
mp-16238,Li2AgSb,46.551,20.639,49.42271675985976,15.2624954690433
mp-16246,CdSbAu,69.142,14.861,72.17042447316159,15.279720737315484
mp-16314,TmSbPt,103.205,49.592,111.4801276702745,55.51522721459379
mp-16327,DySbPt,100.142,48.071,108.08418861004556,52.85976646045831
mp-16329,ErSbPt,101.691,49.226,111.09345570009371,54.030937718639386
mp-16343,LiInGe,37.377,33.386,43.56208100711677,23.6945598376839
mp-16376,HoSbPt,99.731,47.964,108.57364394311752,53.42646883620761
mp-19886,ThSnPt,109.3,42.631,117.0666212613722,45.575389334361056
mp-20185,LuNiSb,96.168,62.894,106.56819812835896,67.27729360540387
mp-20269,MnGaPt,123.891,21.757,130.64079137986138,32.99042958505403
mp-20275,CeGeAu,70.17,18.402,78.60736371270347,35.05634976551442
mp-20389,Na2CdPb,23.527,10.909,26.02926457180623,8.504397480103881
mp-20952,TiNiSb,126.65,59.365,127.45608604323375,56.87669095959406
mp-21026,Li2InPt,71.969,18.408,75.7132374855416,28.11829804596744
mp-21029,Li2InPd,59.663,17.086,62.683628916614346,24.494162968767352
mp-21272,ErNiSb,92.177,58.842,106.04098253723542,65.32137456404031
mp-21418,MnSnPt,59.75,15.121,113.61213258460955,42.29397483879081
mp-21425,UNiSn,116.316,51.159,118.51931754377028,57.72070557442897
mp-22027,MnSnAu,79.189,21.172,91.53469902852385,25.848488630379247
mp-22229,TbInCu4,103.672,50.032,112.09974042214768,41.12460424212103
mp-22276,Mn2InCo,135.295,36.221,99.51900225083214,46.3090211200445
mp-22289,Mn2CoGe,176.138,66.995,221.321240798346,96.79578201641912
mp-22465,Mn2CoSn,114.714,75.75,127.3014316450612,70.02328567866064
mp-22541,MnNiSb,98.538,0.5750000000000001,99.38623314187156,16.797166863814354
mp-22786,ThNiSn,98.7,48.922,112.38526137543457,53.49854376040317
mp-22792,MnTePd,83.667,19.831,90.04402499738653,24.91245783726948
mp-27608,Be4TeO7,182.13,112.527,204.88069830271883,147.1353042049248
mp-2894,ScSnAu,88.353,43.605,96.37266015933298,42.95482934179262
mp-2935,Li2GeAu,61.01,28.556,69.67935200984145,25.949666453342576
mp-29733,MgNiBi,69.981,35.796,71.71031841442868,37.98658841553314
mp-2988,Li2GaRh,81.563,35.873,87.97107874974746,36.55816706979375
mp-30344,Li2InAg,43.023,15.372,45.2864561368157,17.28384017631321
mp-30349,Li2AgPb,39.481,13.522,40.82674036283563,14.917760949051274
mp-30381,Li2GaAu,59.891,25.706,63.8379598154936,25.75209858480512
mp-30392,Li2InAu,53.673,16.653,56.13431372795131,19.512700653921705
mp-30403,Li2PbAu,44.376,11.552,48.28743449924434,12.616435706472462
mp-30404,Li2SbAu,54.242,21.767,59.2213604825977,10.620576605326018
mp-30405,Li2SnAu,55.812,21.316,60.71061380389205,21.927055019384454
mp-30406,Li2TlAu,45.771,8.488,48.49481898094675,10.867562372450484
mp-30449,MgCuBi,56.495,29.042,64.87475581106352,26.291138441600022
mp-30452,DyNiBi,79.997,50.161,93.4231045525478,52.82184153418091
mp-30453,DyBiPt,89.435,40.218,96.69307957945108,45.65332309240479
mp-30454,ErBiPt,90.805,40.701,98.33245914728928,46.09096601697219
mp-30455,HoBiPt,90.608,40.665,97.2773912285215,45.88125241284803
mp-30457,LuNiBi,82.386,50.28,94.828913675208,54.96632854951928
mp-30459,ScNiBi,87.697,53.578,99.02342819628991,54.816622692186435
mp-30460,YNiBi,80.316,49.382,87.85764973227478,49.156006495575696
mp-30530,TlClO4,12.984,5.629,70.71768135476748,44.5901374184164
mp-30582,HfCuHg2,105.976,17.253,114.43666340484678,8.83553524613397
mp-30587,MgInCu4,100.153,31.24,117.3733341562368,44.03597324508068
mp-30591,Li2CuSn,52.666,30.448,61.468077954107365,27.804064036754767
mp-30816,Li2AlPd,68.314,29.042,72.44708512971918,36.12228037877987
mp-30818,Li2AlPt,84.603,37.313,88.06605586446196,44.33362330701548
mp-30820,Li2AlRh,80.792,39.204,85.31662746359959,41.293525882184625
mp-30847,TiSnPt,136.97,56.643,149.10359939924928,63.05852196014766
mp-30848,USnPt,145.047,53.407,108.73831822654454,45.46970834025165
mp-31168,Li2AlAg,50.135,25.281,53.794961789725555,25.046147625722316
mp-31441,Li2GaIr,95.635,41.728,103.55364143068758,38.60564545989857
mp-31442,Li2InRh,70.882,25.237,74.50340581391097,28.275193613985163
mp-31443,Li2InIr,82.523,28.256,87.46093302834599,28.40680516761081
mp-31451,ZrCoBi,118.226,61.85,139.25887715313195,71.268036943139
mp-31452,ZrNiBi,99.372,37.576,116.53975376141548,43.09436321438719
mp-31453,NbSbRh,149.831,42.085,152.44070009147185,46.77735934933651
mp-31454,TaSbRu,176.103,71.486,196.45382947651248,87.80573829300401
mp-31455,VSbRu,161.485,48.967,172.77016389984954,68.960905115833
mp-31456,HfSbRu,142.704,47.25,158.51295040178783,65.94949333732073
mp-31457,ZrSbRu,136.523,45.611,148.3810699289918,61.70962655796556
mp-31458,TiSbRu,144.54,28.092,154.51910962147724,55.78824275880412
mp-31459,TaCoSb,165.084,66.374,177.43868232263625,62.354448321559026
mp-31460,NbCoSb,193.533,59.158,165.12119143145534,56.50951357523073
mp-3158,Li2SbPt,79.179,28.96,85.89889554752084,31.705781070823836
mp-3161,LiAlSi,63.069,55.349,66.37318456550217,39.165895696057575
mp-3201,Li2GaPd,67.604,26.29,72.51848783899581,30.097144240849175
mp-3307,BaSO4,43.4,19.34,106.90993571942026,61.95126363584926
mp-34240,NaZnAs,42.014,15.206,47.490989440544354,28.073322464969245
mp-3432,ScNiSb,103.751,66.881,112.75960024379866,69.91047519106311
mp-3433,YMgNi4,90.883,57.883,134.39290602465505,67.95040468575803
mp-3477,MgAgAs,65.693,7.627,71.93023656131298,18.65580533006275
mp-35208,NdOF,131.316,58.164,141.1436868215706,72.70112968449168
mp-3522,MgCuSb,66.779,36.515,81.29180434761805,34.852831346836865
mp-35841,Li2CuGe,58.787,40.226,62.70800787596647,34.92032180926489
mp-36033,PrOF,124.08,55.446,136.93744899398084,70.10061323968328
mp-36111,LiMgP,53.996,43.198,56.758466684862555,37.16431129127516
mp-36526,AcOF,106.534,46.716,112.79217240756547,54.40518727873218
mp-3676,MgCu4Sn,97.854,58.121,117.1776686891911,41.044131098833816
mp-3716,TbNiSb,89.316,55.203,103.36328785012545,62.18408058408379
mp-3726,Li2GaPt,82.351,28.95,88.86961649889973,36.49914213175824
mp-37381,SmOF,136.531,61.265,144.19506191768676,77.13904483844324
mp-37906,LiMgN,98.683,82.964,103.07129136869604,79.47437199986813
mp-38194,YOF,141.676,65.184,151.62720074014192,79.0258101415446
mp-4025,TmNiSb,91.824,61.273,104.02394375143732,66.82827172561633
mp-4076,VCoSb,141.89,55.213,161.53526640568532,76.74585585593485
mp-4142,MnSbPd,83.912,1.044,98.58288618354248,23.234655168238383
mp-4174,HoNiSb,92.38,57.242,106.9483635494734,65.00378287256372
mp-4262,BeAlB,140.226,133.528,148.80461359751953,109.1672582105728
mp-4510,DyNiSb,90.475,56.439,105.79904926893452,64.11824778804933
mp-4846,MnSbRh,112.852,31.097,121.5516769039075,51.45269533156663
mp-4964,YSbPt,96.369,47.273,105.6319063730218,52.13096539158408
mp-505297,NbSbRu,168.993,67.952,188.59147131848425,81.48428048311153
mp-505572,Al13(CrSi)4,112.279,68.175,129.11863825469203,68.19077742477765
mp-505599,VNiSb,142.304,47.873,130.04277135117624,54.60693175663952
mp-5222,ReTeS,67.821,43.016,159.36598453430244,97.78605690890072
mp-5318,MnCoSb,116.415,56.542,128.39426501410438,73.84062951735233
mp-542065,CdAgSb,58.715,6.418,63.00462329639331,14.645150368165538
mp-545756,ZnSO4,70.5,8.515,101.09837313345248,50.596756852950826
mp-546633,KClO4,15.769,7.16,73.70265926045703,48.30345073000409
mp-546711,CsClO4,10.709,5.142,63.794301956000105,41.98763322106607
mp-554769,MoSBr,50.553,31.655,129.31271386779704,70.44761209222673
mp-5549,MgSnAu,65.619,28.043,73.70182659683131,30.502081584389444
mp-567347,Li2AgSn,46.665,20.768,50.12200362384896,21.069786440738607
mp-5676,MnSbPt,110.879,29.228,122.55616840032772,41.222174756972635
mp-567636,VFeSb,162.865,60.034,175.06415829249474,88.17076515932924
mp-568269,TmNiBi,83.509,51.78,93.51716243119029,55.4714125343672
mp-568398,CaBiAu,53.944,22.466,57.97660078025154,26.623202962308657
mp-568466,LiInSn,34.609,19.365,32.50199058607289,9.649350085783048
mp-568891,MnSbRh,105.879,17.49,108.7487445360062,26.84947407373005
mp-568931,YbNiSb,71.524,33.339,83.5984297328379,44.526339773916355
mp-568983,MnSbRh,104.921,9.443,119.44755016826764,32.87557262672109
mp-569661,YbInCu4,121.133,66.868,101.86363245857704,43.28601354793797
mp-569779,ScSbPd,99.2,46.202,108.78745248141064,56.2743582457863
mp-570014,YbSbPt,77.685,26.578,84.52146250106142,42.908508588547875
mp-570213,LiMgBi,31.336,21.657,34.82423503744563,18.645494477724956
mp-570769,CaInCu4,83.946,39.309,90.69021665266432,38.36325726217076
mp-583030,MnSnPt,100.495,10.5,111.6394165547762,30.50742946798936
mp-5866,MnCuSb,75.954,30.067,90.96679492237926,31.73863105223504
mp-5920,LiAlGe,55.853,50.642,59.13075591166534,34.826161726604326
mp-5944,MnSbAu,77.433,12.833,83.86755185842685,13.482262185086146
mp-5967,TiCoSb,141.018,74.37,151.0363580643577,86.9882199989011
mp-600124,MnNiSb,101.928,50.092,127.20496399033196,59.592107994257525
mp-631269,LiIrRh,141.531,30.087,143.3214942236839,53.08727250204101
mp-631302,ScVFe,98.321,116.716,105.94104366714204,19.987654923538873
mp-631320,TcIrOs,264.415,57.963,300.31557372931303,87.86988762108372
mp-631322,KSnOs,58.658,15.074,62.03988179351615,25.047774988403617
mp-631329,KMoRu2,142.296,48.436,150.5995356992801,38.32163426391142
mp-631335,MgTaZn,88.355,36.564,93.28985036780256,30.92006445103405
mp-631339,Na2LiTa,17.782,5.998,22.03739572508329,12.729173935623496
mp-631342,MnTcPd,139.643,3.578,154.0791026200022,57.604159440278146
mp-631343,LaRe2W,194.937,81.15,213.723964544634,77.3447750018213
mp-631354,ReOsRu,271.769,40.401,293.1692045841334,81.90223623597889
mp-631371,TlCuIr,106.279,14.125,128.61221641952238,34.69729290062716
mp-631383,MnCrRe,167.245,33.053,170.9752596001395,48.4960207429648
mp-631388,CdIrRu,157.642,17.362,175.5152190151723,51.55270504939217
mp-631390,SrZrZn,30.597,4.064,29.645679638724896,5.1519321620480545
mp-631398,TeOsCl2,98.163,88.718,113.4218649135366,5.344170411405298
mp-631404,CrIrRu,181.074,15.702,193.3156417242548,46.70919906005847
mp-631411,CaTa2Tl,97.416,36.635,92.19276694909972,34.21386777401854
mp-631424,ReW2Br,209.674,41.412,229.4612454139712,58.05299060786612
mp-631429,ZrCrFe,88.405,20.655,107.69751796440946,14.851893703470276
mp-631441,NbBi2Mo,117.828,284.254,121.63529416788252,5.034590790716856
mp-631451,Ta2CdBi,106.406,20.358,120.69214840822826,7.262357498169741
mp-631462,BeTcSe,122.422,93.926,114.59409188170912,15.035097426951022
mp-631475,TlZn2Tc,105.795,16.375,113.64141488985778,-9.32279955991717
mp-631479,CaHfBe,49.413,19.0,47.49577036887245,27.01020320375582
mp-631482,BiMoRh,130.515,22.36,148.26919073827705,35.373105362917606
mp-631495,BaYSc,17.332,27.375,17.563615115753908,11.707719618100068
mp-631503,ZrAlW,104.983,0.641,104.66203913555694,36.86953345383125
mp-631505,BeCuBr,46.71,7.573,50.70749435909143,-1.395833597253598
mp-631523,TcNiW,201.037,21.798,220.65903591111564,51.95435831378987
mp-631541,BeGeB,111.116,3.995,119.32346346932788,57.245188311888896
mp-631551,MnAlTc,119.44,1.572,125.28920902053532,23.549229190943812
mp-631556,BaGe2B,43.591,0.933,54.00567316469256,17.055503711081766
mp-631570,BaTaB,65.046,91.332,74.4684665774733,14.451148148131582
mp-631576,MoPt2Br,173.98,53.948,183.4873034441467,31.75416766902668
mp-7173,ScSbPt,112.645,53.46,124.69498896017856,58.23150169050127
mp-7575,LiZnN,112.773,83.729,125.60333005749332,78.30598669124213
mp-759877,Li4CuF7,53.165,15.96,67.38641495008356,36.051447032743965
mp-867863,SmCu4Ag,100.508,31.012,106.7942167179791,41.634529563041376
mp-9124,LiZnAs,53.606,40.964,58.89831639177641,31.41099297946416
mp-924128,HfNiSn,127.878,77.933,141.15443356565666,79.47725750672457
mp-924129,ZrNiSn,115.909,73.11,135.338067692933,77.88620737386064
mp-924130,TiNiSn,123.819,69.076,151.05861804167074,86.01643625428014
mp-9437,NbFeSb,164.016,80.125,191.90592372903225,92.19697824339444
mp-961645,LiAlGe,48.554,4.5600000000000005,52.21172879108806,27.78266476551959
mp-961646,TiTeOs,158.831,62.489,166.11758305400966,82.01800791124727
mp-961649,ZrFeTe,135.818,74.15,153.11758586089195,83.06674814142265
mp-961650,AlVNi,119.158,139.154,109.4189123055332,16.32037040404361
mp-961651,ZrFeSe,143.448,68.035,157.4404648930447,69.83220681322936
mp-961652,ZrFeSb,119.495,67.211,126.98872750318972,65.50863525737941
mp-961653,FeSiW,226.039,121.257,243.41754054223452,115.38363056005838
mp-961656,VFeTe,134.14,53.837,150.1535799953044,70.60658055163269
mp-961657,YNiP,107.291,33.705,119.1405287597744,65.33955235778508
mp-961658,VFeSe,138.506,51.107,155.4271999024931,63.37918010184308
mp-961659,TiSiPd,145.487,56.487,159.08048358159925,71.90115395217141
mp-961660,TiFeSe,157.629,76.634,170.75435408236947,83.92248864105282
mp-961661,ZrSiPd,138.82,55.905,151.55049406510216,63.23978367449922
mp-961664,VSnPd,120.16,31.185,118.28113743426776,47.00741188771436
mp-961665,MgScGa,54.545,37.789,57.97240922264665,32.281321623121116
mp-961668,AlVPt,139.456,27.745,152.80092407654357,35.76831622889198
mp-961669,NbGaPt,135.124,0.506,156.27114795581346,12.688151552056862
mp-961673,TiFeTe,146.311,73.592,163.30411494541207,87.96769500578488
mp-961674,VGePt,145.001,3.848,160.8926859442051,32.01926974018085
mp-961675,ScNiP,129.129,70.695,144.67209267598528,81.47443321761526
mp-961678,ScCoTe,110.522,66.456,121.7409265269801,70.13086873072949
mp-961682,TiSnPd,118.974,47.761,132.44034791497353,59.624641836243605
mp-961683,LiMgP,49.919,4.158,55.64291676704172,17.612898906661535
mp-961684,LiCaAs,37.314,17.972,39.9239860486061,26.26966954666288
mp-961685,NaCaAs,33.378,21.704,38.35033684113633,20.41241160888535
mp-961686,HfSiNi,125.6,20.992,139.96258289360813,39.28553142121027
mp-961687,ZrSnPd,118.393,55.653,127.04723854890337,67.95453531830088
mp-961688,VGaPt,136.177,15.44,162.2567363967353,38.02784361097137
mp-961693,ZrInAu,106.206,48.87,114.48403235550327,52.2434105720681
mp-961695,LaCoTe,85.096,22.703,93.40324380790562,33.92475495688239
mp-961696,MnCoSi,181.264,72.168,182.2318257404461,92.99406176352666
mp-961697,ScGeAu,95.062,38.126,104.64068869865748,41.89957806301853
mp-961698,LiZnP,64.164,34.294,72.05811496333875,34.37618774771025
mp-961706,TiSiPt,165.342,68.623,181.6801201635315,77.3795628422186
mp-961710,VSiPt,171.875,47.772,185.53298255339575,53.63843466851419
mp-961711,ZrSiPt,154.395,61.799,174.054028355548,69.01943974684742
mp-961712,TaTlPt,153.2,54.063,164.88316396287604,62.82417347852984
mp-961713,ZrSnPt,133.908,63.302,146.45885789524402,70.8758893139224
mp-961716,VSnPt,137.912,40.965,137.64186040048622,48.37733939150633
mp-961723,LiCaRh,42.619,8.295,47.5256699133079,17.442513014893663
mp-961725,CrGeRh,118.263,8.741,134.4833494245656,48.122518113612934
mp-961774,BaNaSb,24.711,11.206,29.50160250862949,12.920320856173031
mp-962060,NaYSi,38.721,0.269,41.90097912233835,0.9624451140726908
mp-962062,BaSrSn,20.126,2.317,22.262281866164937,6.893733727895631
mp-962063,LaMgTl,35.592,12.985,43.19873792423175,20.67406568896125
mp-962067,BaNaSn,18.381,3.472,19.932824093744173,9.227474799445798
mp-962068,CaMgSn,33.364,17.467,36.06286518349419,21.414041143064964
mp-962072,KYSn,26.23,8.847,25.951242144133275,12.49751072045033
mp-962073,KBaSn,14.567,11.023,16.679724473091756,4.094352458587708
mp-962077,TiAuCl,68.261,5.193,74.32866559187043,9.023771457594943
mp-962078,CaCdSi,46.537,17.166,50.66442783029448,26.18369002048764
mp-976181,NaBH4,19.495,11.449,50.761668516985694,34.62576285812008
mp-999047,Ti2MnSi,153.082,43.594,156.88578787889622,55.327859276915845
mp-999052,Ti2MnAl,108.188,56.463,104.3473356154566,45.443312892172194
mp-999053,Ti2GaNi,121.628,45.216,136.4466614838019,45.243703504602365
mp-999054,Ti2GaCo,138.266,52.933,152.64381449680977,49.8260649927633
mp-999060,Ti2CoSi,154.865,54.714,172.42539759808173,57.22228408105682
mp-999067,Ti2CoGe,145.264,49.069,160.0365952854753,52.778645404764696
mp-999068,Ti2AlV,117.59,34.101,124.45496693468353,33.341343224299735
mp-999069,Ti2AlFe,412.064,12.007,120.35893613587218,47.29951260624479
mp-999072,Ti2AlZn,96.88,14.141,98.49004339194134,23.389800725461473
mp-999076,Ti2InNi,35.899,43.517,118.95315829899108,43.99034199020925
mp-999079,Ti2AlCu,105.546,42.04,111.78723628696775,33.89851011032042
mp-999096,Ti2AlCr,104.525,49.611,109.50080389593856,37.32145972049737
mp-999201,Sc2MnSi,93.51,13.769,98.08012089472244,35.925709236625494
mp-999207,Sc2MnSn,72.919,23.849,73.59715411103072,21.76711808839436
mp-999249,Sc2MnGe,80.831,13.991,80.32948141583722,27.904118552160945
mp-999558,Mn2SiNi,198.379,89.79,212.12265475513803,84.7459745021301
mp-999576,Mn2SiRu,218.838,121.126,246.65678100348129,119.23510642693134
mp-23560,Ge3(BiO3)4,50.715,41.051,140.797234634885,74.59973096150738
mp-10036,Ce3AlC,64.659,43.092,63.02791144165177,28.67384907828875
mp-10037,AlCo3C,232.832,114.737,260.90496892776923,110.05661450670608
mp-10038,Er3AlC,38.49,16.408,36.6391518460695,11.399292280673777
mp-10039,Pr3AlC,61.702,40.798,65.5348468192858,38.39640344451619
mp-10041,Tb3AlC,36.148,14.277,35.864085794261776,14.70236366978931
mp-10060,DyBPd3,143.573,17.014,159.2859851394917,41.673663088810834
mp-10061,ErBPd3,146.762,20.647,162.2452887020678,43.276471532937194
mp-10113,ScBIr3,242.814,121.824,254.10661705409652,85.91792469898834
mp-10133,Sc3BPb,79.042,65.681,86.98630481436773,55.51443455358761
mp-10134,TmBPd3,147.36,23.258,164.73505685679012,45.246357689557854
mp-1013533,Ba3PN,40.54,27.282,42.994514170530174,24.30887763777356
mp-1013540,Ca3PN,36.021,21.22,45.656770916765815,18.567323226099074
mp-1013544,Ca3SbAs,35.485,24.198,43.77192239266645,24.941715616141384
mp-1013548,Ca3SbN,57.655,49.131,67.5499117376586,45.02820084580732
mp-1013549,Ba3BiN,35.813,25.706,36.67841276611393,21.514615914770054
mp-1013550,Ca3SbP,38.669,27.881,44.22247618446686,26.88592743776904
mp-1013553,Sr3AsP,31.673,21.339,38.91575269922162,18.079194503528527
mp-1013554,Sr3PN,49.284,39.817,52.785594898237754,34.481069845198036
mp-1013555,Sr3AsN,47.628,39.085,50.09175303455883,33.75992781042847
mp-1013558,Ca3BiP,37.265,27.051,44.01533376346386,26.45593325091158
mp-1013564,Sr3BiAs,28.457,19.241,30.6239283621083,12.8145163489562
mp-1013584,Ba3BiSb,20.003,11.101,44.960388421558065,42.48341385916361
mp-1013585,Sr3BiSb,23.823,13.656,27.90323209571885,13.997670734582234
mp-1013588,Sr3SbP,31.726,22.585,34.945922718930845,16.832168616405685
mp-1013642,Ca3AsP,38.905,26.786,46.18454896866023,25.9911883038535
mp-1013643,Sr3BiP,30.724,21.813,33.538426258314765,15.946518783233593
mp-1013702,Ca3BiP,26.696,12.171,28.332473711394965,7.090856955531671
mp-1013703,Ca3BiAs,26.621,12.547,30.401306490565503,6.6292953916857105
mp-1013704,Ca3BiSb,26.893,13.792,32.68434158735723,8.990060130252234
mp-1013708,Ba3SbN,17.51,7.688,30.87840659362282,27.21240190215159
mp-1013710,Ba3BiN,3.97,6.834,32.91508115792719,27.64610868770283
mp-1013712,Ba3SbP,19.718,10.005,50.67304651630392,42.97924979893854
mp-1013713,Ba3BiP,18.193,8.855,51.401434657932,42.82372620822605
mp-1013714,Ba3SbAs,19.616,10.293,48.85090046969479,42.67609533696177
mp-1013716,Ba3BiAs,18.404,9.183,48.71139755909378,42.216773078150155
mp-1013719,Ba3BiSb,19.129,9.944,44.42637350338438,40.43910999773866
mp-1013733,Ca3BiSb,28.372,15.74,32.65857715327001,9.036231125911693
mp-1013734,Ba3AsN,38.422,27.293,42.857759603633866,23.68224499789916
mp-10139,Sc3SnB,83.179,68.655,82.01957571528818,56.28456425713531
mp-10140,Sc3TlB,76.574,54.498,83.64998086334563,54.66430122061661
mp-1016819,HfZnO3,162.57,55.645,183.7226937617665,44.106343846801295
mp-1016820,MgSnO3,154.103,69.68,174.40453307470412,59.380850347643424
mp-1016821,BaSiO3,175.849,121.468,200.71235546594755,126.29600758035276
mp-1016823,BaGeO3,137.118,103.37,161.42140373132045,104.29149783687711
mp-1016825,HfMgO3,168.944,77.756,193.33067073097763,61.10742693991325
mp-1016826,MgIrO3,172.48,16.076,221.661289876131,28.376497519357873
mp-1016827,MgGeO3,185.85,100.868,217.80126125910212,102.75660068628603
mp-1016829,MgRuO3,161.797,43.417,215.9727189457992,37.20843049751325
mp-1016831,HgIrO3,175.489,40.37,223.8551207017614,47.67493676318844
mp-1016836,ZnOsO3,208.753,50.694,241.0697822283289,59.95152756110971
mp-1016837,SnHgO3,138.108,52.382,162.0166044213159,43.9700023261776
mp-1016840,HgOsO3,202.882,47.226,236.76694227950185,75.62430540801631
mp-1016841,HfHgO3,159.867,52.316,183.5066894179311,42.76244913460088
mp-1016842,TiHgO3,174.512,54.005,196.16546167280532,51.5127447360733
mp-1016843,MgOsO3,174.473,12.192,238.67964877030172,38.105709409062875
mp-1016845,ZrCdO3,155.518,58.151,180.233246190567,48.028668301158945
mp-1016846,TiCdO3,181.549,75.558,205.7129822831051,61.88416859257775
mp-1016848,SrIrO3,169.881,38.702,205.8997465778883,62.10804005455346
mp-1016850,BaRhO3,134.066,54.001,157.51888595450183,63.8519398400569
mp-1016851,HgRuO3,178.37,39.007,207.82378113290335,57.445890631558015
mp-1016871,ZrHgO3,146.764,42.062,170.57957652014787,26.62874780043689
mp-1016872,CaIrO3,172.529,26.92,218.11869365994184,51.23151384577535
mp-1016873,CaHfO3,166.721,93.423,191.24546325148808,86.93907430419543
mp-1016874,SiHgO3,221.487,68.309,249.93427291791983,88.71807113431977
mp-1016876,ZnSiO3,235.713,107.427,261.0446225586442,116.25387503766946
mp-1016877,HgRhO3,148.652,39.585,186.14743193879892,38.949269528500494
mp-1016879,CdSiO3,228.217,103.61,257.7531844287949,117.64676265465144
mp-1016880,ZnRhO3,161.218,66.851,180.93628360375567,33.41269440175384
mp-1016881,CdSnO3,152.367,64.191,179.77090528036427,56.32356965148168
mp-1016882,CdOsO3,192.236,22.11,234.25668623330668,53.371811207381825
mp-1016883,ZrZnO3,149.835,45.061,175.16666127958797,37.933745490657365
mp-1016884,CaGeO3,172.617,115.281,198.13959677013096,120.29847757808696
mp-1016900,CaOsO3,190.541,38.385,227.5581409282338,51.36228714562037
mp-1016902,ZnSnO3,151.079,53.821,178.55697895505628,46.93999050772992
mp-1016903,CdGeO3,182.736,86.226,205.87512715730276,86.24314487035207
mp-1016926,ZnIrO3,201.293,45.961,221.99586849855152,38.54848233718642
mp-1016928,MgSiO3,230.404,135.037,257.75917615265854,142.04689205763896
mp-1016930,ZnGeO3,190.693,76.932,214.9669654331175,78.39737427566143
mp-1016999,SrGeO3,158.897,115.034,184.02542827480923,119.3364588090814
mp-1017000,MgZrO3,157.164,66.663,181.98030844255624,53.82875971495605
mp-1017446,HfCdO3,167.615,69.422,193.7121470834169,59.632988596957134
mp-1017447,HgGeO3,172.111,64.611,187.82072031266583,66.28112491581695
mp-10175,KCdF3,55.986,21.121,65.02910394732969,23.850612251689768
mp-1017554,CdNi3N,182.751,69.531,212.11941809045007,68.74089491887638
mp-1017555,CsBeF3,80.268,25.875,83.70344056108102,24.678378142564576
mp-1017566,GePbO3,157.328,96.824,179.63948864058185,97.00135248452956
mp-1017578,HfBRh3,223.425,101.826,244.56166055625212,89.51498704013771
mp-1017582,LaPt3C,164.429,182.192,184.06033063579832,25.009337248241955
mp-1017626,LiCaF3,79.537,48.995,88.77923498181482,46.79503638232653
mp-1017627,Lu3AlN,99.463,75.583,111.58668837822624,72.98468140191149
mp-1017629,MgNiH3,109.663,26.812,122.9535723325678,35.333871945289125
mp-1017631,ScBPd3,153.391,20.837,172.30673772990502,41.5153122566155
mp-1017632,Ni3SnN,174.329,44.265,194.40974596601544,36.37295285752046
mp-10185,Mg3ZnC,62.165,37.249,70.86947981624313,37.48934171975793
mp-1018627,ScBPt3,187.164,0.718,204.96475918405284,26.45980690863747
mp-1018629,YPd3C,153.404,20.546,176.7033944382524,46.45662489283874
mp-1018635,ScPd3C,166.014,27.529,192.93162706170077,47.87190815699441
mp-1018636,SnPd3C,153.925,31.093,178.32368584366148,31.95764025208291
mp-1018639,TiSnO3,175.285,85.64,203.71756891030688,88.04376105263528
mp-1018641,Tm3AlN,96.02,72.828,107.04946139899212,68.88580737070043
mp-1018643,YBPd3,142.867,20.681,157.40043160762573,42.07790497092586
mp-1018644,YBPt3,173.83,0.424,190.23954590597785,36.577710535735946
mp-1018647,YbNiH3,99.841,61.016,108.69557947065158,60.21812682326964
mp-1019541,BaCa3O4,90.795,56.437,103.15289264469786,61.589673745550954
mp-1023129,KCuCl3,38.496,17.3,45.23129688535019,16.851002994837796
mp-10250,BaLiF3,69.602,42.339,72.52525156221584,42.714821530233046
mp-10270,ScCo3C,208.929,96.179,236.93746359317896,106.7678266809872
mp-10271,ZnCo3C,227.96,113.893,245.19051992682148,105.87156799563678
mp-10274,Er3GaC,46.623,21.304,44.71869229860799,15.562393045188772
mp-10275,Er3InC,40.114,12.572,47.070370608674445,13.432863796727588
mp-10279,Ho3GaC,45.194,20.445,44.969663365447715,15.958760466817496
mp-10356,Ho3InC,39.666,12.289,47.13057790297144,14.314839503185654
mp-1040467,RbOsO3,197.673,104.983,226.22075987798328,112.58258513453944
mp-10600,La3AlC,58.829,34.474,61.80139266703637,32.56850298820037
mp-10601,Y3GaC,78.798,64.388,81.84626930169262,51.399380232085946
mp-10602,Sm3GaC,67.541,48.714,69.3589828695434,41.79401374863222
mp-10606,Sm3TlC,66.659,49.981,70.9246416372149,43.02689647821675
mp-10608,Y3SnC,81.995,62.479,87.31207005591571,58.11663326651398
mp-10611,La3PbC,60.77,39.774,63.97544092328389,36.1425903938179
mp-10674,Sm3AlN,34.496,10.871,33.261871919889,11.514369315341977
mp-10675,Ti3AlN,162.649,40.864,184.49546870599363,100.3120270390435
mp-10699,LuRh3C,205.343,85.576,231.01870546996105,89.89764248322771
mp-10700,MgNi3C,168.29,55.797,198.1684226362216,75.07407463436877
mp-10706,ZrRu3C,258.82,157.252,287.8417945840646,134.74959336579263
mp-10708,PrRh3C,183.945,66.421,206.1668881341787,73.37041062216201
mp-10712,ScRh3C,213.993,88.558,238.4594377454601,91.12314538187384
mp-10714,TmRh3C,203.932,83.513,228.17291193439183,88.88220680350057
mp-10716,YbRh3C,186.655,80.247,214.1807785285273,89.03133698744598
mp-10718,Sm3SnC,36.568,9.516,39.71646051531457,12.020098205893044
mp-10732,ThTaN3,241.796,135.904,277.17668846455723,120.54136593488388
mp-11652,Yb3PbO,58.432,50.196,66.30612684942572,42.86351961148926
mp-11733,Lu3InN,95.187,72.27,108.09298604374884,68.9336786499179
mp-11775,RbUO3,132.148,69.574,150.3854272834581,74.49091331126061
mp-11822,Ca3GeN,55.627,36.988,59.92133188606448,39.931991405756705
mp-11824,Ca3PN,63.211,53.243,72.93626992394027,48.496111940006
mp-12572,CaPd3C,133.657,1.984,153.9831901097162,52.646494368137375
mp-12631,SrTcO3,181.627,54.765,200.57418458672055,79.68133030462943
mp-12725,NbAgO3,187.023,77.819,213.37010548800157,73.91584994907092
mp-14099,ZnAgF3,81.455,25.207,93.83826714579408,26.67932821204743
mp-1412687,YSnO3,135.269,40.831,130.2962807687769,40.82439045523469
mp-1413511,AlBiO3,105.509,48.521,120.50538663010089,36.65409925974203
mp-1416619,YSbO3,115.898,6.923,130.80943920041682,11.460886112888888
mp-1418444,AlAgO3,134.977,38.01,161.2115239073365,15.912218052766349
mp-1418929,YAgO3,152.504,34.036,177.24551601208293,42.89366395133974
mp-1421511,AlSbO3,127.135,73.559,164.08962257789764,63.32272666813664
mp-1424898,YBiO3,113.052,19.427,132.22031718145377,13.432093492777469
mp-14254,NdAlO3,197.949,138.548,226.02826347074364,137.04851013570595
mp-1426094,AlSnO3,152.634,53.245,160.1853605857795,38.60611289877003
mp-1432347,YCuO3,182.599,81.28,208.93319471622647,85.89572201916027
mp-1436662,YTiO3,188.993,58.897,224.08952357219889,79.67615543612224
mp-1475723,TiAlO3,180.192,63.163,202.11300295877575,64.64251613907639
mp-1504314,AlCuO3,160.131,47.974,180.4794524545092,26.65878299037761
mp-15856,DyRh3C,199.853,79.683,223.2785534710488,85.7305257922969
mp-16287,NdRh3C,186.801,67.992,209.6074936439861,77.64479435890321
mp-16290,ZnNi3C,194.302,54.987,229.89420197039877,74.97813127396401
mp-16297,Sc3SnC,101.411,81.286,108.84511229333368,74.26385076306306
mp-1946459,CsAgBr3,25.511,10.716,30.069963022996628,11.477134256422373
mp-19716,Sm3InN,79.926,56.436,90.62733353999543,54.36055078485913
mp-19749,Pr3InC,32.389,8.891,40.48378580386435,10.682345954788
mp-1975771,RbAgCl3,31.598,12.344,37.379211769930826,13.414544295883136
mp-19758,Sm3PbC,36.11,7.23,40.327026610026024,7.392246425490111
mp-19777,Yb3InC,38.199,9.67,39.66207919014883,25.546005558662326
mp-19817,Y3InC,78.064,63.498,83.08731791285642,55.66827654780598
mp-19836,Tb3TlC,40.323,11.741,46.16438901046365,14.977835932230258
mp-19845,TiPbO3,170.269,90.612,198.8157410577252,90.7051886172893
mp-20229,Sm3InC,34.955,9.831,40.17279779496885,12.085219184270818
mp-20385,Nd3InC,63.104,44.171,67.81965629504023,42.168741115235186
mp-20423,Nd3SnC,35.011,9.034,37.45888296497778,8.735275377254549
mp-20430,Er3PbC,40.95,6.322,46.72134669661264,10.047270593293057
mp-20446,SnPt3C,177.192,4.648,207.24411965613768,7.917075170128078
mp-20590,La3InB,44.762,26.55,47.41076111117734,21.671661085261533
mp-20679,Co3SnC,198.668,86.71,219.4177291362883,74.8122212763141
mp-20684,Pr3AlN,31.769,9.57,29.05527388150938,15.363852436009736
mp-20750,Tb3SnC,39.692,9.784,45.38723734141082,16.432268956876555
mp-20796,InPt3C,196.047,7.245,219.75009156182136,4.568147272516519
mp-20860,Mn3SnC,215.893,120.102,199.63636089603935,99.22391465480008
mp-20922,Dy3GaC,44.205,19.481,42.09173897645476,15.957148007319605
mp-20978,Ho3TlC,41.581,12.506,46.86387266913476,14.19789246366217
mp-20990,Pr3InN,72.128,49.169,83.40565456124165,46.34648839125827
mp-20999,La3InN,65.083,41.796,76.44193261924723,36.96713990924325
mp-21017,Y3PbC,77.789,58.485,85.10195849913929,56.450610700221304
mp-21022,Nd3InN,75.749,52.058,82.98452435092159,49.02395005204237
mp-21028,Er3TlC,42.482,12.995,47.39181975778359,13.092702206156956
mp-21031,Pd3PbC,141.216,29.434,162.78845052262506,32.39494993910716
mp-21035,Sc3PbC,94.605,76.167,107.3708060156659,70.8636405522192
mp-21043,RbPbF3,77.371,29.602,50.28617622161448,18.208607175357837
mp-21128,Ca3PbN,18.661,8.672,19.347040310952643,2.28019721969231
mp-21135,Pr3InO,71.496,41.666,80.16857695400768,39.46448187451797
mp-21206,Yb3GaC,37.775,6.307,39.642782325981585,23.95039992376897
mp-21850,Fe3SnC,293.392,143.27,193.0387514290559,90.82902186573052
mp-21854,Nd3TlC,35.396,9.014,38.73611151820886,8.453287926290969
mp-21862,VRu3C,274.66,160.459,301.9791211528866,122.15487251538627
mp-21888,Tm3SnC,40.815,8.526,45.70066318149225,11.500245108670514
mp-21910,Nd3AlN,32.77,10.085,31.157716641860567,13.359211831279309
mp-22087,TaRu3C,291.431,149.144,329.3502241354292,120.5300231128654
mp-22120,YRh3C,196.814,79.702,219.8549837635826,86.34875723412985
mp-22345,TiCdO3,126.081,20.728,146.81712693413962,0.0292073881813488
mp-22350,Nd3SnN,35.146,5.284,32.54121057674733,5.801581893546018
mp-22351,NbRu3C,281.254,148.287,320.1706181519198,115.85155085391884
mp-22394,ThRu3C,224.114,107.105,247.91741003203808,99.84372045739023
mp-22496,Nd3TlN,35.606,5.7010000000000005,33.56515131563473,4.929059730245328
mp-22513,Dy3TlC,40.847,12.029,47.29295217180532,14.776719035160763
mp-22535,HfPbO3,166.252,87.185,190.38689341044253,80.58066096351017
mp-22537,Er3SnC,42.274,9.172,45.804957257258366,13.632284282484171
mp-22556,Tm3TlC,43.149,13.276,47.272700573288645,10.308310689951998
mp-22793,AlFe3C,232.51,88.775,230.9778859723959,107.96857849210107
mp-22979,GaBiO3,173.106,89.283,190.58072649825857,77.87285905821288
mp-23026,CsAuCl3,35.712,13.125,46.52466873246739,15.279945091755875
mp-23037,CsPbCl3,21.823,9.296,28.711513782326993,10.08549519701859
mp-23080,AlBiO3,190.998,117.305,219.2802895492196,108.25931419141936
mp-23729,NaBeH3,59.369,49.113,65.48404828352339,47.38990353796939
mp-23737,KMgH3,34.622,31.061,36.30890804641184,30.505258425968915
mp-23818,BaLiH3,37.474,38.849,37.85444478916732,32.696252833227696
mp-2464440,KAgCl3,31.855,11.58,39.25489998114395,12.719367891744668
mp-2649045,CsInBr3,21.762,8.403,24.624771175890828,7.342840552619529
mp-2695837,CsTlF3,285.83,22.971,48.66391093120541,18.881745474652753
mp-27214,CsSnBr3,19.249,8.647,22.56303992581773,5.715601207886006
mp-27294,Ca3AsBr3,34.272,22.458,40.57400572614373,22.218308995511013
mp-27718,CsHgBr3,22.568,8.363,25.082464676455476,8.207504416796803
mp-28069,Ca3AsCl3,37.483,25.136,44.48982508544114,24.988901022725297
mp-28166,K3BrO,19.399,12.792,21.695538752538805,11.355860687605508
mp-28171,K3IO,18.587,12.762,21.25681590003192,12.233779688216678
mp-28593,Li3BrO,48.727,35.622,55.32936772259951,34.45174162564944
mp-28602,Na3ClO,32.992,22.436,38.134989966555146,22.85643314269712
mp-29241,Ca3SnO,54.846,45.672,62.149766109487935,39.651875216640555
mp-29243,Ba3SnO,36.771,25.902,35.17657587104835,19.691388027076204
mp-2930,Mn3ZnC,192.524,65.249,144.35662448701154,81.58454124111118
mp-29342,Ca3PCl3,40.064,26.861,47.36113762801039,27.03982314804545
mp-29725,YBRh3,181.021,85.796,202.5165456926335,86.59691852782407
mp-2998,BaTiO3,166.907,106.373,184.81433776955996,114.67326177275729
mp-3000,Cr3GaN,295.563,110.737,224.6431606045015,90.12268179919168
mp-3020,BaNbO3,167.842,89.357,195.35195575170408,103.70535291179996
mp-30207,La3GaBr3,41.385,22.985,50.25529255472295,24.07736224702172
mp-3022,TbBPd3,142.81,10.576,156.38260085412188,40.09315470873406
mp-3088,LaBRh3,165.301,62.911,178.43113802519912,60.56347910411874
mp-3105,LuBPd3,148.81,25.344,166.04859149831648,45.476640603766334
mp-31055,Sc3InN,96.711,74.295,117.25530784572253,72.74246569750137
mp-3136,NaNbO3,176.561,100.088,206.98391253081195,94.7152225089091
mp-3163,BaSnO3,133.913,89.091,156.2846056250789,90.1821082857804
mp-3183,DyBRh3,183.388,86.089,204.54684531991455,85.79429480792935
mp-3271,Ti3AlC,153.159,103.192,173.83861033291186,105.57326367218252
mp-3323,SrZrO3,152.318,88.002,178.09582544403477,87.0874830974623
mp-33365,CeGaO3,182.932,27.336,202.1131962367735,98.20849440675164
mp-3428,SmBPd3,137.352,3.312,148.11824703388967,37.33477981978996
mp-3448,KMgF3,74.789,43.567,79.93184955541508,48.21812021893235
mp-3591,NdBRh3,174.728,74.997,191.59795516298763,77.87651240380049
mp-3614,KTaO3,188.716,122.495,216.8250213049141,124.046517018861
mp-3654,RbCaF3,48.191,26.403,56.842866504941306,29.36252004798258
mp-3686,YbBRh3,161.964,87.207,185.61733748456277,78.57209885056112
mp-3693,HoBPd3,145.69,18.834,159.1462283000703,43.10682020482842
mp-3710,HoBRh3,184.167,87.48,204.92617659390865,86.72494381412999
mp-3717,LuBRh3,188.744,90.644,209.83140588491148,89.1325646954923
mp-3834,BaZrO3,148.845,91.419,171.34004855914284,92.91410256545802
mp-4079,Sc3AlC,100.358,84.205,106.98420302795068,68.79173373206247
mp-4126,KUO3,134.466,67.688,151.4554180326728,70.27151684622596
mp-4170,NaTaO3,201.078,111.744,226.60728556515943,105.67836326401896
mp-4230,Sc3TlC,97.309,81.849,107.00138951084097,70.88074957889073
mp-4405,Rb3AuO,15.595,9.399,19.4051873626997,11.798353986689673
mp-4448,Y3AlC,79.684,63.961,85.78172598092988,55.40636857658467
mp-4505,La3AlN,66.117,43.537,78.56882779956497,38.12406344382968
mp-4551,SrHfO3,163.199,99.605,189.8201020302918,98.00000499617036
mp-4563,Ti3TlC,148.372,83.571,164.0271494921766,93.68634182098776
mp-4593,Mn3AlC,235.077,130.58,214.308991222197,102.98789533591504
mp-4950,KCaF3,48.658,25.296,57.131533696072474,27.47116817982403
mp-4982,SmBRh3,175.916,78.41,194.57500014075617,80.51453899675538
mp-504715,BaTiO3,54.646,3.148,77.0842659722615,-176.1058142700377
mp-510376,CeBRh3,190.777,56.573,200.1720315682708,58.620727883429325
mp-5200,PrBRh3,169.867,73.418,188.25495101472865,74.93435412067791
mp-5229,SrTiO3,170.929,108.497,194.47545185308076,110.75824140414544
mp-5304,LaAlO3,194.911,129.69,216.36409535115232,128.8549165952247
mp-5323,CeAlO3,191.964,48.718,210.4949954217458,126.65615646299442
mp-541365,LiEuH3,47.287,49.922,52.02323186210241,45.33929488242763
mp-542103,TbRh3C,196.967,77.674,220.8709475382622,84.80028496827174
mp-542112,CaZrO3,155.28,81.711,180.1829364574665,75.2279951448536
mp-5438,TmBRh3,186.37,89.666,208.266482479616,89.15414761619913
mp-546200,TlIO3,111.81,58.323,132.2781388266728,54.85917792640788
mp-546973,SrSnO3,142.602,88.097,161.9982975954974,87.4226934332247
mp-550008,ScBiO3,148.262,71.889,173.10798649887403,53.96995335871112
mp-554601,RbCuF3,69.734,31.504,81.80189167570157,34.490206685299675
mp-554973,TlCuF3,70.161,25.725,81.32896521728152,25.413209030844367
mp-5566,KCuF3,68.887,30.35,85.21572649485354,33.96193383428373
mp-558189,Ag3SI,44.61,6.537,50.262794325932425,9.45153997273875
mp-560399,NaMgF3,71.171,42.484,82.78585224010497,44.42514498915848
mp-561598,BaPbO3,61.735,17.699,43.706618695464925,12.89335115740783
mp-561947,CsHgF3,49.422,16.764,55.36478578299061,18.99300518738673
mp-5663,BaCeO3,111.403,52.386,125.28647245205684,54.44033077346314
mp-567703,Fe3NiN,203.967,86.951,193.36206599707444,82.41689888524068
mp-568005,CsYbBr3,21.39,11.983,24.57232920042982,10.581971677697492
mp-568544,CsCdCl3,29.552,13.901,33.90142158782381,15.166842766200684
mp-569875,ScBRh3,195.322,96.283,213.3047010193496,91.03189179107586
mp-570008,Sr3BiN,43.271,36.36,49.682659214112384,33.22087465781458
mp-570223,CsGeBr3,22.345,12.431,24.75294805098166,13.79284675450076
mp-570290,MnTlCl3,34.353,15.324,37.63239226616302,15.742056135921349
mp-570591,CsHgCl3,27.743,10.092,30.311566735028215,11.19822498638734
mp-570822,Tb3AlC,76.355,58.94,79.28804102629812,50.179544019773175
mp-571330,Nd3AlC,63.965,43.503,65.4260010016565,39.66406374062621
mp-571458,RbGeI3,18.094,10.168,21.5391904698142,9.818840641661604
mp-574239,Tm3AlC,39.315,16.967,41.44982014701159,11.483649694296304
mp-579496,Fe3PtN,206.727,98.815,217.9930408433776,83.73954564207556
mp-580234,Fe3RhN,180.818,82.097,207.6664977580471,81.5964114299288
mp-5827,CaTiO3,176.478,103.379,199.32853089417068,100.96697007216216
mp-5878,KZnF3,71.15,33.286,81.55855333446794,36.59915404798052
mp-5893,CaSiO3,216.044,150.17,244.4085695481824,159.13644246900284
mp-600089,CsPbBr3,18.482,7.962,21.754591121031563,5.445164206874369
mp-614013,CsSnI3,15.373,7.428,30.623235120349307,8.226112462603
mp-627439,Mn3GaN,227.986,132.732,214.49638200691032,90.90441993255976
mp-632808,BaLiH3,16.673000000000002,6.439,17.185252784051748,7.704103136857584
mp-636273,Nd3GaN,38.83,10.717,41.016013427076516,13.298879379274863
mp-637179,Ca3SnN,19.651,9.48,17.42809860072819,1.380587874706516
mp-640266,Ca3Al2O6,64.785,42.746,133.5444684964507,72.5234589151783
mp-644246,EuH3Pd,86.912,38.11,93.14665950585574,36.085088516972405
mp-644483,Ti3SnH,123.281,24.897,134.0981909885761,54.9317502050483
mp-6951,RbCdF3,55.222,22.838,63.41779702830828,25.71129279793522
mp-6952,RbYbF3,56.432,30.807,70.2995977762925,35.93064306556705
mp-7006,SrNbO3,173.24,79.765,202.54633932624083,94.14232190888572
mp-7070,Mn3PtN,179.569,75.462,137.15737657166994,77.75991804755854
mp-7104,CsCaF3,47.44,26.842,56.085961247628845,29.937109049310106
mp-7114,Ho3SnC,41.472,9.405,45.68623740778884,15.146248873234752
mp-7130,ScRu3C,236.198,139.147,258.6038209180486,121.58756623613915
mp-7143,BaPuO3,118.683,56.229,129.41184611446496,56.80706194597537
mp-7159,La3TlC,54.494,36.156,61.449074297771,31.03104963463473
mp-7223,Ca3AsN,60.583,51.711,68.3045271831875,45.30697050421595
mp-7482,RbHgF3,50.69,14.872,56.27610531123719,16.71193554654924
mp-7483,KHgF3,50.671,12.972,55.42245616479892,14.340343423945528
mp-753781,EuHfO3,165.391,95.032,190.98033596132333,91.02128685338812
mp-754678,BaTaO3,177.458,94.012,211.54998593310688,109.36592180317716
mp-754696,PrTiO3,187.179,68.846,211.98943439932935,86.31676871946533
mp-754892,Rb3ClO,17.011,9.97,22.31849927216516,10.43959995148682
mp-754940,Ba3SiO,39.278,26.756,43.808897352876954,23.189856781586855
mp-758371,YbAlO3,170.465,76.264,193.72667949013092,99.20890947234167
mp-7604,Mg3NF3,108.207,81.341,125.51686279075112,87.9901985499716
mp-771055,EuZrO3,154.842,83.545,182.075249423571,79.72911456742844
mp-7752,Sr3SbN,45.977,38.116,51.39575714493492,34.612641288469625
mp-7961,Sr3SnO,44.124,35.774,52.59881245714845,30.90690985532283
mp-7986,CaSnO3,149.034,83.207,168.16281891662237,82.6908294714498
mp-8020,LaTiO3,183.62,66.054,220.6764850783742,99.1001596155713
mp-8037,BaThO3,110.875,50.624,121.39613696613822,53.637491929088576
mp-8074,TaSnO3,189.595,22.423,222.9700297606069,86.11116293694529
mp-8218,PrAlO3,197.512,136.42,221.40773393997824,134.4976023798294
mp-8368,Pr3GaC,36.668,13.823,37.196090368888605,20.412242599009694
mp-8370,Ni3GeC,187.015,41.228,199.32220654990653,25.423407665196606
mp-8397,CsSrF3,39.37,20.108,46.504404358415215,22.274859717262817
mp-8398,CsYbF3,57.116,32.481,68.27686591239437,37.71445613521168
mp-8399,CsCdF3,53.871,24.043,61.19908947502706,27.206201802849566
mp-8401,CsMgF3,62.499,36.041,71.37051434507771,39.40671646994643
mp-8402,RbMgF3,66.107,41.94,75.4744409315544,46.19658274399016
mp-8557,BaPaO3,109.369,41.577,128.4071373916321,48.38990534613104
mp-861873,TaTlO3,187.786,104.711,216.89725906202617,109.9391652435362
mp-862832,PaTlO3,133.398,57.351,145.37096800276117,59.22309710568146
mp-862870,LiTcO3,194.213,79.846,237.8113825576407,93.07535142747834
mp-864606,AcCuO3,163.571,81.723,182.7147241387104,88.23866285068179
mp-865120,NaPaO3,132.432,57.938,155.22472583651523,57.97294069641305
mp-865181,EuGeO3,167.47,101.809,168.8060352669674,102.86990613350858
mp-865218,YbTiO3,188.205,111.444,211.65009514024743,106.6438705860635
mp-865322,UTlO3,132.86,59.337,148.34836461904965,64.29067014176253
mp-865424,CsUO3,129.135,70.632,144.69413971864518,74.83123587406428
mp-865927,AcTiO3,179.412,77.02,200.47742192875617,94.02136695518318
mp-867195,SrOsO3,185.233,60.942,216.12917930960128,65.83774817908898
mp-9060,RbPdF3,67.565,22.825,80.36358883628164,29.362226765374775
mp-9061,KPdF3,68.848,19.737,81.40227602101326,26.85004889188543
mp-9200,K3AuO,18.66,11.654,23.58898960448022,15.25662879739838
mp-935811,KNbO3,172.61,109.553,197.7509557803798,113.10244904739928
mp-971700,ZnAuO3,98.68,4.182,120.051647002253,-17.101267829901207
mp-971706,ZnBiO3,152.502,59.718,167.0131366502388,47.083917492309816
mp-971975,SrHgO3,102.967,42.81,120.20574451511372,36.75761740716936
mp-971996,SrHoO3,84.713,46.093,108.56537850865476,50.81592592942924
mp-972021,SrInO3,95.953,41.576,124.66821658534434,49.626059761866635
mp-972058,YbTmO3,96.796,45.698,113.73489418306654,45.890297961165665
mp-972066,ZrAlO3,217.28,98.184,235.15484696318313,108.14550776188352
mp-9721,Ca3GeO,58.534,48.427,66.68187093041445,40.83016821721287
mp-972222,TaBeO3,277.307,103.594,299.00465681796584,105.83393746489388
mp-972442,SnBO3,225.06,73.067,244.50093311843267,76.59637992505365
mp-972822,SiBO3,232.445,24.58,266.77983588001945,85.06266496421291
mp-972827,SiBiO3,130.571,76.857,186.57450172707112,64.41378536800676
mp-972839,SiBO3,203.008,53.644,258.790241466227,89.24676809579947
mp-973068,ScCuO3,186.205,68.294,206.29150831041937,67.62673864097106
mp-973123,ScPdO3,118.718,23.645,132.3190369773986,8.097635602820786
mp-973156,ScAsO3,135.67,45.595,152.94840196921973,37.80802145934664
mp-973267,KTcO3,180.938,111.434,215.3253925897451,122.3690811734827
mp-973269,SbTeO3,125.028,40.829,151.90062540738757,43.46191698495844
mp-973396,KBeO3,92.168,27.945,93.48717920184768,31.878730418904556
mp-973471,KReO3,201.94,119.458,242.74046960122385,131.8329512668781
mp-973536,LuUO3,151.069,85.959,168.4207229449662,64.44682449703093
mp-973613,LiCeO3,156.051,17.775,180.63631671098787,47.49578458665128
mp-973681,LuRhO3,189.552,28.686,239.97379807605284,34.33165419542754
mp-973830,KErO3,65.414,3.327,80.25607840359011,26.01856838627289
mp-973869,LaCdO3,130.971,44.298,134.9720668785072,39.38559445707894
mp-973977,HoSnO3,90.383,34.59,107.41071892894313,28.089886197464757
mp-974061,KSiO3,178.452,117.855,202.9135558414342,128.52354105978404
mp-974740,NdBiO3,116.027,22.598,137.14129650993948,19.189625687948137
mp-974842,KPtO3,119.312,51.104,134.65643131586424,49.3389905893837
mp-975190,RbTeO3,122.161,88.194,140.23768657086777,82.54116584749057
mp-975206,RbSbO3,117.294,105.897,150.59082020214964,109.19397043146894
mp-975208,RbRuO3,155.247,85.574,188.1601096925919,95.66142171852792
mp-975216,RbReO3,195.873,126.82,237.68761724690088,135.6614482464909
mp-975255,RbPdO3,95.483,47.559,107.8266515373762,39.437142247261335
mp-975284,RbIrO3,141.653,78.796,193.12370317793423,83.59768693624686
mp-975288,RbNpO3,133.382,69.83,143.36661446326534,73.63585434381562
mp-975296,RbHoO3,66.13,7.311,81.4275367345888,35.26121630698579
mp-975299,RbInO3,74.482,11.05,87.5158943801354,32.28282571884086
mp-975347,NdGeO3,149.618,70.624,155.75825687093416,60.6846155028086
mp-975364,RbCuO3,84.711,31.992,89.93992978781789,44.50546283761647
mp-975382,RbCaO3,40.141,9.212,44.42443509441502,14.228773905692943
mp-975394,RbBeO3,84.653,13.871,84.52317561841394,20.19527153866403
mp-975425,RbAsO3,102.651,101.456,124.24946950917926,104.33728759548724
mp-975427,RbAlO3,112.414,41.005,118.09644501192224,62.282884478392965
mp-975443,InCuO3,160.872,55.989,178.2677148565176,49.5017509422571
mp-975463,RbAcO3,61.109,33.337,45.97132749815161,24.584261567722493
mp-975588,PuPtO3,259.08,21.626,219.3280306683987,48.55584645349444
mp-975913,PrNbO3,187.182,34.435,216.81340618767624,48.812938296705475
mp-975990,NaLiO3,49.933,13.061,42.294284553032675,-23.398449809121757
mp-976133,NaAsO3,126.053,121.985,163.63998939893634,129.57270762545255
mp-976185,NaBeO3,109.135,30.372,115.67344771572088,30.132917378619716
mp-976727,PrBiO3,114.926,23.371,134.1327700002715,16.240431703573385
mp-976775,NaMgO3,67.537,10.716,74.81515154164198,17.17878020110118
mp-976923,NaReO3,211.053,96.474,254.5162268520969,108.40313388529216
mp-976968,NaPdO3,104.533,38.431,119.82071263500931,32.28152754832579
mp-977117,NaTeO3,137.484,78.761,157.22085425313983,74.31425601237977
mp-977123,NaTiO3,138.443,68.649,169.06063982000637,70.78184478032847
mp-977176,NaTcO3,190.453,92.535,229.75173895767128,102.80383305673573
mp-977408,NbTlO3,176.002,93.616,196.6192412151125,96.03991764219064
mp-977455,PaAgO3,140.937,44.187,156.47407104343415,41.41776798461422
mp-978489,SiPbO3,199.931,116.389,224.74842691149743,120.05222966704967
mp-978490,SiPdO3,232.071,87.065,238.03828350754387,69.91566753836692
mp-978493,SiSnO3,203.42,116.859,227.10928213945724,124.3848799981062
mp-978504,SmGaO3,182.901,103.136,210.25443949675025,99.50869588359656
mp-978851,SrAsO3,144.779,86.516,169.66723083833082,83.48559296915192
mp-978926,SmGeO3,145.68,69.014,155.27901904562404,60.734939855987385
mp-978952,SnPbO3,146.405,80.046,166.22066216185627,73.58403514797217
mp-979294,SrAgO3,110.647,45.527,126.83053849656842,54.50836819214829
mp-980058,RbTbO3,60.84,12.55,75.4633940542276,33.89897811472417
mp-981103,Sr3CdO4,89.762,54.665,109.79255321677329,58.98451765139113
mp-981250,SmPuO3,121.889,20.41,125.14809315378952,13.475759347164615
mp-981313,KTbO3,54.299,2.471,74.18034060757003,28.87164691735849
mp-981367,SrTlO3,98.451,43.398,102.6374967342108,34.97840935813473
mp-981376,ScSnO3,112.688,44.097,131.06785523092668,36.01254994933174
mp-981386,ScH4Pd3,141.571,20.16,161.24180417979693,40.219689715688624
mp-981550,RbTmO3,74.212,8.738,84.97707079655508,34.64469454329298
mp-982040,KBiO3,86.685,65.445,102.3591700880709,64.7287210577548
mp-982245,PbAuO3,132.88,48.968,136.9472832571435,54.014332124403765
mp-982558,HoGeO3,142.29,64.149,143.0788033405266,59.39075028112779
mp-982885,KCaO3,40.526,3.548,43.94573085417534,9.866675776245874
mp-982975,LiBeO3,112.446,16.251,130.54177512436794,6.201322990417208
mp-983564,EuAsO3,164.961,78.314,158.18519023248913,68.92327200913113
mp-984240,CsCaO3,40.397,10.838,41.01538653243509,17.236220805340892
mp-984357,CsKO3,38.067,33.016,62.97422907313442,21.64420577929924
mp-984553,BOsO3,286.217,59.98,315.79531590707614,-147.18243831735393
mp-984554,BPbO3,205.691,44.295,220.9765806389896,45.46910530386674
mp-984628,CaBO3,195.881,59.159,227.28561652201876,68.42982794915723
mp-984729,BaSr3O4,79.071,49.114,96.19374931962938,57.00301528610839
mp-985585,Li3ClO,51.628,38.236,54.29624418115566,37.82269129924637
mp-985586,Na3BrO,31.663,21.887,37.76484980835053,23.496170910165105
mp-989564,LaOsN3,243.043,92.446,287.56428266719627,116.46644644161154
mp-9960,Y3TlC,77.491,63.955,79.926694442365,52.93483345148447
mp-9964,Ti3TlN,153.716,40.969,176.4905443956655,84.50445336531142
mp-998147,TlCuCl3,39.029,17.428,45.79191534364109,15.31551122253345
mp-998196,RbCuBr3,30.662,13.156,32.63202601401523,11.5961269489435
mp-998307,CsPdBr3,33.583,17.108,39.6110402695108,16.082764988814557
mp-998414,CuAgF3,86.522,21.339,97.8582889353928,25.22794205061309
mp-998552,BaHfO3,159.196,102.329,183.54216562595437,105.68628170577082
mp-10046,V2AsC,200.377,115.533,225.52786207676883,112.7632639340152
mp-1018674,DyAlZn,70.298,47.339,76.22101649917742,42.804453935522446
mp-1018685,ErCuSn,76.553,45.507,82.40465935879675,40.82183816600279
mp-1018689,ErZnIn,65.841,40.822,73.0698244034552,36.932298806121715
mp-1018690,ErZnGa,75.136,53.824,83.764158505163,39.30574785366588
mp-1018714,HfGaCu,125.165,70.481,141.19005608230205,59.60631080217713
mp-1018724,HoCuSn,76.985,46.616,81.90396535276231,41.26948435931125
mp-1018745,LaSbPd,78.626,30.133,86.77352403418116,36.574088699165976
mp-1019087,CaSnHg,38.053,15.505,40.34690363653724,18.02325691769008
mp-1019255,SmTlCd,52.82,28.712,58.33372254166598,25.55524910078646
mp-1019279,SrZnSn,37.518,27.358,37.745595505289224,20.291228028805584
mp-1019280,SrZnPb,32.355,24.914,29.411171783112895,14.974742972175386
mp-10200,ZrBeSi,138.583,114.747,148.34647901678403,105.41794526194532
mp-10208,NiMoP2,162.731,109.297,224.1464737407319,109.46254080762247
mp-1024955,PrNiSb,88.333,35.539,94.42660049290096,43.99644821040376
mp-1025045,TiGaPd,140.178,44.998,161.3931774665535,58.83551207747179
mp-1025441,Ta2AlC,195.615,126.196,234.06144395641235,121.89755707445312
mp-1025449,TbInPt2,116.677,70.719,134.25726094979066,35.72953742094393
mp-1025455,LiNb2O,112.151,2.313,160.34954840202474,61.75922533716778
mp-1025473,Li2NdGe,43.547,27.258,46.71266717766923,33.789203836196776
mp-1025497,AlV2C,174.748,134.256,219.26648785776237,118.97658577449296
mp-1025524,Zr2TlC,115.186,77.68,145.891041039716,81.5828131546262
mp-1025550,Ti2GaN,157.125,111.361,190.6244405374251,106.14657809588176
mp-1025557,CoMoP2,212.426,119.819,237.6645131707803,126.00630323548334
mp-1029374,BaTiN2,144.299,90.866,164.5651988155791,93.90095737566604
mp-10366,Nb2Co3Si,225.621,114.307,253.6882733643373,110.8873189365655
mp-10371,Cr2GaN,162.519,79.152,239.73195310455517,102.69970637079422
mp-10394,CrCoGe,183.828,74.08,210.6345932956816,75.0634142492887
mp-10485,BaLiSb,30.026,23.278,30.482508835933185,17.47191945518901
mp-10667,SrAgP,55.717,35.283,60.49903645133961,32.61449714424237
mp-10677,CaPAu,69.582,34.179,78.6948107593976,37.84103271796102
mp-10746,Mg2Cu3Si,96.222,54.613,119.08800513481252,55.29542097308729
mp-10749,SrCuSb,47.985,32.93,51.21662502357712,28.676874326968736
mp-10797,CaSiNi2,78.964,41.191,104.0241574124111,46.529438141277986
mp-10892,MnAlPt,102.361,43.816,156.54418492114215,56.8753298093102
mp-10911,Sc2Al3Ru,111.883,67.526,125.75393458521604,68.50340506097083
mp-1095505,Ti3GeC2,173.577,124.059,205.18433319184768,141.93460148212066
mp-11019,GaCuO2,148.405,58.853,169.2642041824489,82.0747588754682
mp-11021,GaAuO2,151.971,54.287,172.47696640599585,72.71227735768991
mp-11022,ScAgO2,122.643,39.168,141.96822301229835,71.49742219719906
mp-11023,ScAuO2,134.634,43.218,147.333732755893,70.26643430107376
mp-11193,VAuS2,104.417,51.636,122.92697893253175,80.32771817463367
mp-11583,Zr2SN2,159.854,68.795,195.38366279937836,91.28364674632108
mp-11700,BaCuSb,43.743,29.179,48.16404025197931,25.896839108921196
mp-11816,BaCdGe,34.647,23.72,39.14391009119663,19.21683303429838
mp-11818,BaZnGe,39.873,29.175,44.45581568486178,22.509460701502142
mp-11819,BaSnHg,30.976,19.584,31.516236820503256,13.858073851106314
mp-1185209,Li2ZnSi,52.049,42.979,52.16569257103781,34.64401037612575
mp-11977,LiSnAu,58.955,14.507,70.32659300771365,23.330298157854177
mp-12029,Li2CuP,58.571,47.499,69.51887766387065,45.080805631601635
mp-12520,SrNi2Ge,69.921,31.853,92.532670165754,40.367613877132975
mp-12521,SrNi3Ge2,92.315,27.896,122.09069533789952,53.05064890868724
mp-12537,Ti2GaC,138.904,110.605,170.16825508461883,113.42031743490504
mp-12557,SrCuAs,57.771,39.629,63.41878425387989,35.6799287961466
mp-12571,HfBeSi,147.205,117.352,154.33280942726793,108.2691414465974
mp-12814,Ba3SbN,26.349,7.698,38.78082419391743,19.88936747617504
mp-12990,Ti2AlC,137.103,115.936,170.20597056633568,116.43540666698182
mp-13005,LaCrGe3,87.663,67.377,104.6652227084036,49.78942525852983
mp-13007,PrCrGe3,88.559,62.104,105.39448774119164,48.58552364255589
mp-13070,Sc2AlC,86.185,56.9,108.89942413229691,64.36169760876894
mp-13071,Sc2TlC,80.643,55.047,101.80297428867712,60.18675926307899
mp-13137,Hf2CS,178.939,126.437,204.60163170364947,133.82516419251007
mp-13160,YZnGe,76.81,54.248,87.44075499800492,44.377311008863
mp-13276,SrLiP,44.645,36.89,50.4328707426845,31.965608764884102
mp-13277,BaLiP,39.363,29.534,43.57162050370181,24.5395684983916
mp-13288,Ba3LiN,12.858,0.547,26.079694449675458,12.995203233929413
mp-13312,ScTlS2,50.088,28.849,65.02423420986929,33.27261622824932
mp-1384267,AlSbO3,126.099,57.544,147.36036814274203,42.50272512215256
mp-1392353,AlBiO3,120.35,44.148,131.92231752067832,40.317578891958846
mp-1404877,AlAgO3,157.932,47.729,185.94853091441837,76.06374783711377
mp-1406000,YBiO3,119.883,36.082,129.48303006959728,49.0965957347641
mp-1412082,AlCuO3,187.703,33.469,213.61297186800897,104.50951193269512
mp-1443298,YTiO3,141.445,43.928,183.21516810593985,91.93317472731331
mp-14793,Mg2SiPt,98.07,57.571,108.88758277999082,51.09985209970514
mp-15686,Li2CuAs,51.282,37.96,61.6968789735479,37.42206416788428
mp-15695,YAsPt,111.197,47.4,120.44082824638784,48.51028538605097
mp-15819,Mn3Al9Si,114.667,64.797,138.82368461795636,81.67796468370877
mp-16245,CaSbAu,52.219,22.259,55.58025361660512,26.23814447669949
mp-16254,BaCuP,56.726,37.446,62.93057798585428,35.9710273004479
mp-16263,CaZnGe,49.099,37.699,55.38927562588643,30.452668991236273
mp-16266,CaZnSi,54.426,41.666,60.961519620044385,33.87906229393633
mp-16321,SrCuP,65.501,46.074,71.31453626354636,41.69681499881936
mp-16336,Zr2Fe3Si,170.614,93.2,174.33491894098665,89.96809532156863
mp-16481,TiAlAu,130.385,54.244,139.67377863745605,54.66431603289446
mp-16613,AlAuO2,172.084,71.746,193.64232896217567,99.05421656664193
mp-16733,Sc2GaC,86.195,53.796,106.73541454363829,65.14350141842438
mp-16764,RbYTe2,26.11,15.968,36.8027857841514,18.554529082827457
mp-19729,EuAsAu,55.073,28.196,65.13218233861727,29.924631749178108
mp-19821,Cr2GeC,202.882,80.367,233.9000407932384,109.44571418602912
mp-19835,Nb2InC,161.184,99.016,200.5760120881958,97.93622674122535
mp-20004,Zr2InC,118.251,85.132,147.88177313432138,88.33585464098314
mp-20197,Cr2GaC,183.799,120.232,236.11095891703772,123.0550239895482
mp-20201,NdZnSn,61.258,43.259,67.27167273115738,39.080507276756315
mp-20237,CoNiSn,160.052,49.515,176.36442252282566,61.14694449806146
mp-20329,InAgO2,108.417,31.048,126.25945644052956,55.09774080975471
mp-20495,Na2CO3,43.912,200.977,79.7859883670875,47.33975490355606
mp-20565,MnCoGe,149.075,63.031,165.7155975462948,64.69295518858412
mp-20766,CeCuGe,81.668,43.907,82.13073526990328,41.91932870331686
mp-20987,YZnSn,63.26,42.778,74.77356928179863,40.1798464049096
mp-21023,Ti3SnC2,157.86,116.018,194.1674332143104,126.220833723768
mp-21040,Zr2Fe3Ge,158.937,87.954,167.61327893557703,86.25768470232929
mp-21090,MnNiGe,116.642,56.472,157.9894032854371,69.90835512469165
mp-22144,Ta2InC,175.354,107.734,217.59390348659335,102.11866095957612
mp-22662,TiGaPt,163.617,61.559,185.5329171157299,66.9600873959414
mp-22707,EuAgSb,40.661,27.11,49.01590065699112,24.977318208045357
mp-22740,CeCuSi,84.581,51.325,92.86240756421438,47.31573653249206
mp-22941,CaCuBi,44.943,26.718,50.90928673387861,25.540248525766575
mp-22950,CsNiCl3,15.269,6.799,33.61761894282011,17.119661650897836
mp-22962,CsTiBr3,13.373,7.225,27.79151604642597,15.10995716708208
mp-22977,CsVCl3,12.85,4.463,32.80231051626636,18.32925015738341
mp-22991,CsVI3,9.676,2.6790000000000003,21.92553335718862,12.895424775515002
mp-23004,CsMgCl3,13.722,4.715,30.903101386198223,15.957409568776258
mp-23029,Cs3Sb2I9,6.9879999999999995,0.965,20.78315061594552,9.181789169645416
mp-23038,CsVBr3,11.692,4.405,25.907617880743736,14.771103438268003
mp-24011,CeHSe,94.096,91.54,70.4074997082676,44.01029488476688
mp-27319,Sc2Co3Si,151.636,79.245,171.91777700941333,87.45931446337472
mp-27409,RbNiBr3,12.959,3.423,31.119184600717603,13.943172070580946
mp-28282,RbTiCl3,16.921,8.008,35.00623569194487,19.995954089014468
mp-28283,CsTiCl3,15.527,9.192,32.83770737588294,19.175253872058885
mp-28553,Ca2IN,50.374,31.593,55.95979532423271,35.19617160825457
mp-28607,UReB3,264.934,191.09,294.7427071686762,174.87521584133134
mp-29076,FeWN2,228.877,128.086,332.2133883882633,187.8847585861599
mp-2918,YCuO2,115.21,35.776,130.3639811444394,67.22673720178373
mp-29750,CsMgBr3,11.461,3.787,22.963657918403253,11.695530057792526
mp-29751,CsMgI3,9.34,0.299,20.524035866372067,8.618930078271848
mp-30251,YAuO2,113.218,29.163,129.57488509256822,64.98125562597863
mp-30451,SrCuBi,40.538,27.691,43.18480410755839,22.971075223226357
mp-30611,ErSnPt2,131.951,48.795,145.4026647777855,58.24347203149283
mp-3098,AlCuO2,178.355,80.28,193.9768051137457,117.06159642160326
mp-31018,SrAgBi,35.76,20.895,39.36137992028456,18.771900214344353
mp-3103,Nb4AlC3,216.088,146.872,267.220443649267,143.68140811198344
mp-31145,BaCuBi,38.096,24.08,41.110893070048505,22.353430887823137
mp-31147,BaZnSi,43.884,31.194,50.45446293586546,25.46811182418215
mp-31148,BaZnSn,34.655,25.518,35.11017579568101,17.49200764305606
mp-3250,Ni2SbTe2,33.489,21.669,95.92618758245908,35.64589256428121
mp-3405,NaAl11O17,152.126,69.533,192.88624171347237,124.2477645518048
mp-3469,ZrNi2Sb,145.512,60.623,167.65942390799407,65.55975441835348
mp-35143,BaNbS3,47.8,10.702,88.1248030426915,42.273333421327095
mp-3553,KTeAu,27.321,13.392,30.069021071593895,16.393158839151592
mp-3581,Ta4MnS8,62.712,47.917,135.70696438163637,79.82141571713615
mp-3642,ScCuO2,137.545,46.58,155.18884669977726,79.53399663051579
mp-3669,Mn(NbS2)4,27.063,20.553,125.02213307179484,71.68644707301823
mp-3732,Ti2CS,179.75,134.771,204.58475910820303,136.05785791685994
mp-3744,NaNbO2,146.768,99.169,215.01557233605428,139.08347235254726
mp-3747,Ti3AlC2,158.241,128.029,195.28996148405236,135.46020959695616
mp-3802,Ta4AlC3,235.646,150.43,288.2177151992506,156.44193674353758
mp-3803,Ta4AlC3,236.717,145.106,281.9432140647291,136.6056640301009
mp-3871,Ti2SnC,134.1,94.05,167.25662226773193,103.38476108170748
mp-3886,Zr2AlC,125.112,93.417,153.10544160392325,93.65636702128678
mp-3924,LiNbO2,156.667,100.566,253.91880586159448,157.21108197417252
mp-3927,CaAsAu,60.978,27.657,66.95494251688335,31.34703614857936
mp-4001,BaTaS3,48.992,10.165,91.62952683624776,46.66977149603298
mp-4120,CaCuAs,64.433,42.103,67.74872874436835,37.64375083368083
mp-4227,BaVS3,46.423,2.098,70.85689607420494,34.53335319051534
mp-4613,Zr2SnC,126.349,78.073,159.01762325490196,93.35940747908444
mp-4678,Zr2AlN,142.503,97.869,176.2031034644632,91.1028219219456
mp-4798,Sc(AlC)3,166.256,138.55,182.41433259852843,133.9209985755757
mp-4835,LaCuSi,82.111,45.769,86.40258275828806,37.48790951200469
mp-4887,BaCeN2,103.462,41.631,114.7178156430466,48.390250195630074
mp-4893,Hf2SnC,137.648,80.746,170.6100448298339,96.49784453621125
mp-4978,Ti2AlN,156.701,118.851,190.59973861626185,111.22434444599294
mp-4992,ScCrC2,208.072,136.76,249.59086504387287,145.101210980876
mp-5025,Zr2CS,165.501,114.231,185.40415998073135,124.41758334753268
mp-504708,CsCoCl3,1.924,3.144,17.601090540926812,12.558579193451113
mp-505212,Cs3AuO,7.783,1.091,16.729380846114505,7.116475597793701
mp-510311,BaZnPb,29.868,20.614,34.05990113176716,17.022179884459767
mp-510441,YInPt2,121.073,39.147,136.44517484058653,54.42966104520869
mp-5111,YbCuGe,57.103,37.169,53.71971738533932,31.76558225875848
mp-5137,Zr2SbP,114.043,67.669,125.56653182326194,70.24710123875835
mp-5244,Ti2SbP,114.291,70.239,124.93650623139295,71.8739480974811
mp-540609,CsMnI3,9.466,2.656,26.187862393337312,9.60466992383808
mp-541899,CsCdBr3,10.141,0.275,26.99308407548293,7.698780097871767
mp-5443,Nb2SnC,161.142,81.589,200.77492510974287,88.69832697865286
mp-549158,InCuO2,120.572,35.461,134.63642480490378,60.59942099359116
mp-553308,CsNdO2,67.258,33.706,85.73346323653233,48.88563152628996
mp-561949,GdBO3,117.092,27.567,137.76193567514315,71.51030488517378
mp-5659,Ti3SiC2,183.669,133.36,215.9689270656092,148.8056044986118
mp-567220,Hf2SbP,122.772,69.177,134.0212740276371,73.14854206531201
mp-567666,Ba3BiN,24.629,10.225,32.88834805202999,17.272963325312755
mp-567698,CsTiI3,10.145,3.45,28.021244884470516,13.67454192728784
mp-567767,CoCN2,164.34,68.938,181.2880901792786,93.85614293746734
mp-568066,Pr2CBr,65.414,36.834,79.13194856972942,50.283950447325786
mp-568895,BaSbAu,44.396,26.141,45.797431124424755,22.489011984776106
mp-569151,MnGaPt,103.094,38.589,156.6599573391907,53.77044303922369
mp-569458,AlV4C3,218.608,169.943,269.9658548997013,153.84860213837877
mp-569484,Cs3Ti2Cl9,8.691,5.017,30.62220260007501,15.137114183142453
mp-569568,Ta3AlC2,225.648,164.088,266.51938121497244,143.2298472924358
mp-569807,RbTiBr3,14.215,6.05,30.634834032966896,16.870548557177887
mp-569834,LiCu2Sn,75.321,44.076,86.58916563529579,35.38652044033959
mp-570099,RbVBr3,13.233,0.461,27.981962191102312,15.702865057692408
mp-570150,CaAlSi,56.461,39.274,60.06011088703892,36.30268392408299
mp-570713,TiAlPt,161.564,51.204,177.44985992452064,65.53030558026528
mp-570784,Hf2Al3C4,196.908,156.611,220.66986311511172,156.31384333881604
mp-571493,YbHgPb,38.302,15.009,40.25254684528528,16.492614003836163
mp-5910,CaCuSb,52.044,33.921,58.49232541830447,31.89628128421631
mp-5933,BaTiO3,139.365,73.886,167.93718715033015,96.14100213959568
mp-675287,CsCuCl3,23.924,30.852,32.93543220860116,5.53617510057825
mp-6954,SrAgAs,48.889,29.294,53.683726877186935,28.35008231711324
mp-7003,CePPd,110.052,48.649,108.33666204387838,45.14782881036644
mp-7288,Sc2SO2,139.478,67.795,161.97995138811038,75.46937660033383
mp-7359,BaAgAs,44.723,28.524,51.29095223234038,26.08644870062645
mp-7420,KHgAs,25.11,14.645,28.858992556356505,17.38831723481229
mp-7421,KZnAs,30.9,21.894,35.60594222784201,22.672572125581823
mp-7435,KCuSe,35.575,21.711,39.73195584766131,24.195608039348866
mp-7436,KCuTe,29.374,17.875,32.266321619177994,19.412295366575375
mp-7437,KZnP,36.508,26.245,39.41442043398593,25.57280365496711
mp-7438,KZnSb,24.441,17.165,26.516378365075365,16.683866778918482
mp-752927,LiAgF2,68.307,14.637,75.98164562747704,21.13742133466415
mp-753799,CsTmO2,80.308,43.86,104.53183987662294,62.35835062778382
mp-754055,CsErO2,80.061,42.918,102.2947727777156,60.69160681826065
mp-754110,SmAgO2,100.001,27.104,113.25475619196156,57.866634127461744
mp-754138,CsDyO2,78.024,40.984,99.6193981232588,58.6389589202822
mp-754154,CsHoO2,79.157,41.192,100.90278720342243,59.240657262815624
mp-754157,AlInO3,181.883,88.934,203.44802846480053,108.44326730300884
mp-754165,ScGaO3,179.215,83.392,200.37937497410655,108.16208189352174
mp-754480,GdYO2,103.674,48.284,130.3679522928136,68.59407676744019
mp-755144,NaLiO,55.978,39.05,63.1210688100721,45.40866775952599
mp-755252,DyHO2,136.012,38.21,149.38000354496313,84.29337089899137
mp-755318,ScHO2,155.028,52.193,170.8349115411617,97.44735745540969
mp-755342,LuGaO3,172.4,80.173,191.078618342408,104.6449397210305
mp-755651,CsGdO2,76.461,37.118,91.53380313555168,51.07934072794768
mp-764648,LiTiO2,140.834,93.619,204.324740462112,109.29664250164612
mp-7650,RbScO2,94.252,55.927,118.25078587308089,69.75660738354435
mp-768358,ScInO3,151.834,59.427,167.82701315985983,77.71284334278795
mp-768479,YScO3,152.13,70.113,167.08585991827104,87.89107694738799
mp-768864,KNdO2,69.273,37.8,98.1849820212708,55.87594690921281
mp-774712,LiCuS,53.764,17.871,60.79040515858917,28.431164121864455
mp-7936,LiNbS2,82.755,57.167,126.38330007502368,79.23791564339221
mp-7937,NaNbS2,76.388,48.843,112.73610416151202,71.93022344171597
mp-7938,KNbS2,69.488,46.405,98.93904674717452,65.87490948184168
mp-7939,NaNbSe2,61.06,39.007,92.8591616326358,58.300471990854845
mp-7940,KNbSe2,56.925,37.527,82.85422843933506,51.34700856405562
mp-7964,YAlO3,171.919,82.453,189.71138620833233,110.1481512315044
mp-7977,CsSmO2,71.864,36.15,89.41543901248639,51.58697768642459
mp-8044,V2PC,227.261,151.481,252.46416934113887,143.82533710385917
mp-8098,InGaO3,168.242,74.36,190.6557139547427,92.61126435410988
mp-8122,ErCuSi,97.809,63.774,103.6627242172982,53.06760178267718
mp-8123,TmCuSi,98.396,64.836,101.86617670080102,52.74135980325138
mp-8125,LuCuSi,100.492,65.529,106.35308510714366,53.67698137807273
mp-8126,YCuSi,93.076,60.168,101.66856550999998,50.54149068847039
mp-8432,CaCuP,73.255,50.755,78.26283452226588,44.55946056554793
mp-8456,SrAsPt,72.367,29.338,78.4476703966653,36.82179949891595
mp-864954,MgMoN2,246.262,183.147,317.0294767928672,190.8496682274911
mp-865625,Na2MgSn,22.948,18.808,26.500111113616057,15.18474050842474
mp-8786,Zr2NiAs2,138.277,68.334,150.1761250105865,66.11266424706885
mp-8868,Ba3NaN,1.319,2.319,24.07720134932463,11.902071058690275
mp-9244,LiBC,153.134,133.263,163.76741395805942,127.37972682137092
mp-9264,NaTeAu,31.246,9.325,30.576536702421887,12.427358401798848
mp-9556,SrZnSi,49.807,40.121,53.4604861926474,30.50931059350776
mp-9573,NaBeAs,44.531,33.067,51.12487366652552,32.152438170037854
mp-9574,NaBeSb,34.453,23.924,42.33437541480466,24.300158334393014
mp-9586,NbSnS2,68.64,28.417,118.07275107713454,68.34979823788878
mp-9631,AlAgO2,154.008,59.765,178.93993729814818,101.16676187965932
mp-9743,SrAsPd,64.685,27.956,66.70099051912797,30.702479032066098
mp-985439,BaPAu,57.169,33.396,63.78566206982273,32.23970538108021
mp-9873,EuZnGe,52.444,36.396,53.78856793649136,29.527438417221504
mp-9898,BaCuAs,51.12,33.441,58.929332281925774,32.38308963414417
mp-9956,AlCr2C,188.491,140.846,241.41581665524157,131.12375476276694
mp-9957,V2GeC,179.763,104.264,224.60122912366353,114.79621332747656
mp-9958,Ti2GeC,154.628,105.974,181.5850368371643,123.89139959959712
mp-9961,Ti2CdC,112.721,59.737,153.5900188096375,92.03068685260152
mp-996161,Nb3AlC2,200.473,134.763,246.7135195281812,133.3541135486046
mp-996162,Nb2AlC,169.752,112.681,215.4844042324612,111.8029798898713
mp-996965,AgBiO2,88.77,19.323,100.04151922777402,42.993183135523736
mp-997010,TlAgO2,87.57,19.118,100.35328258855462,32.861910990846
mp-9987,Nb2PC,222.653,130.576,255.0464286043588,128.8919378052134
mp-9988,Nb2CS,194.217,100.032,236.48703550133564,100.69850463651775
mp-9989,Nb2AsC,204.049,116.039,230.52491081764776,106.02786621586368
mp-3315,CaPd3O4,161.478,54.739,181.19595316653775,76.85743893836818
mp-542496,Ca6Ag16N,64.172,24.717,73.02169277163547,31.4988323477434
mp-697126,Ca4(H4Rh)3,75.603,40.914,99.51038847892076,55.50408769802396
mp-3050,Y3Al5O12,170.395,103.015,208.37112291135233,126.68912306773233
mp-3384,Er3Al5O12,173.762,105.755,213.2268942268973,130.50727583022478
mp-5444,Y3Ga5O12,166.366,14.871,187.8569413930902,100.77842648900364
mp-570845,Zn(GaNi)3,130.309,65.19,147.90478955371876,59.150325484670205
mp-1001012,Sc2ZnS4,73.999,32.261,90.06978167429601,49.31160474701153
mp-1001019,Mg(ScSe2)2,57.484,20.211,69.52523421218072,35.3487524029946
mp-1029293,CsVN2,105.401,43.204,112.5127238959586,49.08239232371356
mp-10953,Sc2CdS4,69.767,24.821,83.7916729460987,43.65460168820384
mp-12533,La2Hf2O7,160.548,89.983,185.85548977854396,91.79883923003324
mp-13801,Tl2Pt2O7,170.426,83.891,200.1933459775071,91.58247146570577
mp-14069,CsAlO2,92.213,47.586,98.08100802376732,50.40238036137179
mp-14070,RbAlO2,91.475,43.214,97.43780290557652,45.855767729368395
mp-14105,AlTlO2,96.438,34.159,98.52366035888338,37.00720329708585
mp-14476,LiRhO2,124.841,39.318,223.87837212954852,103.91647723996353
mp-15803,Y2MgSe4,51.637,18.906,63.30187529150971,33.06443062507522
mp-15974,Mn(CrS2)2,87.181,34.024,99.71468064551463,55.16858178494566
mp-16267,Dy2CdS4,62.141,22.866,77.01043441428662,41.0454948782338
mp-16293,KSbO3,112.518,73.035,127.73157405124816,82.55588808028014
mp-19784,In2Si2O7,230.416,91.928,246.10187945204655,131.56593461830556
mp-20499,Sc2FeS4,71.369,31.493,89.9901922797321,48.23799615287081
mp-22052,Zn(InS2)2,67.671,28.122,83.18934498498196,37.4525824863597
mp-22166,Co3Mo3N,298.478,118.524,316.051973933439,135.8108001419777
mp-22803,Cr2CuS4,94.549,39.715,124.2786184059439,63.58675037860929
mp-22961,Li2ZnCl4,31.855,15.897,41.38349500948846,19.474275967996547
mp-23341,Bi2Pt2O7,179.413,76.076,193.12144555144843,94.18379556761668
mp-23445,Bi2Ru2O7,178.102,94.649,196.87744249837468,91.288250474702
mp-27719,Al2CuO4,188.445,33.92,217.27608870134097,127.88606656379024
mp-2959,Yb2CdS4,46.567,22.518,52.73573623842654,20.52317911266546
mp-3138,Na8SnSb4,18.677,8.832,24.209106883184756,11.735089938568096
mp-3370,Y2Sn2O7,164.271,91.448,181.64883466526825,99.84227647854438
mp-3536,MgAl2O4,182.861,98.235,214.46489394225,141.60431594562627
mp-35785,Y2CdS4,61.871,22.805,75.8288977825379,39.314411104373825
mp-3807,Al2CdSe4,63.038,26.285,75.62173439451198,36.33541308322658
mp-3951,Ti2CuS4,100.958,37.972,116.87608565230532,63.90707634726395
mp-4324,Tm2CdS4,64.903,23.205,80.61019712217227,43.29415559982637
mp-4408,Sm2Zr2O7,162.119,87.474,187.8125226341326,94.58618216857197
mp-4590,Mg(GaO2)2,162.924,75.837,197.6356160229335,103.8764537891644
mp-4602,Tb2Ti2O7,205.081,21.568,205.79231834419252,107.31138067330927
mp-4697,Zn(CrSe2)2,72.426,33.234,87.39404135756874,48.55189464912141
mp-4788,K(OsO3)2,129.08,80.552,183.7722658886908,87.88024978655405
mp-4842,Al2ZnS4,84.975,45.424,99.6489213571313,54.72268844558482
mp-4991,Tb2Sn2O7,166.521,91.856,183.01027046080557,100.63030802604422
mp-504543,SnPbO3,106.995,46.81,130.0621602389727,62.38580323594273
mp-510619,Fe3Mo3N,184.008,48.139,297.4425540634151,124.93047278060877
mp-5146,Zn(RhO2)2,168.078,56.385,228.67564861260044,110.36826107025648
mp-5302,Gd2Ti2O7,183.909,95.771,195.5942905434092,100.66082469017866
mp-5373,Y2Ti2O7,186.139,98.422,207.19700284628365,106.5382304917517
mp-5472,Nb2Cd2O7,155.314,14.097,196.49823000989952,88.96750353285428
mp-5548,Ta2Cd2O7,155.679,84.063,206.94981756117605,98.54567986426684
mp-558392,Bi2Ir2O7,202.159,15.516,207.2307984153258,100.07890772341084
mp-558411,Y2Zr2O7,161.026,86.846,191.56491659950703,96.75586793506416
mp-559200,Cd(InS2)2,63.647,22.102,77.14785671235653,32.49427289313514
mp-559998,Cs(OsO3)2,134.549,83.735,180.9111838583164,91.95431943456045
mp-5602,Cr2HgSe4,67.353,24.062,77.82200644279108,42.163613877544314
mp-561442,Y2Hf2O7,169.817,95.728,201.6126559231892,104.62005856807129
mp-5639,Mg2SiO4,173.178,116.187,211.949435495415,146.28255562227318
mp-5794,Zn(GaO2)2,168.278,76.893,200.9745346304668,104.04250955298232
mp-5889,Er2Ti2O7,193.302,102.343,210.0851716290066,109.68376908264402
mp-5977,Nd2Zr2O7,158.964,86.085,184.55697868658652,91.73578418153456
mp-640321,CsNa2Ge17,39.169,24.137,44.232116586801055,26.382020354572976
mp-684031,Mg3(TiAl9)2,79.394,51.059,86.69802111952673,46.208001006950504
mp-722913,Hf3Zn3N,135.395,84.456,163.15117811468195,79.9542995000529
mp-752849,Y2Pb2O7,139.254,70.675,153.4211235500658,80.90248519931403
mp-754596,RbGaO2,78.145,24.897,80.02472789787537,30.928512511419285
mp-754711,Nb2Pb2O7,146.353,77.006,176.09102415419363,83.47113586821617
mp-754826,CsScO2,62.741,14.836,69.83838864749579,22.16855454190288
mp-755450,La2Ce2O7,133.226,60.716,143.8249212031847,64.15155550679938
mp-756297,ZnIn2O4,137.377,58.558,170.99096767578686,79.64346508942674
mp-776165,AgAuO3,123.896,56.909,150.48755981663666,47.82233127889336
mp-8978,CsNbN2,94.476,29.703,99.74640181386305,38.953151157255974
mp-753671,PNO,53.971,22.372,195.89755747098243,118.72593965646132
mp-20940,TiCdO3,146.93,62.805,208.0321183067829,90.91523660107508
mp-28339,CaPPt,95.286,39.105,98.21935430370657,48.8567873010239
mp-4681,NaNbO3,92.741,54.97,198.1009469581541,97.6445905662209
mp-644419,LiHS,21.647,6.659,35.79687578393683,20.46400711809499
mp-978568,Si3MoPt2,193.812,94.134,224.09749622337145,99.62836114412728
mp-1216475,V3ReB4,295.129,218.099,328.40556215827,208.3596908133493
mp-1216493,V3Cr3B8,293.232,229.65,319.348181453889,225.1991271720516
mp-1217974,TaB4W3,324.571,194.458,364.2361478405788,191.71309566141173
mp-1217975,Ta3TiB4,266.336,207.503,298.7319892480319,201.65543158178696
mp-1221393,MoWC2,365.494,255.342,410.90282286667014,253.22829750722477
mp-1221519,Mo2CN,353.135,222.816,381.02892306902,202.4585472187939
mp-2977,CuAgTe2,20.693,10.103,62.65066422617519,17.866608599194244
mp-629458,BC2N,373.876,411.93,407.4338397846047,374.80057342048786
mp-1001914,Li2SnIr,85.092,24.121,94.0359716745504,31.20824506698447
mp-1005693,Sm2InHg,56.894,20.934,59.500135700037546,25.138900449864803
mp-1006057,LaPrIn2,51.388,22.228,48.05637258809694,23.70660053330667
mp-1007821,GaCo2Ni,198.722,53.674,196.15959541019265,60.1990159323568
mp-1007924,CrCu2Si,130.299,7.905,146.29616423445134,-5.250966724794696
mp-1007961,CrInCu2,93.374,29.914,127.82803248709016,34.563856362815294
mp-1008224,CrCo2Si,222.218,94.391,233.33800063048545,81.68604385785856
mp-1008226,CrFe2Sn,143.331,22.082,168.9992222403814,79.42727274096447
mp-1008277,CrCo2As,187.113,76.573,183.15329946300244,31.296254255890783
mp-1014005,Mn2SiRh,134.27,41.113,121.59739027599296,-255.818654065
mp-1018071,MnFe2Ge,213.562,17.647,235.9452625216499,106.50370092256784
mp-1018074,GaFeNi2,167.75,27.984,178.55852507305923,47.3681581738351
mp-1018080,CrCo2Bi,137.255,56.721,142.61271488277563,49.798245676453135
mp-1018082,CrCo2Sb,173.777,82.553,176.31563437872163,46.44738404669519
mp-10181,LiSiNi2,149.838,65.605,161.67866352621925,75.66578870174796
mp-1019564,Ca6Ge2O,41.392,37.095,50.13528551239516,29.476918266323747
mp-1025456,CaZrF6,56.574,22.566,92.70284095952006,33.487603218643635
mp-10261,TiNi2Sb,137.552,27.593,164.45429757293516,26.826294248124512
mp-10474,NaPF6,23.499,10.027,96.56196520148292,62.78993150823234
mp-10492,Rb2SiF6,17.072,8.245,72.13566699116672,41.46665751589996
mp-10686,Li2CdGe,40.135,20.058,44.64834178515848,19.68714768994636
mp-1079896,Ca2H6Ru,56.915,41.307,91.03709729016606,52.3157257924963
mp-10872,HfAlAu2,142.057,22.112,155.02928967512565,16.613749846358264
mp-10873,ScAlAu2,114.629,18.822,125.63470837998652,23.668031894973577
mp-10883,AlCrCo2,199.303,96.223,213.8983563985644,105.52599152740356
mp-10884,AlFeCo2,187.706,103.489,199.8870933894296,108.71741783094812
mp-10885,AlCrNi2,160.697,41.844,174.38344516313313,46.05414805840565
mp-10887,HfAlCu2,134.159,56.709,146.29325425618893,59.18467294251408
mp-10891,MnAlPd2,145.343,43.389,154.2794371706054,46.64355613833712
mp-10894,MnAlRh2,185.161,94.704,207.38555708190177,93.85398364675078
mp-10895,Mn2AlV,185.386,96.779,201.6451886153658,103.49335826419254
mp-10898,ScAlNi2,129.687,57.619,157.68359261195383,69.0518445315793
mp-10899,AlVNi2,167.301,55.002,202.9729558924644,52.93474609628948
mp-11234,PrMg2Ag,45.818,17.459,49.40902838088059,18.74845336558271
mp-11235,SmMg2Ag,47.298,17.019,50.989584124297416,17.758590270495606
mp-11236,MgZnAg2,75.529,24.529,83.35815413593443,20.72997462538481
mp-11293,ZrCdCu2,113.193,50.865,127.77291445568062,48.92521907567831
mp-11360,ScGaCu2,107.905,47.008,119.68425171169324,41.54189426915284
mp-11366,ZrZnCu2,121.262,42.491,136.8385257338783,50.45814441206594
mp-11400,ScGaNi2,128.473,50.343,149.75925007328928,57.47593742657655
mp-11490,Li2ZnSn,37.548,27.734,41.615248758084554,12.643436931024851
mp-11492,LuNi2Sn,100.82,40.276,135.8796915017113,53.51652302547781
mp-11512,LiAl2Ir,135.916,52.607,146.2916963762038,66.28935169409812
mp-11519,NiSnRh2,180.244,20.057,196.1473497021084,49.77466896103965
mp-11537,NbAlRu2,230.476,116.78,256.3471637229104,119.4087076950622
mp-11947,LiAlAg2,71.27,32.565,81.49214085855415,29.541381189120195
mp-12128,Li2MgIn,29.856,20.946,35.35735898536936,17.983286921847643
mp-12559,MnAsPd2,130.581,8.795,142.34537633975089,6.9419552921411265
mp-12580,Li2CdSn,35.899,23.104,40.54881023332284,14.947734306335608
mp-13254,CeMgZn2,51.635,33.459,63.66606372728486,33.5824274898386
mp-13322,LiGeRh2,168.2,90.626,185.42730823276065,81.5793383327076
mp-13396,LiIn2Rh,90.326,37.101,98.66175044070953,39.26702696316182
mp-13914,LiCo2Ge,154.032,97.165,167.00829738882618,81.23290952347519
mp-13915,LiNi2Sn,112.914,29.525,128.45641273791074,39.02644191307714
mp-14088,Rb2PdF6,12.393,8.333,69.18533279873122,34.25752455456753
mp-15635,TiTl3F6,28.907,1.061,55.38578003225472,20.239909933184155
mp-15724,KNa2Sb,18.878,12.629,23.467415142019405,10.647723925663744
mp-16271,Li2CdSb,36.538,0.834,41.477726456849936,13.673652549998703
mp-16341,Li2HgGe,41.262,4.176,42.07162743368063,16.076728611559897
mp-16349,LiNi2Ge,132.644,46.128,144.5550341329675,52.34033278161246
mp-16358,ZnNi2Ge,150.684,34.806,179.41625446209807,42.19883848805076
mp-16482,TiAlAu2,138.455,26.152,145.8643099828443,14.498722525384316
mp-16494,AlCrCu2,119.908,48.944,137.80781361417442,41.288732119981354
mp-16495,AlCrFe2,223.142,92.876,227.36180883915856,122.30651617749002
mp-16497,ScAlCu2,106.697,52.175,120.17955391608928,52.31454837534793
mp-16501,HfAlPd2,156.936,7.228,170.60647511638535,37.563680640932326
mp-16524,ScAlPd2,129.942,41.369,144.93098166449778,44.65086521766669
mp-16548,ZrTiF6,84.573,30.321,102.43870712264513,42.638912856133054
mp-16735,CrInCo2,169.302,60.198,177.81187903350397,79.79562565206147
mp-19850,MnCo2Ge,197.347,93.978,215.64641409627225,94.4977743879242
mp-19877,ZrNi2Sn,146.647,45.056,165.61345544143407,52.05865989996234
mp-19904,ZrNi2Sb,143.863,28.872,160.97950548771254,36.458023343820656
mp-19929,MgInNi2,106.537,41.076,125.9323946413917,46.37090976216006
mp-19946,YInCu2,84.23,39.817,92.88235322334911,39.54570310510911
mp-19963,TiFe2Sn,183.277,108.178,185.5223700655324,100.6614186595538
mp-19971,ZnCo2Ge,179.248,26.3,197.70434775582584,77.82897615469034
mp-20145,TiGaCo2,182.718,87.666,195.2534452206553,90.48295269078704
mp-20228,MnGaNi2,157.338,37.296,177.55760317962446,50.42078498307216
mp-20265,LiIn2Pt,81.018,28.966,91.96185155972782,29.06917636688218
mp-20358,UInAu2,35.525,34.562,104.04892975382856,27.28726325766304
mp-20363,LiGa2Pt,103.688,34.754,113.3197989793033,30.97145492080503
mp-20440,MnNi2Sn,141.181,41.266,155.51116520470205,43.853079887457895
mp-20463,CaPbF6,51.78,19.973,72.93654064776973,26.550185330819467
mp-20481,MnSnPd2,129.866,28.853,139.75861261858915,27.71234070612459
mp-20491,LaInCu2,70.523,26.891,84.74768093842552,32.707726070928445
mp-20521,ScInPt2,141.942,29.805,156.5217827870673,32.737121270606615
mp-20567,LiGa2Ru,115.246,46.408,133.51618421140378,39.77797181806688
mp-20586,VCo2Si,216.418,94.021,234.78293739473537,72.88817740940793
mp-20730,HfCo2Sn,161.751,81.16,170.9178209611077,73.61619991405068
mp-20744,ZrInNi2,140.627,53.067,150.35512454673395,54.64107530840132
mp-20801,LiIn2Pd,67.719,18.833,75.50752262231366,24.170169797353587
mp-20840,MnCo2Sn,166.928,81.836,187.44523923386492,88.51533617994805
mp-20864,VNi2Sn,122.027,22.62,169.52094048186456,32.026592741087555
mp-20898,DyInAg2,64.011,18.398,84.8926314354825,24.400267836077276
mp-21067,ScInCu2,94.727,47.368,105.56040617703528,39.608743980955445
mp-21171,MnGaCo2,186.181,85.891,212.0149052390964,101.49928741497187
mp-21175,TaGaNi2,192.999,39.868,190.838451686194,37.17073479175882
mp-21211,InFeCo2,160.068,63.718,174.99379789628247,77.04789887224348
mp-21235,Mn2VGa,187.236,81.286,187.5883219597289,87.5086555072612
mp-21301,ScInNi2,128.198,59.957,138.85571445848586,54.63007976424818
mp-21467,TiCo2Sn,165.425,77.267,174.29733600105297,69.844552384681
mp-21469,VCo2Sn,178.311,71.09,196.23474346352455,56.47280751096612
mp-21883,VGaFe2,222.851,122.941,231.43402491614316,125.1883805923142
mp-22029,MnNi2Ge,160.744,29.281,176.98580220124177,31.008442211929847
mp-22221,MnCu2Sn,103.969,30.817,111.97888519572376,18.68377281808575
mp-22300,FeCo2Ge,183.305,58.409,205.5725294882259,76.41910768549239
mp-22463,TiInNi2,153.635,50.534,165.0126054371596,55.109076069249966
mp-22493,YInAu2,89.598,21.208,97.63123227128212,23.19106643054449
mp-22503,ZrCo2Sn,153.951,75.173,164.04759118343344,68.78024606540579
mp-22610,Mn2SnW,219.188,105.854,215.07094210752172,102.32664665137338
mp-22673,MnInCu2,103.816,24.622,119.10119059459248,31.34563486439881
mp-22685,TbInCu2,90.141,43.172,95.68743180589352,40.591929254546045
mp-22712,YPd2Pb,93.034,23.095,105.5662287826452,26.59310032643254
mp-22725,TiInCu2,118.564,46.141,134.4467428475899,40.932801272832144
mp-22731,MnInNi2,235.971,89.09,147.40228329348193,48.456402130467126
mp-22790,VGaCo2,199.274,88.046,223.42375663879227,84.43787003121159
mp-22947,K2ReCl6,11.602,6.545,44.77296552193596,20.565085373612987
mp-22975,Rb2TeCl6,9.584,5.213,33.073589650458,15.258128019843896
mp-23021,K2ReBr6,11.063,5.229,37.24556414509938,17.193735949644445
mp-23036,K2SeBr6,11.09,5.006,27.202849466540854,11.534085851069602
mp-23060,Cs2PtI6,7.331,3.998,29.576440438955206,14.39313439230879
mp-23067,K2PdCl6,12.406,6.418,42.61604254123206,19.647656521158304
mp-23383,Rb2TeBr6,9.056,4.79,27.46155314410333,11.04712663900152
mp-23406,Cs2PtCl6,8.616,4.775,37.35814577654751,19.88041739280703
mp-23425,Cs2PbCl6,8.082,4.508,25.551632515503368,13.7664070770412
mp-23438,BaBiO3,109.77,56.631,121.48977888382892,60.438341252314125
mp-23499,K2SnCl6,11.298,5.661,34.58351366402285,16.304861629056653
mp-23505,K2TeBr6,10.176,4.976,28.95484328283361,9.96507020412763
mp-23513,K2PtCl6,12.754,6.625,47.11043694685644,22.0594069229796
mp-23804,Mg2FeH6,76.609,61.863,112.1198262339788,68.40371862209706
mp-24292,Sr2H6Ru,48.381,32.026,77.01277753907809,43.1617664245303
mp-27304,K2MnCl6,11.197,6.094,40.64617903080947,19.026269751332883
mp-27315,CaTiF6,58.073,25.205,89.77584354281224,38.04605821852707
mp-27632,K2TcCl6,11.33,5.731,42.02276951920327,18.78219073342537
mp-27636,Cs2SnI6,7.069,3.906,19.07016755622999,8.082883936822556
mp-27691,K2PtBr6,12.515,5.95,38.34420066210632,17.620760459376516
mp-27827,Rb2TiCl6,9.65,5.044,36.123877120936704,16.796474378618058
mp-27828,Cs2TiCl6,9.126,4.099,32.68392889141594,15.921896336226968
mp-27830,Cs2SeCl6,8.965,5.067,28.702065704305166,14.926754527254396
mp-27831,Rb2ZrCl6,10.523,5.344,37.058518039526525,16.705975598825216
mp-27833,Tl2TeCl6,11.525,5.702,35.3125275369822,13.735835782434751
mp-27834,Tl2PtCl6,13.744,6.203,49.35598326654578,22.413537668890196
mp-27835,K2OsBr6,12.514,5.247,37.717167511424094,16.94542264839572
mp-27839,K2TiCl6,12.238,5.72,39.024254378655066,17.139989886832556
mp-27882,Cs2GeCl6,8.703,4.521,29.3961028295774,16.104278796824598
mp-28084,Rb2PdBr6,10.289,4.884,33.33305828758727,13.368290749344272
mp-28110,Rb2PtI6,8.577,3.938,31.087244256820284,13.880598485560231
mp-28145,Rb2PdCl6,10.81,6.046,39.03026359978168,19.67893749501725
mp-2927,LiAg2Sn,59.483,23.975,64.23333199757678,16.362127313956105
mp-29398,Cs2HfI6,6.99,4.16,26.59850070932792,9.711898181473678
mp-29481,Rb2WBr6,9.727,4.388,36.16404812196002,15.13935146078615
mp-29556,Tl2WCl6,14.578,5.2620000000000005,50.1257772601864,19.9172917643663
mp-29633,LiGePd2,121.813,37.662,134.9313058313848,46.14423133786191
mp-2987,Li2MgTl,27.001,14.225,30.404758703868428,14.17808912835247
mp-30044,Fe2CoGe,158.882,3.563,170.701241945794,25.81461525662104
mp-30062,Cs2PtBr6,8.763,4.908,33.39747471310577,16.039065975256538
mp-30069,CuNi2Sb,147.435,26.623,165.69606196965205,29.5230255107365
mp-30080,Li2GePd,62.413,22.035,69.92208543731618,15.460669360774173
mp-30227,Rb2WCl6,11.06,4.8870000000000005,44.79741359271448,18.61294470867472
mp-30340,ErInAg2,77.665,25.82,86.79651644477909,24.34206062301982
mp-30342,HoInAg2,77.054,26.089,85.6098746359463,24.90289250688986
mp-30347,ScInAg2,83.809,26.91,92.33358851315,22.02933402671321
mp-30374,DyInAu2,90.936,22.045,100.0597813161256,22.79013753522136
mp-30395,ScInAu2,101.827,24.732,114.84255503857786,20.86032344714356
mp-30419,USnAu2,25.037,66.09,104.89785174856311,22.800458969328393
mp-3042,K2SiF6,19.56,10.152,82.19352283907507,46.960789848434686
mp-30465,YBiPd2,94.378,6.461,102.24003674711344,24.98402535072245
mp-30551,GaFeCo2,190.304,88.288,203.01286250055537,88.69519916978845
mp-30555,TaGaCo2,195.874,90.532,216.9556436399518,76.3408309463815
mp-30570,CrGaFe2,204.598,105.307,215.3710396814728,103.93008670795282
mp-30586,HoInCu2,86.981,41.739,95.56497938688236,40.63679618628531
mp-30592,CuNi2Sn,149.253,27.073,168.0002789033254,35.269974518615555
mp-30595,CuSnRh2,177.039,63.304,189.0677557733524,60.82548899820347
mp-30648,LiMg2Ga,38.321,26.698,40.50875917006571,20.32805688489609
mp-30657,TiGaNi2,166.368,48.916,183.11777180965385,51.83908626798546
mp-30658,VGaNi2,167.969,38.51,196.08559462714135,40.85630974197517
mp-30661,ScGaPd2,127.531,35.179,138.07706586370105,33.8321850986144
mp-30727,MgCdAg2,69.74,25.347,76.18755594080243,16.330595479710016
mp-30731,HoSnPd2,110.96,20.177,123.20914115689614,33.8379326951403
mp-30758,Li2MgPb,36.254,14.747,33.54762065234105,16.899382899258757
mp-30759,LiMg2Tl,32.073,13.48,32.931661347337865,9.508904350629008
mp-30763,LiPd2Pb,81.931,9.173,97.81744205743932,23.221951171882537
mp-30773,MgNi2Sb,113.99,41.733,132.12195314541063,41.81371871836444
mp-30774,MgNi2Sn,116.057,51.674,134.94239822938343,50.405658570852616
mp-30817,LiAl2Pd,104.819,56.274,113.87064953417963,43.296369592116896
mp-30819,LiAl2Pt,124.378,59.706,138.12380819737126,55.51733307058591
mp-30821,LiAl2Rh,119.342,55.198,129.63117155275475,58.595841327176274
mp-30844,ScSnPt2,142.674,13.402,159.9644205768825,23.2244787523389
mp-31169,ScAlAg2,93.143,31.362,100.76759055822204,28.001868068290413
mp-31170,Cd2AgAu,82.477,13.904,90.09303034749962,10.331125061217302
mp-31171,Zn2AgAu,102.933,25.725,110.28320647076228,19.23298057364039
mp-31173,CeCd2Ag,53.25,17.503,58.18974421018032,15.802803590881222
mp-31185,MnAlFe2,204.228,131.417,200.2716962571971,106.34676182654576
mp-31187,TiAlFe2,184.183,85.502,203.33290870040716,101.281413996003
mp-31208,LiIn2Ir,103.987,40.176,110.25224119530012,43.09519599402122
mp-31339,ScInPd2,118.985,41.443,132.00829286191703,35.89017315790072
mp-31363,K2TaCl6,12.244,4.805,43.14330422610174,17.2840737435375
mp-3340,TaAlCo2,203.111,103.041,211.78433889456835,82.87304569575382
mp-34023,Ba2NbO,24.277,53.855,10.37687434486913,5.9065580654512555
mp-34418,AgPF6,25.022,4.15,89.0000427478834,54.37753098409377
mp-3464,FeSiRu2,232.733,118.341,261.04655862348284,109.09063782064251
mp-3498,HfGaNi2,128.242,22.94,161.6723434204776,51.35853321335805
mp-3499,MnSbPd2,122.697,13.5,134.2413061393676,12.254090726279268
mp-3504,NbNi2Sn,156.967,39.414,183.79982908996155,37.0083843732859
mp-3539,NbGaNi2,186.563,37.235,191.1141894509292,38.401949141625984
mp-3574,MnAlCu2,125.381,47.176,129.3414099011143,42.534025055244435
mp-3576,HfGaCo2,172.836,77.795,185.7939384720595,86.81163854905805
mp-3623,MnAlCo2,188.169,102.715,207.2479720765876,118.18639637124664
mp-3640,Nb6Si7Ni16,218.334,105.841,248.58601965669015,107.93867412343454
mp-3648,Zn2CuAu,112.628,18.83,123.94829661464402,14.336015671980364
mp-3657,TiCo2Si,206.714,96.955,217.68064868976265,92.00439865178568
mp-37153,AgAsF6,25.367,5.244,82.47741703589546,42.887561733983176
mp-3736,ZrAlCu2,127.356,49.2,142.93312921664662,57.97505990154309
mp-3740,TiNi2Sn,159.419,36.868,169.5401374162025,46.62186882485213
mp-3791,ScCo2Sn,137.52,75.57,155.48197365748905,78.32339447161148
mp-38843,CaTa2O6,203.358,107.446,230.7207822204962,112.92538753302388
mp-3909,ZrAlCo2,162.789,79.114,174.5026419499496,87.82480184447105
mp-3942,TmSnPd2,113.153,28.127,124.782001675704,35.42225825450433
mp-4047,Cs2SiF6,16.017,6.5760000000000005,62.763749215793474,36.60666984723332
mp-4364,NbGaCo2,193.763,82.303,206.24386914945012,68.67308067842583
mp-4492,MnCo2Si,218.693,111.468,231.97805659364897,106.40135246444969
mp-4536,ScNi2Sn,126.056,50.791,147.18791182242202,54.93754762065718
mp-4552,ErInCu2,88.491,42.728,94.49196670816654,40.3314945910348
mp-4595,VFe2Si,243.627,2.215,274.66287563698313,140.87959749302675
mp-4612,TiCo2Ge,188.455,84.07,197.31372508380517,76.17374245418274
mp-4652,MnRh2Pb,151.048,28.127,165.93485841768205,53.510940055229
mp-4664,MnGeRh2,189.249,15.755,203.46522064416817,70.56643633650981
mp-4771,TiAlCu2,134.483,58.316,144.03460727259105,51.01278252267254
mp-4813,NbAlNi2,181.822,49.39,183.92425582676648,49.39675796245473
mp-4828,HfNi2Sn,153.406,48.08,165.80844772039734,54.75412492860269
mp-4897,ScSnPd2,123.983,34.491,139.53891010806984,34.75020825196946
mp-4913,LiGa2Rh,103.896,33.902,116.92952411346826,40.78644785393464
mp-4922,MnAlNi2,158.539,52.165,176.71848527484576,61.62664354659349
mp-4955,AlVCo2,195.177,101.019,219.4648200208544,96.07522652328564
mp-4972,LuInCu2,89.584,42.279,96.76170661961444,40.04952358170118
mp-4990,MnSnRh2,169.635,39.345,186.26842599262432,67.07804630929796
mp-504729,Cs2PdF6,11.305,6.937,58.3961408048524,28.13641747020406
mp-505781,MnGePd2,134.593,22.932,148.1276857077842,24.563457021556104
mp-5077,NaLi2Sb,29.136,22.606,35.419116523941206,24.141681064608303
mp-5124,MnNi2Sb,137.829,18.952,163.0856935372143,27.26767142775653
mp-5149,NbAlCo2,195.157,94.077,203.7430042522211,78.2441511941197
mp-5159,LiGa2Pd,83.371,20.021,92.83017372742712,24.676552372084895
mp-5221,HfAlCo2,172.038,89.886,186.6018220592589,96.16924182177802
mp-5382,Sc6Si7Ni16,159.405,82.144,184.75241007959673,88.70742806571128
mp-5396,MnCo2Sb,174.535,76.297,181.1579193629556,72.50752977644663
mp-5407,TiAlCo2,179.963,98.873,193.69154750606415,103.23406791592885
mp-540957,Cs2TeI6,7.489,3.894,24.872569752636274,9.408720153014956
mp-541047,ZrAlPd2,148.827,52.246,161.23292292871798,33.897098045332044
mp-5419,LiGa2Ir,121.949,40.935,136.02511051774152,43.7702245708344
mp-5436,FeCo2Si,200.083,87.106,213.00159227169905,91.5752876553558
mp-5478,TlPd3O4,139.649,38.327,152.43485544544126,61.38329069593252
mp-5491,MnAlAu2,121.118,15.261,134.75820811352432,13.454553627174391
mp-5529,MnFe2Si,237.181,23.421,264.26565388010044,128.73646230199662
mp-5538,YSnPd2,107.794,14.252,119.24290161888398,33.05457809692346
mp-567097,LiCu2Ge,88.21,36.738,97.6662846240576,28.49988298222159
mp-567210,TbInAu2,89.859,22.082,97.88410760144008,22.753078566418967
mp-567389,Li2ZnGe,42.925,25.919,45.87208552536001,15.844938038876066
mp-567787,LiInAg2,60.474,20.019,66.90514254061375,15.781606190753628
mp-567981,CrGaCo2,199.836,78.329,219.78244867200917,93.35183680224372
mp-568139,NdInAu2,81.431,20.018,87.91123897076943,22.2087982149584
mp-568333,K2SnBr6,10.429,4.995,27.12925188242879,12.778568425844169
mp-568537,YbInAu2,66.646,19.356,72.0878412569735,20.532451833032248
mp-568596,SmInAu2,85.394,22.155,90.6103649186829,22.96556294342183
mp-568719,SmInAg2,72.272,24.328,79.72800537734393,24.327351451591586
mp-568880,YInPd2,102.492,30.541,112.72750618878337,34.21261679265138
mp-568914,K2WCl6,12.36,5.031,47.73415414083065,19.024810340559767
mp-568917,LaInAg2,63.889,17.957,71.80560870521747,22.790229523568275
mp-569028,Rb2SnBr6,10.022,4.644,25.44041769136417,13.04467120786756
mp-569066,Cs2PdI6,7.646,3.865,25.412252516304225,12.50258035302602
mp-569149,K2TeCl6,10.788,5.438,34.863450019695314,14.59593711389772
mp-570528,Li2GaIr,87.044,4.657,96.10950959764888,11.41385566516144
mp-570611,PrInAu2,78.371,18.309,85.66182662755162,22.0666321923588
mp-570683,PrInAg2,67.825,21.183,76.03104304329129,23.18138193809227
mp-570826,VSnRh2,179.263,8.617,193.73735343751216,29.484149608110044
mp-570899,YbNi2Sn,98.691,48.37,120.62561378254306,50.069297559458235
mp-571126,Ti2BRh6,225.583,110.559,257.51869254878534,102.94277942189056
mp-571310,ZrInPt2,160.728,27.431,178.65464760361553,31.753419682394412
mp-571648,Rb2MnCl6,10.441,5.332,37.44469703953685,18.861640848492133
mp-574025,HfInAu2,128.33,28.838,144.35339569767947,22.80547343368894
mp-5748,HfAlNi2,160.645,37.535,165.5680114823444,63.205003123431325
mp-5778,AlVFe2,220.899,137.797,241.09672374146965,137.2825665415694
mp-581024,CsK2Sb,12.368,7.769,18.807401484233925,6.8681815240083735
mp-581707,ZrInAu2,122.347,25.139,134.61134989698698,23.52234447190522
mp-5921,TaAlNi2,192.409,53.507,187.45790773764983,49.583227858819065
mp-600125,HfInCu2,120.211,52.466,136.5037115534906,49.95671281045376
mp-608555,Cs2SnCl6,7.82,4.029,28.84212655411873,15.375412592121604
mp-621348,TiInAu2,113.257,16.645,126.9545420410362,13.395906934148398
mp-622041,ThInAu2,99.696,22.021,109.93657308659785,28.76316244303539
mp-623134,ZrInCu2,115.986,51.305,133.8927175108869,49.82506838170529
mp-628606,Rb2PdI6,9.032,3.947,26.430661564933548,11.503895895727942
mp-631305,Ga2WSe,100.347,15.888,97.74920628868522,78.99559395789798
mp-631316,Li2GaSb,35.3,32.36,34.218622648507775,11.876273830122695
mp-631323,HgOsPb2,76.298,5.414,78.20795605770044,8.005844326343844
mp-631336,LaMgNb2,74.131,8.397,73.71417784492071,1.4493245138524211
mp-631362,SiTe2Os,111.294,36.429,130.18825447530418,29.26170824928872
mp-631377,Re2PtRh,293.668,233.098,301.203988490535,601.3806999081587
mp-631412,NbRu2Cl,167.909,24.724,176.80121483701114,12.126561248545444
mp-631417,ReRuCl2,146.466,20.711,154.55490001203637,-2.2148653175695125
mp-631420,CaRe2Si,162.622,1.128,191.51591183241104,-11.004316186015084
mp-631425,FeTc2Cl,169.338,87.129,193.60315249256595,52.9373217286066
mp-631473,KTi2Bi,53.236,23.084,56.47139264641103,11.129662902135632
mp-631524,BTe2As,65.801,8.576,72.61840159561861,1.400074694810021
mp-631529,BSe2Cl,65.622,63.846,73.6926292556881,-3.6912527555972914
mp-631535,BeW2Cl,180.881,15.248,195.385299490969,70.33600612311722
mp-631536,KBIr2,136.47,27.99,166.16085782772365,14.431686455789556
mp-631547,In2ReB,107.248,3.701,114.92358397757076,-82.98535278211357
mp-631571,Bi2OsAu,106.645,65.202,113.8738536680737,15.912899395747202
mp-631633,LaCoTc2,448.872,68.24,140.29252252668246,17.992600473865878
mp-636212,GaFe2Co,157.963,15.311,175.46048499669757,38.647304081158296
mp-636320,TiGaFe2,190.307,102.391,205.2330077443962,92.80300012526044
mp-636599,FeSnRu2,200.71,88.857,222.86227091977503,80.89463918145978
mp-638729,Cs2ZrCl6,9.79,5.257,34.48042119141559,16.446290729312317
mp-640024,HfInNi2,145.405,57.313,154.97482099000044,57.90738149849393
mp-641923,Cs2SnBr6,7.65,4.313,24.465368412834216,13.22266127106617
mp-643002,Mg2H6Os,76.044,56.035,120.71920244016204,63.15542982359154
mp-643101,Rb2H6Pt,13.624,8.42,42.43153430883407,21.989243113190227
mp-643243,Cs2H6Pt,11.873,5.377,33.819228599881605,16.28636349023384
mp-643279,K2H6Pt,15.531,9.309,49.41370432556582,24.833221808203707
mp-644281,Mg7TiH16,63.812,30.422,66.42231261484338,40.60073568644864
mp-644504,NdMg2Ag,46.464,17.132,50.82625343553881,18.940035005120254
mp-672259,AlFe2Mo,230.256,52.491,234.4901713511227,111.15097134422672
mp-672340,LiIn2Ru,95.132,41.998,101.755407906808,40.8283824507032
mp-672374,UNi2Sn,146.821,45.894,159.64221301738567,45.36763299311984
mp-690785,Na2H6Pt,22.335,15.848,71.48563461124115,34.71822165433893
mp-690789,K3ReH6,25.075,8.757,42.35677089090146,16.817770124362056
mp-697030,Mg2H6Ru,75.094,53.259,109.59508422241647,64.23515457155203
mp-697038,Ba2H6Ru,42.322,21.525,64.07110097475291,33.35201111460002
mp-697044,Ba2H6Os,41.59,20.0,73.90254121312806,32.645477247431614
mp-7187,TiAlNi2,164.644,62.108,185.77220677735616,68.43835616118739
mp-7243,LiSnPd2,108.005,25.46,118.7027341237853,38.05142615715677
mp-7473,LiCu2Si,105.396,55.803,120.4402182223286,47.182879762058235
mp-758835,Na(Cu3O4)2,127.552,79.085,129.39070670566772,56.18321496534742
mp-8224,CaSnF6,56.223,22.76,88.85764723711763,37.62161213839295
mp-8414,K2HfF6,15.293,6.037,76.01020747131645,34.48811917507504
mp-861460,AcInTe2,42.162,17.936,45.537735784382775,17.745521555211212
mp-861479,PrYMg2,39.202,22.951,42.243544502732775,25.03543911926629
mp-861481,Pr2AgRu,75.998,22.525,77.39926613893601,26.73078875523573
mp-861483,Pr2IrPd,91.797,28.342,95.1164968167826,23.99314050841552
mp-861498,Pr2HgPb,53.36,18.268,55.66186129546699,24.675281017353154
mp-861499,Pr2CuIr,84.313,24.217,85.87785457792371,25.901837486182256
mp-861501,AgHgPd2,117.832,0.118,132.03694950380793,23.8784496449112
mp-861505,Pr2MgTl,43.757,17.977,43.293227022604945,24.38276228102322
mp-861508,Pr2ZnIr,78.497,24.587,83.24763329533336,28.655517539864945
mp-861510,Pr2SnHg,53.848,19.059,57.96323688896002,26.182578010458293
mp-861588,Pr2CuRu,78.771,27.35,81.6890607782374,25.93400693750962
mp-861594,Pr2TlCd,48.605,17.214,50.295483950559984,24.299349296466215
mp-861600,Ho2ZnIn,60.928,31.772,63.54906791484633,33.23354453954238
mp-861616,LiSc2Ir,99.243,38.644,104.51841355710764,48.02019548316849
mp-861617,LaHgAu2,69.273,3.22,79.43637012654155,14.046179700515356
mp-861624,LiLaHg2,44.988,9.091,46.53369168365675,16.36241751597362
mp-861625,LiZnAg2,65.489,15.67,73.837126227582,24.29166170056607
mp-861627,Ti2AlMo,150.337,40.787,156.01699851676673,75.77539371550209
mp-861628,Er2TlCd,59.121,24.637,61.03369704832106,28.20806925721682
mp-861629,LiMnPd2,102.805,43.455,114.7446117317936,46.95208738997835
mp-861637,Ti2AlTc,159.815,61.979,174.17709091420394,67.41491268723065
mp-861639,Ti2CoIr,193.269,71.126,207.61666384184184,64.50799243551347
mp-861640,Ti2AlRe,172.0,72.215,188.75717339791473,77.27329644744366
mp-861641,Ti2CoRe,190.189,96.956,217.20336849295907,91.74561238023976
mp-861643,CaLaMg2,29.61,18.121,31.087384003223537,18.40556564723128
mp-861645,Ca2MgTl,28.633,18.831,30.5643864606659,15.74911347387964
mp-861651,Li2PdPb,50.293,20.181,56.6648341449717,16.192242573450216
mp-861652,LiLuPt2,106.05,41.098,117.39109814190591,34.698873542265225
mp-861656,Ti2CrIr,194.37,78.863,207.98631299030168,91.16386874556248
mp-861658,LiMnPt2,134.07,50.068,158.1808626703377,62.69937645470521
mp-861660,LiNdHg2,48.714,9.543,50.94476376225615,17.606563047409253
mp-861661,LiPr2Ru,61.849,22.364,61.09729252924884,23.753925611494328
mp-861662,CaZrRh2,120.366,34.247,130.51820168473296,46.16811177672578
mp-861663,LiRh2Pb,125.906,52.058,137.83777530638403,46.26492553200508
mp-861665,LiTmIn2,38.577,18.108,47.759540262568365,18.08476057346472
mp-861666,LiRu2W,221.989,82.095,237.2488681418259,97.12531836585532
mp-861667,LiSbRh2,149.879,13.887,166.44833182668833,71.5198066513141
mp-861672,Ti2FeIr,191.953,75.782,208.2926919931896,89.39557695512252
mp-861724,Ac2AgIr,67.493,14.533,69.29387536447996,21.138468945067576
mp-861733,LiTePd2,94.385,19.117,103.44129435673868,19.751840746982708
mp-861735,AcMgTl2,39.982,10.424,42.35756908981546,16.509175212665674
mp-861736,LiSbPd2,107.809,33.967,118.45218798423208,34.29991895486071
mp-861872,Ac2HgGe,47.445,14.917,48.56819685577947,23.44531906272449
mp-861875,LiHf2Re,137.66,44.212,139.64920344435643,59.19886547934074
mp-861876,LiAc2Si,39.953,22.936,36.61185755693746,23.04146918163699
mp-861878,Cd2AgRh,104.19,15.442,111.98686893323658,25.743142310521637
mp-861880,AcCdRh2,93.343,27.025,103.45326959223506,27.827070373938817
mp-861881,LiGeAu2,77.804,17.072,84.20915916740775,9.071414652704147
mp-861882,LiGeIr2,206.944,107.147,230.61082277617845,93.159500801202
mp-861883,Ac2CuIr,68.935,18.099,68.76310434302948,19.00710120125481
mp-861884,AcGaTe2,43.131,14.998,44.66686004781915,18.225258655336734
mp-861896,LiHg2Pd,69.136,11.597,75.11576274663311,18.30564487466706
mp-861900,LiGaAu2,85.118,26.976,95.63505156153902,20.701221977894733
mp-861901,LiGaCu2,86.815,36.374,96.67393117655875,33.368569576694455
mp-861905,LiBiPd2,82.613,15.71,95.12612092719804,22.167812986802247
mp-861908,TaTiRu2,234.152,70.548,252.60544243287953,90.86265763854009
mp-861909,CdGaRh2,160.28,52.518,180.2852751432299,62.040769234803534
mp-861912,TaTiTc2,230.754,101.829,253.78923254356215,101.12241874429218
mp-861913,LiDy2Al,49.683,31.25,51.225753517452816,30.64727764141197
mp-861930,LiPdAu2,102.194,11.699,110.53103903599052,15.906136386538622
mp-861932,LiZnAu2,86.57,0.923,98.16144155207428,25.867439705298704
mp-861933,LiTmHg2,54.296,15.603,58.05927811879938,19.93389292894851
mp-861935,CaSnRh2,116.199,38.677,130.96332610263,56.85345933538246
mp-861937,Ba2AsAu,36.968,20.318,37.92877003341252,16.75079140073186
mp-861940,Ca2CdSn,34.346,24.541,37.577112480966626,16.79401517254556
mp-861946,Er2MgAl,57.65,36.576,58.231020347543165,37.64910488903968
mp-861947,LiPm2Ga,41.038,25.461,45.89955961108021,27.28954233170368
mp-861951,LiTaRh2,185.431,67.999,201.22315498408176,79.80045756605233
mp-861953,AlFeRh2,193.542,40.729,210.51462103183496,86.29250111885328
mp-861954,LiTaRu2,190.046,66.077,205.5485164835289,60.10219153740086
mp-861955,LiPm2Ge,52.428,26.487,51.20888691282632,27.59597647283653
mp-861956,LiPm2Ir,73.728,28.359,74.62880429187985,28.7384115027361
mp-861958,Ti2MnBe,153.777,55.985,161.19702588547187,78.09327401947338
mp-861961,TiZnRh2,190.201,83.01,210.6531525059293,90.26587228322528
mp-861974,PaCdPt2,145.981,32.81,159.61426972391374,27.090426635713413
mp-861978,Hf2ReIr,213.322,103.795,231.35111024515385,102.68086361571515
mp-861983,Ti2MnFe,184.197,76.543,191.94063471941377,67.54465242771352
mp-861993,Ho2TlAg,63.714,26.76,68.76870222587895,25.03973306051316
mp-861994,Ho2TlCd,59.723,25.452,60.3264689647117,28.45120310531653
mp-862258,Sc2ZnPt,112.221,7.036,115.54824447462327,40.4115972967863
mp-862262,LaCdHg2,52.817,14.129,60.63587429412219,17.8384022146619
mp-862287,BeAlRh2,199.23,102.765,222.0543090252863,99.72463076986004
mp-862288,AlFe2W,238.376,45.537,267.0344008087963,124.77375394948638
mp-862290,LiFeRh2,145.894,65.499,163.65708168077308,69.941491533405
mp-862291,BeGaRh2,200.601,91.436,217.9889598368343,91.64143390887264
mp-862296,LiAlPt2,151.998,104.435,176.67743976769347,73.59947977676522
mp-862297,LiAlRh2,147.585,66.739,163.58899442029065,67.58977850098185
mp-862312,LiBePd2,124.471,56.945,145.24407887914492,63.910460298652154
mp-862316,LiBePt2,165.822,79.648,193.51951790347056,87.25607427226471
mp-862318,LiAl2Ni,103.846,69.544,123.25269917202408,71.8078592247
mp-862319,Ac2CdSn,42.615,16.536,44.38252225987895,22.466646013632573
mp-862321,LiAsPd2,108.466,35.687,127.63428146825858,38.32167345550679
mp-862335,LiAsRh2,160.442,59.369,183.75861160356777,75.82174626494172
mp-862338,Sc2CuRu,113.161,46.784,121.475382746052,55.03267435702463
mp-862339,Sc2GaAg,81.21,41.463,85.8739148433144,27.010989572928068
mp-862340,Sc2GaCu,85.089,45.774,95.8303683017018,35.603871051354396
mp-862360,Sc2NiIr,137.387,49.792,148.52151759970928,59.68048660081487
mp-862361,Sc2NiOs,145.388,62.463,148.8292025006241,64.14198723896817
mp-862368,Sc2NiPt,130.308,7.693,134.9831330506258,47.13764914325767
mp-862372,Sc2RuRh,148.186,63.627,157.62529100370602,59.522048357594514
mp-862374,CdInPd2,115.643,16.611,126.82993262197436,34.20148762575939
mp-862375,Sc2TcHg,109.754,27.74,120.29234577315133,53.83378822823391
mp-862376,Sc2CuTc,107.482,48.992,121.06905284597924,50.752894234303135
mp-862377,LiBe2Ir,139.753,64.707,152.00405807678942,60.27596220125702
mp-862378,Sc2TcAu,124.283,49.234,136.53530487651292,53.6767843150136
mp-862379,Sc2TcAg,108.026,42.33,118.78657756760546,48.55709099137194
mp-862423,Sc2TcPd,123.752,53.036,138.1002086785019,51.44508049913266
mp-862431,Sc2AgOs,123.096,45.47,134.52530203495695,57.443760957582846
mp-862432,Sc2AgIr,120.565,37.764,132.61852214720162,51.26042568421356
mp-862445,TaAlOs2,268.452,143.473,299.2973430708441,137.62027849372888
mp-862446,TaAlRu2,240.988,132.422,263.64105600768096,129.44471374930598
mp-862473,Sc2AgRu,111.847,37.977,119.22981079632136,50.53913396939159
mp-862486,Sc2AlOs,123.137,49.483,134.92090135046973,58.88045342659508
mp-862492,LiErTl2,43.284,21.383,48.14144680161302,19.746563492225324
mp-862543,Sc2AlTc,109.061,43.786,116.61013444970736,49.151552151118054
mp-862546,Sc2AlRu,110.743,39.474,122.94726356498384,49.922555012980595
mp-862548,Sc2AlZn,76.171,45.758,83.7649849799364,38.80703050486833
mp-862549,LiAcTl2,34.711,6.17,35.547301214413,15.319149409041913
mp-862553,Sc2BeRu,112.509,47.296,118.465721788493,55.151417969278235
mp-862555,LiY2Al,50.306,33.33,52.726565265607434,31.120826791423053
mp-862556,ScSiPd2,142.61,32.762,155.24486563684732,30.90324153655681
mp-862561,ScSbRu2,181.046,100.408,203.24468271494112,106.15209791984029
mp-862563,Sc2BeTc,105.286,45.33,109.70456669379612,52.57666597016123
mp-862588,LiDy2Tc,68.896,31.932,74.04975634230178,33.8929681471542
mp-862600,Be2PtRh,216.114,113.636,249.11170740853316,108.5431802857622
mp-862602,ScAlCo2,146.391,94.037,163.82613301146043,97.17841882130996
mp-862610,LiHfIr2,174.685,62.733,190.80680506340244,82.76376214869464
mp-862613,LiAc2Ga,33.104,19.764,34.208353271459536,19.959104426606757
mp-862619,LiErIn2,43.83,20.144,48.485756293383666,17.56794063365129
mp-862622,BeRu2W,270.586,117.74,300.2978364465328,131.6005697054988
mp-862623,ScSnRh2,154.264,212.422,172.76874048793462,63.68560989817119
mp-862629,ScRh2Pb,139.016,187.799,155.61350389047502,51.62338530220519
mp-862631,Ba2SbAu,31.487,17.679,31.59192600053215,14.099740645599551
mp-862632,LiCa2Al,29.043,20.041,32.498738768576985,15.887982473830007
mp-862657,LiCuPd2,144.978,37.593,122.65708399210348,44.22972779194899
mp-862662,LaMgZn2,51.066,28.284,56.687614378133986,28.168000180675467
mp-862663,LaPbAu2,71.48,19.936,81.64963137821769,20.65389248361501
mp-862666,DyGaRh2,141.67,47.905,156.79694548619585,63.67866817115087
mp-862667,LiAc2Ge,38.715,20.637,37.266486951798704,22.338360385093797
mp-862669,BeFe2Si,219.307,127.552,247.70644837054,127.64026616996348
mp-862673,LiY2Ru,70.948,29.28,73.1938599152985,34.32817899939528
mp-862677,LiHoTl2,42.546,19.632,47.15703979242231,19.57133893413839
mp-862680,DyMgAg2,65.63,12.356,71.45737574427807,26.49964383196901
mp-862684,LiHf2Os,145.945,59.172,155.772947853032,65.36350316097739
mp-862691,Al2FeCo,179.509,118.533,200.70200237748384,115.60206415522016
mp-862692,DyHoMg2,43.612,18.839,45.902707716513376,26.501992830710332
mp-862694,Al2IrRh,211.649,97.627,236.3449241188828,107.5329678434929
mp-862695,Al2CoRu,185.345,112.686,208.9289666540736,108.4768824351921
mp-862698,Ac2SiAu,56.494,16.796,55.6805652861298,21.324294351782545
mp-862699,ScTaOs2,235.29,121.918,258.85961152464597,122.98232697027582
mp-862700,AlVOs2,270.525,140.544,298.0577896090817,134.75842888400712
mp-862702,Sc2AgHg,79.681,32.127,85.13626656208434,25.764697292256432
mp-862703,Sc2AgAu,91.964,32.821,97.9738919594647,27.10680602828704
mp-862704,ScZn2Pt,123.901,29.224,136.1036394524198,31.658214876780995
mp-862705,AlZnIr2,220.942,108.285,245.06040933972125,95.03215945637676
mp-862706,BeCo2Ge,201.076,80.844,220.6464260054084,105.07123240446552
mp-862710,Sc2CdTc,100.691,31.014,111.95000242702493,52.38464078234912
mp-862712,Sc2CoIr,137.361,60.261,151.56644416217614,69.76247953294845
mp-862713,BeGeRu2,227.447,99.655,251.85228131486764,94.70720673386828
mp-862715,Al2PdRu,180.532,80.631,201.28254918523265,88.31738877270854
mp-862717,LiAlAu2,97.735,36.27,110.47520696741346,34.190654758910746
mp-862719,LiY2Os,80.346,34.286,82.62341615084034,41.109495487786816
mp-862720,Sr2CdIn,26.36,15.966,28.188455337066618,14.072736295835131
mp-862721,Sr2CdPb,27.344,21.316,30.39901628638517,14.01605751148183
mp-862723,ScTc2Mo,207.886,80.503,227.99590658896983,90.29717328144936
mp-862725,ScTc2W,219.455,89.291,242.32864674898687,103.07524722444754
mp-862727,Pm2ZnPb,54.069,19.066,55.40974262642322,29.999965421273615
mp-862728,Pm2ZnRu,78.796,22.938,81.41982341665431,30.43304107944992
mp-862730,LiGaRh2,148.873,59.775,166.46638615320734,62.74885860255172
mp-862733,Pm2ZnSi,64.649,27.683,63.937986768214934,38.073835695779685
mp-862734,Pm2ZnSn,58.086,21.841,58.545307774221605,32.7040579644448
mp-862737,LiHgPd2,97.049,22.7,105.86031704274158,23.433648250548917
mp-862740,Sr2TlCd,25.727,15.711,26.89685984094967,14.518747229898365
mp-862742,Pm2ZnGe,62.046,26.438,60.75299119672744,36.252445700276695
mp-862745,Sr2LiPt,30.834,14.401,32.365372646281294,16.967533445476523
mp-862747,Sr2PtAu,45.405,19.997,49.825362536533966,20.51411874736904
mp-862752,SmBiPd2,92.277,9.574,97.63711517033742,23.25310870559999
mp-862757,PrDyMg2,39.675,23.289,41.95029778074281,24.76194683631357
mp-862759,PrMgZn2,55.055,26.176,60.05678234306402,28.582316502048403
mp-862767,TbMgCd2,54.108,26.564,58.200183924066714,23.82740335997136
mp-862774,LiInPt2,128.499,129.985,140.80801401645937,31.149830942466497
mp-862775,LiInRh2,125.117,36.12,137.03839754049875,43.36374815773444
mp-862778,AlSiRu2,230.759,113.371,261.02214530253104,126.40113348747543
mp-862781,AlCrRu2,230.931,111.317,252.8482871224327,116.83154054669365
mp-862786,Ac2CuGe,54.864,19.11,48.6163483491825,22.054812071837674
mp-862788,Er2ZnIn,61.635,31.697,65.62462998523507,33.6122836752803
mp-862790,FeSiTc2,246.944,108.248,262.90764177548147,94.26773801812313
mp-862791,GaCuPt2,185.797,298.985,206.24497085527764,34.48356386677492
mp-862795,CaLaAg2,44.205,19.952,47.91176165211849,21.111357958224144
mp-862797,RbAcTe2,36.494,17.941,38.64335799262564,14.20914900344705
mp-862805,PrSnAu2,80.55,17.514,86.75364369767023,22.717078195529965
mp-862813,PaPbAu2,102.518,14.015,108.13886021587966,26.915491985320863
mp-862814,PaSiTc2,200.716,42.399,217.90088101940137,48.98621230384442
mp-862815,LiScAu2,82.368,15.743,87.72689139269839,29.21024816677641
mp-862821,PaSnAu2,109.742,15.551,115.64579725176276,26.639293097406544
mp-862830,PaTlAu2,99.51,24.885,112.46460837726424,25.254297851174577
mp-862831,PaTiTc2,172.516,49.108,175.65614410587122,26.786847921330224
mp-862837,PmAlAg2,77.247,15.124,87.08004673538393,24.10523439056133
mp-862838,PmAlCu2,86.005,12.642,93.4175245246113,40.88703724553305
mp-862841,LiPm2Os,74.575,31.331,74.75080207315179,30.759234040878606
mp-862842,LiPm2Pt,63.715,20.936,66.52969944982976,25.05598265106834
mp-862843,PaZnRu2,175.731,34.878,190.02411596241123,33.39290969585674
mp-862846,CaLaHg2,44.947,22.0,48.40516837580157,20.68044486383887
mp-862849,Ac2NiIr,71.229,20.391,74.5057768602256,16.240140057786626
mp-862872,PmAgAu2,83.952,10.746,91.70387968805996,15.595543528815693
mp-862873,AcAgHg2,52.065,0.917,58.800440689909706,11.561025452731856
mp-862874,PmAgHg2,66.323,17.984,73.7188795123234,16.63711371686407
mp-862875,ThGaAu2,100.3,11.401,108.19649266267449,20.59821491307894
mp-862879,PmBiAu2,80.185,9.199,87.24771311902684,22.37724280515142
mp-862880,PmBiPd2,90.9,10.223,97.29571851780268,25.57753128256423
mp-862881,CaPmCd2,42.236,22.358,45.327193501180986,22.631070275814444
mp-862882,CaPmAu2,66.309,27.483,68.19580425711119,25.51813743780397
mp-862883,CaPmHg2,48.969,24.664,51.36610338356884,22.715426030386865
mp-862884,CaPmPd2,67.273,24.337,69.82377030361133,27.264871026556506
mp-862885,CaPmRh2,83.697,28.891,91.19666619731356,31.166755025520263
mp-862886,CaPmPt2,87.525,34.909,91.26297851093688,32.088055792583596
mp-862887,LiSc2Os,98.86,40.992,103.00031572006192,49.75447712925922
mp-862888,CaPmZn2,44.865,26.906,47.42966261839833,27.696457566001925
mp-862890,AcAg2Sn,60.159,10.533,65.76209371493414,21.098070080514276
mp-862891,PmCdAu2,79.05,6.423,88.12823246341846,20.299148742546652
mp-862892,PmCdHg2,60.32,16.513,67.22220412642032,17.62658077215131
mp-862895,Er2ZnRu,92.632,33.2,98.11333212623704,41.2133118850281
mp-862896,PmCdRh2,111.806,38.736,123.03230339325168,35.37550985745177
mp-862897,PmCdPt2,108.292,17.543,118.27974851357898,28.442387476255668
mp-862898,PmCdPd2,90.071,19.041,98.9672623416301,27.94608540452787
mp-862902,PmDyMg2,40.229,22.558,43.19166793909635,26.673150590461898
mp-862903,PmGaAg2,66.067,11.484,79.54734332665102,16.565040809008217
mp-862911,Ti2CoTc,187.175,91.654,204.76808345804295,81.73772761597532
mp-862912,PmHgAu2,80.514,6.17,87.87332474736804,12.459054503906495
mp-862918,PmHoMg2,40.038,22.248,43.878862027235904,26.666514993477485
mp-862923,PmInAg2,71.516,23.111,79.47194217882551,23.91485503581671
mp-862926,LiPmAu2,65.291,67.79,68.303803423849,19.13884242434727
mp-862927,LiPmHg2,49.81,11.196,52.27539505582552,18.726895240764147
mp-862928,LiPmTl2,41.737,15.462,46.0126454647436,18.59026781180802
mp-862930,Li2PmIn,38.084,30.714,45.06012916601736,24.652728373214316
mp-862934,Li2PmTl,39.836,30.085,45.80039893902882,22.091752859122796
mp-862936,PmMgAg2,60.967,5.559,66.05872897425621,23.904835717782316
mp-862938,PmMgHg2,59.195,24.499,63.53122609876244,22.796245095473296
mp-862942,NaPmAu2,59.173,18.208,64.50813494953441,21.284844647256488
mp-862943,NaPmHg2,43.007,14.658,47.26911888389463,18.461709475847336
mp-862945,NaPmTe2,44.621,12.633,50.64197433660205,19.305626594121616
mp-862948,Li2PmPb,40.01,24.17,45.52268089606267,27.781046059140273
mp-862949,NaPmTl2,36.356,18.771,38.997747186231855,15.579313080608449
mp-862956,PmSnAu2,83.851,17.853,89.72782532119403,23.471945512171256
mp-862962,CaLaZn2,42.467,25.998,41.980791623207935,23.601144241355517
mp-862964,PmSmMg2,39.146,23.357,41.82678058434273,26.53692038543399
mp-862966,PmTlAg2,65.448,18.899,69.70344282992491,16.41754231034688
mp-862969,PmYMg2,39.687,22.085,42.6039389305579,27.0209258324595
mp-862972,AcAgAu2,66.953,280.555,73.59487869708664,12.95684543504487
mp-862974,PmZnAu2,82.867,8.779,90.31235779887533,15.063069577433865
mp-862977,Pm2AgIr,86.836,23.457,90.6126183451774,29.21196131753363
mp-862979,Pm2AgGe,64.38,23.361,67.00414988302167,28.12043404968928
mp-862981,Er2CdIn,60.36,27.973,62.9830424411545,29.35658199042393
mp-862989,Pm2AgPt,78.671,22.251,83.40136782164177,26.077469046623012
mp-862990,Pm2AgSn,61.036,21.122,62.222418555986735,27.330094614016556
mp-862994,Pm2CdGe,58.544,20.724,57.99630745346431,33.198801440861345
mp-862996,Pm2CdIn,52.402,23.145,54.36009057113596,28.371587183979923
mp-863251,Sr2SbAu,37.562,22.936,38.8104097861789,16.993358933957133
mp-863258,Sr2AsAu,42.139,25.646,43.73185625609607,18.580944373746153
mp-863651,Ho2CdIn,59.553,28.777,61.75902420169336,29.347435703129523
mp-863652,Ho2CdOs,97.343,33.714,105.25301961724274,45.317518836743425
mp-863654,Pm2CdSi,62.306,21.073,59.21276517484534,33.08478623532678
mp-863655,Pm2CdSn,56.296,19.511,57.48830739337213,31.39874484798607
mp-863659,LiScHg2,57.209,15.302,65.28563982391583,22.17298171065048
mp-863664,Pm2CuGe,66.228,24.887,66.19174974721962,30.22862857033361
mp-863667,Er2TlAg,64.936,27.903,70.48572656635245,25.35771959043655
mp-863668,Pm2CuOs,92.175,35.405,96.143862403788,33.211955572718104
mp-863669,Pm2CuPt,80.655,26.778,83.40531248355148,25.844857338321088
mp-863671,Pm2CuRu,83.241,31.005,86.91664830927861,29.977111461713037
mp-863672,ErMgCd2,54.634,25.799,58.83003076701581,23.625201130409145
mp-863673,LiPm2Rh,62.498,22.513,63.18938233195942,23.753483385936168
mp-863674,ErMgHg2,64.404,25.837,67.5115585591084,24.05179942631266
mp-863675,LiPm2Ru,65.347,24.444,65.19625237985687,26.350081792949975
mp-863676,Pm2CuSn,61.633,19.596,60.541891014014325,28.016624433371867
mp-863679,ErTaRu2,185.741,78.278,201.52791242271255,85.74529055170356
mp-863684,Pm2GeAu,71.259,22.807,73.4500915168053,25.674537697568503
mp-863685,Pm2GePd,73.852,21.327,74.20731812262,22.904340434148065
mp-863686,Pm2HgGe,64.276,21.386,61.88347419754212,30.374125277826668
mp-863690,Ti2MnCo,185.408,83.539,191.85375414072425,74.53397291389166
mp-863696,Pm2MgSi,54.978,23.108,51.55027302191774,34.93181146674488
mp-863697,LiPm2Si,55.755,30.263,52.77675905264116,30.375572515305404
mp-863698,Pm2MgAl,48.974,29.34,48.290900654760826,35.01752756168248
mp-863702,Er2MgIn,54.51,28.117,58.2697974873112,30.938790857748764
mp-863703,Pm2MgSn,50.105,19.158,50.063142076328035,32.993011035882624
mp-863704,Pm2MgTl,45.993,20.753,48.44601043242309,28.290121951128747
mp-863705,Pm2MgGa,48.403,26.907,47.45047746121022,33.45490633681868
mp-863707,KNa2Bi,16.554,10.679,20.069427827773435,9.31295941003573
mp-863710,KAcTe2,37.606,18.514,41.72069432933201,15.666820968459016
mp-863711,ErGaRh2,145.122,52.644,160.5938812347326,68.19774743883674
mp-863713,Pm2NiIr,97.769,34.119,103.236479868011,30.97693665384339
mp-863715,Pm2IrAu,95.226,26.464,98.63192454111044,28.38542959030753
mp-863716,Pm2IrPd,97.934,32.964,101.58026588206202,29.695413521454636
mp-863717,Pm2NiRu,89.451,28.709,94.75084886200978,28.257806430668836
mp-863724,InPd2Au,135.641,10.065,148.14756081035642,26.85096662965033
mp-863725,Pm2PdPt,89.689,26.998,90.5306372153855,25.15127432938344
mp-863727,LiTiRh2,154.975,60.474,168.09965537070036,62.755010864791075
mp-863732,Pm2PtRh,96.963,33.757,101.6398305259582,28.051091668587866
mp-863733,Pm2RuAu,91.146,28.354,91.40475295457102,30.375760196594292
mp-863735,ErRh2Pb,126.347,158.517,142.1943552288375,48.60900506621159
mp-863736,Ho2OsAu,113.765,42.631,122.36693075117634,46.26331626983095
mp-863738,ErCdPd2,101.867,28.245,111.40969993402322,33.289534222955986
mp-863739,ErCdRh2,125.414,51.651,139.42042243110137,44.15244207910302
mp-863740,Pm2IrRu,111.946,38.388,117.1084910610306,35.78001479102795
mp-863741,Pm2PdRu,92.259,28.348,93.9014131547076,28.35219358624107
mp-863743,Pm2SiAg,67.211,25.639,66.10842923482375,29.531451552525333
mp-863744,Ca2PdAu,51.164,22.324,54.79025538868363,23.171415492886112
mp-863759,CsK2Bi,10.835,6.6370000000000005,16.526776860529452,5.147673680754735
mp-863760,CsAcTe2,34.847,16.227,34.95828203027849,12.432686479457036
mp-864597,LiMgTl2,30.009,13.128,33.516229799684425,12.573340976062386
mp-864598,LiMg2Ag,44.769,22.76,46.59227285094782,21.426441272039288
mp-864599,TbSnAu2,88.449,16.179,97.70655686024833,21.24614622102209
mp-864601,LiMg2Rh,66.418,29.172,71.66334995395805,35.59509980824454
mp-864602,Nd2MgTl,44.88,19.556,45.59892392639223,25.78046878583078
mp-864607,ZrCdPd2,132.25,34.849,144.6504615409369,33.36586783370707
mp-864608,NpGaRh2,104.218,20.073,180.04775269816736,27.52368735688643
mp-864610,Nd2MgAl,46.7,27.158,48.29149548262773,31.725817633525043
mp-864611,Nd2IrRh,105.456,22.447,107.69288300124713,28.428776239288613
mp-864612,Nd2MgIn,46.386,22.87,46.06743307450446,27.189227070792143
mp-864614,LiMg2Pt,70.501,34.393,75.75830580290506,37.58222331164881
mp-864618,BaHg2Pb,31.615,8.736,34.67189491548158,12.930493666052891
mp-864620,CaSmCd2,42.683,22.585,45.157920653126766,22.8441878577939
mp-864622,Nd2IrPd,94.942,30.569,97.6963006757142,26.597305227921304
mp-864624,HoZnRh2,130.834,47.959,146.2359147993731,43.789992795789026
mp-864625,Ho2IrRh,124.915,34.581,134.13345548091078,48.36910430189263
mp-864626,HoThTc2,121.902,24.383,129.15290297847176,24.815097970728186
mp-864628,Pm2SnPd,67.466,14.374,69.86508538268669,20.77148026997064
mp-864629,Pm2TlCd,52.345,19.813,53.173702280711055,27.24838734199159
mp-864630,LiMg2Hg,42.537,22.643,44.62814468488296,19.21450322337449
mp-864631,LiNbRh2,175.191,56.338,189.96038625186924,69.3753644712545
mp-864633,Nd2SnHg,57.531,19.66,59.16706165741287,26.20910143561385
mp-864639,Ta2NbOs,240.518,104.993,264.56728040594686,123.87580127238944
mp-864640,Ta2NbIr,234.508,108.32,254.4030447832916,122.08068692054232
mp-864650,Ta2OsW,272.496,131.157,294.28508683108964,141.50283804148933
mp-864651,Ta2NbRu,221.392,92.928,250.5081266273209,111.55664009416694
mp-864654,Zn2NiRh,161.838,59.551,176.38391099652435,56.978921786072405
mp-864659,Nd2NiIr,106.997,31.941,101.81263292270958,28.58603411787179
mp-864661,ZnCuPd2,150.032,56.792,163.51343332007423,47.772812798740894
mp-864667,NdTlAu2,69.742,16.502,72.86120617813562,14.76959749717758
mp-864668,NdSnAu2,82.554,18.058,88.0898509925246,22.504104643720023
mp-864669,NbGeRu2,220.427,8.017,249.87797879413503,81.24494682884122
mp-864670,Ta2VOs,245.861,94.95,270.590437999209,124.3548286949039
mp-864671,HfAlRh2,187.174,270.528,205.08742702757385,80.15975010329379
mp-864672,NbSiTc2,245.129,86.818,271.74829325449656,98.12399764522944
mp-864674,Ho2AlZn,65.575,41.214,65.79035680719677,39.86668230906707
mp-864684,Hf2MoIr,189.709,80.044,210.890874904731,86.9773151955057
mp-864715,HfInCo2,206.086,107.967,168.79840152785695,79.66684245076783
mp-864732,Yb2CdGe,40.172,26.401,44.636087705886546,22.604897840032717
mp-864734,HfInPd2,141.693,35.064,160.16256750454613,37.361734892068746
mp-864741,Yb2TlPb,33.91,16.655,33.77885480736341,15.283153144069948
mp-864743,Yb2TlCd,33.659,19.632,34.50075246837072,19.246212539153664
mp-864744,HoMgRh2,113.756,50.305,127.67520760714488,47.87601182437218
mp-864747,HoMgTl2,47.359,10.455,52.48567738330549,17.566168208184973
mp-864748,Gd2MgIn,67.859,21.207,54.728581985394555,24.58676447396452
mp-864756,Yb2MgIn,30.524,17.477,32.323294349582994,16.505979261896318
mp-864761,Ta2MnOs,249.914,79.922,267.8404149823542,116.09387898316106
mp-864762,LiMg2Zn,40.259,26.795,42.969146340782785,22.17006468121746
mp-864763,LiYb2Rh,41.92,20.811,45.60333996833237,23.07064853809953
mp-864764,Ta2FeOs,247.114,83.08,264.54503865529074,104.50962798311043
mp-864769,LiYb2Tl,25.992,16.634,27.98168658422083,14.74660489818013
mp-864770,Ta2MoOs,265.254,131.074,288.7134908514313,130.42483710010805
mp-864771,LiYb2Pd,33.235,15.65,37.243092393418074,21.41901527687235
mp-864772,LiSc2Au,74.156,36.814,78.67908982354876,27.332198417165507
mp-864775,HoAgHg2,70.325,16.174,76.71289629032455,16.744551965803534
mp-864780,PaAlAu2,123.458,11.963,136.13782168340052,25.415054025678568
mp-864782,Ta2MoRu,246.749,118.496,264.79396402446235,114.0739595453815
mp-864783,Yb2SbAu,49.015,29.746,52.33308104080136,21.25040093941853
mp-864784,LiSnRh2,142.707,67.926,158.29479570468507,64.28791280654015
mp-864787,NpCdPt2,56.084,47.324,146.55036750311308,31.710930825361807
mp-864788,NbInRu2,210.794,96.619,235.23343873445307,99.33440389480204
mp-864789,Yb2SnHg,39.222,30.672,41.885851304443115,18.555314348195967
mp-864795,Ac2SnHg,45.028,15.851,45.50342536374657,22.282442493246126
mp-864796,EuCdHg2,37.559,11.896,37.99591911678566,11.949031738718771
mp-864798,HfZnIr2,211.726,86.11,232.5101504938987,93.50826226205702
mp-864799,HoLuMg2,43.429,22.812,47.81963035456575,26.523512978777237
mp-864800,Yb2PdAu,55.635,21.308,60.921468230005175,25.199651482921148
mp-864804,LiTbHg2,52.714,4.747,55.57712796754057,19.757942607178965
mp-864805,Nd2CuIr,86.254,26.005,87.63043767222818,27.836550552407363
mp-864807,HfZnNi2,150.532,43.706,154.83217176207515,50.200800127248414
mp-864835,Hf2CoIr,184.201,26.08,193.1969788891605,64.1203011770421
mp-864837,Nd2CuRu,81.88,29.061,84.04814678136937,29.085223179635815
mp-864839,Zn2PdRh,156.281,66.416,172.95773002283173,55.53364875589327
mp-864840,NbZnRu2,218.128,77.859,240.0664843098216,78.78066842557142
mp-864857,NbZnCo2,192.655,69.361,207.310328920035,79.8540904818356
mp-864877,Hf2CoRe,177.868,87.341,191.58236417721625,84.32369760655814
mp-864878,ZrAlAu2,135.096,19.536,144.23267578700688,15.82336976941517
mp-864883,MgSnPd2,112.134,33.55,123.96257852325022,36.38264601180666
mp-864884,DyCdHg2,63.398,20.259,68.99218356495982,17.86823511603278
mp-864890,Hf2FeIr,180.435,67.035,196.4418436976166,77.99687340142101
mp-864892,NdAgAu2,81.37,9.329,89.06242687700396,15.441871864119136
mp-864893,NdAgHg2,64.746,16.75,71.82178312770706,15.55673530493781
mp-864895,Be2NiRh,194.531,107.76,214.060087484084,107.3113645299311
mp-864896,Zr2CoTc,93.62,69.086,168.65782807808986,61.98716453658859
mp-864897,Zr2CuOs,162.384,48.901,172.22176185082213,56.11072208251923
mp-864898,Na2TlBi,22.587,16.745,26.61273983522584,6.576150155825154
mp-864902,MgTlRh2,131.037,56.136,145.22048985072828,51.98815540051159
mp-864903,MgTaRu2,198.121,91.46,215.88275356133963,79.15927110070601
mp-864904,HoCdAg2,73.061,16.491,79.86850703662391,20.20501325432624
mp-864907,MgZrPd2,121.633,41.79,132.8094899205062,40.44321333598943
mp-864908,MgTiIr2,191.279,107.865,218.8713022886267,112.45124131084556
mp-864909,HfAlRu2,195.913,81.051,219.5546655729635,87.21971167835632
mp-864910,MgZrRh2,149.687,63.086,165.14155672283962,68.13655559593312
mp-864916,Hf2TcRh,187.509,87.375,205.06604914608647,84.55482724902285
mp-864919,MgTiRh2,161.554,76.667,179.8901905469541,83.941634346959
mp-864920,MgZrAu2,114.52,36.177,124.49315936613635,32.143387338322235
mp-864921,MgZrIr2,178.265,83.49,198.0087307183331,89.2741346910151
mp-864922,MgZnAu2,94.828,25.037,105.9730745145442,19.82874466263952
mp-864924,NdMgHg2,58.214,23.305,61.98641865195224,21.85095303618603
mp-864925,NdMgZn2,56.12,32.136,62.57205739180665,30.51599990477375
mp-864926,HfPaTc2,171.303,46.246,176.67792688338713,28.087003946181397
mp-864927,Hf2ReOs,217.65,103.317,237.8756559684711,96.21922694325671
mp-864930,LiTiIr2,190.484,77.224,208.51809366146423,87.7575667736843
mp-864932,Mg2AgPt,84.193,30.478,99.64048594868412,38.265707373251786
mp-864933,Mg2AgRh,88.2,20.608,98.8760709431662,40.61065758085787
mp-864936,MnGeRu2,227.345,109.437,252.10187907760653,110.37384515791427
mp-864939,Hf2CuIr,160.206,49.295,179.58185121351062,45.83679698117919
mp-864940,Mg2PtRh,120.332,58.45,136.68592162953493,60.64944846542167
mp-864943,MnBe2Ir,193.511,108.004,198.8899749610433,89.0648844600852
mp-864944,MnBe2Pt,139.445,27.168,183.16443233924363,93.63019674597156
mp-864945,MnBe2Rh,171.181,98.352,185.06519395930127,83.08839005071867
mp-864946,MnCuPd2,143.606,48.766,155.2764020573299,42.731864602097794
mp-864949,MnGaRh2,188.351,86.0,203.9155942974736,83.76049126261543
mp-864950,MnAlIr2,228.585,102.886,250.87358056234748,115.82683590077148
mp-864953,MnV2Cr,231.986,93.042,248.88413941601547,90.36791933903056
mp-864955,Mn2CrCo,153.099,93.542,162.3071998616847,107.03225642399435
mp-864957,MnSbRu2,200.874,93.704,218.30672496940016,98.33280943292284
mp-864959,Dy2CuOs,103.481,44.291,108.22862714289384,45.930770828944354
mp-864961,Be2PdPt,194.226,42.134,222.7268181183383,95.0890400166434
mp-864962,CaAcZn2,38.641,23.217,39.39863536763556,22.385682694058968
mp-864966,MnSiRu2,247.412,124.181,276.0333073363848,132.32237395556126
mp-864968,MnInRh2,155.882,66.691,173.5687938790836,65.92700918240052
mp-864969,Mg2PdRh,106.207,58.013,119.13961280856928,53.20627396444598
mp-864970,MnSiTc2,252.159,102.98,272.5407762729221,106.2156004485254
mp-864971,MnSnRu2,176.935,80.201,219.88723067141223,93.99445904254564
mp-864972,Mg2PdAu,88.039,26.291,100.01021011945129,35.32487634262589
mp-864974,Hf2CuOs,175.345,56.988,184.453274974975,67.50837196820287
mp-864975,Mg2PdPt,106.503,6.267,121.48329755417296,49.31644501467596
mp-864976,Mg2AgIr,99.15,31.582,110.00083494744452,45.63414346248991
mp-864977,Dy2AgOs,101.086,41.391,106.45107802037398,42.702272423436
mp-864978,Mg2AgAu,73.054,33.934,81.74818736777236,27.5384928381661
mp-864980,MnAlRu2,218.933,130.613,240.8534085725607,107.9058782294818
mp-864981,Dy2AgIr,99.317,32.495,104.98248276843404,38.85233388325185
mp-864983,MnVRu2,228.444,98.864,242.7674560414864,110.4337128356926
mp-864985,MnZnIr2,226.37,78.633,245.1498473549558,95.9560032776331
mp-864987,MnZnRh2,168.969,55.119,190.2804773960638,70.77760979242694
mp-864988,Mn2AlCr,193.97,102.349,182.0985499655847,109.17041528173738
mp-864989,Mn2AlRe,255.756,128.084,258.3609460287933,130.41268871862889
mp-864990,Mn2AlW,237.182,126.511,258.08713542797426,133.85028865708344
mp-864991,Ca2AgPb,37.203,5.626,37.602802136072334,15.8980655577456
mp-864992,MnNbRu2,218.17,89.826,226.9883018757096,94.52801569523564
mp-864997,LiSiPd2,139.601,50.183,155.84160795390127,61.369438819919395
mp-865000,HfScIr2,182.895,90.315,197.90111853143145,62.21971375936321
mp-865001,HfScOs2,197.703,93.516,220.38993974638188,86.84821088404556
mp-865002,CaYRh2,89.209,34.602,96.66922209168824,35.8438986434591
mp-865003,Be2IrPd,214.003,111.931,241.8644004191408,99.25115683939828
mp-865006,Dy2MgAl,55.262,35.437,56.67267152005941,37.75978727606952
mp-865007,Dy2MgIn,52.775,27.596,55.190812035789314,31.237519337377144
mp-865010,HfGaRu2,197.202,78.797,221.59801411411712,81.8259961096774
mp-865011,Mn2NbAl,195.796,100.021,182.69766513000292,93.99659669962342
mp-865015,MnSiRh2,208.501,21.435,225.71930128202453,82.86130348691741
mp-865019,HfGaRh2,183.393,118.314,203.33464514518693,70.64403429578074
mp-865020,HfMgIr2,187.046,99.508,207.88342572988876,99.76443232550382
mp-865021,Be2RuPt,219.105,107.454,245.73390336621145,98.77759523706078
mp-865023,HfTc2Sb,201.069,95.257,221.87564301501016,85.78143019785475
mp-865025,HfTaRe2,244.954,109.351,270.13361485834605,114.48711739659316
mp-865026,Mn2VSi,242.884,131.761,276.2513405989494,135.53668640700812
mp-865028,AcTlTe2,41.684,19.533,46.55538231735948,16.391492671825567
mp-865029,LiPaRu2,146.833,9.708,159.3441100005482,24.48741693065549
mp-865030,HfScRu2,172.957,80.426,187.755678982018,71.51264532417697
mp-865032,Mn2PtRh,174.551,77.815,184.42787417723156,62.90329563800676
mp-865038,HfTaTc2,222.224,99.455,244.57762082586433,96.35718625318238
mp-865039,HfTc2Sn,187.383,73.235,204.1079784890924,54.728340988828265
mp-865043,MgInPd2,109.21,28.094,120.94422704945691,39.1965703402476
mp-865044,MgInIr2,165.085,79.164,185.69649202962296,69.93995553623311
mp-865048,TiZnIr2,226.509,104.561,252.8817657536061,112.12601299809349
mp-865049,HfMgPd2,128.55,39.982,139.92922739237193,44.46694503173152
mp-865050,HfMgRh2,154.665,68.281,174.03180710804412,77.34641428048602
mp-865051,NaCa2Tl,22.925,14.702,25.412731618443463,13.235594771886964
mp-865066,HfInRh2,172.181,244.174,188.94592493806405,66.57726325183148
mp-865067,Li2EuGe,34.651,23.508,36.72094156796055,24.688349355581735
mp-865076,NaCd2Pt,69.41,22.098,78.18957583949143,24.074372729091746
mp-865079,TiZnPd2,150.486,29.824,163.18518677688826,35.42862366514733
mp-865081,NaAcTe2,40.126,10.792,43.08517075642552,16.08420261538721
mp-865082,NaCaAu2,41.303,20.408,43.976610175155606,14.244473035748376
mp-865090,NaAcTl2,31.125,12.636,32.10483360250008,13.356354241718954
mp-865091,HfMnRh2,175.043,62.602,183.8649261575933,67.52290018697327
mp-865092,MgGaNi2,116.982,40.522,138.36331915939255,54.139133969143394
mp-865093,TiZnNi2,160.513,55.791,183.410791742582,58.41097908395123
mp-865094,HfNbTc2,218.707,90.767,235.8205097341832,89.67476312193104
mp-865096,NaHoTl2,38.106,23.742,40.434508179965114,16.75719684510603
mp-865097,NaHgPd2,80.025,24.87,90.75379859672508,20.431543434398947
mp-865098,NaLaAu2,55.109,16.143,59.20322615338573,18.732070312345332
mp-865100,NaInHg2,25.727,9.66,27.208394327737256,7.156421095968383
mp-865107,NaMgPb2,15.404,7.06,36.222533736370806,10.65609267870656
mp-865108,NaSmHg2,43.362,14.613,46.336969730882096,18.26740407867403
mp-865109,NaSmTl2,36.766,19.687,39.94550586868119,15.96585148248612
mp-865110,NaMgTl2,24.965,13.0,28.754369442800133,11.126856173811774
mp-865111,NaSmAu2,59.904,18.192,66.41089096742331,21.95334099680751
mp-865112,NaPrTl2,35.668,17.268,38.35767430542596,15.045529322628168
mp-865113,NaNdAu2,57.865,17.696,63.44842194802735,20.939786343989095
mp-865115,NaNdHg2,42.221,14.872,45.436404523071,17.552895449180784
mp-865116,LiSmTl2,41.722,15.962,47.302257424227435,18.77082069401294
mp-865117,NaErTl2,37.926,23.846,41.042553445084856,16.918637894283187
mp-865118,NaPrAu2,56.68,17.065,61.71099173207752,20.25775896514256
mp-865119,NaPrHg2,41.671,14.842,44.56414585271437,17.105823139830715
mp-865123,MgGaPd2,120.303,31.091,131.7559000909746,42.598733694232294
mp-865125,MgGaRh2,155.284,80.766,174.79775265491637,75.21959081516215
mp-865127,NaTl2Cd,23.718,7.617,25.93272304707326,6.7268263895216815
mp-865130,Hf2MoRh,173.159,75.907,187.365124126888,81.2953761505089
mp-865131,Hf2OsRh,201.65,55.152,214.95997955675972,77.65497481508791
mp-865138,Hf2MnIr,192.899,88.412,199.7790682615697,84.57286007681947
mp-865145,NaTl2Bi,27.25,8.941,28.020755111234923,6.368053605751186
mp-865147,Be2CuRu,182.617,96.573,201.3332584861911,71.9903231204392
mp-865148,PaAlTc2,181.984,42.333,202.13505201511475,44.58520690467955
mp-865149,PaAlRu2,178.546,15.527,196.77187202233833,44.447361801044856
mp-865150,MgCdAu2,86.378,21.743,94.95397608893072,15.378585612592406
mp-865151,YbNdRh2,87.977,27.617,95.03605290403928,29.660481720445016
mp-865152,MgAlPd2,124.171,40.012,137.1207207214929,53.071569949911634
mp-865155,MgAlRh2,155.745,85.611,175.20322393017534,82.27056484274297
mp-865156,Dy2ZnGa,65.862,39.796,65.22722252967057,36.77507274045309
mp-865158,YbNdHg2,49.525,23.048,51.28411994906438,21.822982130809507
mp-865159,Dy2AlZn,63.933,39.898,63.992699302618895,39.52000912876399
mp-865160,MgGeIr2,184.958,79.79,210.1733599070629,89.08698441357512
mp-865162,MgGeRh2,162.451,58.759,182.83536468246828,79.26813419672152
mp-865163,HfBeRh2,189.784,67.567,209.87485126051277,90.15690711215616
mp-865165,HfScCo2,138.178,69.939,135.96180969569176,58.20333314611623
mp-865167,Ca2CdPb,32.385,21.831,34.93118179808143,15.706215993428298
mp-865172,YbTaRu2,171.591,73.821,188.33955231173877,66.46934968662399
mp-865174,HfCdRh2,169.501,60.425,188.14698565044367,73.28396653522807
mp-865178,Hf2IrRh,191.166,11.426,207.3642818792849,53.151897013217486
mp-865179,Hf2FeOs,201.248,95.692,211.67470290476683,89.1311467112665
mp-865183,MgGaAg2,68.65,15.528,79.82521419592624,14.861473104416406
mp-865186,MgGaIr2,187.256,96.083,212.5242824050009,86.11767118996922
mp-865187,MgFeRh2,154.144,73.504,174.82927720738775,73.94333807956397
mp-865191,FeGeRu2,223.605,101.794,241.71743464934056,91.73946046873832
mp-865195,TmGaRh2,147.294,55.923,163.53701069247856,70.10701234436557
mp-865202,TmCdPt2,123.512,20.588,134.73906988314442,34.54266551997922
mp-865206,TmCdRh2,127.101,52.847,140.64451842151772,45.189465377585485
mp-865209,TmHfOs2,182.794,86.548,203.81294291249017,80.51566439730743
mp-865210,TmLuMg2,45.134,23.143,47.702911769969205,25.871302022126397
mp-865211,TmInRh2,134.846,40.486,151.22416514903517,63.71159162585799
mp-865215,TmHfRu2,161.823,73.726,174.47871277765609,65.15400869112844
mp-865216,Dy2PdRu,104.247,37.091,111.4634714303002,39.8323977391985
mp-865219,Dy2IrRu,125.9,53.425,134.63624000211252,49.21724184893072
mp-865224,Th2BiTe,80.336,50.256,91.01771991271102,37.61650699286162
mp-865228,LiScPt2,116.125,61.788,130.55567944323457,45.57880575160856
mp-865229,Be2NiIr,231.437,114.747,238.57665078372804,116.11473322459996
mp-865230,TmMgRh2,116.23,52.742,130.16650937616075,51.02701767215434
mp-865231,LiScTl2,44.718,22.125,53.21559605466579,20.79309853844078
mp-865232,TlPd2Au,124.074,6.664,132.4119042603092,22.186692944419
mp-865234,TaZnRu2,226.089,85.139,247.430267465156,83.47666273380948
mp-865235,Ti6Al16Ni7,128.39,89.296,140.19402757221934,83.54072561344928
mp-865237,Tm2ZnIr,100.748,38.748,107.9964989446859,44.79163386467625
mp-865240,Lu2MgIn,55.4,32.495,60.41116615899648,30.608663028946697
mp-865241,TmNbOs2,205.913,90.483,225.2205737973399,101.38480029579806
mp-865248,TmNbRu2,179.898,73.733,193.21263302935628,82.190712258718
mp-865249,TmSnRu2,153.366,68.88,171.88867191362843,69.0963731542584
mp-865250,TmTc2W,202.895,78.138,223.1963289423905,88.05556833299131
mp-865252,TmSnRh2,141.544,187.815,157.24493347018466,59.7462819947719
mp-865254,TbYbHg2,52.205,26.236,55.680941351704455,24.254754962196504
mp-865255,LuNbRu2,182.535,79.038,198.5435302985402,86.3193457162296
mp-865257,DyZnRh2,129.806,45.355,144.13950392479586,42.193660863121
mp-865262,TmTaRu2,188.12,80.951,204.68302418540708,88.01685349450392
mp-865273,TmUTc2,108.871,80.134,153.69546656609202,20.52663768019682
mp-865278,NbAlOs2,260.723,129.33,292.2678342102869,124.35100204705894
mp-865280,NbAlFe2,209.082,126.798,230.3994289942833,120.8076697587389
mp-865281,Tm2AgPt,96.269,34.96,102.27047999187104,37.10818580729106
mp-865282,Tm2AgRu,96.69,38.929,103.42708927171068,43.453894205229275
mp-865284,Tm2CdOs,101.396,37.595,112.42591908147634,49.12263605007857
mp-865297,Ho2InAg,65.284,29.025,67.6894027140856,25.074463634977803
mp-865298,TmZnPd2,108.889,15.796,116.47335063678813,31.723125047423085
mp-865299,TmZnRh2,135.447,52.839,149.43454081415334,46.29610926433613
mp-865308,Be2CuRh,171.518,52.236,200.09595802712255,78.0242696564397
mp-865320,Lu2PdRu,115.779,46.14,124.47527882025923,49.17883893197456
mp-865321,Lu2IrRu,137.722,66.037,152.36600360304337,58.66020457445816
mp-865325,Lu2CoRu,118.848,56.419,123.99264570242389,51.43351062155412
mp-865329,Lu2MgTc,79.162,27.045,86.20391180275948,40.915267983444785
mp-865338,Tm2ZnPt,93.112,39.448,100.2144035542554,36.58929389714497
mp-865340,Tm2HgOs,106.578,35.412,118.2919051591084,47.00620465910096
mp-865356,Tm2MgAl,58.554,38.344,59.352590679031856,37.91153361740468
mp-865360,Tm2MgIr,87.72,26.832,94.35228679827004,43.29815331914342
mp-865361,Tm2MgOs,89.938,29.624,96.23282972780662,46.020274442725295
mp-865364,DyTaRu2,181.822,68.958,197.0228855682503,80.61291922217174
mp-865378,LuSnRh2,142.714,236.351,162.97043012735114,61.77440044174289
mp-865379,LuSnRu2,156.439,71.105,177.06247592149168,70.231729753224
mp-865406,Lu2ZnAu,80.916,38.614,89.22794765234421,32.544174587560704
mp-865421,UGaTc2,191.62,23.041,207.111138884555,44.99596163136354
mp-865426,YbNdAg2,50.84,19.85,51.897078809200515,22.936692555801724
mp-865432,Y2NiIr,106.626,42.924,116.0268189134829,43.468840331153366
mp-865433,Y2MgRu,74.058,20.648,78.2252610081671,36.89261852372034
mp-865434,LuZrRu2,156.979,72.197,168.70045361165418,60.439571329913186
mp-865441,TiAlPd2,158.18,28.706,171.54214799007983,38.616238785570545
mp-865442,TiAlOs2,244.229,113.141,270.3797638175042,98.69599691853298
mp-865443,LuRh2Pb,129.632,168.188,147.50440983969628,50.91645519552421
mp-865444,LiSc2Pt,89.908,37.52,94.30595841220446,40.860626537870175
mp-865446,Lu2AgHg,73.413,29.755,77.83484454173421,27.567950442882
mp-865448,TiGaRu2,212.674,87.343,234.25611296903503,82.31986287279116
mp-865449,Tm2MgTc,77.305,27.589,82.4776039031119,39.60806540238302
mp-865459,Lu2AgRu,98.781,39.928,108.42774750713944,46.9817986813668
mp-865462,MnV2Os,265.263,115.151,275.978520971684,109.645149936338
mp-865465,VCo2Ge,197.789,81.715,220.15615030048423,56.61950476220747
mp-865467,Pm2SnAu,65.878,19.943,68.49264757638161,23.26124034169392
mp-865468,Pm2SiPd,75.342,23.479,73.74144408262887,23.98222120872969
mp-865469,Ti2MnRu,193.143,78.85,206.48216057397673,80.23998868696157
mp-865470,Ac2CuSn,46.296,13.564,46.151963402256506,21.817491329571624
mp-865471,VGaTc2,229.778,78.962,249.5172669517023,61.38231512078449
mp-865472,VSiTc2,258.765,107.994,286.67886673498464,104.03092002490791
mp-865482,VTc2Ge,243.003,96.105,269.8077872570296,92.25664922642784
mp-865484,V2CrRe,253.319,112.266,278.05349271762776,123.14943648739744
mp-865485,V2CrOs,261.007,118.265,286.7470132292429,123.805178757856
mp-865486,VZnRu2,225.829,79.087,245.76515124730503,89.64505657140934
mp-865487,VZnRh2,203.686,18.666,219.52211200587237,87.19994052016497
mp-865490,V2CrFe,231.816,102.939,249.72573994711743,103.2357935627507
mp-865494,V2CrRu,241.192,103.536,262.8916555447158,110.77809528670514
mp-865495,V2CrTc,238.066,95.291,263.6495499609786,113.09111464429516
mp-865497,V2ReOs,289.662,136.853,315.5174202952626,132.9130090626675
mp-865499,V2TcOs,275.44,129.105,298.1132992827712,118.9790679697716
mp-865501,V2TcRu,254.239,109.902,273.18521205481323,109.68238994338192
mp-865502,YAgHg2,69.569,17.156,74.97635277954905,16.595946010716375
mp-865503,YCdAg2,71.324,15.786,78.21366136139648,19.45547314959233
mp-865504,YAlAg2,82.71,23.742,91.63063755294192,26.061578058330163
mp-865505,Lu2InAg,69.509,32.13,73.49284757128261,25.542717468332633
mp-865506,VSiOs2,286.547,125.357,322.4307629340846,133.8844064467614
mp-865507,VSiRu2,250.046,119.671,281.6742926597884,123.59548759770426
mp-865512,YMgCd2,53.873,26.509,58.38986534963476,23.19182651150817
mp-865515,YMgZn2,59.874,36.417,64.91518858245085,31.19371700388898
mp-865517,YZnRh2,126.817,44.737,139.6205599949645,41.59437507769114
mp-865519,YTaRu2,179.127,69.742,194.08720261157063,80.23571033022515
mp-865520,YCdPd2,97.382,27.819,106.89998704184876,31.227630803837684
mp-865522,YCdAu2,87.395,21.097,94.88935548758349,20.860973821299268
mp-865523,TiMnRh2,183.807,75.228,190.8942328391908,68.38873977432533
mp-865524,YCdPt2,116.26,20.954,128.26235707309226,31.51497228486417
mp-865525,YCdHg2,76.015,19.287,68.17515964515384,18.225901364998784
mp-865529,Ti2NiIr,190.543,7.109,207.64231301882484,49.29684825639953
mp-865530,YThRu2,124.42,30.249,127.7387603051454,29.4509796489502
mp-865531,TiMn2Al,159.093,83.1,169.2352545163724,76.65776402496896
mp-865533,Ti2ReOs,240.23,110.684,267.5703586794618,105.05493647151548
mp-865536,YbZrRh2,127.688,30.229,136.60729849299776,47.89881994766195
mp-865537,TiMnCo2,168.613,77.429,179.75535456087135,79.4576312765073
mp-865538,Ti2RePd,193.113,72.804,206.93881512640957,81.11799220149102
mp-865545,Pm2SiAu,74.428,22.913,73.59975735053503,27.47066726461069
mp-865546,Yb2AgBi,38.939,24.271,42.00480416254624,18.165025301321712
mp-865547,Pm2CuSi,68.269,27.721,68.69538840623434,32.98229478764448
mp-865554,Mn2VGe,224.329,110.157,242.59144315316232,111.95341554657514
mp-865560,Y2AlZn,62.953,40.862,65.92034426005948,40.57673110925528
mp-865561,Y2AgRu,90.313,35.774,96.23934909849862,39.44206027608419
mp-865563,LuZnPd2,111.102,18.066,119.8800399908272,32.865433457101986
mp-865566,LuZnRh2,138.683,56.941,153.2225036529119,47.72384659303227
mp-865569,Ti2MnIr,212.034,97.188,230.17831292646352,97.04849497041587
mp-865577,Li2CdAu,44.869,12.122,51.64749309917546,22.518531217604288
mp-865578,LiNd2Ga,43.608,24.558,44.42786571229789,24.805166071024587
mp-865582,Li2CdPd,50.434,7.951,55.59542622275837,23.08150054467068
mp-865585,VGeRu2,236.881,105.622,260.6510357608674,104.27002797517316
mp-865586,VGaRu2,236.904,112.122,260.746528230594,114.6135456684605
mp-865587,Y2CuRh,88.993,33.634,91.57341460332752,34.11508947487881
mp-865588,Y2CuRu,92.142,40.684,97.54682165616109,41.57869348588909
mp-865591,Ti2NiMo,170.681,76.912,189.69160034907688,75.95534738297417
mp-865592,Y2ZnRu,87.008,30.47,93.04115054173587,39.768923756535784
mp-865594,Y2CuIr,99.876,37.98,101.18326116848594,41.583959232723
mp-865597,NdPbAu2,75.68,19.233,83.15216170047727,21.60457271402746
mp-865600,Y2IrPd,109.327,42.364,115.64745860541504,42.29862285720322
mp-865602,Y2MgAl,54.789,36.348,57.70449132247529,37.41282488294009
mp-865603,Y2IrRh,119.564,33.326,126.45150988173282,47.05010887236479
mp-865607,LuGaPd2,115.558,18.845,126.18422124767368,32.8250922593332
mp-865609,LuGaRh2,149.694,60.379,167.61852349519273,73.57768510002819
mp-865615,GaSiRu2,228.828,88.656,259.6070731677874,113.7736598543492
mp-865630,Yb2AgGe,46.404,1.24,48.1078785515367,22.61682294621926
mp-865640,TiGeRu2,228.106,116.587,254.9533702874566,132.7389779065568
mp-865641,Y2NiRu,104.846,40.076,107.8497708517208,40.66326524205559
mp-865648,Yb2CdPb,33.75,22.062,36.85097669126916,18.17133186123939
mp-865649,Ti2TcRh,203.459,95.495,225.17861731928147,91.73650291865806
mp-865650,Ti2TcRu,208.121,94.372,231.16574138785103,86.46274094689521
mp-865652,TiMn2Si,207.779,105.768,231.69394821732956,114.65792857255646
mp-865653,TiNbRe2,250.96,111.453,277.16496854886907,112.90861050423534
mp-865655,TiNbTc2,223.438,94.868,245.40172810874768,95.53513418249854
mp-865656,TiMn2W,243.092,113.185,267.77787185458163,105.96417806840896
mp-865659,Y2ZnIr,93.884,35.758,100.70209284143183,40.85222195664624
mp-865660,Yb2AgPt,56.533,22.834,62.62036338051623,26.13709313064051
mp-865661,YbMgCd2,38.38,17.587,40.38722786798774,18.916717684915582
mp-865663,YbLuRh2,100.492,38.627,113.74353327684238,41.64754797689131
mp-865664,TiRe2W,287.241,142.198,317.21672849275086,146.2667636758975
mp-865665,TiReTc2,271.275,125.232,293.5152094969376,111.96491582076337
mp-865666,Li2TlAg,32.933,17.026,38.615331941434256,13.674453885496634
mp-865669,TiSiTc2,228.921,85.424,257.1920238068228,77.05955638004168
mp-865671,Y2ZnIn,59.596,33.082,62.66214459441189,34.119069565299725
mp-865678,TiMn2V,195.509,76.292,216.01884860943045,74.16655539325124
mp-865679,TiSnPd2,146.595,3.057,159.97122525510176,23.512800350393388
mp-865680,TiSiOs2,283.881,134.466,312.54443394352995,161.04266652250772
mp-865681,TiSiRu2,244.997,129.794,275.1442864092556,150.65980151853867
mp-865696,HoGaRh2,143.634,49.846,159.06006382487502,65.74972683960631
mp-865708,LiSm2Ru,66.47,25.565,68.65117863418283,30.04726788158888
mp-865712,Ti2MnNi,173.551,66.646,201.6419344666751,77.10691374684644
mp-865713,Li2TlBi,30.009,22.827,32.779298072245375,12.24015053796936
mp-865714,Li2HgAu,40.536,7.09,48.55891548533359,21.641801515072235
mp-865717,Ti2ReIr,234.973,118.676,257.1642663738227,118.83322662875128
mp-865728,Ti2ReNi,194.083,80.092,201.50586071728995,87.02514891433889
mp-865730,TiZnAu2,133.602,28.603,142.96283532412548,11.096424825143938
mp-865731,Li2HgPd,52.245,13.98,58.85288451256995,25.627469034996377
mp-865735,Li2YbGe,38.24,30.808,40.119513365356305,29.816257398635297
mp-865737,Li2InSn,35.36,14.569,37.86130062143148,13.41851539153032
mp-865738,LiPrHg2,47.688,9.986,48.7842692049935,16.691000720055722
mp-865739,YbCdAg2,53.798,15.429,59.33848731927158,16.835714454597674
mp-865742,YbCdHg2,41.342,11.442,43.16597579386066,13.640835525780169
mp-865743,Ga2IrRh,198.415,48.354,220.7606685600679,73.50536142317686
mp-865752,YbGa2Ir,119.704,390.759,121.20467646109408,56.66092683485597
mp-865753,YbErPd2,79.277,27.507,82.07613371547603,31.374518089284685
mp-865756,YbGaPd2,94.214,9.818,103.61203575727716,30.182148394531165
mp-865757,YbGaRh2,130.602,55.665,142.42977821283864,54.174133278204344
mp-865759,YbHfRh2,134.565,38.75,145.43075140925393,54.34459885715582
mp-865768,Ti2MnOs,210.074,88.015,224.5984441400171,93.16367390356584
mp-865779,Ga2CoRu,188.326,88.172,214.6514910262785,83.2053938847996
mp-865780,TiMn2Ga,160.207,76.368,173.21798107007234,66.98290295044796
mp-865785,YbHfIr2,159.762,176.796,171.42611877955858,70.34894364304692
mp-865789,YbInAg2,55.757,21.769,61.564107766328235,19.32994934427247
mp-865790,YbInHg2,40.699,8.103,42.78672317152114,14.24556967170304
mp-865791,CrSiRu2,253.029,138.001,278.6869424892027,135.61629480816046
mp-865792,BeSiNi2,196.801,75.961,224.9287645009498,76.38899053044673
mp-865793,LiSc2Rh,85.14,30.034,89.29911978434401,35.38564563273391
mp-865795,LiSc2Ru,87.654,34.245,90.78954639000082,40.01440796658838
mp-865796,LuCdRh2,128.593,53.675,145.66234051655223,46.164910958860666
mp-865797,LuCo2Sn,127.341,69.17,138.29018203440765,71.08789227706461
mp-865799,Yb2AsAu,55.734,36.046,58.20294478472997,23.679108054279645
mp-865800,Yb2BiAu,45.488,26.674,50.1671206845799,18.21611954967663
mp-865803,Ti2MoPt,194.966,87.695,212.92717049442217,94.91273136634544
mp-865805,TaZnCo2,201.21,81.324,217.4053920008049,87.89638439384028
mp-865806,LuGaCu2,94.234,31.195,108.7773143405562,40.07634319778035
mp-865807,Ti2MoIr,208.29,83.939,226.9689406974645,97.76693863711266
mp-865809,TiTc2Sb,210.128,97.116,231.31051741544408,96.13820840591598
mp-865810,TiTc2W,257.893,119.069,285.2581647427021,129.4540221961761
mp-865811,LaYbAg2,46.367,16.211,49.694170857936015,21.068446882401933
mp-865812,LiSmHg2,50.518,10.941,52.62638548657526,17.92580783651472
mp-865813,YbMgTl2,35.189,17.094,39.147441126903075,17.892657548956183
mp-865814,YbMgHg2,42.899,18.79,45.42380746542291,19.680698916207717
mp-865815,YbPd2Au,104.932,24.769,114.59258089167156,18.94537948790073
mp-865840,Ti2TcIr,223.944,110.73,248.62546553409763,109.09363261286856
mp-865841,YbPaPt2,118.801,28.281,123.70070188499348,26.587326201460808
mp-865842,Ti2OsRu,231.602,119.766,255.6356090837793,116.94004991706127
mp-865845,Yb2CuIr,69.855,33.64,73.69931859230469,33.22592046066919
mp-865846,LuHfRu2,163.884,74.76,177.50288547950646,67.04925357196157
mp-865847,Lu2CuPt,101.128,42.41,108.43823527560764,40.83230448756019
mp-865854,Yb2CuRh,54.848,25.194,64.76530170817621,25.91726386729469
mp-865855,Ac2SiPd,57.83,17.435,60.597945209250675,21.00290662078131
mp-865857,YbNbRu2,163.841,66.692,179.0746558426003,61.46903967172388
mp-865859,LaYbCd2,40.401,20.338,41.28979618923603,20.058652432447605
mp-865863,Li2TlPd,48.609,13.18,55.41505406258735,18.64217244841972
mp-865866,LiZrPt2,139.016,27.199,150.11923574569633,35.54456916054481
mp-865867,Li2YTl,41.319,32.362,47.09318864732981,23.81927387140296
mp-865868,LiZrRh2,137.351,45.895,149.3920762396109,51.65074257702482
mp-865869,Be2CuPt,173.915,70.542,196.88608437731057,77.05242942464317
mp-865870,LiZr2Os,134.753,47.3,138.84246299483272,52.16480090449215
mp-865871,Li2ZnAu,46.741,4.542,56.2723159657841,21.25133521970332
mp-865872,LiZr2Re,126.874,37.587,125.51964831450104,47.181095946007545
mp-865874,Li2AgHg,37.398,9.484,43.262698953812325,19.911930592172936
mp-865876,Ti2TcOs,225.088,99.119,253.15465796609084,97.2699008613224
mp-865877,Ti2RePt,212.512,77.792,229.0798018573577,92.986994720107
mp-865878,Ti2TcNi,168.312,73.802,188.15137668491107,72.61782185857612
mp-865879,Li2AgAu,49.503,17.539,54.81951173276665,25.45847030079079
mp-865884,LuInRh2,138.075,43.403,155.54257213736693,66.1391867339926
mp-865888,TiSnRu2,205.955,106.326,227.83340122585432,114.44942624431224
mp-865893,LiZr2Tc,117.351,26.476,119.04560584554814,48.14632471257851
mp-865894,YbPmAu2,68.459,25.776,71.78477690819794,26.022041076803973
mp-865895,GaGeRu2,203.806,74.202,227.75638344110675,91.48683521774996
mp-865896,YbPmAg2,51.003,21.554,53.73659040430884,23.70366744802375
mp-865897,Li2AcIn,35.03,19.316,38.68108463366815,19.36715438192769
mp-865898,TiZnCo2,180.042,89.75,191.8798413720499,84.17267957176072
mp-865901,BeCo2Si,226.523,132.598,250.12541574342671,134.44580742463967
mp-865903,YbPmPt2,91.912,34.918,95.08475657495258,32.8555709688295
mp-865904,BeSiIr2,268.28,105.257,302.18062628582453,130.58353088709976
mp-865908,Yb2HgPb,37.023,28.619,39.27519038557505,17.767174336645184
mp-865909,Yb2HgGe,44.342,32.244,46.34442902706204,22.21938416550429
mp-865912,LiZn2Rh,102.513,37.415,112.32352730783604,32.874850929726065
mp-865914,TiVTc2,226.153,95.113,250.1613692654812,93.28746595726072
mp-865916,TiVRe2,257.696,111.69,286.0848836096971,117.03098051754996
mp-865918,Yb2CdSn,36.108,25.303,39.9048671566327,18.676978747235996
mp-865919,MgAlAg2,80.359,21.024,86.61634209256228,22.90582005392185
mp-865920,YbPmZn2,45.614,29.381,47.84241114401512,26.975679978924184
mp-865921,MgAlIr2,188.646,106.717,210.38289497773633,100.49439990610614
mp-865924,LiZrAu2,103.353,5.343,110.54917447786502,28.18550598470474
mp-865925,LiZrIr2,164.912,53.838,178.35022193768523,70.62157615790747
mp-865926,Cd2PdRh,123.024,48.221,135.91283793633272,40.59194140415
mp-865928,Ti2TcPt,201.234,72.828,220.2726516857512,86.502264498365
mp-865929,Cd2PtRh,136.955,44.683,150.53097223748827,36.60858983807496
mp-865930,TiZnCu2,130.031,52.34,142.5592262569125,43.38647144345727
mp-865931,Ti2TcPd,182.368,65.713,197.95133616033235,74.83273549812246
mp-865932,Li2CePb,46.894,33.556,43.24604046211973,27.42009383887281
mp-865933,LiSiIr2,230.966,127.917,260.72220275364003,121.5220501941724
mp-865935,Li2MgSn,34.883,21.546,42.108165531576304,21.066523653614144
mp-865936,LiSc2Tc,82.734,32.676,85.94854865418888,39.957229168491274
mp-865940,LiThAu2,83.821,9.884,87.85392844207587,20.993092166900567
mp-865944,ThSnRu2,152.686,51.878,166.91938294073964,54.700601469629945
mp-865947,YbPrAg2,54.172,18.108,51.13206150537813,22.45948146181582
mp-865948,Ti2ReRh,213.72,102.659,236.1703541398036,103.8946489323581
mp-865951,Ac2IrAu,75.286,17.573,79.34444275635063,21.585205497406143
mp-865952,AcTlAu2,59.76,10.319,64.58584520780924,16.492894757855307
mp-865957,AcSnAu2,70.36,14.645,76.66488339750349,21.649216547311493
mp-865963,LiGaAg2,66.916,27.563,74.81993572630168,23.883119171814513
mp-865964,Li2CaSn,34.099,27.664,38.128963519688675,26.232541123769824
mp-865965,Li2CaSi,40.875,29.73,48.35692125000372,34.46696334834531
mp-865966,BeAlIr2,237.931,124.518,265.88449135590656,123.14912420984815
mp-865968,CeAlAg2,68.397,13.835,83.83772744268681,21.73989172032224
mp-865969,LuReTc2,218.979,90.915,242.849258728233,98.8904376486666
mp-865974,TmNi2Sn,117.1,32.569,131.9641638077956,53.02024846669421
mp-865978,YbPrHg2,48.488,21.802,50.17238501984236,21.378848890565735
mp-865979,AcMgCd2,43.051,14.378,47.05122374516312,16.659241832731894
mp-865982,TmCdPd2,102.769,28.97,112.96135253726152,33.855071961081926
mp-865983,TmCdHg2,64.458,20.768,68.49356411037711,17.313955845475938
mp-865984,BaTlHg2,26.909,8.57,29.33180011967368,9.920622244871264
mp-865986,Li2CaGe,37.315,26.755,40.188885490076814,29.931069045089423
mp-865987,Li2AgPd,56.116,10.22,64.94537274567892,30.491845938122616
mp-865989,Al2IrRu,218.535,127.182,241.9925868580358,113.593127298778
mp-865991,YbSmZn2,45.837,29.126,48.24015092857435,27.426401118090197
mp-865992,YbSnRh2,126.934,36.271,143.17691624241394,62.7956241129298
mp-865993,YbSmRh2,90.68,29.843,98.87292651997744,31.518163433593735
mp-865994,YbScRh2,108.619,40.561,121.96590084319324,43.83610483147345
mp-865995,YbSnAu2,70.05,15.34,71.81691467329449,19.19857597119732
mp-865996,YbSbPd2,91.016,23.938,102.3901505958807,29.920033656212492
mp-865997,YbPrZn2,43.874,28.411,46.3281248783901,25.41593472621326
mp-865998,HfGaIr2,212.925,67.428,228.9000956002561,63.28933848381983
mp-865999,YbTlPd2,82.283,15.978,90.30301120770189,24.670119174117897
mp-866000,CaLaCd2,40.129,20.861,41.22980803443452,20.28394618589144
mp-866001,AlVRu2,236.108,125.212,258.6572114214308,122.1429157422848
mp-866002,YbTl2Cd,34.091,11.787,37.97477483246864,11.684305774714826
mp-866004,Er2InAg,65.736,30.299,69.67140037929018,25.643536202805844
mp-866005,Dy2TlCd,57.964,25.723,59.015499707163045,28.45743999233298
mp-866007,DyMgTl2,47.333,10.569,52.795648771376726,17.560671230299576
mp-866008,Dy2TlAg,61.975,25.22,68.14016652616276,25.0122880621434
mp-866012,Hf2ZnRe,160.36,60.682,172.36534790478956,71.54859501390177
mp-866014,CaSmHg2,49.261,25.27,52.31518327580984,22.73573297319284
mp-866015,CaPrZn2,43.686,26.267,45.065549453512325,25.73297032792344
mp-866018,Ac2ZnGe,47.092,21.003,46.47241508837828,25.477851622842937
mp-866020,YbSmHg2,50.682,25.265,53.366152063909595,22.535210680257663
mp-866024,Be2RhAu,183.765,27.888,212.21346489586156,78.30564772914168
mp-866026,ErNbOs2,202.723,87.3,221.9058436556277,99.6203678115793
mp-866031,Al2FeIr,203.229,110.178,230.28748860941397,116.31338679286412
mp-866033,AlZnRh2,184.832,92.448,206.0313851058871,83.13476116945235
mp-866037,GaNiRh2,173.642,64.205,217.67104328198883,64.86801978746367
mp-866051,HfFe2Sn,183.726,107.986,180.04568481431772,99.8290925708559
mp-866061,CaSmZn2,45.189,27.213,46.883586739988765,28.26530207044243
mp-866062,HfSiRu2,228.517,106.888,257.67969672253645,139.127401273972
mp-866063,NdDyMg2,40.013,22.984,42.64948506525239,25.856009176391467
mp-866067,Nd2CdIn,50.858,21.146,52.28479121157397,25.94406129180759
mp-866069,MgScRh2,127.869,60.221,143.68265227969255,58.012860144986305
mp-866071,MgTaOs2,228.974,100.834,252.88257277402045,89.6907973005675
mp-866073,MgSnRh2,147.583,26.257,164.5067230638135,71.09630016709039
mp-866075,MgTaIr2,216.134,183.204,233.2487632046268,78.07350280069664
mp-866077,MgSc2Cd,57.839,33.262,60.92416495608105,27.767046146145535
mp-866079,MgSc2Ru,90.878,16.985,93.66002292444084,43.98294369095128
mp-866080,MgSc2Tl,58.309,23.613,60.451881959741634,30.457263289534858
mp-866081,MgSc2Os,105.142,25.439,110.86407344816776,53.67451072179693
mp-866082,MgSc2Tc,88.439,22.204,95.06677525749043,44.13092044639105
mp-866086,MgSiIr2,213.993,97.486,243.00051518478327,116.0576627704068
mp-866087,MgSiRh2,179.203,75.943,200.96901921437455,95.05856288009544
mp-866088,Hf2CoTc,177.082,84.695,182.88700625309633,74.42193967290895
mp-866094,HfZnCu2,129.32,43.166,139.8734528091549,49.882810564343295
mp-866103,Ac2MgSn,38.111,15.688,39.61183607100664,21.81628209750794
mp-866104,CaCdHg2,38.807,11.995,42.24451348882838,11.61073879052704
mp-866107,Ac2IrPd,77.317,20.378,77.70702267136083,19.762330528385963
mp-866109,HoNbOs2,200.406,84.188,220.43179513496472,96.75008332578189
mp-866112,HoNbRu2,173.786,66.781,188.8316304611477,77.82761532757128
mp-866114,HfTc2W,246.139,118.179,274.4251386151727,121.60964335949798
mp-866115,Be2PdRh,193.549,99.772,224.01298061131433,92.85091807787424
mp-866116,HoTaRu2,183.596,73.942,199.61702617226223,83.38574056287113
mp-866117,HfZnAu2,137.013,16.877,150.4633715628691,13.704706016304955
mp-866120,Tm2TlAg,66.273,29.296,71.17200512713097,25.097897552294377
mp-866125,LuTaRu2,190.885,87.342,209.84597771069625,92.28928226935923
mp-866127,LuTaOs2,218.717,102.576,244.67356237025328,115.9722439280386
mp-866128,NaTmTl2,37.535,23.164,41.06532318782605,17.37568242560875
mp-866131,Lu2TlAg,65.545,29.72,73.31749441364435,25.449406784688605
mp-866132,Na2TlSb,24.55,18.578,28.039767310905894,7.135024988977253
mp-866133,Lu2TlCd,60.239,21.558,63.507294383326595,27.470681539010275
mp-866138,LuSbRu2,168.296,88.091,188.1837618755204,91.98309907629124
mp-866139,TiBe2Ir,189.33,65.793,206.7416275951007,65.54016827076758
mp-866140,TiGaPd2,155.629,18.4,166.8223304717363,28.39491484837875
mp-866141,TiFe2Si,230.374,146.521,253.4595784830217,148.55536195194315
mp-866142,TiGaIr2,227.636,85.752,240.3386082847054,69.07524167285983
mp-866143,TiBeRh2,203.582,98.384,224.49247078939285,102.71839378273664
mp-866146,LiSm2Ir,74.686,30.036,79.48302731830412,32.382436729537716
mp-866150,LiSm2Os,74.266,31.695,78.22268190191903,34.71271494395922
mp-866152,TiBeCo2,191.214,104.999,213.76797968765885,102.55044809696746
mp-866154,TiBeIr2,241.903,121.444,270.45600192051785,131.64929356131273
mp-866155,TiAlRu2,209.627,91.984,230.14451322492337,90.35347344506656
mp-866156,YGaRh2,138.306,44.976,153.90942287092977,63.47503045533447
mp-866158,YLuMg2,43.556,23.614,47.09939537175847,26.544187299395936
mp-866159,YZrRu2,147.893,65.206,159.44311781955932,55.287880268227084
mp-866160,Y2AgIr,96.832,32.475,102.70623413566798,39.87394941985473
mp-866162,YMgAg2,64.686,13.385,69.53056503996308,25.57225304481692
mp-866163,YInRh2,127.682,37.6,143.47702536640313,58.9255840364652
mp-866164,YMgHg2,61.585,26.818,65.02320549812013,24.013765801479437
mp-866165,YMgRh2,109.638,47.658,121.67224247827346,44.67484817299886
mp-866166,Y2PdRu,102.15,37.213,108.26090721737728,39.904287561770495
mp-866168,TiInPd2,125.716,22.501,154.73789448533196,34.17272147603525
mp-866169,KTl2Bi,22.656,5.834,26.563316458100527,9.826426381490457
mp-866171,YMgAu2,83.086,20.128,89.70919889608179,27.024030690212577
mp-866173,Y2RuRh,111.433,46.33,119.00640495648604,42.16796487629889
mp-866174,ThSnAu2,99.611,17.763,108.8836536901132,26.50061387453128
mp-866175,Yb2CdIn,34.611,20.71,35.42839927192572,18.702918003151307
mp-866176,Li2PdAu,68.175,23.405,77.75450473843382,35.17255733162084
mp-866177,YbAgPd2,91.195,24.979,98.9573334793516,19.73572433244661
mp-866178,Li2NdAl,42.611,29.333,46.50433504483521,27.88511197976842
mp-866179,Li2NdTl,39.457,28.708,45.99660288771356,23.04968866169689
mp-866180,Li2YbPb,28.662,23.4,36.95294447720104,23.610694728468452
mp-866181,Li2NdIn,40.663,29.888,45.11822949600116,25.46114484040436
mp-866183,Ti2ZnRe,168.977,62.502,182.12306564757347,75.5299941516803
mp-866185,CeCdAu2,74.979,2.402,90.74255218031873,20.711813951885414
mp-866187,Ti2ZnTc,158.023,47.873,172.66674258179646,68.71081931115557
mp-866188,TlCdRh2,137.541,51.879,150.3126520248901,49.3579892721151
mp-866191,Li2YbSi,42.316,33.395,44.94495219596368,35.22150538808092
mp-866192,Li2YbSn,34.107,29.306,38.30915543541143,26.847144279333207
mp-866193,Li2LaIn,37.747,26.277,44.317326513474235,22.057999419592612
mp-866194,Li2MgCd,28.998,20.86,30.94086362581093,14.177389461770538
mp-866196,Li2PrIn,38.333,27.925,44.357881222710695,24.547780551259216
mp-866202,Li2SnPt,67.708,29.364,80.69217520542678,24.418523372564376
mp-866203,AcYbHg2,42.483,17.216,44.476243994827215,19.997947354285863
mp-866204,Pm2SiHg,66.613,21.006,65.52224350976066,31.00431033624229
mp-866211,Lu2CdIn,59.863,20.582,65.37029791753596,28.712048152963
mp-866213,TiTc2Mo,248.307,122.887,268.5598772770425,109.14444419061368
mp-866218,Ti2MnRh,191.897,80.041,202.8763889496941,77.02036409339297
mp-866219,HfSnRu2,199.577,107.6,222.59223178299348,110.74212443642364
mp-866220,CaNdZn2,44.441,26.537,45.91223264479443,26.8666436426726
mp-866223,CaYHg2,52.306,27.182,54.17655851706349,24.459261412114135
mp-866224,Be2NiPt,197.731,63.503,221.87771121665935,112.45842764487176
mp-866225,AcMgHg2,48.779,13.617,49.92771528900299,18.277643653930728
mp-866227,CaNdRh2,82.434,27.763,87.96368994599224,30.04927902182494
mp-866228,CaDyHg2,51.03,26.726,54.27396956760262,24.31069001399278
mp-866229,Ca2SnHg,36.778,28.384,39.92976481166327,18.019075738588604
mp-866279,CaCdPd2,75.884,15.863,84.33571736625986,27.457980669088215
mp-866284,Al2IrOs,233.311,130.885,260.78847813885244,116.87841031570896
mp-866285,ErSnRu2,150.594,66.736,170.4582286679267,67.25394216933066
mp-866287,DySnAu2,88.94,15.162,99.34501523168252,21.357873443652217
mp-866288,BeVCo2,44.835,57.185,225.44331874087405,101.59076481504528
mp-866289,Ac2ZnSi,48.815,23.997,48.83184301023605,26.110107957925827
mp-866295,DyLuMg2,43.506,22.533,46.99724845399757,26.268529580233825
mp-866296,AlCuPd2,161.409,15.865,168.97371484309804,50.386160692673656
mp-866299,ErTaOs2,212.608,95.013,233.84968378088905,108.30551594094828
mp-866375,TiFe2Ge,210.464,127.259,228.56824459192353,127.9795416503696
mp-866376,TiMn2Ge,191.642,85.453,203.15504591152447,100.46608671146744
mp-867107,BeSiOs2,286.259,149.646,322.3869890710683,132.01099061711028
mp-867109,ScZn2Ag,84.013,35.169,91.08029859136336,26.935961038956073
mp-867110,Sc2CoOs,137.844,64.672,152.2553342011782,66.78944060230315
mp-867114,TaBeRu2,234.983,73.87,256.5875890467148,88.96435369061875
mp-867116,BeGaIr2,238.142,107.436,263.4246545877693,104.0498684020806
mp-867117,Sc2CuPt,112.788,44.091,118.5160424142512,38.4797712243552
mp-867118,LaSnAu2,77.314,21.755,85.81217555702683,22.18013168336329
mp-867119,LiHfPd2,117.376,19.867,127.3592884172164,39.94144784267255
mp-867120,TaMn2Al,201.123,107.903,206.8925391394401,106.10560916520105
mp-867121,LiY2Pt,71.412,30.073,75.22712848970004,32.35137130257861
mp-867123,TaTiOs2,267.946,94.516,287.8676901268438,122.2884550500932
mp-867125,Al2RuPt,201.068,97.729,225.4038963874632,98.63945363520472
mp-867127,ScCdAg2,80.644,26.055,89.96680890136018,19.244806686093924
mp-867128,Sm2PdRu,94.638,29.904,96.33420652707656,31.170450810605615
mp-867130,SmHoMg2,40.49,21.549,44.49069200189329,26.229544569636168
mp-867131,SmMgCd2,52.617,25.367,57.00817515399758,22.633574733060566
mp-867135,ScZnPd2,117.696,13.032,133.14890865246244,35.84106037391633
mp-867137,ScVRu2,194.203,87.109,208.175653477344,104.01486696834137
mp-867144,CaMgHg2,40.504,17.74,41.700995311983434,16.778396403992147
mp-867145,LiHo2Ga,54.046,34.678,54.504830650520894,31.56109398734032
mp-867146,ScNbRu2,196.752,92.83,210.97792831036807,92.19835077395815
mp-867147,BaNaHg2,20.768,2.7,22.1677007647151,8.901914204562988
mp-867148,LiHfRh2,145.866,55.025,160.7038025850573,61.21686684698152
mp-867149,Sr2CdSn,29.052,22.989,32.74297118672108,15.60176492390365
mp-867156,ScGaRu2,167.594,62.044,188.10033550520927,52.69604652566252
mp-867157,SmCdHg2,60.568,13.446,65.15607378915065,17.43382382145055
mp-867159,SmDyMg2,40.294,21.856,43.71295315940919,26.074879509155473
mp-867160,LiCd2Au,64.741,16.546,69.73314406306748,16.263527604870447
mp-867163,Sr2AgPt,39.938,16.759,42.13343400700288,19.639868310471343
mp-867167,LiCa2Tl,26.242,14.441,27.137255706781687,14.645708083993256
mp-867169,Sr2SnHg,30.248,23.267,33.33030537408877,15.142229933406435
mp-867170,LiGaPt2,151.641,153.628,169.2483711411396,57.345849847385054
mp-867171,SrLi2Sn,30.554,21.366,34.03841785817743,21.673764961193708
mp-867172,SrMgTl2,29.945,8.433,32.85954905137629,14.761822688871648
mp-867177,PrCdHg2,57.938,18.366,64.02972030410831,17.385765056837762
mp-867178,PrMgCd2,50.25,23.368,55.50824449494426,20.192062199521462
mp-867181,SmMgHg2,59.687,25.006,63.592799869581754,22.16144393955249
mp-867182,Sm2ZnIr,86.846,30.325,90.74800279995264,33.64888825103178
mp-867186,CeZn2Ag,58.884,25.752,75.03646944195725,27.77526513662455
mp-867187,ScInIr2,175.784,79.491,196.94460850955917,84.6617096709191
mp-867191,Sm2TlCd,53.486,21.025,53.21499897505144,25.89565823802277
mp-867193,Sr2BiAu,35.078,20.738,36.35554391297436,15.178242403963708
mp-867196,LiCd2Pd,71.539,22.13,76.29929960378581,24.21195401559359
mp-867206,LiCd2Pt,84.2,23.689,92.0585587456661,26.881476240542813
mp-867207,Sr2HgPb,28.446,21.909,29.733927521370916,12.838871289894744
mp-867210,LiCa2Hg,26.023,12.698,28.306765710075943,16.083726399019756
mp-867211,LiCa2In,27.505,18.813,28.758321999018957,15.37223605116336
mp-867213,Er2OsPd,117.96,47.096,126.9314406044196,48.4317923959141
mp-867214,Er2IrRu,130.801,58.373,142.21346299460353,53.60671796948814
mp-867216,TaFeRu2,238.287,104.493,250.77559105537009,104.42028442831948
mp-867217,CaPrHg2,47.326,22.66,49.88968410799109,21.69879873752938
mp-867218,SmAgHg2,67.274,18.217,71.51376173869807,16.094608426840452
mp-867222,LiCa2Ir,48.032,26.111,49.593104718093294,26.432797705142654
mp-867223,LiGa2Ni,90.52,42.228,106.23271775348464,45.51793223879442
mp-867224,CaNdCd2,41.739,21.903,45.05559521284415,22.060935833836737
mp-867233,Sc2ZnIr,119.005,40.989,128.26470819819883,52.532014542791835
mp-867234,TbMgHg2,61.719,25.823,66.54533303302742,23.94910038418436
mp-867235,LiY2Ir,80.823,32.546,83.9524703584712,38.638260272913094
mp-867241,Ac2GePd,56.205,16.817,61.70790320479739,20.753238833157255
mp-867242,Sc2ZnGa,78.569,46.4,83.28306478663376,37.0765422496852
mp-867243,Sc2ZnOs,120.86,45.33,130.7150169121714,60.998080024979565
mp-867245,LaAgHg2,59.426,11.582,66.89218030513614,14.617799637196024
mp-867249,TaAlFe2,219.675,139.325,242.608590323458,127.5477059413372
mp-867250,LiZn2Pd,87.893,26.455,94.89850233698048,24.843983343232555
mp-867251,LiZn2Pt,104.433,31.667,112.74166793460094,31.772172637457867
mp-867252,LiZn2Ni,41.35,35.747,94.00441612762386,42.05569701370273
mp-867253,LiZn2Ir,116.817,40.679,130.892531519682,34.783959762423265
mp-867254,SmAgAu2,84.99,12.155,92.50755296204652,16.23141845226726
mp-867255,LiZn2Au,80.793,20.303,85.2925678498545,21.503512119240614
mp-867257,CaPrCd2,40.978,21.552,44.42255607751935,21.646100387777462
mp-867258,LiZnPd2,109.393,50.885,122.9548320303861,46.46638468308291
mp-867260,CdAgPd2,115.666,10.784,128.57303290861736,28.608867865456272
mp-867263,ScCdHg2,68.137,23.311,70.98102474412335,15.106392781531436
mp-867266,CaMgTl2,33.477,10.983,36.17053265701958,15.368712168080949
mp-867267,LiHo2Pt,74.476,31.91,78.72660373275274,32.79447513994901
mp-867270,Be2CoPt,207.943,111.666,235.4682311277155,114.84953794986784
mp-867271,Be2CoNi,194.115,125.949,203.08610521847336,121.25034931413028
mp-867272,LiAlCu2,87.133,53.421,101.96133284331842,41.03058824147283
mp-867273,Be2CuIr,210.143,67.75,217.65212852924824,78.60372264404941
mp-867274,Be2CoIr,219.36,113.398,248.9959001920416,98.53120595422732
mp-867275,BeVOs2,276.013,123.705,311.1914215294922,119.03587270071696
mp-867277,Ho2MgAl,55.443,36.114,58.32546759021198,38.48705228877042
mp-867280,Be2IrPt,238.159,125.302,270.5772324707816,119.74523935172743
mp-867285,LiTb2Ir,81.503,33.159,86.19520539194734,37.25067290636017
mp-867287,LiInAu2,76.048,20.793,82.87001137662581,14.089650993151633
mp-867292,Ga2RuRh,199.112,92.754,218.57986513718367,82.25249850257121
mp-867293,LiCo2Si,171.867,117.437,187.66196352542653,101.8203206642137
mp-867304,BeVFe2,212.177,107.484,238.300148066187,124.5303037408922
mp-867306,AlCuAu2,134.721,18.751,145.42884882891587,21.249940201568563
mp-867307,Be2RuAu,193.573,99.781,225.14971441751413,85.49188431856945
mp-867308,InCuPd2,148.622,3.839,147.3781925263353,33.59056096939754
mp-867313,LiTmPt2,103.456,37.47,113.74846393203144,32.55947619937066
mp-867319,Al2CoIr,199.848,93.491,226.87857571072,114.66959838736815
mp-867326,Al2RuRh,200.128,119.809,218.61514229219424,100.83282340742092
mp-867327,Hf2TcRu,193.02,91.598,212.753969673773,82.63954018346418
mp-867330,Al2FeNi,163.496,89.022,188.98833133846296,105.61275416984466
mp-867338,AcCdAg2,52.821,4.795,57.52002874715804,15.14926781539618
mp-867346,ThCdHg2,72.453,16.677,79.52845808489731,21.02397990182086
mp-867349,Dy2MgTl,50.473,21.635,54.216836263390675,29.12209017729828
mp-867350,Ca2MgIn,30.387,20.709,32.61788938162835,15.749892325672906
mp-867353,ThCdAu2,99.567,19.368,105.58332667978064,23.861043497209945
mp-867361,CeTlAu2,83.944,20.109,82.75499131248395,17.57537332685961
mp-867372,ThCdAg2,82.451,19.287,89.69920317058482,23.51506971251247
mp-867422,AcPbAu2,65.405,17.124,70.64599768244473,20.04681544261677
mp-867507,TaGaFe2,222.56,126.478,250.2097945164641,119.79543729770892
mp-867748,ScSnRu2,169.616,80.239,190.7501912467745,75.98386823811467
mp-867751,Ca2AgSn,39.951,2.711,40.987635950176205,16.957961689265396
mp-867753,CuSbRh2,187.6,192.924,189.05634516601975,58.93848979351844
mp-867756,Sc2CuAu,97.087,36.068,101.69564251443248,28.67560067137918
mp-867761,Sc2CoRu,135.073,59.335,141.16681909305285,59.32373481007733
mp-867762,DyMgAu2,84.578,20.809,92.3662656870616,28.504645494790665
mp-867769,ScZnRh2,151.149,60.401,166.29134696635478,55.84427205981133
mp-867771,TaCuRh2,224.467,40.955,241.48072780772324,76.90317450841061
mp-867773,DyMgCd2,54.341,26.236,58.51237843296079,24.183793301965363
mp-867775,Al2NiRu,180.486,83.722,203.2529577469738,116.51583933534036
mp-867779,Ta2CrFe,231.932,99.304,241.2466328681379,93.83238895971768
mp-867786,ScNbOs2,220.674,108.258,246.6815322430674,112.93502910280333
mp-867788,TaGaOs2,268.88,122.335,298.6237561139358,124.6242281665727
mp-867794,Sc2CuIr,129.422,46.495,132.7860580364061,54.53338889392875
mp-867795,ScNbTc2,186.133,66.322,202.39668048610787,62.33191975693402
mp-867798,La2AgRu,71.667,8.445,71.59391022432494,19.694936095838735
mp-867799,Ca2BiAu,42.058,24.891,47.35723129188477,17.348909649733812
mp-867801,La2AgSn,49.213,17.588,52.42174303010408,20.38589388841403
mp-867802,Sc2CuOs,127.176,53.734,139.69685314618582,63.58938306258615
mp-867803,LiCa2Cd,23.718,11.67,25.105252976094327,14.826687462785085
mp-867805,LiCa2Ga,28.548,20.928,29.293304896629305,16.85113907222627
mp-867807,LiYTl2,41.8,16.305,48.06014349583769,19.128499114316924
mp-867810,LiYHg2,52.184,12.474,55.49967848620199,19.690627615152057
mp-867812,LiAlNi2,117.454,4.832,126.07153667896807,54.34665733692742
mp-867821,TaTiMn2,207.781,83.607,231.7277589392118,86.18678189568244
mp-867826,DyMgHg2,62.879,26.307,67.36631046271789,24.20486791146839
mp-867828,BeNbRu2,227.135,69.434,251.59440639941351,83.42516389887074
mp-867829,LiVRh2,179.191,80.647,194.53543145130016,87.48263573976222
mp-867834,LiHfPt2,146.996,23.595,159.65972300777318,43.11204017936892
mp-867835,BeSiRu2,247.221,122.52,272.7700241097609,112.4227127500934
mp-867837,BeCrRu2,254.421,103.767,274.6252154617723,102.52107010261408
mp-867840,BeFeRh2,206.038,87.815,221.1810944024396,92.087769067774
mp-867842,ScInRh2,149.145,70.882,166.2868699952234,70.48686619805054
mp-867846,TaTiRe2,257.421,116.994,284.75497946632936,119.01720054060372
mp-867847,La2ZnRu,69.985,3.618,69.09024867713008,19.99249506050001
mp-867849,Ca2TlCd,32.155,19.163,33.39103691799817,17.110283362656862
mp-867850,ScMnRh2,149.04,62.195,159.76091421143897,68.03169270295113
mp-867853,SmCdAg2,67.735,8.012,74.42884077357836,18.572214970217253
mp-867854,Ca2ZnRh,48.691,21.138,52.04020535110902,23.69298658831279
mp-867859,Sm2IrRu,114.186,41.151,119.48078195672387,39.13929422547894
mp-867861,SmYMg2,40.002,21.373,44.0595347802567,26.749373559054792
mp-867862,SmMgAg2,62.849,6.665,67.61496567801656,24.20774701993569
mp-867867,SmMgAu2,78.669,0.457,85.31884867706829,26.649613037844254
mp-867868,Sm2AgIr,89.778,25.511,92.99333304618546,32.60910401905472
mp-867869,Sm2AgRu,83.326,27.293,85.66127084734528,33.37008963950249
mp-867872,LiCdAg2,58.234,8.994,65.50409021302347,14.186374621621802
mp-867873,LiTm2Al,53.804,35.568,54.87680472445532,31.928217780997095
mp-867874,BeVRu2,241.663,90.582,264.84189654367725,104.27974888907586
mp-867876,SmTlAg2,65.15,19.196,69.87692159368012,16.05598876577297
mp-867878,AlFe2Si,214.474,123.796,245.66735342871291,138.04880922576967
mp-867881,ScTlRh2,143.099,59.512,159.42942538747312,58.37451380370492
mp-867882,SmCdAu2,82.573,7.809,89.30269781149586,20.62780660138035
mp-867887,Sm2CuIr,89.382,30.369,91.85652315794208,32.61620361253349
mp-867894,Sm2MgAl,50.087,30.872,52.24694925544048,34.40388470762275
mp-867895,Sm2CuRu,84.831,32.134,88.1079267767226,33.93848378973286
mp-867896,ScZnCu2,99.218,28.575,110.52544865007172,36.6987160357998
mp-867897,ScTaRu2,204.892,102.073,222.8505036382495,99.01057073472124
mp-867899,Sm2IrRh,110.279,24.382,114.72886211820348,34.96811359165626
mp-867901,ScTaTc2,194.629,73.091,208.53721652708344,66.88916232057917
mp-867902,LiSiRh2,186.513,102.23,209.03786057926533,98.20876936058816
mp-867904,AlGeRu2,214.114,94.027,235.5919050976972,104.39024495816238
mp-867908,LaBiAu2,73.505,12.425,84.45331812607695,21.475023405771605
mp-867909,ScCdRh2,139.152,50.956,154.16745588371947,50.58750539500222
mp-867911,ScCdPd2,113.454,22.942,124.29133210327882,35.013399814434145
mp-867915,ScGaCo2,149.332,87.694,163.5240612786837,84.28290887685027
mp-867916,ScGaIr2,192.627,94.927,217.0217749143855,103.41566459412432
mp-867917,CuGeRh2,199.92,66.761,224.55960967373505,77.31139239603276
mp-867919,ErNbRu2,177.241,70.762,190.3345013511066,79.87470361718137
mp-867921,Sm2ZnRu,81.483,24.579,83.15278704592582,33.55507120222087
mp-867922,ScAlRh2,163.077,82.681,180.98483923506413,89.73297287035089
mp-867923,ScGaPt2,151.349,0.02,165.21179218772605,24.91198535272194
mp-867924,LiCdPd2,93.448,30.879,101.87065399174452,31.04723180017753
mp-867925,SrAcHg2,37.418,18.913,38.141562193288806,18.03863390602634
mp-867927,LiVIr2,223.046,108.216,247.728821676168,121.8899228050647
mp-867928,ScGaRh2,163.021,75.808,180.40786563310655,83.4081570728564
mp-867978,SmInRh2,121.874,38.283,136.74579595270012,52.008269910673086
mp-867979,LaInHg2,52.025,11.561,58.74992392517785,19.726432648353875
mp-867985,SmPbAu2,77.954,18.567,87.32841113302075,21.45032337881085
mp-8812,Rb2GeF6,17.736,7.65,65.94107141778672,34.799585721726615
mp-9262,Cs2PtF6,11.837,7.232,65.68131681747487,29.90511917939006
mp-9472,LiAg2Ge,64.676,17.417,69.62231783478676,19.662692814949835
mp-971702,YbNdCd2,42.101,21.937,44.888110742578824,21.118847679737605
mp-971705,Tm2MgTl,51.653,19.59,55.506995896840934,28.630248509071787
mp-971738,ZnCuNi2,155.672,56.716,177.20618733065905,47.84925881470392
mp-971739,ZnCuPt2,183.726,55.834,206.06104130443512,44.97098812607963
mp-971799,DyYHg2,66.15,27.672,68.25118137006066,22.851035026000236
mp-971827,Zn2CuPt,142.949,3.265,157.51716277303004,20.423500819443237
mp-971836,Zn2NiIr,176.569,56.286,194.35801856904533,52.57804473574994
mp-971891,Zn2PdAu,128.444,18.995,139.88097306102085,29.26821529427161
mp-971922,DyYAl2,65.046,36.907,64.3329190680154,41.80245834077472
mp-971924,DyYAg2,67.395,33.808,69.12677737073626,26.576770911583683
mp-971979,Tm2ZnAg,68.975,31.805,71.72534614952784,30.534818150028094
mp-971985,TbAlCu2,92.528,23.388,100.52003657187456,45.869002599705745
mp-972062,YbTmHg2,53.312,25.438,56.80248871551989,24.921675048824444
mp-972119,SrCaTl2,28.313,16.901,30.055518291994293,14.38091940902198
mp-972180,YbMgIn2,37.737,17.921,43.663951094409626,17.192494406860614
mp-972183,ZrGaPd2,146.226,5.176,156.988609971514,21.733167676973697
mp-972205,V2MoOs,263.582,116.67,289.8717442128759,125.22449570210512
mp-972209,Ta2TcW,250.356,104.672,276.7296504461531,122.9934679015209
mp-972217,Ti2CuTc,167.17,52.288,182.53229291620272,71.12562464754139
mp-972238,Ti2VIr,179.691,84.534,191.18261674923323,77.02820305048385
mp-972241,Ti2ReTc,217.331,83.786,244.11152532152337,76.25286726249745
mp-972244,Tm2ZnGa,68.836,41.351,68.91393257332767,37.310680622987434
mp-972274,Tm2ZnHg,68.285,32.424,71.03007587037762,27.172680875974844
mp-972275,Ti2ReRu,219.69,93.59,241.64894907087137,93.74589690564396
mp-972323,TaNbTc2,251.053,123.911,268.5136716500661,109.3480947701564
mp-972337,Ti2IrW,216.082,92.111,233.97559189177016,105.62952927976588
mp-972370,Yb2InHg,36.324,18.49,38.972640093717544,20.193638011909535
mp-972396,Ti2MnRe,230.659,71.729,187.4129632919679,75.75201064279393
mp-972415,YErAl2,65.872,36.138,65.22361470022784,41.483971585436606
mp-972420,YErAg2,68.674,35.034,70.36921145876957,27.185247013362908
mp-972455,TmLuIn2,57.35,15.051,65.12506226046774,29.211059171127744
mp-972504,Sm2AlZn,56.309,31.189,58.43409400973059,35.54953881999217
mp-972511,Sm2AgSn,62.377,21.731,65.12984186425946,25.98372825277004
mp-972522,SmTmZn2,58.598,27.032,59.189361768514345,32.12220084754222
mp-972526,SmSnAu2,84.809,17.723,91.83533627620064,22.94366293302105
mp-972528,SmYAg2,63.294,27.002,66.14994294306378,25.5466966913484
mp-972530,Sm2AgRh,79.206,21.569,81.02986725702715,27.312994915513777
mp-972536,Sm2TlAg,57.182,18.836,61.26705808254029,22.415767456573732
mp-972540,SmYZn2,59.049,27.058,59.23517058749807,32.88490351876312
mp-972541,SmTmTl2,52.625,15.513,55.82668901449285,24.23887605485408
mp-972601,SmLuMg2,40.91,22.235,45.774298939070015,26.152895415859582
mp-972623,SmHgAu2,83.971,11.832,89.44058412484819,11.870933728022354
mp-972635,SmErHg2,62.653,21.019,65.14077001833667,21.752780026040533
mp-972640,SmDyZn2,57.307,27.83,58.161259335631584,31.28214100465383
mp-972641,SmHoIr2,127.431,124.147,132.70588321876656,47.16175422346876
mp-972653,SmHoTl2,52.516,15.194,57.42829778087687,25.18476131519302
mp-972657,SmBiAu2,81.328,9.128,89.36291715288844,20.94933088818002
mp-972810,SiTc2W,286.173,99.977,308.17831844339815,114.44535740500312
mp-972861,Sc2TlTc,103.541,32.002,115.80973238461172,44.37903508031159
mp-972866,Sc2PdAu,107.16,28.725,116.13888518333208,32.58217151205807
mp-972869,Sc2GaPt,107.133,36.88,113.69019156980872,31.44749316038892
mp-972877,Sc2AlIr,117.54,51.8,127.2446026159138,45.62525575740626
mp-972879,Sc2RuAu,125.306,30.673,134.7366646105356,52.18360953206956
mp-972882,Sc2CdAg,72.853,31.094,76.86224243123297,25.90346365743286
mp-972884,Sc2AlCu,81.231,38.357,91.18708934678033,34.56477964535649
mp-972898,Sc2GaAu,90.144,35.177,96.245975916412,24.17117099382673
mp-972899,Sc2GaIr,118.555,47.121,126.64602839647364,46.0580744815529
mp-972907,Sc2AlAg,78.735,34.736,84.29740106308526,27.70269556691896
mp-972914,Sc2AlCd,72.984,37.11,78.49635284247144,32.96357930272808
mp-972925,ScZn2Au,98.751,37.129,108.48852548972684,23.45599512724629
mp-972945,HoErAg2,69.968,35.826,71.4538448710595,26.8794847353742
mp-972949,LaSmZn2,49.862,26.851,50.16082696384986,26.128384507694605
mp-972957,ScTiRu2,177.267,77.929,197.19889570156764,77.48488204081457
mp-972960,La2IrAu,86.527,12.239,86.788079976807,17.838319849084833
mp-972961,Sc2NiRh,118.07,40.973,129.36292807877857,49.44642990832843
mp-972966,Sc2OsAu,135.881,36.621,151.71253965121227,58.96300640491901
mp-972970,ScSiRh2,179.189,40.67,202.30560458813113,78.51187095148003
mp-972984,HoErAl2,67.462,36.47,66.51820385952225,41.64841545966893
mp-973056,Na2CdHg,17.144,7.485,19.33503450322908,5.606555678491669
mp-973058,LiLu2Al,54.59,35.495,57.176567204319824,32.92753902745148
mp-973066,ScGeRh2,172.9,161.339,180.94039536246055,65.15534073270125
mp-973067,ScGa2Ru,128.767,23.656,136.5196337821328,45.13028698493393
mp-973088,MgInAg2,68.284,19.238,75.09519156761294,14.406468966274105
mp-973109,NdYIr2,120.551,64.194,124.25015080352937,42.20202895153963
mp-973133,ScCuPd2,127.319,285.597,141.77128664894212,30.770468652720535
mp-973141,ScCdCu2,90.97,37.258,96.625368225598,33.214052750021374
mp-973142,ScZn2Pd,104.061,33.304,113.6943605040724,28.427520307963295
mp-973153,ScAlPt2,157.156,14.097,171.0575986756121,42.27174361641668
mp-973256,LaMgTl2,44.465,15.15,47.28781426500463,17.256098242333888
mp-973270,Ho2RuAu,104.31,35.688,112.64246323458192,42.69549634595732
mp-973276,HoLuCd2,59.674,28.768,63.23238642124853,24.422883187338066
mp-973325,Li2MgGe,38.78,25.839,40.23365430071123,25.97193052364542
mp-973343,Li2MgHg,30.915,18.917,34.07778303086341,12.38611918976956
mp-973432,LuScRh2,130.571,46.272,142.7688362439884,55.55296842048476
mp-973434,Hf2IrRu,199.022,376.325,214.50254426297175,74.61305948688874
mp-973442,Lu2AgPt,99.763,35.918,105.90981655487649,37.89776972234761
mp-973443,Hf2ReTc,199.747,79.557,215.8697875111759,74.80332500506238
mp-973538,Lu2AlZn,67.89,40.238,69.28847650817487,38.926409339562845
mp-973561,LiCe2Ru,65.477,6.7,61.83769504843232,9.309823043323815
mp-973564,La2TlZn,45.039,16.18,46.85702942670205,19.52097681076025
mp-973572,La2TlHg,48.249,17.844,49.275342128669635,19.47116188584109
mp-973606,Nd2IrAu,92.21,24.25,95.34168623954788,27.226301306476405
mp-973636,Lu2ZnGa,68.94,40.108,72.48616103448762,35.70106018812914
mp-973646,Lu2ZnHg,70.073,32.936,72.35965454589399,27.433448668241905
mp-973653,Lu2ZnAg,69.957,32.871,75.28158631358868,30.84887231653851
mp-973734,Lu2InHg,65.863,24.399,68.30257106469702,25.982361477916005
mp-973771,Lu2MgHg,57.128,25.804,59.296486813270825,24.24596131942414
mp-973826,LiHoSn2,46.456,79.056,54.26347226240214,11.576906120670682
mp-973841,LiHo2Al,51.616,33.455,51.94669122577323,31.365125129717033
mp-973847,La2ZnGa,47.145,25.569,46.3376237660244,22.125811348952407
mp-973874,LiLa2Al,36.572,21.112,38.46410560508578,16.11381964884683
mp-973887,LaPrHg2,51.146,17.531,51.858377089189005,20.132635199052057
mp-973890,HoHfRu2,157.415,71.534,171.63366967780698,62.880446963940976
mp-973893,Lu2TlHg,63.57,21.382,65.97895692506333,23.859140840591454
mp-973894,LaNdZn2,47.768,27.055,49.79882893264693,24.82304188926626
mp-973910,PaAlCu2,112.124,27.647,131.4283505777516,55.57954539320918
mp-973956,Lu2CdAg,66.319,28.195,71.16409869014667,27.33134685935371
mp-973957,La2ZnAg,48.916,16.435,47.01387595126615,17.36812768673597
mp-973979,LiFePd2,119.616,34.793,138.6738757856256,52.735992773026936
mp-974063,HoScRu2,130.162,51.077,141.5421728033484,41.724696806860095
mp-974221,HoErTl2,52.564,13.122,58.80517986850588,24.38723758025236
mp-974253,HoErZn2,62.845,30.971,62.67129348360186,32.62763037739691
mp-974387,Nd2AgHg,56.88,17.033,60.040596873820846,22.036961003897616
mp-974517,NdErMg2,40.097,22.854,43.6883047312424,25.766283657002596
mp-974523,NdErTl2,51.522,14.981,56.07985047343411,25.195192176991135
mp-974527,NdSmZn2,53.007,28.981,54.64034199696544,28.973166789142923
mp-974583,NdSmIr2,116.681,217.193,118.6116289268306,35.85360316860779
mp-974638,NdErZn2,57.029,27.584,57.426425824166294,31.151623456990812
mp-974642,LiAg2Pb,47.164,8.871,50.03622249923885,6.0923692480945
mp-974708,NdTmTl2,52.034,16.032,54.747014708677845,24.388571458088187
mp-974782,NdTlAg2,62.88,18.307,67.6888344831367,16.335154835923536
mp-974943,HfZrTc2,182.079,71.432,196.03547533269256,59.745823435023176
mp-974973,HfZrZn2,109.761,49.601,120.89764069450294,41.661339483205374
mp-975049,NdSmHg2,57.477,18.171,58.987375851246824,20.825600053447143
mp-975176,Rb2HgAu,10.354,4.825,8.218815659314652,3.875755821628316
mp-975275,RbNa2Sb,17.884,10.261,22.89753490345244,10.215992440895253
mp-975368,LiCa2Mg,20.611,9.154,23.332710140455266,12.489301317621727
mp-975515,NdLuMg2,40.599,23.058,44.91241802025401,25.94932066944086
mp-975518,NdLuIn2,55.675,20.488,58.29364403432169,27.70527800861308
mp-975522,NdLuTl2,52.906,17.653,54.941198457279576,24.27159817176047
mp-975608,Li2TlPt,56.12,17.316,66.2584699155625,24.838397975932903
mp-975609,Li2TlPb,29.094,2.173,31.374551236836066,12.583185041943867
mp-975650,Pr2ZnHg,52.434,21.09,51.77956115149545,23.088306388718603
mp-975656,Pr2NiIr,62.475,28.516,97.37251621572769,24.373441317191144
mp-975769,PrYZn2,55.032,27.633,57.02659849949613,31.336952395261363
mp-975788,Pr2AgHg,54.491,17.233,58.174391669494526,21.490000704802295
mp-975793,PrTmTl2,51.881,16.163,54.890751920043776,24.44562999096784
mp-975801,PrTlAg2,61.809,18.365,67.12490301332645,16.900203864320563
mp-975822,PrNdZn2,51.524,27.862,52.73981373581013,27.16181236207992
mp-975848,PrNdMg2,37.416,22.948,39.96837119076922,24.08597220585416
mp-975880,PrSmMg2,38.321,23.158,41.17185168278477,24.51025810294648
mp-975883,PrNdHg2,55.153,18.684,55.97877357826288,20.918466831539725
mp-975896,PrNdTl2,50.892,16.497,51.513047430747136,23.335542078750432
mp-975920,PrSmTl2,51.835,17.144,53.30459575065049,23.680448710415
mp-975932,PrLuIn2,55.104,20.724,57.39947440495757,26.833414823460597
mp-975933,NdHoIn2,55.325,21.051,57.66264896745969,28.548461899261767
mp-975972,PrLuMg2,41.51,23.46,44.234408796020595,24.81084944960634
mp-975997,NaLi2Pb,22.028,13.808,25.183708901729975,13.660834496713736
mp-976008,NdTmMg2,40.406,22.702,44.13504197137178,25.445438571624457
mp-976030,PrHoMg2,39.674,23.12,42.72565042410417,24.921556927232388
mp-976076,NaAc2Sn,33.683,15.328,35.541726140276644,19.486308975306684
mp-976082,Mn2GaW,240.29,114.133,248.0957218053175,113.91268384648244
mp-976114,Li2CdHg,30.724,12.342,36.91396751616711,16.559241258530587
mp-976125,PrGaAu2,75.216,152.053,82.88571653840445,13.746326513468016
mp-976129,PrErZn2,55.889,27.557,56.6579184961522,30.80233473913517
mp-976142,PrDyTl2,54.819,16.048,56.123201064378826,25.330030612089928
mp-976151,PrErMg2,39.817,23.028,42.95184321822651,24.69421554224096
mp-976159,PrErIn2,54.562,20.646,57.26005188118861,27.27928971312587
mp-976220,NaCdHg2,24.122,8.211,29.000203424549124,6.847544019596953
mp-976236,NaCaTl2,24.373,11.459,25.23327464124004,10.584781756196138
mp-976259,LiTmRh2,103.934,38.993,114.62501270635764,37.3094530146061
mp-976260,LiTm2Au,64.88,35.495,67.70165504496997,28.012857258302024
mp-976261,NaCa2In,24.704,15.823,25.73720947913013,13.66425699094061
mp-976265,Hf2OsPd,187.278,51.58,199.2648553310999,67.1985954904631
mp-976289,NaCd2Au,49.057,7.419,55.316682503063994,13.247469618030603
mp-976330,LiZr2Ir,131.667,40.126,131.27663243681613,46.71535528738175
mp-976333,Li2AcTl,33.082,14.653,40.13768456996769,18.317558590554864
mp-976341,Nd2ZnAg,54.104,21.056,55.39854672827115,23.317560479733267
mp-976343,HoErPd2,92.604,26.844,98.56731702631822,32.79763249488649
mp-976344,Nd2ZnGa,54.936,26.014,54.06345075534427,30.751685280264823
mp-976426,LiLuHg2,54.534,16.026,58.90944163855175,20.43448578459415
mp-976596,LiLu2Ga,56.068,37.55,59.25228440570217,31.769060217699117
mp-976598,LiHf2Ir,142.948,57.973,145.36231891865174,58.240931316897466
mp-976600,LiHf2Tc,127.886,38.137,130.39548652842794,54.656794234361165
mp-976744,LiEr2Tl,50.836,28.817,53.5122705470884,22.43381917345509
mp-976793,LiEr2Ga,54.254,36.081,56.23166808785921,31.70190519709022
mp-976884,PrBiPd2,88.095,11.465,94.4382080864959,23.239679973404236
mp-977110,NaSnPd2,80.165,24.056,97.5216711979346,31.590076730988645
mp-977143,LaDyRu2,101.916,33.847,111.59781664494606,26.64703377321531
mp-977187,La2MgTl,40.649,16.716,38.72831408300621,19.22099101738584
mp-977352,ThMgZn2,67.816,23.653,71.34473202464478,30.528294875468855
mp-977353,Ta2ReMo,256.583,110.354,280.94044175077687,126.00601126847356
mp-977354,HoTaOs2,210.79,91.004,231.64139609975783,105.04256817237584
mp-977356,ZnGaIr2,216.901,92.854,243.08494418462664,78.91513591143745
mp-977358,Ho2AgIr,101.795,33.565,106.44981074614748,39.87937142349609
mp-977362,ZnGaRh2,177.634,83.13,201.21117143041755,74.53864811108781
mp-977363,Ta2TcMo,242.63,102.984,265.0547185059062,113.91301631913932
mp-977367,CdInRh2,144.382,59.398,158.38983507314805,55.16084584926143
mp-977369,HoMgHg2,62.805,26.252,67.4889859885561,24.535069606355343
mp-977372,Pm2SnHg,58.633,19.612,60.56665674411964,29.679045444391605
mp-977374,LiLuPd2,84.798,0.971,91.79728742569436,30.753122150554237
mp-977376,TbCdAu2,87.541,21.331,96.11062431046932,21.98609529539647
mp-977380,LiMg2Pd,57.675,25.898,61.66316973308671,29.871508476732995
mp-977382,Ta2VRu,227.823,82.513,249.89570526861468,109.50376245250844
mp-977384,ZnSiRh2,204.49,66.124,233.5797614162103,88.52197452437441
mp-977391,LiNd2Os,73.027,30.528,75.20694206528198,30.04887719411881
mp-977392,Ho2MgIn,53.469,28.17,57.20507954997634,31.418395343976165
mp-977396,TbMgRh2,113.246,45.839,124.4516779768355,45.11009947855176
mp-977398,TbCdAg2,71.476,11.975,77.78914759405767,19.734363454953684
mp-977399,LiMgPd2,84.673,40.498,93.51908050867723,41.07687712081758
mp-977401,NbGaRu2,233.221,106.447,256.4652007357721,113.17173652761034
mp-977404,Nd2AgIr,83.856,20.958,87.46257281836442,28.52031156568473
mp-977407,Hf2ReRh,197.44,92.43,213.226552070891,93.88775019749214
mp-977415,HoCdAu2,89.835,22.834,98.38916006617414,21.797304513190355
mp-977416,Er2AgIr,103.391,34.938,109.14058377857086,42.61598486350253
mp-977418,LiMgAu2,68.967,18.185,76.8447174469382,25.039906670547193
mp-977421,TbGaRh2,132.553,44.279,154.2263719761427,61.945242397528474
mp-977425,Ta2CrRu,243.884,104.198,264.2336986906677,116.8528945218761
mp-977427,Zn2PtRh,174.554,67.06,193.4628347865121,57.61683720189205
mp-977430,MgNbRu2,188.842,81.355,207.6990837678675,74.0077009949478
mp-977435,ZrAlRh2,179.07,249.566,196.22083179222588,72.76011618453076
mp-977436,ZrAlRu2,188.517,75.849,209.10619971573928,79.48492691597178
mp-977438,MgInRh2,136.968,68.715,152.46249345716947,62.895829658850225
mp-977439,Ce2ZnPb,35.63,16.368,47.320744559953766,21.694963005892433
mp-977440,LiTiPt2,148.971,47.643,169.6929542958962,54.20678195453203
mp-977442,Yb2ZnGa,37.583,26.477,38.46491519511579,23.503807677077216
mp-977443,ZrGeRu2,205.066,90.314,233.9982746117965,116.24149699326249
mp-977444,PaAgAu2,121.198,16.372,131.0272942847585,23.305625486262848
mp-977445,Nd2ZnIr,80.699,26.458,86.25201253956445,30.13964392043552
mp-977462,ZrCdAu2,121.203,33.045,133.6561526608125,25.059773842232325
mp-977463,MgMnRh2,136.68,56.653,152.17761334652562,69.13270434967842
mp-977534,ZrNbTc2,203.512,77.459,227.95857363000584,84.77026483251123
mp-977537,ZrCdRh2,161.156,52.302,177.96432313250494,65.75279960396003
mp-977541,Hf2TcOs,206.099,92.747,226.77393570284408,87.73143295183756
mp-977542,LiTbTl2,42.072,17.115,47.03253408610559,19.85091726443911
mp-977545,ZrTc2W,238.342,113.467,264.80828323249125,117.31978867706812
mp-977546,Pm2ZnGa,56.628,28.549,55.85169133529584,34.649120696450474
mp-977547,MgZnRh2,140.599,62.854,155.15712357240133,55.9210727051868
mp-977549,Zr2OsRu,196.255,91.155,211.77231602834084,83.67800407267973
mp-977550,ZrScOs2,188.108,91.242,210.8986070842399,79.68395073769415
mp-977553,Yb2PtAu,63.365,20.657,70.55570861877557,28.417196476975445
mp-977554,MgScAg2,72.567,28.927,80.72901988314509,29.365910062320463
mp-977561,LiTaIr2,222.448,100.908,241.83828701477736,108.18084963520614
mp-977562,NdCdAu2,79.109,0.078,86.25123418236555,20.14566385953333
mp-977563,LiNbIr2,209.556,85.649,227.76297746326847,94.16411233365626
mp-977565,NdBiAu2,78.758,9.338,87.21294946468149,21.125773476946566
mp-977566,MgScPd2,101.961,30.299,113.59842494671642,41.28886109924822
mp-977568,ZrSnPd2,142.057,14.39,156.11503729691546,28.180533289777845
mp-977570,LiPr2Os,70.817,28.583,69.4682383962351,26.85489923499074
mp-977572,Hf2MnRh,175.266,73.696,179.86852232456027,76.21635273580304
mp-977578,Zr2TcPd,159.375,52.852,171.19477624999658,60.768571569832915
mp-977580,MgSc2Al,64.52,43.212,69.5891544989128,36.773368736813495
mp-977582,ZrZnRh2,172.759,59.624,188.97231342452176,70.98755501656662
mp-977583,LiNpIr2,183.332,197.522,177.36957335904418,31.25586933295801
mp-977589,Tm2TlCd,60.245,24.389,61.72453125838756,27.712776556963835
mp-978083,Pr2ZnAg,52.345,20.487,52.84777748414928,22.45627193669832
mp-978085,Pr2TlAg,52.072,15.917,55.0454144774456,20.604934049829893
mp-978089,Pr2IrAu,89.437,21.893,92.0641230644682,25.67489050180971
mp-978095,Pr2CdPb,50.071,18.011,52.9425086038826,25.960622214671137
mp-978100,Pr2InAg,51.212,15.684,54.433842471678005,20.411258191567757
mp-978256,Mg2TlPb,35.144,4.9350000000000005,39.00720302612058,11.851634384339288
mp-978261,MnBe2Co,172.297,95.017,184.22880419878547,83.98946924111901
mp-978265,Mg2ZnPd,72.28,25.948,81.03191633227688,25.561141923197273
mp-978267,Mg2ZnRh,84.27,29.257,97.08191130407876,28.753216940114463
mp-978500,Si2TcOs,264.313,95.512,294.10801568207137,155.67348597864097
mp-978513,SmErMg2,40.708,21.424,44.575480166093925,25.93992609518664
mp-978515,SmYAl2,61.458,35.85,61.73403295410967,40.40412592184388
mp-978519,Sm2AlCd,56.287,28.563,58.50249375752746,31.290987271123885
mp-978523,Sc2ZnCu,81.396,42.953,85.80938960940155,35.32872820817549
mp-978527,SmDyTl2,54.144,16.825,57.68199621143629,25.614808007836217
mp-978529,SmTmHg2,63.549,22.229,65.79002000114143,21.363216954945543
mp-978537,SmHoZn2,57.325,27.18,58.74111608052839,31.145312290044437
mp-978542,SmErIn2,55.814,20.911,60.842660451528225,29.399498919897443
mp-978543,SmErTl2,52.76,14.781,57.24892912451692,25.01381843181306
mp-978545,Sm2AgHg,59.622,18.699,64.17195669697972,23.410971080378964
mp-978547,SmLuIn2,56.065,20.047,61.30570864852301,28.908757168434956
mp-978549,SmLuZn2,59.305,29.737,60.35975707298271,31.9853331190772
mp-978555,Sm2CdIr,83.241,23.106,88.29933928018579,32.060797703788175
mp-978557,SmDyHg2,61.688,18.658,64.2116879349355,21.3630945629978
mp-978563,SmHoIn2,56.394,21.466,60.401743909656375,29.69392807078098
mp-978564,SmYTl2,53.46,17.948,56.699907637541486,26.641062388653214
mp-978624,Sm2MgIr,75.698,18.839,78.1494651451324,32.62934036101725
mp-978625,Sm2MgTl,46.667,21.479,48.90991434021217,27.33405917713231
mp-978796,SmDyIn2,56.106,22.203,60.20685727661271,29.855695078516476
mp-978807,Sm2TlHg,57.031,20.78,59.03222416134053,23.620786653852697
mp-978808,Sm2ZnGa,58.628,30.881,56.835281628398214,33.20796186189533
mp-978815,Sm2TlZn,55.425,22.421,57.07199890744409,26.791947776768783
mp-978824,Sm2RuAu,93.022,29.788,95.20068559667172,33.83694569844141
mp-978833,SmYIn2,55.99,22.726,60.11656349754964,30.749559679412044
mp-978907,TbTlAg2,68.02,20.09,73.54790239529568,15.661872090853276
mp-978911,TbYHg2,64.962,27.122,66.78419199970548,22.743967643646982
mp-978929,SrAcZn2,34.157,22.956,36.721247233821785,21.061818733585778
mp-978950,Sm2ZnIn,55.434,26.257,55.07542239636055,29.68941071448712
mp-978953,SrAcTl2,33.088,16.505,36.1205380819546,17.28786708025526
mp-978973,Sm2ZnHg,56.78,20.46,57.39659483831621,24.23730470703103
mp-978975,TbYTl2,54.245,16.993,58.020933072950946,26.812378581949023
mp-978976,Ti6Al16Pt7,131.544,38.65,159.8846533490223,80.41081251215414
mp-978988,TbTmHg2,68.08,27.068,69.85640318461758,21.987092795954897
mp-978995,TmMnRh2,135.403,49.453,138.41675416755282,55.11098054009843
mp-979044,Tm2CuAu,86.553,40.594,91.50294262721468,30.899069024721232
mp-979057,Sm2ZnAg,57.911,22.245,59.783449135697744,25.8960620669993
mp-979073,TmMg2Sc,46.104,24.536,50.188440577425474,27.95461747172857
mp-979176,Tm2AgHg,71.509,28.734,76.1710718390559,26.373369709530515
mp-979258,Tm2CdHg,65.115,28.297,69.4271691002271,23.21726276946225
mp-979267,Ta2FeMo,231.554,107.068,249.01061220813784,111.7947402863648
mp-979270,Tb2AgIr,96.964,31.058,102.9103877280864,37.18355356574951
mp-979287,TbLuHg2,67.917,26.88,70.18211740458875,22.759872259408382
mp-979417,DyYCd2,56.229,24.488,59.81902341323342,24.78940636749295
mp-979421,YErZn2,61.225,31.495,62.88651128764244,33.796294580451054
mp-979422,YGaAu2,85.925,3.029,94.39151269481472,11.9760481293377
mp-979424,YErIn2,57.035,21.058,62.90728928153956,30.81528992511861
mp-979425,YHoAg2,68.344,34.495,69.54176350773052,26.81610333750976
mp-979427,YHoZn2,60.525,30.364,62.98873232708512,33.53610153323916
mp-979429,YHoCd2,57.371,26.801,60.65960881088817,25.161157502211857
mp-979430,YLuTl2,55.052,16.293,57.63213091224632,24.97977174751443
mp-979431,YLuZn2,62.844,35.072,65.60210178698428,33.9607708112254
mp-979434,DyYTl2,54.087,16.268,58.464401885740045,26.973785766527072
mp-979435,YMg2Sc,44.842,25.076,49.00700360514497,27.444663724606286
mp-979712,DyYZn2,59.82,29.032,61.97786586219336,33.59150415283521
mp-979715,YHoAl2,65.616,36.683,65.67928185535494,42.26247953092176
mp-979751,TaTiFe2,211.21,80.366,210.94427706154428,75.89760744242756
mp-979910,VCuRh2,218.716,37.09,230.2710959014474,81.81041529161742
mp-979931,YNbRu2,169.646,62.863,184.17360754222213,74.56679542024547
mp-979934,YErHg2,63.799,28.694,69.71775424964156,23.410989938437677
mp-979950,AcYbMg2,27.943,16.494,29.38194534878881,16.008675423516415
mp-979961,Yb2AgHg,38.785,18.393,40.92737676643241,20.56461958515052
mp-979962,AcYbCd2,36.361,18.723,40.03729447925794,18.93244001541504
mp-979965,YbSmPt2,93.151,35.89,98.66313183796896,34.04617488894184
mp-979967,Yb2GaHg,39.597,23.271,43.68414377069405,22.746565899708976
mp-979968,Yb2CdHg,34.65,17.672,36.42004127838476,19.957768848511215
mp-979987,YbThPt2,106.657,30.747,109.33049334426894,27.77457476462199
mp-979989,Yb2AgPd,47.651,18.544,51.66177106081242,22.96854101734879
mp-980044,YbPrCd2,41.352,21.5,44.26772334224494,20.743717082703625
mp-980053,YbPrAu2,64.929,20.684,68.96962699492379,24.203329420581554
mp-980054,YbPbAu2,62.462,14.993,65.12424167669238,16.844056404863938
mp-980055,YErMg2,42.167,20.656,45.72449207890139,26.31750740907375
mp-980059,TbPmRh2,102.32,15.253,108.78047163833916,33.149097211897605
mp-980062,YbErZn2,48.824,29.049,50.745981316624565,30.56985038991537
mp-980064,YbErHg2,52.673,25.653,56.48499572454708,24.967738522454496
mp-980068,YbSmPd2,71.092,20.256,75.08441541861436,27.69252442148116
mp-980191,BaSrYb2,11.948,6.437,17.198665608269394,6.281217890771224
mp-980199,YbDyHg2,52.438,26.151,56.30217500554836,24.51846747746883
mp-980206,TmScRu2,132.156,53.361,143.03980918689834,42.48032337550409
mp-980392,TmScHg2,72.216,28.405,79.46512414916302,24.47105270083197
mp-980662,YTmAl2,66.272,35.136,65.86088738131305,41.78616965049522
mp-980665,Zn2CuIr,158.591,13.058,178.84232763770993,30.75246180879373
mp-980669,TmLuCo2,209.285,47.005,95.15920916119794,50.14903946549132
mp-980749,VFeRu2,232.744,108.03,248.7321045493188,99.68492516133198
mp-980942,YTmMg2,42.606,21.693,46.0996997975565,26.152643133723007
mp-980947,SrCaHg2,31.022,16.275,33.10422361680012,16.542878585346426
mp-981234,Yb2InSn,35.777,16.544,41.914951086987635,15.566101526228936
mp-981311,SrTlHg2,29.409,5.404,33.54118531098024,9.88857656894458
mp-981312,ZrCu2Hg,122.147,47.151,135.46563058774612,43.30744912934709
mp-981365,V2ReRu,268.222,126.088,291.0658955712496,123.8562990850509
mp-981393,Lu2HgAu,82.566,32.929,90.13021972526172,31.14243427603822
mp-981397,YbPrMg2,30.717,18.446,32.54350895672977,17.127159571822354
mp-981530,YbPrPd2,64.73,12.754,70.05769458845455,24.34489918787544
mp-981548,YErTl2,53.212,14.644,57.86761183201181,26.03680659576453
mp-981933,NaPd2Pb,72.915,14.516,80.8297123680661,20.620672840217736
mp-982009,Pr2CdSn,54.037,19.655,55.73403743461589,27.955594601133
mp-982010,Pr2CdAg,50.574,17.421,52.660047382182,21.767013595928656
mp-982015,LaDyMg2,38.201,22.827,39.226919974214226,23.93853251397533
mp-982017,PrYTl2,51.765,17.376,54.85195703133336,25.867553699374003
mp-982387,Pm2ZnHg,56.196,20.8,56.33598935659798,25.499661109046333
mp-982388,HoTmMg2,42.853,20.63,46.780463127265136,26.049938186985692
mp-982393,Pm2ZnAg,56.992,21.588,58.32521952891941,25.489692763542894
mp-982613,Pm2InHg,55.365,19.899,57.727343955394936,26.246426684626417
mp-982666,LiAl2Tc,115.85,61.853,129.754007454836,47.92711900358233
mp-982667,LiAl2Os,136.0,67.515,148.6956486766729,58.774969101413554
mp-982724,HoTmTl2,53.76,14.109,57.729266801234886,23.90322037794742
mp-982725,Nb2RuW,237.553,106.444,256.3342966429632,103.6402157706909
mp-982739,TmHfCo2,111.695,58.693,122.78191953727102,55.27700390182162
mp-982772,Pm2PtAu,87.278,24.629,90.94133886451756,25.520029607107737
mp-982869,PmYAl2,60.622,35.164,60.01488112515531,41.46684996845849
mp-982870,HfAlIr2,214.618,81.996,234.70981642915623,80.80569891328071
mp-982974,LiBeAu2,105.456,34.74,119.70910679578692,44.375263956992576
mp-983063,PmSmHg2,58.175,17.81,59.531666080544376,21.553654257610876
mp-983123,HfMgAu2,121.119,33.178,133.40862723168763,35.71558608919761
mp-983126,HoTmZn2,63.012,32.116,63.350767101236166,33.02444871847956
mp-983154,Pm2ZnPt,75.923,25.95,81.3164307618144,27.636637534552285
mp-983229,Pm2ZnRh,74.896,24.411,77.47512716969031,26.672865736756087
mp-983236,Pm2ZnOs,87.655,28.611,91.93668785605657,34.29090942409034
mp-983358,HfAlFe2,172.287,92.953,183.7347376384189,96.86144690914344
mp-983425,Li2PmGe,50.35,26.433,57.26393887226754,38.26108179095061
mp-983427,PmDyHg2,60.869,17.988,63.41762589676212,22.31845591010321
mp-983428,PmDyIn2,55.936,21.872,58.327654868767496,30.784875321675663
mp-983430,HfZnPt2,175.442,6.555,187.9803971836443,22.08952038069523
mp-983555,Er2PdAu,94.432,33.306,96.86239820385951,30.521302689366593
mp-983556,Er2MgTl,51.119,19.866,56.021149169678104,28.41236553822632
mp-983566,Ca2AgGe,43.252,8.029,45.35282021376871,21.10618096192482
mp-983583,Er2ZnCu,68.856,33.579,72.84242912542277,32.11207657675429
mp-983586,Ac2SiHg,49.655,16.682,50.384811313118405,23.34963458754165
mp-983587,Ac2NiGe,54.432,13.482,54.49714493616491,20.79507251126745
mp-983908,Er2ZnAu,77.836,35.198,83.94349930304371,32.0932437529286
mp-984104,Dy2IrAu,108.554,34.691,115.53866566374714,38.67804446887075
mp-984352,Al2CoOs,203.003,111.008,226.35535839920723,110.75352749283256
mp-984544,Dy2ZnIr,95.673,36.14,102.77525610297133,40.71356552715631
mp-984551,AcTlHg2,44.138,7.739,48.07315887215371,14.408572782762034
mp-984627,Dy2ZnHg,63.653,27.597,66.16927916683402,25.62486144357643
mp-984702,CeDyZn2,51.683,30.59,53.53939508465851,26.65798846829796
mp-984721,BeGaCo2,189.356,99.193,209.05932948373024,95.94111636370744
mp-984767,DyHoIn2,57.572,21.948,62.51023998368316,30.513053608393953
mp-984791,CaTmCd2,45.017,24.297,48.57051635068327,24.244016045464615
mp-985438,Ce2CdHg,77.089,16.069,46.113843529529866,12.302118562872469
mp-985450,CaAcIn2,37.832,17.546,39.63024373386051,18.546095010269298
mp-998965,TiInFe2,246.765,130.828,135.71878915917625,72.90622416781724
mp-998970,TiFe2Sb,187.429,27.731,197.82192435592304,89.77467279706103
mp-999002,TiFe2As,207.251,178.915,213.38579470219724,96.86522276001084
mp-999257,Sc2MnC,113.031,46.178,96.26256879001777,12.88826922872355
mp-999258,Sc2MnGe,81.341,32.765,72.80214475636089,25.77579029819997
mp-999508,MnSiNi2,170.737,22.904,199.5801235363058,35.68796682596871
mp-761842,Hf3SnO8,182.505,77.664,228.79712475429343,111.1086298775556
mp-20817,GePtSe,120.097,66.408,137.3967122960331,77.9469767806778
mp-27198,Cd(NO3)2,24.793,12.29,136.1511522177088,68.69445807133089
mp-27367,SeOF2,8.58,5.136,78.74347770212775,44.98201880921435
mp-4627,CoAsS,135.022,105.649,163.38769193454104,108.8682901669454
mp-9270,SbIrS,142.102,87.554,167.8926681841882,104.00988246750724
mp-13725,Li3PO4,70.982,43.757,141.8981476439559,95.6520466679889
mp-17287,TaTe4Ir,17.614,12.492,99.34886582425172,47.164089538765495
mp-23803,GaHO2,132.704,86.963,206.97471876263072,108.0729925273689
mp-23807,AlHO2,157.945,134.235,233.80771549060745,156.84174142752033
mp-2724538,LiCuS,25.653,20.946,69.18762272281981,35.59731849468098
mp-3345,Cu3AsS4,72.969,33.161,86.73583797790441,37.24491776423781
mp-35082,BH6N,8.054,4.31,77.63945675671049,61.51640701954146
mp-3934,Cu3PS4,78.018,35.591,98.37928648998464,50.01180591921956
mp-4962,CoSbS,113.942,77.053,130.39411952295222,70.29807536572066
mp-510346,In5Se5Br,26.65,13.917,50.684141569834594,23.2741761221686
mp-510347,In5S5Br,30.845,16.474,58.552454337453135,27.282698191746324
mp-553946,CoAsS,142.377,99.452,153.79965874495738,90.090447692417
mp-5540,SrB4O7,147.126,118.908,247.50190596045084,163.08201204990343
mp-5756,Cu3PSe4,62.703,27.883,76.04428365384092,35.14372056219298
mp-755543,HoHO2,107.968,59.121,150.30641743268137,81.52965441164346
mp-769365,ZnSeO4,71.196,28.639,156.97154861312066,84.47112447721626
mp-777422,DyHO2,106.131,56.792,147.32568785159344,78.81011210404843
mp-9711,Ba2Si5N8,159.326,99.809,192.4545429089645,132.6137547387538
mp-4117,Li2Si2O5,78.037,49.052,161.3586907011808,101.82040867844631
mp-23558,Ag2BiO3,99.447,20.823,115.6734524008436,46.53471320736836
mp-1016108,TiZnN2,154.329,55.654,190.15891554433023,88.50845168705342
mp-1019550,BeGeN2,189.429,145.289,224.91922463302936,163.23622378052906
mp-1029469,ZnSnN2,131.461,65.055,155.39239717998532,89.25147556514783
mp-1029633,CaSnN2,95.413,36.268,118.31415746681606,65.37108585517345
mp-1029791,MgSnN2,119.793,61.364,145.72494917263683,88.5511311174079
mp-1029932,LiVN2,80.75,46.341,168.91511913915718,80.08829112307933
mp-11582,LiGaSe2,34.67,17.624,48.78143484602253,26.59842471749747
mp-1189451,BeCN2,310.237,292.421,355.5802578336234,304.6214072088626
mp-20310,LiInSe2,29.929,13.618,45.8562060342962,24.919050047403125
mp-2979,ZnGeN2,161.837,95.434,191.50893979559424,121.64005973365788
mp-3606,MnSiN2,184.321,91.55,198.10452072639157,121.71105026046988
mp-3660,LiB3O5,83.932,47.464,194.3954055794779,123.03744587126673
mp-3677,MgSiN2,173.274,105.134,211.01953506999112,143.56652516389278
mp-7798,MgGeN2,146.174,84.791,176.18635731076125,115.18503426939212
mp-7913,BeSiN2,220.956,174.122,266.83876890474215,196.93191163103424
mp-862754,PrBS3,52.732,22.607,90.73392729800145,46.16055853092494
mp-1020059,LiGe2N3,122.768,86.576,181.72770700483844,120.1864637692031
mp-1029257,Zn2ReN3,132.827,19.372,198.6234024914045,78.96399400090353
mp-1029262,VZn2N3,152.958,60.484,191.18620400225677,90.26791319923116
mp-1029294,LiSn2N3,83.514,48.959,136.835213387328,82.3421524703747
mp-1029334,Zn2SbN3,129.688,64.008,162.42713653830245,93.22179501659627
mp-1029368,Mg2VN3,128.676,54.099,169.48511034780603,92.5052448117252
mp-1029378,Mg2SbN3,114.786,58.969,149.79007865520737,93.36774682707656
mp-1029403,RbGe2N3,129.861,83.772,152.2834557838207,96.91943716791998
mp-1029404,KGe2N3,135.298,78.625,156.96883692549278,99.15693414009442
mp-1029408,Mg2NbN3,118.753,50.692,171.96448927525392,89.86963429401624
mp-1029422,NbZn2N3,138.984,52.641,190.42328589128493,86.7285965456208
mp-1029442,Mg2TaN3,122.385,53.646,180.52766122222596,96.15874062827514
mp-1029458,Zn2CrN3,154.566,59.218,189.92654193943247,89.90793382325394
mp-1029520,Mg2CrN3,124.288,51.678,163.3156532668739,88.07383364044588
mp-1078233,H3CCl,3.07,18.317,46.89889316599712,32.98866142212144
mp-12268,BaCuF4,53.979,15.813,84.80155979799493,32.6071695170971
mp-13542,ZrGeTe4,13.848,10.867,64.33705139539433,28.490926742071757
mp-1374018,Ca3Sn2O7,128.105,63.424,148.86812886004208,81.25948752011591
mp-14433,NaGe2N3,134.959,77.934,167.35279707187485,105.8699931837327
mp-14568,BaMgF4,59.463,29.668,79.62976657295138,41.29387371290998
mp-20257,AsPd3Pb2,87.148,28.112,104.97260924622586,33.63087828243725
mp-21521,Cs2PbO3,35.148,13.531,57.81385116584049,27.02259231278867
mp-22756,K2PbO3,39.098,17.293,68.41080454851362,34.38092100384727
mp-28264,RbH3O2,23.952,10.843,54.741812051039005,26.07821867619951
mp-28369,GeH3Cl,1.243,0.967,34.139351752283744,22.266384217290625
mp-3258,Ca3Ru2O7,148.022,60.41,171.63824495446212,76.88464009612535
mp-3281,Al5BO9,159.267,78.213,192.58396174057745,119.47196778997838
mp-3451,BaVS3,64.505,8.829,71.84236305299672,35.41031736160931
mp-3881,BaZnF4,57.665,23.691,83.32069162829289,33.47791839902905
mp-3933,Mg2PN3,149.391,87.587,191.97956327571384,130.0637908114502
mp-3998,LaTaO4,122.275,67.187,210.24634233096089,100.25933129893716
mp-4163,Ca3Ti2O7,129.623,65.502,175.43115314367014,100.13690627082556
mp-4187,Ge2N2O,84.757,60.474,175.3836888068704,108.74165647521195
mp-4533,Na2SiO3,61.337,35.839,120.86223995453588,76.88749420180159
mp-5012,Li2SiO3,76.805,51.443,150.0440451646716,99.013702765868
mp-567817,HfGeTe4,13.342,10.704,66.26290804819277,30.417029375113874
mp-569106,Yb2CdSb2,32.654,21.329,47.00810751111888,25.04006290282948
mp-570172,HgIBr,2.114,1.935,10.319407482538496,5.125831060726126
mp-5784,Na2GeO3,53.912,28.066,103.41097632195984,62.35948156919957
mp-5853,LiSi2N3,158.088,121.468,233.6733400743225,161.9186950436994
mp-625054,AlHO2,106.355,79.123,203.3651901146707,136.4021190643795
mp-625136,CsHO,24.052,9.372,33.78898784673012,15.610536330058864
mp-625150,ScHO2,82.391,49.224,159.36360799110835,89.3097420144821
mp-626620,RbHO,26.262,13.038,39.82938937794347,19.57494686870316
mp-626785,KHO,30.922,17.006,46.04977677660248,23.32084259843322
mp-643009,SrMgH4,37.878,26.867,46.6769943734924,32.69286372631982
mp-685935,CdGeO3,60.062,35.545,126.63961586431664,62.383945940645226
mp-753798,Rb2SnO3,43.223,18.638,74.13800172387384,39.12591909352732
mp-754150,La3GaO6,114.302,44.069,138.26680240103173,65.59095672781883
mp-754718,NaCuO2,59.984,20.992,109.47347221963628,63.22979941472751
mp-8973,NaSi2N3,186.672,116.13,215.44662339981457,147.33630327604928
mp-9248,Cu2SiS3,78.911,36.107,96.51087917285396,49.18686986776659
mp-3094,SrAl2O4,83.129,45.935,140.13518676107884,86.02318049038415
mp-5724,AlPO4,26.709,29.63,154.03411050278692,96.72390617247036
mp-644271,LiHS,21.446,7.822,34.43062315113683,18.49594622489576
mp-1016442,SrMg6Ga,29.542,19.932,32.847955132308535,16.12621102212232
mp-1016601,Mg6NbC,44.097,24.745,60.544157168438915,31.18969935078633
mp-1017377,Mg6SiB,46.07,21.502,55.060693472173035,26.854661544421987
mp-1017387,RbMg6B,28.187,8.551,33.664466091988494,15.504483452943033
mp-1018048,LaNiC2,135.707,77.026,159.65157609884372,80.75025600864603
mp-1021779,Mg6VB,40.719,125.594,55.25310103224477,28.980782936222216
mp-1022051,Mg6CoC,46.621,21.126,60.420187075267215,31.952078336158134
mp-1022116,Mg6CuB,46.163,15.92,55.90952343713021,24.833396599626617
mp-1022207,Mg6FeC,46.323,19.814,55.32850474950561,29.57131751591914
mp-1022553,Mg6ZrC,41.717,18.43,56.85700303352055,30.280888307808
mp-1023319,CaYMg6,34.78,13.092,43.736442890886984,23.55452985828665
mp-1216295,VRe11B4,354.771,132.178,404.2721061060705,168.87691346499187
mp-1216398,VCrB2,279.569,219.064,317.17474101185996,227.57758279361985
mp-1217965,TaB2Mo,296.676,188.191,337.13847546988575,196.34100265854264
mp-1220383,NbB4Mo3,297.126,188.514,331.4136483075327,183.21171317325093
mp-1226242,CrB2W,301.097,201.556,338.0609653841464,205.2687034347495
mp-13501,ErCoC2,177.407,98.793,195.48778525830303,109.81773616290565
mp-13502,TmCoC2,172.008,100.095,198.9558284812497,112.1244661841082
mp-19741,CeNiC2,129.653,71.17,178.51510370454145,86.8119949937425
mp-20337,ZrPbO3,118.685,34.182,163.70401082092232,72.45272291928129
mp-2420465,RbHS,28.078,18.076,40.805428221251574,20.66610902619752
mp-3061,TbNiC2,145.7,95.952,184.25290263943376,99.44912495967117
mp-4037,TmNiC2,170.384,100.038,192.62665855872984,104.462129247734
mp-4248,YCoC2,164.762,94.828,189.01908358733132,104.95128840288824
mp-5106,TbCoC2,175.952,95.326,189.96264417073303,104.3589365363007
mp-5154,HoNiC2,166.911,98.467,187.36019136434243,101.57536812621412
mp-5246,KNbO3,103.853,50.363,180.5486552677488,99.77748990798992
mp-5383,NdNiC2,145.636,86.592,169.75174234212682,92.05547048325886
mp-569450,LiB6C,196.324,184.076,227.2077672317157,211.78995598379456
mp-5777,BaTiO3,97.867,51.278,169.77843985298335,99.60516678994378
mp-644497,BaTiO3,22.363,23.855,68.422806293501,-51.011990785650674
mp-752415,NbO2F,139.921,52.116,184.2997493839512,83.90436954371263
mp-8540,NdRhC2,146.188,69.882,174.78257447402146,87.09238512417065
mp-8758,SmRhC2,149.588,71.025,177.90391490564872,89.1642085127182
mp-9312,PrNiC2,141.136,84.913,166.73649031398753,89.91918180524385
mp-989613,TiPN3,178.71,62.581,196.54069401262092,117.09298124477456
mp-999088,ThCoC2,180.213,93.646,209.38052586961365,95.4370205616559
mp-999190,SmCoC2,151.847,90.299,183.38337252025724,99.30161651146692
mp-999287,PrRhC2,143.047,68.759,169.10343890035867,84.35951515908219
mp-23427,Ti3(BiO3)4,81.207,20.723,183.75077059869065,84.11848894530134
mp-30161,Si2CN4,134.468,25.701,184.7390372223867,114.38014142913804
mp-760411,Bi2CO5,99.855,43.642,147.96728975404616,66.75921287500408
mp-770118,Ba3Ti2O7,86.219,47.62,148.76490635898878,84.5317587322522
mp-22966,C(ClF)2,2.89,1.303,58.76362540072048,33.72280792137019
mp-25886,CuPO4,59.509,44.354,171.2651918817828,104.74060237131371
mp-28896,CuBIr,195.576,67.035,258.78135259338285,92.52589533354296
mp-28897,BIrPd,236.227,73.014,281.3852808188915,87.96910675734556
mp-675531,NaBiS2,27.308,21.644,61.32964168944144,30.35173424285338
mp-11560,TiSiRu,203.131,103.155,224.56871933769216,116.01400111910252
mp-560530,Nb2Cd2O7,117.943,7.723,196.9432015120814,89.12448398862409
mp-8648,TiFeSi,187.835,113.376,200.8583607285089,124.7717900803258
mp-10443,YbSiAu,80.541,46.731,96.73632291197892,47.02631357536104
mp-1105595,Zn2SiO5,89.508,31.475,133.8325657560583,76.92671167629871
mp-11752,Lu7(NiTe)2,66.909,35.549,75.62088641831463,36.724063228350154
mp-1189355,Zn2SiO5,91.797,31.336,135.89639266131988,77.86296607930127
mp-12806,Cu2GeTe3,49.734,21.715,63.526754040525944,23.280493117582104
mp-13089,Cu2SnTe3,46.933,19.796,60.03770629701917,21.381494984537024
mp-22065,UGePt,124.931,36.408,144.79951134448146,47.28281029048331
mp-2220557,Ta2CuO6,133.739,76.212,224.01171623331243,105.8531022206952
mp-2626703,BaCO3,50.172,19.045,89.24606156506759,44.5915054530408
mp-28945,Si2NiP3,108.208,56.276,108.632146775942,49.29979251591049
mp-2964,NaNO2,23.903,13.819,64.7118767704398,36.19099072158095
mp-29761,UCO5,38.531,24.118,172.186833853336,63.435717951396754
mp-35035,KCN,15.286,7.891,36.54063875018918,16.70906252872146
mp-4276,NaSi2Pd3,105.869,46.48,126.21373079711226,52.56504350628999
mp-4728,Cu2GeSe3,59.424,26.243,69.594089988213,27.516066623578947
mp-567278,Sr(Si3N4)2,148.737,99.896,215.62429559047231,146.69035290127505
mp-567771,Ba(Si3N4)2,157.981,105.514,210.79301412427628,144.36642506167
mp-753081,Li3(CuO)4,61.32,23.563,82.88632576073864,41.35190419359945
mp-867701,Li6CuS4,33.107,11.558,55.87099318263552,29.467501203472725
mp-1018699,EuZnGe,46.265,37.428,53.10751425330605,30.11804066138577
mp-1224184,HfZrB4,244.894,237.314,268.62083943099157,209.70672226233452
mp-2349989,NbAgO3,117.29,40.927,185.25108427247488,76.75506626214683
mp-2488451,Fe11MoC4,201.371,86.946,228.47313541912465,93.67233342162534
mp-27418,KAuO2,46.429,18.352,68.66124862976055,34.53713573809578
mp-637575,AlCr3B4,248.749,182.763,287.2051791184121,193.66819920547988
mp-996954,CuPtO2,172.104,33.467,183.69026648086572,62.635388162702
mp-996971,CuPdO2,155.3,28.501,163.39832196118027,52.461778590993205
mp-996975,CuAgO2,111.192,14.729,120.8950676721794,32.07606662254395
mp-996988,LiAgO2,75.626,6.182,96.51172267928324,36.50322038351888
mp-997084,RbAgO2,40.617,18.339,58.908817862015745,29.796161595669524
mp-1019509,B2S2O9,32.078,30.371,181.116728145664,114.07333484960516
mp-23349,Bi(BO2)3,51.828,25.333,157.9910655968951,75.91748228944357
mp-25317,Li3(CuO2)2,69.336,33.635,89.27254830188794,46.36858549884181
mp-549720,NbI2O,12.477,8.811,71.953811353914,40.0715404320313
mp-550070,NbBr2O,15.153,10.177,81.7075186976108,46.574840409023885
mp-768241,Dy2Ge2O7,125.554,48.501,162.5358227502873,81.29408883517489
mp-768680,CrP2S7,11.204,3.779,60.34149197366634,35.8230555129653
mp-996960,AgNO2,19.738,8.52,55.77509111968855,27.08946272376681
mp-17129,Sr3(AlN2)2,85.441,45.483,110.37494584460876,69.17695068676643
mp-1018702,EuZnGe,42.42,27.809,49.619088747172974,25.07211084144939
mp-13504,CeAl4Co,88.552,64.222,106.20653947770904,64.16338685613528
mp-16053,CuSiO3,31.454,19.986,150.4661451913593,73.68713363003351
mp-19955,Co2CuGe2,157.602,75.992,179.95527824067548,79.30308674953427
mp-2619433,BaCuO2,79.134,26.205,100.4344800600804,43.23377419014278
mp-29015,CaThBr6,9.879,5.456,42.66235471730321,17.010669562063423
mp-561033,CsCu5S3,34.94,13.442,79.7985458815931,28.66452219102805
mp-573755,CsTeAu,9.36,3.5869999999999997,22.25166544504101,10.230809091081635
mp-759636,Nb5O12F,177.534,52.642,248.20576849226535,103.40403497059776
mp-996964,CdAgO2,111.634,32.744,132.75807804699528,40.8014646405389
mp-997085,SrAgO2,80.968,31.012,99.30486258675374,45.71290448084082
mp-31043,H5NF2,30.335,11.003,82.81647018574658,54.74614549624693
mp-996980,AgAuO2,91.988,45.731,104.22668143740556,29.53573769063583
mp-997012,CuPdO2,136.396,35.461,161.29064834563917,50.93733020760283
mp-997098,CuPtO2,78.908,21.439,178.89623273994624,63.07101867929669
mp-24834,H4N2O3,24.063,10.798,124.44701927116046,84.32193289781975
mp-1047601,Zn(CuO2)2,105.439,49.916,176.61460989608454,77.79134719586142
mp-3671,NaNbO3,101.993,59.156,199.57460752999697,99.74834141480817
mp-504741,Hf(FeSi)2,181.136,91.29,212.71830352373195,116.48134360546312
mp-505554,Sc(FeSi)2,172.302,111.219,183.64325866741123,117.33710499268776
mp-5611,BaUO4,90.551,40.544,146.1347826018593,62.51726820814631
mp-571039,CaAlPd,62.104,28.522,77.94607575819028,34.119028440690165
mp-768342,SrNb2O4,147.015,72.302,205.9641292192004,124.55093964863184
mp-1191244,YbAlB4,163.313,141.6,171.68935014306604,132.17629478297786
mp-1191390,TmAlB4,181.007,153.686,196.75495385440723,148.48748008918844
mp-1191630,ScCoB4,223.874,172.568,249.3654346473367,174.8287990430144
mp-1196116,Sc2ReB6,226.401,195.537,250.11367967236583,188.9628061971319
mp-1210846,LuCoB4,218.149,174.986,235.36122540986824,175.09552691452978
mp-20944,Sr2PbO4,91.606,44.253,109.51150054263206,54.25381914858065
mp-23426,Al4Bi2O9,107.974,70.056,179.0749948753449,105.96204961039558
mp-27321,Na3(CuS)4,41.123,18.701,72.88691687209791,30.54753638061953
mp-27693,Sc(BC)2,190.279,150.727,202.2159361185792,168.17195592528938
mp-28954,Tl2PdSe2,31.919,8.703,49.828302647345986,17.23541335134127
mp-510306,Sc2CrB6,208.603,203.456,245.2222267241428,191.67171657131416
mp-542903,ZrPbO3,111.123,61.413,169.72278814014268,75.54833518931127
mp-649479,Ca5(InSb3)2,35.751,19.61,45.42878762878398,20.053665304257624
mp-8439,Ca5(AlSb3)2,39.186,22.791,46.28007092471096,21.02390843646537
mp-8631,LuAlB4,182.221,153.632,199.5339955180814,150.0543461153447
mp-1079629,Mg(BC)2,145.308,118.054,175.6322760807392,131.41501733447768
mp-2514049,Tm(CuTe)3,54.308,29.553,70.79683780277257,36.234949067283935
mp-2717767,Er(CuTe)3,53.642,29.57,70.48220260069749,36.08852050933772
mp-27891,Bi2SO2,43.238,25.849,111.5270085162112,49.33072144842948
mp-28254,LiRuO2,196.978,103.758,228.9449660885812,120.05841139496977
mp-4753,Al2SiO5,142.634,88.811,210.39340311679365,132.93972541259768
mp-766486,LiCuS2,46.834,21.639,73.57271213148137,24.552418137082075
mp-996987,LiCuO2,78.449,43.139,137.10688123525944,69.46595918928564
mp-676586,Na(VS2)2,43.286,17.426,77.03662962539575,39.67185560210163
mp-1029474,Ca7SiN6,79.323,54.329,108.76379584373667,66.46007415436382
mp-17177,Nb2ZnO6,143.453,58.521,229.7689800929503,103.18119394135395
mp-28364,Rb2CdO2,36.278,14.225,49.30624916063252,22.846425840081416
mp-4643,Nb2CuO6,105.183,54.339,229.87634574284377,104.90140923349708
mp-15960,Li5AlO4,80.916,54.227,102.72048772790924,72.23386331526763
mp-5525,KAlO2,65.943,40.349,111.09399573590044,64.51426392559908
mp-5881,CoSbS,118.332,79.673,139.14397865318844,83.78219539149129
mp-657338,MgSiO3,67.946,54.694,180.22010041387227,116.12637459549848
mp-1029448,Li5OsN4,70.247,38.982,129.55017555858402,71.78690927142374
mp-1029574,Na5OsN4,39.663,14.17,91.86720980341826,46.73091631711733
mp-12759,Zn2CuAu,112.113,31.739,130.32674973091207,34.32188699555214
mp-22992,TiClO,22.827,12.826,108.91232247233964,38.74743363904005
mp-23002,TiBrO,25.612,14.541,97.3887834821754,38.13063277750058
mp-23052,ZrIN,19.161,15.301,90.65266391344149,45.7018441300389
mp-27226,MgCu2O3,98.437,54.6,159.15475770806808,73.29335614842027
mp-27246,LuSBr,11.68,5.042,51.68116034723254,26.504880104099023
mp-27454,BaLi2Si,27.21,16.167,34.36762553418845,21.77179030298492
mp-27848,TiIN,24.065,17.04,95.27702610798322,47.6472307579076
mp-27849,TiBrN,27.742,19.671,106.67467408297172,54.11119355453023
mp-27850,TiNCl,30.511,21.367,120.48766238564748,61.76819022484053
mp-27863,AlClO,32.289,20.406,112.18251404417876,67.31187376913618
mp-27989,CBrN,3.927,2.16,30.58370809741182,18.90187944725631
mp-28929,DySI,10.461,5.307,44.86059565502652,20.941499498439235
mp-29898,Tl2Au4S3,18.684,7.562,64.70327608656618,21.0255798099026
mp-30053,NaCN,18.145,11.602,54.03737923789536,30.170289417455635
mp-3205,CaCO3,66.245,8.308,119.56310178434894,67.46913022389201
mp-3255,SrCu2O3,96.392,42.367,110.52911564162156,53.19862820738963
mp-3838,Li5ReN4,71.86,46.271,143.58700935509938,84.50965051189387
mp-546279,ScBrO,22.781,13.41,84.03524111138823,41.9922860672126
mp-568346,HfBrN,25.147,18.845,110.53037332568044,59.31403325007124
mp-569299,Be(BC)2,194.761,153.362,207.71375864719863,162.8837705947949
mp-570157,ZrBrN,22.365,16.412,101.2782970431756,51.46219833222828
mp-605028,Te2Pd3Pb2,33.635,16.154,94.18698477907444,32.12377116963725
mp-7466,CaCu2O3,77.591,29.185,115.48798008194784,55.63063845435261
mp-753059,TiOF,38.582,27.664,158.35169809068665,49.8575490812781
mp-754010,ZnCu2O3,90.85,35.895,152.90148364487618,58.16976378985334
mp-754113,TmClO,17.642,13.897,82.46941598696918,42.61887535578123
mp-754978,CdCu2O3,75.269,27.57,124.65959220182056,50.63177957492336
mp-755689,ErClO,19.511,12.683,79.61648234300867,40.8634495311974
mp-1022726,Ba2CuH6,30.978,23.505,51.08942588876567,27.487274897168657
mp-1029711,NaVN2,46.808,10.582,130.68738487761237,60.78419670561125
mp-1029832,Ca2NbN3,81.221,41.117,135.10084859575494,71.51208055052075
mp-1029923,Sr2CrN3,88.705,46.392,123.78812736505616,71.9735674208199
mp-16115,Pr2CuO4,124.593,50.075,169.67012952197922,71.81492651786063
mp-3582,Mg(BC)2,157.751,104.546,164.1593530511819,119.83419997409632
mp-36480,La2CuO4,120.072,51.158,163.30354762531087,66.19331409523208
mp-559612,KLiO,31.925,20.733,43.06372629155887,23.611236515625905
mp-1025309,Pr(Re2Si)2,165.622,103.392,251.93252040343987,102.60105569014732
mp-10284,YSi3Ni,120.066,85.329,132.5958703823231,76.9081151066663
mp-1070857,NdSiNi4,167.643,62.88,159.51229351247355,69.5005425146283
mp-1070859,TbSiNi4,151.371,72.048,171.252691741261,76.48895766506891
mp-1102585,UReB4,276.868,213.715,277.37802476142434,187.80195874313364
mp-14344,Yb2(NiB2)3,166.869,119.842,177.3470356175166,114.46737562356635
mp-21139,Mn2SnS4,42.268,29.863,78.74786351263954,36.35691787126598
mp-2224869,CuTeO4,67.337,37.194,142.3503749733961,80.15538731952445
mp-22967,Li2FeBr4,25.291,16.303,37.24597044074322,16.748503836622465
mp-22980,Li2CoCl4,8.956,1.69,36.82006928594373,21.146402121824416
mp-2724101,Li2HfO3,124.693,45.772,176.3589297265821,106.33913371128796
mp-27861,Ce(Re2Si)2,177.68,97.153,256.629593629667,109.2922442044754
mp-28250,Li2MnBr4,19.113,11.927,35.75530754037883,16.35520588808013
mp-29009,Li2MgBr4,19.912,12.262,33.74343396144945,18.13884599611823
mp-29674,Al2B2Ru3,230.449,103.58,260.8062624303332,104.22347019744603
mp-29896,Y2B3C2,149.778,37.797,178.61561591502095,116.86586789799124
mp-31136,Lu2NiSn6,65.165,38.649,76.80803883205854,32.936607174746854
mp-3398,Ho2Ni2Pb,74.964,28.014,90.02189421788083,32.87829268705034
mp-3805,Al(FeB)2,224.5,133.097,245.83183196737005,133.580836537431
mp-3988,BaCu3O4,77.551,32.974,85.33423344091307,38.144220284712866
mp-4071,Er2(NiB2)3,194.285,139.105,205.6665948827056,133.62570165369905
mp-5446,Li2PrO3,73.939,21.617,94.01771825289543,49.40146510521816
mp-545598,UCdO4,114.796,40.843,164.07447823918469,50.27931513748448
mp-546142,Na2UO4,42.279,24.83,103.66268101854888,45.34555878571034
mp-568624,Tb2B2C3,152.212,43.587,189.84874104945104,116.46754548920444
mp-569496,Ce(SiAu2)2,94.876,27.788,124.66240789765946,33.93610264899729
mp-569523,Y2InNi2,77.414,40.912,90.89307879521743,33.64284985016834
mp-570272,Tb2Mg3Ni2,48.67,23.537,64.47534098786426,23.203231038462185
mp-5938,SrCu2O3,96.447,44.756,110.97987328890434,53.327470221984896
mp-603719,AlPO4,233.171,172.168,284.4652951466581,205.29809179830977
mp-643273,NaH2Pd3,108.766,34.066,130.03282474509965,38.5137494969478
mp-643945,TiFeH2,176.085,73.984,194.37933879410423,67.27781979783265
mp-675025,SbRhO4,187.689,94.281,225.08523718146236,113.82057134404069
mp-675172,TaAlO4,208.145,120.083,275.8607227525032,145.35392268651464
mp-676861,AlSbO4,197.857,120.349,240.9914611847528,135.1663679212755
mp-752843,Li2CuF4,42.328,15.213,81.74134011051949,45.809220077489655
mp-752953,ZrTi2O,133.961,72.906,154.87463777712614,84.46322475641442
mp-753315,Mg3ZnO4,155.464,99.01,172.47404205426355,104.82835197644955
mp-753459,Nb3O7F,212.133,90.785,244.89898237424703,103.48303540409964
mp-753495,Sb3O7F,169.58,105.424,207.92276775256008,113.54822953639524
mp-753747,Ta3O7F,233.926,118.214,271.4716009755536,121.22671339751992
mp-753823,CeTh3O8,184.155,82.439,200.03564919928172,86.68009356615292
mp-754478,HfZrO4,204.4,98.032,234.968916963274,110.17419916862346
mp-754534,Li2CeO3,95.497,38.795,128.1239661780594,60.47418816432731
mp-754631,NaCu2O3,69.185,36.587,89.36269893133085,41.970825434800766
mp-755287,Ca3CdO4,109.381,63.525,123.16698709891058,67.09851145018004
mp-755594,ZnReO4,150.108,65.836,244.32380140546675,111.92555302620914
mp-760401,Nb3O7F,188.369,60.171,212.7637517512705,93.5843529099609
mp-760403,CaCd3O4,120.187,49.517,135.24052374239767,51.79765410795977
mp-7692,Al(CrB)2,227.31,178.062,258.98035294602,182.69106766868777
mp-7892,Mn2AlB2,199.942,155.272,239.33258111451295,147.40055868899483
mp-8207,Zn(PtO2)3,193.672,63.614,234.33067443663333,106.99617536257328
mp-8208,Mg(PtO2)3,187.744,69.992,232.7148879420681,112.18759052228926
mp-8212,Cd(PtO2)3,192.406,71.033,222.87678228235035,97.91621475800548
mp-866818,Ca2SnS4,42.206,26.896,63.445109720503226,31.59257331833468
mp-867744,LiTi3O4,193.852,81.153,228.4136937447149,69.78051790946037
mp-8771,Lu2(NiB2)3,202.613,141.073,210.2318098608974,136.2118025810353
mp-973540,LuAlB4,181.461,150.52,200.22331637146817,149.36533763465658
mp-976271,KTi2F7,83.985,38.463,116.61951631503088,49.7106977314678
mp-980004,SmGa2Co,93.932,39.1,108.25021092239356,49.87673551840615
mp-997005,CaAgO2,97.227,39.248,129.5619714562627,55.99577878701071
mp-997037,CdAuO2,113.831,28.905,127.38011065363357,42.4581373513046
mp-10057,VCoB3,296.493,203.341,310.6449771449913,194.91289760706113
mp-1014227,Ti2ZnN,147.64,95.909,195.17740583646565,106.66232167235484
mp-1014252,Hf3ZnN,149.253,92.143,175.2219508887589,89.46647511109362
mp-1014257,Ti3ZnN,145.73,94.61,175.23740257671727,91.87257753028932
mp-1025105,LuAlGe,84.386,58.396,97.1745259780792,52.40821845754607
mp-1025390,LaSi2Ag,87.646,55.061,97.64314496790811,47.280481660040515
mp-1025393,TmSi2Ni,116.907,64.624,140.43266093025878,71.08888127051436
mp-1025408,TmCoSi2,123.961,57.852,145.15546252750508,70.3047374827562
mp-1025413,ThSi2Ni,132.143,76.034,148.46135430660226,70.44785663316533
mp-1025420,SmSi2Ni,101.226,68.458,132.8745917519392,70.09161170924048
mp-1025453,SmSi2Rh,122.727,44.065,140.28004228994098,57.49264597535814
mp-1025504,TmGa2Ni,100.012,56.193,115.17659526237112,49.69834060948739
mp-1025552,LuGa2Ni,103.459,57.495,116.41730902977991,49.871109219824326
mp-1025554,PrSi2Ag,91.203,56.773,99.33642138281895,47.30038444535867
mp-1029338,LiV2N3,147.437,66.596,222.054556233234,107.802071939986
mp-1029424,LiTi2N3,134.345,71.603,210.0498660187283,111.17315227741076
mp-10381,K2CuSb,17.39,8.653,29.683422304656737,13.73249167879619
mp-1078497,YbGa2Ni,69.78,36.326,90.13857922545512,44.36328947344433
mp-11392,TmGa2Pd,100.437,49.426,113.75022264915734,44.5188277556877
mp-11401,ScGa2Ni,101.551,60.478,123.74621086909995,53.12822256021415
mp-11431,CaGa3Ni2,90.845,38.686,105.94925150596974,48.48916987553148
mp-11444,YGa2Ni,91.18,51.773,109.4127577364278,47.913372140395666
mp-11486,Y2(Al3Co)3,106.898,76.465,131.4432790347986,86.27212927102096
mp-11788,YbSmSe3,51.516,16.855,60.96394725697864,24.85456965627585
mp-11957,CaSn2Ir,75.338,38.941,94.37661727385408,38.50097304516984
mp-11958,CaSn2Pd,58.694,22.729,75.44803631474468,26.56490665706195
mp-11959,CaSn2Rh,66.913,32.392,87.18146963742178,35.094709481892714
mp-12382,ErSi2Ni,126.591,65.384,137.75475615067262,71.80708730178618
mp-12630,MgSeO4,60.907,39.538,148.93538083699278,89.4930498216455
mp-12781,ScAl2Ni,95.155,65.059,126.30774644877324,61.55947105874821
mp-12782,YbAl2Ni,63.701,42.116,89.60062070992716,51.4030723709677
mp-13094,YAl2Ni,93.804,57.961,112.48307711228487,56.4989579936054
mp-13512,CaNiGe2,74.289,35.772,89.47518468091998,39.63715209745643
mp-13513,SrNiGe2,66.576,37.748,82.44419597710588,39.07378494814897
mp-13520,Na2ZnGe,23.139,15.794,28.231627703117947,13.869727812936263
mp-13572,ScSiPt2,173.75,72.253,194.0570256297842,76.15746655091345
mp-14763,Ca3MnN3,88.138,50.938,119.35724729704764,69.63585725082235
mp-14815,TaTe5Pt,20.983,12.991,81.83716504192675,37.294281041633745
mp-15120,RbFe2Se3,20.081,8.887,35.152204873350016,23.1696165323213
mp-1524357,BiPO4,71.431,40.169,172.83209341524292,82.27949876086451
mp-15316,SrMgF4,54.98,27.75,83.69566899770216,42.632370481991146
mp-15684,K2CuAs,22.329,9.944,32.54532797953437,14.989010425743936
mp-15685,Na2CuAs,31.898,18.43,44.84546823225617,20.771990116684226
mp-16493,YAl2Co,93.21,44.624,114.73410268932562,58.877267718061226
mp-16503,HoAl2Ni,97.439,57.089,113.73385101941015,56.785416677380674
mp-16516,TbAl2Ni,90.658,55.21,109.6832098258392,55.451363115363414
mp-16517,TmAl2Ni,100.232,59.378,115.41668592953394,58.42018243303386
mp-18468,Mn5SiC,205.196,116.345,242.1256551059958,127.854332755651
mp-19968,CaIn2Cu,45.357,32.042,65.18245088563627,27.857539845366553
mp-19991,SrIn4Pd,47.85,24.856,60.26673448847603,24.007154008491245
mp-20343,NaAuO2,40.105,13.28,68.79656543653972,33.65887810873756
mp-20479,SrIn4Ni,47.444,27.899,61.42924154409271,27.505881122828843
mp-20497,SrIn2Ir,58.263,26.933,79.0548776623952,33.17877909491919
mp-20533,SrIn2Pt,55.359,26.311,71.9229700335182,29.68104765166118
mp-20754,LiCeSn2,47.381,27.191,45.00081856198244,21.3410789249537
mp-21024,SrIn2Pd,47.596,23.163,61.91897141347868,25.56521082847875
mp-21027,CaIn2Pt,66.9,26.547,80.81242239678085,31.402782928546824
mp-21124,SrIn4Pt,52.456,26.341,66.09181772691899,25.669288000016735
mp-22056,YIn2Ni,84.822,40.977,86.50491998119685,34.04460546507349
mp-22717,CaIn2Pd,59.191,25.46,70.13506981274736,27.488617134002265
mp-22739,BaFe2S3,56.257,27.532,63.62690781860539,46.15627628614263
mp-23431,CsCu2I3,8.359,3.14,25.52053465672407,9.309303737223132
mp-23891,NaHO,33.109,24.155,56.81776241411423,34.01555627923157
mp-23918,NaGaH4,13.991,8.089,33.850170394400635,22.13622486876081
mp-2654140,CaSn2O5,122.592,44.726,147.47158742799604,79.95225483494309
mp-27360,ReBiO4,136.128,63.278,219.81414553231463,100.5782281802074
mp-27388,Ba(SiNi)2,62.603,37.793,90.30558227134436,45.35309374142724
mp-27768,Co(BW)3,331.967,203.68,376.8355551698411,184.03158144948475
mp-27769,V3AsC,190.279,76.549,241.4615621556456,109.89821564947046
mp-28232,MgTi2O5,162.509,72.047,204.1926465686563,102.6461585103239
mp-29111,Al2Fe3Si4,173.637,105.494,198.559899227218,112.85681749988662
mp-29175,Ca2AuN,59.67,26.965,75.57244895185313,39.42182588847432
mp-29658,ZrNiH3,166.689,69.397,183.72808820158693,83.60243820246562
mp-29736,YAlGe,81.107,56.76,90.4376896782012,52.662968271664866
mp-3034,MgAl2Cu,76.205,48.745,91.26356903307854,42.928097961852195
mp-3047,MgGeO3,161.312,45.242,212.046780766774,124.12817229540424
mp-30598,SrCuSn2,47.714,24.239,55.94630218728718,23.43409718885507
mp-30750,CeAl4Ni,89.025,64.291,105.80991951281707,60.603279722842984
mp-31080,YAlSi,87.972,63.155,94.29481021155782,57.23369807575838
mp-31182,ErAl2Ni,93.639,57.442,114.21155710209754,57.20427567630026
mp-3128,ErCoSi2,124.346,59.572,142.70464222861045,69.34553015172457
mp-31368,KClO2,17.963,7.959,37.38558140854213,20.6470131794143
mp-3143,Na2SO4,42.966,23.265,119.67138396764666,74.39403463012596
mp-3521,NaBF4,28.014,12.385,92.86079166125832,49.7069746609678
mp-3602,YAl4Ni,92.48,59.11,108.02698098276636,60.260058200197186
mp-3982,KCuO2,34.178,17.182,56.55297010756446,30.979359389681417
mp-4009,BaPdS2,39.963,12.375,68.65046558878424,33.67100026304909
mp-4171,DySi2Ni,111.364,66.451,136.79896826464375,71.30847469099434
mp-4196,NdFeSi2,113.322,81.325,132.59033791918716,75.60334556445918
mp-4243,CaIrO3,154.842,70.601,207.38237393424708,94.64373343791335
mp-4253,V(CrC)2,292.334,44.953,331.44245590621097,165.16983211559912
mp-4283,LaSi2Pt,117.105,61.786,135.19136545286557,58.67002015944474
mp-4288,TbNiGe2,95.826,42.414,121.10753693527124,53.23759562653916
mp-4391,MgSiO3,199.288,108.878,252.00411871671645,168.96774516834614
mp-4406,CaSO4,64.243,31.298,150.48604898111725,87.27107644318639
mp-4472,BMo2C,316.049,172.69,354.69556242723604,148.03081226770374
mp-4673,SrHfO3,154.945,91.224,190.86363868674547,106.2745410076242
mp-4699,NaTaO3,127.767,47.441,231.05337194932812,115.75628030524628
mp-4784,CaPtO3,147.319,68.474,192.6790587041248,99.58278754472336
mp-4930,TiAl2O5,184.787,94.223,227.64219092423932,129.13664807577618
mp-4969,TbCoSi2,125.927,61.752,139.7587057893059,68.14420791150525
mp-510086,Ca2InN,44.387,30.063,60.48653448761935,35.18725667467579
mp-5150,HoSi2Ni,128.804,66.265,136.63194831588484,72.88086394895367
mp-5170,NdCoSi2,119.87,62.859,134.1958818389645,63.82460203717294
mp-5215,NdNiGe2,100.569,47.553,116.1432495497675,50.773410668792195
mp-541037,CsCuO,13.66,6.941,39.011276351174416,17.309955086628396
mp-548658,RbPO3,23.454,14.52,91.581654362292,56.03077118077838
mp-5493,PrSi2Ni,106.474,68.41,129.19183467057357,64.72284322705389
mp-553310,CsCuO2,29.967,12.092,50.02251270182249,26.98562276777994
mp-567229,LuAlSi,93.387,65.957,103.1254296707232,58.47849026690498
mp-569385,DyAl2Ni,92.155,55.971,111.94864738428666,56.11435103717202
mp-570303,KTmI3,17.864,7.948,27.33969160903912,10.952893183954185
mp-571506,TmAlSi,92.341,65.876,101.44382266532124,58.47131860705971
mp-574599,CsAuSe,10.009,4.7620000000000005,26.735855163960174,8.757344155414174
mp-5787,SrCuO2,86.243,41.969,107.3977370897751,54.45526879722647
mp-5821,TaAgS3,82.882,36.596,123.8319199561808,63.14041910838154
mp-5839,TiPO4,102.75,63.424,207.90952372340735,132.16972094472771
mp-643718,BaMgH4,36.372,28.352,47.09590668509548,31.058442200758815
mp-7077,KAuS,13.02,6.053,35.59847202182673,14.34733258051193
mp-7276,ScUS3,79.572,39.135,89.72781663786968,46.04366836271904
mp-7472,RbAuO2,28.089,12.606,48.92126335483224,26.895369983399043
mp-753490,TiCuGe,127.282,71.103,151.80312996538152,68.78701452390969
mp-754358,ZnSeO4,63.922,30.51,150.97701976724233,73.89142166235608
mp-755646,LiCuO,28.615,17.231,89.27984019616586,40.23232949120061
mp-755920,Ti3NO4,183.115,75.836,228.243500427798,105.65122368270733
mp-7572,MgSO4,72.292,48.378,175.40348353516703,114.89432509626516
mp-7574,AlBMo,211.148,134.6,251.02711972227692,139.30010658963403
mp-758302,LiAgF2,54.712,112.431,60.90881822768903,19.967249453241102
mp-761036,CdSeO4,52.257,20.744,128.85564282580833,62.90059020232814
mp-7639,Na2CuP,34.554,20.74,49.63677116796784,23.695752770945937
mp-7643,K2AgSb,17.264,9.354,26.55282267341599,12.964508410377716
mp-8215,LaYbS3,54.948,19.623,64.48670384567268,28.304470307234656
mp-8446,K2CuP,21.887,10.978,36.19367210188107,16.765775418951083
mp-8459,CdSO4,62.326,26.036,149.82055373364878,82.32864161855586
mp-862750,SrNiSn2,57.57,27.429,62.07919505207243,27.6408207554564
mp-863757,K2SbAu,16.33,8.023,27.232053568006613,12.470710327057397
mp-8670,Ca3CrN3,85.654,51.84,123.87542798098984,73.97170395028512
mp-8742,DyCoSi2,127.501,61.207,140.4161729233989,67.82716268971963
mp-8911,CuAgS,46.958,15.031,80.49722243906001,29.324951991559985
mp-9010,RbAuS,12.48,6.133,32.51751993229827,12.197055223927206
mp-9029,Ca3VN3,87.062,50.486,122.28508876889536,74.45818516966321
mp-9172,Li4TiO4,79.937,43.617,118.62643565348452,64.15392544161608
mp-9527,NdMnSi2,106.828,74.2,123.12324188839486,70.31141801885838
mp-9672,K2NiP2,20.879,13.474,48.862322106157514,24.053249347698927
mp-9687,K2PAu,21.569,9.22,34.16353749730533,14.16057454467436
mp-972406,YbSi2Ni,94.349,57.765,111.4865560563718,59.81127029980004
mp-9731,RbAuSe,10.503,5.168,28.891555945233023,9.84783102706571
mp-973633,LuSi2Ni,128.819,63.787,140.21094093713904,72.52240272088723
mp-9768,BaSb2Pd,54.789,21.62,62.544198798045336,24.563200151020368
mp-9778,K2AgP,22.143,11.106,31.955335716776244,14.702104742833734
mp-980760,SmNiGe2,99.958,44.624,115.779127766276,51.55318730549785
mp-982511,HoGa2Pd,97.878,48.755,111.62449545550474,43.75833684545827
mp-9881,KAuSe,13.45,5.715,31.210485358159612,11.898257948307464
mp-989554,LaMnN3,135.546,49.111,196.07922758244536,70.41834223722199
mp-989609,YWN3,144.802,69.624,219.54875683141427,105.95114437376846
mp-996979,BaAgO2,67.271,27.745,80.31616319847974,37.43750778479509
mp-997024,CsAuO2,25.856,10.8,42.66317793282752,21.045359750131865
mp-997034,BaCuO2,76.627,34.529,92.55554474817892,45.922275814422
mp-997041,NaCuO2,48.702,22.051,71.76585154101141,41.054604783150154
mp-9985,NbNiB,230.082,138.977,281.0175216549055,136.1193691069495
mp-997004,CaAgO2,97.491,51.187,125.6085945588274,53.44616751732509
mp-997031,MgCuO2,136.108,63.634,180.41786740500768,83.5122233866703
mp-615141,Pb(ClO2)2,16.556,9.506,65.45521603376368,28.69886402142411
mp-29541,GaTeI7,5.463,2.9619999999999997,21.138111321332115,11.68853593702362
mp-675009,Y4CuTe8,48.972,11.154,65.36544707152561,31.108014399006976
mp-1012551,BaBrCl,29.178,12.482,33.61351981134198,15.31337132327673
mp-10240,ScNiP,147.371,92.423,164.4816934018325,90.48942805684904
mp-1029251,LiRuN,104.541,58.104,195.31389371839003,87.29695856795361
mp-1029336,KZnN,36.495,12.387,48.701819961266665,25.017966309676662
mp-1029420,RbCoN,39.714,18.619,69.12571024050541,36.91147788047723
mp-1029444,KCoN,43.832,33.031,75.7076238182949,41.68701675167128
mp-1029466,NaNiN,60.312,29.1,89.5342493126841,49.95722580306549
mp-1029491,CsCoN,24.172,11.342,67.04763350108699,31.601011594556574
mp-1029536,MgZrN2,149.501,69.353,184.96592567565617,103.13174911834167
mp-1029605,Na2MnN2,44.14,22.139,83.63745236713703,41.56824509471098
mp-1029702,MgTiN2,161.671,77.978,200.8243604857636,112.88869751115612
mp-1029834,HfMgN2,157.33,75.632,193.92984636778897,112.8596570383555
mp-1029903,LiNbN2,110.992,59.002,203.82142597337824,96.47793398022776
mp-10456,HfSiPt,192.495,100.864,218.51075600777824,93.690130045784
mp-10457,HfSiPd,169.282,93.146,188.8216563072475,86.75355341526515
mp-10469,NbSiPt,215.103,82.355,246.56964592970755,103.95539136352004
mp-10470,NbSiRh,221.086,113.62,244.8059084584374,107.37154883339711
mp-1102762,SmAsS,79.756,52.875,88.95537459104818,50.732307403652406
mp-1105765,NaNbO3,111.184,84.477,205.66972383454487,102.53084042259673
mp-11649,Ca3SiO,58.542,46.042,66.88686289726081,40.68494907518139
mp-12480,ScPPt,149.536,69.61,177.95166669079055,74.13655025322724
mp-12613,LaNiSn,73.286,31.135,84.93654806103474,38.51965522687416
mp-1340758,YCuO3,118.951,56.266,181.84207350821185,83.58033719937926
mp-1345518,CaTi2O4,155.411,86.945,197.35218093909887,98.2552489899706
mp-13459,NaCdSb,32.293,13.704,40.33013107937452,16.626124941179892
mp-13472,HfSiRh,189.725,98.602,209.48085586887305,100.15729972707808
mp-13916,LiCaSi2,47.84,36.127,56.1229794698388,36.05270975992763
mp-15236,CrSbSe3,31.363,19.498,70.95921215844534,35.42406192437032
mp-15641,CaMgGe,46.805,37.809,51.3802208457346,30.156633979274485
mp-15642,SrMgSi,43.089,33.218,48.40130093089148,30.172993866667795
mp-15643,SrMgGe,39.991,31.634,45.403411442523826,27.19264176637685
mp-16253,BaCaSi,31.094,18.718,39.6407746109396,19.90837819135465
mp-16356,TiNiGe,158.126,83.324,180.9230947292113,90.61541246853868
mp-16646,PrMgRh,72.105,27.733,78.56076458347108,30.116883782579013
mp-16919,Y2HfS5,85.427,45.222,107.5029104450798,49.07199812513717
mp-17275,SrY2O4,112.287,62.641,143.78448678495565,81.93312668592978
mp-17546,Cs2RuO4,18.521,7.793,71.5873075311113,34.71233385371452
mp-17612,Ba2SiO4,71.162,30.552,120.15893132578928,70.68421369400441
mp-18300,Ca3AlSb3,37.606,23.128,46.78933963224811,23.822157950338717
mp-18513,Ba2MnSe3,35.573,19.958,45.20605475684109,23.24405725703118
mp-19727,PbCN2,22.297,6.787,91.33041520142496,48.18068380262551
mp-19728,YSiRh,124.598,62.797,144.24918144524264,67.45097088301337
mp-19809,MnCoSi,160.562,85.796,175.2361169197486,96.25155459130332
mp-19893,PbCO3,57.971,21.437,104.43272426987448,55.54062399147694
mp-19967,LuMnSi,103.621,55.573,109.10552528288817,66.1001747858431
mp-20001,SrSnPt,69.787,28.578,78.4397177971333,32.68830690393031
mp-20007,MnNiGe,142.033,60.689,152.9195978900754,77.71658253500699
mp-20043,ErGeRh,122.853,56.481,141.08409320946143,63.6394512721034
mp-20059,ZrMnGe,81.216,68.296,131.9423138753913,85.50263993403401
mp-20083,ScCuSi,110.432,61.217,126.10998280443488,66.92834336080534
mp-20144,NbCrP,214.246,115.435,236.45276704918857,112.07197457147356
mp-20147,ZrMnP,174.291,111.101,182.19201574881473,106.50708380739408
mp-2015815,PCl3O,2.568,68.257,46.87123911085599,24.617701722318746
mp-20192,HfMnSi,163.306,85.586,168.02175762028,103.84840844601074
mp-20203,MnCuP,104.956,25.421,121.41961196375917,62.6592406675107
mp-20249,MnCoP,201.268,108.089,208.56854136427245,103.74756207777304
mp-20255,TiCuSi,147.728,77.37,171.2443785503063,89.88598169049057
mp-20268,TiGePd,150.678,68.935,167.95665093978687,77.99613259145055
mp-20281,DySiIr,146.12,72.446,166.21349149378486,79.20386180558229
mp-20335,MnNbP,227.683,277.419,233.6274540737437,113.01887754348036
mp-20395,VAsRh,183.377,76.499,193.56534816150983,80.69467457453165
mp-20436,TaSiRh,234.349,118.177,258.8519610176018,110.2333458575124
mp-20489,SrPbO3,105.376,50.244,117.42190285746616,59.55130163748899
mp-20490,NdNiSn,82.249,33.482,94.76658651305488,45.03212138522929
mp-20492,ScSiRh,147.712,73.9,166.11853607144087,83.98695934604663
mp-20525,CuSO4,63.477,28.551,171.2978063459699,104.23966794945882
mp-20557,YSiNi,104.111,62.677,123.83040218322893,60.468011056954474
mp-20697,ZrNiSb,133.345,55.766,150.0783888643813,68.75867890759275
mp-20733,ErSiIr,151.348,78.089,171.15492442586603,84.15413682525404
mp-20777,SmCoGe,100.361,52.148,113.64831564253087,55.778024338657595
mp-20892,ZrFeP,195.86,119.784,213.4494715229096,120.40323225961338
mp-20932,NbNiP,215.347,97.397,252.6221882385246,101.6840598980716
mp-20949,MnSiNi,162.799,86.46,175.432858074388,96.67443458994433
mp-21003,Y2ReC2,122.595,74.404,174.2389613089641,100.39918738545798
mp-21069,YSiRu,131.731,50.299,150.84875686794925,67.96673418575458
mp-21157,TmNiGe,108.787,61.869,126.95718298738426,60.973482356585656
mp-21248,NbSiIr,244.124,121.83,271.63461310421974,121.59804588178196
mp-21286,MnCoGe,145.917,63.269,159.27349271085708,82.13059145545712
mp-21306,TiCoSi,185.534,100.664,197.9979402538017,109.43535915013652
mp-21316,TaSiIr,258.184,125.054,286.28026643222165,125.95769598274656
mp-21336,TaFeP,254.448,143.287,291.65183910539616,139.55176574263697
mp-21340,HfGePt,176.04,79.095,191.6004561814381,68.88728895707487
mp-21347,CoBMo,299.575,177.92,333.9122160204235,154.76579494984583
mp-21371,VCoSi,216.773,113.415,233.47182829194884,122.95998132528808
mp-21449,NbCoP,233.807,118.544,263.58499879407884,118.97391440358612
mp-21455,EuAlO3,177.251,105.877,196.81857546263768,113.5137975816803
mp-21464,CoReB,352.135,122.896,381.35991203522144,139.17657822042148
mp-21490,CeSnPd,77.982,32.062,91.80740232240092,38.34790070714726
mp-21495,CrFeP,238.171,144.123,256.9055212454768,141.779290505289
mp-21609,SrCuN,67.221,34.378,86.44315394409735,43.51419233786454
mp-21851,MnSiIr,163.928,77.404,210.641570378558,91.93394376773804
mp-22036,ZrSbPd,129.477,35.872,147.47841787407623,56.641916094754386
mp-22174,Zr3NiSb7,88.746,53.506,101.02162817519064,44.559984454005146
mp-22206,TbCoSi,110.589,62.194,133.01156555943805,67.6109335337612
mp-22212,NaSbO3,128.735,94.186,170.24558806898517,109.81162330429952
mp-22220,LaLuO3,146.049,71.956,163.2729075296724,85.11195733855199
mp-22227,ZrMnSi,146.187,81.493,152.364495166495,96.50906215256856
mp-22258,HfSiMo,188.59,103.44,206.64042857256956,124.85471354812118
mp-22262,CoMoP,244.767,123.348,293.9389490549525,115.81352323568
mp-22268,ZrPRu,208.218,108.505,229.49986115749303,109.26145270955668
mp-22275,YSnPt,108.198,41.035,122.08961529543862,49.48945520850948
mp-22284,SrInPt,62.337,26.962,72.85756380489767,29.892244727939417
mp-22287,NbGeIr,223.174,94.126,250.14939544359305,108.2904336167861
mp-22302,ZrVP,177.538,107.666,189.6072623440564,122.40284002832968
mp-22307,ScSi2Rh,140.355,85.12,163.5118636242239,80.0159067760023
mp-22390,SrRuO3,166.165,71.269,183.3795930878387,79.48862919549194
mp-22414,CuSeO3,27.12,28.384,143.24205566038964,68.08992868251259
mp-22426,ScSiNi,134.315,71.704,150.24250543744472,75.45597243748375
mp-22428,SrCeO3,113.27,51.662,130.5777580528596,60.405947247664976
mp-22434,HfFeP,216.434,126.335,226.9938832768501,126.2242110264169
mp-22440,LuSiIr,158.407,84.508,179.5832112269908,88.6623757691372
mp-22489,HfCuSi,153.001,87.244,167.5623742379648,83.78810902409084
mp-22522,ZrCuSi,145.249,85.05,159.5450090307296,80.38914144827129
mp-22546,CoAsRh,195.109,63.555,212.52069554776057,76.05304173329975
mp-22565,MnSiRh,154.446,70.41,180.8845664643622,78.22908810058625
mp-22617,YNiSn,88.056,43.823,103.35784310837283,51.2513516773786
mp-22636,TaNiGe,196.746,73.151,226.91897345277937,97.51668389722283
mp-22637,HfNbP,179.549,100.086,195.82152691460416,109.19075223032118
mp-22670,HoGeRh,120.656,55.178,138.13419294126902,61.440766478089856
mp-22701,ScFeSi,126.32,60.573,161.65179635268385,90.34110305764943
mp-22722,NbSiPd,194.818,82.78,221.99790358696148,98.154880724483
mp-22759,CoBW,325.769,195.015,355.288057489989,170.53698932145565
mp-22801,LuSiRh,137.113,70.8,154.79751578155194,73.2066456767456
mp-22971,SbSBr,7.311,3.768,48.736605613890184,24.6979611993565
mp-22982,CuBiS2,49.799,22.669,77.57938806373619,33.91537858348857
mp-22996,SbSeI,7.09,5.167,45.82153288407151,22.35445668516989
mp-23013,U(ClO)2,24.898,15.1,93.51259618224276,36.6234342763174
mp-23041,SbSI,6.858,45.967,48.07411728607676,24.14772661279489
mp-23514,BiSI,7.175,20.538,45.663475100141575,22.674015905375533
mp-23526,KClO4,16.231,8.709,89.7374439343442,61.71554864520006
mp-24290,HS7N,1.828,0.961,48.37929540226533,23.302351385610987
mp-2719342,Ca2SiO4,99.117,45.967,147.05596221866344,88.4754233591995
mp-27381,CsSnI3,9.875,4.784,18.72520311837679,8.757514311257893
mp-27425,Sr(HO)2,41.76,25.359,83.03773117975291,45.19864927470539
mp-27865,KMgCl3,31.053,15.706,37.102349592404195,17.953352336972337
mp-28024,YSiPd2,126.394,50.1,143.82604500256502,56.895022864125686
mp-28049,BaBrCl,15.233,5.971,33.81085561558325,15.009271739248904
mp-28270,KCuS,16.721,5.768,34.97473511507013,15.769307042417775
mp-2878,Li3PO4,70.849,42.146,139.27418122903993,93.9919273784158
mp-2879,SrSnO3,137.515,74.953,154.27079770151283,86.87400100707448
mp-2892,BaNd2O4,97.689,48.593,124.84897954956053,64.06915708732066
mp-2895,Mg2SiO4,119.124,74.609,178.81885999619757,116.570462494774
mp-29356,NaTi2O4,143.935,77.985,204.95845704140032,99.48535584273836
mp-29374,KGaSb4,21.147,13.849,42.52029676538527,21.966979149637577
mp-29476,Cu3SbSe3,51.967,17.901,76.81227907092206,28.370480104225376
mp-2955,NaMgF3,69.146,41.752,84.49707869826213,49.94201345902058
mp-30057,LiCN,23.889,8.104,48.806226396112635,22.78476191643694
mp-30156,LiMgN,96.016,79.534,103.36180086371364,78.15940658045385
mp-30206,CsClO4,12.446,5.747,70.39835926190439,47.74271753497109
mp-30209,LiBH4,15.533,7.936,54.32142153865503,42.09799012738432
mp-30301,LiClO4,30.023,18.037,120.47029748074024,88.28701371491856
mp-3031,BaSi2O5,58.4,34.2,140.1408315028344,89.9297861262358
mp-3032,RbBF4,16.78,8.554,70.31406064462973,40.63860184747281
mp-30437,CaSnPd,66.403,24.277,79.37961069120176,31.902590724193495
mp-30528,MnTlCl3,34.135,12.796,38.63771425752011,15.56040076211018
mp-3081,BeAl2O4,214.562,147.365,244.0911567336551,162.61287854781742
mp-3102,TaCuS3,39.914,25.486,117.5988143733702,57.62051607705227
mp-31116,LaScO3,153.924,79.013,173.42801596869717,89.60258183753699
mp-31118,SmScO3,162.11,81.837,183.56818176819095,98.84030499519923
mp-31119,TbScO3,163.461,82.231,187.57792330292685,103.16904382117484
mp-31120,DyScO3,164.678,82.262,188.61218285545428,104.24109329608144
mp-31152,CaGaPt,81.877,24.132,96.41721591554992,36.70952571247208
mp-31153,CaGePt,89.711,35.644,102.84146105639292,40.070289299760496
mp-31468,LiCaN,69.668,40.787,74.43752752445792,45.75349034431285
mp-3164,BaSO4,51.775,20.306,127.92306499768064,82.1139600573367
mp-3196,NdGaO3,161.789,76.582,195.35538170272187,91.6206710148832
mp-3204,YbSnPd,69.65,25.619,79.48335626297936,32.32479908507806
mp-3372,Rb2SO4,25.157,13.378,84.67939105259563,55.44793555011083
mp-3378,SrHfO3,155.349,92.483,185.31153717087932,103.68067384192862
mp-3472,PbSO4,38.265,20.584,140.24744774226662,81.42858926059945
mp-3733,BeTl2F4,24.832,8.47,50.35620309583001,23.664020830032253
mp-3792,YAlO3,190.06,111.803,223.21381535537415,127.76865005931909
mp-3795,NaZnF3,68.824,30.263,91.32796997592028,37.81774431358386
mp-3822,SrCO3,60.547,29.338,109.3810637761036,67.87498806646876
mp-3917,Cd2GeO4,99.731,33.82,135.99652312718828,61.41892819486888
mp-3952,BaY2O4,113.773,59.353,135.73883864828585,74.25655382383432
mp-3991,UMoC2,255.507,145.732,268.7482313250591,140.01934469265316
mp-4019,CaTiO3,172.274,102.365,198.67938116899637,113.0070919813926
mp-4054,YAl3Ni,96.501,59.711,113.26644074231854,63.85146469197982
mp-4056,CaSc2O4,144.156,82.699,173.7964851023482,101.42555638762916
mp-4112,Tl2SO4,23.802,8.835,85.4238381574512,48.90382224487872
mp-4192,Ca3AsN,59.9,45.452,66.0506527106668,44.20563229459295
mp-4308,PrAgAs2,74.255,42.754,87.88294570550859,39.01508550578488
mp-4355,YTiO3,184.267,77.988,207.40421913992364,97.40738557813876
mp-4387,SrZrO3,145.804,82.978,172.94669196870674,94.87182275101982
mp-4438,CaSnO3,143.373,77.611,164.24186842169024,89.08688685020996
mp-4468,CuSbS2,46.586,26.263,82.0622477773606,34.640917433701325
mp-4471,ScAlO3,205.767,116.509,234.96709731581817,134.05353149077513
mp-4481,Ca2SiO4,89.257,49.717,135.93222926207957,87.02398725468986
mp-4499,MgAlSi,67.736,39.357,77.61671449497159,29.381883299730443
mp-4500,ZrNbP,173.675,100.233,188.730185759332,104.92599520053288
mp-4529,K2SO4,28.688,16.186,95.75033766705847,63.01890725927143
mp-4571,CaZrO3,149.043,85.19,182.94916084127473,100.44982291679862
mp-4626,CaCO3,71.259,33.183,126.7797443302305,75.35278353181485
mp-4789,PrRhO3,178.185,61.536,207.64702485512888,88.02884938654967
mp-4864,CaMgSn,40.739,28.662,45.38502889743921,25.37581523135131
mp-4934,Al2SiO5,176.285,183.311,217.6214415656446,130.6665082545128
mp-5014,CuAgS,43.849,16.322,86.08814457708806,28.869376795839973
mp-504935,K2PbO3,38.231,19.096,68.6798555144658,34.71661991822115
mp-505206,Ta3SiTe6,20.916,15.495,83.74447449596946,41.36126050281835
mp-505282,CeGeRh,109.376,29.558,122.12613490788944,46.840785598292165
mp-505540,TiAsRh,176.642,76.463,200.12031454486612,89.31784353425901
mp-5056,Mn2SiS4,57.588,26.202,76.25608014805897,36.32023615592736
mp-505782,Cs2SO4,21.231,10.568,73.58067758444324,47.27048237371776
mp-505822,TiSiRu,189.963,75.142,219.60463072501355,100.83189135200053
mp-510152,DyNiSn,22.797,5.475,104.68660013921584,53.44854764373365
mp-510409,TiSiNi,176.474,104.824,195.8035570206208,105.7111282701784
mp-5126,ZnSO4,71.11,32.925,174.4666140805446,106.72473489578844
mp-5158,KNO3,17.312,8.418,55.857681169366245,35.19645556197063
mp-5163,LaRhO3,173.36,58.779,200.64631693675528,81.71064684850234
mp-5186,ScNiSn,93.391,38.313,117.68883945866214,56.68767496420709
mp-5193,SrZrS3,69.284,36.069,83.64505721143527,40.56721705887836
mp-5223,GdAlO3,184.501,108.981,212.822585089453,121.80871129309408
mp-5251,Ca4CN4,66.517,33.929,95.68496829644909,56.57490073856096
mp-5285,SrSO4,60.595,25.048,142.11729396354824,91.72954987081847
mp-5305,CuAsS,66.107,30.222,84.82303719933107,34.40084158875934
mp-540771,BaZrS3,69.975,33.616,80.39995327442249,36.609933772517145
mp-540839,CsPbI3,9.811,4.607,18.93173582901376,8.245900447646555
mp-542172,YbMgGe,48.382,40.06,53.07976853468855,32.150483990555806
mp-5473,CaMgSi,50.491,40.749,54.48619105241652,32.641246842787524
mp-5504,BaCO3,51.872,21.914,91.13109082463382,56.005158924556696
mp-553939,CaCO3,72.622,29.508,125.11847704141309,77.18182343756439
mp-556075,SrDy2O4,113.78,63.877,147.86399069905116,84.04494084054562
mp-556084,KClO3,15.73,8.247,62.898859127336046,39.930354611892774
mp-557753,K3PO4,36.838,19.669,82.77008422569993,48.50412832360224
mp-560445,SrEr2O4,120.303,68.24,150.79620374970702,87.24399822952047
mp-5637,SrZnO2,92.231,50.077,115.6291146956626,59.32734436029111
mp-567601,Sr4CN4,52.92,25.037,78.24595575267593,46.33926899304638
mp-567681,CsPbBr3,11.602,5.511,23.310509594403747,10.213514079276402
mp-568424,CaAlAu,66.363,29.879,76.9916094519423,33.36873333455451
mp-5690,GdScO3,162.616,80.921,176.31677346166856,97.34345851621715
mp-5692,TbRhO3,185.684,68.207,220.73619331268537,98.16899657434648
mp-569267,Ca2CdSb2,28.687,19.747,45.018017424818304,22.20000253896363
mp-569511,NiTePd,120.245,37.576,141.08470323915702,40.01796462125389
mp-569628,CaCdAu,53.32,22.156,61.76783832781938,24.66350879528062
mp-570689,CaInPt,72.999,28.849,84.4383922486697,32.660830004188824
mp-571440,K2CuBr3,15.253,7.497,23.25697170070068,10.908794141274631
mp-5788,NaUO3,83.733,53.954,159.07863823580587,65.12877945395822
mp-5900,Ba2ZrF8,48.085,23.193,100.76385463804054,44.53451351283637
mp-5915,TlNO3,21.657,8.29,92.13894094216624,46.208418662488306
mp-620571,CaInPd,60.927,22.758,70.47252065363747,27.00525876292121
mp-625152,AlHO2,144.446,113.213,221.66618009567063,152.83123618099074
mp-672645,TiSiRh,187.886,89.044,210.67826900190127,99.04064500949512
mp-695998,K2ZnH4,16.778,11.148,30.365848915311275,19.264955986643585
mp-7066,ScNiGe,124.163,63.254,141.6322369423083,68.57718802709752
mp-7352,MgCuP,91.308,48.485,115.7590871723592,45.708792896338856
mp-7405,SmAlO3,179.771,110.879,219.86215999266784,127.06455161784332
mp-7427,Ba(ZnAs)2,51.414,28.814,56.01739616805329,27.530669375923
mp-753360,BiOF,44.218,27.419,126.2014858774039,53.1571766892412
mp-753508,LiCuS,38.109,15.988,57.04367033834792,30.990912058089407
mp-753605,LiCuS,26.248,16.527,60.24651577715031,26.6286732892018
mp-753656,SbOF,19.518,13.074,113.12555545442622,51.37740031003122
mp-756630,DyAlO3,191.925,113.32,225.6529644361906,129.29580355091124
mp-770771,SrSc2O4,141.067,81.465,164.70003707383458,94.87477214966094
mp-777413,CeScO3,160.352,87.319,173.32585368392344,84.82111559164571
mp-7781,CaZrS3,68.832,36.572,89.03700523241552,43.9446715572988
mp-7899,BaCdO2,78.484,36.031,89.82209976755519,39.44368831380356
mp-8418,ZrCoP,199.308,115.332,212.8556049590011,116.11733455474382
mp-8487,CaSbPt,81.669,35.587,89.63035976150877,36.65310099174973
mp-861738,CaMgPb,36.51,25.863,39.33442267430967,20.85600141880555
mp-864645,YbSiPt2,128.857,47.427,157.21590353628443,64.61806887720441
mp-8754,NaLiTe,24.832,15.62,28.305289630271268,17.309447426714854
mp-8983,CaSiPt,102.152,40.756,114.12395568334576,45.80159153420755
mp-9225,ScSiPt,149.146,61.333,171.78850688831338,69.42480079498394
mp-9440,YbAgSb,53.668,25.323,61.19221334429616,31.055864588997057
mp-973217,SbSI,6.279,1.942,40.33365070457121,21.030130350979213
mp-9801,HfCoAs,177.383,92.377,199.40152360017143,99.77213573675186
mp-984714,AgAsS,46.738,14.032,62.034812867285574,22.476431704426435
mp-985583,Li3PS4,22.427,11.673,54.42296002031152,32.81881148457539
mp-11694,Cs2Pd3Se4,15.031,5.749,53.0218585759131,25.519201265583845
mp-11695,Rb2Pd3S4,18.72,7.235,65.64164808396114,32.22928092518707
mp-13992,Cs2Pt3S4,20.277,6.76,64.49585876899742,31.2610194670293
mp-14336,Cs2Ni3Se4,13.155,4.317,50.34973584242497,27.0308881682631
mp-14338,Cs2Pt3Se4,15.169,6.519,56.837893993973935,25.891525180599345
mp-29752,NiGePt2,195.587,57.888,226.7142957414102,65.58018843917662
mp-4030,Rb2Pt3S4,22.197,8.082,71.51918401743762,34.18964826882727
mp-510268,Cs2Pd3S4,18.92,6.469,59.50649045980216,28.472404176201703
mp-8895,Ca2B4Rh5,156.278,81.829,191.99947737473033,90.33848409887224
mp-8896,Sr2B4Rh5,146.854,79.667,182.96246127474785,86.57238147366942
mp-15999,Li3AuS2,40.186,20.397,56.537803047344255,25.491646816787625
mp-20618,Y2Co3Si5,142.289,61.852,157.0982468554452,91.16618505334894
mp-27227,LiAg3O2,66.519,19.457,94.32469681808138,27.875757010029133
mp-2884,Cs2Mn3S4,24.479,11.784,34.98025605618555,18.95686381725888
mp-3527,Na3AgO2,50.007,27.831,57.64183135270732,32.00481720951526
mp-5122,Na3AlP2,28.353,15.648,44.47872390323896,24.75572307461977
mp-561830,Cs2CoS2,17.491,5.807,26.935188944031673,15.146312208573502
mp-6960,Rb2SiAs2,17.864,9.887,31.88096560482029,19.89807435778393
mp-754352,Na3CuO2,50.896,26.427,62.962562280542706,37.54272603049465
mp-8187,K2ZnO2,42.145,9.082,61.95699347544603,31.31806334289547
mp-8543,Na3AlAs2,23.337,12.749,38.42026631007849,20.178922733431463
mp-8932,Cs2SiP2,15.288,8.595,34.24684983672,20.614264020163617
mp-13109,SrHfO3,157.502,87.118,183.47130407747113,101.780234912855
mp-13475,CeSi2Ir3,195.504,103.095,225.94737588057455,93.95035519740036
mp-2923,Ca2Os2O7,157.29,79.679,203.60839184883784,91.8402027716104
mp-5391,Mg2SiO4,156.143,102.589,200.74423082695296,132.87490535394082
mp-5392,Mg2SiO4,111.352,65.679,173.3077226750123,112.85267775092429
mp-568803,Mg(B6C)2,228.181,213.484,261.7421553966868,247.38591175774496
mp-675464,CdIn2O4,132.026,41.566,146.4042355419662,62.93138279954334
mp-8204,LiAlB14,194.262,188.166,223.75574528748916,208.6021929709218
mp-8535,ErSi2Rh3,171.529,93.249,194.37544440431503,89.59379418828522
mp-1190619,Ca(BH4)2,19.985,4.36,59.19458626755166,44.558471061247154
mp-14622,Y(BIr)2,197.034,43.85,219.69113261674653,91.39719770886236
mp-23850,NaH2N,13.017,10.054,48.43350082851161,31.735491525742532
mp-27175,InOF,135.341,57.034,146.75644973382092,66.19074747731077
mp-3348,LiBIr,163.719,69.518,185.66079339031504,82.15340230791743
mp-4770,Na2SO4,42.716,21.97,115.21940870151408,75.27498055476633
mp-5141,Na2SeO4,37.641,21.775,97.389253967199,57.402103460202824
mp-5625,Ag2SO4,48.044,11.243,115.55839898228808,56.76788690249753
mp-6939,Sr(BIr)2,165.802,67.481,191.30509277943767,91.47680152919412
mp-754084,Cu2OF2,24.57,10.449,44.9804035663982,16.623832145805288
mp-8431,Ca(BRh)2,151.502,52.405,168.3345742178141,75.39770066322092
mp-853967,LiCuS,42.412,15.398,62.40142610199687,27.70723978802743
mp-10055,Co2B4Mo,312.139,184.439,339.2282360553643,176.46864934625344
mp-10076,Hf3(NiGe)4,157.766,87.552,184.8593765181404,83.54143113101605
mp-10244,Zr3(CuSi)4,148.032,84.654,164.22866326852457,79.40757826404591
mp-10245,Hf3(CuSi)4,155.079,84.106,170.8285956857337,80.64281793597536
mp-10247,U2CrN3,225.315,98.863,244.50872194300769,109.87027806940203
mp-1025183,Ho2B4C,165.827,135.007,186.15668243796412,138.62086259153318
mp-1025246,Er2B4C,167.373,137.312,187.36946549795232,139.57258377773243
mp-1025379,Tb2B4C,160.424,128.824,179.20050095497868,132.89586531044793
mp-10527,Y2AlSi2,84.925,53.174,94.518873434098,60.07690806389791
mp-10528,Ho2AlSi2,88.264,54.353,98.7368315804072,60.92854587766424
mp-10669,Ba3(AlGe)2,33.114,21.056,39.693033184593865,22.183968296415483
mp-10670,Ca3(AlGe)2,45.848,34.119,52.47343450721953,31.343947742850713
mp-10671,Sr3(AlGe)2,40.325,29.986,45.42344083899212,28.577161602246225
mp-1087505,U(FeB3)2,201.105,194.582,291.1166525439588,178.67056832202925
mp-1101850,Ho3(CuSn)4,82.772,121.332,92.04718348655368,43.531754992212896
mp-11113,TiTeAs,77.175,60.194,99.93494075525447,52.23743374675719
mp-1220650,Nb4B20Mo11,303.254,195.691,338.994918241197,185.97133132273564
mp-12414,K(USe3)2,36.136,22.025,60.85508561089374,29.80320318065624
mp-13431,Dy2AlCo2,82.859,30.594,102.28378685778904,39.89653036095888
mp-13535,Tb2ZnNi2,70.66,31.218,92.19820910160698,33.6965385458621
mp-1394400,YSnF5,55.059,20.038,76.58473468818175,26.809684759655045
mp-15722,Fe2B4Mo,322.925,169.103,318.06989636974197,173.16647170863388
mp-20054,TbGe2Pt,111.302,52.781,129.10060183502463,54.52694565866977
mp-20844,Dy3(CuSn)4,81.322,17.296,91.54666817572614,43.408528057496085
mp-22313,Na2PtO2,73.912,27.803,97.44298654835008,42.118275269863936
mp-27471,NbPS,139.088,72.998,179.0281837896425,98.6511659994936
mp-27562,Na2Pd3O4,94.869,34.888,130.47611532456722,59.36629175864223
mp-28683,Ta(ICl)2,3.984,2.594,49.09885472336427,25.156331763164435
mp-29025,Li5Br2N,26.516,16.903,35.95114899396538,24.011920777956384
mp-29133,OsCl2O,36.377,22.51,114.71398506948393,62.59235605860336
mp-29352,Ba2PdO3,86.049,44.286,98.51740045097353,48.53868145523418
mp-30472,Ca2GaCu2,53.652,25.146,57.51361426612122,26.3197584629526
mp-3155,Sc3FeC4,174.3,121.834,201.41325607197763,129.38464195842235
mp-38818,HfNbB4,268.54,221.748,291.0092289765023,212.0576461188877
mp-3923,Th2MnN3,197.985,101.138,207.886006605002,103.12917525879575
mp-4359,Sr2PdO3,97.839,55.987,115.22596985280522,55.72427473193856
mp-4711,Li2CuO2,84.8,43.976,104.2521178615026,52.33887749829109
mp-4817,CeAl5Ni2,96.912,61.918,115.88018656073424,58.711239546475014
mp-5075,Sc3CoC4,177.226,121.093,205.08095451071975,127.00732898547156
mp-510076,Rb7Au5O2,14.598,7.755,20.7927832702695,11.619326454397498
mp-540584,K2PdO2,54.425,17.436,75.1083390849305,34.71048741269263
mp-5456,Sr2CuO3,96.649,53.877,114.53835543482064,60.89268658608465
mp-5495,Ag2PdO2,84.084,16.27,129.69863058520997,26.020728253325142
mp-556953,RbPS3,8.701,3.385,42.459868734637695,22.666293987367183
mp-568541,Dy2B4C,164.005,132.338,182.76884460274607,135.95842517395363
mp-571420,Ba(NiP2)2,93.31,49.484,107.38660732298762,53.31854731431521
mp-5869,Ca2CuO3,112.399,61.191,127.56488543205872,68.05713565573828
mp-604516,Y2AlNi2,68.417,34.404,97.73499376138098,39.730780064576784
mp-7068,Sr3(AlSi)2,43.146,31.93,50.21664523631233,30.508055051686757
mp-7376,Sr3(AlSn)2,36.254,25.252,40.57751769478088,22.807148947931516
mp-7377,Ba3(AlSn)2,31.429,20.566,34.79840911646071,19.174647490352957
mp-7524,NbPSe,127.788,74.558,156.0593928068904,85.33478787681196
mp-755974,Na2CuO2,67.632,24.372,86.91618025681385,37.15909765788427
mp-7573,Co(BW)2,335.374,208.11,371.699945494092,179.85794770695716
mp-7608,Li2PdO2,91.447,43.646,115.36996838429872,59.23512870408742
mp-768197,Li5SbS4,38.444,24.406,54.02861621110995,30.103189800343458
mp-7928,K2PtS2,35.048,17.968,52.56111045014136,23.184550107019383
mp-8249,TlPS3,10.753,5.047,54.69168261084965,25.18456373325562
mp-8267,KPS3,10.254,4.41,46.114249806554305,23.44540639655652
mp-8621,K2PtSe2,28.157,14.58,43.00949521660996,21.324383869596115
mp-8622,Rb2PtSe2,27.207,13.652,40.43827590968905,19.829927354193924
mp-8623,K2Te2Pt,22.506,10.459,35.62173350941339,17.932605587997465
mp-8790,Ba2CuO3,77.113,39.302,95.62995368947692,47.91431054132359
mp-882700,KTiF4,35.497,13.954,69.36551710783495,29.347296869771807
mp-8996,Sc3RuC4,182.544,108.952,212.20918100753943,128.5223073104344
mp-9523,Rb(ThSe3)2,36.343,19.856,61.35378636584953,30.916425981448548
mp-9577,Ca3(AlSi)2,49.839,35.571,55.793696013704725,33.18248409111766
mp-9578,Ba3(AlSi)2,35.047,21.934,43.255757886217594,23.931619149683304
mp-975640,Pr3(CuSn)4,79.671,48.022,83.59776644462399,39.48863462481674
mp-997055,CuBiO2,73.064,21.79,105.79273604417564,43.78289113489333
mp-9999,Ni(BMo)2,308.058,179.014,330.61527777435157,169.3130971350714
mp-2051619,Cd(HO)2,57.133,21.765,109.06519850585032,46.547105534459625
mp-2458726,Zn2MoN3,148.381,59.017,180.7685473940474,76.24476890218237
mp-30461,BiPd2Pb,83.365,23.445,99.51601114318748,27.389887133247267
mp-34579,Na3HfF7,39.246,16.325,87.77774999376648,43.532535703339065
mp-34857,KNO2,14.294,8.844,42.34901420424363,23.60428520952952
mp-675755,TiCu3O4,79.739,26.249,144.36055011194102,64.04325823453476
mp-761034,Hf5N5O2,237.818,124.731,266.454716556171,153.42625770034684
mp-773044,LiCuO2,57.048,22.461,97.11743715420828,47.76358575614379
mp-850251,Na2Ti9O19,125.464,20.715,202.61271063595552,102.18880434476092
mp-1181812,Ca(BH4)2,15.864,10.493,58.155739303934595,44.496703117823664
mp-560340,La2Pd2O5,128.177,49.329,162.19039098957165,75.93553115828125
mp-1025331,In2AgSe4,21.185,6.531,47.786796781981366,16.966758721886812
mp-10955,Sn(HgSe2)2,23.898,13.331,50.21302293516537,18.47028889706143
mp-13949,Cd(GaTe2)2,25.359,15.703,40.897909457632736,18.33060074537097
mp-15776,Zn(GaSe2)2,36.647,24.208,54.68147983663302,26.081178095570316
mp-15777,Zn(GaTe2)2,29.631,19.075,45.84608265548215,20.59550936276588
mp-16337,Ga2HgTe4,25.141,15.716,43.22735952914488,18.66963367609292
mp-19765,In2HgTe4,20.25,12.565,39.79733306373953,16.701438424227234
mp-20025,Mn(GaS2)2,38.003,22.73,66.79837952387382,28.53996642005115
mp-20261,Mn(GaSe2)2,32.669,19.199,54.550942702473904,22.77812837153672
mp-20731,In2HgSe4,23.239,13.929,47.86490377491925,20.24369773572868
mp-20790,InPS4,15.077,11.744,55.700989991742645,27.190819041029776
mp-20832,Zn(InTe2)2,23.091,14.549,43.434009282006954,18.60853833296897
mp-21374,Cd(InTe2)2,20.89,12.794,38.344020040389346,16.437018947388957
mp-22304,Cd(InSe2)2,23.569,14.371,47.559907957919314,19.83109029549567
mp-22607,Zn(InSe2)2,27.992,17.561,51.00319401964906,22.68739011398846
mp-23485,Ag2HgI4,10.806,5.389,25.50608488092894,8.792113869548315
mp-23702,LiH2N,28.876,21.892,83.26661545068447,54.52291846394557
mp-29403,GaCuI4,8.702,4.898,24.610853350219173,10.086994441381869
mp-3038,Al2HgSe4,31.433,19.26,54.39650991412495,25.49500752000286
mp-3159,Al2CdSe4,31.918,19.435,53.77429446249483,24.893164329424355
mp-3277,BAsO4,52.254,42.303,176.61519128466372,93.5468350112496
mp-3589,BPO4,59.735,60.977,215.68788484823028,124.81305822571484
mp-36592,Nd5AgSe8,60.875,28.881,78.81802531446858,33.12310791543817
mp-3772,Cd(GaSe2)2,31.353,18.984,52.34470849717027,23.927463417038737
mp-4152,Ga2CoS4,40.307,28.303,73.37303433168618,33.17574318487747
mp-4452,Cd(GaS2)2,36.683,22.088,62.76265790655078,28.1760425350725
mp-4730,Ga2HgSe4,30.818,18.665,52.28805653354536,24.212522795625276
mp-4809,Ga2HgS4,35.968,22.015,63.591873287224914,27.89238042091984
mp-5046,BeSO4,37.858,34.279,160.04747389727697,97.58408034285912
mp-5350,Zn(GaS2)2,41.892,29.034,69.54110137808738,33.185994920024115
mp-540284,CuPO4,43.445,29.816,150.89598065796042,96.20649363581936
mp-5928,Al2CdS4,38.504,22.514,66.99704589561762,30.681987405171977
mp-677335,GaPO4,29.965,19.522,143.17758698131917,72.07545799644669
mp-760410,BePO4,31.26,25.169,137.30063232231672,61.002682145915465
mp-7848,AlPO4,23.763,24.692,148.63851566847745,78.06593882043003
mp-7849,AlAsO4,23.997,18.753,129.84983852004754,60.0477662442601
mp-7906,Al2HgS4,37.528,22.148,67.97185968607666,30.849761345026717
mp-7907,Al2ZnSe4,36.886,24.465,56.49778265831101,26.76397716624909
mp-7908,Al2ZnTe4,28.836,19.161,48.48562680402433,21.646218964458328
mp-7909,Al2CdTe4,25.418,15.84,43.732970456403194,18.92853831826521
mp-7910,Al2HgTe4,25.112,15.86,44.49128491326543,19.471635568419032
mp-15922,Gd2ReO5,136.02,59.655,209.63588604168947,97.61803451837956
mp-1105839,Sm(CoB)4,203.871,115.136,235.82967002462124,130.62601802373146
mp-1106404,Nd(FeB)4,216.78,121.151,227.919304561668,140.5343351387149
mp-13967,Nb5(CuSi)4,180.208,99.478,205.69303801705252,98.0223276053088
mp-27660,Ba(FeS2)2,41.504,18.92,60.91853097929267,34.9299520500066
mp-28698,Na4IrO4,41.96,21.927,100.26155889023217,46.76975106251428
mp-5327,Na4UO5,46.607,31.019,119.49594823413447,61.59423046806779
mp-755298,Li4NbO4,73.687,37.488,120.23982435188708,76.4632631474433
mp-7714,Li4UO5,85.449,52.804,158.62438194219715,81.07515506917724
mp-867568,CsTi6O12,116.019,52.941,193.60583566940568,99.28205077736658
mp-10519,Cu2SnS3,66.366,27.459,76.15299359208917,29.681413482144833
mp-11658,Cu2SnSe3,55.604,22.247,68.20948608705974,27.753893170271795
mp-15252,Cu2GeS3,72.817,33.867,89.00807788538758,35.04904637213723
mp-15895,Cu2SiS3,78.369,35.964,96.82834089361816,41.55055346943074
mp-15896,Cu2SiSe3,63.392,28.611,78.88099322636215,34.198904274214264
mp-18163,Cd4GeSe6,28.173,15.493,53.00155075495445,26.917416682646415
mp-20753,CeCoC2,171.563,77.456,196.83097539284583,90.13573371086122
mp-36066,PNO,53.348,54.638,194.90013223119897,117.89206438423788
mp-5151,Cd4GeS6,33.377,17.369,62.838620014902766,31.755626113827244
mp-674953,Cu2GeTe3,49.179,21.681,64.12596841569882,24.53495261119813
mp-675120,Cu2SiTe3,51.832,24.981,68.14650773348826,27.176800387080583
mp-675880,Cu2SnTe3,45.399,19.187,60.79284353325947,22.706300014920885
mp-677105,Cu2GeSe3,58.829,26.47,71.7162562182309,28.967544220302916
mp-685991,Li5SiP3,35.658,27.044,55.00391702677492,37.18430845618554
mp-752401,Rb2ZrO3,35.661,13.136,77.97907181953268,36.53254557249374
mp-752467,NbO2F,94.407,57.843,169.29253017769196,74.69841930502768
mp-8761,NdCoC2,161.032,81.561,187.34404962927852,97.32582361719967
mp-11736,ZrSiO4,222.449,101.928,267.21303050318636,144.12060622519073
mp-12523,YbPO4,100.063,48.444,179.75849915871194,92.5396953755765
mp-15051,Nd(PdO2)2,147.983,47.35,193.43720680310904,73.36094636252625
mp-15053,Y(PdO2)2,155.622,61.345,202.632320829079,83.32500855658945
mp-23034,SrZnCl4,32.01,12.913,42.328875538667845,19.12987063061062
mp-23562,KIO4,20.199,10.494,86.6798397351121,42.50647561801422
mp-23704,NaAlH4,19.606,13.109,39.18611846025801,27.746325729116048
mp-28567,LiBiF4,75.053,26.886,102.10432573068648,40.49385553015295
mp-28995,Cu4SiP8,89.914,54.3,106.8465097318984,48.26463673995434
mp-3700,LiYF4,79.743,31.762,105.5643312557018,49.5642057595283
mp-4757,KReO4,18.263,11.252,126.46705167558528,54.410069324923015
mp-5078,SrZnF4,61.603,22.407,82.19387597809711,37.043677455247874
mp-5104,CaZnF4,69.912,23.473,94.7982156288266,43.50512233299692
mp-5558,NaReO4,21.527,10.392,155.84336044573047,68.53226769476424
mp-559598,LiScF4,86.711,31.055,116.39651282140385,56.29784815181335
mp-753911,GdAsO4,138.263,59.557,183.12016434524105,96.49333047054418
mp-759541,Ba(PdO2)2,65.978,24.505,132.36701764394078,41.88842099578054
mp-7621,KTcO4,17.135,10.609,111.14277650550515,49.95038412867544
mp-772099,Cd(CuO2)2,127.189,48.069,170.46581608991443,70.47350577059406
mp-8042,ZrGeO4,202.683,86.908,236.92775495354005,121.45843684248558
mp-9755,HfGeO4,213.567,93.452,246.9367659284416,131.7677943959471
mp-9756,ThGeO4,172.653,65.809,208.8244515397792,94.2307458670832
mp-976291,LiAlH4,24.716,16.29,48.26464375314364,38.07977705014547
mp-757031,Mg2TiO4,146.153,71.912,184.72289855784297,110.35315508807987
mp-33880,Sr(GaTe2)2,22.92,13.8,43.15764085482384,20.8450378503028
mp-37091,Sr(AlTe2)2,23.229,14.651,43.58453035187474,21.998392972146465
mp-38394,Ba(AlTe2)2,21.215,13.061,40.133088794272474,20.010957733956353
mp-677072,Ca(InTe2)2,22.877,3.435,44.31794810505142,19.17574964749591
mp-28273,K3CuO2,27.774,13.205,42.661240457990765,21.57238599923286
mp-3427,LiAlO2,92.356,52.968,149.1054180991959,97.63500869341604
mp-8537,S(OF)2,3.686,1.6760000000000002,89.07340203316154,64.86706454614983
mp-29816,Ag2HgO2,39.693,12.451,83.66522547765,30.65422378572312
mp-11596,PrBPt3,167.556,61.066,192.41444535515876,65.13700107190634
mp-11597,NdBPt3,170.929,60.983,192.874752974593,65.60900948719554
mp-13108,SrHfO3,156.926,91.657,189.22145782097192,98.2494613511052
mp-1391774,Ti(BiO3)2,35.72,246.489,118.41526376232224,46.24200813644576
mp-20459,TiPbO3,65.557,40.241,163.38134431627313,71.74289821691428
mp-22435,CeBPt3,174.986,62.475,199.409067353624,64.91078798896396
mp-2795318,RbCaCl3,24.006,12.606,26.32219129428816,11.624559380865582
mp-4342,KNbO3,109.845,60.647,189.3297334066164,104.71466391679527
mp-5986,BaTiO3,107.183,49.773,174.8720573764423,104.31391112633663
mp-760376,KTiO3,52.449,24.293,117.08969733030412,41.49596643620557
mp-1019573,CaAl2SiO6,126.05,71.871,200.00056862935375,126.42073320199584
mp-24390,CaPHO4,72.678,39.173,158.63472307183966,101.9989256679062
mp-6081,Ba2Ti(SiO4)2,81.257,35.951,143.0745416897879,82.05163577863496
mp-1025276,Sm2AlNO3,177.684,110.244,202.6637700295329,120.29769195838868
mp-1025277,Pr2AlNO3,171.663,102.849,192.75693094447485,113.11685063396644
mp-546679,Nd2AlNO3,174.661,105.689,196.17633733173213,115.54595402099216
mp-557950,TiZn(BiO3)2,83.663,70.619,160.12514023299076,72.67462750117694
mp-19949,Sc2Cu2Ge4O13,70.626,35.69,160.83312271725651,82.29807391899453
mp-6384,RbSO2F,14.178,7.871,53.00020379026329,32.13658532734547
mp-6560,KSO2F,17.575,8.399000000000001,56.806368924123475,34.18713411792551
mp-6781,AgCNO,8.598,4.82,47.55055856605813,27.83719492000527
mp-559691,Ca2Al2SiO7,101.962,53.471,156.657694165452,98.22086685454296
mp-6094,Ca2MgSi2O7,86.507,35.75,147.66532880230503,93.36065084952294
mp-6564,Sr2MgSi2O7,86.466,43.679,139.47107765115362,87.63498380482528
mp-754213,Li2ZrCuO4,114.265,58.508,188.83557803756332,96.46117592660887
mp-754238,Li2CuBiO4,90.724,55.545,145.78999012556318,66.3657111654456
mp-23996,BeH8SO8,39.315,14.245,106.68096481461689,65.82377506818318
mp-1025500,ZnCu2SnS4,63.497,28.999,72.27236583391182,30.59239436674811
mp-10824,ZnCu2GeSe4,55.144,26.528,64.14269047492493,28.017362206077586
mp-10952,Cu2HgGeS4,64.58,28.359,72.44668478746804,29.46644148229677
mp-10967,CdCu2GeSe4,50.594,22.751,61.23624155438908,26.3226483448131
mp-11770,CoCu2SnS4,68.316,27.976,79.84974238852118,29.80621845763308
mp-12015,KAg2AsO4,55.676,19.499,89.6061327684932,41.227298243407795
mp-12532,KAg2PS4,36.776,13.319,50.727432225851544,21.2071284495668
mp-12854,ZnCu2GeTe4,47.476,22.69,55.71813942799378,23.072299049424995
mp-12855,Cu2HgGeSe4,53.306,22.713,60.29805948832048,26.017813059288788
mp-16565,CdCu2SnSe4,49.675,20.463,59.31609180683822,24.481518245194252
mp-16566,Cu2SnHgSe4,49.545,20.154,58.4033380472254,24.092666309255694
mp-19722,MnCu2SnS4,64.725,23.957,76.4541886497824,26.24388201816841
mp-19896,Li2GePbS4,41.491,19.979,58.03911711362143,29.37642705410932
mp-22053,FeCu2GeS4,71.55,31.294,81.72852932022155,31.91115985276754
mp-22400,MnCu2SnSe4,50.85,19.337,62.62810833809777,22.503522004209188
mp-22648,FeCu2SnS4,70.285,26.429,75.61730515350125,27.21400772914539
mp-6408,ZnCu2GeS4,68.717,33.762,78.59800455404773,34.0476231895268
mp-6498,CoCu2GeS4,72.689,32.065,82.78778018190653,34.012212460545015
mp-9490,KAg2SbS4,30.86,10.721,49.97345573620376,19.824904488518232
mp-1025205,Y2Re2Si2C,142.796,72.317,181.4753761168292,85.68768631041013
mp-1025262,Sm2Fe2Si2C,110.881,72.64,150.35709891102078,85.36186666544342
mp-1025285,Ce2Re2Si2C,114.211,59.756,172.59472518081162,74.20023574353516
mp-1025316,Ho2Fe2Si2C,132.603,82.417,163.2830044442535,94.50559092812372
mp-1025339,Y2Fe2Si2C,124.98,81.239,159.50390677476273,93.70376869469992
mp-1025354,Er2Fe2Si2C,131.673,83.433,166.205644454191,95.55881216243463
mp-1025357,Lu2Fe2Si2C,141.073,84.313,172.5827033199011,98.68132090076074
mp-1129406,Ca2Mg5(SiO3)8,79.469,53.835,174.30100079677234,113.31530006144182
mp-11705,Dy2Fe2Si2C,129.258,81.477,159.27223169423576,92.04988536310914
mp-1542940,TiTlPS5,9.808,4.58,62.518814520328824,32.97650485757462
mp-541275,Cs2U(Cl2O)2,12.286,5.649,42.58487865292124,17.51424266331945
mp-551092,KLiZnO2,58.328,29.535,80.78907400424245,47.38998803618835
mp-556536,Na2Zr(CuS2)2,49.275,19.957,86.17353914832934,39.36436907275325
mp-561079,CdBiS2Br,31.738,16.051,61.45420460865954,24.060351672365492
mp-567655,Sr2C(NCl)2,42.78,18.993,62.33107271912791,35.0720652090847
mp-6167,Ba2NdNbO6,124.323,48.803,147.60742899339448,74.0260298187902
mp-6624,Tb2Fe2Si2C,127.515,80.136,155.9571530170616,89.46818642252295
mp-9211,Tm2Fe2Si2C,139.272,84.491,170.18932716924664,98.01306037399311
mp-5990,CsLi(B3O5)2,30.297,17.192,111.04490999833176,76.35646125289996
mp-696752,KP(HO2)2,26.171,10.626,111.33752685745358,78.4750306372971
mp-703470,AsH6NO4,29.325,4.705,109.1241943215973,72.87042781695864
mp-557862,BaAg2(HgO2)2,45.872,17.366,81.05994334968693,28.72729020681686
mp-571594,K3AgSn3Se8,14.728,7.569,39.158808477100095,18.78899815031736
mp-1002069,NaLiICl,20.106,11.883,24.27813884172443,12.40655432443521
mp-1002081,KNaICl,14.528,8.011,17.39476440556231,9.14224486909256
mp-1002083,CsKICl,10.751,5.533,13.05487556573291,3.1919595301974337
mp-1021327,KLiICl,15.287,8.606,19.145263268636285,9.84840048987316
mp-1021431,CsNaICl,11.698,5.876,15.85121833615246,5.138833618092365
mp-1025437,CeBi2SeO4,95.872,30.437,129.48701072015604,55.947782481838
mp-1046056,Ba2TlBi2O7,27.729,8.573,84.2775273127498,39.975345785094355
mp-11147,Na5CuSO2,35.442,18.576,44.89559694325028,26.79670313463112
mp-545344,NdTe2ClO5,56.269,17.613,143.9962688875466,66.36705648625994
mp-545529,NdBi2ClO4,61.877,27.064,116.25480655801906,57.15780381879247
mp-545788,Ba3ZnN2O,58.353,29.13,63.33967282624435,34.38914649414482
mp-546152,SmBi2ClO4,63.228,28.016,117.16254232859556,57.85337984832105
mp-546266,DyBi2IO4,67.212,36.507,112.79153243885372,53.147916109357546
mp-546350,TmBi2BrO4,69.604,37.545,119.67916991774372,59.46688692417776
mp-546621,ErBi2BrO4,69.714,36.579,119.31488532048674,58.74917832382496
mp-547125,TbBi2ClO4,67.575,31.122,121.6188722169512,59.79279688493303
mp-549475,TbBi2BrO4,66.169,33.63,117.52996577423184,57.51931460974826
mp-549490,KNb4O5F,139.204,85.723,213.80106818181605,107.5075678730046
mp-549709,ErBi2ClO4,70.382,34.205,123.9221022988672,61.27937584059535
mp-550111,SmBi2BrO4,64.294,31.398,113.113749269494,55.50537400432283
mp-550437,GdTe2ClO5,61.076,20.662,140.35645929897152,67.11697370597395
mp-550566,EuBi2ClO4,58.82,30.184,110.74747150635012,50.6491694543117
mp-551101,HoBi2IO4,66.034,37.166,112.86150252147696,53.28496686899389
mp-551250,ErBi2IO4,66.464,37.804,113.66197140916658,53.7524540351903
mp-551900,PrBi2BrO4,60.739,28.69,109.85169316753998,53.83737788004382
mp-552008,DyBi2ClO4,66.798,33.28,122.65604199871926,60.37992532843312
mp-552016,YbBi2BrO4,60.024,25.112,96.1566679770926,50.65468131390628
mp-552292,SmBi2IO4,63.113,34.12,108.55942429054625,51.254135717491415
mp-552738,TmBi2IO4,68.302,37.095,112.88641609287372,53.80580967807093
mp-552857,TbBi2IO4,64.933,34.827,112.03129641285322,52.81363556443535
mp-552992,DyBi2BrO4,67.393,34.704,118.30512825124542,57.97766224916236
mp-553243,YBi2BrO4,66.252,34.566,117.0246995426138,57.59742552785685
mp-553248,CsLaNb2O7,71.326,36.293,164.36985129552195,75.38596967109366
mp-562809,GdBi2BrO4,57.14,36.117,113.59873222616088,55.71123599628301
mp-620290,Sr2TlCuO5,108.842,50.601,124.66500661285237,61.0651200435717
mp-6562,Ba2CuHgO4,66.455,24.898,88.64436872095493,41.54270320405893
mp-1019584,CaAl2SiO6,125.948,71.471,199.97284155310797,126.61609133556314
mp-6442,LiAl(Si2O5)2,63.864,44.628,171.12906176005822,100.6940820117567
mp-6127,BaCu(Si2O5)2,84.902,31.781,159.51272418143174,98.53087860365692
mp-552454,SrTaNO2,178.247,121.168,219.49615085114675,123.37834447056004
mp-6468,BaNd2ZnO5,115.481,61.928,140.55889856588544,69.5648505807529
mp-1022723,Ce2Cu(NO)2,145.569,60.588,187.30724585049535,82.51497447150925
mp-1024963,TbCo2B2C,171.359,66.442,216.3025091136203,102.0453542229087
mp-1025123,UNi2B2C,242.745,91.914,237.38108555130367,105.79078620546436
mp-1025127,UB2Rh2C,216.199,53.324,242.40574924620384,99.00456042769328
mp-1025280,Sr2Cu(OF)2,89.884,45.094,100.35065319136686,51.7294018971163
mp-1025321,Rb2Cr(BrCl)2,19.075,7.49,26.389253668127495,11.8737320917062
mp-1025360,Na2Ti2As2O,59.913,26.878,82.1856370853384,44.02866752731113
mp-10960,Tb2Ti2S2O5,136.183,61.451,162.87484769449011,83.30724495606785
mp-12736,TbB2Rh2C,202.448,51.366,221.47816124091375,93.1171113057608
mp-12737,YB2Rh2C,201.495,52.887,222.44565555838585,92.7451450073665
mp-12985,PrCo2B2C,205.885,65.201,203.31508229426663,93.87637871365666
mp-15901,Li2LaTa2O7,107.176,69.73,215.5906865099815,101.0822438344244
mp-21445,Ba3In2O5F2,84.511,35.548,104.26339682629752,52.35278555995309
mp-23085,Ba2Cu3(ClO2)2,45.518,22.391,63.04202971489179,28.160579982389972
mp-23095,Ca3Cu2(ClO2)2,53.19,36.986,99.88860787347812,49.79418142377064
mp-23102,Sr2Cu(ClO)2,45.573,29.537,77.5026021523439,39.606020812179075
mp-23143,Ca2Cu(ClO)2,41.495,26.242,84.41854317878412,41.05440833291055
mp-543024,Cs2Pd(IBr2)2,11.422,5.269,27.89965157337382,13.371991641339784
mp-545481,Ca2Cu(BrO)2,27.645,16.752,69.15758953752359,33.99896423939
mp-546898,Sr2Cu(BrO)2,20.99,14.909,63.74544562870291,33.556814664102134
mp-549487,Sr2Cu(IO)2,15.256,10.073,53.465823049356715,28.261738037458624
mp-552028,Nd2Ti2S2O5,127.005,54.774,157.01384481274164,81.83505147199261
mp-552802,ErU2S3O2,89.139,35.678,120.24831448847164,52.28745961099078
mp-556004,Ba3In2Br2O5,38.546,25.265,85.20175270173691,43.658166697091055
mp-567948,Rb2Pd(IBr2)2,12.107,4.31,28.92235267083186,12.08331036233608
mp-568083,LaNi2B2C,175.52,68.222,184.53738391543575,87.34163312887188
mp-571041,DyB2Rh2C,204.223,50.0,223.3347732826018,92.62840786591585
mp-5999,Sm2Ti2S2O5,130.487,58.295,158.79798159527394,82.19229639741634
mp-6092,TbNi2B2C,174.217,71.075,208.03445836888656,102.9508427844398
mp-6098,ErNi2B2C,170.408,72.989,216.73776556874503,106.19643634481308
mp-6102,NdNi2B2C,185.091,66.271,198.1913495477301,95.72450167644575
mp-6223,DyNi2B2C,174.721,70.588,212.9494752844671,105.238595188401
mp-6328,Na2Ti2Sb2O,52.503,29.889,72.71684183958143,35.507628583348506
mp-6646,HoNi2B2C,157.954,64.68,213.04949424631795,104.67833882402437
mp-6754,TmNi2B2C,154.321,73.834,218.8545165233643,105.9179571994818
mp-6794,LaB2Rh2C,185.956,59.085,204.66583390537585,87.41785472424836
mp-6982,ErB2Rh2C,204.567,48.692,226.5946103951642,91.52336828586508
mp-7112,Sr2Cu3(SO)2,63.77,41.762,100.88360989990458,47.191945550621355
mp-990430,SrTa2H2O7,75.39,44.35,202.13102152388768,103.23703507928356
mp-1105147,Sr2YOsO6,138.817,66.968,165.3466375431513,85.60389099287347
mp-16796,Sr2GdRuO6,132.861,64.717,153.74845063479262,79.24046024527493
mp-23733,Cu3H2(CO4)2,41.379,20.925,145.30882999274178,75.11131841666054
mp-23780,Na3H(SO4)2,35.743,19.094,114.86999689911224,79.69441000702895
mp-24141,CsHSeO4,15.292,6.873,72.55508776728779,43.216639574278275
mp-504600,NaH4ClO2,19.203,10.767,53.9288427990144,34.823347457266145
mp-540554,NaH5SO4,22.716,11.199,87.63516898388991,56.63694028151049
mp-541627,K3Fe(CN)6,18.725,8.879,90.23671255454012,37.471716591908454
mp-557713,Ba2LaTaO6,121.346,48.516,148.69610882685703,73.68423170537753
mp-6099,LiSc(SiO3)2,92.293,59.882,192.48551415671815,120.4444734207196
mp-6109,CaTiSiO5,115.567,68.582,193.85285445609296,116.20867043781222
mp-6152,La2ZnIrO6,151.657,41.096,190.47301762033663,69.13710204741751
mp-6241,LiGa(SiO3)2,96.585,60.422,206.8784599922427,129.60725463429557
mp-634431,KHCO3,23.521,11.61,67.54857571844306,41.58995963498717
mp-6353,Y2Si4CN6,167.246,102.676,216.38888560314533,141.97703559844706
mp-6362,Sr2TbIrO6,138.501,61.191,164.93309042600006,79.83989963211164
mp-6676,Sr2HoRuO6,137.633,68.552,160.93498253685098,85.02817765316077
mp-6726,CsLiSO4,30.843,15.01,90.86372167637496,60.15320531914791
mp-6772,CaBe2(PO4)2,84.663,51.832,180.7708855072432,117.83437179340204
mp-727932,BeAlSiO5,144.449,77.839,202.55936630495847,121.35174131499552
mp-39681,NaTi2BiO6,103.839,32.797,183.20729229107116,89.6196081726799
mp-6628,CsCd(NO2)3,27.837,12.769,103.12917398117968,48.08347563020555
mp-1020011,Li14P2(N2O)3,83.023,68.471,127.92988629305752,90.73593927697486
mp-554822,CsSb(PO4)2,28.723,27.719,135.77909125952056,91.37386987928528
mp-1412249,La2MgTiO6,145.937,73.976,184.13198366910325,96.0146746259496
mp-14398,CaSn(BO3)2,111.164,53.909,163.41545600696364,100.4504010346502
mp-550081,Ba2LaIrO6,122.823,38.399,143.97112710457824,63.70748089022326
mp-555477,Ag2H3IO6,86.697,22.067,134.4602579961251,76.66171651753068
mp-568428,KNa(BH4)2,16.079,8.573,44.9470280366865,30.896137713292138
mp-6122,Ba2NdSbO6,120.71,45.988,138.38420911716906,75.07325390684379
mp-6459,CaMg(CO3)2,88.959,41.324,138.1530707161025,87.88295318809327
mp-1190751,Cs2H2C2O5,18.333,0.288,63.12369748590441,38.05691228593938
mp-20605,PbC2(SN)2,26.314,10.896,62.38825207976944,33.86159163341171
mp-23684,NaHCO2,25.163,12.017,68.6567056772821,41.86452233262009
mp-560767,KNaTiO3,58.009,27.905,110.0678424852912,54.60214527663306
mp-561536,NaMgBO3,97.556,33.187,133.51174407069388,82.84750527544546
mp-562517,CaMg(SiO3)2,76.691,49.081,163.4232584951828,98.49466078239476
mp-6333,NaIn(SiO3)2,98.189,51.456,182.18178684451817,111.27634730903154
mp-6340,LiAl(SiO3)2,132.634,77.257,218.47823995749755,141.3934079941567
mp-6553,LiSc(SiO3)2,105.957,64.604,192.12839775888904,120.25889695259448
mp-6693,CaZn(SiO3)2,97.63,52.483,186.83638524515231,110.08354642519345
mp-6745,LiGa(SiO3)2,110.559,60.904,206.24222474834548,129.3148011352895
mp-6766,CaMg(SiO3)2,102.013,65.007,185.26732141047677,120.3257117906993
mp-6822,NaGa(SiO3)2,169.061,16.845,201.7718499863795,126.84846973096636
mp-6824,Na2ZrSi4O11,89.399,1.261,171.35935624812626,106.40763551523806
mp-9844,BaAl2B2O7,88.056,30.704,128.94822714630178,69.96867088373284
mp-1008506,BaGaSiH,48.357,37.37,53.44419639507828,26.98178927045712
mp-1029037,MoW3(SeS3)2,19.986,14.183,101.10685089013786,67.4740122052961
mp-568177,CaAlSiH,54.38,39.121,69.72708468915259,36.2062634375379
mp-570485,SrAlSiH,51.695,40.529,63.22447517319548,33.62734372569298
mp-624929,CdInGaS4,40.615,19.038,59.46889505034728,27.18701310424677
mp-23764,Mg3Si2H4O9,63.515,35.137,156.47568755351162,98.6094987741564
mp-10316,CeCdAsO,70.396,27.351,88.31924563883165,35.032487640980044
mp-12444,SrCuSF,65.563,32.756,82.11009406407449,35.64724268716675
mp-12516,NdZnSbO,62.385,23.131,87.71836287865128,35.35494151705339
mp-21372,CePRuO,119.689,66.587,163.08440855830744,75.59407213451706
mp-22620,CeZnSbO,67.523,9.095,85.1483874626364,34.07110984197386
mp-23116,CuBiSeO,72.93,30.493,109.49071334539148,39.41154719247355
mp-546011,YZnAsO,74.762,33.473,104.51312247136208,42.74408895962851
mp-556194,SrSbSe2F,43.286,122.464,61.695538555634975,31.746456317203645
mp-559470,AgPbBrO,12.127,3.395,47.49255463514084,15.652894269281482
mp-604496,CeSiHRu,84.663,65.472,150.48982955867112,75.65028181530288
mp-6088,LaCuSO,79.381,40.612,116.36875403491076,46.629819430784046
mp-6228,Na2TiGeO5,82.829,43.09,141.4195431464433,74.64524911464308
mp-6521,LiLaTiO4,122.869,53.816,168.1936537754604,85.31631347854523
mp-6625,LaAgSO,70.603,34.38,102.84270968965896,40.760000752066425
mp-9194,SmCuSeO,74.998,35.782,116.18038545858464,46.29756215948417
mp-9195,BaCuSeF,52.129,13.895,65.91759443507793,26.40031180710162
mp-9304,DyCuSeO,82.277,38.336,120.7454048888098,49.388831271079994
mp-974307,NdCuTeO,73.474,16.667,97.9068538383204,39.189474634996095
mp-975646,PrZnSbO,61.109,17.24,86.42305356508491,35.32740959952089
mp-983603,ErZnAsO,75.818,34.846,110.62003029963984,45.55292663207889
mp-9929,ZrCuSiAs,121.166,76.784,141.96471511889663,75.73865706681073
mp-546500,NaCNO,27.617,12.586,66.51631736190664,38.2251576226519
mp-542136,Na3PSO3,38.66,22.051,85.24129492115041,55.374414382361614
mp-554041,Na2Al2B2O7,61.102,33.783,136.81467331914018,76.39165724484586
mp-6134,LiCaAlF6,66.385,37.152,100.29416043706836,54.62861883553013
mp-13041,Yb2C(NO)2,64.282,104.473,107.70533827426608,42.28030616192046
mp-560620,BaZr(PO4)2,65.107,41.188,156.57240549077042,86.16348766280309
mp-643264,BaMg2FeH8,51.372,40.431,76.84173654589787,55.9093372493682
mp-6474,Ba3MgNb2O9,127.395,78.056,167.9607947101157,93.83799558053032
mp-6654,Cs2LiGaF6,23.035,9.426,54.5243040143839,28.371237523820646
mp-6150,Na4Zr2(SiO4)3,91.312,47.588,161.21866631065294,94.62832037640293
mp-6723,Sr3ZnIrO6,107.808,22.835,144.91634681770543,63.79706268669425
mp-550820,SmZnPO,98.485,54.698,117.1676246025632,58.11933054866293
mp-552934,Ba2CuBrO2,39.984,14.478,52.9477460267304,23.129584707795548
mp-569396,BaLi2(MgGe)2,36.665,27.584,43.096959149612594,26.346200938528675
mp-570771,BaLi2(MgSi)2,39.487,29.927,44.65519100279221,29.0969089936022
mp-6494,K2Ca(CO3)2,46.261,21.788,83.80098673536679,54.11547295054607
mp-6504,BaMg(CO3)2,73.809,30.686,116.853838784795,68.22155050372704
mp-8891,K2Zr(BO3)2,64.928,34.028,120.97804115538246,73.41308297865419
mp-6179,KLiSO4,36.141,20.883,103.93533647812608,69.63934779884156
mp-23121,Sr5P3ClO12,66.189,38.059,131.35178183523655,81.42488996842309
mp-23141,Sr5P3BrO12,64.465,35.671,128.17789422455166,79.50458626373114
mp-504748,P3Pb5ClO12,51.897,10.688,126.94680652448878,68.30057281760058
mp-6473,Ca5P3O12F,83.004,46.252,153.69830760582695,96.05063196396624
mp-6669,Sr5P3O12F,75.339,40.323,135.41005636565586,83.71260058252854
mp-6326,LiAlSiO4,114.023,45.755,148.91506680048138,80.23232387589823
mp-6661,BaTi(SiO3)3,108.915,57.615,172.3832083974255,107.45294196193788
mp-12388,Er3Al3NiGe2,85.284,61.119,100.82381443236936,54.60457709318015
mp-21038,Dy3Mn3Ga2Si,75.386,40.184,76.18082852990034,49.72799730704114
mp-567416,Ho3Mn3Ga2Si,81.648,44.054,79.52294220568656,51.73615920789525
mp-568631,Lu3Mn3Ga2Si,92.061,53.078,91.12514663419452,58.60540307124231
mp-981207,Yb3In3Ge2Au,54.772,37.631,57.27024678522234,25.442616381467506
mp-23797,LiH6ClO7,20.3,13.733,99.91276998765385,65.92636431905599
mp-24066,SrHClO,40.872,18.806,53.69657405390415,30.933395549914657
mp-559044,CuCSN,47.668,19.3,78.09040448497659,41.19595578463697
mp-6606,SrYSi4N7,170.189,102.31,211.0443113578542,137.52924102085146
mp-7204,CaZnSO,70.349,33.123,87.19125132608913,47.7363148262487
mp-23934,PH6NO4,31.399,10.701,120.0851998955548,83.50275764598781
mp-20288,CeCO3F,97.559,15.484,168.63430905095356,90.54547166506389
mp-6030,Be3Al2(SiO3)6,170.348,72.955,195.0768549605677,127.51354998863933
mp-22352,Ba3InRu2O9,201.204,33.35,155.84877821833027,73.40697234457537
mp-6345,Ba3TbRu2O9,118.047,44.573,153.75426936750068,74.62086999491085
mp-1201205,Li4BH10N3,20.395,12.493,74.47193151476831,52.41678192276998
mp-1195282,ZnH6Cl2O3,14.375,7.765,61.80015454106544,34.21823178307294
mp-1196039,CuH10SO9,31.174,13.415,121.696625010955,79.42182206047055
mp-1198750,MgH22SO15,27.639,11.1,100.7201799264373,64.84920830210145
mp-2932665,Cu2Hg2SF6,16.664,2.623,83.09465032865653,26.265157085325814
mp-555576,KNaS2O7,23.283,12.267,111.85088302153282,74.69496909016252
mp-6097,Li3Al(BO3)2,66.385,39.258,126.12283753641051,83.50681934665165
mp-696497,Mg3Si4(HO6)2,54.317,30.348,176.55443887083595,114.61211320144496
mp-697670,KAlSi3O8,60.988,31.661,157.34364394821603,94.80070315717632
mp-758658,CaAl2(SiO4)2,84.622,42.222,164.86011169816723,99.32562713363208
mp-765294,SrP2(H2O3)2,25.933,16.32,116.5507379389836,74.41126594784572
mp-973966,LiIn(IO3)4,29.761,21.039,117.39488727878108,62.02676682349494
mp-10413,AgB(CN)4,32.863,2.992,92.78488214430072,32.76207092548721
mp-13590,LiB(CN)4,28.204,6.383,99.41826573783882,37.893365140087155
mp-644264,Ca4Mg4Fe3H22,57.274,44.04,81.83603719741348,60.27430742273777
mp-1008530,AlVFeCo,204.053,82.704,222.40388131587017,113.87786701475368
mp-1018012,TiFeCoGe,197.425,72.561,216.000257470232,109.75211908207363
mp-1018024,MnFeCoGe,205.404,88.054,230.82006549268104,104.1872042291665
mp-11806,LiMgSnPt,86.934,37.269,93.53148998389652,37.05197785750833
mp-7554,LiMgSnAu,61.1,16.802,69.55728805418123,16.251914000326455
mp-7555,LiMgSnPd,73.754,33.072,80.7187300550629,31.828449438284167
mp-998964,TiGaFeCo,192.595,113.059,212.9562029899927,101.2533764754658
mp-998971,TiFeCoSi,215.232,90.291,241.03329284885663,129.69422802709644
mp-998973,TiFeCoSb,170.979,68.732,167.92113474274092,69.73905107847804
mp-998974,TiFeCoAs,187.342,52.824,192.81921821084603,74.29068045060345
mp-998980,TiAlFeCo,189.547,126.046,196.76665383432828,107.27952843197184
mp-542090,Na4Al3(SiO4)3,24.097,28.081,116.60222324249187,70.63781308292477
mp-997590,La8MgAl7O24,183.604,99.276,205.07159508011608,118.85245216415156
mp-1023127,Ba4Cu3PbO9,97.683,44.106,110.42062813285132,55.12528448340227
mp-643409,Ba4Y(CuO3)3,103.322,50.961,120.64786872334793,62.31929463050287
mp-20623,K2Cd(CN)4,14.761,5.221,57.633419719045904,23.042330016295573
mp-22592,CaTi4(CuO4)3,202.999,107.341,229.35192180551672,107.91479109694932
mp-555166,BaAg2SnS4,31.441,13.867,55.099244504094465,22.72251518829129
mp-569114,BaAg2SnSe4,28.003,11.553,51.41759915583711,21.441031714127973
mp-6008,Ca3Al2(SiO4)3,153.627,97.534,206.18151802813875,136.37630312990123
mp-6073,Mg3Al2(SiO4)3,158.13,84.574,222.9935777810021,141.5024043372
mp-562854,CsNb2BiO7,53.728,31.983,159.9766421297927,74.08489418860286
mp-23087,Mg3B7ClO13,133.058,94.309,210.67006326437172,138.59253734924735
mp-6706,TiTlPO5,79.378,46.869,153.0872616936271,93.9166889586786
mp-13982,CdCu2GeS4,68.712,27.986,79.20430399564579,40.8284834458355
mp-20474,MnCu2GeS4,70.597,27.746,86.80285851314966,41.700144413051085
mp-1020019,Li2PNO2,87.664,60.241,166.77405450801965,114.20693324056168
mp-11738,Na3PS3O,25.786,12.971,58.39227162435175,35.18381571395035
mp-23089,SrTa2Bi2O9,86.266,65.455,190.09864741683995,96.32597497490858
mp-1188121,CsP(HO2)2,21.448,10.388,90.56552491967308,53.72067115538987
mp-556609,KSb(PS3)2,10.832,6.848,59.1441745134842,34.65384385905201
mp-1217964,TaB2Mo3C2,315.136,199.102,351.89247979043637,172.87629138296694
mp-559847,Ag5P(S2Cl)2,40.593,10.303,56.69054124393188,20.842256920918
mp-1196695,Na2Al2(SiO4)3,46.316,26.647,130.79276697133392,80.46072131265937
mp-23959,KP(HO2)2,24.639,16.417,107.37895516762993,75.72384815154618
mp-20674,Ba2YCu3O7,107.52,55.659,138.91565806531057,67.5901630912611
mp-20897,Ba4Y2Cu6O13,93.404,48.754,130.2542631288363,61.71574927494369
mp-22719,Ba2NdCu3O7,107.725,55.03,136.94466247650456,66.9967527904956
mp-552663,LiScAs2O7,88.172,46.083,158.62951856826396,87.35822192429619
mp-6543,VAg(PSe3)2,10.516,2.107,57.16817941073205,26.26362411728064
mp-7079,CaZrSi2O7,139.562,61.97,191.5487756955659,105.92151138114612
mp-643754,HgH2NCl,29.989,10.733,68.7842493535602,27.976479417565763
mp-23875,CuH4(ClO)2,7.042,5.065,45.9519507380491,25.725651324174013
mp-557687,TlHCO2,7.668,3.731,45.38470367116389,23.54186855363691
mp-8871,CsNa2BO3,47.016,21.559,73.92302603939503,41.11997679232099
mp-1012640,CrFeCoNi,191.177,97.13,228.10781283034217,113.20526933418274
mp-6511,KCSN,15.519,8.426,45.51351597116595,23.46067904918689
mp-558137,AlBPbO4,65.18,45.16,160.8289019970575,95.00215748602436
mp-866314,Ca5Al2(SiN4)2,125.918,75.063,153.8480454554904,101.20208903180142
mp-1192758,CaAl2(SiO5)2,106.023,64.802,189.17804246208485,112.69269373087158
mp-23084,BiPbClO2,43.224,17.959,80.75355684906232,35.45329989205509
mp-23138,SbPbClO2,46.555,21.923,76.80053708577422,35.474826655082914
mp-23906,LiH6NO6,24.827,10.563,84.60885854937258,46.58011744353181
mp-547244,SrBiClO2,38.621,2.055,76.79917183098532,37.82349162994825
mp-548469,BaZnSO,59.92,35.008,79.31453956553179,39.378841352992424
mp-554238,CuBiSCl2,44.718,18.654,66.25672886498401,24.960957291051173
mp-556094,AgBiSCl2,36.771,14.436,56.55237355056999,20.167059962357843
mp-570102,HoSiRu2C,185.265,76.705,204.12959836205428,87.18854098910991
mp-643989,KHCO2,18.439,10.788,55.219956419323225,32.17024473843909
mp-9318,KZrCuSe3,30.478,18.801,69.45060616215187,32.78495244089025
mp-9503,BaDyCuTe3,36.445,14.922,53.75803360071806,24.35899495764651
mp-10584,Ba2LiOsO6,82.233,43.765,158.316999679746,75.33972763751692
mp-1079630,Ba2TaInO6,140.02,78.541,174.08947272149626,93.45842490439718
mp-11734,Sr2MgReO6,131.312,74.578,188.30710354285785,87.71235954639025
mp-13190,KRb2GaF6,35.653,15.358,59.608570060160986,27.87099577021701
mp-13797,K2NaCuF6,42.815,24.134,66.73239935117303,31.76674800519452
mp-13798,K2NaTlF6,37.066,18.04,56.91646731432933,22.929927775562263
mp-13799,K2NaYF6,36.926,19.851,61.864351663058855,28.726072957177703
mp-13811,Ba2MgUO6,104.102,57.23,146.7658209706607,68.0133372904397
mp-13815,Rb2NaErF6,34.753,19.848,64.15126099722512,32.32848259429227
mp-13816,Cs2NaErF6,31.129,17.633,60.61960140474316,31.857091480260955
mp-13925,Cs2NaYF6,32.42,16.618,57.38576515111092,29.68742717256637
mp-13937,Sr2TbReO6,142.094,43.535,172.44462515592843,71.93784555616895
mp-14038,Rb2NaRhF6,40.086,21.126,78.00785328970402,36.12449214905223
mp-14039,K2NaRhF6,43.639,22.615,81.41439238711422,35.759958751635665
mp-14223,Ba2YbSbO6,57.328,4.985,59.63681365509115,10.586237630452308
mp-14226,Ba2YSbO6,50.889,1.073,84.51333603051653,8.784208356193442
mp-20841,Ba2CaIrO6,108.746,57.48,149.82290094622846,75.46817553958735
mp-21309,MgTe(PbO3)2,122.031,61.486,159.87726491616738,86.5150013398934
mp-21879,Ba2CePtO6,137.231,62.307,161.6221731574103,74.0545320592524
mp-22441,Ba2MgReO6,121.859,68.97,177.2848508394113,87.94489451258993
mp-23137,Ba2YBiO6,113.974,68.485,130.90949553154638,72.19300040353124
mp-549970,Ba2ZnReO6,124.748,53.073,176.51404844118008,81.0496514498545
mp-560037,Rb2NaBiF6,32.377,16.405,56.78210470832015,25.265375243804623
mp-567652,Cs2LiYCl6,19.256,9.676,32.79125374418344,16.073552096367006
mp-570379,Cs2LiLuCl6,19.84,9.195,34.26118090829234,17.211716589749816
mp-571124,Cs2KScCl6,16.957,7.863,28.344371446376677,14.501055021863989
mp-571467,Cs2NaYBr6,15.187,8.079,24.40829742858367,8.902913583579641
mp-6058,K2NaScF6,41.223,23.479,68.37165968259042,33.405335001418294
mp-6065,Sr2GaSbO6,147.444,88.417,177.86934893179043,106.09958958697948
mp-6074,KRb2TiF6,34.699,22.332,56.47131330222243,22.52162030162329
mp-6204,Cs2NaScF6,34.148,17.639,61.39043548617592,32.707343633435364
mp-6270,Ba2LiReO6,84.792,43.501,163.42124406032138,86.1705504890087
mp-6492,Ba2YSbO6,129.55,78.167,155.49431939546912,89.56452808284662
mp-6586,K2NaAlF6,45.766,27.366,76.62496513340571,43.32637268432275
mp-6613,Ba2YTaO6,137.826,79.834,168.48897129699805,90.20731958142072
mp-6686,K2NaInF6,39.509,20.537,66.0869302631173,29.445700996449272
mp-6968,Cs2KCuF6,34.359,16.596,51.71789725846057,23.99392752040722
mp-7251,Ba2YNbO6,133.322,75.75,162.3870767090936,85.20087387921484
mp-7889,Sr2YReO6,142.445,51.221,172.24719380186653,72.51474175129984
mp-9349,KRb2ScF6,33.983,13.221,57.19327727389883,27.03988101483089
mp-9839,K2LiAlF6,49.406,25.226,84.42508984291716,51.52112477221229
mp-989388,Rb2SCl6F,18.336,15.863,31.831131896034233,18.255236222814563
mp-989399,Ca6Al2NF,42.035,17.548000000000002,54.78721584314795,32.95208622052072
mp-989402,Sr6In2NF,31.841,11.569,36.25963038277346,22.014564107693325
mp-989404,Ca6In2NF,40.468,13.77,48.186360199825984,29.55184853292504
mp-989405,Cs2LiInBr6,16.592,8.914,23.026988477481915,11.965161960677689
mp-989504,Na2LiNF6,59.139,30.306,83.54467222380379,43.398212223132546
mp-989512,LiTl2InCl6,22.841,10.42,38.07933767220256,14.402702713540934
mp-989514,Cs2NaSbCl6,17.435,9.454,29.293528467028125,12.776751836139445
mp-989516,Cs2ICl6F,14.69,4.966,36.703070810519705,19.921571707407296
mp-989521,Cs2SCl6F,13.044,10.592,30.77744058959002,18.82532517182492
mp-989523,Rb2NaAsF6,36.315,19.293,59.269362620062104,25.526323250240555
mp-989527,Cs2NaNF6,35.858,18.173,43.88595100637481,24.298426931396705
mp-989528,Rb2AlInH6,23.765,14.191,32.152151379301515,24.98130771499501
mp-989533,NaTl2InF6,39.944,17.814,66.3001420132103,26.6623540984189
mp-989535,Cs2AlInH6,23.35,15.191,34.38503124166771,22.833065837155136
mp-989537,Cs2TlInF6,31.424,11.015,49.25662230965847,20.083393486827628
mp-989538,Cs2InBiF6,27.515,10.349,48.22404213078505,16.97771082642763
mp-989539,Rb2AlTlH6,23.369,14.582,30.48453677975083,20.72118348067318
mp-989540,Sr6Sn2NO,43.347,28.342,52.427895024216234,31.84016109317387
mp-989541,Rb2NaSbF6,33.711,17.354,58.878359591002734,23.02044611013462
mp-989542,Ba6Tl2NCl,22.374,11.356,26.12426648205513,9.233141689467033
mp-989544,Cs2SeClF6,11.517,0.447,37.96290487200782,16.296461307022273
mp-989545,Rb2NaSbCl6,18.041,9.127,31.29602869969427,12.241154516004608
mp-989548,Rb2NaTlF6,34.898,17.791,55.71518954509216,24.683178444770903
mp-989550,Rb2TlInCl6,17.779,229.284,29.263123634151537,11.77785758953036
mp-989551,LiTl2InF6,41.494,13.628,74.67137705546199,31.418926697230663
mp-989553,Cs2TlGaH6,22.583,15.57,32.354758648385626,19.00105036706113
mp-989560,Cs2TlSiH6,16.605,10.145,36.9354900382929,18.51771811370992
mp-989561,NaTl2GaF6,42.375,18.37,71.29061699368245,31.31072332359584
mp-989562,Cs2LiTlF6,33.191,8.613,58.14444979252205,27.42633662318937
mp-989563,Rb2NaTlCl6,17.958,8.845,26.930796302042744,10.82329540660944
mp-989566,Rb2InGaF6,37.52,10.4,59.47891745309039,26.45452909332405
mp-989568,Cs2NaMgF6,31.063,12.854,44.05786077767142,27.83308310726301
mp-989570,Cs2CaSnCl6,23.328,11.223,27.13620604248752,13.15844522230968
mp-989573,Rb2BrCl6F,18.72,8.094,31.926067655063207,13.430001983127005
mp-989575,Cs2AlTlH6,23.081,15.28,32.92574181133186,20.80797853904009
mp-989578,Rb2NaInF6,38.727,20.572,62.978017398693304,29.939538415994235
mp-989579,Rb2LiTlCl6,19.666,10.376,27.93400970267165,12.127139185129844
mp-989580,Cs2KNF6,34.612,17.281,40.246177422048255,22.228610582805985
mp-989583,Rb2LiInCl6,20.952,10.025,34.515682518072175,15.849399290335892
mp-989585,Cs2KPbF6,26.386,13.579,40.14603368398795,18.52594637759068
mp-989590,Ca6Sn2NF,45.559,37.923,55.983987050883194,35.55931246913947
mp-989592,Sr6Sn2NF,37.078,29.733,43.30452128166084,25.880201722472897
mp-989605,Cs2RbInF6,28.556,9.87,49.36113555832692,20.36896151450878
mp-989608,Cs2NaAsCl6,18.551,10.352,29.2040693649341,15.678412904630736
mp-989642,Cs2NaAlH6,23.548,15.331,34.723149241188366,23.084157824165807
mp-989644,Cs2NaCaCl6,16.182,4.943,20.4456352885217,11.560586902165731
mp-996944,Cs2TlInBr6,14.846,4.623,22.87965855639884,7.078402245654546
mp-556125,Na2BHO3,47.14,18.023,84.79620744207497,51.707727606156645
mp-559276,AlBPbO4,74.458,45.124,162.23024776722107,94.63210928788568
mp-601257,DyCuPbSe3,45.811,23.788,66.880622276654,29.62997456462408
mp-614311,CsCSN,11.126,4.588,36.71808348921292,17.01481606825294
mp-6224,LiScSiO4,109.06,64.49,180.2194991910269,109.27136693236932
mp-643727,HPbBrO,28.159,8.568,56.740763833831885,25.327531708165775
mp-6493,CaMgSiO4,100.479,54.985,151.30720751486265,96.99593001153256
mp-6633,NaCSN,18.759,8.919,50.46235649258703,29.1818828606563
mp-6668,LiTiPO5,97.252,58.853,199.0973538322068,114.7343807040768
mp-6812,KBaPO4,55.459,26.743,114.0563266928419,70.90307252306273
mp-721314,NaH2SO4,25.943,14.764,96.7561069723105,69.46075645240505
mp-866650,La2Si4CN6,151.815,83.776,201.57491378099888,130.34018498962462
mp-23662,LiB(HO)4,41.323,27.904,135.22044647768243,88.2724547959546
mp-23685,CaH2(CO2)2,23.946,12.259,114.3764474847944,61.91945141918994
mp-541431,Ca2SiH2O5,71.587,36.758,128.5500734595142,79.42313914875095
mp-558432,Na3P(SO)2,27.644,14.486,70.63707993139394,43.77826613541927
mp-1023132,K2Cu(ClF)2,19.095,10.273,41.75895373165694,19.948489027123227
mp-571638,Rb2Cu(BrCl)2,12.111,6.631,24.939117395874835,11.052458107336411
mp-9719,Na2LiAlP2,40.227,27.656,53.06252824378516,33.89360296795175
mp-6205,Ba2Ho(CuO2)4,104.048,39.752,139.27092977310272,63.57893854873327
mp-6779,Ba2Pr(CuO2)4,102.385,40.374,134.27118994158448,62.97072263537822
mp-6174,Mg2Al4Si5O18,123.273,50.367,163.75707081480374,105.7443172422962
mp-555229,H5CNO2,18.19,6.13,84.28855932184922,53.10759337596572
mp-6391,Na2ZnSiO4,77.843,34.457,128.72498579665697,74.58735067260643
mp-756088,SrTaNO2,151.127,92.324,210.55472012088453,115.74640650202234
mp-24148,LiLa2HO3,125.243,72.439,141.5212811147788,74.93611482766649
mp-24149,LiCe2HO3,123.514,67.366,142.99056823016426,81.79593018588946
mp-24150,LiNd2HO3,133.492,86.992,152.88720058277167,87.50869699032138
mp-555056,SbS2NCl6,4.891,1.901,42.9895449975906,20.87624608159429
mp-9068,K2NaAlP2,24.93,16.531,38.76829003300997,22.521195727423073
mp-9069,K2NaAlAs2,22.098,14.515,33.38019495009299,19.841398965198408
mp-6319,Na2MgAlF7,64.198,40.586,91.497005266226,52.58569825468938
mp-1020703,SiGeN2O,117.612,76.296,199.38008745263863,129.46907042956985
mp-2665147,MgNb2(PbO3)3,76.292,44.811,168.81799760656605,78.17121659668041
mp-11175,LiZnPS4,31.32,15.461,57.93057682547701,28.990229132849127
mp-2831941,Na2CdSnS4,30.022,9.886,37.27862398868725,15.587942636124197
mp-632402,LiCaUF8,44.136,14.907,110.15247858709066,44.87081078690575
mp-8873,LiGeBO4,89.133,60.304,168.81116835051196,97.28414003508252
mp-8874,LiSiBO4,94.759,73.016,193.552481450329,113.92885958154184
mp-12385,Ba2YTaO6,135.914,80.852,164.0263625850443,87.90599197814126
mp-12427,Sr2TaGaO6,159.165,88.394,192.78109094911488,107.18408148326706
mp-15318,Rb2NaHoF6,34.367,17.647,59.7974968396527,30.128894343008504
mp-6304,Sr2GaSbO6,144.046,47.009,169.30344691068225,101.52891887998686
mp-40143,Cs2KZrOF5,29.868,16.081,62.080485544842375,29.992098934746295
mp-40204,KZrTl2OF5,31.533,7.198,66.56583010878482,26.64391000770224
mp-42022,Cs2RbZrOF5,28.677,13.976,58.01795143189577,26.913575277761836
mp-1219652,Rb3H(SeO4)2,19.292,8.997,77.6592921781594,45.94666964096189
mp-1226195,Cs3H(SeO4)2,17.551,7.136,69.26184541382631,40.45704323677679
mp-6598,K2Cu(PO3)4,34.223,20.176,135.81545047181012,91.97995192076289
mp-950995,Li6PS5I,26.78,13.335,46.42023107317572,26.71943000473739
mp-556856,BaCSNCl,26.639,11.927,51.01879633926784,26.05184303642776
mp-866298,BaNaScSi2O7,88.541,48.571,153.31503639091997,92.31981794596538
mp-550306,YCu2Bi2(SeO2)2,61.482,33.01,115.24067168270726,52.11273757347878
mp-9453,Sr2ZnCu2(SO)2,82.152,42.477,96.2174560840584,44.61016469456589
mp-571384,KMnAg3(CN)6,34.471,16.27,46.587016093276354,26.6736384389547
mp-1021669,Ba2CuC(NO)2,68.126,11.095,105.99405216563474,50.69078196908931
mp-1021672,Sr2CuC(NO)2,76.475,35.049,125.24932284934462,61.01124098265558
mp-6847,KY2Ti2S2O5,73.072,31.84,126.120949997363,59.159605446024464
mp-6879,Ba2CaCu2HgO6,73.578,34.342,103.03884241903336,48.201884148350395
mp-24214,KPH3O4F,19.525,10.781,99.02980266338452,66.4720046268728
mp-24366,K2ZnH12(SO7)2,27.544,12.739,104.62192548433656,68.67706078887946
mp-706284,ZnH20S2(NO7)2,27.358,12.5,118.23385772546858,80.03295291799549
mp-16136,Sr3TaGa3(SiO7)2,93.461,46.289,162.5862597562193,93.85067221851418
mp-6870,KBe2BO3F2,49.645,34.42,108.83100367837883,65.73165215277649
mp-1030827,Te2Mo3W(Se2S)2,16.34,11.578,85.00140085230485,54.25421652175687
mp-1019551,BaNa2Mg(PO4)2,82.728,46.497,146.8671539758703,90.35788188944429
mp-556562,LiAsH6(OF2)3,16.616,9.562,88.97960227502153,61.218969902754125
mp-40251,BaLaMgTaO6,141.408,37.417,190.59126777838057,105.12502928057668
mp-6867,KCaCO3F,51.664,29.357,94.944011994148,53.38069710124475
mp-23145,Na4Al3Si3ClO12,56.124,31.02,119.33522471092296,72.50395744591505
mp-6884,Cs2LiCo(CN)6,25.8,8.334,96.242006783567,38.82452203347033
mp-977012,H6PbCBr3N,13.813,5.918,46.039899446482366,29.253963577473925
mp-977013,H6PbCI3N,10.549,4.636,35.871278714008554,24.019779593783404
mp-23915,Ca2Al3Si3HO13,118.621,64.867,202.65460326891775,130.2185129144119
mp-722270,ZrH7CN4F5,19.43,3.138,121.64156392462822,59.971245846412565
mp-643431,AgH4WS4N,8.86,6.91,73.98634585737209,35.306913218005405
mp-707746,CaAl2Si3H6O13,57.584,34.407,144.16827002318118,92.39922375575024
mp-1042151,BaYCuSbO5,78.076,35.946,138.8702474932934,60.65774798675831
mp-1200331,MgB2H4C8(N4O)2,27.179,11.096,112.7036586679143,52.37663957823885
mp-977011,H3PbCI3NF3,9.507,5.147,45.519181695891334,27.825915416356604
mp-542264,BaNaCe2C4O12F,74.92,34.761,135.42063681086637,73.13258761441735
mp-541025,Ca3SiH30CSO25,40.697,7.629,113.52332615220736,73.78504900060864
