step,energy,fmax
0,-7.189821837911317,0.02011175251587437
