{"temperatures": [0.0, 75.0, 150.0, 300.0, 600.0], "free_energy": [73.63444870773156, 72.62408468066769, 66.54651542552408, 37.84798366243283, -68.13959880744298], "entropy": [0.0, 41.75866977896379, 120.39317329327777, 255.82880686634496, 435.25992520233547], "heat_capacity": [0.0, 75.55605615981239, 154.27691751880482, 233.1318930078741, 278.02309286010285]}