{"temperatures": [0.0, 75.0, 150.0, 300.0, 600.0], "free_energy": [14.07310873661434, 11.060553952743286, -0.6782551473854834, -40.3026697526319, -154.60081012175172], "entropy": [0.0, 103.42507867748314, 201.82133336574955, 315.0184113280364, 433.8204168073074], "heat_capacity": [0.0, 124.69124058419511, 155.5573044054384, 168.84199460786868, 173.07664586615167]}