{"temperatures": [0.0, 75.0, 150.0, 300.0, 600.0], "free_energy": [25.285214834600424, 23.198428616365216, 16.153231823328447, -7.262652327708743, -76.1667854871103], "entropy": [0.0, 65.03489938000895, 119.14109003026502, 187.23412077715813, 264.3689720295698], "heat_capacity": [0.0, 67.06741071793209, 88.90197022093338, 106.09063963036553, 115.69054679647671]}