{"temperatures": [0.0, 75.0, 150.0, 300.0, 600.0], "free_energy": [33.83791365942108, 32.928828314101175, 27.429747497658227, 2.5678836367431117, -83.66404858678834], "entropy": [0.0, 38.31926838959446, 107.70228685502279, 216.3914535810915, 345.55279622002286], "heat_capacity": [0.0, 68.73672549417341, 131.84191785080316, 176.29867311778818, 193.13381067387712]}