{"temperatures": [0.0, 75.0, 150.0, 300.0, 600.0], "free_energy": [67.0869224886177, 65.81510434485746, 58.73925948654635, 26.87933484570935, -87.08858470437336], "entropy": [0.0, 50.77411519129585, 137.24038356128395, 279.9205527668519, 463.3332053754352], "heat_capacity": [0.0, 85.97394568117134, 165.9161400732232, 241.53783625639255, 281.42465099244276]}