{"temperatures": [0.0, 75.0, 150.0, 300.0, 600.0], "free_energy": [81.12940543987904, 80.00356577407557, 74.7524258296574, 53.09003062963885, -25.408645085369372], "entropy": [0.0, 41.7105231137013, 96.79397941895564, 189.00292001258316, 324.81261180270224], "heat_capacity": [0.0, 59.86730658146102, 101.97634459307383, 166.6540694582939, 219.5948921142399]}