mp_id,formula,K_vrh_DFT,G_vrh_DFT,K_vrh_uma_sm_omat,G_vrh_uma_sm_omat
mp-1120447,Si,67.85,28.045,84.84509320820713,45.53121298325442
mp-644693,Si,49.084,20.284,83.94588220722234,52.40023808520169
mp-1008395,C,401.484,421.283,449.8405178134726,478.2852707251588
mp-1010136,Cu,137.832,92.026,160.48648909494105,-85.83757036960915
mp-1095534,C,149.065,64.776,193.89002681709945,120.45516143009172
mp-140,Ga,49.645,8.836,44.31109499309817,4.502931539338763
mp-166,Ca,16.881,3.229,17.945785845697053,5.844733884055196
mp-55,Sn,46.694,5.892,49.48297350394104,7.4523287183142815
mp-62,Pa,96.151,11.45,115.61569201954087,48.689612754752005
mp-999200,Si,81.337,46.823,88.7050166943715,65.95782537398829
mp-1064933,S,10.987,3.458,44.18142688363291,1.1494391850498549
mp-23157,Bi,43.62,11.548,58.25863059648336,23.242370754714173
mp-570459,Te,42.656,20.96,53.69595898799541,15.98786120826844
mp-542461,Se,1.09,0.5650000000000001,33.35105277941524,16.175874349127497
mp-557559,S,0.876,0.398,35.23946516725763,18.76356280128198
mp-42,Ta,195.555,60.284,207.5447219761228,72.69727910130658
mp-128,Ge,55.811,40.309,74.6882398654512,56.47094493235915
mp-147,Se,4.152,4.031,34.45030734052701,17.473351301558857
mp-571520,Si,79.59,60.71,108.1312947731728,82.71618443484573
mp-7,S,1.874,1.075,31.622037955109978,18.41088765915699
mp-567308,Sc,45.528,30.675,52.14438567624988,27.809485816762216
mp-78,Ge,69.319,39.008,78.08179913298905,44.36353921692479
mp-84,Sn,47.261,25.121,59.679826366713904,24.8542603126717
mp-92,Si,107.613,62.896,136.32135085852056,91.6939674931948
mp-14,Se,4.123,10.032,41.14639690818119,17.520513418508212
mp-19,Te,19.355,14.952,45.40911066336096,17.47710617230855
mp-1014111,Ni,15.039,9.808,74.52960035358629,23.082324381514365
mp-555760,S,6.378,4.006,33.220095432213725,16.562407054065094
mp-567313,Te,19.198,15.001,44.90863480243198,19.88523991312921
mp-1018122,Tm,43.971,28.525,51.819633536414266,30.373790538102796
mp-1018134,Li,13.804,4.151,14.109322320962235,6.055575750616217
mp-104,Sb,32.445,20.273,53.94770885075207,30.125393356674326
mp-10658,Dy,41.039,27.353,44.69391286755565,26.82726902478511
mp-10659,Ho,42.255,27.815,46.62807923684799,27.969969826602636
mp-11,As,31.388,20.3,70.83273047298293,42.9858057832977
mp-11698,Tb,40.128,26.556,42.56937393985174,26.233279688322856
mp-1184569,Hg,11.457,2.516,8.30537089287547,1.2489083072602642
mp-130,P,49.335,39.838,87.0724999814203,67.82130932388712
mp-160,B,210.223,172.392,266.30072377417315,278.2997386018283
mp-169,C,115.697,80.084,127.59907193926496,91.93229710239348
mp-23152,Bi,27.767,8.365,51.23785354219108,24.843150799479208
mp-2516584,C,113.32,87.786,127.82370373426514,92.37620857737151
mp-2629196,Hg,7.622,3.832,11.246245196448386,1.2895828414711177
mp-569007,Ga,47.111,12.714,56.769568715210575,13.37481108802779
mp-569416,C,95.263,62.899,100.8107928829374,74.63334390189121
mp-86,Sm,36.407,23.389,39.998559385569294,27.18994625585322
mp-972364,Yb,14.69,9.767,44.103342014230506,24.757986494659413
mp-973571,Lu,44.851,28.755,65.01321427708815,33.8639133650379
mp-975065,Re,365.253,182.644,403.9236625316651,206.79347987387305
mp-1063005,Li,13.65,5.187,14.572254588204126,6.761188730170642
mp-10861,Hg,7.842,1.6800000000000002,12.743428461909,-1.0929696297364528
mp-34,Si,106.499,56.749,127.40301934108577,72.64320387066613
mp-568806,C,112.835,71.286,131.57006826579578,93.91094492604748
mp-72,Ti,112.881,62.245,123.4896796986998,59.43512764363079
mp-1007760,Ge,59.529,45.231,65.01456247895723,60.55858883369658
mp-1008634,Au,120.075,12.694,158.81291269512448,22.940417058264405
mp-10172,Na,7.777,4.588,7.977340732328763,3.951450303711439
mp-10173,Li,14.344,7.956,14.753452807433712,6.702597227318241
mp-10257,Ni,197.345,80.204,222.17790874494713,103.25061233097549
mp-103,Hf,108.287,56.604,123.21332425977968,71.25761232492431
mp-1059256,Pr,32.605,13.525,36.53398937166224,35.28828084935802
mp-10597,Ag,90.122,33.559,106.99541463875916,33.18099217827066
mp-10649,Si,87.289,64.435,107.16112130456952,16.383809771554628
mp-112,Y,41.717,27.122,44.475802450056946,28.43410580948103
mp-113,Tc,296.007,145.8,330.6243363515867,157.36551717487882
mp-1184554,Hg,7.877,3.948,11.365032211352904,1.2199169818016822
mp-1184755,K,3.576,1.623,4.061349167179664,1.4952264397514154
mp-1186901,Re,364.898,196.072,409.71951800631746,200.21874331314143
mp-123,Nd,33.844,21.438,38.115087331473035,26.815177306993945
mp-131,Zr,93.831,33.105,105.30893430837914,47.701865490851
mp-132,Ca,17.349,10.874,17.083490027200522,9.835302592894976
mp-136,Fe,295.605,180.477,235.51328498507036,168.6497287370126
mp-139,Sr,11.529,7.697,11.72943412694569,8.35000780367811
mp-141,Yb,14.467,12.032,47.01239412443497,30.025843550752413
mp-143,Tm,45.516,31.32,50.71176163816563,32.94076515075512
mp-144,Ho,43.126,28.414,46.82693043270256,29.238172706270245
mp-153,Mg,36.448,24.389,57.25468777447871,20.905263596437575
mp-165,Si,88.815,61.322,98.87201183568578,82.79866272850578
mp-18,Tb,38.449,23.903,42.13568077422459,25.32940436505589
mp-20372,Ce,34.679,23.828,49.51256920001626,42.423861756480136
mp-20736,Ce,31.937,32.268,46.75924696644888,30.213010152682887
mp-20745,Pb,38.724,11.459,44.73484587413595,9.424303030908469
mp-26,La,25.86,16.922,31.270138002167226,29.119301227796416
mp-33,Ru,310.062,193.869,380.1719546215071,212.33263230791957
mp-38,Pr,32.216,19.899,37.17645347081855,27.532002386471664
mp-46,Ti,112.944,48.257,138.68222816220717,69.32965239399964
mp-48,C,115.976,89.734,127.37273926000832,90.83487391434458
mp-49,Os,400.41,244.666,469.2200333898843,277.7319907514178
mp-56,Ba,8.259,4.782,8.527892012057745,3.743283946807322
mp-571249,Tb,40.022,26.483,43.00768168582566,31.710481543368093
mp-604318,K,3.566,1.596,4.161079599244834,1.3781951230835476
mp-67,Sc,54.533,32.26,59.00084026926388,37.49677353325831
mp-68,Sm,35.412,19.245,39.413341864101675,29.440097077257853
mp-69,Sm,36.692,24.026,42.48152122193849,27.859909740647225
mp-8,Re,365.046,168.04,392.7406869710797,216.57845019054497
mp-82,Tl,26.378,11.153,28.190523050452175,4.174742746373697
mp-8566,Ag,88.449,32.087,104.92765422866016,32.37666738399907
mp-862690,Ac,24.648,17.221,27.827901830217115,26.868889695390394
mp-867200,Pm,35.282,22.869,38.93873336744048,25.70130143742522
mp-867202,Sr,11.444,6.8870000000000005,11.591996186475376,8.371083297755323
mp-867351,Tc,299.67,149.971,335.11455368612656,143.98277111136423
mp-87,Be,120.019,133.872,148.45008308724104,113.34040918600056
mp-88,Dy,40.246,26.543,44.721024751653026,27.47590463708019
mp-94,Cd,41.91,13.413,46.99024788212091,11.834303592826611
mp-973364,Mg,35.997,24.167,57.1357624809753,21.30725783737926
mp-973986,Ho,42.273,28.439,46.8734390343682,32.90896643014277
mp-976411,Li,13.866,6.849,13.789206538815789,6.2124903306162444
mp-982370,Na,7.773,3.678,7.917802351249779,4.046569672324008
mp-989695,Cu,132.163,65.761,179.61264889631474,65.51914663722835
mp-99,Er,44.76,31.02,48.85150807402353,31.014640534464828
mp-118,P,0.973,0.503,43.38107238727464,30.540325715107237
mp-168,Si,86.24,62.471,103.5893643370749,83.01058038980807
mp-542909,Mn,248.693,81.197,199.31355285108924,116.17151619704036
mp-971661,Si,79.715,47.329,86.68580785506704,69.51254872857328
mp-569423,Ga,62.324,38.547,60.83103935847263,8.471219252358628
mp-11334,W,298.22,134.395,323.8530924242242,145.29914836704282
mp-17,Cr,252.155,116.144,266.0657055157666,129.79576381669267
mp-971662,Si,75.91,45.957,83.04865584481739,70.85954412337463
mp-10,As,79.731,32.38,90.93210944580656,46.65280620773206
mp-10654,Te,50.533,5.86,59.10455570012844,13.984912040315482
mp-133,Sb,56.475,22.101,65.0969314557001,28.084440812665143
mp-567597,Bi,46.757,16.698,55.96258202410741,23.746301860857884
mp-7755,Se,70.526,4.975,82.985118269822,18.495425408591633
mp-998866,C,355.313,470.461,424.55929321170294,412.2313822460456
mp-105,Te,34.252,11.377,54.13627271741353,13.938975100231762
mp-117,Sn,35.858,22.399,37.05199480845408,22.837825958012004
mp-149,Si,88.916,62.445,90.7522993816868,75.04527020387297
mp-16220,Si,61.244,37.17,77.04802154057029,55.332309848632434
mp-32,Ge,57.916,45.07,58.34926623804234,52.168259175979465
mp-10018,Ac,23.574,13.226,26.96203986384119,32.11529154357569
mp-1008669,U,110.797,58.014,130.05064788815667,49.639368834809886
mp-101,Ir,345.128,208.901,378.49410587550256,239.13298623530923
mp-10157,K,3.578,1.235,3.242098707307191,1.3528454250804316
mp-102,Co,200.587,120.256,220.32429570012337,107.09315363766297
mp-1022725,Sn,46.107,15.269,47.523135958466135,-1.9689084365548024
mp-10740,Pa,94.772,50.133,100.63522343057647,18.79646711264946
mp-10750,Dy,41.225,26.058,41.63266852568332,23.75120040241294
mp-10752,Er,42.186,26.865,42.42953826987928,22.923968588274633
mp-114,Pu,34.9,17.687,-2.24787973292439,5.553285123128412
mp-12093,Ge,63.414,27.414,61.077268531503535,-0.7732163445459658
mp-124,Ag,87.692,13.21,98.90265900729402,25.308337797432554
mp-126,Pt,248.014,49.52,281.2873621969641,51.51074001478518
mp-156,La,20.188,14.36,28.792653745868,23.32604586308633
mp-159,Nd,31.862,18.911,36.70414861396736,20.790592647472977
mp-162,Yb,14.766,8.32,46.02681696872819,27.14716705886193
mp-2,Pd,166.982,48.469,195.77971529149187,48.181745964077265
mp-20483,Pb,39.516,11.204,43.20044559221774,3.736771964816591
mp-21377,Sm,36.46,22.798,37.682147765605045,21.78155618750466
mp-23,Ni,173.808,91.592,231.637355237292,106.80593589810964
mp-28,Ce,39.338,33.95,48.85126785448089,31.452384387608895
mp-30,Cu,151.394,49.843,166.45031138334693,51.06451572554192
mp-36,Sc,50.651,22.413,53.782094057293065,0.1841648586343776
mp-37,Th,55.005,39.908,58.97150306292576,54.23761175445041
mp-45,Ca,17.224,7.495,17.459043709328128,6.662643500021949
mp-51,Li,13.874,3.618,14.062368892852485,5.697787593797008
mp-6985,Ti,108.54,37.093,112.62023750318664,2.9485150915869114
mp-6986,Ta,191.164,219.943,200.92364109524712,3329.9962408799424
mp-7163,Tb,40.344,25.572,39.99419007904838,23.395267728920604
mp-74,Rh,252.9,150.16,270.4677831169033,157.68268309706622
mp-753304,Hg,6.758,3.256,7.027542662094237,-3.221257671857188
mp-76,Sr,10.978,5.411,10.121053584207592,6.488647736522755
mp-85,In,35.245,11.555,38.87485921003639,3.4167785659419803
mp-8634,Mn,280.959,120.902,167.95899825166825,139.20429119528234
mp-8635,Zr,89.974,29.84,93.96533239809432,27.798520276938472
mp-8638,Tc,298.021,140.215,311.3953019101382,142.73256800613433
mp-8639,Ru,303.897,198.805,328.0602221634071,208.8457945146232
mp-8640,Hf,102.549,45.446,107.04611122117493,36.22574932988676
mp-8642,Re,363.048,195.364,380.5085713728485,166.72867442957724
mp-8643,Os,394.005,247.391,417.36800034767776,254.87909944681763
mp-9,Y,39.59,23.2,39.240005528915134,19.384251059051756
mp-97,Pr,32.21,16.891,37.33499081560146,-40.066895137032425
mp-974558,Na,7.76,2.856,7.86086176476187,2.733470997017028
mp-1017981,Hg,24.448,2.877,13.785736356066634,2.489012584778388
mp-10641,Sc,53.18,10.981,55.87518038168813,-3.1348996092187096
mp-110,Mg,36.66,9.504,37.34844564347403,6.59069176760107
mp-122,Ba,8.934,5.667,10.77442124207402,8.615478720171486
mp-127,Na,7.808,2.099,8.97061112077357,2.700179454492709
mp-129,Mo,262.529,117.048,272.9514555855456,110.11806039912496
mp-13,Fe,207.093,67.563,382.6276164311779,167.8528302953533
mp-135,Li,13.87,3.745,15.328900880400443,2.8244993554756923
mp-146,V,181.232,40.746,205.0785519880604,38.875338783003976
mp-20,Be,125.076,111.454,134.9408358524899,42.757938269071225
mp-22692,Pb,37.674,17.212,41.34588366481306,0.2129795363721665
mp-39,Tl,27.941,3.464,20.208906719555728,1.594138290274742
mp-4,Nd,30.908,11.48,34.143637320714426,-667.2246199999406
mp-41,Zr,88.4,1.932,88.74049820342707,-33.09861787087046
mp-50,Ta,194.527,64.83,209.30187297391356,64.08442601840976
mp-568610,Bi,52.755,16.667,68.38035194362338,7.0862514789345665
mp-570002,C,311.258,219.493,360.65079287086274,300.4260017851127
mp-70,Rb,2.79,0.8200000000000001,3.418523610910184,0.8914275393944991
mp-71,Yb,15.868,10.038,45.05510859710838,-14.69445441723335
mp-7162,Sn,46.763,11.057,36.37995837407887,-21.124563659044657
mp-75,Nb,172.05,25.854,186.09572100522144,33.30394579596256
mp-90,Cr,233.652,76.972,268.63563146161914,134.72673777372654
mp-91,W,302.264,148.152,334.3683283375381,141.30467297828565
mp-95,Sr,12.611,7.209,12.139510648464974,6.94299029956656
mp-998860,Al,70.361,48.263,88.90167517303448,7.860214572426721
mp-998883,Ge,61.324,19.966,58.96540034675767,-23.394820830533067
mp-998890,Cu,139.175,19.372,160.53394505782293,28.800943006027264
mp-11534,Np,166.958,112.037,252.72714072536215,109.11920170206112
mp-10021,Ga,55.429,46.698,55.152030515644256,10.70067230950941
mp-1009757,Se,21.351,4.74,34.15584815446021,16.78192327554699
mp-2351841,Si,82.314,205.333,105.92090079150218,-157.43160619806156
mp-44,U,147.81,113.597,175.32629665675893,111.52301112170883
mp-567540,Ga,49.491,2.943,57.55031079663963,13.051535692343966
mp-64,Ce,44.169,32.576,51.72238602840648,35.17003230847262
mp-1079020,Ge,61.934,17.699,59.51971008337436,7.726374649459354
mp-142,Ga,50.024,30.01,51.79011630310557,29.259908091517783
mp-1546032,Hg,6.181,3.265,8.71755387110998,2.097597385609086
mp-157,P,20.688,12.609,69.7293076675041,52.06335815645349
mp-23153,I,4.837,3.174,11.334271297301452,6.487873461926828
mp-23154,Br,4.11,2.895,13.776695166701556,7.514312334499409
mp-1008374,C,311.565,215.557,342.1579323999664,281.3592684222362
mp-9924,Te,19.866,13.84,27.603782565988897,11.369931445854863
mp-568286,C,118.035,88.909,127.83257293955832,90.96881269920723
mp-109,Si,96.905,70.562,130.67278819180953,73.62683995836603
mp-937760,C,118.816,91.861,128.24268507671832,92.2482999134827
mp-1077723,Zr,88.774,28.123,100.71968010030908,35.471147559847296
mp-137,Ge,53.667,42.715,74.74862969739843,55.30207716958182
mp-20466,Sn7Ir5,135.271,57.92,157.45469941404338,72.16046855977302
mp-7591,GeAs,68.076,36.685,75.62420631093508,42.835047665813875
mp-2637304,Al2O3,89.312,49.715,146.9221972308588,88.6410429754582
mp-567345,NbRh,217.831,60.562,247.7889698123056,77.91713944567466
mp-569073,LiSn,34.696,19.881,44.888407483442,20.27006893736016
mp-1019086,CN2,84.186,92.215,211.4336268740282,225.42254674493972
mp-20683,Cu3Se2,73.545,16.086,92.42999238149726,35.224311088264834
mp-239,BaS3,33.079,19.508,52.892225913153005,30.696338112180513
mp-1936,TaAs,175.774,92.363,203.23900654427615,127.96526571145532
mp-2059,NbAs,161.259,85.622,185.76717221155403,115.10261494763792
mp-28978,Ba2S3,33.026,13.188,48.53108995355386,26.586484548203984
mp-9339,NbP,185.947,104.288,212.33719381858097,143.37030316929292
mp-28056,P2Rh3,209.142,60.797,235.12328249062944,88.22059817203083
mp-570922,MgCl2,5.603,3.946,31.261621718958548,11.715619230544316
mp-632311,Ta2H,202.519,64.761,216.51549959529396,83.7369801578241
mp-23195,Bi2O3,20.242,25.082,117.46319079527906,56.61953187231211
mp-27519,SeO3,5.11,3.287,91.32837488635472,57.017726432633665
mp-20191,Si3Ru2,200.155,115.548,232.32997307350735,145.24261906296258
mp-680677,Sn3Ru2,125.829,58.454,153.42844371730445,86.72811488365133
mp-1048,TiNi,146.751,40.28,175.59695081371214,58.78840021793224
mp-10636,SrSb2,29.551,13.043,44.170900138838356,26.447162245616305
mp-12700,NbPt3,249.254,101.745,295.5501151373807,117.0566239810554
mp-1399,AlAu,92.438,26.205,124.59505418719964,50.07199466198546
mp-15622,HfSe3,14.39,10.616,86.6181388328856,45.70157871474324
mp-1627,Mo2S3,98.313,62.627,178.21291787148803,105.73914672633454
mp-1683,ZrSe3,15.158,11.664,82.83453648213387,43.734686551260275
mp-2025704,Ag2S,9.903,6.9190000000000005,46.054925509026376,21.077849692348448
mp-2089,ZrTe3,19.908,10.753,69.8938263241571,34.812836151207016
mp-2234,Er2S3,69.36,33.204,86.67200528618291,49.49780396163968
mp-2330,Nb2Se3,68.479,42.182,131.23888903373296,73.62271996373339
mp-2475638,LiBe,34.988,27.752,60.85994276631101,34.42352357469745
mp-29652,TaSe3,19.248,13.686,105.38560492233265,56.63751091019457
mp-29661,Si5Pt6,180.761,70.297,215.53016431602455,88.7216374102839
mp-30768,Li7Sn3,30.336,23.766,34.832498515666224,21.61316603226242
mp-368,P2O3,2.982,0.877,93.9505287032721,63.15209588369566
mp-541289,Y2S3,65.707,30.591,81.74896021605292,45.86305742171374
mp-568792,Si5Rh4,181.55,90.151,214.19786254491265,106.71494346254454
mp-571279,ZrI2,10.245,7.71,47.96331442813213,31.89341036037772
mp-624668,BaSb2,28.581,15.19,39.11530274083421,24.561534626741818
mp-684679,Sb6O13,119.442,70.699,164.7520881066703,99.41867399140013
mp-7459,Te2Mo,18.341,10.737,93.06447958713302,52.81868382196768
mp-7493,CaSb2,34.216,17.996,48.22948734681109,25.175974624996876
mp-775907,Y2O3,128.193,63.43,162.84969826298482,90.10298240720618
mp-776456,Ti2O3,206.646,108.773,244.89228662751756,115.70812422484848
mp-9850,DyP5,66.326,42.871,96.56857071919944,68.50708349202887
mp-9853,LuP5,68.608,46.754,98.62933189302912,71.46211243232985
mp-9920,TiS3,14.85,8.458,97.12870772269738,54.761000930045626
mp-9921,ZrS3,18.634,11.217,94.5574228026377,53.006135299085074
mp-9922,HfS3,16.695,12.408,98.08127331029972,55.26912878018225
mp-9983,Ta2Se3,70.995,45.809,142.90425400538354,81.01656903364913
mp-1009818,CN2,397.571,291.21,421.79559588211663,323.99858705164166
mp-2362466,GaAs,65.249,23.295,81.79329664512906,49.95849409489746
mp-632219,ZrH,112.984,169.416,114.39781360598644,37.288327048932565
mp-530074,B4C,219.382,186.743,241.51895519023577,232.83327055882856
mp-556788,SiO2,42.63,38.011,190.5714966176569,131.2090898143832
mp-632442,Al4C3,137.887,86.229,176.3188492301733,110.4611463823572
mp-633538,B9C,193.287,107.233,248.68538785536515,203.19031443862357
mp-676241,FeCl3,6.185,2.166,31.919721436045005,13.659351540787132
mp-684591,Al2O3,141.633,83.335,217.8492090296552,147.24352005652764
mp-752826,Al2O3,166.16,81.144,217.11447467210056,144.95327913708977
mp-32829,CuCl4,1.099,1.644,25.133477827754977,9.358368027494938
mp-33107,SF4,5.902,0.27,54.02286201656736,34.14499342158602
mp-10074,GeSe2,13.587,10.677,47.5505709246485,26.12574277673154
mp-1042098,TiS2,6.954,8.086,63.69066741838412,19.890088726102057
mp-1042127,BiS2,1.723,0.5760000000000001,18.81807706006326,4.568046323599169
mp-22909,ZnCl2,6.868,5.593,36.68599074134966,14.507059640741204
mp-546794,SiO2,35.06,33.443,161.42886140717872,86.55083932092387
mp-7582,GeS2,17.991,13.525,58.608398358393075,32.84355971507379
mp-7583,SiS2,27.416,18.786,72.00814769317435,41.37689954849745
mp-10048,GaAs,64.687,22.978,73.56661378508203,28.04645775035215
mp-1009223,NaAs,42.172,26.894,47.05479795049256,25.496147808379614
mp-1018140,MgNi,88.25,39.279,98.38568624063136,43.122902659382426
mp-1039124,MgCd,41.638,12.967,53.05115436314965,11.31962491024519
mp-1039141,MgAl,55.516,34.684,65.3463369156855,25.620935337943273
mp-1065811,SnO,87.558,47.731,105.22090646014328,59.53905139233645
mp-11359,Ga2Cu,70.807,30.62,90.62059171429188,51.31050727820734
mp-11470,Hg2Pt,82.793,25.105,97.77708538723007,29.61187454238754
mp-11841,CeAg,39.055,26.525,55.869204444976546,28.1545573463066
mp-11870,Hg2Rh,88.269,38.861,104.2790673116046,46.10988186739176
mp-1194,CdPt,139.891,49.526,157.8918011969285,54.14715032476897
mp-1235,TiIr,227.385,82.089,250.14733359221697,87.66785888724026
mp-1251,VRh,232.563,101.713,251.81269405374627,106.05607305599834
mp-12581,CdTe,34.687,5.92,45.38490760952974,11.590021453615044
mp-12794,Al2Cu,99.432,58.974,103.36576675978225,55.3224028956679
mp-1281,VIr,273.207,126.573,301.59243243815945,135.88738196261997
mp-1359,NbIr,258.818,109.754,285.29651336492907,117.49597386897231
mp-1526,TiHg,104.414,47.479,117.87762638624574,46.175339399480606
mp-1601,TaRu,253.312,75.517,273.4956771437254,71.77853937857174
mp-1652,ZnPd,140.545,58.525,156.0877746854148,55.42989111198733
mp-1670,MnPt,166.177,69.08,1927.4701637577796,139.30124783525963
mp-1696,CdPd,111.855,45.078,126.21275444396544,42.54092814598688
mp-1953,TiAl,113.483,68.456,117.23192989368644,67.59808407111669
mp-1961,TiAg,98.421,40.299,129.92975144892935,45.13294710218987
mp-1963,NbRh,227.229,76.178,247.08361604903337,88.00193331822169
mp-19889,ThPb,68.606,58.614,73.5722521770446,105.71078678435563
mp-20034,CaPb,34.167,18.789,36.57498216326092,16.78132977065639
mp-20055,NpSb,70.61,31.362,217.75450234553355,22.158096700033106
mp-20738,FeSi2,185.12,124.055,202.75839518115535,133.12794019559928
mp-21098,UPb,58.263,16.258,74.3462398657896,11.365094824472935
mp-21468,PuIn,48.478,11.144,20.771652596772142,16.023170441254045
mp-2213,FeNi,184.902,87.323,113.27638109665472,103.20114143684144
mp-2260,FePt,200.39,92.583,121.55700684890073,116.0721288686828
mp-22924,NaBi,29.484,12.854,35.33339031909993,16.823599326806903
mp-2313,MgIn,38.92,14.062,52.13629416774081,8.052078372490925
mp-238,MnPd,131.6,42.263,75.4054649472929,372.2326062648218
mp-2556,TlSn,35.834,4.601,37.09311915110277,3.0059424432556674
mp-2583,TiRh,187.501,51.647,204.57591099208867,56.35304339246555
mp-2673,YbPb,36.103,22.646,60.40967852285363,13.55170155707529
mp-2678,VPt,241.671,140.06,274.7901680786194,156.8216761297842
mp-2685,HgPd,114.745,38.262,131.44993608302886,34.629988871682414
mp-2728,MnIr,265.335,186.427,217.0454517792649,225.0294331636785
mp-2767,TiGa,116.187,80.336,125.04089632088466,65.41258428023019
mp-2806,YbSn,41.231,27.276,72.80458166127028,20.233649979598137
mp-2831,FePd,168.069,77.686,120.2686467464894,86.4589397908212
mp-429,ZnNi,144.695,62.202,167.65228648230266,67.59926214821981
mp-432,NbRu,234.476,50.729,251.85684710085835,56.91208532730724
mp-522,CuAu,138.201,31.3,165.7126884323287,44.1494912845058
mp-554355,CaF2,76.358,35.479,93.61661132798088,37.03718600137653
mp-570199,Ti3Pd5,160.452,43.074,173.6873408518165,37.389625040136835
mp-581833,RbN3,16.297,8.126,51.30275729763663,28.563957016961943
mp-601820,Fe3Co,182.283,94.289,489.22161613099786,81.50832432267714
mp-601848,Fe11Co5,193.849,98.488,508.6640614168074,105.94126326955512
mp-623,HgPt,143.364,27.186,162.09120069261766,36.857292784960144
mp-634965,NbO,129.596,69.155,138.27123251443615,75.13459517009049
mp-641526,Fe13Co3,170.181,82.143,494.42355641865856,100.73213947243292
mp-672265,Cu3Pd,152.324,65.218,167.2157926281867,51.92899084299542
mp-758104,Mn11Pd21,142.138,56.025,217.6588949932765,52.701032469960175
mp-771,MnAl,122.529,80.027,385.76953776067,83.19861352099475
mp-7754,Si2Ru,173.191,94.85,204.96523830149857,121.56706609767905
mp-894,ZnPt,174.196,64.5,199.9532228714443,73.89673258042902
mp-945,NiPt,216.646,93.38,264.2070835229999,100.75867094558907
mp-949,CoPt,218.25,108.106,211.41371694306028,118.06879595681102
mp-985281,CsIr,44.499,15.369,52.686196428905774,18.89514272569669
mp-985825,Al3Cu,64.012,67.864,114.81978381845796,52.89613953309837
mp-988939,AlAs,59.005,20.016,86.23423201404084,17.330645815154703
mp-999542,MnFe3,195.98,93.423,263.37344342955123,110.34648661635856
mp-20196,NbTe4,32.222,20.449,72.1812410465144,37.32345304641836
mp-22817,TaTe4,32.198,20.271,74.8098565065124,37.87183473530329
mp-1025067,ReGe2,157.22,96.466,190.97862166648673,113.64147100500423
mp-1028,V3Te4,49.227,32.562,71.84089328126812,46.15846592801761
mp-1038767,MgCd,41.755,20.186,55.35766042981107,17.872244605694263
mp-1064272,NaN3,5.642,3.789,22.45930951076107,2.2296118547791397
mp-1064715,NaN3,88.221,50.804,63.66690186234763,36.697463451355425
mp-1081,V3S4,97.046,70.615,126.41587087297484,94.3743581908834
mp-11329,P2W,189.376,116.307,215.50852061922097,131.2268161157967
mp-1147,Ti3O5,170.755,76.573,245.6552950042582,121.20501602443142
mp-11675,NbTe2,28.028,19.583,92.23830382159652,44.53747488827083
mp-11687,VTe2,25.137,17.848,66.61996502492414,35.079798527822526
mp-11690,Tc2P3,185.303,131.667,234.6030179564464,148.27135621654867
mp-11696,As3W2,134.969,76.425,191.69522430780216,111.93401013874563
mp-11697,TaSb2,101.369,72.515,125.39529796529015,79.87790826558297
mp-11800,Co3Se4,91.783,41.97,129.49088806910524,61.00712310383464
mp-1203,TiO,195.566,107.51,251.7318787818049,121.4432112841497
mp-12561,TaAs2,133.144,96.926,161.32804151530237,98.59840937541615
mp-13363,SiPt3,203.951,59.761,259.5309699435435,76.34152131982891
mp-13447,Zn13Rh,88.419,40.635,100.86986141807031,43.46634892054745
mp-1402363,MoN2,143.969,38.369,255.08297711049983,124.55269497879988
mp-1474,Re3P4,183.793,136.862,270.65894500598245,168.60446614414076
mp-1551,Te2Ir,87.362,47.591,122.73348254123876,65.1510734071654
mp-15669,Ti3Te4,52.172,34.865,75.33295585149591,47.854426178466355
mp-1595,Nb2O5,135.559,49.941,227.4683000548291,102.0790240771339
mp-1722,Zn13Fe,83.349,42.179,99.75906869475786,48.46343705620757
mp-1745,Sm2O3,133.404,55.025,157.36716707788827,81.5524160628924
mp-1969,NbSb2,96.221,69.318,119.6241552399308,78.50639925766478
mp-20174,Ni3Sn4,96.833,50.419,117.12502551970378,54.056879531558806
mp-2036706,TiCl3,6.83,4.9190000000000005,51.41175312184696,21.960143027164197
mp-21237,CoGe,156.743,83.056,185.97629203201737,97.59629113623356
mp-22510,FeGe,136.965,76.238,170.40291203364384,78.384645955019
mp-22700,V3Se4,80.248,53.787,99.23476703196036,72.2506681552202
mp-22853,MoCl3,12.057,8.227,67.94518858475716,36.53903501113758
mp-2353328,ZrCl3,7.86,4.879,54.0486697227652,22.628614464690784
mp-2360071,CuBr2,12.606,5.1,19.60532113543288,8.87329679024181
mp-2460,Er2O3,152.954,69.138,177.67872455871773,98.62849352353676
mp-2500,AlCu,112.579,68.61,126.8641197835971,77.20729503798957
mp-2512,AsPd5,151.799,44.754,183.37584621509697,55.415888412994285
mp-25469,AlCl3,10.009,6.716,51.89880784347111,28.565576199822495
mp-2659,LiN3,35.899,18.796,91.97102320465544,57.46040819582147
mp-27194,SnI2,9.95,1.628,25.996552545367845,13.40226100913405
mp-2733,Al8Mo3,142.751,104.805,157.6762122287995,115.66016337884234
mp-27455,YCl3,5.717,3.334,38.01386269412244,16.787421877582627
mp-2760,Nb6C5,235.464,160.992,308.8421526527242,172.46601208613268
mp-27630,CrCl3,10.055,7.434,53.05438732900452,29.483031980874163
mp-27666,IrCl3,12.169,6.513,71.70236083034014,33.833913840943914
mp-27678,Y2Cl3,15.328,11.944,50.93868885688147,30.607850438477435
mp-27793,Nb2Se,119.719,57.905,169.7876546087833,78.7336045595173
mp-2780,Fe3Se4,85.127,32.298,78.46397549691635,57.314912202066246
mp-27840,Cr3Se4,59.625,34.015,81.78105417238346,48.48072913927664
mp-2793,AuSe,9.015,6.012,47.455433290740906,19.20523533486204
mp-2925199,NaN3,5.959,144.08,26.59382463280676,25.418669753994656
mp-29973,SrN,39.109,25.771,65.48304260775474,35.23751708666333
mp-30410,Mn2Au5,127.572,32.116,729.7657829418184,47.51504215502845
mp-30952,GaCl3,0.919,0.772,29.35761184680987,13.811949183367934
mp-30999,CuCl2,6.14,4.404,23.95490703982868,11.22487147649334
mp-31404,Mg5Si6,47.255,20.315,71.10140978517963,25.4279003809695
mp-31467,Ga3Pd7,150.991,50.274,175.67752254501067,62.34285666064336
mp-32679,Nb10C7,226.442,133.288,286.99899640069435,142.6717847761352
mp-484,Te3As2,15.222,11.435,54.011381413994435,30.139236001634178
mp-542812,GaTe,9.638,7.349,40.69348956875952,28.41170895767841
mp-554278,TiO2,180.571,60.573,225.75063281384303,109.16730088876082
mp-556253,Tm2O3,155.798,71.182,183.9052101170848,102.98628519938164
mp-558573,Y2O3,142.737,62.537,167.17123911340028,90.68531730293816
mp-567929,Al13Os4,147.4,78.001,167.16957455288824,93.00607022158076
mp-568018,RbSb2,13.935,6.536,26.61557649598684,13.91555212942638
mp-568172,Ca3N2,68.719,30.316,81.8794245979759,45.90467798035976
mp-568306,Mg5Si6,62.938,23.069,75.16140925614286,28.68270409766501
mp-568388,BiI,3.863,2.127,27.82289451212061,13.236422875042582
mp-568404,Li9Al4,31.163,23.614,35.08028261469118,26.455614004744355
mp-568746,Bi2Pd,55.534,19.911,87.48770287525392,25.380781478263252
mp-570219,InBr3,5.717,3.834,34.10355275725972,14.298599581888052
mp-570538,NaN3,23.382,3.498,68.39956960823484,41.4528678568109
mp-571247,Al3Mo,135.713,98.633,150.474873518486,103.92493642201757
mp-573,Ni3Se4,88.611,34.383,123.96488960254636,42.55023691855807
mp-580931,MgZn5,62.771,11.369,72.64762249194578,29.566962742242847
mp-601823,TaTe2,24.147,18.072,97.80942897112644,46.39020987345717
mp-642644,V2H,190.35,44.977,211.69712895618585,71.31640372189021
mp-643084,Gd2O3,94.858,60.907,157.6218838356332,81.33105120584597
mp-684969,Sc2S3,55.493,38.964,87.05071442530456,52.299932620254395
mp-6950,BaSb3,27.116,16.98,43.162798094233175,26.04231574768959
mp-695850,CdCl2,7.855,5.381,40.09022932346338,12.446835901677318
mp-7048,Al2O3,186.365,102.826,229.09053994531752,147.42770323384593
mp-754698,NbO2,160.143,48.466,238.23820360766297,102.99714104426349
mp-754812,Al2O3,128.947,53.564,191.82105832385344,123.29090515893952
mp-754815,YBr3,4.557,2.819,31.88170792138307,14.434647468150573
mp-755769,ZrO2,159.745,45.236,200.76754871025065,91.90952212136696
mp-758933,B8O,204.847,179.969,254.03505539884551,269.2684738132362
mp-7598,NbAs2,125.156,90.659,152.3157305464557,92.689741115938
mp-766454,TiO2,155.372,65.111,224.1468042240432,120.92407518650737
mp-775935,ZrO2,127.742,50.589,184.18025825111457,91.32922008989443
mp-886,Ga2O3,155.545,70.553,198.20057519442,106.14989230631114
mp-917,CaC2,57.644,24.134,88.99496747290306,46.398695976666666
mp-9254,Al2Te5,5.745,4.37,42.20823716460013,23.846718216219884
mp-9548,GeAs,20.046,15.662,64.08627023594529,47.857649883025
mp-971673,BiS2,23.495,11.797,69.39464414173335,38.63935633481165
mp-973455,LiMg2,29.769,23.398,33.49057293094057,19.108646912792597
mp-975,SF6,5.548,1.734,93.10012095964672,74.06644195820768
mp-976262,LiMg,25.743,18.66,28.494718431152553,15.573592934888673
mp-976843,Li2Mg,20.847,15.238,22.515048457619923,8.449048306521496
mp-980663,Yb2Mg,21.912,6.47,44.879754788637726,24.75456786077183
mp-981252,YMg5,37.533,17.204,41.119913105041086,6.230005875518575
mp-9907,SrAs3,37.824,22.866,59.47415622661272,37.26070238225697
mp-9923,VP2,154.817,123.748,184.24049471616493,138.687340713435
mp-995197,HC,12.473,2.536,96.52851519035256,74.36940442310764
mp-1104008,NdGa6,60.633,45.953,69.22163052566805,47.4759680663643
mp-21296,PtPb4,12.723,4.893,66.71723455582945,21.543879586986204
mp-2374583,SiO2,89.352,42.035,191.5786390797336,113.47807673653186
mp-644739,LaGa6,59.389,45.523,66.82405313448201,46.49396941669572
mp-10162,La3Si2,58.118,26.178,60.59497974771807,29.100037474742606
mp-1019055,ReN2,384.053,265.328,429.98261905853394,226.23794539925012
mp-11272,Be2Nb3,166.723,74.026,177.2271725628049,88.61109421770526
mp-11288,Ca3Hg2,30.44,10.343,32.579174963838675,13.69688739224983
mp-11393,Nb3Ga2,167.906,99.899,184.7834114765037,125.29424609624031
mp-20405,V2Ga5,113.09,78.828,131.57315974608093,84.20047322849702
mp-20689,Nb3B2,241.544,170.502,270.20850143958495,188.7310036081713
mp-2091,V3B2,257.602,199.016,289.70473304219604,231.07923047352304
mp-2105,Hf3Si2,143.703,95.21,157.777386907428,102.17683098483596
mp-22050,Hf2In5,73.035,46.706,84.1259496814118,46.3328752339712
mp-2847,ErB4,180.963,137.339,198.87167729284243,172.38523406210456
mp-30670,Th3Ga2,74.25,24.825,77.57840415415872,29.091832142902287
mp-30684,Zr3Ga2,111.017,66.922,120.59010409437752,61.848716117725985
mp-30721,Hg5Pd2,68.584,10.762,92.20395842154228,20.98019669112693
mp-314,Th3Ge2,85.628,46.181,93.92548571050357,52.07222116674189
mp-571495,LuB4,181.742,127.875,199.98460987506172,169.12178631923686
mp-607111,AlPt3,218.746,77.711,251.5712277564949,92.30540664070156
mp-637,YB4,177.419,139.258,194.5139060819942,170.37566076033937
mp-7283,LaB4,170.08,155.057,181.43235935998285,169.19039755457993
mp-7924,Li2Sn5,41.724,18.289,49.63709291676961,21.928730289146657
mp-976273,Hf3Ge2,133.921,84.987,150.86424585858023,90.91198203671742
mp-1007660,IrN,301.33,153.835,354.40252781705334,183.63332618546065
mp-1019097,SiC2,165.345,58.095,192.9214849439245,107.70506031389236
mp-1336,PdO,155.722,34.529,181.24752126255748,57.74958307301522
mp-1692,CuO,144.365,23.585,150.3583516302674,36.12771471787961
mp-2803876,AgO,102.564,11.556,105.22137433571446,17.559659788821218
mp-288,PtS,131.19,33.953,143.6052440452904,61.7594539526134
mp-690760,TiH,127.744,29.293,143.28899182535997,-61.65106259624914
mp-697179,ZrH,119.121,24.169,125.71087925112408,27.63414592100114
mp-999086,TcN,278.811,108.369,310.7169765208242,141.56913820284032
mp-999264,ReN,323.875,153.168,381.7690529116298,191.60574301933352
mp-999307,OsN,329.587,170.722,391.3823583939992,212.11898140455537
mp-759943,Al2O3,196.991,111.116,233.4546074316999,157.8575518367286
mp-726,SeO2,17.612,10.038,110.33560483496852,64.33635222238463
mp-1018721,HfO2,185.839,49.71,266.3950515698682,137.04077852257592
mp-2071,Zn3P2,64.514,34.222,77.46387401291612,41.44886948630266
mp-23192,HgI2,3.392,2.493,22.46843685315208,7.667331777759932
mp-2574,ZrO2,167.345,50.773,256.6497416303642,125.43090223440169
mp-567279,ZnCl2,6.478,5.067,38.9797279989458,15.670824706275145
mp-1001023,BeC2,81.201,44.943,119.00718537452614,65.54478883127317
mp-1014265,Zr2N,174.788,88.758,185.01512866919717,123.30879535161684
mp-1018664,CeO2,128.806,47.443,152.4495074408697,44.58510029199827
mp-1039208,Ca2Zn,22.911,6.963,23.100285148791727,9.977673015403276
mp-1058,PdF2,94.029,6.318,96.48425114222655,22.138102279811484
mp-1071541,YbBr2,28.836,9.471,41.8878678413829,21.757508879199708
mp-1077353,TiH2,156.801,90.2,117.13272295841156,-43.87605137931346
mp-1249,MgF2,92.21,51.311,108.66622591136807,56.51786446411844
mp-12875,ReO2,295.868,133.476,331.221451114392,160.77806142599974
mp-16723,Y3Al2,59.161,33.73,63.37287307342773,35.32655734628202
mp-18167,Ca3Cd2,28.128,15.413,30.14536993777532,14.93514984924417
mp-18427,Nb2Al,159.974,82.863,173.64617212423803,90.28869741788962
mp-1873,ZnF2,94.832,35.487,110.8498684705986,37.33795472402456
mp-20725,PbO2,114.693,46.309,126.28372826069442,50.5103905669257
mp-20994,TaO2,255.403,113.66,285.85767429663343,147.27474005183794
mp-2237,TeO2,146.533,49.766,154.3243933146118,58.56345266114724
mp-22904,CaCl2,31.987,12.661,35.260291530202664,15.671032986086775
mp-23710,MgH2,49.554,36.195,51.49250104004779,37.37706778593195
mp-2533,NbO2,234.511,94.33,261.51145114605043,131.42484405437756
mp-2657,TiO2,208.538,107.377,251.86186237626444,135.02493818550192
mp-2723,IrO2,269.435,106.561,306.23452543951396,125.27198213398066
mp-29771,MgC2,77.515,30.575,111.94760359185976,47.89626444059338
mp-470,GeO2,202.915,130.151,230.17500734422325,142.2395989841173
mp-558928,KrF2,5.35,2.596,62.4110814976024,-13.170378523407626
mp-570232,TbCl3,12.883,8.631,45.15347817292866,21.51491913561058
mp-571166,CaBr2,25.73,10.446,28.75299798937354,13.198749265100025
mp-636368,Ga3Fe,102.587,66.476,117.6230143622445,73.84009650909145
mp-639874,Ta2Al,161.55,54.621,183.18905702405465,72.34499291480223
mp-644607,CO2,4.674,2.184,53.39566135275955,32.24184288576739
mp-6947,SiO2,272.328,201.767,320.5660375251566,234.7265338145166
mp-725,RhO2,234.909,100.944,263.3863354271746,119.6105018829262
mp-7599,BeO,195.52,131.584,227.48471450057875,171.57061753801946
mp-775909,ZrO2,194.576,92.442,222.92179575021316,107.00855372974524
mp-776532,HfO2,211.548,106.112,234.92540441752396,122.16449276052872
mp-825,RuO2,252.231,96.302,286.0040738393638,132.25760110488636
mp-8282,Ti2N,203.884,120.619,221.9210185368797,151.44665529395985
mp-8462,Hf3Al2,116.6,68.275,125.78448827778458,74.10657067542647
mp-856,SnO2,171.933,87.385,187.79606004234503,94.99194290012402
mp-862565,ScBr2,37.721,20.383,44.83502731843644,23.370652068021727
mp-862601,RhI2,55.598,13.605,66.0037546099887,26.76882821842957
mp-862855,PaO2,141.582,50.388,162.45519236452614,52.39798119014013
mp-862868,PbBr2,24.977,7.332,27.20751360440573,10.35171939109757
mp-862871,PbCl2,29.472,8.309,31.884246032285773,11.389644161439154
mp-863764,TeBr2,2.772,1.687,21.428571151390315,6.749256962743289
mp-864616,ICl2,4.924,2.24,14.757979702093952,-3.26556769203867
mp-864641,HoCl2,45.439,20.537,50.26682278270953,24.29827926037506
mp-864647,Hf2N,194.409,146.294,205.17084210768465,144.47581760148705
mp-865534,YBr2,35.495,15.633,40.055912055701704,20.44623636908121
mp-865716,YbCl2,36.225,14.586,49.621181773267466,24.97038055232254
mp-865934,YbF2,81.712,26.713,94.6737877248808,14.99869964103583
mp-867259,RhCl2,76.882,24.906,80.6992512709135,24.958300385387243
mp-978846,SnI2,20.719,6.9190000000000005,23.61780676873209,10.92484608025265
mp-982734,WN2,265.886,131.508,307.0156599195534,183.71096732458827
mp-996,OsO2,281.2,103.408,319.1498324959646,136.6388960801483
mp-27725,AuI,2.167,2.17,23.274823296180266,10.795192114270463
mp-616575,MnB,173.805,61.398,175.28619054646887,125.52574612614482
mp-10155,P2Ir,193.222,129.322,235.5911797663728,159.29138568678053
mp-1106184,MnB4,274.672,239.029,317.124133779784,265.4325031455222
mp-1180046,NiS2,12.339,26.828,59.519796470817646,42.155641040106374
mp-1182259,BaO2,46.552,16.064,65.40636995067157,28.734438948083817
mp-1229,CuF2,66.947,26.442,94.45433259311896,29.462029552672252
mp-1247,Sb2Ir,117.399,72.314,145.4365580425818,90.9551324859799
mp-14285,CoP2,164.337,122.955,198.2105005800957,144.90235447011517
mp-15178,Lu4C7,128.084,76.958,163.95836543895422,110.88824709188576
mp-15649,As2Ir,152.046,96.953,187.63548956064113,122.7196732189279
mp-1581,As2O3,9.944,8.605,99.17589690352224,54.75883940883411
mp-1592,Ag2Te,52.909,14.653,67.97165585485703,21.103350452758324
mp-15953,P2Rh,164.999,106.028,202.4576240320131,134.44131199369866
mp-15954,As2Rh,134.441,78.547,163.75492370112423,102.98984625495451
mp-16488,Al9Co2,107.487,72.22,119.722492439871,76.71873243860806
mp-22652,FeS,154.674,36.714,167.44781629239918,104.72714117814829
mp-2287,SiRh,184.478,90.948,247.6167237837548,114.48530117963644
mp-23217,Bi2Rh,82.795,36.378,102.20593651590316,49.87401613498535
mp-23261,I2O5,17.477,14.793,118.1586648232314,66.31003337139475
mp-23262,Bi2O3,53.426,30.036,131.35811673861463,61.94743012196562
mp-23288,AlBr3,0.983,0.38,24.273789026160948,13.990983835763563
mp-2682,Sb2Rh,104.082,59.183,128.11579026615175,74.83910559909953
mp-2715,CoAs2,121.796,90.498,156.85020930803634,105.921956535744
mp-27164,FeP4,136.947,112.471,156.9741514716362,127.25880789847588
mp-2831849,RhN2,213.938,108.263,317.6996921277954,172.0743483755494
mp-28391,SiCl4,0.521,0.163,33.750891364334024,19.895514889722477
mp-2858,ZrO2,183.109,85.963,241.35928077944325,114.19829675223542
mp-2913080,BiBr3,3.53,1.748,31.106492586019925,12.532543949024154
mp-30930,AlI3,1.042,0.713,19.96704267246956,8.358307890905333
mp-30953,GaBr3,0.727,1.064,25.51262272049668,10.32002447970513
mp-30954,GaI3,1.125,0.757,19.366084476182657,8.109858927134864
mp-33137,TcO2,255.97,111.765,306.9021035996917,147.53905881358733
mp-352,HfO2,204.904,100.522,258.20410078008933,130.4888583191783
mp-384,MgP4,57.463,37.098,79.22358106848473,57.26125805642512
mp-415,IrN2,339.595,206.661,411.7126127884355,232.77892955144972
mp-430,TiO2,157.994,88.246,267.7230960215253,121.96453386525972
mp-542570,AsSe,1.962,0.987,49.12730184776583,31.54067209251605
mp-542738,SN,2.832,1.739,72.73684213766717,57.69681448182098
mp-558149,BF3,5.472,3.883,80.07246666295386,44.025420259269495
mp-570707,NdSe2,65.98,36.511,76.70461050229578,40.69892259862166
mp-571264,Ca5Au4,41.626,15.392,48.90192247500094,20.93094660322057
mp-641,As2S3,5.969,3.185,50.74973876830245,27.344238535017492
mp-669426,SiO2,18.076,35.939,172.1227861773432,105.65594444320416
mp-7262,ZnAs2,51.454,29.777,62.87007170086271,45.80977833980702
mp-754531,Al2O3,106.927,57.732,193.78526656233103,125.0095882610228
mp-755,CoSb2,98.829,63.743,118.0011469299883,73.77304235189624
mp-755066,Al2O3,182.223,84.014,225.34863701552547,145.32012931583452
mp-769096,MnP4,117.205,89.323,150.0656756784833,120.50600566510066
mp-775,Er5Si4,77.6,43.758,85.97010722809992,55.31638016656756
mp-7904,CdP4,55.424,28.159,75.41721513651703,44.675825037415
mp-8200,AgP2,63.049,25.878,86.0430796903936,55.83615811962318
mp-909,As2Se3,7.518,4.43,49.102063354767616,26.69542136311568
mp-927,CuP2,87.682,51.586,108.19614186965686,76.26805520790433
mp-9588,LiP,41.365,26.861,61.55399416185399,40.84446609516963
mp-1032,Ta2B,248.908,179.27,260.8134133294473,186.346664198838
mp-1052023,Mg2Cu,59.925,25.405,73.39698468412868,31.86066762571456
mp-1072181,FeSb2,65.924,24.115,93.32685006784509,29.293591195453143
mp-1113,BW2,329.552,157.907,358.8719220825527,191.86860806783963
mp-11278,Ta2Be,185.869,111.426,197.94869337321396,128.1303227533273
mp-1159,Zr2Fe,123.018,31.901,138.33384166136312,30.82243606705434
mp-12772,Hf2Al,111.173,53.8,123.54311356965832,74.49978071987121
mp-12773,Zr2Al,97.792,41.265,108.81776329821317,61.215433766250875
mp-1278,Zr2Si,127.293,86.698,143.06597448256198,103.42529802413712
mp-13208,Mg2Pt,70.693,36.113,96.12679776249318,42.8853013448409
mp-1332,Si3Mo5,240.773,121.292,262.15545995358497,134.39882164432154
mp-15617,Cr5B3,290.926,196.282,314.7365995057864,216.4120422852972
mp-15809,Cr2B,292.013,188.047,315.0000163546319,196.01799399895043
mp-16370,Th2Ge,80.239,41.432,88.28350701108594,47.93556201291203
mp-16724,Zr5Al3,101.787,44.441,111.72339060551109,61.07220059607969
mp-1836,TlSe,20.394,9.644,37.756947386201425,19.856874735149432
mp-1841,SiIr3,298.389,102.452,344.12727757674566,156.56869998774806
mp-1867,Ta2Ni,228.033,83.263,235.2936331824511,97.61435218670854
mp-1915,Fe2B,220.866,140.537,297.3002742002383,145.3069148944608
mp-1989,Ta5Si3,215.33,131.92,236.18946352569995,157.44924106879344
mp-19974,In2Ag,42.934,15.587,53.34922615427568,7.197319239483166
mp-20086,MnSn2,66.375,50.437,72.07990243752724,56.72060812944793
mp-20155,CoSn2,103.565,55.693,116.76363099239838,56.0087271197754
mp-20318,Mn2B,301.039,168.637,315.4614040070865,190.78664672009188
mp-20320,InTe,14.809,12.459,36.50064451777161,20.06362752387597
mp-20599,PdPb2,65.662,17.014,81.95285951936604,25.45524600937224
mp-21108,U6Fe,145.539,9.664,178.65054362816804,49.98097877316964
mp-21117,FeGe2,117.621,74.651,144.77219020284238,71.94287950288626
mp-21318,PtPb2,74.915,19.891,94.90152294620276,25.88174062325341
mp-2150,BaTe2,28.302,14.972,33.72638573191951,18.65379850346788
mp-2233,Th2Ag,71.978,24.919,78.89549738396511,20.79080599547838
mp-22752,FeSn2,80.683,60.881,104.3381115693593,59.182652118114866
mp-23180,In5Bi3,36.164,8.227,43.17937820818816,5.934197325224798
mp-2501,BMo2,293.327,147.601,315.3813170259125,172.68755834724172
mp-2536,Ni2B,238.119,98.426,294.17865355355053,118.44860074866835
mp-2666,CrSb2,82.324,35.331,52.159830667489494,38.46007157272484
mp-2783,Ta2Si,214.601,108.228,232.34316265441984,146.31711336181158
mp-2786,Ca5Zn3,27.439,11.457,29.77608485430633,12.76056035256046
mp-2851,VSb2,99.681,47.367,112.01981285015304,59.53508124970523
mp-30371,Cd5Au3,73.514,11.916,88.03352608414632,27.737556122890492
mp-30571,Tl2Au,38.126,8.532,42.05623559844731,2.856840258473659
mp-30572,Hf2Ga,119.01,63.266,133.7440068605915,77.40331522108771
mp-31172,Ca5Ag3,30.043,12.638,32.773673590807846,15.051698971795336
mp-31219,Si3W5,267.109,121.199,296.3464417632771,142.70953430750316
mp-321,RhPb2,80.123,28.256,101.20674963909362,35.39132963456936
mp-322,TlS,23.073,10.224,42.58044165680011,22.808194748776657
mp-328,Zr2Ni,117.807,20.086,136.28875977973544,27.012629792080435
mp-510219,Sn2Ru,117.026,63.673,134.9866681614545,60.6977401242654
mp-510557,CsN3,15.276,7.301,46.86832461496162,23.16194846773283
mp-565,Sn2Rh,107.752,50.824,125.68630217124092,51.95130401867061
mp-567735,Nd5Si3,55.178,28.511,67.02787308006417,36.815609804176766
mp-567996,Nb5Si3,192.916,107.54,212.26248346677207,120.43757755582432
mp-568,TiSb2,89.181,54.473,100.4725585023396,54.70660008094013
mp-568411,Th2Ga,72.297,32.054,76.93204667315858,33.215710567373456
mp-568671,V5Si3,193.107,121.043,211.60193943007977,139.38893877021994
mp-569833,Zr2Ga,107.034,55.298,116.4830111777239,63.39313363394072
mp-569837,Ti3Sb,109.29,59.1,120.29935699328226,67.42359823406287
mp-570287,Ta5Si3,210.57,114.096,229.5994862199711,134.56370715527214
mp-570293,Nb5Ga3,164.794,59.837,185.2402340018684,105.97825016506388
mp-570896,Tl2Pd,56.741,12.66,59.94725297944368,10.379028797151255
mp-571160,Tl2Pt,64.88,19.653,75.48514271553624,18.211877232503777
mp-571664,Zr2Rh,126.117,6.6850000000000005,147.84916887725717,35.639186573988994
mp-574,Ta2Co,213.632,78.733,232.98099867017405,83.01560668769393
mp-628,Zr2Co,110.323,23.228,137.30336614391132,31.08747888507527
mp-636056,KN3,4.298,4.717,21.714141693781023,5.459249627734982
mp-743,RbN3,17.987,9.539,53.63249005692826,28.572365372449298
mp-7506,Cr5Si3,224.113,131.374,231.7572779929438,150.35166416232397
mp-755435,Tl2Au,37.616,4.547,45.62806355724704,8.262049412315427
mp-793,Ca5Si3,40.597,26.846,45.818681285319514,34.87712503686391
mp-827,KN3,20.517,11.746,59.932456128895346,33.493586322320596
mp-861,Hf2Ni,140.732,19.409,149.8878271910287,28.578585988463335
mp-870,TlN3,19.737,8.923,64.36457556872453,29.29435429368695
mp-956,U3Si,141.244,69.262,156.04797591559773,89.89600723461938
mp-982261,PbSe2,44.759,18.15,52.499144118947214,23.343603908849932
mp-9938,Hf2Si,141.732,100.146,161.5392917674956,120.42406234113616
mp-9939,Hf2Ge,133.014,91.279,156.9018371283719,114.38308224143758
mp-998,Al2Cu,107.587,47.617,117.23528807663276,57.55422923240321
mp-1017540,ZrCd,79.118,28.439,89.52336680093401,31.995108561698043
mp-1017985,TiAg,102.455,28.597,114.032567737747,44.27589742374837
mp-1018679,DyTe2,58.827,22.777,65.7706583738535,27.34216925802796
mp-1018683,DySe2,77.099,40.405,83.5540583710523,36.691882302732694
mp-1018692,ErTe2,59.579,21.657,66.55434213806245,26.745487334179497
mp-1018717,HfSb2,87.513,34.866,97.3830959482836,46.11944109885558
mp-1018728,HoSe2,77.657,40.426,84.21955748609942,36.43385163899349
mp-1018732,HoTe2,59.177,22.227,66.36203478394405,27.225725384691515
mp-1018751,LaS2,79.438,41.711,83.43870257167642,35.03184678423609
mp-1018940,PrSe2,69.96,36.5,76.63807074007076,34.117080903516644
mp-1019266,SmTe2,56.908,24.397,63.36000883602946,27.518669180121982
mp-1019324,TbTe2,58.632,23.413,65.67256981189765,27.730048701801763
mp-1025077,TbSe2,76.389,40.268,82.69553979833726,36.36909755215069
mp-11239,ZrAg,105.282,47.55,118.25335391282796,50.856856476919845
mp-13156,HfAg,114.117,45.823,127.35826558337966,62.602991093225
mp-1329,LaTe2,52.576,26.802,58.578579639819665,27.6349660357285
mp-1825,Cu2Sb,79.248,34.066,112.39175037419209,41.722524559718906
mp-19921,PbO,15.634,10.522,70.78721318203412,30.312002802554098
mp-20311,FeSe,21.309,13.304,80.41914546101194,39.86913817461115
mp-20426,Fe2As,136.13,27.967,193.1160458514956,69.31383762589728
mp-20552,Cr2As,155.123,75.452,149.31064139289134,10.573977160706796
mp-20560,CeS,16.621,11.772,46.657341253616366,24.178498069021988
mp-20664,Mn2Sb,82.893,29.216,97.23725519644182,56.05981495700316
mp-2078,TiCu,127.744,62.551,143.24262701374076,71.56570568334172
mp-2097,SnO,29.755,21.245,85.76253982010512,41.69621293573753
mp-21149,GdO2,156.341,93.602,176.6930026267268,-58.90166538195648
mp-21273,FeTe,18.22,12.678,64.15145406760405,34.925485475460455
mp-22863,CuI,6.287,11.412,42.92935822759736,3.3294992667619923
mp-22917,CuBr,5.964,5.924,50.199268265564115,13.838371210082451
mp-23313,InBi,31.715,13.341,53.13179308487399,16.567585643033393
mp-2350391,PbS,6.9510000000000005,4.85,31.634162041025593,14.96058119662899
mp-2394167,VN,299.032,148.726,341.5655398713535,167.66836181529888
mp-2707,USb2,71.721,13.117,89.97811265903424,38.5495846825359
mp-27757,Be4B,138.194,144.093,143.65179659000663,173.68344565242572
mp-30500,TiCd,81.552,26.541,98.23262638493412,36.84394430715282
mp-413,UP2,118.372,68.706,131.4278333368328,87.88570932661574
mp-505531,FeS,27.657,17.295,110.7133361187794,60.04314050861015
mp-567809,AgI,5.005,1.812,28.749498927859847,2.16083070734354
mp-569679,ZnSe,8.299,5.361,51.561593663921414,22.960664214419214
mp-571033,NiSe,11.162,9.905,100.2384536347779,26.68381649836632
mp-571335,ThBi2,63.583,26.476,73.34419649208021,35.068863569639966
mp-580226,CuSe,25.895,6.978,82.59604993408114,27.261733360999685
mp-604908,CoSe,10.701,7.382,102.42420108297168,45.61849300870625
mp-604910,MnSe,22.494,13.087,62.95730590649249,33.76860752984016
mp-622570,Ti2Cu3,130.158,56.753,148.93869058544888,63.27781692853544
mp-7192,Sc2Sb,72.039,41.139,77.8632552598627,50.91880607615008
mp-7474,Cu2As,110.379,26.428,127.1568568681847,42.02416507271864
mp-7568,ThSb2,73.11,31.269,82.43849849396688,42.711735462921055
mp-7859,ZrS,116.09,48.599,135.51263768061796,67.35501641506418
mp-8732,Ta2Se,42.606,24.229,165.19052001723418,71.23226802843345
mp-8936,SnSe,5.698,5.736,25.39110190707995,11.879714350245578
mp-973750,LuTe2,60.626,19.562,67.72272313670163,24.5266846765621
mp-975652,PrTe2,54.837,25.001,60.86965399382799,26.69159112278459
mp-9978,ErSe2,78.653,40.498,84.79597036562315,36.22353446557458
mp-999133,TaPd,201.83,71.407,232.45012795388945,65.6439100002504
mp-999295,PrN,53.402,19.436,116.63248056150933,54.593720988295686
mp-1007664,InPd3,143.481,47.548,160.713888549249,41.46315670750344
mp-1007855,FeNi3,193.048,95.457,172.4196676425325,107.45409247396094
mp-1007923,CrNi3,196.281,105.884,245.4646613461056,111.41964657508512
mp-1008617,YbAg2,51.549,17.035,97.51508037955944,39.49043917208744
mp-1008682,TiS2,60.041,32.196,89.33001608641324,12.033694879181118
mp-1008806,ReC2,356.799,90.421,453.3242291975033,260.810506530499
mp-1008860,NbS2,32.808,25.033,105.1277830984943,54.390939535531594
mp-1009238,Hf2Tl,102.866,5.866,116.86640731041376,38.078104594152734
mp-1009657,CaN2,82.688,39.226,108.31919265821624,49.39673600134488
mp-1009834,Al2Ru,168.314,122.506,193.822302977218,127.03141738401231
mp-10106,Ca2As,37.761,29.961,41.78723481757246,32.430086838424415
mp-1011375,CeSe2,53.95,48.227,81.27185434024588,47.937151695564054
mp-1014229,Ti2Zn,112.106,50.566,117.71700544701474,37.99386711769691
mp-1014231,Hf2Zn,109.609,58.908,117.27672010350516,55.10215858281174
mp-1014303,Cr3N2,162.71,139.586,290.5634469142103,152.52008230759722
mp-1017511,Cr3Fe,284.19,37.134,251.0598527826124,58.538114134065985
mp-1018102,ZrPd2,145.885,40.853,169.11440901846274,50.05949573264953
mp-1018103,ZrAu2,140.699,23.112,162.2853528013087,43.00145856048254
mp-1018104,Zr2Cd,78.996,32.238,95.4445370174632,31.940802806077347
mp-1018121,TiPd2,160.261,99.939,176.39994391520315,38.02657066557608
mp-1018123,TiAu2,147.433,25.114,172.9589602166218,42.74655829391724
mp-1018124,Ti2Rh,162.15,84.389,185.1662535414631,88.59169648375648
mp-1018128,ScAg2,88.836,36.624,99.33491056317406,43.36823186190091
mp-1018148,ScAu2,117.569,46.472,131.61797002129984,55.19850879991989
mp-1018149,ScCu2,101.63,42.846,116.3026765846798,55.935980180285256
mp-1018153,HfAu2,152.12,13.529,177.5561466293826,52.42592567869122
mp-1018154,Hf2Hg,111.5,44.974,119.89179463504595,40.99236190623897
mp-1018166,AlTc2,224.534,119.613,261.78100422517275,158.94020380285804
mp-1018179,AlAu2,127.617,25.387,149.94187087642655,38.47005211083941
mp-10201,Ge2Mo,171.888,138.022,189.23603658547344,129.51977215980736
mp-1022728,Cu3O2,112.469,36.808,124.2239852195858,42.599464328641744
mp-1038916,MgAl3,65.112,27.355,72.33273304349518,23.285109357904453
mp-1039229,Ca3Zn,19.475,11.541,22.147247420191796,12.002168632734366
mp-1039293,Mg3Cd,38.235,12.876,47.10452988350512,13.88565261055528
mp-10564,SrN2,68.626,34.11,92.68123944258164,43.65813349514793
mp-10909,AlRe2,244.694,139.655,303.90395715816527,171.77376410207148
mp-1100,YbC2,64.179,8.69,164.73651373920885,72.78630783402278
mp-1105,BaO2,65.16,35.973,87.34036196609546,46.14877536615848
mp-11252,MnAu2,121.429,28.325,98.2393025629092,36.30983755755581
mp-11299,Cd2Hg,37.856,13.28,45.32995634030973,7.730500657915445
mp-1135,NbPd3,197.625,82.517,224.95727644614857,89.9472109520189
mp-11387,HfGa3,100.608,71.102,115.60924424147078,78.21570321370783
mp-11416,TaGa3,125.826,77.813,134.27156994163605,84.37981739272252
mp-11454,Hf2Pd,136.094,56.325,148.08414031337256,66.34915003150998
mp-11464,MgHg2,40.223,14.936,51.02705311724986,8.914973779833794
mp-11513,NbNi3,197.229,90.468,240.25358110295,94.19843087241853
mp-11567,ScZn12,81.144,49.667,89.9075518986661,44.61071217538843
mp-1157,TaNi2,213.178,85.348,251.01339629197028,78.86725605073744
mp-12105,RbO2,20.844,7.798,36.31245426614607,16.284619424832375
mp-12605,ReSi2,222.923,120.031,233.6609569981213,138.4490818968861
mp-12693,Mg2Rh,63.8,43.121,96.72690962282712,53.20508410210263
mp-12742,MgPd3,129.074,40.626,141.67406350699127,42.78659168041128
mp-12761,BeAu2,137.288,27.364,172.83217567454815,45.771376646526626
mp-12764,SmC2,106.514,37.163,143.2165099320391,61.68898260480667
mp-12765,GdC2,82.475,40.245,283.8803890082898,62.90714098025902
mp-12857,Mn3N2,203.771,71.803,265.09440397485616,117.42418424332902
mp-1299,SiPt2,206.108,65.451,227.61159764332345,66.86303297178041
mp-13155,Hf2Ag,111.1,49.936,122.71976061638928,57.34827906045668
mp-13164,Ti2Pd,141.684,64.242,152.21219589288935,64.72018790242852
mp-13452,BePd2,166.194,67.77,192.8131034768641,75.48732400444334
mp-13498,Tb2Mg,39.124,15.539,43.602232005357195,20.748491423536137
mp-1380,Zn3Ru,135.455,55.505,156.85450082375,54.68921029099573
mp-1416,NbF4,33.398,27.791,137.4936194944515,52.42769400832744
mp-1423,HoC2,117.335,42.118,156.68280695270812,66.97170827231531
mp-1441,CsO2,18.38,4.644,32.82110704484775,14.047762676925164
mp-15624,Sr2Sb,27.607,19.874,30.806848445809884,22.362753251066035
mp-15697,Sr2As,31.995,22.573,33.07889453241082,25.759300594153657
mp-1579,ErC2,120.452,44.098,159.83396064009364,67.98983624984092
mp-1590,Be12Cr,179.312,70.648,135.7544932504648,156.43751922896064
mp-1620,Si2W,219.443,189.139,247.1930132427813,183.8530837190452
mp-16521,Al3Os2,202.423,117.084,236.7672158085965,138.2509538526304
mp-1668,YbAu2,68.738,16.578,129.87109484074682,52.69755021695833
mp-1699,AlCr2,183.355,102.319,194.1115521363838,123.68515606476012
mp-171,VNi3,217.129,101.539,247.96400469092947,105.27443333032494
mp-1749,CaAl4,56.287,6.588,64.44828260598311,37.2851138358514
mp-1827,SrGa4,48.048,23.313,54.93634222689483,31.114330453127693
mp-1834,NdAl4,70.958,21.595,77.76581920804502,37.867917232296726
mp-1842,NbAl3,126.155,103.51,136.20109351430594,113.95809431413318
mp-1866,KO2,24.246,9.593,42.07185191581692,18.34374732850425
mp-1879,SmS,17.244,55.552,48.92898790902909,26.50232755209369
mp-1891,SmAl4,72.01,18.401,80.286413262061,37.50206914867267
mp-1903,BaAl4,50.737,29.625,56.07810483895789,39.5644261310121
mp-193,Zr2Cu,105.707,46.073,119.9505342919,47.673767548868014
mp-1973,NbGa3,122.973,86.662,130.962987730809,88.88897581772804
mp-1976,CaGa4,51.077,6.594,57.85111315144633,26.661721716846788
mp-1995,PrC2,97.481,36.052,132.04353550637325,58.092568859560714
mp-21109,LaAl4,70.525,25.994,74.65393313659564,43.672492049772096
mp-2119,TbC2,114.409,39.897,151.9951199371933,64.77893781606319
mp-2120,HoAg2,76.004,33.252,85.58358855912162,35.680095027941455
mp-2123,Nb3Au2,174.046,59.048,195.03037602982863,67.99797637976889
mp-21477,RbIn4,22.069,12.4,28.021276268052738,14.425218984974473
mp-2221,Zr2Ag,97.936,39.298,107.14915492701172,34.51990846555124
mp-22508,YMn12,138.221,87.231,184.32729554906112,90.18378390788452
mp-22687,BaIn4,33.333,16.521,37.53424436771539,19.13158137508317
mp-22859,HgI,10.38,4.529,18.08184538734057,8.401024124197162
mp-22897,HgCl,11.79,5.628,24.021939775315328,11.136797876698871
mp-2297,NdC2,101.733,37.086,135.63998712395386,59.41637815944035
mp-23177,HgBr,11.597,5.809,21.949871976525337,9.851607183433394
mp-23194,LaI2,10.546,8.796,33.180118794465095,22.26115448684328
mp-2348,Zr2Au,119.202,46.202,129.0452923982697,39.55421493168013
mp-2352325,HBr,9.513,5.496,11.430260215746372,5.374830350783747
mp-2367,LaC2,92.301,38.059,125.1458203972112,52.17371304018791
mp-24286,ZrH2,131.134,31.121,155.64492048771064,56.792005083292
mp-24291,ThH2,88.564,12.304,89.5156690719402,33.09530256916983
mp-2466,ErAu2,103.81,43.716,118.3234381040047,47.50507301989474
mp-24726,TiH2,140.725,17.855,169.4293715867077,56.868297469097584
mp-2482,CaC2,56.56,15.017,83.93488586337713,43.093888715987525
mp-2486,UC2,173.368,76.295,250.82703762020597,110.80005240856912
mp-2554,Al3V,122.019,98.236,131.9610521722905,105.189389476816
mp-2592,Si2Mo,205.746,180.217,234.1087837278697,181.190074243792
mp-2614,HfAl3,106.503,83.451,115.81064401091082,86.61328917154604
mp-2618,DyAg2,74.554,32.809,83.71335601179568,34.696870402650845
mp-2630,SrC2,47.378,11.912,73.8368237263395,37.28307845751968
mp-2643,Ti3Cu4,132.608,57.91,147.52451731325692,69.18322054788153
mp-266,Zr2Pd,123.894,49.979,137.88816924652468,50.26185304799258
mp-2697,SrO2,71.147,44.189,98.435408566786,57.16342353919678
mp-2705,VPt3,247.745,108.174,295.4769913353383,124.20232452969864
mp-2706,SnF4,36.861,31.729,121.15783216443198,53.905628781817086
mp-2731,TiGa3,97.756,73.321,113.59852957386838,79.49851441646305
mp-27668,Mg2Ga5,51.099,24.366,58.74267421727773,33.36608294020612
mp-2768,Ba2As,24.595,14.75,28.7980432438217,19.08914902816893
mp-27731,HfH2,146.977,37.678,164.49457458442708,55.15648042703624
mp-2775,SrAl4,54.006,19.453,60.74195475759899,38.8649455381835
mp-2839,CeC2,95.24,34.764,154.36538231848496,62.93696290311634
mp-28753,NdI2,2.392,9.017,36.88379074870129,24.03640439908077
mp-28919,Hf3Te2,37.225,23.847,96.82122480377758,57.492337167705315
mp-30339,ErAg2,77.336,34.07,87.3008008218611,36.5527393041313
mp-30358,TbAg2,72.426,29.94,81.4303102894278,34.19934275320406
mp-30383,Hf2Au,133.005,58.098,141.60397886589772,58.31657590501554
mp-30409,Mn2Au,107.796,40.081,167.94340085347113,40.88639170874876
mp-30488,CdHg2,30.017,10.68,38.755448226319245,6.067611289682658
mp-30501,Ti2Cd,89.283,29.006,107.9526492474757,42.62151065082222
mp-30581,Hf2Cu,123.959,54.412,130.2063792818089,66.45677703893045
mp-30599,Ti2Cu3,139.182,34.657,148.16185018100177,39.36641051648235
mp-30685,ZrGa3,97.364,72.855,109.47448911695813,79.85093642259659
mp-30836,TaPd3,210.488,86.887,239.4248812341106,92.440405887608
mp-30852,TiPt8,240.535,86.388,287.55740534076335,100.8872265713957
mp-30883,V4Zn5,125.541,38.221,146.1850304248794,71.07283531576981
mp-30886,YZn12,79.823,54.123,87.29074502401164,46.647240577009526
mp-31138,MnPd3,146.973,53.987,238.81629088598095,60.616408235569615
mp-31178,DyAl3,72.759,52.022,79.21599545271691,47.44357180751581
mp-313,YC2,113.31,41.291,147.31122571737117,64.41929388402511
mp-31379,Zr2Sb,106.569,29.962,120.11691924884845,57.56331663921767
mp-323,LaF3,127.629,35.883,147.0347250904736,44.15282920987748
mp-32994,Hf4N3,225.032,97.549,269.69020812129054,152.01248700479468
mp-335,BaGa4,47.617,29.226,50.610900131843415,33.017800636236515
mp-341,PbF4,31.019,23.519,98.49452060482012,40.28028076658423
mp-395,ZrAl3,102.705,84.766,110.22840539680816,81.45552342912916
mp-454,NaGa4,39.224,22.906,48.31116605714523,22.935837225380492
mp-541840,DyC2,117.411,41.047,154.21324439337317,65.73792193951822
mp-542595,Ge2W,170.049,131.74,202.53593316856788,129.30782424794864
mp-542915,TiAl3,106.208,86.395,112.96722489788765,91.33851907001912
mp-555,Fe8N,185.005,89.567,365.08021660608733,94.14564428598148
mp-560,TmAu2,105.164,45.148,120.39792836685724,48.31749800059147
mp-567842,TaBe12,136.248,146.834,145.7610347685566,161.852356125918
mp-568069,Ti2Bi,75.979,24.038,99.96553668302192,40.598283849241845
mp-568718,HfAl3,106.136,83.347,114.2449853325337,78.29444367058683
mp-568827,Be12W,144.936,154.988,150.0508181289946,165.1382359508194
mp-568912,Be12Nb,134.036,144.017,143.24128346635646,154.96716426485506
mp-569167,Nb4N3,282.104,142.488,354.6629761667419,155.51507536370002
mp-569535,Ca2Bi,31.265,22.911,35.85939227675776,26.535316199438583
mp-570179,TbAu2,96.855,38.817,110.83800282331526,43.20933678170543
mp-570197,Bi2Pd,52.094,15.119,86.36894682160414,19.451495534154702
mp-570286,BiSe,3.452,2.447,28.659224404061444,14.806577944056396
mp-570491,TaNi3,221.34,97.022,250.5555469093752,100.66734418262298
mp-570578,ZrIn3,75.835,48.163,88.43583893229396,50.99373208938747
mp-571030,TlPd3,133.935,41.898,152.26588232338452,34.17274757159046
mp-571438,Be12V,129.504,147.448,136.006903466736,157.29639763480407
mp-571622,Be12Pt,132.244,33.971,150.75849674438967,125.32371146969834
mp-634859,CaO2,58.943,123.9,109.11873326884796,61.90009436636543
mp-684709,K3B17,97.13,68.913,134.97791707359977,107.92883637407807
mp-706,HgF,31.037,11.783,47.32323197476293,19.26507198566369
mp-7188,Al2Os,190.012,142.279,218.2905993811205,147.92350629747625
mp-742,Ti2Cu,130.928,54.059,135.39407817203696,55.20362377986774
mp-759,La2Sb,49.613,28.914,53.63568676030939,29.68573752229447
mp-8093,Ba2Cd,14.827,9.934,19.1643121313641,13.54343147123951
mp-8094,Ba2Hg,16.104,9.961,18.169329767213775,9.274186266212917
mp-861653,ThH3,101.664,30.932,111.05673991287787,58.74810580281468
mp-861975,PaO3,252.209,54.533,287.1349112798328,54.78529315122607
mp-862658,LiCu3,92.453,43.619,105.74843607993876,37.286061276984505
mp-862714,Be3Ir,189.038,188.109,202.028122387458,-8245.26605990498
mp-862716,LiAg3,66.506,24.289,73.23778456382439,23.14164606741899
mp-862798,Pt3W,283.476,112.353,333.0022148126446,118.15926276912448
mp-862901,PmF3,136.242,46.704,153.97859369084753,50.8646328259264
mp-863709,Ir3Rh,324.498,203.512,366.3956603589084,217.90015901659
mp-864742,Na3Sn,17.492,5.7219999999999995,23.460226860377063,11.842859698682153
mp-864758,Na3In,13.554,5.917,14.025097255129657,4.337576352355323
mp-865168,Be3Ni,153.479,267.579,175.4861276684122,55.75344997211024
mp-865194,TmF3,152.068,39.096,171.1930310772663,56.59376135878304
mp-865342,Zn3Rh,128.64,48.806,140.6787786763626,40.38829984950604
mp-865355,Zn3Pt,137.109,52.461,145.38336926014082,54.1856961002415
mp-865357,Zn3Pd,111.133,44.23,126.27547193952137,42.31194675105748
mp-865362,Zn3Ir,146.356,52.945,159.38138689739117,49.80883811577559
mp-865425,ZnPd3,151.261,36.377,169.32864422378492,40.43559384777966
mp-865558,AcTe3,47.939,20.884,54.41850106128856,16.530978058346886
mp-865562,Be3Ru,180.438,123.56,196.279204212383,118.54020855437554
mp-865856,PaBi3,64.281,26.866,75.3349966491935,20.14097265762408
mp-865900,Ti3Tl,108.872,59.015,118.651927703898,59.21498083513025
mp-865939,LiMg2,30.17,19.141,37.56759703385004,23.22814226128061
mp-865985,CdPd3,135.78,42.281,155.94214198793586,39.68723639171635
mp-867347,Al3Tc,142.913,80.316,148.74859808997067,-265.180910310427
mp-867780,Al3Cr,106.001,84.189,133.32638205702966,85.69360455857094
mp-869,TaAl3,132.414,103.376,139.16483044064543,113.74384462109984
mp-873,VPd3,190.816,75.46,221.6296898697657,94.45390847188348
mp-8937,CrSi2,189.969,171.077,214.5013506943682,180.3008585643296
mp-971718,ZnBi3,49.557,24.613,59.36348322134731,6.710021233495742
mp-971779,ZnRh3,209.272,91.273,244.69407723027072,90.31068407366648
mp-971928,Zn3Ge,65.75,7.68,80.72716509380498,-3.3541598570257567
mp-971948,Zn3Co,101.878,15.75,134.21324032237268,38.90869561499462
mp-971950,Zn3Sn,51.36,10.059,66.04014241384895,-11.599213794089962
mp-972069,Ti3Ga,116.433,64.387,122.06093717444622,66.13629807952329
mp-972077,TcGe3,114.297,2.215,125.1562343998718,508.3896206459263
mp-972088,Zr3Zn,94.083,40.008,101.27738490343854,49.90338708756345
mp-972202,TcAs3,130.278,40.429,143.98067392874248,20.00643884150417
mp-972285,Sr3Li,11.008,8.744,12.211160050619528,5.299201661621585
mp-972324,Tc3As,247.646,89.479,266.74639502456597,7.9895259459088095
mp-972326,TcPt3,261.344,134.934,320.2145930736766,130.70784495666317
mp-972353,U3Pa,96.534,34.507,128.2939611622186,62.243234697352776
mp-972828,Cu3Si,136.43,53.369,162.50750466363627,52.8557041660086
mp-972874,SeBr3,15.512,9.245,19.10578327219379,1.4187793726743885
mp-972908,La3Dy,29.518,15.277,31.42572459980292,21.94099185687378
mp-972912,La3Er,29.595,16.724,32.05795385129183,20.933030923784507
mp-973022,ScRu3,203.422,59.908,220.39925077835244,57.55335606694644
mp-973092,ScCu3,103.118,39.197,113.30981336780508,35.75169349951634
mp-973174,NaAg3,52.516,21.232,59.16728245542109,17.659405755281917
mp-973175,ScBi3,55.254,20.144,63.37172747564843,-22.98600658822732
mp-973181,Mn3Zn,199.466,65.253,549.8781503230009,-16.332005535137814
mp-973250,KLa3,19.467,6.112,17.79965241590967,8.711888277340348
mp-973554,K3Sm,6.764,12.973,8.305040238291816,7.240672078614041
mp-973627,K3Sr,4.92,1.335,5.281068807548485,5.626557518095564
mp-973736,GeAs3,68.682,5.8100000000000005,68.76306327066226,-13.459533726627209
mp-973767,PmBi3,53.458,5.094,59.58868565323796,13.042543384783894
mp-973792,Pa3Tl,90.32,17.107,94.6386485510228,36.84554047798917
mp-973896,Ni3I,140.931,23.914,139.1597102535095,22.59867759289511
mp-974330,SBr3,16.635,8.547,19.7497475977336,2.0839012253874745
mp-974332,S3Br,23.338,10.805,27.505441554604797,11.552232685198772
mp-974358,Ir3Ru,337.871,226.427,382.0571207692493,243.6166709033677
mp-974416,Re3W,342.858,146.125,375.0320412539094,133.4654552930756
mp-974430,Re3Ir,366.016,218.264,398.8681226883475,204.394006511836
mp-974616,Pt3Rh,249.556,79.874,279.0282245911548,66.11340600335922
mp-974738,KSr3,9.273,4.848,10.544594743844442,5.302462082319926
mp-974774,Rb3Tc,5.4030000000000005,1.895,5.3915811871345625,1.8688510416907145
mp-974982,Rb3In,5.083,0.931,5.374704354513402,2.6399596466777626
mp-975043,Rb3Ca,4.327,1.545,5.152316975078062,0.6712369209238244
mp-975055,Rb3Ac,5.073,8.733,4.830855412031216,4.825854608791075
mp-975222,RbSr3,8.532,4.504,9.47668837791305,4.810398283837848
mp-975253,RbPr3,20.132,7.573,20.319577700863295,10.646992470843587
mp-975404,RbCa3,11.18,5.022,12.54176993021377,5.215467570311102
mp-975794,Li3Be,26.474,14.376,29.215803278558464,9.32557183035438
mp-975868,Li3Al,26.875,18.203,28.646793579003905,9.927271016847005
mp-975882,Li3Cu,31.489,12.521,30.34081854247079,9.4081303143037
mp-975904,Li3Cd,22.645,8.36,24.837980901433376,8.875166989321283
mp-975906,LiAl3,62.466,39.623,66.3936336851638,26.339451788289495
mp-975909,LiAu3,102.226,31.714,112.76768711350029,31.573963483832173
mp-975912,Mo3H,203.988,63.201,219.55461556533743,105.08613252460498
mp-976047,Li3Hg,25.641,15.939,28.501613782122114,9.0140887090543
mp-976055,Li3In,24.671,16.433,26.257704815938737,12.64475397390006
mp-976075,Li3Ca,14.299,7.417,16.82572866538189,7.334617753667166
mp-976106,Hf3Tl,104.481,55.501,116.3098936283645,54.346695537469365
mp-976150,NaAl3,48.882,25.378,50.90252962391232,14.7468104128385
mp-976263,Li3Nb,31.347,26.561,24.61058480653331,35.97760166831089
mp-976407,Li3Ac,16.677,8.239,19.77536380079391,2.0175764864265044
mp-976408,Li3Ag,25.865,12.498,28.69405730763308,8.755955648295688
mp-976414,Li3Zn,23.562,63.284,26.596060033119382,9.935399399452038
mp-976419,Hf3Bi,102.841,29.873,107.492932828712,20.68353383559413
mp-976422,Hf3C,114.527,16.594,119.6494804922791,30.066728123621346
mp-976768,NaMg3,27.664,5.894,32.12569118833203,8.516237495154298
mp-976774,NiGe3,86.001,21.624,98.36281519732934,-19.481257818303504
mp-976818,Ni3Au,173.428,60.99,229.89226597608703,80.74808575900859
mp-976870,NaNi3,96.01,36.546,106.19040118963972,39.49127926631132
mp-976971,NaPd3,97.437,36.663,112.41097710053482,35.603054375632645
mp-977057,NpAs3,99.455,30.199,105.31533225309153,41.26194417186013
mp-977128,NaRu3,172.715,41.644,193.76264899189297,42.05722934249313
mp-977230,Li3Tc,37.523,15.88,48.11271470724228,21.994690760111297
mp-977264,Pm2Mg,36.536,16.61,37.26123700218595,18.244623356693033
mp-977385,NpH3,95.25,58.63,131.86374003452408,53.87043127539789
mp-977403,Na3Tl,12.052,5.181,11.91535832649124,3.345871895075888
mp-978272,Mg3Br,26.088,11.401,29.48342136635142,16.190159711031235
mp-978277,Mg3Cr,44.069,22.719,57.08186551743841,17.137556689005244
mp-978280,Mg3Ga,40.626,19.659,44.669311990727806,10.240532053253771
mp-978283,Mg3In,38.832,20.553,44.87171628631257,1.2879422165839425
mp-978290,Mg3Os,85.241,31.04,98.13328691809288,26.407028589112667
mp-978293,Mg3Pb,36.348,18.965,41.95262376919682,3.019875813911637
mp-978524,Si3Ag,84.687,20.54,99.10464357305646,23.2252940984633
mp-978546,Sc3Sb,66.598,39.34,70.13478266594068,33.608458239818965
mp-978552,SiRh3,238.173,104.483,261.55935978426226,93.89004120009344
mp-978798,Sm3I,32.856,7.791,38.93101550729713,0.2266953897277361
mp-978832,Sm3Pd,47.59,3.231,56.19500214483887,-12.55240561302882
mp-978969,TlAu3,86.313,9.318,93.1133989407234,9.77006932080568
mp-978993,Th3S,58.463,21.612,58.51702780897062,9.8620068958702
mp-979014,SrAc3,20.33,12.317,21.40453319657753,14.938295123915138
mp-979115,Ti2Ag,115.12,38.471,120.19180281426137,49.08412857103741
mp-979413,W3C,261.699,161.716,292.34975364183873,143.54882945077517
mp-979938,Yb3Tc,31.688,15.305,76.6791724593691,13.52043395513845
mp-980192,YbOs3,224.333,46.685,240.78004581661529,61.94686776470886
mp-980204,TiP3,107.326,23.118,115.1500963982498,20.034752773442232
mp-981210,Tl3V,37.409,4.946,37.54432048874322,9.861981408221148
mp-981232,Ti3Nb,122.685,24.306,130.5242807009391,14.361110787108457
mp-981383,ScSn3,57.057,1.311,65.38771954366354,47.81665787284755
mp-981385,Sc3P,67.696,45.595,72.26557562665883,37.19964457614001
mp-981391,Hg3Ir,103.752,7.568,113.59803072270996,25.527275748486908
mp-981547,PrH3,83.047,42.938,91.74433561986908,42.54883421725892
mp-981749,TcAg3,104.348,34.212,126.06819274882731,33.119911192363745
mp-982195,KNd3,22.351,7.949,22.70979908013871,10.110093720883953
mp-982381,NaCu3,67.875,23.089,76.50126511542946,25.45303200448812
mp-982637,Na3Mg,11.333,4.612,11.8733702310377,4.106614250390853
mp-982664,K3In,6.456,3.082,7.711471840380567,3.3932609811476593
mp-984050,BiH3,73.332,26.673,82.6127374587093,27.404131071071436
mp-984523,CsCa3,9.811,4.65,9.866832983280156,4.26819032675154
mp-984705,ErRu3,181.137,33.566,196.94734245693536,47.174438755936926
mp-984772,Ce3Zn,34.023,19.568,50.43427093802387,26.483721809584303
mp-984796,BaTh3,37.503,24.562,34.5614000854936,21.689323922945196
mp-985059,AcLa3,25.05,12.805,27.917499702102504,24.15847154819489
mp-985278,AcF3,114.006,34.219,133.34693819853544,37.271807388638585
mp-985280,Co3Bi,147.231,46.944,143.0816303610882,56.125958209597265
mp-985295,Ag3P,90.676,80.813,99.33285217713345,19.295321558159447
mp-985296,Ag3Pd,105.215,33.362,122.6499850918359,34.588741452887994
mp-985299,Ag3N,102.239,14.492,111.02639518112969,3.105656901537363
mp-985551,CeY3,31.059,20.343,38.73546692025718,21.705033468225043
mp-990,HoAu2,100.832,40.982,116.4630575739042,46.158495007274695
mp-9925,Ca2Sb,34.964,25.74,37.49749225605838,26.92315615138161
mp-999204,ScAl3,82.594,67.287,87.55849203468205,59.559640768696774
mp-999441,Nb3Cr,181.79,54.324,192.14054616304955,61.83944188824643
mp-1267,NaC,35.167,3.296,49.614133748897785,27.85680701213629
mp-1573,Sn2Pd,82.369,31.702,92.08918258916944,34.250194025585316
mp-31277,Sn4Ir,71.396,37.376,94.23810058882492,44.90417433817147
mp-10128,ThGe2,85.821,33.162,91.4053159888329,34.5842350477388
mp-1014261,IrO2,192.223,75.26,270.0166850489609,110.1354421342061
mp-1018026,LiAg,44.019,14.296,48.0863863123357,18.294791013144263
mp-10213,YGe2,68.32,21.049,74.55605602896387,28.15684586733153
mp-1080664,CrB,304.935,230.98,328.6882540793356,248.854137441637
mp-11722,PrGe2,64.615,22.802,70.13198653486488,25.258067298061096
mp-12750,SmGe2,68.822,24.776,72.66979934280728,28.06622887423915
mp-12769,YSi2,85.55,19.816,92.9526094393344,40.76680071380237
mp-12770,DySi2,88.042,18.126,96.39359497921669,41.71016635974761
mp-13444,LiSn,37.597,17.536,39.86388362758917,15.820838929215022
mp-1727,SrSi2,52.527,34.563,64.00488542978044,47.43192287390818
mp-1890,BMo,311.129,205.308,338.7061782204135,216.03704693232183
mp-1898,CeSi2,89.084,47.956,97.86283766656852,59.43308967884269
mp-19761,LaGe2,62.983,17.74,67.31067115050655,24.31937061718647
mp-2062,LaSi2,79.133,37.317,86.54012873057084,48.598975568660926
mp-20800,ZrIn2,81.529,44.771,94.05548551029176,44.43049084224592
mp-21192,GdSi2,78.62,22.205,408.84353798189096,65.99017788098485
mp-2129,NdGe2,66.327,18.615,71.04462173737952,27.17121636385243
mp-23160,ThBr4,26.598,15.046,52.18566636564978,19.632025869671622
mp-2611,BaGe2,39.558,22.184,44.468281549995055,25.843176942577408
mp-27760,PrSi2,80.53,27.008,90.38253003988056,42.36070418403852
mp-27953,Mo2N,377.071,182.174,374.0604359609836,155.85831442739857
mp-27954,CuN3,15.781,4.885,63.49698581531424,36.51135564092208
mp-2831205,Cu2S,87.619,20.647,96.65301011574064,30.234612790932083
mp-2844,ThSi2,106.389,45.354,114.37070440662312,54.97952124210484
mp-30682,ZrGa,113.596,75.217,125.54541174252768,78.88664015959556
mp-32780,AuCl,10.267,2.471,45.90405529306611,11.333584776608069
mp-33104,Sm2O,80.158,44.22,96.35131611602462,57.21937102128811
mp-390,TiO2,184.247,47.35,247.46225515647387,113.5628006758928
mp-567705,TiAl2,109.691,81.43,116.72128540902844,77.1703937632556
mp-570140,AuBr,7.634,1.239,36.42547183664411,9.248705747499407
mp-571342,TiGa2,105.655,67.761,117.51317091052984,64.50478246747033
mp-642659,V2H,191.732,57.721,217.82253829081648,72.73964238982299
mp-754403,ZrO2,169.342,39.788,214.76457276974975,94.49959709423712
mp-755071,SnO2,139.796,49.089,179.0747357206987,91.8772352355071
mp-755690,NbO2,181.643,94.335,275.98477075019946,129.3985159186969
mp-7790,Ti2N,179.192,105.086,239.37867601736284,137.35161129284023
mp-7832,BW,341.8,196.608,371.5955587660943,222.18861393261696
mp-862,CaSi2,58.747,28.878,70.65231596321678,47.33072411903004
mp-884,NdSi2,81.814,25.855,92.2552935804474,41.044894033847314
mp-971683,C3N4,68.864,51.344,126.9076211725422,102.21215779371596
mp-2716,TiNi,150.897,38.05,178.81242843807772,49.3485538932047
mp-14112,PdF3,35.031,20.591,101.71257538693676,35.26647849933994
mp-1974948,Na2O,46.967,23.696,53.15048720911019,35.56281338774013
mp-673635,Fe3N,201.279,93.123,256.7705906211085,92.47934243492443
mp-753629,Zr2O,153.477,76.375,179.66547793402765,96.59313278970843
mp-10293,BaC2,40.469,19.114,61.25207320354879,32.100043551606355
mp-10390,Ta2O5,126.687,71.615,269.219811193166,138.8293873708152
mp-10497,SrC2,49.739,21.069,74.46407577715658,38.74212902350725
mp-11508,MoP4,135.442,96.673,164.1433932143402,118.26949003663324
mp-1167,CF4,4.638,2.075,99.64104379794946,55.473350117294856
mp-11684,SiO2,110.695,59.798,221.62025887610545,140.01357015390116
mp-1233,Cu6Sn5,79.958,14.854,96.05287381383158,43.71800573150809
mp-1575,CaC2,58.177,23.224,87.03844168511802,44.49407603327759
mp-1705,Sb2O5,125.537,75.478,202.73478549645435,125.433730268368
mp-1819,SbO2,82.545,56.104,176.69891711271566,97.9487339474148
mp-21325,KO2,16.347,9.297,38.30706603338725,20.405605321739102
mp-2402,NaSi,17.961,10.842,38.96561771625189,26.203723298085187
mp-27148,BeP2,89.366,72.774,96.96064776319834,82.48414577946677
mp-2794,Fe5C2,230.615,87.878,299.50423952874473,122.241249877493
mp-28266,P2Pd,110.324,58.503,136.9791446693345,81.91950255128319
mp-32570,Al2O3,197.042,111.213,237.394956086447,162.21398947811204
mp-486,NiP2,113.025,67.142,142.03938575448882,89.60770187455843
mp-540783,OsO4,3.799,2.284,137.23124584534546,58.90396722085463
mp-541013,TiI4,1.991,1.848,27.855555324893334,14.741946482558625
mp-557837,SiO2,14.613,32.297,169.12622598647465,92.93529520596698
mp-557993,BiO2,51.48,28.904,142.5769051768979,71.75779645942977
mp-558733,SiO2,263.994,193.946,321.23881212910106,233.49917138331716
mp-567907,P3N5,148.829,88.001,222.66316189047217,149.91717005415452
mp-570553,FeP4,135.276,114.39,166.0549872979974,130.425600475642
mp-571193,MnP4,137.018,116.03,164.99952505741058,134.80154969914165
mp-7302,CrP4,125.759,101.107,163.9632685772289,125.74218437538345
mp-7547,BaSe2,30.263,12.256,39.37207666423156,21.697629663843415
mp-755453,MnP4,130.329,97.194,163.33227419705676,126.77441265381933
mp-28731,V6C5,237.852,175.41,309.3132063969214,182.19913475426117
mp-15951,BeF2,21.345,27.825,98.72143806434936,57.600892774631326
mp-306,B2O3,33.164,36.019,204.9560802967118,123.14217883133206
mp-489,Ge4Ir,108.621,58.027,128.2052618763368,76.77168709736699
mp-553432,TiO2,21.691,18.21,120.84321659891344,51.16682603330253
mp-634,HgS,9.306,7.553,42.81183077845882,17.112047171848758
mp-7000,SiO2,29.797,46.637,189.48640997496136,117.5380567528007
mp-733,GeO2,37.861,28.881,150.14159343923058,99.23986648441512
mp-223,GeO2,32.439,27.681,150.27957931488768,99.23647038155865
mp-6930,SiO2,33.568,46.226,189.3089028620825,116.69321524744504
mp-9252,HgS,7.841,7.541,42.354837215020744,16.84872128709149
mp-2056,Ni3Se2,105.255,47.072,135.54463823569657,60.3722061885227
mp-2351903,MgHg5,23.95,4.889,27.301319766602155,5.023026695254545
mp-30418,SnAu5,114.725,21.951,130.18795899249454,18.908547062203517
mp-362,Ni3S2,126.928,55.258,159.45537501213784,71.81948112351327
mp-546546,SiO2,63.433,31.521,154.1793110712715,106.61875634826004
mp-569103,Mg3Hg,40.607,6.856,47.493401553454994,23.2372540393771
mp-976976,MgPd5,140.811,37.371,162.66808003913513,51.324588224475264
mp-979459,Sm5Mg,35.469,16.772,40.39726789453538,23.473617087224135
mp-981935,Li5Mg,17.319,8.46,18.777447982164457,9.385870576346308
mp-1018649,BC5,376.878,331.922,407.7984344939065,393.5843404300748
mp-568619,SiC,213.208,188.038,235.61182918838097,216.0932479203248
mp-568656,SiC,213.229,187.484,236.3368403570081,218.6180858224041
mp-568696,SiC,213.095,188.173,236.11385971208145,218.2063532007844
mp-568735,SiC,213.254,186.767,236.1113368426421,218.1936650220574
mp-570136,CuI,8.869,6.081,43.472327617340056,17.865071919828893
mp-570437,CdI2,6.7940000000000005,3.143,27.748423872574087,8.810756097465083
mp-570791,SiC,213.212,187.261,236.0507676590329,217.85010554891255
mp-570985,SiC,213.186,187.274,235.8185380837943,217.83954693187636
mp-582034,SiC,213.198,187.685,235.98880156833076,217.8618011711528
mp-775808,MgO,115.534,50.63,130.79936324057994,83.2259704946686
mp-995181,SnGe,4.869,2.614,6.7881422958255575,5.173257161756143
mp-16886,CdAu,93.631,26.46,100.2749199551679,22.410574275662785
mp-597,TiNi,151.359,38.641,178.9254278641389,52.7935545660652
mp-12699,Ca3Au4,51.992,16.615,59.231160329009825,22.2501479134247
mp-12712,Zr3Pd4,144.324,30.697,162.85881183570336,43.67112138083443
mp-1407,Rh3Se8,74.501,46.162,123.6511838394595,67.41469567929329
mp-2164,Mo3S4,75.814,45.381,158.55511589138905,81.05235597522812
mp-22849,BiI3,2.668,1.95,25.304798003062434,11.150459832160534
mp-23204,FeCl3,15.609,9.15,45.35453413025146,29.547868823077064
mp-23218,AsI3,3.438,2.604,28.542736805301043,15.718892433813048
mp-23275,TiCl3,6.025,3.743,53.77559332868222,22.42211490874649
mp-23281,SbI3,3.21,2.106,25.74660683747018,12.170870204683675
mp-23309,ScCl3,5.757,3.138,45.000963737981095,21.385470088270377
mp-27734,CrBr3,6.419,4.002,43.007926517209334,24.516682612024624
mp-2832,Cr2Se3,55.481,30.395,90.13787347032498,50.023480804912
mp-30066,Sb7Pd20,139.813,28.979,162.71339011160083,43.81895631106254
mp-30357,Sr3Ag2,21.352,9.351,25.239613512733815,13.228658699453687
mp-567504,CrCl3,8.799,5.642,52.07756606229388,28.885804824736148
mp-567653,Ti3Ni4,156.786,39.688,189.45082357322,58.01721036096283
mp-571518,WCl6,1.611,0.526,49.69514670578836,25.625949574589004
mp-669546,AlPd,149.807,62.629,172.16936623525476,74.09195930906442
mp-754455,Sc2O3,138.896,69.54,178.78304064736307,101.84362472356533
mp-754624,Al2O3,187.289,110.963,238.32404150444043,158.11206006033606
mp-8601,Te4Mo3,32.683,13.203,113.88796346792608,56.395970090228246
mp-9888,Ir3Se8,83.125,55.304,137.71521227622569,77.18740662551365
mp-1105780,Bi2O3,33.361,27.707,135.39266891072015,63.9322896024272
mp-2245,Si3N4,222.026,133.615,256.2799080220904,195.73885589511687
mp-568867,Si3N4,190.714,69.364,233.56424786943805,157.04307217199926
mp-672289,Ge3N4,163.42,90.833,198.98596735870217,141.76233869731723
mp-248,Fe2N,248.656,92.438,254.22336564523812,95.15339732254974
mp-33090,V2N,268.043,142.833,309.9081823549335,162.05839622280274
mp-567397,W2C,335.85,169.09,378.24786013752293,179.7694598596108
mp-569157,BiI3,3.613,2.172,24.344096692680377,10.803828446722228
mp-8780,Cr2N,288.234,141.769,305.31923740715945,162.9845662984552
mp-10014,TaS2,27.546,18.066,122.47939883373904,68.43780136596868
mp-11342,GaSe,14.697,10.32,53.12180567133544,39.32133903771855
mp-13150,BN,94.626,71.023,114.72226395312984,77.83849759277666
mp-13456,ZnS,68.983,33.527,76.97338216553503,48.89884932510202
mp-1408285,TiO2,86.709,32.379,188.61328450576323,106.34470215269984
mp-1434,MoS2,24.506,16.102,145.15982133340822,97.07935786072046
mp-1547,NiS,120.17,60.39,150.39716123208683,63.56483788448421
mp-15651,NiSe,109.537,46.377,128.27996599233109,51.575985534764435
mp-22691,InSe,11.006,7.042,43.650584065860485,28.974702420552084
mp-23162,ZrCl2,15.281,12.215,77.38314530911416,52.78993643948106
mp-554405,ZnS,68.961,32.743,77.08793440858854,49.1359593816778
mp-555280,ZnS,69.547,33.563,76.78061776334235,48.2545412804203
mp-555763,ZnS,68.882,33.044,77.3402750386711,49.7942723394117
mp-755483,Al2O3,212.651,103.635,249.3431887511937,165.34689330724623
mp-7581,MoSe2,19.537,14.459,118.23215605887938,78.31657188120055
mp-7597,NbSe2,20.516,13.817,96.87371217634366,52.77861728130874
mp-7834,TaSe2,22.878,14.651,102.9856129158602,58.00289003440989
mp-938,GeTe,33.016,20.165,49.70113902302137,32.81953984202762
mp-966,NbS2,9.643,18.841,112.47793151885033,60.7533656038724
mp-9813,WS2,28.713,22.737,154.87345844280622,103.2287004912233
mp-9947,SiC,213.105,188.499,235.83625471923867,219.21539352182825
mp-2750,Cr2Te3,42.043,25.838,69.73827515577925,35.62695502590842
mp-556464,SiO2,134.058,71.266,203.47055130968167,138.2486115448905
mp-755175,Al2O3,189.101,125.957,235.90793638374151,156.99310821475055
mp-1557,Mg3Au,57.636,34.45,64.07922126277295,37.095553788876806
mp-23706,YH3,78.381,54.412,89.94713865556538,63.329315213140966
mp-905,LaF3,102.112,39.391,126.84084764314636,50.425052192719605
mp-1008625,W2C,315.374,155.666,368.31259195400304,201.67903550885543
mp-1008632,V2C,218.716,99.627,281.6436107509139,166.45859254913657
mp-1017550,Be3N2,218.652,65.771,254.17987792559083,207.09109350228303
mp-1017552,Bi2O3,118.12,31.132,152.20118903256082,66.0818228708891
mp-1018107,ZrTe2,13.477,13.397,62.018374280307896,30.85229952125595
mp-1018138,VI2,9.164,5.8,33.56319060871076,19.798614229817577
mp-1018150,NbTe2,21.331,15.431,78.29930603593765,37.4661830353361
mp-10196,Ta2N,270.475,117.555,323.8675705878517,165.2384450913013
mp-10228,NbSe2,18.487,14.958,100.6594348471462,47.49120047200349
mp-1023939,MoS2,15.035,10.803,79.41010800782446,54.039286758811336
mp-1025044,AlNi2,170.075,37.02,214.6983542573101,43.69829661716357
mp-1028698,WSe2,16.447,12.676,92.80423853111436,59.93911793465266
mp-1038975,MgCd,40.188,8.885,55.93227893519461,15.65587359348068
mp-1057,Al3Ni2,131.24,87.345,149.7855746206307,102.25258316916111
mp-10886,Al3Cu2,97.903,49.461,113.37428458046791,53.22500480883977
mp-10901,Al3Pd2,127.891,63.127,143.82636867232668,80.12587557703374
mp-10905,Al3Pt2,150.267,77.09,172.42386455834065,94.55324908071104
mp-11107,Ac2O3,101.296,35.758,133.20820088316174,62.91080798725988
mp-1115,PtSe2,2.293,11.679,94.1181985580566,45.32733427529351
mp-11397,Ga3Ni2,118.283,64.945,143.44487197898303,77.11820099342978
mp-1170,SnS2,13.762,10.862,65.58795632421182,34.501268814189245
mp-1186,ZrS2,19.062,13.618,85.94733617276111,47.25610864274682
mp-1215,Ti2O,183.19,110.136,199.7881082716192,134.8925410940408
mp-13061,Y2O3,140.624,43.654,172.78145190445042,95.63745194503808
mp-13068,Lu2O3,155.662,47.365,195.7935557666109,112.5551666621102
mp-1391,Ag2F,78.406,18.365,91.12955605271942,22.85175811895143
mp-1690,TaS2,21.703,15.8,119.03350725008866,59.01996763543583
mp-1907,TiTe2,20.685,14.171,64.87778922775932,30.281593917552165
mp-1968,La2O3,116.022,39.07,148.80649042306217,66.19074863667218
mp-2063,Pr2O3,121.654,39.845,157.6496810101345,79.48393850424138
mp-2076,ZrSe2,15.882,11.72,74.96370761002682,39.27332140183166
mp-21385,In3Ni2,105.586,55.446,111.49264869891942,56.32032828959001
mp-21400,Ga3Pt2,130.246,34.54,154.87620595795943,62.124582943469
mp-2156,TiS2,18.003,15.707,94.73275960296492,49.18621195227032
mp-2194,TiSe2,11.057,5.916,80.22322910506415,39.176793485272995
mp-22787,Fe2Si,237.179,122.609,394.9303781653031,143.51269197234507
mp-2285,Te2Ir,48.777,20.99,109.71613571392284,49.1224105993082
mp-22877,VCl2,10.488,9.518,51.28319096582709,26.488351496518565
mp-22880,FeBr2,10.581,5.828,50.08259862398121,15.561697972733617
mp-23178,WCl6,1.108,0.59,49.70629359124895,26.827650362496826
mp-2318,Nb2C,223.238,61.973,258.1480156624362,158.86296786138408
mp-23205,MgI2,9.165,4.314,26.787773044453207,14.359656040629494
mp-23224,BiTe,23.047,14.843,49.12585444743298,23.48940719265523
mp-2578,NiTe2,57.823,22.605,83.1572435227592,39.89627761336725
mp-2646,Mg3Sb2,42.369,17.743,49.95649881934078,28.277267150943736
mp-2721,Ce2O3,120.983,47.005,159.45876864946223,77.97931715714768
mp-27785,TiBr2,3.721,5.097,38.44448602676237,21.98790346707168
mp-28013,MnI2,7.357,4.455,30.404608002090512,12.927750788020315
mp-28116,TiCl2,12.683,6.039,55.132987092727554,32.94925200554303
mp-28306,MnBr2,9.387,6.232,38.18456668712979,15.061170452047303
mp-29803,SiH,14.705,9.255,56.40937721458182,40.977102718630505
mp-29941,Sc2C,70.965,9.328,109.81297321989342,65.58791464304817
mp-29950,Nb3Cl8,12.959,8.72,73.91999910795758,42.4492411322718
mp-30031,CaI2,3.823,2.514,20.1659885683572,10.25569277206339
mp-30034,MgBr2,7.41,2.537,34.10903645923204,18.50598946135565
mp-30769,Li13Sn5,29.762,24.659,33.38544884678646,22.2181834075752
mp-32887,HfTe2,11.738,10.089,60.99432562936457,31.58230582600924
mp-399,Te2Pt,45.176,28.839,97.02022132882246,44.51368004830177
mp-510437,In3Pd2,88.536,35.851,106.91545091008922,46.18193640754103
mp-547622,Pm2O3,129.418,42.722,166.0800230703128,85.64050006150337
mp-567259,CdI2,9.621,1.967,27.53821236325854,8.954796560988765
mp-567510,BaSn2,32.687,17.29,37.6058517846627,18.78375048770449
mp-569018,Mg3Bi2,36.731,14.436,43.230479761604,20.967673516312544
mp-569581,Bi2Pt,35.201,11.831,88.50008488137223,21.584711932231773
mp-569708,TiPt3,234.145,105.465,275.3653499553921,126.60575262157232
mp-569916,Al3Pt2,122.683,18.02,149.369680735871,32.78162010946488
mp-570081,CuI,7.218,4.377,44.891477240610214,16.625616935343256
mp-570122,Cr3Te4,29.287,16.95,64.32629256798779,32.284537958139694
mp-570259,MgCl2,9.627,6.587,42.049437940539434,22.80614513622425
mp-570418,YbI2,4.411,0.321,39.37881219203675,22.10650287128503
mp-571096,FeCl2,8.913,5.459,107.52038193713528,19.47659186906671
mp-571122,FeI2,10.949,5.833,42.509997725711514,10.194443893738864
mp-617,PtO2,41.116,30.048,150.7659884840048,90.3839816600233
mp-665,SnSe2,11.592,9.691,57.70563444824858,29.087681769378
mp-685055,CrTe2,30.068,16.759,69.05006871571011,28.50318547350135
mp-694,VSe2,17.979,11.236,82.12716762111305,42.484729697195114
mp-6997,Sb2Te,32.089,21.615,53.46876690609713,23.36755043848626
mp-7088,Ta2C,260.465,145.673,296.56690791847177,198.8911851463841
mp-7390,SrGe2,46.921,25.775,54.63746291489013,32.36484498422555
mp-753890,Ni2H,201.621,75.077,230.89189340788775,80.5695981694232
mp-7540,Cu3P,123.036,14.744,149.85170650803997,33.5227822271424
mp-755263,CrS2,33.052,19.441,100.34626636407825,38.453247575293055
mp-762,PtS2,20.713,8.299,105.85789498490811,52.45455534226314
mp-7655,BaSi2,50.296,36.821,58.78461306687473,37.57495227846683
mp-7711,Ag2O,94.131,21.968,116.1495982780097,24.828313156285013
mp-782,Te2Pd,53.053,17.97,88.26833235679858,36.96479712007661
mp-7891,Mg3As2,53.676,24.175,63.005432524769134,42.17110696943942
mp-8134,UO3,168.947,43.216,249.14410725980665,66.54573659132367
mp-8372,CaSi2,60.404,34.761,65.15652892108088,39.18541897217251
mp-9561,VS2,20.333,17.569,102.8501203169107,53.35940207709495
mp-973,U2N3,198.589,92.753,255.8030422413666,121.56643338733237
mp-985829,HfS2,14.334,12.581,86.31620316706497,48.295541692243965
mp-985831,HfSe2,16.811,12.019,76.95626239097807,42.15318277107093
mp-995122,NbS2,11.912,13.306,115.60535996221344,54.510234009103975
mp-1008776,SrC2,53.228,19.779,79.69637730381663,35.24996872634368
mp-1009653,CaC2,59.422,8.76,87.70005756341504,28.73457167847842
mp-1013526,VS2,16.881,13.814,104.3594552007468,55.39768313217917
mp-1024,CaGe2,7.822,9.098,58.695938278707594,39.95170141587475
mp-10264,NiTe,34.863,15.722,90.90103003555532,41.70486857731628
mp-1038972,MgCd,40.284,14.201,69.43527682844417,13.19776444093958
mp-1039368,CaMg,21.47,8.429,23.019242838301135,8.150618385942288
mp-1095562,TbCo3,35.76,3.478,162.80014739417075,46.06984616931966
mp-1102078,DyNi3,130.886,52.85,153.46247777134053,68.31443786504866
mp-1102187,SmFe3,101.016,37.118,209.80792643262905,50.42407300153408
mp-11273,Be3Nb,153.691,115.023,166.77380173079877,133.91108309595666
mp-11693,TePt,46.872,19.788,117.01480466846996,43.42846681601102
mp-1189382,La2Co7,340.64,37.755,147.68611763963688,29.16703044595676
mp-1201,Sb2Te3,19.094,13.921,49.96441819511477,25.407631667620944
mp-1223677,Ir4Os,354.211,214.796,416.4243779454064,258.4229554986059
mp-1223860,IrRu,326.804,201.523,366.43214412836306,244.8628732720028
mp-12283,Li5Tl2,24.305,16.195,27.020160060534508,17.159928295068287
mp-1245,Sr2N,24.67,9.666,42.88830981771862,26.70163642823411
mp-12574,Dy2C,57.181,26.988,92.11622826758736,57.263330357029275
mp-12648,Ti2Be17,126.701,144.287,136.23042824865828,156.3707017460673
mp-1334,Y2C,59.24,31.783,91.40319898308618,58.21802840659277
mp-1346,B6O,228.689,207.712,259.35156407417986,271.98992851502237
mp-1390618,SnO2,42.723,28.477,127.12319291845073,78.65409111247546
mp-1413688,CrS2,39.182,13.302,75.45171382813909,46.20366849992566
mp-1419175,SbO2,36.048,15.287,107.62764579115183,49.43223372924175
mp-1422029,MnS2,6.171,3.564,81.05841736352022,38.06176404001992
mp-1473,Fe7W6,337.469,85.018,309.25036906013287,148.66872569493046
mp-1591,Al4C3,159.382,112.747,183.26312503619192,157.5914244258775
mp-1640,Ho2C,60.21,28.625,93.52969065259802,58.78903663018153
mp-16506,Li3Al2,38.92,32.272,45.01905550774453,37.46470183627326
mp-17639,Y2Zn17,80.602,51.513,89.48974113420965,52.267089357667786
mp-1802,NbS2,25.187,11.629,114.71691396128216,53.93263897231313
mp-20050,InP3,47.968,22.314,75.9446406525211,51.07310318576509
mp-22003,NaN3,25.56,10.625,68.01470317430419,40.18797098808224
mp-22881,CdCl2,8.647,5.888,41.7804921024247,13.47325972820735
mp-22883,PbI2,3.943,0.925,21.89046434376322,10.012077169257427
mp-23210,MgCl2,8.66,6.263,41.591585310428094,22.758790348352235
mp-23229,FeCl2,9.771,6.402,129.74816030077767,13.87224076218794
mp-2331,B2Mo,300.149,211.409,343.5640737938805,262.8714668614008
mp-2425174,PuRu2,159.058,6.6530000000000005,1138.8918494630152,97.18299079593145
mp-2451,YAl3,71.776,44.156,82.31853641572391,59.96419939070612
mp-25433,TiO2,43.04,30.243,171.8732927265083,108.19480934103716
mp-2686,Ca2N,33.874,15.634,57.70950314667664,35.09397026658714
mp-2699,CaSi2,62.216,43.161,70.15004902144113,48.87217839659249
mp-2700,CaSi2,61.714,41.833,70.53645839681012,55.19790516370473
mp-27396,NiCl2,17.245,9.563,52.30335468205834,26.036798733571445
mp-27440,ZrCl,18.837,3.242,83.15180329024325,45.35456127178844
mp-27505,Fe3Sn2,108.798,53.526,201.31981011995873,63.28101138903706
mp-27507,ScCl,6.959,2.887,54.39050035231865,31.865176129503674
mp-27637,NiBr2,11.992,7.055,45.33802343524543,21.950477703376635
mp-27638,NiI2,20.29,6.877,42.70755193956024,19.30264220735713
mp-27679,LaBr,12.532,4.615,29.591491703915963,15.625561190751895
mp-27705,Li2Si,32.884,23.382,41.2774497169432,35.00936898217286
mp-27919,Ti8C5,168.542,97.532,221.68801998616095,145.70779638791248
mp-28233,MnCl2,7.158,4.202,46.374980226305176,17.66965190574769
mp-28395,B6P,198.464,173.797,216.48629922287736,231.13506299588005
mp-2876153,DyMn2,74.233,34.868,343.87287044140135,42.13771457773167
mp-30441,Be17Nb2,140.051,150.117,150.72883878767814,164.43765674264878
mp-30766,Li5Sn2,29.691,21.604,36.40101859337456,22.362777243934683
mp-34202,Bi2Te3,14.402,11.629,48.0197167019887,24.211240844698963
mp-467,Th3N4,147.036,48.498,177.97230141827728,86.03930633512628
mp-534,B13N2,246.599,159.851,269.85700518816344,239.61130114258745
mp-540789,PbI2,14.975,1.087,21.72395568188788,11.16978690927484
mp-541837,Bi2Se3,10.752,7.588,57.36936134749081,28.38622328314674
mp-542458,Ce2Zn17,76.111,52.03,87.03565317794633,52.95910698986171
mp-555037,TaS2,21.258,14.506,122.39656730921098,61.58796807268599
mp-557762,TiS,128.998,77.715,140.8114636789529,83.24892747188868
mp-558110,TiS2,5.928,13.215,70.95787521514606,35.684743976013685
mp-567456,CaGe2,49.42,36.036,57.13526158744922,44.507526083043594
mp-567724,TaSe2,19.6,11.97,100.94949949782294,50.192144138746905
mp-567747,Co7Mo6,317.793,121.476,293.9727782581797,131.36057371104104
mp-568233,CdI2,8.158,4.29,27.580687546476195,8.934981279482475
mp-569196,YNi3,134.026,48.827,152.2975328344568,68.0636278319484
mp-569594,Fe7Mo6,253.202,109.706,277.6251708872565,125.42053507572662
mp-569960,ZnBr2,9.581,4.594,38.930183746709,11.74582797416422
mp-571149,Tb2Fe17,101.385,55.69,283.1994641693544,55.18023059776634
mp-571655,B4C,116.418,28.245,168.21559160048537,114.75692330413342
mp-576,B13C2,223.146,155.259,238.19308803965765,229.6304785282567
mp-644311,CuPt,190.686,68.019,235.75707570473304,86.7586450552413
mp-692,Tb2C,56.514,23.825,88.79305958918864,53.994286471176366
mp-696746,B4C,226.426,176.541,256.6727011974863,247.50578533629087
mp-7250,Nb6Co7,220.75,89.264,241.4115110385984,105.6496314316292
mp-7285,HfNi3,176.825,75.969,209.736460275662,94.0360005933201
mp-753746,Rb2O,5.74,3.671,19.635979684130337,8.147338508737484
mp-7541,SnP3,43.262,25.39,71.26822405034434,44.493858113460355
mp-7542,GeP3,48.704,32.336,83.85944897990296,58.42909938510413
mp-754434,Hf3N4,212.613,66.114,258.59074785964043,152.09748812355224
mp-7988,Cs2O,6.526,3.041,19.68656278511545,7.319795127882181
mp-8101,WN2,311.395,69.541,392.2709760625324,171.08743495412432
mp-862656,ErAl3,76.785,56.514,87.23795257187349,61.75638120183299
mp-8628,Te4Pt3,47.518,24.441,110.87335273922554,44.15626779970328
mp-865373,YCo,53.429,22.17,96.54983539516437,33.84191307915757
mp-880,Pr2Fe17,140.767,63.032,292.61854849116634,45.820961651749435
mp-898,HoAl3,76.254,56.689,86.48158321052212,61.418983548778144
mp-9568,Li3Ga2,38.44,28.594,43.375865262964254,35.92353597124225
mp-978496,SiB4,129.631,90.777,194.80778596066747,153.6082329398248
mp-9889,GaS,14.686,9.646,62.93155369389249,41.079202047482816
mp-990084,Na2Cl,13.51,6.628,16.81503567996435,9.077316899133915
mp-999259,RuC,284.565,160.065,355.01044199113056,180.31728489963385
mp-2654,Al2S3,32.575,21.529,82.86297955250507,51.69257826052033
mp-1025421,SmO3,67.594,23.832,104.79350350797873,42.79489414984318
mp-1025565,HoO3,71.744,29.665,117.20866131542854,52.37821320731136
mp-13852,Ge3N4,174.776,82.389,203.51659754015068,143.951330454539
mp-1985,C3N4,408.257,313.794,460.8072223419453,362.7174329067672
mp-22896,LaCl3,31.744,16.294,53.84855568500946,22.890522466103352
mp-23183,NdCl3,34.633,17.807,57.77741253641094,24.737837110906664
mp-23184,BCl3,0.113,0.102,17.92513059643191,10.46205447053171
mp-23189,BI3,0.806,0.637,12.223880079076508,6.903288879599166
mp-23208,UCl3,31.673,16.753,52.93893118854689,23.18786238935528
mp-23255,UBr3,25.058,13.099,43.91077229453962,18.589160967257055
mp-23263,LaBr3,25.473,13.286,43.98309830958674,18.692165292862363
mp-23265,GdCl3,29.009,15.213,56.516036586725605,25.54997614656919
mp-27971,AcCl3,27.477,14.801,50.146432018867166,21.87861750881517
mp-27972,AcBr3,24.348,12.791,41.94828898718232,18.155079686641617
mp-542854,Mg9Si5,58.465,38.545,64.84334642360828,40.272688223532185
mp-568170,TbCl3,26.359,14.238,58.558070905092315,26.276802104886738
mp-988,Si3N4,234.569,122.364,260.4638963829534,198.73083316237407
mp-11190,VSi2,174.655,148.681,206.96438511605467,164.93615218318857
mp-11191,CrSi2,194.648,156.37,223.50330514666717,178.22767671852708
mp-11192,TaSi2,184.679,145.713,217.23559759619147,166.7679891208572
mp-12104,NbSi2,175.016,142.771,203.6960386030865,159.65581338190952
mp-12524,Al2W,158.714,171.783,182.6802512482353,123.77537518980924
mp-2675163,WN2,100.955,24.65,155.40634852903565,68.76521118128579
mp-2872104,CdTe,39.084,15.381,43.807934054266184,21.611554459876597
mp-1047,Ca3N2,70.981,33.499,78.65467218996245,44.196453979646016
mp-1143,Al2O3,231.003,128.563,256.301558360086,173.87365304329722
mp-13679,PdF3,27.619,18.473,120.30932163199336,33.21440415294759
mp-14024,Zr3O,131.559,52.09,150.93963244269227,82.57683758481664
mp-16860,Mg13Ir3,60.24,27.013,70.37735740033109,34.60951766025179
mp-2068,RhF3,55.159,28.711,151.34162989316718,69.47104586345071
mp-22323,In2O3,149.39,52.286,168.22842995471095,78.09767084499897
mp-22375,In2S3,70.535,20.656,78.36258151592303,31.75307611793152
mp-23933,AlH3,27.922,35.304,73.97780685567162,57.24310428061388
mp-2552,TeO3,89.234,77.836,177.3246716629521,129.97704730512234
mp-28044,TmCl3,12.303,11.563,51.06289125642913,24.634263347892936
mp-2826,Lu2S3,76.765,26.429,85.574212298105,48.63005839262997
mp-458,Ti2O3,214.394,74.827,246.049762370282,115.56541953198668
mp-468,AlF3,39.119,49.835,140.39956201055602,82.02718730606041
mp-571053,Al5Mo,117.921,82.612,132.530832047633,99.93590470925764
mp-754759,Y2O3,135.891,53.717,155.41551897985835,83.23879399749582
mp-755313,Sc2O3,172.651,70.819,193.38588471326696,105.12243944431516
mp-7586,Ni3C,198.324,58.221,257.845160205068,91.13752245055758
mp-861979,Ir2S3,165.426,71.569,207.27176965230535,109.60392513252854
mp-864675,Yb3N2,74.904,29.069,135.4308341910299,76.21244127826108
mp-866066,B2S3,20.061,14.14,39.975534135882405,26.684456915791163
mp-866083,Zr3N2,195.246,102.252,221.30617453950393,131.59548172034147
mp-10711,VSi2,175.432,148.53,199.40442750957135,158.26380820260113
mp-1222,CrSi2,194.579,156.409,222.2549586989409,174.42921149974748
mp-2137,Mg2Ni,71.061,33.4,75.41006010535705,37.79248444400444
mp-2478,NbSi2,175.204,142.4,196.1629397560662,151.25803959686527
mp-30047,Sn2Mo,117.067,70.54,135.49300797585963,73.62011921611632
mp-363,NbGe2,144.24,108.792,169.10765267829655,119.58453066958768
mp-517,TaSi2,184.701,145.738,209.02039786257777,162.83219800291465
mp-6922,SiO2,134.073,35.048,182.96896304925028,100.59999880843456
mp-7558,TaGe2,148.824,108.018,177.97776234543943,122.88159784234324
mp-8938,Si2Mo,207.258,149.363,231.1864100857347,161.15802963683015
mp-8939,Si2W,220.371,147.913,246.4330640375165,161.86414168750315
mp-1017,Zr3O,132.953,59.206,148.73836957456234,81.23420163605198
mp-13154,Fe3C,201.825,90.624,304.75251505955544,96.5129612222984
mp-1804,Fe3N,253.773,180.178,249.4921193942581,94.74157944882796
mp-2033,Ni3N,201.929,73.848,254.1574015098535,89.4212329147525
mp-30337,Al5W,126.403,102.302,142.71992934563946,105.6968694027717
mp-568607,Al5Mo,119.966,97.442,136.43688090116828,101.10723060637092
mp-9761,ReO3,158.374,111.219,282.4663248920956,166.3839332986565
mp-17783,Mg3Au,57.457,34.638,64.10758650481128,37.083636426201174
mp-18707,Mg3Pt,69.596,23.933,76.94383300621465,36.20011469603739
mp-18712,Mg3Pd,76.484,25.948,64.00449090592855,29.928287372809017
mp-334,LaF3,101.191,39.28,126.9308660345892,50.37483884284322
mp-542429,Mg3Rh,65.593,26.555,75.24391590146017,35.425670715578995
mp-568419,Mg3Ir,75.799,31.014,85.84385338671933,41.06667824001178
mp-7463,Cu3P,124.032,41.154,147.09218051328287,47.36942793395178
mp-1024071,SiPt2,205.034,28.066,241.00057129880315,72.4756864244205
mp-1079254,Co2As,183.184,108.614,200.5824574861936,84.41127583494071
mp-11584,Lu8Te,49.878,35.782,54.206969058355405,37.084992411447054
mp-1279,TaN,306.305,181.327,392.732497969801,223.5320590012912
mp-13446,Co2P,229.015,133.101,247.67793500417,110.8106966518474
mp-1345,CaP,52.775,33.528,60.483764415483705,39.18353912497792
mp-1545896,Li2Sb,33.938,23.465,35.77564572080891,26.331555789710055
mp-1849,Mn2P,193.549,101.56,242.99937743884416,108.61114001665936
mp-20061,GePt2,176.427,32.814,204.30183181408637,55.01237743857459
mp-21167,Ni2P,191.012,38.833,225.51854065371631,68.76511806849147
mp-2340,Na2O2,49.866,29.996,67.63177553097164,40.76805905299112
mp-308,U3O8,163.668,48.125,205.1850621759555,73.29355250770587
mp-30839,Th3Pd5,79.566,21.272,111.45088307956392,27.376649567057
mp-31326,Mg2In,6.144,347.437,47.5736386658344,21.26789900123559
mp-349,Yb3Si5,52.419,41.818,107.38578862733516,71.6906099945503
mp-409,NaS,26.857,13.293,35.365136298326675,19.469610914106912
mp-423,GePd2,152.76,42.417,174.1562566282287,52.950043895970666
mp-567244,Mg2Tl,35.591,17.201,42.045990825934645,17.876954733322187
mp-568536,BaI2,21.274,7.604,23.563236465401776,10.901261494113411
mp-578,GaAg2,82.611,21.947,98.68253693051244,33.81732474264133
mp-697068,SiPd2,177.478,48.503,204.9660217992336,68.00538692438587
mp-767,Yb3Ge5,43.833,34.758,88.00763284185554,44.33474055744775
mp-778,Fe2P,219.035,94.973,285.17089513569744,114.72225927213088
mp-7931,SrP,44.749,26.944,52.383414665580545,32.61391061363783
mp-865604,Li5Mg,17.412,9.799,18.758441836847293,9.763762221770758
mp-888,CaAs,46.134,28.543,52.60427780210733,33.55173436210655
mp-9063,RbSe,12.853,6.659,19.436758964200855,11.264298654077738
mp-972954,MgCd2,42.98,4.888,48.80842357788299,14.093225492993788
mp-977059,MgPd5,140.05,44.646,167.25593469130254,55.898553854098374
mp-1001827,IrC,323.532,82.577,354.7178599102923,93.99435613004938
mp-1002188,TcB,302.964,177.149,347.8123425944908,232.1312275657164
mp-10030,RuC,337.414,77.299,395.3731451734761,103.37118331174769
mp-1008798,ReN2,332.601,140.635,389.24515163436934,187.20835693417513
mp-1008805,ReC2,348.477,205.664,405.3766746820422,222.24632937207693
mp-1008835,OsC2,357.547,194.292,424.45645458016907,242.55401774965597
mp-1008965,CdN,100.433,3.451,115.53094860613518,22.860776870874403
mp-1009129,MgO,139.206,49.435,149.82448155102765,73.00631808649388
mp-1009646,ReN,376.048,8.778,370.60813722134264,148.9352442045489
mp-1009735,ReC,411.017,234.143,439.3000922318787,263.9406169018979
mp-1009838,ZrN,217.333,121.807,227.16457604417985,119.85943401808152
mp-1017987,Tc3N,331.138,180.392,377.0751403386702,185.32181276826205
mp-1018027,VN,334.002,255.479,406.5419104664353,268.9037756679268
mp-1018028,TiS,139.693,101.235,160.59851458786818,125.05985716487004
mp-1018050,CrC,336.54,249.439,385.3655974237605,264.37212188816477
mp-1023924,MoS2,10.685,8.675,58.68515943147137,40.171803793671
mp-1023934,MoSe2,9.262,6.3629999999999995,49.28293359427336,33.0443453864881
mp-1023936,WSe2,9.224,7.663,53.51495741148013,35.516856989956445
mp-1025571,WS2,19.263,14.933,100.47747314279388,66.96950410574027
mp-1025799,MoSe2,13.904,9.713,76.18915194130072,50.437435830450475
mp-1025874,MoS2,17.107,11.985,90.16435244211684,61.2117257729483
mp-1038715,CeMg,35.967,36.589,49.55513841073704,29.50379474199286
mp-1038724,Ca2Mg,19.546,5.786,20.736052184652426,11.442855524579263
mp-1038829,MgCd,40.104,51.088,71.80608963709652,12.704534330416292
mp-1038915,CaZn,26.262,9.932,29.291885243065927,14.03020560419602
mp-1038961,CaMg,21.589,6.514,22.5430560057116,11.57769257141952
mp-1039019,MgAl,48.143,7.203,66.61563579871299,28.874247803857735
mp-1039055,Mg3Cd,38.741,13.855,58.665472116105974,19.51196312335135
mp-1039385,Ca5Mg,18.063,7.009,18.744025941587218,10.88871920154688
mp-1039434,Mg5Cd,38.04,17.452,47.363476495264216,18.351574447792775
mp-11807,LiPt,113.442,51.982,138.26643616921004,57.963357803064824
mp-1183691,CrN,357.173,229.681,365.141861207362,265.32424573454097
mp-1217363,TcRu,306.075,167.325,361.1368002704373,190.3310675592111
mp-1219503,RuRh,282.182,137.973,326.59665766076284,165.43791603863417
mp-1219509,ReOs,385.891,243.938,427.758911199862,254.85386835597845
mp-1220023,OsRu,355.651,219.581,428.5157497496592,243.48739867712388
mp-1223655,IrOs,374.508,195.756,428.55330449711505,225.52787377957145
mp-13036,MoN,348.484,164.499,336.53455313612034,184.44648025206277
mp-1459,TaN,337.979,235.294,385.103134590314,255.7242123984669
mp-1539,ZrTe,94.136,55.771,116.85435846821574,75.3433582546003
mp-1572,GaSe,14.135,9.134,52.33880576997079,37.74631740087538
mp-1874,NbS2,10.712,6.562,51.84574572459575,27.85497453970794
mp-1894,WC,380.208,263.151,467.9560620280241,347.8254253444327
mp-219,MoP,219.328,133.065,228.28600922449948,146.7654191207646
mp-2243,NbS,178.147,98.782,184.10603397392063,111.70467863364463
mp-2305,MoC,349.501,241.645,419.80717470362794,298.8666068409269
mp-2352722,Al2O3,42.688,0.799,143.84173983134818,90.19183977742044
mp-2634,NbN,312.566,209.5,350.46054922669646,225.51963794263105
mp-2744,LiPd,79.812,34.789,99.94049769415186,39.90409824621972
mp-2771569,CdS,14.2,4.464,14.323509905573191,9.226743574676316
mp-279,LiIr,141.786,68.118,182.35106255609293,71.6691994741781
mp-567885,C3N4,90.698,70.15,128.34108915716064,93.3039987536996
mp-571133,NbSe2,20.549,13.684,97.41778540693176,50.59607639791466
mp-571270,NbSe2,27.022,17.146,101.97454653830135,53.77195531484085
mp-600561,LiRh,106.321,41.679,138.73502800776967,52.48455951718732
mp-604884,BN,102.403,73.415,112.18662154155628,80.76135047536857
mp-643063,NbSe2,21.889,15.092,100.26079358708851,53.081917755704
mp-7142,OsC,384.511,61.473,445.39502763736465,117.62851495376624
mp-755264,TiO,234.957,165.923,266.9261652044655,166.7343646193389
mp-7760,AlSn,49.054,28.861,49.73975783917256,20.814174749912297
mp-865430,YTe,59.171,38.592,65.43380832347903,42.133529066141904
mp-867290,TbTe,60.402,39.055,66.0256797802914,41.7431319343313
mp-971933,YZr,62.206,36.189,64.7369192362569,41.97064937273234
mp-972692,SnPb,44.231,14.712,54.95634266063088,16.722876417631973
mp-972742,SmBr,46.102,32.427,53.50663592345504,36.55366518172047
mp-972845,SiMo,199.027,101.53,219.97257427301193,125.52772814891593
mp-973229,ScNb,102.567,32.331,118.58896022467631,44.62585115550967
mp-973534,FeRe,319.664,156.612,350.199441588617,152.63417959593582
mp-974421,IrRu,329.122,156.327,378.3323643072837,205.65383367247625
mp-974435,Re3N,388.181,212.936,451.62939589616354,234.67027313295327
mp-976292,NaCu,33.222,11.216,37.981641673500334,13.838648615614408
mp-978009,HgOs,188.781,64.102,225.1240372664245,70.78049181244033
mp-978918,TbZr,59.661,32.407,65.8869364831911,41.78739210152037
mp-979011,TmZr,67.086,40.177,69.0068390838964,45.503680904216544
mp-981458,YbTa,73.373,28.309,110.24164382674763,48.23648376856704
mp-982596,TbSc,45.098,28.229,47.020591546952666,28.270156613017917
mp-982779,NbTe,118.463,64.213,133.38911825224574,82.5052030503407
mp-983459,HfZr,101.368,45.497,114.07372552115366,58.72216114137278
mp-991,WN,375.17,165.988,362.71644489168847,196.37734946371663
mp-997617,BOs,354.637,212.354,397.1094993546553,238.09550926299096
mp-998900,TcN,336.076,34.576,355.08465407864657,130.6732925957103
mp-999549,WN2,352.115,226.611,431.6780054609118,290.0779865562
mp-30650,Mg2Ga,45.747,25.13,53.013723396053706,28.861754589681222
mp-23280,AsCl3,0.557,0.311,24.843834630407887,13.122421154097072
mp-28336,Li3P7,24.186,11.791,66.25148257297872,48.35682247983795
mp-561664,TeF4,11.814,7.157,88.12087394368035,48.77293998903823
mp-568936,Ag2Se,56.451,12.175,73.76240505461641,19.742237131695603
mp-7440,NaP,29.048,12.804,45.430926616483845,26.572539845796005
mp-7595,GeF2,8.284,6.065,59.370083466032355,28.05645428852332
mp-776896,Nb2O5,55.283,25.761,158.40567732069508,80.67230833230795
mp-8377,TeO2,21.082,23.269,128.18922836465563,68.2044364866579
mp-10736,Ba3N,12.544,5.365,22.97662193671021,11.494128642987253
mp-1105737,Dy5Ge3,71.114,51.133,75.15059271367186,52.63384061796886
mp-1111,Mn5Si3,313.656,101.503,194.63261361643197,110.8720858331894
mp-11465,Mg5Hg3,42.841,19.557,50.97758337266139,24.725070350386055
mp-11801,K3N,2.72,1.43,10.425252465213507,4.948050928027944
mp-11854,Er5Ge3,73.265,55.383,79.02082772203745,57.96325013593961
mp-12467,Ca5Sb3,36.153,25.807,42.37985672570321,30.70351766662131
mp-13236,Ho5Si3,75.03,50.53,79.25990359797204,56.87257162491216
mp-15965,Hf5Si3,140.749,88.346,159.77151266051797,102.19885458291664
mp-17124,Pr5Ge3,56.951,20.961,58.93970041952668,31.09053860833637
mp-17190,Sc5Ge3,84.782,67.801,93.0936725060608,71.82621355641949
mp-17332,Sc5Ga3,70.414,68.245,72.97983914264192,43.208945903523606
mp-17695,Sc5Sn3,72.275,52.028,80.04673145275375,59.140793903591074
mp-17751,Y5Ge3,70.05,52.258,73.24502551749312,54.027869761522226
mp-20847,Ti5Sn3,106.614,50.343,125.06023182993349,80.52384346000896
mp-2108,Ti5Si3,139.791,94.124,163.60918345157955,120.1311347795106
mp-21104,Hf5Sn3,113.876,48.717,131.55423877842088,75.56888698249656
mp-22871,ZrCl3,4.878,3.407,46.58471774552171,24.126802998922063
mp-23223,TiI3,2.037,0.079,29.004944162329146,16.025306943817228
mp-23247,ZrBr3,5.309,3.074,40.97015631981893,21.323578308897375
mp-23282,ZrI3,3.862,2.612,32.395887964332914,17.340197744565028
mp-2361,Hf5Al3,111.876,23.687,122.48467029646947,75.00311779136699
mp-29621,Ba5Bi3,6.865,14.483,25.659092777358335,16.73732568834367
mp-449,Fe5Si3,175.831,104.859,291.39458562876547,109.17357834998116
mp-510503,Nd5Sn3,53.972,30.308,58.19888792376839,34.25948352252258
mp-510691,Hf5Sn4,111.118,64.424,127.82243967387714,71.80300941953394
mp-543001,Zr5Sn4,104.158,64.238,118.73626251394768,70.5453328200637
mp-567412,Y5Sn3,62.369,45.075,68.310677410951,48.684575580099526
mp-567871,Nb5Si3,185.606,169.219,206.1061316079806,109.12618626848294
mp-568002,HfI3,5.829,2.043,33.61396577719862,17.46536393703783
mp-570196,Zr5Sb4,106.781,50.269,126.58677085641716,60.47233118691546
mp-570483,V5Si3,187.603,53.794,209.3138512402883,135.93204133595532
mp-570722,NbI3,3.502,2.302,34.86653284601802,20.398462725452617
mp-571143,TiCl3,6.621,3.142,47.232381436843,24.218406751500087
mp-7822,Sc5Si3,87.764,72.307,96.54849605879936,75.3864281410613
mp-1001581,LiC6,150.185,115.671,162.71306656616866,113.48937905877185
mp-1008568,ZrTi2,106.1,49.525,117.9753995990522,46.72176797190146
mp-1009655,CaC2,185.823,165.657,189.24317854937388,152.83139918155825
mp-1009695,CaB2,121.439,104.665,133.49093919476897,101.98728585781974
mp-1009823,BeB2,191.338,52.725,194.6785714009599,-2.71135756274067
mp-10141,SmB2,140.817,106.77,157.50611184923946,131.8278074338479
mp-10144,B2W,321.856,144.049,331.3711681667864,151.50261018670412
mp-10186,PuSi2,94.62,49.752,198.1313512519852,87.65604516475013
mp-1021323,LiC12,140.283,106.231,153.13625799232068,107.57763592738888
mp-1025,ThAu2,107.422,37.338,118.22652641962318,35.81489605525032
mp-1025030,ErPt5,189.776,76.477,222.46605369521885,87.36914702831228
mp-1025223,Hf4Al3,116.342,87.932,125.95433462938146,96.71598800716232
mp-1037,PrPt5,181.498,71.476,210.69827842293367,85.97037524588113
mp-1103,LuSi2,89.031,18.279,98.29167913463982,28.04464342568976
mp-1108,TaB2,303.164,199.428,319.38174592974906,250.4925048035292
mp-11267,BaHg2,23.258,5.763,29.89637539877472,8.501790772849262
mp-11277,ScBe5,108.626,103.678,118.0390179017579,108.89379652735045
mp-11280,TiBe12,122.106,39.713,131.16046616137692,134.51605486689238
mp-11283,ZrBe5,126.39,114.539,137.42071081616453,131.71569514469203
mp-11287,CaHg2,38.37,17.551,43.94856804995447,16.038471971392653
mp-11294,DyCd2,57.069,32.037,64.62116484271561,31.852016107299203
mp-11301,HoCd2,57.077,33.057,66.12234893768914,32.407467007496706
mp-11363,TbCu5,109.637,39.212,123.1069974531172,47.28172084232637
mp-11367,DyHg2,63.191,28.091,77.96868718691971,29.53848264105561
mp-11369,ErHg2,66.229,27.641,79.98182287335838,29.960048817154306
mp-11382,NdFe5,102.413,56.671,212.56602502824865,65.75012822843165
mp-11385,YFe5,119.682,224.371,217.60411101762529,73.6457598076503
mp-1140,NdCu5,101.881,36.16,117.36918822723332,43.06293263688574
mp-1145,TiB2,254.22,257.473,285.3166335886026,272.8163710127424
mp-11461,HoHg2,63.968,27.217,79.07061528760913,29.785758523951273
mp-11466,NaHg2,18.769,8.158,27.292167637474464,9.885074153291372
mp-11468,NdHg2,55.521,23.982,68.5193218903635,25.703828408974225
mp-11472,SrHg2,30.199,11.573,34.10904189323895,12.005654243957064
mp-11526,TmNi5,155.253,75.801,179.610103990404,81.67398962286002
mp-11553,TlPt,62.299,7.605,61.89032775318351,13.239162609196718
mp-11562,TbRh5,179.088,76.027,206.63954289355345,78.65998915593129
mp-11565,YRh5,178.749,76.122,200.475391583527,76.81807489694539
mp-1179,DyNi5,152.06,73.223,175.43109098672028,79.56976799884103
mp-11826,CaPd5,115.09,50.004,130.80273271298148,51.120562742323195
mp-12055,LaCd2,45.263,26.186,52.483438716800336,23.84576980552886
mp-12072,UAu2,111.096,48.418,164.26888975654876,50.69026752841488
mp-1209,RbAu5,71.996,25.159,83.07644668395666,28.087641930578595
mp-1210,ThCd2,66.397,37.237,76.38773788218569,37.2718430249353
mp-1219,BaGa2,35.919,24.771,43.094934875022496,25.245569961510338
mp-1252,ZrBe2,118.38,89.18,121.56126729519796,85.34072346513025
mp-1256,HoGa2,74.229,50.758,81.03233060425207,57.65950530394
mp-1260,SrPd5,106.301,46.203,122.5739168559619,48.97235162503064
mp-12602,PrZn5,73.779,34.33,84.58814240557453,42.013812806136016
mp-12752,Zr4Al3,107.665,78.177,110.34288923549192,83.05037757448571
mp-12892,CaSi2,53.843,61.724,62.213431740483294,30.06180016449802
mp-1331,YCd2,55.449,31.607,65.05878202327195,32.79617842591166
mp-13449,YbGa2,46.483,35.142,76.44893818923934,42.720256209726415
mp-1377,ThCu2,94.521,32.47,103.1804819049714,37.58004524846478
mp-1472,ZrB2,237.763,227.984,258.51419935879665,250.16121127406228
mp-1491,VB2,283.799,240.821,291.96774459357766,275.8084574474802
mp-1497,TaN,289.035,146.051,325.0553373390323,130.26745171355884
mp-1514,UB2,210.847,214.267,229.16654256272528,198.25823736572363
mp-1535,TbSi2,85.829,26.002,93.71279396938328,28.027693902948815
mp-1542,YB2,163.074,152.469,173.0805729482778,157.22911677619604
mp-1553,HoNi5,149.455,73.617,176.97252463202005,80.42684691031923
mp-1566,SmFe5,92.119,59.905,213.31038577357967,68.86774832883266
mp-1567,ThNi5,154.083,65.856,181.1461015265363,72.08450292205364
mp-1606,NbAu2,176.852,63.241,220.86489362354035,83.89740969821368
mp-1607,YbCu5,98.016,39.517,135.80707473223393,48.97153202065424
mp-1709,U2Ti,130.716,129.399,155.21607314868652,94.3176939186984
mp-1734,CaZn5,59.683,35.088,64.81249062517549,33.238913935307764
mp-1752,HoSi2,87.904,19.987,93.4727683172486,25.246749096227912
mp-1754,UHg2,72.435,37.696,96.95508504104184,41.06677295027493
mp-1774,ErB2,171.507,164.724,185.39513491283228,170.7732719747812
mp-1814,BaAg5,52.275,8.453,58.614784519594075,19.485845261247125
mp-182,SrGa2,41.237,31.131,46.103137059375946,31.648844111475672
mp-1831,SrAu5,90.516,27.279,103.03976451297385,27.09470823058956
mp-1832,LaPt5,178.329,71.862,207.7779896104708,84.58948938943966
mp-1882,CaCu5,90.279,36.849,103.53389855209925,44.40068721096868
mp-1910,CeNi5,146.347,65.083,173.14059415150936,71.72506611520222
mp-1914,YGa2,73.693,52.98,78.16566632225586,58.36122938654081
mp-19773,GdGa2,84.386,51.145,351.83395858570907,76.02141890959071
mp-19862,EuSi2,61.803,17.315,201.9428853620023,45.594316774483346
mp-19876,InNi,102.664,52.845,115.91491019214432,56.20643994449995
mp-1994,HfB2,252.303,244.359,280.61508413633635,267.57302044377167
mp-20064,DyGa2,74.223,51.788,80.2484696241823,58.02091734848709
mp-20125,GdSi2,101.405,15.334,308.2129824950056,63.139543311108085
mp-2025,HfBe5,130.956,120.416,143.4422069070911,143.38811098921113
mp-2051,LaCu2,67.31,20.287,71.26207826201947,20.8774968717756
mp-20536,CoSn,125.544,73.734,146.9336800465,83.87950463108301
mp-2057,DyB2,167.701,152.964,175.04864643103394,159.2161693852359
mp-20632,UGa2,83.105,43.833,97.49854955309364,35.53184909304305
mp-21168,EuGa2,46.089,32.199,51.44100350056016,37.672217627582945
mp-21200,PuGa2,75.088,49.643,66.13353271603683,35.92267455584029
mp-21260,FeSn,95.179,53.266,123.79365174992328,63.11921824328918
mp-2145,ErSi2,87.942,22.573,94.50912630790592,24.97808945813177
mp-2152,YNi5,147.351,72.438,172.37963316281028,79.29507597320892
mp-2170,Li2Pt,66.968,30.516,76.45977107937931,34.38009606915051
mp-220,ThNi2,223.876,2.343,128.04126969355008,23.305024503350047
mp-22478,FeGe,152.403,77.414,175.39726842286942,81.85551505571924
mp-2251,Li3N,51.984,33.607,69.23311254647604,38.85023521237455
mp-2252,ScB2,191.13,195.809,205.4686017228821,197.11767003042135
mp-2267,HoB2,168.393,159.19,181.6165870921569,165.3173775718825
mp-227,SmCu5,104.928,37.739,119.6311206995505,44.75242685707261
mp-2317,LaNi5,114.252,59.861,158.22756578911927,66.85675732292732
mp-2370,PrNi5,139.425,63.816,163.5688175566519,72.12275624677719
mp-2410,SrAg5,60.814,21.072,65.44988414554687,23.79534447056268
mp-2422,ErGa2,74.361,49.575,82.07042370485803,57.57506609590944
mp-2424,LaZn5,70.032,33.134,80.15195112842373,38.51332813236087
mp-2435,HoCo5,377.141,59.059,210.19654772053448,60.38421045642112
mp-2462,PrCu5,99.806,34.941,115.59898636432004,41.940469788937925
mp-2524,NdGa2,70.177,53.203,75.84089607712508,57.02869952757651
mp-2553,HfBe2,127.5,108.178,135.0912103152336,96.17001595391773
mp-2568,YSi2,85.401,29.796,90.88516403905398,21.689416724083888
mp-2606,BaPd5,99.329,39.724,113.81331732201522,43.72961098063456
mp-2645,YbNi5,131.006,69.809,182.714702473526,83.8925204698056
mp-2684,TbGa2,73.518,52.463,80.23682558523105,58.77365694912335
mp-2689,ThFe5,117.852,50.22,176.4713007601913,65.65280840397305
mp-2740,ErCo5,215.833,50.054,211.45350939334733,61.865624044476974
mp-2797,YCu5,108.45,42.488,122.54265819272868,47.90776292170088
mp-2812,HoFe5,122.739,72.045,225.85651246886405,71.52719732933635
mp-2827,YCo5,170.478,50.237,217.85287393780507,59.28830757859175
mp-2841,ScSi2,94.18,31.99,101.5975867950322,30.387862686655396
mp-30363,BaAu2,44.664,16.757,50.03372915877756,22.122822490285728
mp-30364,BaAu5,80.248,16.568,93.60345393522856,22.342458047184767
mp-30469,TlBi2,40.558,12.03,41.58384376500623,6.023246468403164
mp-30481,CaPt5,167.886,79.033,195.1275981683696,80.85629102733765
mp-30495,SmCd2,53.428,25.46,60.384442498024825,28.291159547090324
mp-30497,TbCd2,54.807,30.672,63.91891259763782,30.9440567221283
mp-30506,CeHg2,64.176,30.596,65.36642000961885,30.11340864062327
mp-30507,CeIr5,231.621,101.532,266.12262659586,98.4094857342038
mp-30585,HoCu5,116.726,53.682,125.200156587326,48.26524831526637
mp-30620,DyRh5,180.429,75.831,208.37766531869175,78.74716480218403
mp-30725,YHg2,62.527,27.952,76.68714946505109,31.375500776845723
mp-30753,LaPd5,126.008,47.043,144.8159756356423,51.728412199156345
mp-30801,NdZn5,75.202,36.423,86.20486635649584,43.43781644177582
mp-30808,TbNi5,143.336,72.199,173.70786969187716,78.65503909586475
mp-30885,YZn5,78.306,45.395,88.98592900674474,49.41334743774227
mp-309,ThAg2,83.938,36.124,95.20538186957612,36.427729200776426
mp-374,CrB2,259.702,185.971,279.9902456120231,212.20475162945908
mp-425,GdB2,153.466,127.484,1205.551968797938,128.52475471648958
mp-450,NbB2,286.562,201.475,299.1434164073107,242.36611059796945
mp-477,SmGa2,71.852,53.193,77.37821346782842,58.395084141046226
mp-542568,EuAg5,65.098,20.975,71.14009502238427,24.32913336901632
mp-542777,CePt5,444.605,116.723,220.35852860002524,88.16274450098597
mp-567406,SmZn5,76.323,41.622,87.56321162719124,45.009604896370725
mp-567891,NdAg2,58.469,17.944,63.470053298958,24.48434644805707
mp-568006,DyFe5,118.137,70.637,223.98325895852503,70.83374012829388
mp-568258,Fe2Ge,127.241,300.763,132.00938867049564,183.4213170761483
mp-568654,PrAg2,55.102,17.113,61.77760678959918,23.666417297297414
mp-569376,FeB2,276.937,126.51,227.9144681022,107.22899208960524
mp-569927,ErZn5,80.275,46.353,91.26769183431458,49.212133980860656
mp-570454,TaN,235.627,10.217,251.18835501820513,75.02474473916624
mp-570673,ScNi5,159.381,78.332,189.06753909294335,84.31166724206633
mp-570749,YbHg2,39.227,13.664,73.78695031059601,30.662195941520228
mp-570832,SrPt5,158.423,71.316,183.63553172428135,78.3820769516099
mp-571172,In2Bi,33.986,7.887,37.53216435262337,-0.9983048578773974
mp-571292,ZnI2,7.077,38.176,14.347482223317629,-7.670984358519166
mp-571353,BaSn5,35.93,14.998,51.077399197664676,21.91119725600412
mp-579718,Th2Cu,65.07,9.32,74.70356885613873,30.651079375445395
mp-580,PuB2,120.478,143.495,240.6239934435018,113.75411487218103
mp-585,MnB2,253.476,171.71,214.68040866774467,147.17041488641502
mp-638,SrZn5,52.276,24.166,58.154517521420054,27.275983473838227
mp-668,PrGa2,69.061,52.941,74.6620757277409,55.866337070469115
mp-669,ThAl2,86.769,60.691,89.68341241677213,61.19085044914145
mp-672250,Ti3Ga,90.431,340.374,100.34992833601808,-110.98478539343608
mp-728,Li2Pd,50.698,21.97,57.03578696352637,25.408808158883385
mp-7497,ThSi2,105.59,47.811,115.82462838467002,48.37403624550488
mp-763,MgB2,147.434,114.34,155.29940162359847,119.58739716985406
mp-7701,BaSi2,51.685,11.65,56.64556483934372,31.632162789401217
mp-772,TmSi2,89.456,28.37,94.784474246421,23.730149600854368
mp-774,CaNi5,115.071,63.525,145.6863492055428,71.89285739852926
mp-7954,Nd2O3,98.225,37.433,106.79826877585607,48.20200618813399
mp-800,TmB2,175.007,164.653,189.84599991887217,176.61236184715352
mp-811,BaPt5,147.734,62.266,169.28653020775224,70.98180315422898
mp-853,ErNi5,151.736,74.924,178.38382913545047,81.18460062768831
mp-866189,CeCd2,47.338,27.939,57.58564529291252,32.16554322830068
mp-944,AlB2,190.335,144.826,198.9393776209278,90.88386092235424
mp-960,B2Mo,303.426,158.777,321.9915808675718,183.95599327171368
mp-965,TbB2,160.306,144.669,171.60711240339188,154.74456632415584
mp-973935,OsN2,207.427,115.236,250.4327454533686,136.31898107034803
mp-980,USi2,120.789,64.11,123.82853394697725,75.44931162322956
mp-981214,SrMg5,28.947,16.656,32.45825918778987,17.55936993759889
mp-985578,AlFe,90.176,5.364,243.18719780292935,716.7814659987496
mp-985579,AlFe2,147.957,50.081,155.2859479189159,59.65540193458667
mp-992,CaGa2,37.61,27.803,45.75078699120278,29.102784785034572
mp-993,DySi2,87.052,23.018,93.83950050541156,26.169466283126212
mp-999496,Na3N,27.127,13.547,31.383563952628094,17.596811660390774
mp-1025397,GeRu,171.945,78.948,236.4740043888773,105.4000922920835
mp-1025551,GaPt,167.158,51.944,201.35647986959415,67.65503021056475
mp-1078464,MnGe,142.529,76.408,151.10233817143245,107.36805715932782
mp-1078526,GaPd,141.771,9.952,159.8919821805942,62.4095785303988
mp-10904,AlPt,179.259,74.581,214.4868634380126,85.71438950201045
mp-1431,MnSi,203.381,142.935,240.50615137619363,163.83177184937475
mp-1483,SiRh,221.514,83.86,260.0031127247046,101.31237868328458
mp-1490,AlAu4,127.118,15.302,152.24543499951824,34.10012162895829
mp-189,SiRu,203.638,99.337,280.69449975243344,132.51966766589524
mp-20861,CrGe,157.411,86.842,176.85347837760045,126.51711956474306
mp-20866,GeRh,101.132,47.092,197.34533546968484,73.53793909548382
mp-21255,FeGe,156.708,82.565,201.29700751012447,109.80523994222668
mp-21328,HfSn,101.827,9.431,117.79507524310335,54.65161160597755
mp-2488,SiOs,209.102,77.908,307.9972574830818,136.0652645662801
mp-29145,H3N,8.895,3.613,77.58150233089081,53.53844997292684
mp-30365,BeAu,148.197,42.582,173.96743516161297,59.074993299284365
mp-317,SnRh,140.398,54.997,171.98191491359506,69.80195527594528
mp-569671,ZrSb,104.291,59.306,123.97058309812118,82.54995722569082
mp-7189,AlPd,149.85,67.929,173.63676765086822,75.47120005655272
mp-7576,CrSi,183.655,118.732,226.25292160941308,158.14862823746125
mp-7577,CoSi,226.984,115.85,261.76095823370974,134.40503433701116
mp-8059,SiO2,19.957,41.802,162.2191846986299,96.70676261342794
mp-871,FeSi,201.745,142.052,257.82227757217385,161.19868059071953
mp-1004526,WS,176.693,76.921,220.14422715320097,151.52203472472968
mp-1008559,BP,162.161,162.369,180.12714534920826,185.72044918736145
mp-1018040,MgSe,44.971,16.917,53.310665154667426,32.657248259908165
mp-1018059,GaSb,44.722,29.749,50.823782464662706,38.92838701840303
mp-1018100,AlSb,49.329,28.721,55.06514238512992,41.539286603216134
mp-10281,ZnS,69.067,33.634,77.06307065128442,49.405937428092706
mp-1039,MgTe,33.954,12.887,40.90103946237306,24.721613964357672
mp-1070,CdSe,44.379,15.155,50.15722027931322,29.217324040526833
mp-1106180,Re7B3,362.159,142.666,414.774502987448,175.13007672249262
mp-11714,SiC,213.331,188.708,235.9259465678144,221.08830265656613
mp-12779,CdTe,34.727,13.496,39.72559305249408,24.554169836224386
mp-13119,CdO,91.875,19.754,109.38131006226672,51.245868278887485
mp-13126,ZrN,229.371,6.272,205.84414690186543,101.16469906917492
mp-18257,Fe7C3,240.169,93.407,310.9543704456493,125.84919901346784
mp-2133,ZnO,128.167,42.921,156.0199554868674,83.65272271538336
mp-22205,InN,121.971,53.983,164.0633373894651,97.59517056305808
mp-22894,AgI,25.5,6.592,29.116881002767972,14.379848953591493
mp-24093,CuH,105.717,34.971,124.9205556896894,43.67326043222932
mp-24669,CrH,206.427,74.701,184.52386608335144,122.53861709002648
mp-2542,BeO,208.037,156.717,303.08425781647253,208.62247701664683
mp-2562,MnS,60.391,16.136,45.740502933430655,44.298191937771726
mp-2653,BN,373.485,383.44,412.15670436254953,413.9383606922078
mp-27934,CdBr2,7.509,3.7,35.072704801656094,11.02523624942746
mp-2811,MoN,332.975,196.526,391.5614794997434,231.9535457945568
mp-380,ZnSe,56.264,27.422,66.3734723433244,44.378350574280326
mp-549706,MgO,110.7,48.431,158.49040409410662,93.53405270638622
mp-560588,ZnS,69.08,34.087,78.85593844701611,52.60327808094357
mp-561258,ZnS,68.976,34.258,76.69317963034767,48.46180252362474
mp-567290,LaN,86.477,22.739,107.85448571210328,42.480969278052534
mp-567503,PbI2,1.385,2.078,21.60872262672099,10.985342472535413
mp-567505,SiC,213.059,189.705,236.03773912233828,218.7198760353714
mp-567551,SiC,213.188,187.138,236.17822516609277,218.20412365052633
mp-569346,CuI,38.568,15.146,46.424254601696106,28.35422744060073
mp-570557,NbCo3,199.865,38.258,247.81272018405392,100.230255201104
mp-570935,LiI,14.86,6.203,17.97326909487746,10.029446122735372
mp-661,AlN,194.62,122.306,249.4632420906789,191.8125656357204
mp-672,CdS,53.116,17.29,59.93169911263708,34.33473381416613
mp-7132,DySe,44.941,4.976,60.984891238529585,29.76766730785396
mp-7140,SiC,213.563,186.481,237.12356254347108,231.85506698596583
mp-7631,SiC,213.119,188.196,235.79123144409184,219.14143885203063
mp-776911,MgO,115.543,50.224,132.96446541036804,83.49180127451085
mp-7926,TaSe2,22.817,13.913,103.62755803759252,57.97541667694167
mp-804,GaN,172.144,104.855,227.52055019136577,162.86263166481922
mp-864928,BrCl,1.808,2.04,11.717472551930868,6.83952929875211
mp-866056,AcN,77.703,18.975,91.91402569616176,36.12767773802103
mp-8880,AlP,82.62,47.048,90.86763894328853,68.76905191481434
mp-8881,AlAs,67.203,39.618,74.91053404816061,57.38239015287117
mp-8882,GaP,76.25,51.856,85.11118381839948,68.32772657796572
mp-8883,GaAs,60.75,41.228,68.8808962209007,53.23081088953685
mp-8884,ZnTe,42.546,22.507,51.074726379008986,36.79477752026772
mp-966800,InP,59.233,32.374,65.1759710247613,46.24715424505548
mp-971911,ZnN,130.313,30.673,136.46293202515676,68.62151086596043
mp-972036,WN,298.554,66.458,340.2713002694927,148.89190972690113
mp-973785,PbN,76.656,3.11,89.46541778702212,28.26111040041672
mp-973933,NiN,210.715,32.427,248.6965873196059,73.79797112011066
mp-974315,RuI,41.961,6.575,103.75636912644865,51.43708568224478
mp-974474,ReBr,145.813,54.122,163.07730825345402,50.747694801051885
mp-976280,LiBr,19.461,8.428,23.934218799974264,12.90243120271575
mp-978495,SiB,125.931,467.03,140.36071821384226,81.28628527331288
mp-978534,SiGe,73.122,55.607,82.40620754709131,74.81729230539098
mp-984718,BAs,132.161,126.051,149.94989470557766,148.37131711998205
mp-984728,BC,274.047,92.848,293.41791944036447,171.17668695159267
mp-9946,ZnS,69.008,33.915,76.89269706358346,48.8233074111923
mp-999355,NbN,224.464,53.216,272.8390419022841,120.99285549191912
mp-999503,MoN,258.81,59.475,309.31808081618243,131.01293226118366
mp-999540,MnSe,51.3,13.695,50.19005808298094,33.81893481078149
mp-30784,Mg2Zn11,68.686,39.903,77.29480726824762,34.874218527842395
mp-568328,FeP4,144.455,118.841,165.55042429757015,132.30185280227548
mp-568347,NbSe2,17.043,8.66,68.30731128702567,36.069110907418434
mp-10000,Hf2S,133.807,77.674,147.53220548071926,92.32191063968958
mp-10009,GaTe,11.919,8.821,40.5977307396369,30.829964883947987
mp-1001835,LiB,70.778,45.849,83.64091886195821,49.29622887197545
mp-10026,ScTe,62.614,33.162,72.62568886781459,39.75527017277564
mp-10027,TiSe,105.341,56.829,116.249639682395,62.103322015207375
mp-10033,NbS2,26.113,13.219,112.8183802538734,58.97104073884105
mp-10052,TiAs,115.242,62.395,125.4708536665361,74.63776681311099
mp-1007761,HW,295.549,163.378,362.7083415441755,222.1614088919868
mp-1007824,GaN,50.017,22.424,58.07330055318379,34.53960137126403
mp-1007906,ErH,67.398,47.034,71.53994869909167,61.15432480102113
mp-1007992,CrH,201.908,473.571,175.81042380625894,6.316612088996287
mp-1008483,CdN,101.532,19.068,116.422965656555,20.42704169882129
mp-1008488,BiPd,89.644,25.074,103.51254888548353,39.508506109014206
mp-1008500,BaO,67.199,28.172,83.3218752792118,29.375655926060535
mp-1008524,BeSe,88.735,23.739,94.98509817548084,18.063868506177613
mp-10125,SbIr,160.755,61.559,186.35570804765695,77.43760700751554
mp-1013525,VS2,26.366,15.667,96.81150951417258,55.10222815136004
mp-1014,ZrMn2,157.977,43.71,197.46912273441123,45.638622057916336
mp-1014246,ZrB,159.802,84.523,169.65823786705187,97.44909995097868
mp-1014307,ZrC,217.405,130.486,235.37633193392375,171.9039663297298
mp-1017532,VN,323.541,215.041,361.2519484168124,261.6188708276458
mp-1017533,YN,146.084,87.281,163.82086689197354,88.28610238831384
mp-1017546,ZrN,225.65,124.34,236.77080404021763,136.4627557713786
mp-1018053,InCu,68.624,19.561,76.78900419445998,31.48625917686544
mp-1018659,CeO2,149.642,91.323,172.03565601559816,76.47292384919173
mp-10187,TeIr,144.366,28.444,164.03459932518737,30.01630146150451
mp-1018794,Mg2Ge,48.583,15.766,56.99123132892909,11.847727914447605
mp-1018809,MoS2,27.047,17.899,135.19801294960791,91.11013948540736
mp-1018850,OsC2,361.737,206.455,419.73005199790975,231.57759654234633
mp-1018851,OsN2,311.159,11.242,375.9456483850171,154.71259453996632
mp-1018948,Re2N,387.147,182.404,454.60525944967407,229.2505980081056
mp-1019054,ReC2,348.768,194.625,395.99706751983734,248.9902414113276
mp-1019272,TaN2,288.589,150.555,328.46415132491126,191.0975397400611
mp-1019317,TcB2,309.759,240.891,359.064650487017,280.69174223374864
mp-10204,MnSe,55.613,26.089,56.29492460323189,28.406750539021957
mp-1025425,Co3H,215.784,117.284,316.0379395411873,124.34502072392812
mp-10256,VTe,62.066,40.094,70.12117025441121,46.95662767525327
mp-1039075,Mg3Bi,39.454,4.819,46.82783896945953,19.240784294240974
mp-1039123,CaZn,18.586,0.454,18.86162021891931,4.58297807076495
mp-1039262,CaZn3,41.447,5.239,49.99043487267198,22.59774910637052
mp-1039292,Ca3Zn,20.668,2.458,22.589459773323767,12.103397793859449
mp-1039383,CaMg3,29.005,9.348,34.019315892504075,18.925481743387117
mp-10598,CuSn,76.069,40.891,89.43745693014085,47.61316044222416
mp-1064554,BiRh,111.998,38.731,132.05816608420074,56.446721392720264
mp-1065394,MoN,350.498,216.621,398.9220456481767,251.9303461397706
mp-10744,Si3Pt2,161.294,15.067,182.381619671699,75.63947953259307
mp-10761,FeTe,61.5,46.767,64.79521525257955,44.14153212617216
mp-1077232,WN2,353.556,226.66,424.73672176135705,284.8056546623249
mp-1078,CaCd2,39.906,23.145,45.70212346914957,20.82933178980044
mp-1078389,MoN,351.233,217.459,372.01675881154983,220.98973756467996
mp-1079348,B3Os2,338.097,195.212,399.5559012133483,204.3153729568931
mp-1090,FeSe,78.571,36.343,68.87834986339189,38.12815045665971
mp-1095443,ScFe2,34.513,13.115,199.2824189819614,63.22559015666846
mp-1095682,Fe2Mo,229.35,121.212,276.16018604919265,125.08153178406192
mp-1114,VP,169.325,108.026,188.43311594611373,129.8977958149929
mp-11209,AlAs,82.001,37.331,86.3264635511113,19.605230053320053
mp-11220,Sc2Al,70.371,45.946,72.8783576025152,49.744651197703334
mp-11232,YAl3,32.234,97.757,42.18124771715496,1.3612723501109647
mp-1124,MgZn2,63.27,43.383,69.26057871461057,32.35340603547784
mp-11251,Mg3Au,43.494,9.418,50.38397616047606,22.258622476600845
mp-11275,Be2Re,241.539,173.672,266.77839709253726,198.29511280424504
mp-11281,Be2V,158.028,137.179,171.79045777493184,131.18974061421775
mp-11282,Be2W,217.897,168.39,234.36975814757153,193.70685187349875
mp-11284,CaGa2,46.436,41.853,54.500601490052325,49.29678778380289
mp-11345,ZrP,135.334,80.903,150.0582886898943,96.41314390345974
mp-1136,Na3As,22.238,13.902,25.111227332097517,16.758935259823193
mp-1139,Co3Mo,283.145,138.782,304.1818881912981,159.2724883889868
mp-11449,HfMn2,357.683,12.124,212.16891680566135,61.8366526732449
mp-11453,HfPd3,178.957,84.487,202.05446825801363,94.2833032259035
mp-11456,HfPt3,230.018,105.973,267.3018897480392,118.04523699676152
mp-11482,MoIr3,337.003,189.314,400.2689661238812,219.44844947427544
mp-11499,YMg2,42.792,22.125,45.472974222948785,21.29514933197403
mp-11557,ScRe2,226.157,75.273,244.510661675112,85.3550004463721
mp-11820,BaNa2,8.587,5.631,9.218244046090303,5.4651310741768535
mp-1186923,Re3Rh,328.997,175.246,381.0436517413654,216.13302704402835
mp-11883,MgIr2,197.34,57.181,220.8711463724838,81.85299899311602
mp-1190697,ScFe2,128.842,64.99,188.43209502321943,65.13802321172362
mp-12070,CuAs,106.034,24.932,119.63818460387547,40.768637316862375
mp-12109,ZrRe2,252.922,75.042,266.5671640101269,76.32116319041627
mp-12120,FeN,293.289,175.639,255.2592015806827,158.5425401442435
mp-1214,VS,129.858,71.568,88.51655716811281,69.65728149946251
mp-1250,Lu2In,58.376,31.582,63.873720515406326,37.217835924945526
mp-12553,PrAl3,65.851,44.296,77.79897572132106,54.75972549603404
mp-12600,Pr2Tl,44.062,16.519,50.132301121899765,19.239968560729032
mp-12657,HfAl2,119.513,89.118,127.33911127828354,98.35053490150187
mp-12659,Mn2Nb,223.474,77.447,250.43935213408415,66.30439873467166
mp-1274,CoS,165.111,50.421,157.3528012834331,56.294138804700346
mp-12748,ThMn2,92.241,65.624,95.3349812378894,28.983940645702535
mp-13051,Sr2Si,30.437,17.973,35.21175054776272,27.03870626323955
mp-1306,ThAl3,85.595,43.904,95.66232002212712,69.887534953983
mp-13138,Cu3Sn,106.478,47.503,125.8535448466214,47.724326271749
mp-13173,PtN,176.104,1.966,284.0465241971494,108.13141615609864
mp-13178,AlN,204.816,122.484,257.76129138269397,195.43179864651316
mp-1319,ZrTe,88.453,48.267,106.76145736087872,51.62995521594963
mp-13364,CaZn2,46.953,29.598,50.022049237449494,25.458836792646164
mp-13365,SrZn2,36.313,20.102,40.104298517283,17.970687239559993
mp-13503,ScZn2,81.128,49.625,87.2320637902125,51.13343346054279
mp-13548,Cs2Pt,12.618,4.817,14.5853704731129,7.485389901822791
mp-13854,B3Ru2,300.208,172.829,357.74374345688665,184.5445340231007
mp-14018,K3As,12.83,5.999,14.247794524034076,8.463568055841208
mp-1409,TiNi3,189.888,96.324,222.89368494904735,109.85429883237532
mp-1524551,Zn3N2,132.434,56.294,149.08600778206645,74.68356377317758
mp-15668,NaSe,21.931,11.917,31.173155535538424,16.72011633658353
mp-15679,CoAs,161.139,76.351,181.58498384255057,90.35192658195602
mp-15799,NbN,298.99,138.373,341.98337198350316,166.82809694505116
mp-1589,TiCr2,199.407,71.552,221.49698134731335,85.34012219347146
mp-1594,Ni2Ge,173.653,44.062,209.58015235775,65.47524494965853
mp-1598,Na3P,24.781,14.892,28.41252262132006,18.78820192733103
mp-1634,MoSe2,18.747,12.625,109.9349174709712,73.84529880998626
mp-1641,CrSb,73.845,48.058,134.74370928271986,62.08672888841584
mp-16513,NdAl3,66.853,39.767,78.96587239057459,55.67106076436773
mp-1659,ThRe2,194.385,131.709,206.57559018579371,15.692231547108188
mp-1667,Co2Ge,208.679,54.043,229.82211839214463,77.3385801062017
mp-1677,Be2Mo,197.598,148.915,217.5488500736583,173.67041812678778
mp-16775,CdCu2,100.935,30.995,126.30952631275656,42.8720605473635
mp-1682,ZrAs,117.987,65.248,131.2896243156811,76.62219141084006
mp-1689,HfRe2,262.427,79.393,280.44843914581134,84.70059858941472
mp-1704,Tb2Tl,52.499,22.879,59.99764035996869,27.912813223458564
mp-1769,SbPd,104.823,29.332,118.0977993549832,46.37843069985239
mp-1773,ReB2,337.733,276.94,382.22941901693497,305.2794031096305
mp-1775,SnAu,72.865,20.977,88.55374934709158,31.092500928680803
mp-1791,Al5Rh2,131.181,77.568,152.26493147860222,83.57372192736507
mp-1821,WSe2,23.208,17.056,124.72437017743349,82.48796667625619
mp-1822,TiAs,118.615,71.121,131.5957811109348,76.5118155753116
mp-1823,Ti3Al,113.96,60.543,125.67169013367858,74.14608710151947
mp-1935,BaMg2,21.701,13.481,24.00642439908597,11.93946638795681
mp-1943,GaSe,15.789,8.947,52.5950741203379,37.95364127231911
mp-1949,TiMn2,181.973,54.384,224.0342983484843,66.75275803300153
mp-196,Al5Co2,124.129,83.776,144.63139754670075,93.81499913264042
mp-19816,Sm2In,48.746,20.676,55.695660561188426,26.564941223400503
mp-1984,TaS2,31.338,16.914,120.98255829729176,66.93774909216279
mp-19856,SnPt,127.368,44.847,146.24001349528686,60.08430903843168
mp-20033,SnIr,154.138,58.196,177.6111907485513,82.50659490521889
mp-20112,Ni3Sn,161.837,67.389,196.29581065623256,76.36255911496097
mp-203,NiTe,114.446,31.57,112.35795948141929,36.14222613223808
mp-2039,ScMn2,173.191,39.923,124.9571641135266,35.77951597205709
mp-20432,Fe2Ge,141.838,26.348,384.733749962812,18.5749991689456
mp-20473,Mn2Ge,137.679,39.98,222.52052251251885,72.54651477192039
mp-20485,InSe,10.288,8.123,42.896502602865745,28.332254693702616
mp-20512,FeSn,90.749,107.873,94.14234335798298,46.25088470399797
mp-20686,Ho2In,55.238,26.456,62.46929862514302,33.58160227160067
mp-20760,La2In,39.889,15.239,45.94996466106783,19.79983300147908
mp-20868,Fe2W,259.462,135.348,310.9971077054119,147.68793255343212
mp-20883,Fe3Sn,116.858,48.902,290.5974258099552,62.08217843821919
mp-21030,Ti3Sn,116.002,27.179,127.66411935117002,63.95908959462511
mp-21078,Fe3Ge,166.23,69.592,295.91641720086204,52.39052169610852
mp-21092,InNi2,169.516,42.474,166.34786504091994,47.72766854662265
mp-21294,Y2In,53.665,27.105,58.228360055447375,32.42057814304549
mp-2157,Co3W,398.598,146.476,324.9707424942718,169.35806110028506
mp-2178,YbGa2,52.351,49.262,89.57907274192681,51.64750309401244
mp-2187,TiSb,90.133,45.424,98.24897767708694,57.145190255329126
mp-2189,CrSe,47.608,28.803,58.701314308542536,31.865768153777772
mp-2192,BPt,259.986,51.85,294.35634568456334,69.3395522069497
mp-2207,NbSe2,21.189,14.307,97.26043669395932,51.16811995287031
mp-2214,TmMg2,44.234,24.287,47.9924486381303,22.67450236459724
mp-2215,ThHg2,77.59,33.498,91.8922523778818,41.86212337535994
mp-2225,Be2Fe,154.342,145.09,189.6745787785589,167.86181003623088
mp-22389,Mn3Sn,93.71,57.01,149.17540687741038,68.59051963445837
mp-224,WS2,28.304,20.652,146.81870821140765,98.26866808303232
mp-22514,Mn2Sn,94.115,44.452,250.7566288381213,66.57062804425317
mp-22868,BiRh,102.002,29.791,115.36806660984992,29.961444124292605
mp-22878,MnBi,44.541,10.07,76.86795609582697,22.15646475425962
mp-2294,Al3Ir,150.642,34.51,159.43853464361052,58.82954094550047
mp-23176,SbCl5,1.258,0.313,32.82803627500057,17.33452764893536
mp-23227,CuBr,23.429,9.765,31.58273622606431,16.43672190606119
mp-2341,Li3N,65.179,44.749,74.80397819786351,72.51478801005554
mp-2346983,ZnO,47.923,11.264,57.16868640717744,29.326034934948517
mp-2347,NiAs,116.72,18.447,143.6349201642462,45.96437767111507
mp-2362521,Li9Ge4,33.833,29.535,39.29758527356676,32.91032954744257
mp-23759,SrH2,39.071,24.69,44.80547678708077,37.05227944133921
mp-2400,NaS,24.869,14.479,36.51071858342961,20.560909446274717
mp-2406,Mg5Pd2,62.662,43.682,69.27566859535443,34.51034242390217
mp-2416214,TbSe,60.482,10.16,68.998319535785,20.971256484900167
mp-2432,CaMg2,30.093,22.012,32.164771866418306,15.292347011923807
mp-24417,MoH,210.772,124.662,204.5451114287616,8.830167249346754
mp-2454,TiFe2,163.482,77.415,234.00236540340515,80.23518320642677
mp-2507,GaS,18.273,12.041,62.518055799746975,44.61579414771996
mp-2517816,TePb,37.434,19.608,39.27005160795109,23.138939453574455
mp-2557,Zr2Al,103.887,54.176,112.32110081780874,60.78770635653042
mp-2572,SrMg2,25.64,16.339,27.502115989142265,11.8250598233569
mp-2619,FeSb,110.972,60.628,109.49223057429526,74.03326929337513
mp-2644,CoSb,148.223,69.404,151.26671904336877,84.02910208778674
mp-2701,NbN,314.396,195.263,356.0777220835674,179.46171418346253
mp-2772,ZrAl2,113.59,89.522,122.66032014710078,100.04195985023895
mp-27838,Na3Bi,17.175,10.693,19.99696520978237,11.746802436533429
mp-2815,MoS2,25.575,18.973,133.07409467232438,89.89310154273363
mp-2816,Nd2Tl,45.139,17.053,51.61441851435882,20.58805190595987
mp-2845,SbPt,121.63,33.728,137.53143953640696,39.71226084984905
mp-29131,VSe,80.907,46.598,88.1233645012324,65.31700444951804
mp-29663,Si3Ir,144.525,11.431,167.822472270548,42.10123728847846
mp-30428,BaCu,20.544,8.614,26.490981315250767,13.426482046193597
mp-30434,BaTl2,25.239,17.206,29.567512550214065,21.147668362825556
mp-30438,Be2Cr,182.568,162.402,190.8917872004742,189.1104119990371
mp-30490,Mg3Cd,39.972,19.676,45.84169561887223,20.139545473579183
mp-30494,ScCd3,61.151,29.259,72.17639723378319,32.12739012192474
mp-30498,TbCd3,56.173,21.64,65.64930967732515,26.766601057559296
mp-30625,Dy2Tl,53.54,22.798,60.82279216416653,28.84529364642085
mp-30651,MgGa2,49.454,17.471,55.94898146447015,23.929712487405048
mp-30671,Ti2Ga,120.013,64.019,130.29388010050369,77.25151938739727
mp-30672,Ti3Ga,118.806,55.181,128.0048998100638,69.74586683246079
mp-30722,ScHg3,63.522,22.049,77.5711653999635,23.528884222211
mp-30726,YHg3,59.331,21.426,75.14814437255868,23.751132313219426
mp-30739,Mg3Ir,76.899,27.796,87.03347888630192,38.22022411188069
mp-30745,Ir3W,350.814,194.892,419.3236073553629,228.78263348688208
mp-30778,Mg5Rh2,112.559,68.756,79.25874029418839,40.93878686652272
mp-30787,MoRh3,268.478,132.343,319.35299276720855,159.5728807515056
mp-30798,NbZn2,140.627,82.962,158.84014987515184,88.96287469829565
mp-30842,ZrPd3,170.268,80.861,193.5427378948278,89.57612732413851
mp-30846,Sn3Pt2,102.187,30.087,117.6382666174181,50.543574515882234
mp-30866,Rh3W,282.841,137.344,337.1978206394081,169.28082625131785
mp-30875,Ti2Sn,114.555,61.103,126.07907856687522,66.74438247739549
mp-30877,SrTl2,26.768,16.996,30.69026367702394,21.251184037924975
mp-30882,TiZn2,105.49,65.278,127.1235984550582,76.56412738263349
mp-31498,BaPt,49.609,19.133,55.81661978045432,19.802172611799307
mp-319,Sm2Tl,48.346,18.805,54.480856912575675,23.05098322694178
mp-33031,VS,163.713,123.406,164.29910111161558,140.64469675368363
mp-404,MnTe,46.771,23.548,48.493566022582016,26.44103641894375
mp-40793,Si3N4,225.484,208.455,276.41662302051367,217.17216460402693
mp-426,CoSe,132.749,42.069,115.05810755998762,51.28871586091556
mp-485,ZrNi3,173.5,68.767,206.53984896348248,89.60202291250697
mp-488,CuSe,64.721,18.079,78.7202797225682,34.539701176813196
mp-500,TaSe2,23.348,15.826,102.07706050569384,57.075597430653225
mp-501,TaSe2,24.691,16.179,106.5126929611649,59.46277253212678
mp-504,CuS,79.551,27.234,98.0118648250136,45.113524935449
mp-507,SiNi2,202.978,59.025,237.3443830596528,86.48124218045251
mp-510198,IrPb,125.941,49.325,142.78720454728006,59.9181313233716
mp-523,CrS,62.481,47.301,63.22900947968262,57.018837278727254
mp-545512,CaO,86.059,34.214,106.74126216516386,58.112628285110475
mp-554462,TiS,137.908,93.631,154.50251886060394,115.24858161118688
mp-556742,GaS,20.025,12.982,62.3686857488074,44.38203543043191
mp-557142,Li2S,38.36,24.251,44.21434364982008,33.63260478320957
mp-557523,VS2,9.594,7.863,59.83204863436292,33.37293034868743
mp-564,TePd,97.958,19.279,109.55320075867968,20.73174963901173
mp-567164,BRh,276.584,107.112,325.0905610735534,111.98225100489871
mp-567305,CeAl3,65.0,44.645,80.53284547041027,61.63579311991759
mp-567590,LuOs2,218.705,75.807,245.1560924638445,71.03764175139143
mp-567612,ScOs2,237.275,69.065,263.30548830698865,79.91421699369022
mp-567750,ScRu2,188.959,52.506,212.19427889369828,59.77744618429482
mp-567832,TiTe,85.973,55.643,97.76431329033412,65.76748882250072
mp-567925,MoC,332.992,143.971,370.9542228194196,210.3074408832982
mp-568077,TaFe2,424.186,114.384,266.89319278946203,103.57679221146148
mp-568186,YRu2,167.183,48.099,181.69522426077555,43.656793422803375
mp-568273,LiI,20.169,10.762,25.87090828961365,13.518172152726564
mp-568337,ThRh2,145.788,30.894,169.92940434446453,37.82200517911704
mp-568382,MnBi,56.091,31.575,71.7778528040868,35.0081772591282
mp-568565,CrAs,97.069,68.271,112.48335808757288,72.47989957673416
mp-568630,LuRu2,178.59,48.129,195.49684494136557,52.19354765151536
mp-568636,TiCr2,198.395,72.282,220.55872750630184,89.12713758791736
mp-568789,TiSe,112.457,75.306,128.91883367264188,93.09773301463298
mp-568901,NbFe2,305.721,108.524,251.34554473502212,88.11942717572909
mp-568908,TiAs,112.073,34.946,123.36050808221248,40.84026528035963
mp-569170,CaTe,36.971,23.429,40.68687571674714,26.646792607503663
mp-569220,ErRu2,173.521,48.395,189.8940159171488,46.1455483331595
mp-569265,Mg3Pt,69.824,27.622,79.24458560762103,36.17252589117013
mp-569402,VP,153.93,43.728,168.23251143194832,50.8531984190499
mp-569446,NiPb,92.14,40.519,98.27912265338882,43.09806686445949
mp-569544,ZrTe,93.82,57.902,109.22191592331,69.55453902843485
mp-569624,HfCr2,186.81,65.612,208.1937074114666,84.56316280905305
mp-569668,VSe,58.365,37.974,66.10254877777547,54.39266495356912
mp-569803,B2W,320.671,209.293,356.8847302263908,260.98117002790906
mp-570050,Yb2Sn,35.377,26.28,68.39541604175021,35.58742378044261
mp-570430,TaCo2,255.669,93.792,268.2528058413801,125.04154095588666
mp-570466,Li2Ca,16.063,11.708,16.262418976795374,8.97891026330793
mp-570604,TaN,327.425,185.363,355.1487133977298,231.31028747872665
mp-570670,YOs2,212.391,51.03,226.7995299775206,62.43541402369274
mp-570684,ZrOs2,264.389,91.366,288.7536525626765,93.88182487532728
mp-570786,KNa2,5.733,1.421,6.457152793705892,2.992805329198666
mp-570904,GaNi2,167.858,56.355,199.39336741693353,66.61569748051171
mp-570923,YRe2,203.067,55.616,211.2353344248228,65.5127071987156
mp-570960,HfOs2,274.968,88.088,299.5820967974192,97.41592617019174
mp-570963,TaCr2,239.813,85.342,254.41206681247712,84.97224297379442
mp-582360,TaPd3,201.293,34.185,237.4679614869864,88.48746595852965
mp-583266,MgZn,54.259,16.418,57.50119909415095,25.509123523534164
mp-590,NiAs,117.218,43.793,148.698524799951,63.90657652008774
mp-594,NiS,134.158,15.89,148.10806830423977,24.69835661486861
mp-602,Te2Mo,16.944,14.025,88.97255733896735,56.92268956224125
mp-610,MnAs,61.789,55.488,103.98998109605152,66.39078518961202
mp-629015,BN,99.716,70.992,108.8963971436058,78.99810797547389
mp-647,NbS,178.15,100.771,199.78496539664536,131.17460774133707
mp-662,NiSe,118.982,24.256,130.99377077240032,30.43509528414999
mp-6912,Mn2Sb,62.221,25.283,195.80032565177055,42.36570944861554
mp-696572,TiP,104.788,28.707,121.97901309795634,63.882532286971795
mp-7087,SiO2,146.02,54.984,158.01215999574566,98.11946264507245
mp-731,Mg3Hg,42.628,17.515,51.7669340796019,23.03540815416139
mp-736,Li3P,39.519,34.45,43.027588905364134,39.603792060260325
mp-739,TiP,139.085,90.022,154.73021949428025,100.9720235396003
mp-754333,TiO,231.655,156.899,243.815802268695,125.38656529263866
mp-757,Li3As,34.809,30.48,37.83769656766698,34.03953533757071
mp-774873,NbS2,22.146,10.683,104.95708522804706,55.14715104233264
mp-7821,VSb,91.597,45.452,91.05352418524336,57.70000820935647
mp-786,MnSb,56.824,41.61,62.704708367512,48.36221369414763
mp-788,CoTe,113.699,50.317,111.99446070357408,54.75228182346519
mp-7897,K3P,13.975,6.039,15.731516730364383,8.998914307735696
mp-7898,Rb3As,10.489,3.5700000000000003,12.374652523492584,6.506598356457588
mp-794,CrTe,43.579,23.178,60.27193304744604,28.97562351870736
mp-7955,Li3Sb,28.627,24.195,31.3459626628781,26.06744874237143
mp-7956,Na3Sb,19.462,12.543,22.20508636841253,13.715772106000944
mp-7991,BN,97.905,68.078,106.28547971522109,75.83751804953064
mp-8033,PuF3,118.532,34.579,151.97781536007744,44.701517426744715
mp-810,NiSb,108.123,50.253,125.44340119533084,64.31023586349116
mp-8354,LaF3,109.184,26.885,128.01378790575274,46.34164685602521
mp-841,Li2O2,72.65,50.633,98.64869177890893,64.31822362381908
mp-861610,Tc3Pd,252.716,144.737,327.75054112461976,180.66089136530485
mp-861630,Tc3Ru,303.39,161.012,338.0172399855317,179.6874623705139
mp-861867,AcI3,2.551,1.677,16.77385636357497,8.570208289917982
mp-861889,Sc3Tc,89.781,30.851,97.53293706662797,34.84536853154141
mp-861943,BPt3,179.835,62.621,220.1614662938417,66.58086716747458
mp-862259,Sc3Al,66.919,42.694,72.2825172256289,50.94284153217573
mp-862260,ScZn3,79.006,29.499,85.93787074242361,45.66519703624957
mp-862289,AcHg3,46.985,12.999,53.58402500024834,13.058511292576764
mp-862586,Re3Pd,297.088,173.524,385.2169127183637,211.2348914761525
mp-862589,Re3Pt,325.952,204.28,403.1230952885014,238.41226268714985
mp-862604,Re3Ni,317.142,179.065,397.11621528389753,198.3392092511508
mp-862617,AcAl3,58.815,34.916,67.15395269010222,47.61254691761668
mp-862620,IrRu3,321.281,185.926,383.0409884856251,206.34720876310868
mp-862655,Ru3W,308.427,168.416,344.3900058701588,179.3320835090311
mp-862679,TaZn2,151.886,90.589,173.2964504032508,98.18739535495556
mp-862732,PmZn3,64.957,15.758,74.70628618145021,35.20159422211899
mp-862756,PrGa3,66.478,44.283,75.27407864548587,41.76962012554328
mp-862769,RbGe3,19.114,12.139,39.7524257693009,19.668836955895724
mp-862779,Tc3Os,325.151,174.876,362.9898527757589,203.6289291632783
mp-862800,PrI3,2.5460000000000003,1.806,18.32697414152576,9.508366208717746
mp-862844,PaAl3,95.953,49.122,106.91517744186665,76.1315235007543
mp-862847,PaB3,202.995,148.952,229.35135790529912,160.5870302601649
mp-862854,PaPd3,159.305,52.044,192.76704211356417,58.929780345944515
mp-862865,PaZn3,90.652,6.371,100.0872747984778,50.36929698699929
mp-862980,PmAl3,68.914,41.964,80.4282126483627,56.24895513433849
mp-862983,InCl3,5.376,3.058,30.77788886178507,6.278676921163614
mp-862984,PmB3,144.75,110.498,176.02697632885986,125.47607476174444
mp-862986,PmBr3,3.842,1.747,24.109683579130948,11.953769565336197
mp-863026,SmCl3,4.313,2.666,28.996487398377266,14.282286374096218
mp-863028,SmI3,2.8,1.882,18.88195663755709,9.912021818374376
mp-863029,ErCl3,4.864,2.495,29.363957799146732,14.903844419424432
mp-863264,TbI3,3.138,2.63,19.32870614755353,10.176263619890936
mp-863677,PmCu3,78.335,25.855,93.40931390053028,34.44505667404936
mp-863695,PmI3,2.9,1.732,18.343208924015315,9.540215953671789
mp-864617,NdI3,2.955,1.905,18.57526925462538,9.70337815027405
mp-864657,HoI3,2.881,1.97,19.50421068444182,10.220527784833324
mp-864733,MoI3,3.156,1.928,21.288323483360827,13.859316823079409
mp-864735,Mn3Ir,242.395,155.689,259.4771526721459,188.90922437238828
mp-864889,ZrZn3,101.369,41.219,110.2564266253532,60.80160029115382
mp-864901,LaAu3,77.617,20.513,94.94233702900962,28.55484687246975
mp-864915,HfBr3,5.026,2.429,33.27644126543718,18.51389792501074
mp-864931,MgCo2,111.473,52.91,145.13019517925582,61.18744236921085
mp-864934,MgAg3,76.915,19.291,90.97907668707018,32.22550083066167
mp-864935,MgAu3,109.614,21.208,131.38199863034674,34.45593173097301
mp-864937,Mg3Sc,43.21,24.542,49.31246909209205,27.563349034318488
mp-864938,Mg3Tl,34.56,13.139,41.35371358123183,14.498105345812636
mp-864952,Mg3Ag,47.879,33.169,51.90867322408032,28.771396570773906
mp-864982,DyBr3,3.535,2.081,25.230340545644285,12.65998506648852
mp-864995,DyAl3,71.682,39.137,84.12611747168913,58.59601903182025
mp-865022,MnIr3,287.886,136.361,364.2364638417211,177.31118875516592
mp-865171,YbHg3,38.477,14.403,76.23534874351292,21.031536235318853
mp-865193,Co3Pt,211.803,94.266,208.39092387109443,111.84941819709536
mp-865301,TmBr3,3.109,2.236,24.515776984532792,12.51150392391368
mp-865324,LuCl3,3.289,2.7,31.696530971199195,16.02463819558394
mp-865353,TmI3,2.736,1.961,19.808374597856865,10.192357952047963
mp-865400,ThPt3,174.749,44.381,205.09065026631603,57.632994844470794
mp-865428,UP3,104.325,79.737,143.13123051917506,75.86818598156775
mp-865450,ThGa3,85.675,43.146,99.17759136518195,61.53524467642387
mp-865473,VBr3,3.46,3.386,29.496196176643476,13.551042908952711
mp-865493,VI3,6.8469999999999995,2.292,23.476401427424378,10.304357242625809
mp-865496,VIr3,321.065,186.516,383.7562993177248,221.40470677980585
mp-865521,LuI3,2.849,2.379,20.11041451992366,10.119032432936532
mp-865527,YAl3,70.402,38.964,81.92313933998744,57.57349387801323
mp-865733,CoTc3,287.788,154.37,346.60957897909634,169.56628104756973
mp-865798,GaCu3,124.561,45.438,147.918825492506,53.36512549443498
mp-865960,CoRe3,352.906,163.317,385.531973440915,197.253253794065
mp-866003,ErI3,3.096,1.721,19.233652058609437,10.015971308538347
mp-866108,HfZn3,106.771,15.766,115.6283829814583,61.24830590371757
mp-866161,VRh3,251.039,128.846,295.59114491122807,147.1846309688692
mp-866214,LuBr3,3.474,2.266,25.673181791530165,12.789971611065264
mp-866222,AcSi3,64.505,52.263,86.789088822314,55.81648956640545
mp-867141,ReOs3,395.382,248.808,456.17374167473895,282.56882125040266
mp-867143,SmGa3,69.324,41.914,77.69174759308399,41.08308322028157
mp-867212,TcOs3,377.014,239.966,439.3050066603575,264.65253034699094
mp-867229,RbSn3,12.419,8.094,30.662292802968476,15.640848404891246
mp-867246,TbGa3,71.201,44.485,79.64286745935105,39.953172848423506
mp-867264,Re3Os,374.539,203.733,406.3534032201375,250.6719598547291
mp-867281,Tc3Pt,286.08,178.077,353.29117807245194,206.77156408666823
mp-867288,TbHg3,59.883,21.49,75.73871093261367,22.997692432221243
mp-867317,Cu3Si,144.315,60.128,170.84009676723522,66.01524217406912
mp-867345,TcIr3,341.997,157.989,399.32355845745514,195.3927537408932
mp-867356,TcRu3,308.589,192.283,365.7576499441845,204.19386833114285
mp-867357,Tc3Ni,286.678,150.925,347.8303397423077,173.39401108496665
mp-867792,ReIr3,358.896,159.736,428.11179145835064,202.76097755238453
mp-867800,AcSe3,55.602,18.189,68.11974548772524,16.036179799375308
mp-867815,AcGa3,58.767,37.601,68.17284924995825,39.363535313285595
mp-867838,AcAu3,74.927,22.77,88.364538603682,28.30628573253717
mp-867870,SmAl3,68.731,43.821,80.51814577189943,56.58341406490439
mp-867879,SmHg3,57.544,21.074,69.03198986999894,21.446916131899552
mp-877,Er2In,55.971,27.494,63.04681613434862,34.7690139532996
mp-900,RhSe,138.031,26.75,155.466385960314,34.43423789482996
mp-956096,HfFe2,170.582,76.603,218.67866985429163,80.17163696427866
mp-959,LaAl3,61.963,41.255,74.03225330378784,52.89354723408979
mp-971909,ZnPd3,149.877,0.619,175.30854140310456,49.734400744291285
mp-971920,TmMg3,40.818,20.14,46.66143546742944,24.447598584004787
mp-972042,Zn3Cu,92.401,63.909,113.64166180086303,49.87728552330171
mp-972099,YbMg3,28.79,11.895,50.526319919969104,28.742353242706848
mp-972220,TiPt3,233.898,90.295,275.5347158880607,110.80628970200578
mp-972257,LaTb3,34.964,19.382,38.46618154312225,22.610497296498533
mp-972310,Tb3Si,58.091,20.696,64.4625124433798,31.47851908830222
mp-972494,SmMg3,38.754,17.395,44.11718864626493,22.92576279362544
mp-972549,SmLu3,43.336,28.525,47.72079395033989,30.963572673705578
mp-972794,SiSb3,90.641,11.961,61.51886939869548,14.704309767240996
mp-972876,Sc3Cd,59.118,34.349,66.16153651702218,37.70442991298719
mp-972895,ScAu3,116.515,29.776,135.92870339972214,34.83544740382711
mp-972941,NaBi3,32.912,11.214,45.31657447150428,4.528863802967779
mp-973166,NaCd3,27.528,10.71,34.89784639735279,13.911330481348436
mp-973266,Lu3Al,53.348,33.866,62.879280933602274,41.85253742625615
mp-973300,Lu3Ga,53.035,27.112,62.18080754981626,37.746099694173154
mp-973316,NaLi3,11.571,5.99,11.769251614030788,6.22695030971102
mp-973352,NaCo3,29.646,168.403,94.81069809459694,36.74032002314224
mp-973415,LiLa3,23.83,8.867,25.014942153979856,9.041106863358005
mp-973465,Ho3In,49.414,27.113,56.71699413646492,31.48349715762872
mp-973684,LuMg3,41.172,18.141,47.28162107473433,24.40688383308887
mp-973689,Ho3Lu,44.373,30.304,46.36879631070906,30.660576154137395
mp-973983,NiPd3,174.379,20.43,204.18786951517657,57.89862706575304
mp-974322,Ho3Mg,41.03,25.844,45.69943149644202,25.686025841582357
mp-974325,NdDy3,38.234,22.519,40.929313621688266,25.06682438396724
mp-974326,OsRu3,331.196,215.629,395.04346976895533,220.18664319402689
mp-974341,RuRh3,267.514,110.675,311.5461301484533,135.77705355202693
mp-974411,Re3Tc,348.896,170.331,375.9051412693271,207.0021590467585
mp-974437,Re2C,400.846,269.296,447.55498767094787,262.3051031309289
mp-974464,ReH3,162.958,27.22,236.78718392959345,62.04326631694595
mp-974625,Re3Ru,350.663,184.629,385.9276513068386,222.6325410948662
mp-975321,LiSi3,40.544,1.582,79.32494542395933,20.243635155538545
mp-975651,PrTm3,40.703,24.774,44.215005289410534,27.78953951790413
mp-975658,PrHo3,39.752,23.682,41.351941013774585,25.45168008968926
mp-975834,MoRu3,295.76,165.564,334.07979456737246,175.19464124381673
mp-976356,NdSc3,44.174,24.132,50.19892652535966,28.518613060502663
mp-976751,Nd3Zr,41.816,20.853,48.3389358338764,27.257298985353877
mp-976806,NiAu3,131.736,26.657,174.7239870591058,35.067435115777215
mp-976838,Ni3Au,173.553,46.299,227.3953461267666,74.22413807072311
mp-976893,Ni3Sb,161.359,56.636,201.10059671576897,66.82803662033761
mp-977126,Li3Ag,26.62,7.681,27.72025980811781,12.724367416324569
mp-977207,Li2Mg,20.429,3.332,23.029164999768007,12.766009238038826
mp-977375,HoBr3,3.636,2.449,25.72336724181116,12.905007256666044
mp-978088,PrLu3,41.583,26.103,46.78992954417144,29.38473088909396
mp-978264,MgW3,151.681,34.379,243.7947674016667,69.92891504819949
mp-978270,MgZr3,80.271,37.943,90.44231013053052,48.9272209435465
mp-978525,Si3Mo,122.507,22.707,167.22719025639088,197.598949743974
mp-979013,SmGe3,65.983,17.126,79.64513721745114,26.098361098473163
mp-979026,SmTm3,41.991,26.898,44.90940016972819,29.689284997110946
mp-979234,Sm3Y,35.996,20.299,38.96114852017606,27.79658949849112
mp-979263,ThMg3,46.981,20.296,51.880432915948575,29.377155939855975
mp-979293,Sm3I,32.87,4.8629999999999995,39.48752165856713,8.841468448466115
mp-979339,Sm3Cd,41.081,20.619,49.10295395807241,22.76440671426439
mp-979465,SmCd3,54.374,20.865,62.0751242312495,25.56491822064439
mp-979614,Sm3Er,36.589,20.829,39.60951448768653,27.8405859521733
mp-979899,Sm3Ho,36.414,20.498,39.45698564773532,28.36334240555757
mp-979923,SmMn3,72.777,29.185,84.80114322809503,34.30540129845044
mp-979933,Tm3Si,59.796,24.042,67.88437238369185,36.80191107509664
mp-980200,Zn3Rh,125.139,36.556,153.67290813094183,54.03808577381768
mp-980429,Sm3Hg,44.884,17.74,52.40937077941511,22.071096078241847
mp-981375,HfMg3,55.161,32.213,61.819483532317136,37.635078429561275
mp-982557,HoGa3,69.96,41.108,79.8770622318022,38.85246638088453
mp-982981,Na3Rh,20.449,9.445,26.697148708994895,11.178492327440969
mp-983509,Na3Cd,11.971,6.122,13.236481371407748,6.2610401656222185
mp-983567,CaAc3,22.937,13.541,25.101704609744328,12.65694808837826
mp-983607,V3Cd,119.789,37.671,145.93898800275173,26.915226895829832
mp-984,BN,102.457,73.485,111.66753167920028,81.26183810059173
mp-984351,CuAg3,96.627,20.565,115.92624270009917,34.378943534096436
mp-984699,BaSr3,10.675,5.229,10.615405840253446,7.867394362933449
mp-984744,Ca3Tl,23.597,8.383,25.64772679026901,16.46550283285983
mp-984754,PmHo3,40.295,24.832,43.32076775044841,28.051507725731135
mp-984873,Al3Fe,119.201,55.328,120.65644258517293,62.77581574831191
mp-985287,AgAu3,121.49,15.796,144.32692285265293,25.339938604791133
mp-985302,Ac3Pr,25.621,14.427,23.562215167375136,23.448058227659107
mp-985303,Ac3Th,32.211,18.276,31.44111304222334,27.27269664998416
mp-985554,Ac3Nd,26.403,14.982,24.010173949541173,22.909876497053048
mp-9953,HfP,147.126,83.603,163.12540183743369,103.48274035109996
mp-9954,HfAs,127.118,65.141,140.21504581399637,80.70869601539498
mp-997630,ZnO,165.478,44.222,183.62143694342305,63.115395341143305
mp-999117,TcN,343.828,144.403,399.7037975099823,196.37844543645775
mp-999118,TcB,288.337,42.622,340.56317145094226,85.75356838407706
mp-999120,TcB,301.077,189.179,334.6055254475722,226.65315533709452
mp-999197,AgN,146.384,2.583,177.4748922614354,23.28715971630375
mp-999263,RhN,273.586,88.779,321.2705494433641,70.10940063682084
mp-999266,ReN,392.349,212.91,443.9407641003529,213.56746659786205
mp-999308,OsC,374.861,95.289,428.1215769042976,151.8762069439165
mp-999318,NiBi,88.03,36.741,104.21106091001325,49.78494280676338
mp-999357,NbN,304.91,165.167,338.2415263486787,218.58441581505352
mp-999377,NbC,273.377,151.933,288.1905311648561,159.0199640686913
mp-999388,NbC,236.476,97.351,270.724637201713,137.4339130651863
mp-999516,MnP,105.134,80.838,145.01979101600557,112.30923751298864
mp-2856,Mn4Al11,123.19,86.605,138.27392161059936,105.2378540865858
mp-2929431,HI3,1.785,1.164,43.48208882889987,5.683575619691927
mp-487,MnP4,137.01,114.123,163.7733725232195,128.73845995503365
mp-530274,Al23B50,184.943,107.776,215.63698691934215,134.50532272089868
mp-562100,NbS3,16.691,12.414,111.79830193119852,64.35249493891143
mp-568245,NbBr5,2.605,0.798,39.036951409363624,19.17128884197241
mp-569522,MnP4,137.141,115.49,165.97624981798825,132.10619895349217
mp-572758,ReS2,11.027,18.793,143.51828893926427,83.4076451624061
mp-642822,CaC2,58.929,20.203,81.9247186607559,48.66637195555908
mp-849060,VS2,12.703,11.615,59.98476338278966,31.20477660779603
mp-9481,TcS2,26.399,18.646,130.9015345792954,76.00237706081114
mp-1068,CuS2,53.369,32.823,101.91597108866164,42.92436660170931
mp-10844,Te2Ir,111.463,53.591,135.61345680408078,69.80112335482038
mp-1356,Sb2Pd,87.651,29.488,99.70558539101124,47.98179515719983
mp-15619,GaAs,57.058,40.993,70.20553957358405,53.18122898980427
mp-15621,AlSb,48.47,29.724,59.780953706144416,42.037531735857634
mp-1746,MgF2,104.298,56.418,118.019481652762,64.40091066213932
mp-1848,Te2Ru,110.797,76.97,133.82784482178536,94.38662270777084
mp-1922,RuSe2,137.146,92.704,165.66207268447596,112.94332543141152
mp-20066,CO2,4.63,2.479,107.77902630974624,32.82398171803055
mp-2030,RuS2,172.042,121.491,212.77952516981736,145.9760315764982
mp-20465,As2Pd,110.797,51.467,132.34482758405215,75.97990177084229
mp-2070,CoS2,127.327,72.8,146.36384145901087,74.45422414312348
mp-20901,NiSe2,96.857,38.657,114.61510298753151,42.50163005319401
mp-20905,OsS2,193.971,139.154,241.056390988802,166.62382817284742
mp-21065,SiP2,108.341,82.444,129.9303693042006,103.91549752641748
mp-21321,MnSe2,66.359,30.223,35.876690152652,44.23834159030924
mp-2142,Te2Os,130.119,88.304,151.1433326730401,107.55327898720113
mp-21873,NiAs2,105.659,57.182,134.42823042040953,78.83968110243669
mp-21893,MnTe2,49.969,24.456,40.08823276614231,37.874566269501386
mp-22309,CoSe2,99.992,63.944,126.09857444449828,64.679993890239
mp-226,FeS2,145.937,135.327,192.12524421239772,157.23600062156103
mp-22619,NiP2,132.249,98.281,166.92374330033104,118.72367833746492
mp-2280,CuSe2,74.484,24.776,86.32436093047538,29.6468385940648
mp-22864,Bi2Pt,82.069,26.028,92.33239517475808,38.48992270126336
mp-2310,CdO2,105.752,37.359,132.94211290844154,63.4918266470709
mp-2513,As2Pt,136.486,84.294,159.56296793150293,107.28520139989548
mp-2589,MgO2,129.089,86.082,156.56515803826494,116.73990717836205
mp-2604,MgTe2,37.266,22.167,49.57690885731006,30.813465855571422
mp-2633,GeO2,229.91,139.96,260.77197952116774,152.31691888566635
mp-562,Sb2Pt,105.593,55.904,120.90746308916906,71.23683844254725
mp-570285,SiBr4,1.204,0.344,25.747057229796123,11.915632282224886
mp-635441,SiI4,0.421,0.152,20.016970953394264,9.301230813231085
mp-697,SnO2,192.235,99.178,210.9394496494483,109.74196800112006
mp-730,P2Pt,175.121,117.617,202.53685332538808,145.58966219213545
mp-738,Sb2Au,72.555,23.812,82.42430243503915,30.170417478374844
mp-754,Te2Rh,95.422,48.854,118.76292592388354,61.010549417163325
mp-8484,ZnO2,138.631,62.222,172.89530311344456,90.55876292094692
mp-8909,RuO2,273.128,147.463,324.5998855828045,175.3795305970444
mp-9258,SiO2,310.27,213.805,360.2463531431314,237.90104364235796
mp-1045,Nd2O3,124.063,50.641,134.23625789139405,68.29220628746921
mp-1056,Tb2O3,141.499,61.887,151.82724092262754,82.70832991885322
mp-1427,Lu2O3,156.458,73.089,171.15036880041387,97.99608477295972
mp-1559,Mg3N2,110.105,77.845,119.303847171295,92.28553983886248
mp-1767,Tm2O3,150.148,70.015,166.39031475840517,94.10595823363936
mp-18337,Be3N2,214.318,185.759,231.08870265116383,205.73395603759195
mp-1990,Mg3As2,49.199,27.37,51.52927656461887,34.293908145906805
mp-216,Sc2O3,167.269,79.706,185.5648696634559,103.60305070349942
mp-218,Sm2O3,130.35,55.209,141.10914313049855,74.081581533944
mp-22598,In2O3,144.766,57.394,161.07225741117142,74.95258043626451
mp-2292,La2O3,114.974,39.632,122.624024537335,53.55048310963781
mp-2345,Dy2O3,143.814,63.498,154.4609094692873,85.02330873220644
mp-2652,Y2O3,138.413,62.199,148.17070344172757,81.88931409233508
mp-504886,Gd2O3,131.73,55.657,142.50817226750698,72.94154979473983
mp-567841,Be3P2,91.876,71.729,101.20758910201708,77.8158345621642
mp-679,Er2O3,145.923,65.426,159.92212897816805,90.05165607761876
mp-771359,Cu2O3,161.174,53.715,188.22401525922217,66.37779872955264
mp-776475,Al2O3,212.727,127.515,239.7784214855118,156.751958185388
mp-844,Ca3N2,67.434,33.75,75.1941159389748,40.87700702228298
mp-9460,Zn3N2,131.064,56.059,145.70942418867864,72.99094130290031
mp-986716,Sr3N2,50.639,22.587,57.11831114073092,26.98877928344424
mp-1018112,YSb2,46.26,1.393,55.37944146940697,17.344640961981046
mp-24082,Ta2H,203.084,67.791,214.37003005317317,89.43020002571704
mp-11227,Al12W,92.968,58.228,106.22770579050344,56.22364624771743
mp-1239,Sb3Ir,98.2,60.31,114.1577337926772,81.88524527986465
mp-1317,CoSb3,84.037,57.702,97.12751681937988,71.08669224810104
mp-1357,P3Rh,149.168,97.011,170.40791102414713,134.59140581260377
mp-13853,P3Ir,170.079,114.248,197.1325698206917,153.28680324055503
mp-1648,Al12Re,98.031,77.342,110.75495651917912,65.98425623186672
mp-16719,Al12Tc,96.935,75.356,107.30443811323325,65.17457670870652
mp-1944,CoP3,143.928,115.879,168.82069566268754,144.9896172859506
mp-2301,NiP3,125.545,75.904,142.31386542793595,92.3983787473742
mp-2789,NO2,5.601,3.922,116.20648570179137,66.46773464960611
mp-30443,Be17Ru3,151.947,117.848,172.30766643288123,145.69542817260924
mp-452,CoAs3,108.351,83.076,131.02793004310283,103.04482590168062
mp-540912,As3Ir,128.27,83.893,149.95405161956822,114.39633386287706
mp-550,Al12Mo,91.875,58.772,103.8272396103846,54.14219891001323
mp-8182,As3Rh,115.538,71.782,134.10460852918217,100.96818854806672
mp-971669,FeSb3,100.502,47.232,85.57585989070611,56.947580408381214
mp-496,SrSi2,58.246,29.769,63.166696315259266,38.4469248173619
mp-542730,V8C7,249.054,178.711,335.2100404841248,199.78207571790168
mp-7275,BaSi2,52.121,33.929,58.15736214080575,38.54269695300077
mp-568505,As4C3,117.639,78.133,132.36321741200547,84.35393594009209
mp-569600,Ge3As4,47.172,29.44,61.21774979662264,42.323329439814486
mp-570377,Sn3As4,34.489,21.164,51.99783432929039,33.76986693135328
mp-570744,Si3As4,58.179,38.466,70.78989498898439,50.916268696712656
mp-571653,C3N4,391.827,375.573,434.79423081853247,402.1542180825111
mp-625,Mg3Ru2,105.762,52.226,126.18965556105984,59.8529896117522
mp-1368,Zn8Cu5,105.749,32.407,124.10721733971718,64.90201719546036
mp-1818,SiF4,7.258,4.652,84.88175133846701,40.45949437526317
mp-20276,U2F9,78.546,42.193,159.66383455512604,74.63386533203841
mp-2151,Mg17Al12,49.768,19.098,57.10687348993826,30.40037195052747
mp-561543,BeF2,8.258,14.198,67.56000376597291,40.79786114899651
mp-11607,Si3N4,254.688,149.374,277.3474415986536,206.93425067104545
mp-11661,Zr3N4,200.814,116.039,290.98065130782936,182.9353161473957
mp-1184,La2C3,106.014,11.549,133.04171064664266,60.715915430246994
mp-1347,Th3P4,108.466,57.835,120.37704216042896,67.44530066617311
mp-15661,Sc4C3,113.058,68.134,159.23368375279404,117.90378596203556
mp-1695,Y2C3,119.54,48.318,164.7627243727159,84.04646793214965
mp-1777,Li15Ge4,28.204,19.528,29.954346485289687,23.195141065906828
mp-20181,Ce2C3,115.855,71.811,158.88354567126427,82.02069985640584
mp-20328,U3Se4,64.012,14.148,88.31103106420969,45.33946143772374
mp-2038,Sm3S4,95.742,1.08,98.57265833341155,44.242497388264475
mp-2204,Nd3Te4,53.979,16.8,65.193054740342,28.80229007556858
mp-22422,Ce3Te4,40.96,27.802,53.69839388267038,32.23564130958068
mp-24202,Th4H15,81.272,42.175,109.7176269124641,71.87727715904607
mp-2625,U2C3,184.425,100.718,223.39946569883028,104.36636185299255
mp-2852,C3N4,441.727,375.735,497.1087553815357,393.79960010219304
mp-30892,Ba4Bi3,24.169,11.495,29.742990147990177,14.90399841699692
mp-392,U3Sb4,75.787,32.637,90.23703207280248,40.83952494040374
mp-567395,Li15Au4,28.91,13.292,31.43344651455402,15.52633097963443
mp-568320,Y4Sb3,65.708,31.924,73.80979060187907,38.44050175722875
mp-569849,Li15Si4,29.691,20.993,32.120003425574346,25.10824830065006
mp-606,U3As4,100.456,49.726,116.27095392352264,55.747301211597616
mp-879,La3Te4,50.175,25.245,62.052542647919054,29.315508025630876
mp-1021503,SiO2,275.987,133.326,286.2790589214917,159.45166325517286
mp-10762,Cd3As2,45.328,14.071,48.34292226803826,19.56296693424388
mp-11872,Ag2O3,125.939,21.458,134.51504501092612,-9.468625758174706
mp-21185,Cd3P2,53.243,21.626,57.67655676823775,27.516801064699763
mp-22891,Bi2O3,107.798,21.406,112.0556847680985,58.75250537022799
mp-32927,Tb2O3,134.172,50.448,159.65984613551444,73.7753879683161
mp-361,Cu2O,111.715,7.888,120.85289102696552,29.13427621430713
mp-551685,Pb2O,24.735,0.848,49.19516425955112,15.296728629075911
mp-673247,Y2O3,135.747,57.501,152.8476708483109,74.27842132026741
mp-684768,Sm2O3,126.271,52.094,152.3623447017556,69.68615101072267
mp-685148,Ho2O3,137.137,54.669,156.9603562256058,78.19111946789381
mp-7845,Zn3As2,56.943,22.843,61.1020654517743,24.97206242700249
mp-7846,Zn3P2,70.323,30.525,75.5506155912764,39.37674551251659
mp-8085,Mg3P2,57.133,38.966,61.59286942416596,45.25889573620815
mp-947,Au2S,66.577,5.8,70.85109088304698,20.001639330882856
mp-1120,Mo3Ir,282.393,107.926,305.22358250446456,84.81985505186587
mp-11263,Zr3Au,117.118,53.078,129.78160227751738,57.809351289540245
mp-12071,Ti3As,126.897,44.714,139.4407333243857,41.813039764555725
mp-1221,V3Ge,184.157,42.108,202.86717353599624,104.7159238568236
mp-1231,Cr3Ga,217.363,121.695,227.70994378724367,138.95272291250893
mp-1232,Mo3Pt,265.997,83.581,285.5708010814983,96.69819234245972
mp-1272,Cr3Ru,265.536,105.327,288.19729971994184,105.02424674694896
mp-1275,SiMo3,251.363,129.281,285.3396488009337,161.36160732907084
mp-1373,Nb3Ge,171.519,20.09,192.1309589611883,86.6661331958399
mp-1387,AlV3,161.804,0.675,178.33160632811573,75.01670947237673
mp-1412,Ti3Sb,119.611,20.295,131.8375022233297,50.8595384301006
mp-1458,Nb3Ir,218.977,102.506,245.39306581394533,123.42495690175556
mp-1545,Nb3Rh,201.402,86.842,222.66765772544713,99.50460500152562
mp-1555,V3Sb,171.734,80.374,193.36945964600216,117.464243597421
mp-1578,V3Rh,216.564,105.892,237.50805458075232,113.91790446141762
mp-1585,V3Co,208.895,109.487,234.95191563387857,123.22080829636812
mp-1604,Pt3O4,213.174,58.894,239.06078024173,120.8420367553111
mp-1609,Cr3Ir,275.177,107.47,293.1410761239645,114.17421142643684
mp-1630,Zr3Hg,105.27,58.772,120.65620249423117,65.63533026234207
mp-1664,V3Pd,194.62,77.739,211.7622583899642,97.46125596666596
mp-1786,Ti3Au,137.742,71.311,154.24927304897966,82.49708654854379
mp-1932,Nb3Os,232.709,84.517,246.05442812070953,106.77002650626362
mp-2006,V3Ir,239.084,123.848,262.55666434821075,138.78674154620126
mp-2053,Nb3Sb,173.865,82.544,194.53254608658727,101.65729718553438
mp-20685,Cr3Ge,229.213,133.08,249.7848561178496,150.52778152771364
mp-21342,V3Sn,162.896,5.122,173.24495905218848,91.7030490216385
mp-2211,V3Pt,219.134,96.288,235.72672400825292,124.48234514732592
mp-22568,V3Ga,168.668,52.731,184.2648343752813,82.13756236619527
mp-2339,Ti3Pt,157.855,56.112,175.91650657385213,74.53269137671573
mp-2354,Ti3Hg,118.442,68.833,137.58973515577733,80.45377535388276
mp-24659,UH3,108.814,61.069,106.84243778797664,87.2629586023155
mp-2567,V3Si,192.13,52.199,215.36495940670943,112.46800340424228
mp-259,AlMo3,224.498,120.006,258.0429574181771,141.7476129387081
mp-2663,Nb3Pt,203.6,81.716,223.9759833519836,106.15603533380036
mp-2752,Nb3Au,184.705,64.46,197.1128184581553,85.91436753556772
mp-292,V3As,195.129,111.483,217.38622249047268,127.31304581129233
mp-30788,SnMo3,216.251,102.767,253.0247681161515,130.203673018168
mp-30790,ZrMo3,193.868,33.7,197.1103732202631,59.90524267137822
mp-30876,Zr3Sn,103.006,39.314,116.0054907899316,47.08089497729684
mp-416,Cr3Os,279.999,116.816,319.65921041780416,126.40598660774126
mp-446,Cr3Pt,242.7,85.42,234.6779204908103,102.69103278360328
mp-541,Ta3Sb,187.381,85.474,211.27308031954385,110.8068964135313
mp-568014,Nb3Bi,158.674,66.883,179.55000393379373,84.94730470000967
mp-569249,Ta3Au,200.678,65.069,221.35976487282255,97.13840538119976
mp-569366,Nb3Tl,154.29,26.551,170.63699121793456,58.622739757344895
mp-570751,Nb3Te,170.078,85.959,195.52867221549536,97.0733217077034
mp-640551,Ba4Si23,74.091,34.907,77.2702370850896,38.58575384949302
mp-672337,VGe3,86.695,19.052,106.36139301376544,36.530843407934846
mp-7226,V3Ni,202.988,96.268,226.48747573539333,109.20077645021864
mp-729,Cr3Si,246.829,154.873,275.3846513742485,179.46644661906538
mp-796,Nb3Al,159.438,11.999,172.30627385730529,66.00010473154822
mp-801,Mo3Os,290.754,122.068,319.32679162694865,98.63351252771528
mp-839,V3Au,186.748,75.505,202.35267228194107,103.67749937900588
mp-10015,SiOs,290.957,121.446,316.68454309168646,135.03527210587856
mp-1001788,ZrB6,178.43,52.095,198.36825967125836,80.47116190893577
mp-1001834,HfN,238.794,72.753,263.49367379744825,41.0485946829071
mp-1002105,VN,318.361,228.608,371.6365492530725,266.191827951399
mp-1002117,TcN,335.61,116.329,381.78945863020687,-30.446401300412752
mp-1002122,HfIr,207.546,56.564,222.8331635706415,17.712353612532493
mp-1002183,TcB,311.631,131.046,358.1346260915123,141.92761259014816
mp-1002207,ReN,361.49,59.704,395.357966093464,-123.59400228267847
mp-1002210,EuS,79.757,18.648,68.85710731376322,22.752021856627213
mp-1002230,PuBi,33.229,0.486,348.4132420687005,-5.308291096091087
mp-1004377,HfB6,181.947,16.36,194.5761369427802,70.46305081659645
mp-1006886,CeS,119.446,40.563,77.20797576062488,41.41486848127301
mp-1007656,HfPd3,179.875,81.621,194.2292173636072,83.26615213662933
mp-1007657,HfRu3,232.863,85.143,251.6097982883804,87.0391021423269
mp-1007690,HgPt3,192.168,33.801,207.52686539536515,34.292502105978876
mp-1007693,HfOs3,288.028,105.077,306.9850525831333,117.63466095335028
mp-1007730,HfAl3,103.976,57.804,108.2600056968921,64.17332712995888
mp-1007819,CoW,246.534,308.988,298.0631684421278,-477.1551813568896
mp-1007852,FeCo3,191.847,114.871,136.62692704033626,94.0617818790858
mp-1007974,CrNi3,205.939,102.844,273.69097927518686,120.49960817684376
mp-1008274,Co3W,274.04,146.065,293.73787374351394,157.10082949989854
mp-1008278,Cr3Ni,240.418,82.757,252.21105958882063,65.19916422735825
mp-1008279,Co3Mo,255.044,140.331,282.9770464802131,145.72722941633748
mp-1008280,CrCo3,380.486,149.373,236.70645411942056,186.07459390542544
mp-1008285,Cr3Fe,239.14,60.631,268.43167911005116,-16.839077234825925
mp-1008349,Co3Ni,258.138,102.21,136.1887946886068,106.78637103114556
mp-1008554,Al3V,99.015,67.277,116.56539868046298,58.9891369579489
mp-1008555,AlCu3,138.447,41.554,149.56068267941382,52.39293785161696
mp-1008630,WC,366.4,233.691,436.0142587575571,260.253753861648
mp-1008928,EuSe,38.732,15.025,51.76804653912051,18.65087087231376
mp-1008999,LaSe,69.443,38.027,72.03159321728859,34.73307203896879
mp-1009008,LaTe,54.624,34.068,59.17026631656218,34.52910641152916
mp-1009019,FeN,200.505,84.859,220.08492315290903,84.02586453352497
mp-1009133,MnCo,192.154,103.431,250.6060664032932,57.72063761272148
mp-1009220,NaH,23.963,4.462,25.23899360018166,3.806986583009186
mp-1009264,NbCo,207.312,70.076,235.72371800234495,26.300898036067736
mp-1009459,NbC,275.894,7.781,318.84206647195,47.59032226756761
mp-1009471,NbN,299.401,199.167,355.47428809027014,215.0384979653636
mp-1009483,NiN,337.207,17.284,300.8606681829041,65.22212258843213
mp-1009485,CrN,313.927,140.253,237.81494684053817,98.8781295106596
mp-1009596,PdN,212.33,11.955,252.82974534609,50.803716268391966
mp-1009731,ReC,395.957,151.217,453.23066104578,118.76021665235956
mp-1009819,SrO,88.931,24.1,98.4675974808404,19.280938460986704
mp-1009831,TaN,312.497,189.096,362.9956117396305,249.0543840514752
mp-1009836,ZrN,225.944,66.386,257.1681242019335,52.45796527616644
mp-1010071,CrCo,214.789,113.281,233.46513796213577,108.902537367116
mp-1010953,MgNi,92.625,22.136,97.53419673925993,42.529211576247704
mp-10110,SiRh,209.057,94.851,244.6351954328358,42.50046195897236
mp-1013524,Ca3N2,61.811,49.482,74.00296396480103,52.28510519410195
mp-1013528,Ba3N2,36.533,21.825,37.54744574963608,19.35272192450812
mp-1013529,Sr3N2,46.799,35.077,56.258107492759,36.74020731848717
mp-1013546,Ca3Sb2,29.002,16.206,33.423431547876795,15.662906647241728
mp-1013547,Ca3P2,39.504,26.663,44.35109678438774,27.131814734990076
mp-1013582,Ba3Sb2,20.26,11.131,22.918794856228363,12.090159994512256
mp-1013587,Sr3Bi2,22.202,12.053,26.44180567296348,12.662332824186644
mp-1013736,Ba3Bi2,18.785,9.982,22.23940145484857,11.699515608841969
mp-1014219,HfZn,115.663,47.206,134.3030368253867,44.94190085126827
mp-1014230,TiZn,110.695,51.57,127.66955709411972,42.09661301784159
mp-1014460,Cr3N4,274.267,135.333,286.03017968044827,157.49128907936012
mp-1017529,VCo3,239.242,154.123,250.71639903708257,143.90241820782128
mp-1017542,ZrOs3,278.47,107.11,294.20230186439466,115.0221989826063
mp-1017543,ZrPd3,170.19,76.147,189.05194742273383,79.3265746822482
mp-1017544,ZrRu3,224.96,86.307,242.80092502697747,86.7062047441142
mp-1018029,CuPd,147.228,45.499,176.49215667358595,52.12430784821135
mp-1018042,UBi,75.465,21.893,88.96299188442134,16.98803100694589
mp-1018054,HfPt3,231.325,112.224,255.1229795326826,107.7195010236352
mp-1018061,FeH3,207.518,138.143,227.4482511001078,137.13066170532966
mp-1018734,IrN,304.326,73.461,374.1543562724713,85.74442566969824
mp-1018849,OsN,353.873,130.572,426.0941673643758,157.55557688048037
mp-1019052,ReN,366.211,175.334,426.6870456814547,215.27764782887343
mp-1019319,TcN,322.518,156.601,365.98298061929034,198.2358071380187
mp-1020,TaRh3,260.037,153.82,278.08468334037275,159.94084001558446
mp-1021489,IrO3,202.01,102.231,234.8716960917124,107.00774799780991
mp-1022721,AlCu,107.236,22.993,132.51026562469093,24.647442476380505
mp-1025156,NpB6,170.195,88.212,182.64793613495692,146.75515828839107
mp-1025192,Ta4C3,292.905,133.885,331.0213159090576,152.6599399519989
mp-1027,HfRh3,215.169,111.279,233.1860206014113,117.57271776016208
mp-1031,GdCd,53.093,24.157,82.2776949028339,26.205397425718704
mp-1033,BeNi,182.847,9.535,211.7289059614803,117.94215291517446
mp-1038814,MgCd,42.487,10.818,55.11633769031041,5.223592203109409
mp-1038879,Ca3Zn,20.037,8.857,22.234100898948917,10.281371047017084
mp-1039073,Mg3Bi,40.241,12.544,48.44003132520728,13.658990368324403
mp-1039106,SnBi,49.232,5.49,67.99671640565786,9.042708482521418
mp-1039147,CaZn,32.75,19.961,35.110038505426104,14.272355991858282
mp-1039148,CaMg,25.36,14.975,27.91936025320445,9.765333563112112
mp-1039154,MgBi,46.143,17.567,46.82872909096225,-2.5945303496449945
mp-1044,UIr3,303.949,122.424,292.2984367889047,129.63858233591142
mp-1053,NdZn,52.019,28.401,57.912221938971015,23.78583830349293
mp-1056920,CsI,9.862,5.449,10.647818809671476,5.8226056199687095
mp-1058151,NCl,29.74,10.827,21.92654601932868,0.5102126163184107
mp-1059,NdCd,48.816,18.872,53.23030697057651,15.428349115667684
mp-10627,SrS,51.792,19.98,54.53054786282395,19.58625487523906
mp-10632,TlS,43.898,1.927,51.36978176939938,-13.429981708778003
mp-10637,ThSb,81.728,31.802,82.64997124669452,29.765119612112947
mp-10652,SmTe,62.478,37.283,66.2973517009976,40.44173417055356
mp-10680,BaSe,38.98,17.482,40.440771971016126,16.326409973799617
mp-10684,CaTe,38.427,7.752,39.02564964200029,5.435273273073963
mp-10694,ScF3,90.536,40.713,101.7251688497611,43.51533376355053
mp-1073,CaCd,31.367,17.651,32.86255894747104,11.292293720177906
mp-1076,KB6,133.72,97.556,144.89044059293178,108.21629997419078
mp-1082,VIr3,319.895,218.807,348.5516694359333,226.59521455095057
mp-10889,La3Al,33.748,20.182,43.76237744554415,22.009563560854005
mp-1089,TiIr3,294.735,163.457,315.7909057763775,192.4800485725347
mp-10890,LiAl3,63.994,40.501,70.17663759415115,29.239017803683968
mp-10903,AlPt,184.169,46.699,200.63683768056177,33.50350825360459
mp-10908,AlRe,218.955,52.218,240.32689120019964,72.16940350246607
mp-1104,LaMg,33.855,21.385,37.510672760781034,21.115662411312965
mp-1121,GaCo,173.828,47.411,194.5299603219549,81.92163080173269
mp-11222,Sm3Al,44.626,25.657,50.45982478461917,25.655676216855035
mp-11229,YAl,63.427,34.161,67.06843862376377,34.9342759447647
mp-11231,YAl3,75.089,58.719,81.17804383458792,51.97784931501543
mp-11237,ScAg,80.1,29.349,84.84515898713522,32.18310917901657
mp-11248,LiAu3,98.057,10.927,116.29532859934022,24.521849233892112
mp-11249,LuAu,96.113,19.139,102.18602270126748,33.307132144013494
mp-11256,ScAu,103.841,41.675,111.88991029164372,36.365291836509286
mp-11259,TiAu,133.377,34.832,157.670929785288,2.3070838670464613
mp-11260,Ti3Au,134.279,20.319,138.72090949679512,30.084174863153656
mp-11276,BeRh,207.982,99.333,230.93336569522953,119.93660225205969
mp-11279,TiBe,124.845,73.705,138.8780434996503,68.21902405337505
mp-11286,CaHg,36.327,19.466,37.66525182440843,14.480047061291762
mp-1129,ScIr,166.725,79.378,184.1386385003736,79.20456562711603
mp-11290,CaSn3,44.225,23.071,48.42247432731632,7.220986930211463
mp-11309,NbCd3,93.666,48.102,105.26706066821534,49.67739189054651
mp-11313,ZrCd3,78.411,27.666,85.563554983531,28.859630079625788
mp-11358,TaCo3,242.198,141.455,256.031868046121,130.41799719535794
mp-11364,TiCu,129.327,49.243,142.99716728480354,24.92314194412479
mp-11374,DyTl,53.012,14.909,58.98940464533163,15.01798713436698
mp-11375,EuHg,41.48,17.948,42.01689035212807,21.29742036561447
mp-11388,GaIr,215.702,42.667,251.06177025766888,76.57224353296927
mp-11407,GaPt3,215.396,77.72,239.21717193556924,77.963762403664
mp-11418,TbGa3,72.033,43.497,74.08724704370464,40.19542315039794
mp-11452,HfOs,225.228,114.202,257.22139939334005,128.4882522906641
mp-11455,HfPt,179.474,32.338,194.54767597902529,21.600020966004312
mp-11457,HfRh,180.032,52.643,186.16617942632712,37.85080716029099
mp-11460,HfTc,188.407,83.13,213.14720123066468,73.48551790640464
mp-11467,NdHg,55.951,17.642,61.74327675191456,14.41874747826539
mp-11469,PrHg,54.378,18.135,59.80884364698408,14.083821294748372
mp-11471,ScHg,76.842,26.456,88.78117386148709,37.151569710708635
mp-11476,HoIr,137.797,51.619,148.55501511804638,45.22144635272869
mp-11478,GaAg,65.386,7.734,69.04327377691747,-3.879810545694806
mp-11484,ZrIr,191.238,54.929,205.07753685892217,11.33054815934464
mp-11487,LaPt3,138.513,49.969,158.20150563213696,54.54562921210146
mp-11488,LaTl,46.826,15.837,51.889313638789545,10.71810995083263
mp-11496,LuZn,67.899,40.231,74.89713288565403,35.640397559169166
mp-11498,MgTl,33.764,4.18,42.8995537599485,10.421268691310525
mp-1150,URh3,214.274,77.53,232.6544540943281,87.12468827378298
mp-11500,MnNi,149.255,38.385,108.16869713632155,-27.691585858330356
mp-11504,MnZn3,80.961,48.083,87.35344374166765,52.40026554658163
mp-11516,NbRu,228.567,155.083,252.97718364724943,29.34687771552101
mp-11517,NbRu3,254.366,135.775,282.42359579528403,134.39318632696694
mp-1152,TiRh3,228.591,123.939,244.5481664897183,131.2075247123405
mp-11521,ScNi,106.024,43.86,114.52140372241516,50.024784931797605
mp-11522,Ni3Sn,166.201,76.925,184.79614088265456,79.07314781564534
mp-11536,NpRh3,215.446,71.946,225.76351930952512,75.07704983113923
mp-11541,ZrOs,208.008,98.481,241.52997383363527,103.65451437488768
mp-11546,TiPd,153.552,19.089,161.59777271285606,-31.560059374485164
mp-11552,TiPt,185.077,25.456,196.28262113751455,24280.02305074692
mp-11554,ZrPt,165.913,11.349,178.67595441596495,12.042499694998408
mp-11561,TbRh,109.058,37.508,115.14113996397792,30.527674297658297
mp-11564,TmRh,118.772,47.637,127.17762137249512,44.905029121818735
mp-11566,ScZn,75.344,45.806,81.15761996857104,41.70939838823359
mp-11568,SmTl,52.78,17.365,57.569150226687945,14.530389114787882
mp-11571,YSn3,57.293,1.966,64.79754027716554,12.944582942905589
mp-11572,TaTc,257.672,128.64,286.54314966666686,140.751440809487
mp-11573,TiTc,204.076,80.038,237.692023896388,74.91898966257416
mp-11576,YbTl,32.524,25.063,65.07930652337755,17.7970832949805
mp-11578,VZn3,117.948,65.384,124.65764998670672,67.34177660135164
mp-1158,LuPd3,134.504,51.613,137.78270070618137,59.445127880807185
mp-1169,ScCu,86.854,35.894,94.8276444895438,44.32152374319994
mp-1172,MgRh,115.355,59.938,122.97585299376826,64.66160306054333
mp-1174,MgSc,49.321,28.271,53.22817367944126,26.014619275849647
mp-1184761,Ir3Os,359.91,239.938,403.9520566364929,249.98914986242
mp-1184771,Ir3Rh,323.477,198.555,366.32893530895245,216.50508108704156
mp-1185,VRh3,251.212,155.92,273.504457673645,167.2943937898858
mp-1186902,Re3Ir,365.406,207.287,397.2467722571043,204.2755003404218
mp-1199,HoMg,41.356,19.049,46.22726124544738,22.521606260748136
mp-12065,Ag3Pt,121.006,34.758,134.66431217182296,37.68242419105043
mp-12083,CrIr3,307.958,214.386,341.04577363423186,257.2055719178357
mp-12086,Cu3Pt,169.333,55.578,194.3198735085391,62.24451791887823
mp-12107,TiPt3,238.047,106.959,259.60720453897875,121.2939237030736
mp-1211,ScCd,67.024,34.535,74.86944495464505,32.95634213837717
mp-12110,TaRu,241.27,137.208,273.0485224169972,46.59094615161089
mp-1236,NdAg,55.86,14.117,57.66508396404424,19.122589697586676
mp-12585,CrRh3,230.758,154.192,273.5587730948805,187.23828043565524
mp-1259,YbAl3,59.791,53.601,84.55414954756789,52.64993235649688
mp-12593,ScIr3,243.259,111.389,266.18297173036336,123.84584236347204
mp-12594,TiIr,218.372,87.624,239.35754163294536,-3.359531357007497
mp-12598,PrPt3,153.052,58.109,166.10025872006975,63.910494544556066
mp-1261,EuZn,37.377,21.06,37.19684773061109,18.498881132368908
mp-1263,URu3,200.183,92.494,258.0503747450148,96.63661706755131
mp-1264,CdAu3,113.161,21.558,128.02484597481129,14.955838733403857
mp-12661,Cd3In,36.705,15.689,41.73386827178949,-3.522851167866647
mp-12674,MnAu,113.61,35.386,-8.439512318656858,29.772000989283445
mp-12762,PrB6,173.84,117.539,194.36863860094147,151.95458474996482
mp-12763,TbB6,174.096,88.469,193.48978510047715,139.02949973579803
mp-12778,VOs,284.95,122.261,326.3793008465278,113.19924094295644
mp-12798,Ni3Pt,202.169,90.94,250.08778554144575,98.665235063438
mp-1291,ErIn3,55.358,29.738,65.45449179353041,27.103935811253503
mp-1296,ErB6,174.535,75.967,191.99572164174057,130.4649764959047
mp-13100,MoPt3,252.326,105.846,283.21628581994315,88.64715177952658
mp-1327,NdMg,37.564,20.725,40.73993857184228,21.89205398476319
mp-1335,VFe,195.793,68.158,251.3083683413991,95.3242535144514
mp-1339,NbIr3,313.146,205.818,335.18137420774747,208.48549980540315
mp-13480,Cu3N,161.585,21.34,168.53328343285074,23.978841436550535
mp-1395,VRu,230.974,84.674,270.3752305887636,83.05430903278472
mp-1408,MgHg,45.593,19.452,53.86767306948578,11.12454273246343
mp-1418,FeNi3,199.381,99.899,155.66879085149236,101.19458732226708
mp-1420858,BiN,116.636,6.697,126.91631300291476,6.199015053828524
mp-1428312,AgN,147.992,27.861,177.39258903479632,17.548769648243958
mp-1431697,SbN,127.829,11.997,135.47662039260058,-6.908059136619324
mp-1438,ZrIr3,267.921,149.21,290.55810078436,167.77387788646635
mp-1471,Zr3Al,100.33,55.844,102.74894639608227,48.68084195112348
mp-1481,SnTe,42.065,6.146,51.735791806066665,6.699434430477101
mp-1486,ZnNi,146.22,7.305,163.1200474095499,47.10427803504303
mp-1487,AlNi,157.34,70.652,180.34513059516473,86.64533974376656
mp-1505,TmMg,43.263,21.014,46.56301754625721,24.02540512742945
mp-1518,CeRh3,171.204,73.359,187.84590860416108,71.05344566375692
mp-1529,LuIr,147.522,70.328,162.285260379788,57.70911979995565
mp-1533,Nd3Tl,41.606,16.713,46.32236793367853,18.217027996497848
mp-1538331,YbGa,40.095,33.731,76.30890242524501,29.908686425776935
mp-1540,HoTl,55.065,19.277,59.190911242196464,14.916385342241831
mp-1548,PrMg,37.078,21.807,39.42004550601939,21.642366185833843
mp-1549,TbPt3,169.757,71.121,191.27572765154864,81.98800444881147
mp-15660,Nb4C3,269.426,127.45,303.96856521830307,140.2362262665389
mp-1571,PrPd3,111.571,42.251,121.93727031012077,52.85307606518681
mp-1603,TmGa3,76.098,44.081,74.71738587108575,40.05082591289379
mp-1608,ZrHg3,82.284,14.568,95.83224709496484,23.372644189181255
mp-1635,TbMg,40.716,20.807,45.65304408995986,22.05878967161375
mp-1649,Fe3Pt,193.206,31.661,137.05122036088517,93.69851325204958
mp-1681,La3Sn,44.031,24.189,46.86105079223065,23.44559550824189
mp-1684,ZnAu,114.545,19.123,126.47514298595031,25.370145945937075
mp-1703,YbZn,32.884,21.029,74.51308742860505,37.83161284660584
mp-1723,UAl3,88.376,63.453,96.83541495919648,67.10440874125405
mp-1756,ThB6,195.95,135.517,215.8194533772429,166.69923098039374
mp-1780,ScRh,138.583,58.07,145.71278932748945,60.514030077621186
mp-1795,NbF3,93.987,27.834,109.9739735303509,32.64725359404542
mp-1837,TbCu,71.128,31.116,77.11324698452526,35.71069027155069
mp-1857,YbCd,31.809,15.006,68.77930097355275,25.98570024832655
mp-18695,Fe15Co,181.802,84.311,442.0919081256259,97.9024971318568
mp-1877,HoAl3,76.786,59.484,84.92081681719573,53.27246902915349
mp-188,AlPt3,224.023,86.928,247.2299086555214,97.53412651000396
mp-1885,AlIr,229.406,119.385,267.236862152195,134.88085232495328
mp-190,ReO3,237.846,91.956,251.5935972897147,124.1999578036256
mp-191,YRh,106.896,41.489,112.51279354588742,35.78616570574371
mp-1911,CeSn3,58.694,28.745,66.90651445020157,27.854959412840635
mp-1912,ZnAg,89.933,39.732,102.69912721427872,33.09575281926019
mp-1913,ErPt3,177.756,75.459,199.8149448953192,88.69822347191818
mp-1918,FeRh,198.729,74.969,-146.30238292306518,-19.406616836148935
mp-1921,ThTe,83.002,49.635,88.0930933950556,60.83593329288683
mp-1929,NdB6,174.362,117.48,193.79348484435891,149.9244657164229
mp-1933,Cu3N,116.742,38.179,145.2304281543738,47.4305390330828
mp-1941,GaNi,152.55,42.594,166.08946393918,48.04358343968981
mp-1948,LaAg,48.529,14.165,52.06855576351561,14.640500289183796
mp-195,HoPt3,174.749,74.077,196.58859164909228,86.38757397423689
mp-1955,ErCu,73.462,28.142,81.66575984719316,38.780113882253126
mp-1971,HoCu,73.432,32.372,80.9251412935654,38.02336089332152
mp-19736,EuTe,50.965,11.726,38.68734644578508,12.279305968461635
mp-19764,Pr3In,41.265,17.99,45.33954180521399,20.001963167535276
mp-1977,NdSn3,56.558,16.292,64.20757154825233,18.581918877652953
mp-1979,HoPd3,127.535,49.519,133.97897630406544,57.74914185121143
mp-19800,Fe11Si5,222.032,109.921,287.01106773606773,132.3524585762309
mp-19820,TmPb3,49.521,6.186,54.25120049942446,11.466257741358312
mp-19870,GaFe3,169.4,55.803,592.6194494306521,47.40145651457394
mp-19920,Ce3Ga,43.072,28.756,52.004612687120904,33.44397917756077
mp-1996,NdIr3,191.377,86.186,209.95961344159767,89.74428559424767
mp-19966,GdTl,32.249,14.765,143.0120355395888,-10.809448790974171
mp-19977,SmIn3,54.505,31.505,61.73431766473039,29.485045708620916
mp-2001,LaTl3,44.459,17.852,49.80130926650829,20.309246135014597
mp-20023,PrIn,51.835,20.53,55.49946176392711,16.35650851884913
mp-2012,LiHg,32.253,13.906,37.74522886991653,19.157945238575323
mp-20120,FeSe,112.111,64.91,82.29276012043982,65.44688935126742
mp-20131,YIn3,54.648,29.977,62.46375083265325,27.709019438754183
mp-20206,ThIn3,65.84,31.631,71.71009790847422,35.652155968541095
mp-20214,UGa3,83.085,52.872,93.42826575122916,61.557549672153094
mp-20225,CePb3,50.804,18.878,53.99937397851343,19.76159590873426
mp-20263,CaIn,34.02,15.815,39.37295859226132,16.919731121891708
mp-2027,HfCo,123.98,60.459,165.73723372703708,63.80643175206369
mp-20298,SmIn,55.174,21.916,58.978111843136375,16.687249773852045
mp-20344,Fe3Ge,175.908,71.192,486.71331869961784,53.43480103115712
mp-20425,NpSi3,175.278,54.819,115.70536330370086,86.57098011896613
mp-20438,PuTe,19.367,33.153,1390.1873101445276,57.098490395574046
mp-20469,YbIn3,38.382,21.04,63.78421254365739,24.53030762093995
mp-20487,La3Ga,40.212,15.802,45.214631841677,20.451078723350996
mp-20549,CaPb3,38.108,18.658,41.76790860118455,8.285566547447456
mp-20555,NaPb3,32.491,14.898,33.75139556510783,14.710465979119189
mp-20566,MgIn3,37.336,0.611,47.0795135831483,4.141369895576205
mp-20582,LaIn,49.919,20.995,51.76091100522152,15.55835141019396
mp-20601,NdPb3,47.766,8.571,53.69512969345776,15.783792481948792
mp-2061,ThTl3,58.019,26.727,65.89701317250491,28.422443791805012
mp-20695,Zr3In,96.578,51.211,99.52274344419088,44.18837686482309
mp-20729,LaIn3,49.718,29.861,57.57645479703241,29.112793789272057
mp-20735,Ce3Sn,38.321,33.177,52.60896781380623,34.52431794501279
mp-2077,DyMg,41.646,19.61,45.840779432297275,21.999697384312757
mp-20821,NpGa3,97.898,46.799,148.64536619294998,58.73661108296679
mp-20828,Pt3Pb,172.406,43.661,197.08896825082243,41.340028215142475
mp-20849,Pd3Pb,129.07,42.248,152.4744527037471,51.48134316048776
mp-20874,EuB6,143.683,107.737,165.19199986941746,128.2550603660406
mp-20895,NpAs,83.6,19.027,191.26360606989968,0.1574309607863374
mp-2090,FeCo,189.836,91.403,391.06260701950737,74.71074509539241
mp-20903,PrIn3,52.62,30.543,60.26288302360428,29.146563753962244
mp-20920,TbIn3,55.261,31.329,63.53871464672952,28.478788139175784
mp-2093,Pr3Al,42.665,21.141,46.485008255395634,22.738811362815845
mp-20939,PrPb3,47.139,8.839,53.948595285550546,16.10359101420366
mp-20941,UIn3,61.685,41.165,80.97071517381757,41.634290701231905
mp-20943,TePb,40.408,9.136,43.512650250951474,6.010391881660964
mp-20971,SnPt3,198.87,57.089,222.10338693316532,58.478114931673
mp-20997,InNi,116.101,40.305,134.0049653212028,46.520660585041355
mp-21005,GdIn,104.041,18.822,88.8004064405423,15.387314002573234
mp-21008,Ni3Ge,190.994,85.736,212.50693772211187,89.26475926736799
mp-2103,CuAu3,135.617,23.973,154.77105550804174,26.252586523194022
mp-21087,UAs,97.753,28.717,120.69999687290974,27.940828293627067
mp-21143,CeP,72.137,11.588,77.42363464178571,7.386872873281576
mp-21197,NdIn3,53.471,31.022,61.07941562554079,29.094736724166637
mp-21202,Sm3In,44.614,24.021,49.031263794520704,22.83313395343471
mp-2121,ScAl3,86.5,67.045,90.03910740846706,56.753509566709575
mp-21214,PbSe,56.543,13.524,49.989996758914096,8.540087627337634
mp-21215,InPd,110.79,29.49,128.08691638921692,34.493364445067186
mp-21253,EuMg,17.65,12.637,28.442824670750987,15.786005033000404
mp-2126,HfIr3,278.691,150.309,303.0239487466227,173.58339843876746
mp-21289,TiZn3,100.968,33.181,112.0934193825224,47.88743901062484
mp-213,CaPd,55.058,18.707,59.134292061951136,20.75631526587858
mp-2134,ErAl3,76.715,59.683,85.04621739730172,53.40760128353035
mp-21343,CeB6,172.63,117.511,189.9841941854205,155.1823086312563
mp-21381,ThPb3,58.108,20.125,61.59416922640213,16.44637918560204
mp-214,ZrRu,180.261,77.994,201.17917094708636,82.09522115481032
mp-21430,YbPb3,39.636,20.904,53.44115958740454,8.8156771123238
mp-21431,HoIn3,55.314,30.395,64.61246031315832,27.748868619685265
mp-21432,LaPb3,45.604,15.239,53.679559027571074,17.71150949080922
mp-21481,Pr3Pb,42.807,21.821,46.00330913364949,18.850834270553086
mp-21483,Nd3In,41.855,19.312,46.91621112803834,21.040506964024377
mp-21484,PuGe3,76.629,50.621,57.559425856078384,49.771753338622254
mp-2163,HoRh,113.966,41.48,120.9019748781704,37.28919899236192
mp-2167,DyAg,66.847,18.225,69.81313562577226,26.838517852382427
mp-217,ErTl,57.284,21.314,59.17745691285155,15.69425794043798
mp-21765,Pd17Se15,98.118,27.039,119.3100583845795,51.321089750329875
mp-2179,TiRe,228.62,69.775,258.8724960461333,95.37945906218624
mp-21844,UTl3,51.996,27.469,65.03573924219147,27.50349782465922
mp-21845,FePd3,166.438,69.408,266.3121057062858,71.73313705061732
mp-2203,YB6,172.001,84.351,189.7653569889732,132.07070206401863
mp-2205,LuPd,102.592,40.255,104.15582969374432,37.804634265632885
mp-2210,ZrCu,105.385,29.697,132.55040426082974,18.79355024322825
mp-2212,ScCo,119.727,58.07,124.2940599548628,62.46747459178775
mp-2222,MnHg,69.323,21.852,47.263654572659,20.129570825807388
mp-2226,DyPd,91.251,34.497,95.08148911169648,32.25284464778271
mp-22266,GdB6,167.657,96.068,187.14124336537475,146.00374664226885
mp-2228,ErMg,42.316,19.228,45.983733758915264,22.96480929029472
mp-22320,GaRu,204.343,89.664,216.53141057887424,97.71292343080422
mp-22461,Fe3Sn,124.102,60.607,465.1496475919585,76.41370210913033
mp-2258,Cu3Au,104.875,44.872,168.83867441719423,48.47103068375981
mp-2268,TbAg,65.884,23.666,68.24423548686975,25.75314048000617
mp-22704,YIn,56.047,20.93,60.14981684913703,18.257015631429404
mp-2283,ZrCo,128.339,48.526,155.62385801656922,53.767048561487734
mp-22851,NaCl,25.834,4.456,30.183363789980383,5.939575642054952
mp-22865,CsCl,14.588,7.445,15.76626567397832,7.579827405767981
mp-22875,TlBr,19.646,7.329,19.99319320253798,7.108782256933832
mp-229,ZrRh3,209.808,110.129,222.81759710492844,111.33696451541084
mp-22901,KI,12.418,5.209,13.659318709113464,5.903841370796361
mp-22906,CsBr,12.31,6.573,13.157361292717548,6.7029645670662585
mp-2303,DyZn,59.752,25.072,67.52623538911335,26.296536819382435
mp-2311,NbO,242.599,147.84,289.47213581520015,142.3366230356252
mp-23159,SrBi3,42.244,14.827,47.37713066501746,12.559118517319458
mp-2316,TmZn,63.975,34.632,71.67532002501103,31.771866474160895
mp-23197,TlI,16.52,6.535,16.852618321895246,7.356653541195582
mp-232,DyRh,112.175,41.33,118.66104852503634,33.69844591992492
mp-23201,BaBi3,39.346,17.54,45.65467399698336,15.450587885331393
mp-2323,BeCu,142.088,30.953,169.75602196633042,85.60790196937569
mp-23289,KCl,18.701,8.644,20.02381465500776,9.001209202931651
mp-23299,RbCl,16.534,8.333,17.636775585397697,8.611094930958005
mp-23302,RbI,11.14,5.547,12.101352029229773,6.129249685942239
mp-2333,NdPd3,115.77,50.728,123.75367936745202,53.59481062220518
mp-2334,DyCu,71.228,31.884,79.57293027528708,36.85258269971569
mp-2351,TmPt3,179.331,77.422,201.9497067579124,90.58073499214352
mp-2381,ErRh,114.582,44.03,123.78159690001878,40.47046152581659
mp-2391,YbPd3,107.848,39.152,139.8108813384,54.83193513628966
mp-2393,YTl3,46.531,15.556,51.79352297996215,19.12546645376679
mp-2399,YHg,65.407,31.429,69.46252398823438,26.73895774230656
mp-2403,YPt3,169.488,70.92,187.09188879271085,81.41796955590284
mp-2413,Ce3Al,43.376,30.324,47.401180059687114,33.2087713751495
mp-2417,DyIr3,212.008,96.074,237.66111797148616,104.39941235004018
mp-242,SrB6,144.836,110.605,169.01168635286623,146.75964593997375
mp-2426,LiAg,41.392,18.419,45.125039099984505,17.217551061175907
mp-2431,ErTl3,47.25,19.207,54.49484618769296,18.769310885586982
mp-2434,SrTl,25.126,18.121,27.72850427461797,12.567923586386083
mp-2444,GaRh,179.773,58.842,207.766780834762,70.10935416903
mp-2449,NbRh3,248.556,148.259,267.80335231961607,152.30054186960623
mp-2459,YbIn,35.186,23.996,70.60008503265615,19.802603178694444
mp-246,TiF3,102.198,30.021,109.79256236286922,45.33658967958766
mp-2465,DyPt3,172.498,72.237,192.5698759691879,83.95352409321076
mp-2474,YAg,65.962,20.315,67.76895595694096,26.014611783431803
mp-2484,SmSn3,57.389,13.663,64.3882298745104,16.688069717568027
mp-2509,ThRh3,170.311,76.264,181.08039369392463,76.82415673660003
mp-2515,CrPt3,231.851,95.103,254.69316749518376,118.7689837611462
mp-2516,YZn,60.055,30.473,65.23879094854192,27.7596215539047
mp-2525,PrAg,54.408,13.044,55.7627082657839,17.37351124459246
mp-2540,VTc,254.937,125.024,274.5169487121655,131.12345983811534
mp-2558,SmMg,36.23,23.128,42.66534307622808,22.071996762174184
mp-2560,Ti3Hg,115.477,47.565,120.81342944190204,50.27094136575071
mp-2564,SrMg,19.806,11.488,22.61261818102877,11.955100651186266
mp-2573,NpAl3,95.504,53.34,126.7606677210543,56.54840123906428
mp-2577,Mn3Rh,238.125,151.231,303.13878407893657,-85.90956863519727
mp-2600,BaTe,31.625,14.228,31.882492999229484,15.671369598409388
mp-2615,LaZn,49.02,26.359,50.87463317262886,22.800979905237384
mp-2621,ErAg,69.968,16.924,72.72287054582674,28.732248546355216
mp-2630414,TaO3,187.237,73.013,214.22463926344716,79.42007919246936
mp-2636,GdMg,216.967,21.921,51.199466792767126,25.293211398680715
mp-2639,Na3N,21.088,11.725,25.37965802931302,13.457001031620456
mp-2642,CdAg,73.469,27.634,82.53167378796263,26.081211151228707
mp-265,TaIr3,323.564,212.167,345.5898649279505,215.49409205633992
mp-2658,AlFe,170.575,96.914,202.62978380742612,100.54573655929693
mp-2667,CsAu,10.059,6.1370000000000005,11.326939183299388,5.516518948647445
mp-2672345,MgCu,80.417,43.487,84.24971280701973,41.14783191997087
mp-2677,ScPd3,143.721,55.443,148.06214785014598,62.04884118100974
mp-2680,LaB6,181.75,134.517,193.09191171653393,162.12872196012816
mp-2688,HoGa3,69.38,43.833,74.2896720255292,40.22970677145233
mp-2696,MgAg,63.271,36.044,80.52310925992943,38.22807031315454
mp-2713,ErIr,140.411,56.862,150.63740249454082,48.59806993861381
mp-2743,LiPd,72.655,24.82,82.24530575054523,36.98748597210737
mp-2747,TbPd3,126.101,45.911,130.949501603315,56.64120052953356
mp-2757,CdAu,90.157,31.869,96.42988950454848,17.762462732635992
mp-2773,BeCo,196.762,120.555,206.20354156757583,129.68659797052172
mp-2778,HoAg,68.602,18.274,71.45704506160043,27.57173701803232
mp-2781,ScPd,110.671,32.904,115.71209878666424,39.50613824676778
mp-2800,USi3,129.573,100.19,152.85769128279276,86.49954112643202
mp-2802,HfRu,198.115,98.917,219.28852723962828,105.29718880603929
mp-2805,LuAl3,90.195,11.645,86.4034937405443,53.50161166437269
mp-2808,ZrRh,164.388,42.54,173.39990776482762,30.64036023279048
mp-2819,InTe,37.644,2.024,46.20839409170107,-51.30922486565952
mp-2825,ErPd3,129.717,49.925,135.25237282301646,58.45589163850822
mp-284,AlCo,178.781,123.627,203.1018475728478,128.16552643466684
mp-291,TiOs,248.343,130.443,285.56763501439303,147.80356514753694
mp-300,YbPt3,158.564,68.3,198.8771393716675,86.29730706210707
mp-30083,TlBi,36.786,16.885,41.04382545840926,-1.261754902135123
mp-30338,Y3Al,49.823,32.502,54.50130908240039,29.617457321950916
mp-30343,InAg3,77.989,14.93,87.53666000591704,21.09420863474441
mp-30351,MgAg3,77.693,17.218,88.29798695023194,25.55257900799874
mp-30353,AgPt3,200.369,62.854,224.1819437576834,51.5960431555159
mp-30360,TmAg3,74.075,18.548,74.69003645122208,13.250414868376904
mp-30362,Zr3Ag,97.309,21.026,101.32691332943178,19.89469908799588
mp-30468,ThBi,73.55,25.236,70.61240886171795,21.139983932726633
mp-305,TiFe,198.715,94.979,215.26714167281685,95.95715701613268
mp-30741,PaIr3,259.63,131.2,285.8230878077602,140.64072160258604
mp-30746,YIr,130.242,46.637,136.85414308532737,42.69205920217084
mp-30777,MgPt3,183.899,78.069,203.46068192069717,74.71851721841239
mp-30825,PaRh3,212.903,92.757,225.2210739180683,91.87000201541628
mp-30845,SmPt3,160.432,64.907,177.69448317980704,72.94795867082254
mp-30856,ZnPt3,211.734,67.417,230.46823050355655,63.67092570487792
mp-30858,ZrPt3,221.479,103.854,246.7379442258621,103.6975329768282
mp-30867,ScRu,148.847,55.613,152.43967579113553,59.6503863546167
mp-30878,TbTl,52.636,14.522,59.09729810233353,15.25014303333312
mp-31337,InPd3,143.036,37.467,159.66337377355092,44.1699439287388
mp-316,MnV,243.086,120.425,259.07393360132744,120.2983371957036
mp-33029,Nd2O3,113.322,45.787,129.0772601140962,46.48223201016027
mp-33032,La2O3,100.901,33.76,111.04745270602352,33.53365162505901
mp-331,ScAl,78.486,43.156,83.63544275206509,42.71205893149966
mp-348,TmPd,97.651,38.402,100.65756084640682,36.84604717218826
mp-357,SmPd3,120.483,50.999,126.00545178722544,54.744913721928306
mp-364,AlRh,194.408,98.81,222.41355861252583,118.10269243940536
mp-372,VPt3,237.489,109.303,286.5278351768201,124.84050698100738
mp-375,UO3,153.034,63.703,181.83050071992344,67.3879217960724
mp-376,PrSn3,56.073,17.281,63.716670643562,18.62139134921324
mp-377,LuRh,122.628,52.59,132.6078814312563,49.22646485500684
mp-381,SiRu,257.369,93.152,272.81815046914056,111.76715194087151
mp-398,ErGa3,73.646,44.73,74.60783876954187,40.195464588534186
mp-417,MnRh,183.708,85.073,108.84123172259348,25.29051969785352
mp-419,YbB6,154.194,90.805,194.73634246462,117.70328002911904
mp-435,ThSn3,68.417,30.84,77.67932148655859,24.234606565528363
mp-436,SmRh,101.019,26.534,107.98164612971313,25.479372036288495
mp-437,MgAu,81.405,25.035,98.48627728633905,36.034140223292034
mp-460,PrZn,50.277,26.844,55.73229885886585,23.909587657653976
mp-481,ScPt3,198.156,89.795,219.08353775771363,103.69485697642529
mp-495,LuGa3,68.978,43.84,75.67022790191803,39.50282757106634
mp-506,MgPd,93.324,8.07,106.40499967543025,37.22614414733509
mp-527,BaCd,19.668,12.119,21.06557868297947,12.405527802274271
mp-535,Fe4N,193.027,56.748,300.137527149026,95.20913372371572
mp-542,SrHg,27.259,14.296,29.873905136375697,15.707843133703063
mp-542569,AlRu,203.483,107.621,221.56607063222873,120.54648627127604
mp-556242,YF3,100.271,49.604,124.70581645313855,63.073446702021535
mp-559,YPd3,124.541,48.346,128.87245504839214,55.293327248495345
mp-567089,YbRh,81.33,33.51,128.26288096739918,36.649921844626526
mp-567116,YbRu,73.949,24.812,131.50463479621632,52.33935711905576
mp-567454,NdGa3,68.84,39.27,69.41634594238975,38.03945436312228
mp-567589,DyAl3,75.98,59.228,84.65968951092201,53.10034291821934
mp-568319,DyB6,171.865,85.681,193.64632005112733,136.5748909599811
mp-568705,YbIr,98.022,35.115,153.92112121090136,45.474876136778995
mp-568711,VPd3,175.556,81.744,206.71943250613788,88.58734259943162
mp-569120,NdPt3,155.153,60.691,170.02320935637852,66.81087743131857
mp-569125,Mg3In,39.204,9.347,43.64473832383208,3.4381181688433187
mp-569593,PmMg,40.401,20.482,42.15911314010166,21.854015287480124
mp-569775,ZrAl3,102.592,59.186,105.82405431731144,67.66606729466778
mp-569785,TlPd3,132.434,24.612,149.4288577475689,35.38134572142197
mp-570018,Ce3Pb,47.518,28.668,51.20802084696258,32.289581765951006
mp-570276,ZrZn,106.664,46.251,118.92858415127644,37.851904008615
mp-570409,PrAl3,67.033,50.75,75.84144183947122,47.38317658758972
mp-570691,Ti3Sn,114.12,37.008,113.40778845800962,37.15224209882632
mp-570698,V3Au,177.227,45.456,199.38025149355545,22.39539291097049
mp-570891,KBr,15.624,7.04,16.825635595483934,7.579973087861982
mp-571188,Pr3Sn,45.876,24.736,50.05561677664676,22.46822089887609
mp-571352,TmB6,174.157,71.283,192.52726722696912,128.3763228330089
mp-571405,NdTl,51.435,17.104,55.95442701938352,14.152035108431814
mp-571491,HoB6,173.233,80.601,192.95088755344543,133.5035686196129
mp-572,SmCd,51.061,18.597,55.608923260699925,15.799726852916116
mp-580236,EuCd,24.939,14.968,35.43248814350613,17.995883143084487
mp-580287,Zr3Cu,111.07,20.3,101.28499978907404,23.593591542125168
mp-580357,Cu3Pd,149.816,48.551,168.65961516165075,53.920810528678885
mp-592,TiRu,215.387,108.631,238.44902197535177,113.40288719896904
mp-608,TiCo3,142.93,94.374,214.72210809384356,97.28168741329002
mp-615,YMg,41.771,20.773,45.16308455168235,23.19541300281094
mp-632319,CsH,11.732,7.858,13.091590020561592,7.931264356546122
mp-633,LaSn3,56.392,23.894,63.60276388439575,22.60974489036788
mp-635,ScRh3,185.005,84.21,207.7354544183031,87.34892646613856
mp-636328,TiPd3,179.376,88.699,194.41637241883623,93.45278895598751
mp-646,PrCd,47.806,19.44,52.49568053787132,15.59741999879271
mp-649,FePt3,263.838,110.344,306.2806873409235,90.75805891311607
mp-672698,GeTe,46.694,3.555,62.12947327241075,8.421911258441016
mp-674,LaPd3,109.965,45.919,119.1003075379542,49.58348999748565
mp-6907,SrSi,38.382,6.986,41.86827836102847,5.490313687764514
mp-693,Pr3Tl,40.884,15.285,44.83608495749814,17.20002562257796
mp-6938,ZnRh,171.239,74.335,185.72194577456844,82.94478990047118
mp-6996,SmB6,174.855,106.824,194.0118770110047,144.59106093036226
mp-712,YCu,70.25,31.833,75.31265339229867,35.11843039861852
mp-7131,PrTe,58.128,35.887,63.70613341678389,42.48916885683216
mp-718,SnPd3,145.871,54.511,171.91343363633231,61.490844848771005
mp-721,TbCd,54.797,22.082,58.8180325400288,19.50986093159105
mp-755300,TiO,208.643,46.453,240.8602310896892,113.51368215455076
mp-768,TmAl3,77.938,59.643,85.24226683725432,53.39363111089698
mp-7700,SiB6,150.882,23.821,172.32564513802896,81.34002492866546
mp-7753,MgPd3,128.765,41.213,140.37218934233417,37.47060241662084
mp-776,LaCd,45.631,17.494,48.07155559583069,13.45455042461214
mp-790,LuPt3,182.998,79.492,205.87225046605403,93.88047262758816
mp-797,DyPd3,127.136,48.329,131.55162382897956,56.54806805425293
mp-8039,AlF3,124.366,76.51,144.26086628914098,84.86118558902385
mp-8102,W3N4,344.254,70.766,413.3431576466352,123.31138170671284
mp-817,TmTl3,46.269,17.128,54.61290316046153,18.278088070429064
mp-823,TiCo,351.113,68.061,186.02827149242705,64.74723094820745
mp-828,SiNi3,209.083,104.05,238.3086672354534,109.48093518449537
mp-829,AlPd,155.221,52.682,170.92115270302688,58.88071398345764
mp-832,HoPd,94.522,35.725,96.89657883402326,33.89079971444046
mp-8338,TaF3,100.51,20.136,109.76160723187328,24.25776611976702
mp-836,TbZn,57.624,23.228,66.0652581737874,25.28400255059824
mp-8454,KF,33.925,14.164,38.0678573740163,14.69849668024275
mp-851,ErPd,95.906,37.403,98.77921066823912,35.53481243188833
mp-861931,LiPt3,182.434,85.615,200.47223192270872,76.38512744284148
mp-861936,LiPd3,120.749,37.805,135.3019810289209,40.15227467056259
mp-861939,Ac3Sn,34.933,20.594,38.10805887540467,18.597727382432087
mp-862820,PaSi3,122.743,73.385,133.088469398479,71.95129903925307
mp-862861,Pa3Si,108.501,59.249,121.87660048348349,52.765787135067846
mp-862862,Pa3Sb,104.598,62.028,119.345575989339,57.104843549386224
mp-862863,Pa3Te,105.402,60.794,130.84522898374186,64.21054663843431
mp-862864,Pa3Ge,111.033,56.445,117.03817133549497,50.95266793493079
mp-862954,PmPd3,117.777,52.142,125.32378266680732,54.403937857444866
mp-863257,LiGa3,39.269,19.567,52.58058998648919,11.84206706961239
mp-863720,HgPd3,139.163,29.205,156.90723971838946,29.811687939066008
mp-863737,Ho3In,50.028,30.054,56.799582049176,27.72248236191957
mp-863750,AgAu3,121.457,25.136,137.80943138774765,20.66843059073743
mp-864794,ZnAg3,90.519,29.454,102.28684246132264,22.583096391546466
mp-865,CaB6,146.893,84.87,168.952441034374,134.6351374111035
mp-865786,CrPd3,152.758,66.576,413.5769903759468,81.71480182521543
mp-866006,CaBi3,45.159,13.126,49.24158001641228,8.382297764777702
mp-866022,CdPt3,189.833,50.231,207.20449419485507,50.16629184395052
mp-866186,Ti3Zn,110.213,52.136,116.613020267392,58.665084641585274
mp-866199,AcAg,43.963,16.405,47.850732216003074,21.684536075991964
mp-866286,AcMg,30.934,19.546,31.462807860613506,20.862154701553607
mp-867,ErCd,59.501,29.491,61.31376112521395,24.376722931696232
mp-867189,Pm3Pb,44.905,22.668,49.01620460935801,20.405239494052672
mp-867248,LaBi3,53.973,15.364,60.91706308960927,11.646001355416264
mp-867816,TaRu3,276.055,139.6,292.1937384382607,137.27868392022998
mp-875,AlOs,236.689,124.889,267.33353717065586,135.77067265971013
mp-881,NpSn3,54.061,16.852,132.06322267614073,30.10519096198984
mp-892,ScPt,137.028,37.91,142.1008669024471,41.86261797040498
mp-902,BaZn,20.356,14.528,21.494248950693148,15.794949413679438
mp-915,YCd,56.99,28.662,58.91389154938166,23.710851140286028
mp-922,CoPt3,227.99,87.071,248.9442804433604,97.79789995869218
mp-932,ScGa3,73.065,45.318,81.17829575207548,39.88551942166427
mp-953,NbZn3,118.284,74.397,138.47570186251173,72.86414188277949
mp-954,BaB6,141.127,129.899,167.72023064341607,154.83288883199708
mp-971682,Si3N2,142.078,72.85,164.88680229902772,120.21458831412532
mp-971694,Ge3N2,99.291,52.658,116.26581572621008,88.6987129733773
mp-971703,V3Ag,159.817,28.888,175.54446548259054,15.024141046074568
mp-971753,ZnGe3,61.403,5.969,68.21667017315751,-0.3140164063747978
mp-971803,ZnHg3,21.227,3.365,25.91756251486359,-0.0533086117645085
mp-971951,Zr3Pt,128.477,16.539,130.07026700285456,-5.281722789456787
mp-971958,Tm3P,60.974,21.319,62.40007884170533,22.96141485034682
mp-972044,YbTh3,44.763,31.315,56.755250176043155,41.73190598155179
mp-972087,ZrH3,129.755,78.184,138.0543852014843,84.84792727934062
mp-972103,U3C,177.966,70.859,194.585975597796,83.99966470859464
mp-972156,TbY3,39.722,23.922,41.08623864672286,21.692532385003165
mp-972185,Tl3Hg,26.92,8.347,30.810873086489423,2.2253825233426996
mp-972352,YbMg,24.014,13.027,52.63784022418743,26.833253183462023
mp-973004,ScRu3,203.337,64.747,219.91213961206003,55.55937274426975
mp-973024,La3Hf,40.645,21.816,43.12468963974288,24.096788028843093
mp-973060,MgCr,57.229,33.265,172.39056804404728,30.054715175484795
mp-973191,LiTl3,26.317,7.189,29.58468480679646,-17.930089702775945
mp-973232,NdTm3,40.739,23.677,43.14540411472764,24.546589907167352
mp-973342,SbRh3,205.763,100.722,232.3127721859581,103.00449323093996
mp-973556,LuTh3,51.667,34.157,53.622619546903394,33.22295740952172
mp-973652,LuRu3,191.106,58.922,202.3891222502415,48.19362286531565
mp-973777,Hg3F,43.402,0.147,43.6425552397958,4.155402687253909
mp-973834,PdAu3,143.059,22.521,166.88917263236328,29.75174936368401
mp-973865,PaAl3,93.654,66.056,99.3011376117088,67.60300689499424
mp-973875,Ga3Ge,49.122,19.565,52.161049932790654,-5.024491557560475
mp-974066,Nd3Sm,34.408,19.689,38.1330201133244,29.20921184527779
mp-974335,RuRh3,265.771,166.99,299.38360247003976,175.82521510825467
mp-974370,PtRh3,252.972,132.714,279.1193273362477,131.58710576530382
mp-974395,Pt3Rh,248.019,78.168,277.80592235710805,66.86648856127597
mp-974457,Ru3I,200.1,82.095,215.90012360187103,74.10799671855074
mp-974617,Hg3Pd,68.071,5.286,73.40018938463409,-3.398029042830069
mp-974627,K3Tl,5.574,2.908,5.979264710468751,3.5216341532066417
mp-974799,Rb3Sr,3.974,1.448,4.564091806026434,-0.9744471471788833
mp-974827,KPr3,21.468,6.489,22.192323471190463,11.37579986918865
mp-974865,NdY3,38.765,21.65,39.66710224014724,18.835995672968515
mp-974866,Rb3Na,3.34,1.364,2.6772564032025574,-0.4452947957551556
mp-974938,Rb3Li,3.531,1.539,3.155905031837293,0.7042319315833777
mp-974948,Rb3In,4.908,2.719,5.878004358241769,3.2475831203069694
mp-975312,RbF3,20.725,3.405,21.263119325904693,40.57510831302722
mp-975383,RbCa3,11.416,5.159,12.27352537825658,5.3355139936763765
mp-975439,Mn3S,179.718,51.052,193.82515220124864,-9.624157182924955
mp-975511,InSb3,44.916,8.082,58.03472022885921,1.9984238786863384
mp-975638,Pr3Hf,43.976,24.977,47.846103296065344,22.16300096093392
mp-975639,Pr3Er,34.921,19.5,38.009228767148365,23.474832568244125
mp-975664,NdGe3,69.174,22.539,77.14692076144036,32.820147270956255
mp-975797,PrSm3,35.965,21.072,38.01699759810101,26.45478643686361
mp-975994,NaLa3,21.316,6.803,24.99635386501795,11.39163980514232
mp-976010,Li3Cr,22.421,6.546,23.671048706301423,7.47697545814126
mp-976061,PrGe3,69.29,22.594,76.02118266952941,33.61067491297408
mp-976138,PrDy3,38.535,23.324,40.823606079566645,22.500035868844726
mp-976254,Li3Mg,18.827,4.952,20.745485389885086,6.038105586346368
mp-976319,NaHo3,31.547,5.748,30.919810588241685,6.890541927724557
mp-976424,LiLa3,30.515,10.268,26.800829151600094,12.61712803975282
mp-976588,HoTh3,52.284,33.704,49.409411636726766,26.848828103053982
mp-976725,Hf3Au,122.505,10.695,129.53657565316894,30.173097567301035
mp-976772,NiAg3,127.322,28.17,124.16789362894326,35.02281942239034
mp-976784,NiAu3,144.369,20.114,177.0538909841206,30.310663463488883
mp-976799,Ni3Bi,136.809,40.924,158.05247671197503,46.02991046552415
mp-976847,Ni3Sb,164.639,57.89,189.4970312304588,63.43622470906764
mp-976856,NaMg3,24.546,8.351,29.61613784921342,11.17391243955004
mp-977,LuIn3,54.557,25.507,67.01051307519376,25.23729996687614
mp-977224,PrAs3,75.341,20.306,86.40288440790138,19.534724008087583
mp-977310,OsAu3,183.641,15.146,181.58674568640456,24.5392547389862
mp-977573,HfH3,141.255,84.832,146.33391322485772,92.20655548326415
mp-977585,Zr3Tl,96.017,46.953,98.9316425499197,37.54126416529434
mp-977997,ZnMo3,217.767,57.605,230.9014242796403,61.34467755374346
mp-978034,Rb3Sm,5.436,1.738,5.847180372418529,0.5944911204981626
mp-978273,Mg3Cd,37.897,13.932,47.656563074922985,14.551844070508116
mp-978281,Mg3Ga,41.632,12.543,45.82389043884984,11.496062238445946
mp-978282,Mg3Hg,40.931,13.677,46.70132534605793,18.40588193879439
mp-978286,Mg3Mn,44.054,20.217,249.37252662448057,23.476201682688785
mp-978287,Mg3Mo,72.683,52.21,93.5671195170594,52.467209197111806
mp-978294,Mg3Sn,41.535,20.038,50.45698914124131,11.984456363136628
mp-978303,Mg3Re,80.582,30.25,90.20243489410706,38.29344451217186
mp-978304,Mg3Ta,69.102,42.454,81.95041678011997,39.752265863695705
mp-978498,Sc3Al,64.254,43.099,69.91974679718201,43.955662950521834
mp-978502,SmAs3,77.887,17.374,89.52786416061754,15.142952202622084
mp-978507,SmTh3,52.79,34.028,49.45791187364559,35.40622575688175
mp-978514,SmTm3,41.344,25.23,43.35467779687447,24.845269840335444
mp-978797,Sm3Hf,47.667,28.35,52.16001077542738,24.554764376040744
mp-978823,SmY3,39.02,22.803,40.2276084193929,19.96987912506088
mp-978964,Th3Mg,52.8,28.975,60.12777741460505,30.346533329310542
mp-979009,Th3Be,62.166,29.253,70.46033746495127,34.85535461329054
mp-979039,Th3Au,72.964,15.655,80.10468041839117,19.268236710555367
mp-979269,Tl3Cd,27.4,6.46,34.02475141625991,2.121488065810643
mp-979419,Dy3Y,40.892,25.48,42.30763474720252,24.412565208353076
mp-979423,YGa3,69.461,42.645,71.14690914738,39.00797546560008
mp-979936,RbYb3,9.676,5.944,27.150091604711147,9.554456851953647
mp-979945,Yb3V,20.968,14.683,78.60499499584631,28.33761492475461
mp-979956,Yb3Mg,18.16,9.45,42.37528990706759,22.59771944521638
mp-979963,Yb3Ti,20.615,14.63,46.87515550859376,22.15517668718188
mp-979984,YbP3,77.34,35.155,99.02465720097344,1.2120121035286646
mp-980001,YbPr3,28.124,14.306,37.47902155410228,27.08011804458403
mp-980014,TmTh3,52.713,33.632,51.37453187808751,27.75644038087501
mp-980063,YbDy3,33.683,19.241,46.182924065240535,20.81963152525279
mp-980203,TiOs3,308.449,110.247,326.9295611843752,143.89924642770868
mp-980646,TmSi3,89.137,32.813,96.34735566948908,35.58044967416662
mp-980941,Ti3N,122.949,70.473,127.1406336205873,-4434.0216831279195
mp-980945,Ti3Nb,123.599,17.805,132.64419774468493,6.450947596882573
mp-980946,Sr3Cr,14.914,8.285,16.603728880919398,8.227930151005904
mp-981215,Zn3Co,118.899,45.999,135.11276236256705,52.47513885908787
mp-981384,ScOs3,258.846,85.493,271.922041946882,76.99055041805791
mp-981390,HgBi3,49.206,1.476,54.25035609804105,-1.814419249209046
mp-982,TmPd3,132.296,50.923,137.06560229664353,58.778342193493465
mp-982048,Ge2O3,178.568,103.527,200.7275410683081,110.61974679090686
mp-982665,K3In,6.339,3.261,6.691795927673021,3.9191189167386087
mp-982773,Na3Tl,11.861,4.995,12.36135509800646,3.920440941381712
mp-982780,K3Cd,5.074,2.625,5.744855536239242,2.4553305454921968
mp-983230,Ga3B,65.049,27.884,79.7940491209041,2.415421749831825
mp-983237,Ga3Bi,43.085,3.494,46.25951539250194,1.8018794956166069
mp-983497,Pa3Zn,93.69,38.201,104.622216784233,41.461634754853144
mp-983539,BeAu3,140.648,30.875,161.59863260062087,24.18829435662327
mp-983584,Al3Tl,49.964,10.322,60.87098430722436,17.33325156511354
mp-983585,Al3Zn,78.655,33.527,85.5997453496691,17.95259384340278
mp-983590,Be3Fe,151.52,99.945,160.38654680597185,106.94364941507747
mp-983594,Al3Ga,61.751,6.133,78.73748339506223,15.01846930366808
mp-983604,Er3As,56.983,18.755,59.44413660068851,21.149213076733336
mp-984711,Cr3Cu,220.871,72.044,217.70459781340543,74.48777397714218
mp-984719,BeAg3,103.296,38.839,118.35286346022988,31.100248356385865
mp-985,TmCu,74.896,28.832,83.29496239873748,39.63781374618684
mp-985282,Ag3Ge,83.095,17.741,87.04897009205068,15.598932883670177
mp-985285,CoHg3,63.448,11.284,79.01764586425362,8.818503618702003
mp-985300,AcEr3,37.45,20.758,38.53395630127169,21.54242990707167
mp-985443,Ag3Hg,79.37,22.963,91.75493957324456,16.88748745363215
mp-985588,FeCl,41.143,98.169,73.14269425250332,4.743499414245831
mp-986,CeZn,35.292,21.92,56.61962561406491,18.94452871212716
mp-987,ZnCu,116.179,45.918,132.19537806545037,46.31734082643913
mp-998903,TiN,258.929,68.67,281.7142400725378,71.17521522936201
mp-998947,TiRu3,247.859,100.073,262.556478841743,102.92311884748486
mp-998981,TiAl3,102.749,65.989,109.42114149562174,66.45733049274382
mp-999188,NbNi3,198.862,31.581,213.90043524557575,76.98562059344651
mp-999189,Fe3Ni,152.94,0.719,201.20069390930223,97.0778839433364
mp-999294,Pd3N,133.636,38.555,161.50586606213074,43.45574010321324
mp-999298,Pd3Au,159.176,46.576,185.0418747138933,41.61416574900415
mp-999437,Nb3Ni,187.032,31.409,190.95585491114065,139.19200465957343
mp-999484,YTi,48.406,17.122,65.45743676114334,5.92562417172638
mp-1163,UBe13,123.142,127.915,122.82850290195914,134.77054887052816
mp-1562,ThBe13,117.752,106.867,116.87700380951811,134.40307833248343
mp-1878,HfBe13,125.555,129.905,131.30123584427386,161.87783658829545
mp-397,KCd13,38.647,24.319,41.44948705382011,12.4798295896192
mp-672227,CaZn13,71.135,40.353,80.88783295301468,43.11677701403727
mp-855,MgBe13,99.848,104.389,106.39950896868106,121.97563333030584
mp-950,NaZn13,64.356,47.603,73.88658946564675,40.29620989762035
mp-1000,BaTe,28.286,16.564,34.96069301771032,19.242388192836653
mp-1001602,B12W,238.944,123.5,267.93987733299434,194.8071946423605
mp-10020,ScC,153.13,75.434,181.48861105415264,85.30903083583613
mp-1002165,GeC,160.406,96.772,189.91595911321923,132.96205036273736
mp-1002187,TcB,282.66,38.743,330.9909512474037,94.96381006790662
mp-1002206,SiC,252.718,221.298,335.55568922302433,273.8448466921795
mp-1002221,ErH,70.446,43.134,69.77396544547506,50.6661598989729
mp-1002222,TlN,107.027,48.73,126.35459172734386,63.23449501098074
mp-1002227,RbSb,8.399000000000001,2.582,10.739837910556114,2.311809907120288
mp-10051,TeAs,62.239,28.154,71.33615645640243,19.395397379458387
mp-10054,ZrAs,117.397,51.514,142.65291049862958,66.41914466175156
mp-1006112,Na3Co,16.754,4.933,19.481690916167313,5.942988225185508
mp-1006887,CdC,102.325,29.038,121.63409308023827,29.664371704115716
mp-1007,DySb,60.478,34.856,72.50704129974021,39.05695903285246
mp-1007853,Fe3Ni,179.994,72.293,145.86058657882896,35.27337050463567
mp-1008275,Cr3Ni,155.147,100.224,194.45065137228897,108.95937528925094
mp-1008282,Cr3Fe,227.443,93.238,353.27918508281317,153.3697331214126
mp-1008376,CeH3,41.701,62.301,86.8045958808207,37.06546352163005
mp-1008490,BiI3,34.173,1.423,38.12707370003615,5.8613863901921475
mp-1008610,AuN,172.053,29.649,231.1107251348771,47.77128638370043
mp-1008642,UC2,197.231,100.403,237.75866004054848,101.21999125875706
mp-1008653,AgC,133.032,18.99,153.5131826114534,34.55639990800061
mp-1008677,TiO2,246.526,83.386,296.10341661857376,136.12229772347774
mp-1008785,RuO2,284.209,186.658,302.49539032486615,207.72551275953816
mp-1008786,MgTe,46.024,30.655,55.94377140642478,38.10159958432996
mp-1008820,PdN2,222.571,1.409,243.108480807415,79.58661246407318
mp-1008826,OsN2,334.82,68.185,344.5410501521838,126.54596274705008
mp-1008918,CdN,119.78,45.938,128.99509000013876,48.1254468897312
mp-1008922,CuN,203.809,67.018,245.6233300202541,81.16145296953066
mp-1008929,FeN,193.323,88.013,234.962873338459,111.6156370774367
mp-1009077,FeH,173.813,87.064,149.4435937560455,146.40926339998916
mp-1009078,CoN,297.425,71.779,334.8830263033593,96.49457396220484
mp-1009079,CrTe,60.543,29.155,121.83950852554892,40.937432024020175
mp-1009217,MnSb,69.337,29.705,82.85680744689272,28.02374185446361
mp-1009221,,34.757,18.325,45.97572265972675,20.762978967541095
mp-1009488,NiN,258.337,85.169,298.2558086032338,111.94834435271804
mp-1009533,PdC,215.846,47.559,263.44117521702424,74.32734872813747
mp-1009545,PaN,221.916,88.72,265.4805577457047,112.5120236555992
mp-1009548,PdN,211.396,53.9,249.9524632663984,73.62258160184832
mp-1009582,NiC,256.077,47.733,318.5581108451799,86.91145489572484
mp-1009733,Ca2Si,36.951,24.717,37.96135322005528,26.62764400432135
mp-1009755,Ca2Ge,34.833,23.956,36.28795220506173,24.592252808708476
mp-1009756,Ca2Pb,28.076,19.418,29.67255511912775,20.397354639755733
mp-1009769,RuN,281.889,287.292,369.7885202172368,-167.08579208068468
mp-1009787,RuC,321.211,44.583,391.03264508263527,-6.101837737724285
mp-1009822,SnC,130.966,99.677,151.30238227164696,116.5544310701908
mp-1009829,Be2Si,98.66,50.046,96.5535128986143,62.75800831825453
mp-1011695,Cs2Se,11.808,5.71,12.880857976756715,6.072939472507462
mp-1014264,CrN2,265.131,21.11,295.28664279222835,103.94296751435829
mp-10149,InSb,48.001,13.854,58.29392761594219,8.786617742005202
mp-10159,K3Sb,13.114,6.582,14.499572856348223,7.037962158730714
mp-1018023,Mn3Sn,138.52,27.863,670.6531348222261,121.72167094680702
mp-1018063,ErH3,102.113,10.755,107.40843463005376,58.49079277999278
mp-1018067,CrFe3,178.768,77.935,341.14232925354196,97.6596425914482
mp-1018144,LaH3,82.577,27.554,82.31620766835404,42.65229780934749
mp-1018165,PtC,259.237,15.884,313.00657896573136,71.69363820438656
mp-10192,LuP,86.563,65.526,113.97575290410931,74.30332998038989
mp-10197,ZrO,197.527,29.097,247.3865684385502,39.02283092837245
mp-1021516,K2Sn,8.242,3.639,10.531978215024855,4.604297907326069
mp-1021674,NiCl,64.143,104.314,73.34153497005319,5.090593238497584
mp-1022,K2S,18.259,9.782,18.52903655262682,11.23041987569913
mp-1023128,CuS,104.037,40.689,133.3599752181985,54.37550230790619
mp-1025415,CePd7,143.898,45.333,152.6697812956017,43.60780320252471
mp-10260,Ni3Sb,166.012,22.979,188.15341446511204,21.45321306454897
mp-1029,BaF2,54.086,25.35,66.68224281646245,30.15541205959233
mp-1039447,CaZn,26.729,6.686,29.63121926172164,7.033215421743322
mp-1055,CdSe,59.102,26.802,72.48319669611877,33.37951545821324
mp-1057286,CsH,8.987,6.816,10.499428661613049,6.500209120921001
mp-1057979,IN,89.968,15.186,111.77983102726108,-64.14171575944164
mp-10622,PrAs,70.29,44.49,83.34003342216951,48.729753252293904
mp-10635,SnSb,51.179,24.656,62.713513086129865,23.601944720271817
mp-1065,LaSb,49.747,28.091,63.361946259632695,33.3239980796937
mp-1066,YbN,92.405,27.219,231.9171312685703,169.36105961478535
mp-10688,CeO,148.033,80.747,193.1949895450002,96.93653945906524
mp-10728,PdO,173.814,22.013,217.7323367476698,25.133458324653123
mp-10759,GeSe,57.611,44.393,71.76144315075825,43.50693775433006
mp-10760,MgSe,60.707,41.4,76.58190508688226,58.9830081224173
mp-10764,HgS,65.862,13.773,84.01974434183319,26.569561130885113
mp-1084,ZrB12,233.379,219.913,264.3217724948231,239.94500523966516
mp-1086,TaC,323.894,176.246,380.3197738203005,240.4046770541982
mp-1087,SrS,48.468,32.3,60.47750011263872,37.30155065336275
mp-1093,ThGe,86.356,42.681,100.75898403086326,49.62768806013039
mp-1096,CeS,87.161,52.574,102.59966770100614,52.69414893004573
mp-1101,TmAs,79.857,55.255,97.98529192655788,60.77278430378349
mp-1102,LuN,178.449,146.135,239.33710302757535,181.0076024014041
mp-1104289,LuB12,213.636,195.974,251.27245475928228,234.49927502799196
mp-11247,Li3Au,33.973,9.25,37.68968547585419,12.908185474634848
mp-1132,CdO,127.369,44.447,157.45051787835465,57.266699999729894
mp-11327,Rb2Se,13.717,6.979,14.422211173098905,8.085633273555421
mp-11335,BeSe,87.774,66.886,99.4063626721742,71.84286989009478
mp-1138,LiF,69.649,50.018,109.1490436333728,54.45884343746607
mp-11489,Li3Pd,36.429,15.968,40.5678797793496,13.2801840257832
mp-11523,Ni3Sn,163.22,17.165,188.99419231412477,33.3750621303652
mp-1153,Li2S,40.49,33.875,56.23805142015359,45.01485312699607
mp-11577,YbZn,27.526,7.41,57.0482493826476,-8.68376032563642
mp-1164,ThC,97.603,71.668,151.1895821874167,86.82068574715949
mp-11718,RbF,25.133,13.408,32.95411552822363,15.678600317188677
mp-1176,TbTe,63.35,21.785,78.98538571176081,29.55241665733527
mp-1184863,K3Mo,6.71,2.555,6.6567978365122205,2.700514531169242
mp-1186018,Na3Au,18.941,6.198,21.314459946552027,6.337335777363872
mp-1186852,Rb3Mg,4.215,1.491,4.971887438180943,2.346059161490776
mp-12087,Cu2S,91.395,21.175,107.39568579029742,32.26679725717266
mp-1216,YbO,123.582,88.774,198.2023156522332,126.66909220699408
mp-1240,HoS,99.911,42.662,121.8371843175657,60.59207199446807
mp-1252369,Si3Os,172.924,67.583,222.93034445266227,28.98945598204226
mp-1253,BaSe,35.501,21.416,44.24909002235909,24.725847190448135
mp-12608,CuPt7,229.485,67.266,262.9565889319471,61.3694471522558
mp-1265,MgO,151.45,118.82,204.11001507152383,151.16682221166232
mp-1266,Na2Se,23.909,15.694,25.52268318179384,17.370062354457747
mp-1269,SmS,90.438,39.284,109.53914395032116,50.92049781613469
mp-12777,AlCu3,138.352,47.92,153.74110982347233,55.036070114576574
mp-1280,ErTe,65.928,20.06,81.78717488869786,27.203300031955383
mp-1282,VC,306.705,208.742,357.17051144826223,239.03504018029147
mp-12979,SnO2,185.31,57.406,195.218256700562,47.69180376733468
mp-13136,WC,365.029,130.115,475.324081926709,197.22299558526703
mp-1315,MgS,74.305,51.763,90.02239344081448,75.55139170292017
mp-13175,PtN,234.662,26.883,301.41600777425805,62.98939233661391
mp-13181,LaF3,125.291,12.21,138.33990338992754,20.774746189023
mp-1330,AlN,252.764,216.097,314.51363932532985,273.7096968717788
mp-1342,BaO,68.281,37.058,87.34910194617468,45.55845608437178
mp-1352,ZrN,247.481,147.586,309.42488959414584,184.49564565335177
mp-1367,Mg2Si,54.228,46.085,57.26674598690364,45.858088986907745
mp-1394,Rb2O,22.839,7.73,26.245254852876517,8.736139419627204
mp-1406,MnTe,46.537,29.189,57.45002756401437,35.893440469847576
mp-1410,DyN,163.58,123.389,208.1550607116633,149.84759845007923
mp-1415,CaSe,47.761,32.174,57.90383400534374,37.80784953146675
mp-1432,Be2B,144.862,92.441,151.62370702596334,158.45574061669282
mp-1447,SmSe,76.17,29.406,92.83371228963256,39.696192573331786
mp-1453,NdSe,73.49,28.425,89.41307313339051,37.339328407408765
mp-14549,CuO,179.442,35.321,225.1878595080437,48.23822116470598
mp-1476,ScS,99.417,53.382,118.63593121903028,68.4994833851691
mp-1500,BaS,41.171,24.774,51.43225930359877,28.57895842380522
mp-1502,Al2Pt,129.675,38.584,140.77425647602038,66.77274590602872
mp-1519,CaTe,37.042,23.516,44.90954029076894,28.06037827192537
mp-1534,YS,93.243,42.129,112.55076315697778,60.52121740192728
mp-1546,DyMg3,41.005,24.698,46.981602808517216,30.992226314364988
mp-1560,LaTe,54.332,21.792,68.72994663123362,26.752156002990752
mp-1561,TbSe,80.122,29.91,98.56618528555092,44.18662395235479
mp-1565,ZrO2,235.389,103.516,261.45664441281707,149.87981911213168
mp-1569,Be2C,200.504,228.81,231.59461342812972,250.46415094457237
mp-15694,PaAs,116.084,54.249,144.7794708395334,48.499904513072785
mp-1580,NbN,304.766,139.843,390.7921978327466,148.66492623278748
mp-1586,NdSb,58.638,31.963,67.55787692134027,34.65211046207505
mp-1597,UO2,206.152,92.078,219.63896776607555,103.83524644368624
mp-1610,TbS,96.236,42.109,117.4832908691544,57.45799139115426
mp-1623,ErS,99.884,43.445,123.47641055826658,60.81756034802924
mp-16366,Cu2Se,84.187,5.813,87.19188106070533,18.78160506328996
mp-1646,Li3Hg,25.438,5.618,27.46778879499321,9.294524438615996
mp-16522,Al2Pd,109.96,31.202,119.01237550901403,55.25549658454763
mp-1672,CaS,56.852,39.145,69.46828363896863,46.13537734922093
mp-16730,MoN,327.755,14.157,434.6718438416737,-35.43805558904037
mp-1674,PrSe,71.671,27.766,87.85091907326427,35.79773688041615
mp-1688,ErAs,79.218,53.691,96.3855067779572,59.53160067656205
mp-1708,YTe,61.724,21.921,76.76780959917987,28.57647306515561
mp-1719,PuN,158.704,69.543,193.47489807735403,110.81759166399908
mp-1738,SmAs,72.532,48.426,88.6199605653052,52.38759079648731
mp-1747,K2Te,13.039,7.26,13.21619837908474,8.390117445036832
mp-1748,NdS,86.452,36.997,104.98163887015724,46.98115850575474
mp-1751,ThSb,79.402,30.308,97.39970077352844,41.059614394601525
mp-1753,ThAs,100.068,47.87,122.96232016743792,54.956512126036245
mp-1766,TmS,102.797,43.054,128.41020227779052,62.47182545909504
mp-1776,UN2,256.399,93.359,299.5567913466944,125.3734414513288
mp-1779,YbTe,39.676,26.05,84.60094550235618,16.67744020973308
mp-1782,ScSe,81.738,39.59,99.29906818636636,48.881859521980445
mp-1784,CsF,21.461,9.864,27.52063602308186,11.831594683740503
mp-1785,PrSb,54.454,31.033,66.05928179200633,33.68032687003817
mp-1787,NdMg3,38.838,26.322,45.07107402026046,29.86849542630519
mp-179,YZn,52.307,4.156,56.920934375099144,-10.57032267862368
mp-1794,BeO,243.273,148.783,302.9663454894396,197.99347564477003
mp-1798,CeMg3,45.536,28.847,41.81263872515014,31.93970223668164
mp-1811,HgTe,45.79,10.847,58.44885319487563,17.264447413475818
mp-1820,YbS,62.187,44.285,128.97244550071792,57.59710161144595
mp-1865,UN,206.53,72.566,246.2506218259188,86.42766744277819
mp-1876,SnS,53.469,31.014,67.96523839111366,31.25097524343724
mp-1883,SnTe,38.189,27.868,48.49194927126876,28.06876193452338
mp-1925,ZrS,132.151,48.734,158.961920571565,65.03875566874986
mp-1958,SrTe,32.317,20.197,40.043742690508005,23.292128367887276
mp-1959,PuO2,196.245,78.729,453.6211744829586,112.03138835928084
mp-1960,Li2O,78.6,68.452,114.32262285578038,77.12135468519337
mp-19717,TePb,38.461,24.006,45.89558023938377,27.35874576621963
mp-1975,TmN,172.542,137.49,220.3275255778052,166.8464483369906
mp-19830,ErN,169.316,132.589,218.65242946521033,161.97034119368482
mp-19962,Sn2Pt,92.692,28.197,92.0437473945338,33.54629668488222
mp-2011,UP,99.646,46.377,121.93437440793146,48.147587392195064
mp-2014,DyP,87.469,60.67,104.24720452660644,66.72757207554534
mp-20158,PbO2,134.544,28.736,150.09014193508355,17.1996828048934
mp-2018,AlFe3,171.541,83.814,169.49338879405735,85.48486104104667
mp-20194,CeO2,170.992,73.939,260.99504957410653,83.80625842103828
mp-20211,Mn3Si,227.244,100.274,215.85831994277387,184.74936293407848
mp-20340,EuN,109.129,53.655,299.31507395404867,62.88593522198168
mp-20457,InP,73.875,38.448,83.71287832707189,41.41938357539823
mp-2050,HoSb,61.329,35.415,73.33619556120975,39.94546965649735
mp-2052,ScAs,85.701,51.516,105.1327514806433,58.70531494896917
mp-20581,Ca3In,24.386,12.365,25.84959301557431,17.2637121237097
mp-2065,MnS,60.377,34.361,66.20199583005778,40.29669532404075
mp-20711,Fe3Ge,142.782,34.23,505.11331718707333,96.74137198927214
mp-20724,Mg2Pb,34.401,21.217,35.18772995582504,19.33427802087683
mp-2074,Li3Sb,32.535,25.62,38.99442026713073,29.96744992934665
mp-20812,InN,158.992,95.097,180.3716678934669,112.8875076687873
mp-2082,PIr2,275.878,95.703,316.46221753242816,102.6452023542606
mp-2083,Sn2Ir,110.242,33.475,122.98740552858332,52.19064061159253
mp-21075,HfC,239.071,177.337,288.3699990916478,221.40686459450143
mp-2114,YN,159.077,120.831,198.9836157677311,146.95845892192665
mp-2117,TbN,157.952,120.579,206.19514406568123,145.7014726046662
mp-2132,CrN,127.896,97.244,275.3643308825875,150.19564054589006
mp-21391,InAs,61.193,24.866,72.23770529909376,26.238273970522304
mp-215,YSb,57.085,34.094,71.26243535907554,38.38505715369544
mp-2154,CeP,69.44,50.428,91.9914407178832,59.091834102114866
mp-2159,DyTe,64.339,21.366,79.98641398954442,28.91855891235631
mp-2182,SnAs,64.044,29.701,74.15469521805349,37.06052864848481
mp-2183,ThSe,101.246,25.536,127.35238668154052,31.974538515301
mp-2191,ErSb,58.352,35.969,73.73510942833833,40.46754956217641
mp-2199,Fe3Si,210.833,99.533,242.34767569416567,92.42927586030748
mp-2201,PbSe,46.512,27.177,56.79667457980374,30.498207990168257
mp-22095,Ga2Pt,101.898,20.333,125.65297880234252,45.62483860504794
mp-22154,In2Au,53.29,13.931,57.1342778044098,27.791160786341372
mp-2229,ZnO,166.374,62.567,202.8232074798907,80.25839199525393
mp-22319,UB12,243.159,182.299,270.7536459685296,269.769629827157
mp-22682,In2Pt,91.458,27.293,101.54433179242804,43.69313867385049
mp-2281,SmSb,55.79,32.903,69.40752996543966,35.70062187606632
mp-2286,Li2Se,33.677,26.985,47.542310149873344,37.18155386791273
mp-22862,NaCl,23.77,14.298,29.1618378737499,16.62706544177595
mp-22866,HoBi,54.739,29.989,66.19392695815333,34.883666036387986
mp-22873,SmBi,52.053,30.315,63.426269225285395,31.140371203586707
mp-22879,PuBi,52.25,20.475,95.43213134001384,29.829527980683604
mp-22898,KI,10.558,5.635,12.761366856755318,6.655922281178987
mp-22899,LiI,19.889,12.473,26.813269295536955,16.448518357993905
mp-22905,LiCl,32.161,20.781,44.6846783609618,25.823156718467676
mp-22907,DyBi,53.954,29.768,65.61274248159184,33.93525000128178
mp-2291,Si2Ni,141.692,31.996,156.0774106862394,68.9358279852772
mp-22912,NpBi,14.939,84.218,69.18418235359353,26.595732789594365
mp-22916,NaBr,19.491,11.281,23.6848936808566,13.12665494779564
mp-22919,AgI,34.265,10.345,41.7210135036612,12.75306008053753
mp-22921,TbBi,55.237,29.486,65.1780347395982,33.08721826956999
mp-22922,AgCl,40.56,6.466,47.29719219343045,7.521160218823518
mp-2302,AsRh2,189.638,71.205,210.1270157119665,86.4221655705083
mp-2306,LaMg3,37.949,25.636,42.02940103435905,28.852477418090057
mp-23171,PrBi,49.437,27.031,60.842738758742755,29.83555006318497
mp-23193,KCl,16.489,9.177,20.37345886486804,10.807218300191176
mp-23209,SrCl2,33.615,14.668,38.14713435454954,17.52900426093722
mp-23222,Li3Bi,28.2,21.021,32.69375247841599,25.0028966620741
mp-23231,AgBr,38.284,8.539,43.874924675439374,9.433728495074964
mp-23234,TmBi,54.948,30.664,66.58595234782453,35.684726277632116
mp-23241,YBi,53.143,29.04,64.43655347985009,32.943608923181024
mp-23245,ErBi,54.597,30.393,66.14599617468991,35.22573509894872
mp-23251,KBr,13.432,7.473,16.54005789889072,8.799059932672257
mp-23259,LiBr,25.963,16.321,36.53119028065039,21.14222144582229
mp-23268,NaI,15.1,8.31,18.544740101240983,9.813840079336448
mp-23285,CeBi,38.203,25.983,54.88255560584737,31.77954162626442
mp-23300,NdBi,50.357,27.498,61.94392918796466,30.24626075100907
mp-23304,Rb3Bi,9.746,4.598,10.933662899464338,4.828572651915436
mp-2343,Mg2Sn,40.919,28.207,46.219293908402506,25.20132582491266
mp-2350,LaS,83.314,40.885,99.04995658712934,48.002887735854856
mp-2352,Na2O,45.868,30.58,51.00770192261818,32.720869789792125
mp-2364,PaO2,206.71,104.185,224.0787373517568,111.54910851744812
mp-237,TmTe,66.367,18.543,83.83081365198603,25.976589127523177
mp-23703,LiH,36.35,42.538,38.73110702144113,42.82274213484844
mp-23722,HCl,56.966,56.466,62.22032866234781,125.69883730994054
mp-2379,CoSi2,173.636,55.782,196.98443890535228,110.22384827635878
mp-2384,LaP,71.271,44.222,86.60874607685987,50.034150066460455
mp-23870,NaH,23.295,19.487,27.662285698276825,20.11243097621378
mp-2388,CdTe,46.602,19.072,55.876020549252,23.276411638584328
mp-24084,KH,13.704,10.516,16.662376718238875,11.516498610079507
mp-24092,GdH2,68.537,47.226,71.10306156130095,54.04750726388449
mp-24095,PrH2,68.409,39.792,66.82994322258011,53.147744321517386
mp-24096,NdH2,71.096,40.995,69.42526351249727,54.89941733094857
mp-241,CdF2,95.332,27.592,105.48065989025756,30.207267202983537
mp-24147,AcH2,55.135,31.721,56.78782011699797,41.26202199099808
mp-24151,DyH2,84.452,54.075,81.04169068849198,61.26790019802724
mp-24152,HoH2,86.522,55.883,82.74366238781644,63.77111117046914
mp-24154,NbH2,179.449,70.17,192.64777087893597,79.80325885586015
mp-24192,ErH2,87.63,56.307,85.67251517050225,66.3403896236951
mp-24237,ScH2,95.971,65.106,97.87823331848718,73.38152598444258
mp-24287,CrH,243.317,139.914,225.55848656472077,159.79899761327334
mp-24289,HPd,174.968,38.553,200.92164664698103,44.821256281470625
mp-2458,TbO2,142.644,120.173,152.34658621797067,-19.902274194528687
mp-24650,YH2,81.498,53.752,81.25238073089581,60.3743755050471
mp-24658,SmH2,75.078,44.862,74.80317094405744,57.1163095372855
mp-2470,DyS,96.9,42.673,119.55013124042814,59.26641026696424
mp-24719,NiH,200.93,66.268,225.1750347658537,77.67252377834826
mp-2472,SrO,84.99,55.772,108.87402713465144,67.46674422748103
mp-24721,RbH,11.395,8.535,13.704849690497378,9.526454422220011
mp-24722,HRh,218.492,70.702,260.15270002482947,68.56265723756546
mp-24723,TaH2,196.872,57.999,211.9696559959351,75.61964223027992
mp-24728,VH2,175.664,88.024,189.73850289350625,103.41329315123612
mp-2489,UC,178.518,29.992,212.4727752273849,62.44635949781032
mp-2491,ErSe,83.657,28.368,102.5338851682668,44.50104239197317
mp-2493,CeN,143.06,76.604,194.52897278484124,103.31424439781657
mp-2495,PrS,84.639,35.905,102.61457143356478,44.757979698120565
mp-251,TaN,330.533,142.307,422.23267989967394,146.6923124850193
mp-2520,TmSb,62.342,36.301,74.44558551997343,41.44908501088651
mp-2530,Li2Te,26.076,18.389,34.55919129104995,26.534601904202244
mp-2530518,TePd3,134.524,18.854,236.73736572858843,19.19900307634128
mp-2532,PrTe,57.203,20.901,70.90399828424668,26.33741971594757
mp-2548,PuAs,71.138,51.563,88.66157874914678,63.410158935530205
mp-256,LaN,121.33,67.25,164.9789583670475,82.19824448338179
mp-2563,CeSe,93.807,23.207,82.39170192800275,40.806962549803025
mp-2566,PuSb,54.416,29.524,243.56151312504937,48.8186102323967
mp-2596,NpN,151.141,85.399,269.6383579003115,107.80954024514058
mp-2597,InTe,39.529,13.03,49.36059524140942,21.54398627182828
mp-2602,NdAs,71.185,45.687,85.71643204729958,50.411458349798885
mp-2605,CaO,105.841,74.209,134.27389568184535,89.86236245947148
mp-2612,GeTe,48.853,41.317,57.56972112863338,40.653470848986146
mp-2616,NpO2,192.353,81.895,465.62736946425895,98.7043419908972
mp-2627,DyAs,76.57,52.475,94.18389221923576,57.31866512615233
mp-2637,YSe,78.292,30.01,94.77134372587386,45.40354230331357
mp-2640,TbAs,76.698,51.167,93.34609973517216,56.38981187478786
mp-2647,Al2Au,104.282,39.149,111.58058698315196,62.12581329854314
mp-2664,TiO,224.438,64.903,256.6814070907975,72.72719759508246
mp-2693,SnSe,48.326,29.365,60.56010630795515,30.423169022948123
mp-2724,TbSb,59.906,34.455,72.17037418710976,38.20543139466142
mp-2732,PRh2,223.688,80.823,255.35446644734577,94.15863941631424
mp-2735,PaO,188.867,17.012,258.31803181428603,105.28072146993624
mp-2741,CaF2,80.16,37.856,98.14206182738616,45.964179935054275
mp-2746,MoC,333.899,189.755,426.65771205515193,176.71612765921614
mp-2748,CeAs,62.335,44.203,80.3579198257058,51.489478492159634
mp-2758,SrSe,41.256,27.097,51.07130972530933,31.227517507043437
mp-2774343,Na3Be,14.383,4.861,17.472903697601563,5.710497972806014
mp-2775197,Rb3Hf,6.057,2.738,6.9400925445774675,2.0974526641059743
mp-2776,Ga2Au,65.975,11.065,72.77316297116637,29.182222766114904
mp-2784,Na2Te,19.229,11.389,20.5814348164292,13.304909485278293
mp-2795,ZrC,219.051,159.251,258.599375403153,195.82145278954664
mp-280,PuC,147.937,41.22,591.2749189520233,76.1914873861596
mp-2807,ScP,90.559,61.629,118.36410789804864,69.99293332127814
mp-282,TiF2,109.445,54.578,139.41199848550036,57.0703798589567
mp-2822,TmSe,84.968,27.123,105.68287419701755,44.57374038643225
mp-2823,NdP,78.398,51.947,93.42561959582618,57.9353555593318
mp-2828,HfN,270.382,164.261,332.2083508536702,200.10570506790145
mp-2853,GaN,208.803,140.084,244.45972254837125,153.33745267016917
mp-2857,ScN,200.491,155.674,253.38424266588945,194.81448384195537
mp-286,YbSe,52.363,36.238,107.0253957392864,35.61085916946629
mp-2863,CeCd3,41.295,27.145,57.38367131678683,30.453205362044375
mp-2880538,Tm3V,51.93,22.198,60.76152977881431,10.186315526978834
mp-295,HoAs,77.463,53.503,95.27086315600542,58.42785317419034
mp-29551,Na3Hg,12.299,5.4,12.854722751524324,5.383963716372428
mp-30482,Ca3Tl,21.746,10.484,23.169953885368106,14.728819092721642
mp-30569,Zr6Co23,173.449,59.12,222.2331451901072,86.76245328830433
mp-30760,Li3Pb,25.566,15.278,26.368362312732447,18.69770090114947
mp-30765,LiPt7,217.916,77.09,244.29237103937425,75.13463012684616
mp-30779,SmMg3,39.515,26.455,45.619603036763294,30.433565035394604
mp-31349,Sr3In,17.296,7.912,19.752093272496285,9.997633831312266
mp-315,PbF2,67.722,24.288,73.67779367831905,29.741019410528967
mp-32548,BiO2,140.204,46.383,157.9411131482402,60.4732448080353
mp-33018,Rb3Sb,10.942,5.083,12.323700660899604,5.425284299199669
mp-342,SmTe,60.983,21.954,74.95183346124655,27.502482923989383
mp-343,PrN,133.177,87.521,177.86989454043086,110.29203102544552
mp-345,HfB,172.719,90.679,191.82987786619512,92.16747207030647
mp-36891,Br3N,40.19,11.413,21.79114472338566,-11.217413459707018
mp-370,CdS,71.97,33.755,88.18378352252951,37.96009178664228
mp-408,Mg2Ge,49.429,42.782,53.152919275150936,41.640409914501426
mp-428,PrMg3,38.445,27.868,44.4043713158384,29.172526983141147
mp-441,Rb2Te,11.393,5.849,12.300716603431226,6.2124361853776335
mp-451,ZrB,160.149,81.074,173.99797564944507,88.35752137071712
mp-463,KF,29.839,16.899,38.40764114492469,19.836429405929863
mp-464,HoSe,82.998,29.485,101.54689151215555,45.275637998108344
mp-475,SnP,73.018,33.954,87.53512131586353,50.75018304319285
mp-492,TiN,278.511,191.577,330.3420565448652,213.71335743299727
mp-503,ThS,118.095,37.254,148.24965266363853,43.42364749239699
mp-504731,EuF2,68.624,29.302,112.72110662027764,40.82011646873978
mp-510374,GdAs,78.507,46.696,529.4466061725259,85.9584124866619
mp-510401,GdP,85.387,54.5,1200.144975895661,126.65815531996898
mp-510402,GdS,86.458,47.722,419.04092478542736,58.89441965940836
mp-510403,GdSb,98.6,31.19,320.7359651575838,57.64870207287848
mp-510404,GdSe,97.929,35.871,528.1164612306485,52.73252817515766
mp-516,LuSb,63.1,36.872,76.14781114566128,42.838518268650574
mp-542583,EuTe,32.56,22.782,39.5535061236497,27.526906878726265
mp-549,ScSb,65.333,33.538,79.28943245393675,37.03840672595094
mp-550893,HfO2,252.656,116.166,266.4064019398246,155.71806671882226
mp-567362,BiTe,47.617,18.075,59.638456182722095,-1.1900460006571048
mp-567580,PaC,165.088,76.83,202.7082513422371,103.90787915695893
mp-568516,K3Bi,11.606,5.881,13.49097956517518,5.881328423877016
mp-568560,TlBr,16.051,6.436,19.96427614198457,7.857572307165302
mp-568662,BaCl2,29.053,11.85,32.64888414964627,16.010740237878604
mp-568844,BiSe,56.128,17.381,71.71638158027162,-5.187851830908623
mp-569228,WN,356.271,23.776,491.09640518571314,-26.7802091660428
mp-569639,TlCl,18.005,6.9190000000000005,21.908195307195097,8.426236423233187
mp-570,NdTe,58.456,21.328,72.26462278099255,27.07994530384381
mp-570354,CuBr,51.714,11.215,63.30119965108584,15.049929181325988
mp-570632,ScBi,57.536,28.736,70.68751754154614,31.471306029448098
mp-571059,YCd3,57.047,21.515,64.1327811294717,27.606457004922905
mp-571102,TlI,13.509,5.91,17.466366417066812,6.990976159319072
mp-571222,CsBr,10.316,5.148,13.302956672196531,6.26786406159039
mp-571386,CuCl,56.945,3.416,70.33514929312061,8.679173334959534
mp-573697,CsCl,12.229,6.1,15.405816466048847,7.4471880814455025
mp-574283,GdTe,71.741,26.856,394.9358244256259,43.550994685487474
mp-579,CrC,110.843,96.262,323.6417567874978,167.4021940184717
mp-601,PrP,75.919,50.128,90.74672525047974,55.567104752138775
mp-614603,CsI,8.224,4.02,10.831435002753349,4.8470801271102495
mp-627,NpSe,76.476,34.822,159.74988101632098,33.45837959394995
mp-631,TiC,251.478,172.363,300.18454170265943,216.64104565455492
mp-634751,YbH2,48.082,33.752,93.9998897674086,63.68150734355501
mp-643,ThO2,188.295,91.197,228.159018492632,103.51471890528586
mp-644481,ScO,184.583,103.187,215.29793769521848,155.19425482786428
mp-644500,Zn7Mo,101.103,45.801,114.10350113336688,47.6458415763805
mp-645,TbP,85.585,58.988,103.19747047550844,65.61425796748622
mp-648,Na2S,28.189,19.193,30.10671821626196,20.286017605018227
mp-656,LuS,104.585,42.384,132.00199464189149,61.977148585118286
mp-672232,AlNi3,177.562,11.728,202.250794431926,54.721114637968526
mp-672661,GaFe3,169.932,41.414,220.77490480471076,70.73838026876712
mp-682,NaF,46.136,30.163,59.66700885019179,34.95293623018643
mp-6927,NpO,164.957,88.803,248.53138467462944,120.40653427715904
mp-6933,MnN,137.8,132.223,288.32705558004767,173.20499211223316
mp-708,LaAs,66.566,39.976,79.73153123615877,45.049675873791145
mp-710,SmP,80.277,54.979,96.6874715620723,60.73916368879972
mp-7381,TbMg3,40.267,24.883,46.67400755347188,30.81137934504641
mp-7396,Li3Tl,23.258,14.643,24.47723916656828,12.120012904485868
mp-744,HoP,88.424,61.321,106.05483742827028,68.27569821264566
mp-749,SmN,145.3,105.756,190.2381797211148,126.18445111119844
mp-754125,NdO2,126.323,315.883,138.3497206168597,10.087289381891557
mp-806,PuO,46.23,18.171,171.87694832966002,86.74513499900291
mp-814,DySe,81.802,29.474,100.2090952932876,45.06878921524174
mp-8177,HgF2,86.276,12.599,93.04691709685348,11.595883993033752
mp-8289,SnF3,50.256,15.788,80.86371763798569,31.012186031950684
mp-834,ThN,176.864,86.739,197.3999896293565,108.57601360742454
mp-838,Cu3Sn,149.365,18.618,121.77406162681388,24.16846717737879
mp-8426,K2Se,15.851,8.676,16.442065868916213,10.241940312225628
mp-861605,AcH3,69.171,31.322,76.16380992702743,41.09709811904898
mp-862755,PrCd3,53.986,22.842,58.74401998428208,26.604797487947387
mp-862899,PmCd3,55.77,23.661,61.868618453105256,27.58770769090982
mp-864984,MnV3,210.529,50.037,234.73216993351377,69.12738942463841
mp-865027,Mn3Ge,195.84,84.368,231.64734077402665,136.84954313156717
mp-865176,HfCu3,136.591,16.975,144.59551855479955,30.885069838413617
mp-865376,YMg3,43.03,26.114,45.89453993193594,30.89128564019584
mp-865382,V3Ru,221.654,89.252,250.9741026454775,100.04782417738154
mp-865385,V3Re,233.519,59.053,271.58954491366063,89.63526849222998
mp-865858,PaAu3,125.869,15.063,147.5698775798668,30.826180630514553
mp-865899,Ti3Os,160.895,51.02,181.0755674155086,55.22887605945305
mp-865907,LiZn3,56.751,2.197,63.72415150253022,37.284392228065755
mp-866121,V3Os,246.21,109.532,283.0016385232868,118.31934401421012
mp-866134,VFe3,195.459,92.605,421.9792956726408,115.69108718388073
mp-866172,HoMg3,40.634,26.726,47.25902988983048,31.097263085231425
mp-867158,SmCd3,56.236,23.153,61.99540858050677,27.962377916908647
mp-867226,Li3In,24.555,16.087,25.538443885847517,13.90029668125914
mp-867227,Li3Pt,46.404,15.779,50.9402238963876,16.651322608239152
mp-867262,ScTc3,216.144,92.758,230.27980226860765,104.13777322426074
mp-867342,Li3Ge,32.98,22.258,38.738559041704896,27.48062958400681
mp-867343,Li3Cd,22.509,5.553,24.442484170440192,9.80377719328829
mp-867857,SmH3,90.319,18.27,95.28241830939233,49.08296151730345
mp-8772,ScB12,218.18,190.491,246.14837197931683,225.8389352119861
mp-883,HoN,167.77,126.817,212.68431232041564,155.85984734983722
mp-8860,Na3As,24.248,11.722,26.848648403625255,14.540292001315631
mp-910,NbC,296.238,180.981,363.24121792108366,227.9439539874894
mp-919,HoTe,65.126,20.766,80.6822261297418,28.365467855086308
mp-925,VN,316.753,162.007,351.7286807277569,191.67431409108588
mp-930,ZrP,135.366,68.268,160.23867117609663,85.52094604272074
mp-931,ThP,112.228,56.224,132.8236904039337,62.46766782837322
mp-933,YAs,75.352,50.989,90.6362165286562,55.63174240448038
mp-948,ZnTe,53.63,20.206,62.700285133423165,23.149725048323432
mp-957,HgSe,57.045,17.977,71.6786941278119,23.78910427529916
mp-971,K2O,27.218,12.49,30.51400934840947,13.287841499945742
mp-971744,ZnCo3,183.266,51.41,401.31991406922185,71.36399114424371
mp-971752,ZnCr3,108.873,71.217,139.08077442922388,119.6402894625498
mp-972,MnSe,44.652,33.162,72.37826277496677,43.003490826289294
mp-972048,Zn6Mo,91.897,48.313,103.00301097342196,51.245775860222594
mp-972071,V3Mo,203.583,36.67,228.17767956426675,44.53940202016801
mp-972082,Tl3Si,34.443,9.412,51.35263610846757,9.877824721212756
mp-972456,Sm3V,42.339,37.307,65.48723359426289,8.580103773690995
mp-972751,Si3Ge,83.175,34.903,92.42843678318124,8.087147893069872
mp-973053,ScH3,110.897,30.278,119.5048343095614,68.01175829777475
mp-973100,ScCu3,102.363,7.858,110.83992386270847,24.28432842495954
mp-973143,ScZn3,78.798,38.927,85.64983484425935,51.09427075878839
mp-973149,Mn3Al,179.795,91.053,226.02397304783676,210.29605012068865
mp-973265,K3Zr,6.941,2.439,8.351043554675638,2.9321252197846395
mp-973353,SbPt3,178.413,26.833,196.12782313377417,8.988975873328858
mp-973402,SbPd3,143.223,9.073,160.1776260487498,14.487913908946044
mp-973446,K3W,8.076,2.93,8.472618403941889,3.191880237516734
mp-973528,K3Si,9.969,0.64,10.928725434150255,4.165262894890137
mp-973533,FeAg3,99.882,14.401,151.33938671784188,11.971714221672231
mp-973535,K3Sc,23.854,15.512,7.227589622918751,2.949688849171158
mp-973614,K3Sn,9.269,2.325,10.24153321079753,3.6478192227122954
mp-973622,K3Sr,4.901,1.584,5.869202263846341,2.469126192495132
mp-973824,LiHg3,22.639,18.474,29.541925568663824,-4.302929251729479
mp-973940,LiCd3,41.518,5.772,46.65690038878325,10.177743509342088
mp-974270,Na3Al,14.872,4.102,18.66497456885005,6.937932950890254
mp-974415,Re3Pb,244.499,26.112,253.20037843948955,44.504688348449115
mp-974417,Re3Sb,259.398,53.395,278.80706263966573,53.96121714104618
mp-974452,Re3C,297.264,46.257,311.526911020587,33.89478265178642
mp-974458,Re3F,277.045,48.767,313.5503188060052,55.86549528271024
mp-974565,ReP3,185.152,76.961,199.41473598783605,75.16298586111094
mp-974641,K3Tl,5.319,0.352,5.689342971125172,1.9665862444315203
mp-974743,Rb3V,5.686,2.138,5.716385499219355,2.2741230015553793
mp-974789,Rb3Sn,7.046,0.432,8.347450998904787,2.6913028636326457
mp-974810,Rb3Ru,3.293,2.7,6.2877720733327545,3.3192493213650387
mp-974832,Rb3Pb,6.311,0.48,7.505081122711219,2.318528089500455
mp-974843,Rb3Os,6.657,2.648,8.454624932440673,3.909310115873659
mp-974883,Rb3Na,3.363,1.15,4.062093655643959,1.5784314827064407
mp-974933,Rb3Mo,5.203,1.881,5.559049570803733,2.2930740009806274
mp-974949,Rb3Ir,12.992,4.304,14.56559866355479,5.944597155117723
mp-974950,Rb3Li,3.577,1.129,4.329452081632648,2.1371290709019464
mp-974990,Rb3Hg,3.088,0.512,3.557707019912408,1.7802458811678692
mp-975028,Rb3Cd,3.5700000000000003,0.915,4.644203001379715,2.262423589329829
mp-975050,Rb3Co,9.437,0.168,6.174008319139105,2.5380697979196976
mp-975198,RbTl3,16.913,0.775,23.98888783077876,8.47782177809839
mp-975390,RbCa3,11.666,5.689,12.3138831690103,5.391598203366463
mp-975512,InSb3,53.357,12.164,67.033093607863,11.04006576077959
mp-975905,Mo3I,178.725,20.22,184.1572231762358,30.44056106782792
mp-976023,Li3Ga,23.233,19.231,29.331212364163232,13.93381869432218
mp-976060,Li3C,54.763,33.718,65.26540719482907,48.958837354332125
mp-976113,LaAu3,80.791,7.408,87.06223669023177,18.650634539245395
mp-976256,Li3Mg,18.913,4.316,21.55196712741849,9.57223627854654
mp-976264,Li3Nd,20.824,1.22,20.20882066237125,1.4792113304136678
mp-976321,Li3Pr,20.736,1.26,19.501132064558448,1.04223005857205
mp-976334,Li3Tc,34.091,18.07,42.40696326432165,15.258081828846969
mp-976405,NaEr3,33.418,18.579,36.56309235443631,13.139283163310209
mp-976412,Li3Zn,23.55,5.4879999999999995,25.902592454493277,9.658700954738586
mp-976863,NaTm3,33.868,20.509,37.37801872579525,13.329186007239658
mp-976943,NaRe3,236.918,94.173,255.1108805693196,98.39414942768636
mp-977062,Na3Ca,9.908,2.301,10.965741918819148,4.470126541445799
mp-977138,NaTc3,186.78,62.388,204.49638889274635,68.30317569774611
mp-977140,NaTa3,132.843,16.731,145.85115888423093,31.18955168570442
mp-977181,NaMo3,165.314,14.462,169.81250078959303,33.05973997465916
mp-977182,NaNb3,116.717,176.789,123.86352434793253,17.123116782062784
mp-977189,Na3Bi,19.11,9.212,21.57048196606371,9.664353288526144
mp-977200,Na3C,22.193,4.584,22.866685431691263,10.140408023774809
mp-977239,Li3Th,26.408,5.399,22.49420359665904,6.372565315731095
mp-977283,MgRe3,261.655,99.376,277.3806537004831,115.72675821004032
mp-977286,Li3Sm,21.078,0.8260000000000001,21.125600525012857,2.331721211869787
mp-977390,Ta3Ru,225.21,86.954,251.35745442365464,95.47485872287368
mp-977434,Nb3Ru,208.891,88.985,229.26951740751124,87.25506798627653
mp-978276,Mg3Co,59.866,25.887,71.97724450365003,33.31995175089585
mp-978285,Mg3Mn,46.208,28.117,35.58525041422391,27.878453346860105
mp-978291,Mg3Pa,48.729,32.735,51.1903627112719,38.93991023214155
mp-978509,Si3Ru,153.635,36.773,170.64830376097453,12.923641340318795
mp-978554,SmRe3,218.927,75.823,242.11481468748107,103.38629805185616
mp-978856,SrH3,45.849,29.168,49.69928608045728,30.56438098328217
mp-979074,TmO3,158.954,14.701,166.37834861386597,-27.66871260700311
mp-979289,TaW3,275.924,121.472,309.3286929663278,117.81878716824924
mp-979935,RbYb3,10.064,5.601,27.990815370102418,3.804137476370428
mp-979937,Yb3Ru,39.52,8.177,72.24717947328024,17.514915423586153
mp-979940,Yb3Zr,25.447,16.111,54.87903131442375,-72.04374583677406
mp-979955,Yb3Mn,19.156,10.761,264.65421359077226,39.36207540013301
mp-980006,Yb3Os,45.883,8.033,83.93398616490819,19.21760953897266
mp-980034,Yb3Mg,19.265,9.43,44.19563859026258,18.19335719554395
mp-980049,Yb3Re,30.077,6.0,90.16322228143096,9.503895487367211
mp-980905,ZnSn3,47.267,3.808,52.99982240216174,13.306285101012351
mp-981,SrF2,65.882,32.403,79.97915869481763,39.41117890858444
mp-981233,UCr3,177.103,26.475,172.22205851198171,51.795791367884256
mp-981378,Sr3Yb,12.899,6.768,20.205279473201855,10.360887937101062
mp-982595,Na3Re,18.675,3.286,22.276737263285963,7.762324462125947
mp-982873,Na3Tl,11.581,3.209,13.04350413554914,5.949340520151476
mp-983388,K3Hg,4.365,0.904,4.852556255474024,2.7340746259197135
mp-984785,AcMg3,34.101,17.525,37.712715900168135,24.709821526582296
mp-985283,Ag3Ge,82.772,10.842,93.69712872961811,15.772762180142715
mp-985806,Al2Cu,96.231,59.777,100.38414042240498,74.15344328631839
mp-9935,GeSb,60.206,22.852,73.94031537799773,31.968801116328255
mp-994,YP,85.85,58.797,99.8746882668176,64.67294182742717
mp-997616,BaC,37.274,2.787,43.14237265304313,15.486270728095976
mp-998893,YC,124.296,64.499,141.16640190033033,64.96796867361931
mp-998982,Ti3Sn,113.274,37.386,122.55338783939727,51.01041282971142
mp-998986,Ti3Si,131.4,42.805,139.12340693069768,53.80404501319847
mp-998987,Ti3Ge,123.634,38.711,131.14061625571176,49.95896036680925
mp-998988,Ti3Ga,109.768,29.881,120.2597834705621,40.34100781933757
mp-999027,Ti3Al,107.662,33.17,117.5313724233111,41.22293316230011
mp-999123,TbH3,97.788,18.099,103.72234106636962,55.7340808007611
mp-999296,Pd3N,167.551,50.419,190.19387278800824,24.01890546191388
mp-999389,NbFe3,198.022,78.6,349.07708509361987,95.75784083326572
mp-999390,NbCr3,226.813,84.137,236.8522896769011,102.37084934373094
mp-999395,Nb3Fe,187.538,75.731,224.85489616495943,81.38066023446285
mp-999396,Nb3Ni,174.363,66.041,196.54023520387844,62.7848563491461
mp-999439,Nb3Cr,183.542,23.16,202.0884574135824,41.370946161606675
mp-999473,ZnN,169.406,53.439,187.821100864824,70.54717283208002
mp-999495,Na3N,29.531,6.252,32.136592671518656,21.177228077924592
mp-999550,Mn3Ga,184.623,54.829,220.6009670461287,188.47932150368248
mp-1025373,TcF6,6.037,3.815,99.74596011293374,31.79220663588133
mp-12766,Mg13Al14,48.999,22.218,54.69934335974806,15.445167504125696
mp-1521,Sb7Mo3,107.671,52.551,128.32845035805326,74.33721918604212
mp-22040,Sn7Ir3,110.258,62.286,131.35673434720982,65.43238027340776
mp-22344,Sn7Ru3,106.18,36.31,124.02813591681284,50.53989962165112
mp-2729,Sn7Os3,119.38,38.727,140.00759988017734,61.51325177376832
mp-29665,Sb3Au,66.29,18.302,80.02559169675156,23.523661938416723
mp-505780,Ge7Ir3,141.767,85.13,165.8934998315997,87.95333362530057
mp-570835,NiHg4,50.645,28.861,63.164649947312725,28.377623919620923
mp-646824,Ca3Ag8,49.399,17.366,62.05591135931313,24.26482964762463
mp-936,Hg4Pt,60.904,30.648,63.996442321878,26.200181205131315
mp-1001789,IrC,274.838,72.735,309.99873091001166,124.85770872477757
mp-1001826,VN,218.203,35.297,226.5345211063889,102.03879065041173
mp-1001833,InBi,35.088,14.188,33.264940357148745,16.399280925003453
mp-1001837,MoP,124.657,1.864,123.25031528489804,21.54945602803315
mp-1001916,HfN,196.209,85.489,215.49279233441845,124.75713443630444
mp-1002124,HfC,158.82,30.036,170.753383226443,66.58665754034726
mp-10044,BAs,131.927,124.769,140.8249063730976,134.46549341655808
mp-1006880,BiB,73.075,59.35,74.97839047965581,69.17460744147812
mp-1006882,CdC,76.042,0.74,75.74253212843561,12.439552248294865
mp-1007770,TlAs,36.447,17.574,41.81549081925552,22.537055833747377
mp-1007776,TlP,45.906,24.306,49.434534583420024,29.772232000343323
mp-1007778,TlN,89.83,34.723,100.39154316207942,51.92764100850388
mp-1008223,CaSe,32.551,6.014,34.17057030116151,10.806863224864522
mp-1008558,AuN,127.626,27.863,142.2021952587359,-3.73574830604578
mp-1008635,WC,262.759,21.556,274.236115240129,89.2284302883135
mp-1008688,Ti2Sn,73.05,17.188,88.8326931988746,32.64229148469782
mp-1008689,Ti2Si,85.712,0.279,93.66098595165312,19.107121227121382
mp-1008702,Ti2In,67.275,0.8130000000000001,82.561054469433,28.53221177347059
mp-1008727,Ti2Ge,81.245,3.268,92.99392160189268,23.639121059264426
mp-1008920,Mn2Ge,174.991,10.534,103.05755796063204,82.24257484967715
mp-1008926,CrTe,44.382,5.567,48.638778062209646,15.170543227660913
mp-1008987,IrN,257.278,42.404,305.4242321237937,77.81487874015191
mp-1009130,MnN,260.012,47.747,219.8272100021588,111.89498219870777
mp-1009131,MnAs,33.641,3.869,43.26423401994935,13.263288229742567
mp-1009213,MnSb,46.205,0.291,41.97541174734822,8.997645924727413
mp-1009218,MoC,240.168,40.702,248.72981231447991,68.26139684344489
mp-1009222,MnTe,35.201,10.861,37.777093418244846,20.523743394203496
mp-1009458,NbC,206.433,63.06,219.4569403297436,76.01954694567725
mp-1009538,PdC,182.304,0.074,204.07333415039352,46.59144435043241
mp-1009540,OsC,290.276,3.847,323.9866963200037,77.02642239224186
mp-1009639,PrN,94.434,24.783,111.07559525726128,31.032605840127257
mp-1009650,RbSb,4.898,0.902,4.519268845947075,-1.1509324280813087
mp-1009663,ReC,282.854,4.703,300.179549767399,53.35011813984342
mp-1009734,RhN,220.176,21.628,262.8585180885237,77.28589513150752
mp-1009746,ScP,63.76,9.231,65.24072694348607,19.43588153832336
mp-1009750,ScN,140.651,45.635,152.14618883040427,57.8845567774574
mp-1009766,AgN,110.704,2.212,123.11495027776655,8.23251936827782
mp-1009770,RuN,260.463,51.935,301.0608245844198,133.1144918080461
mp-1009792,RuC,269.305,63.474,297.6985539263085,98.29422356800131
mp-1009813,SiSn,55.027,37.435,54.26299644721514,43.00521609038456
mp-1009820,SnC,122.138,84.771,131.17127740950266,109.60636007562256
mp-1009832,TaC,224.634,76.175,239.44244628515992,105.70550297241064
mp-1009833,TaN,247.811,30.186,275.5362231069612,102.5989766123232
mp-1009848,TcC,239.569,47.813,277.0637930155877,56.00616059995201
mp-1009894,ZrC,145.849,37.043,158.61781473907925,54.124722735362454
mp-10143,TiB,102.537,1.609,121.3188149614866,-18.797451138916248
mp-1018126,GaBi,36.141,20.084,37.375393632576035,22.174993808029814
mp-1018132,AlBi,38.773,21.569,40.67877241816025,25.518354423577208
mp-1018142,NbN,223.571,24.551,243.3151448455593,81.07420061679947
mp-1018157,CrN,215.484,80.193,243.75325655988237,113.03621060059632
mp-1018164,PtC,213.851,22.598,244.22143523015015,69.1853310091525
mp-1025010,Be5Fe,146.818,119.851,154.58151278831292,126.650132826613
mp-10695,ZnS,69.082,33.55,78.97037410960739,47.12520407127998
mp-1123,HgS,50.248,15.799,51.984202760989504,22.70425167624154
mp-1156,GaSb,44.793,28.856,46.54210658288781,32.891957440345436
mp-1190,ZnSe,56.491,27.288,65.6401319716669,39.89825932000793
mp-1220,Be5Au,138.173,114.779,158.18006141162584,123.3901213508733
mp-13031,MgSe,45.241,16.372,51.90315825451714,26.056841426646436
mp-13032,MgS,55.408,19.977,63.56538772504134,31.21402270347659
mp-13033,MgTe,35.367,12.698,38.81194789302165,19.299104221205603
mp-13099,YN,112.414,33.918,120.84387622364603,43.39626112885577
mp-13117,CuN,161.331,29.635,184.94796660116657,46.587146125513534
mp-13174,PtN,195.814,14.5,228.6766790658467,-0.9447618692901004
mp-1405065,MoS2,60.301,32.665,161.30678727660916,70.5598835454773
mp-1479,BP,162.017,161.948,168.8444457691336,172.38475294315032
mp-1541,BeSe,74.87,53.631,88.82660496659767,77.39877699176232
mp-1550,AlP,82.769,47.415,83.39159601692754,60.40707954728673
mp-1639,BN,373.617,379.418,396.5669742329604,390.2497696312642
mp-1700,AlN,194.648,120.714,236.61588405396745,170.94174960570805
mp-1778,BeO,207.897,153.975,321.81752828306475,202.7291990989971
mp-1783,MnS,51.147,15.494,48.44746594485501,39.51501746899437
mp-1986,ZnO,129.269,40.506,146.79707188451803,62.82054900660071
mp-20012,InSb,36.737,19.944,40.48339156609392,23.25872466502554
mp-20305,InAs,48.543,25.68,50.62839747201899,29.994716744094
mp-20351,InP,59.35,31.656,60.54370198782867,38.11846268394533
mp-20411,InN,121.5,51.744,151.4167442229539,79.93945195473036
mp-2172,AlAs,67.291,39.773,68.72663456886329,50.255349546866185
mp-2176,ZnTe,42.833,22.571,49.216195087314446,31.177927364515764
mp-22895,CuI,38.237,15.17,43.69063741231928,20.81460964772343
mp-22913,CuBr,42.59,11.405,51.976250579288234,21.325303202184063
mp-22914,CuCl,56.095,10.104,56.88988751336839,19.59095900979332
mp-22925,AgI,25.685,6.593,27.746675202833693,10.383633287201135
mp-2293,MnSe,53.225,13.311,48.52968667939734,26.812897839044865
mp-2469,CdS,53.24,17.126,56.622824639371586,26.38539915653729
mp-2490,GaP,76.335,51.463,76.9647539749239,60.08220369148514
mp-252,BeTe,56.315,40.518,66.37609020369993,54.88074178459754
mp-2534,GaAs,60.742,40.715,62.64280760231757,46.06488801504991
mp-2624,AlSb,49.576,28.771,50.52575548979719,34.929766975581735
mp-2691,CdSe,44.641,14.743,47.03730115570016,22.630453862003876
mp-2730,HgTe,34.16,13.132,35.822230878036635,17.290092447663383
mp-2838,UNi5,183.584,76.268,218.4262623862068,82.48960698593143
mp-30578,DyCu5,107.72,23.276,123.04721460732272,46.38119934439435
mp-30579,ErCu5,106.265,14.638,126.19536205892366,47.89544554362915
mp-30600,TmCu5,109.138,13.382,126.63686954591256,48.35440719258818
mp-30603,ZrCu5,136.626,60.974,155.22426266153636,68.71915388468355
mp-379,AgSe,50.145,2.939,51.390063268019546,13.40371629715902
mp-406,CdTe,35.041,13.013,36.68197400531748,18.80062707275885
mp-422,BeS,92.273,66.879,110.34188718056328,90.36909624876164
mp-448,CoN,248.591,47.951,280.4114317598072,111.09614692306816
mp-568920,CaAu5,98.377,25.385,112.48953826497711,31.721026738615944
mp-580364,HoCu5,104.747,14.966,124.5890696781249,47.1624246848531
mp-650,Be5Pd,142.084,131.95,165.8651767707196,135.48514186926943
mp-6988,FeN,272.864,79.289,320.9217200500208,138.69606588071915
mp-760381,CuS,81.684,16.632,91.26651329533811,39.65544850128917
mp-8062,SiC,212.682,187.246,220.93510525832124,217.7627333736394
mp-820,HgSe,42.533,13.947,43.66735547207066,19.501095382233117
mp-830,GaN,171.704,103.147,205.30434591535345,142.40644325037718
mp-866291,AgBr,27.578,4.678,28.395016470563537,8.562692327491199
mp-997618,BSb,98.422,83.541,103.75030983930986,96.7577416742542
mp-998894,YC,82.805,15.041,92.74093286438246,3.6593266614346063
mp-998908,TiN,201.627,80.583,219.8554625952729,120.9838645041208
mp-999485,ZnN,135.277,21.899,130.8071594228181,51.94962131538224
mp-1001831,LiB,125.064,22.505,137.1002553263301,157.50669934677995
mp-1014373,CrN2,112.156,21.194,115.99622397694016,47.0144361360104
mp-1038,MgCu2,91.482,42.44,106.18093612821733,43.06528482720319
mp-1050,Ni3S4,119.054,45.039,137.25871340773068,69.44972654411747
mp-1052,NaAu2,71.011,26.679,81.31948921709848,30.499160591278823
mp-1067,LiAl,48.228,32.432,56.6316006522954,41.55941807802052
mp-10721,Ti2C,121.304,84.645,215.9153920699707,144.29637202022715
mp-1085,UOs2,491.593,23.809,264.9402639267281,26.687030888626108
mp-1127,SmPt2,156.601,70.297,172.90500123275643,75.09141736491007
mp-11644,Li2Ca,16.117,8.546,15.981931461403772,8.246079984729823
mp-1187,ThIr2,203.203,75.228,222.7238235843566,75.47529806500674
mp-1189,PrAl2,73.605,44.934,74.53876301580881,52.97339782531639
mp-1190841,Hf2Co,136.052,48.153,147.9305919162665,58.87267615771557
mp-1208,ErAl2,82.064,59.812,85.16644059229526,61.17755066881554
mp-1307,LiGa,42.172,20.189,46.75969865990769,34.30100719615374
mp-1343,NdNi2,108.469,38.425,119.33535140991756,45.87549341710243
mp-1349,SrPt2,117.262,51.148,130.5181178299391,57.87883899006118
mp-1358,DyIr2,198.438,87.843,218.27468463459945,88.49280725794496
mp-1388,DyRh2,154.129,61.485,171.84347488925377,68.31946285755548
mp-1390196,CoSe2,30.307,14.349,116.20865652757612,38.764046355716125
mp-1400,HfW2,222.256,94.6,239.79761229865073,112.2304039683702
mp-1401,ZrZn2,103.307,60.056,110.33602665433708,68.16274257577211
mp-1402,SmNi2,110.17,42.419,124.31765976655556,50.0116894448436
mp-1407236,CrS2,47.363,17.435,99.55029232494564,35.242215737059404
mp-1425,TiCr2,198.812,72.775,234.70758440948768,92.04932914519038
mp-1437,LiCd,35.162,11.921,36.63273769220456,20.148811234120775
mp-1463,LaIr2,174.499,65.07,196.8111845607505,65.60108049517038
mp-1495,ErIr2,202.819,90.008,221.6437190371717,91.1768407702676
mp-1558,SrPd2,80.634,31.664,88.98175631127273,33.92196183689525
mp-1570,YFe2,88.23,32.771,99.7769044935784,48.53816706905958
mp-1638,SrAl2,47.886,32.398,52.303934819692635,37.39624688852439
mp-1655,UIr2,239.465,91.056,251.85931000478584,96.5246265062254
mp-16720,ThAl2,80.85,50.525,82.45165882754797,57.394883889830744
mp-1687,BaPd2,73.421,24.388,82.36753188319805,29.164059115410883
mp-1697,TbPt2,163.153,73.747,179.03478368460827,81.26872199456623
mp-1702,LaRh2,131.545,42.873,154.91028342760782,48.82394906869008
mp-1718,ZrFe2,147.055,71.586,229.9073663258017,69.41236268011842
mp-1720,SmRu2,157.736,22.054,174.02977437861455,29.253896393773264
mp-1729,SmFe2,91.626,26.401,102.77966237316612,47.521230028648155
mp-1757,DyFe2,90.207,30.837,101.9390944181314,47.672961741643654
mp-1762,ErRh2,160.655,62.27,174.2183523565775,71.84792004569837
mp-1768,LaOs2,182.831,122.559,197.48881001485884,12.082266273301132
mp-1799,TaCo2,247.841,123.87,273.146364676526,121.72395053962389
mp-18316,Mg2Pd,68.21,27.547,76.09956996690737,37.234777312848635
mp-1854,EuPd2,91.067,35.417,114.5624055483564,38.51646175901009
mp-1909,LaMg2,33.099,20.642,39.05146096685169,16.916894756235884
mp-1926,HoFe2,83.173,34.701,103.781996254243,50.113604903341255
mp-1934,LiZn,41.652,22.505,44.80595901390618,29.460705061440137
mp-1939,ErNi2,123.362,47.466,137.2240495996431,61.0505321943854
mp-19871,PbAu2,82.187,21.597,89.2828258016399,14.500386756938765
mp-1999,Sb2O3,12.83,10.31,108.94274923511097,55.90467224900958
mp-2016,PrNi2,98.368,35.656,116.60338883883873,43.54577965312491
mp-2019,LaRu2,128.334,3.61,155.8114146100756,9.148127168451447
mp-2028,Be2Nb,156.483,103.427,158.03067209554433,97.91056314050508
mp-2031,Be2Cu,135.017,126.036,157.7996548987337,126.31571834889446
mp-204,CeFe2,74.162,13.894,103.1181139549361,-15.24919843348991
mp-20456,Co3Se4,98.035,38.025,127.3643760865464,74.93370788738554
mp-2075,Si3N4,294.14,248.7,329.25176212551156,279.5858278353937
mp-2088,CeAl2,74.275,49.823,70.71727757237554,54.57671415260406
mp-2098,CeOs2,192.391,31.442,227.44138918342728,22.960519705201666
mp-2130,LuNi2,72.924,50.812,144.3252951269271,65.89809929016111
mp-2206,LuCo2,191.768,52.371,154.12397567748445,48.24181024466623
mp-22460,LiIn,32.743,7.674,37.98704652141454,4.066864485124217
mp-2250,ZrNi2,166.427,73.267,185.2917711463311,79.93000579891068
mp-2263,ScIr2,216.325,101.732,235.3823552840978,95.82041261452824
mp-2265,TbCo2,40.461,22.507,143.91461045366975,34.64161602042849
mp-2322,YAl2,79.891,61.069,80.9963734731432,59.086396357645214
mp-2337,HfCo2,183.341,71.054,208.4572662454243,82.45394652545143
mp-2385,TaCr2,242.207,77.779,257.6975515577527,80.57089945388655
mp-2404,CaAl2,55.931,35.322,59.9083373163022,41.42750332988496
mp-2463,LuFe2,113.817,46.961,116.91237241147836,53.901565787696406
mp-250,Mg2Ge,39.618,11.194,48.56401020733392,18.04856585232544
mp-25262,TiO2,107.79,73.07,215.47875414966444,126.80281506828668
mp-2529,PrRh2,138.487,50.28,160.0406954972369,54.58199296979636
mp-258,ZrV2,138.858,8.879,153.53946379394836,17.195916579186353
mp-2665,PrRu2,151.337,15.68,164.74778785493592,20.797604433329383
mp-2674,YPt2,162.277,73.5,177.53390226702456,80.95738644296718
mp-2676,TaBe2,167.518,119.142,163.45150740950538,114.1576848257009
mp-2679804,WN2,121.564,25.475,128.31770619820026,51.142060828953774
mp-2694,LaAl2,64.416,45.077,70.49268393363866,48.36449019175523
mp-2708,LaNi2,103.215,28.692,110.75801424256356,35.933048300353995
mp-2720,NdPt2,151.763,67.611,168.01558976124454,70.9347518227913
mp-2725,TbIr2,196.495,86.675,217.08520372419025,86.52740126415634
mp-2749,TiBe2,124.06,108.384,127.4992339453188,91.3803887930062
mp-276,TbNi2,119.456,45.523,130.18530426824086,55.35734404884622
mp-2762,YIr2,196.294,88.026,215.2659407030493,90.1680191114421
mp-281,YbCo2,93.676,14.307,143.9763563539199,37.30890452477104
mp-30352,NaAg2,47.598,20.815,49.55141828665933,21.51867276843855
mp-30444,Be22W,133.551,149.843,135.1432683447182,149.04646235274723
mp-30566,Ti2Co,96.827,24.714,122.59706763896529,29.189393003037942
mp-30764,LiPt2,135.254,64.55,148.0576351304454,63.04106290249226
mp-31184,AlFe2,131.215,47.246,165.50319383636847,69.70970890350229
mp-318,SrIr2,146.445,51.052,160.4862362845031,55.567106521649535
mp-333,HfFe2,163.391,83.525,250.583891383091,89.77785619080322
mp-400,NdAl2,72.11,47.046,75.96266887098352,54.09867766288962
mp-410,YbPt2,141.375,61.282,194.299791673208,81.95725044631892
mp-474,ErFe2,98.282,38.227,107.2501630543799,51.42122805619761
mp-480,ErPt2,166.753,74.793,183.529803128202,84.07278110539399
mp-510430,Li13In3,22.544,17.785,24.44179277404791,17.579197423196888
mp-514,HfZn2,110.274,59.457,119.58402607215083,71.4733551125561
mp-540,ScFe2,125.32,65.405,139.7292244554498,72.06926106440186
mp-546,HoRh2,156.517,61.943,173.05467969495496,70.15029395122414
mp-548,NbCr2,228.632,57.068,237.8993837688434,62.114639222041696
mp-551,BaAl2,42.631,31.802,49.50876117958086,36.46065199692549
mp-563,C3N4,383.458,175.607,426.1139498473863,268.0567031002378
mp-567276,TaV2,194.158,26.294,216.96748403510676,77.44474351585448
mp-568384,ScB2,180.697,145.697,196.3917143052254,164.32973782798985
mp-568430,BaRh2,93.554,30.235,100.87035820400564,30.173156808077923
mp-569364,Be22Re,136.579,150.5,138.94679317323542,153.4728299726524
mp-570113,BiAu2,100.689,23.96,125.72032296202563,32.64230318119416
mp-570543,Mg2Sn,38.486,6.979,45.411505740301784,14.894273943919153
mp-570657,Mg2Si,44.169,1.523,49.443062034651945,19.21573727312654
mp-571262,CaRh2,118.844,50.018,138.28986141237218,54.40752292604579
mp-571271,TmPt2,169.621,75.074,185.3068657688109,85.24653575310887
mp-582,CeIr2,195.743,73.319,211.69338940240775,71.11452512284018
mp-589,TbFe2,83.099,7.528,100.96334261817434,45.96708432334666
mp-603,Be2Ag,125.633,84.594,145.92137673360634,92.51328292275352
mp-632,TmCo2,36.569,133.594,151.0593089574884,43.46003668488361
mp-673,HoNi2,124.103,47.113,135.18139188635467,59.11886733798416
mp-675,ZrW2,213.964,87.007,230.73169138332588,106.6296323815932
mp-7105,NdSi2,80.01,4.652,86.40592313664254,15.850487725852508
mp-715,ZrIr2,245.659,126.396,263.9684862867185,115.17281564988347
mp-745,ThMg2,50.194,18.428,54.281195098653576,26.04581415069916
mp-747,BaPt2,103.144,39.324,116.6392877461397,45.51929405023933
mp-756,TbAl2,79.498,56.275,82.16943596053987,59.13827180068995
mp-819,HfCr2,188.948,66.783,216.8731655611789,95.40138504143069
mp-833,CaPd2,93.613,38.03,102.01657025755696,40.18168951318588
mp-8352,SiO2,146.005,53.406,150.24706819401317,75.01183165958916
mp-840,SmRh2,146.007,55.461,166.329347601939,60.130940918344464
mp-842,CaPt2,132.905,58.912,147.2953783154087,66.24087979101064
mp-850,ScNi2,142.02,61.092,159.8278493707531,71.14732669013878
mp-858,TmAl2,83.144,60.864,86.43912101755062,61.85006663749915
mp-890,NdIr2,183.307,78.105,207.99366515398688,76.37394427455834
mp-9027,TiS2,46.408,30.78,109.59389847106512,60.934100212592675
mp-903,ZrCr2,180.27,54.434,206.9061780355948,80.2025123302964
mp-912,LaPt2,143.888,60.396,157.7847040429396,60.71679649676533
mp-921,YRh2,152.291,61.818,168.45741951281434,69.52300720580656
mp-946,PrIr2,179.692,75.41,205.35083465085523,73.62310551424034
mp-951,CeRh2,144.079,49.52,169.5849643388404,50.15182133693678
mp-995,EuIr2,164.26,65.4,142.97273702260355,52.02852444060096
mp-2273,Ag3Sb,75.098,20.968,87.2690778365708,21.05128239544273
mp-976139,Li3Mg,19.333,11.268,21.417310747469045,11.906452232723952
mp-30655,Ga4Ni3,135.145,66.1,146.32505112397064,72.5305947893729
mp-556605,ZrO2,194.099,94.708,251.00978193298107,117.18082454334032
mp-685097,HfO2,208.48,109.345,267.217049923654,132.9557658809852
mp-1430706,WN,308.354,149.602,425.19100781346094,235.4381554208059
mp-22693,Te2W,18.391,12.518,99.63350600790706,55.96046723664485
mp-570506,ZrI2,10.273,7.752,47.745786537400555,31.731208069431936
mp-999317,OsN,319.999,197.237,425.76752906123346,227.8262601833121
mp-11328,P2W,188.205,132.466,222.5516073682361,155.1013377135623
mp-23173,HgI2,1.936,2.519,12.243291911986615,6.1770011277913435
mp-23297,BrF3,6.798,3.764,38.17747386096713,19.825637298379757
mp-542106,SbPd2,126.402,39.637,145.08750615771112,47.68121778667476
mp-697111,H2O,15.606,8.999,76.99999828079207,47.00875494096489
mp-717,B2O3,168.858,157.964,288.74962884750215,206.59445078833755
mp-754401,Al2O3,92.512,45.373,158.57808635107023,100.30069671957077
mp-7667,K2S3,14.703,9.043,30.550993702209343,17.595121720228523
mp-8073,AsPd2,124.288,28.671,163.35056762077232,47.15499169357047
mp-2254,Al2O3,201.586,104.324,237.3874254670819,158.66994644027525
mp-22889,ZnCl2,6.193,5.677,40.48415123109941,21.048541727523737
mp-230,SbO2,94.068,58.618,175.48914503030483,97.54883905792192
mp-28460,Br2O,5.004,2.591,31.56704885475117,17.20368075752544
mp-402,CdP2,54.996,28.366,65.0651006959636,47.53389020766136
mp-554089,SiO2,19.96,36.105,167.15797934633278,98.83403016090152
mp-2415538,MgZn,43.601,21.384,59.13180101457878,27.732265474750637
mp-972892,MgHg5,22.072,19.34,28.99842216801834,3.060265331571572
mp-978274,MgCd,42.072,13.131,49.03519951837985,16.53669601216932
mp-981747,Sm5Mg,35.158,17.254,39.000586524969414,18.72461741497617
mp-554134,SnS,3.861,1.184,15.681298607874398,7.177574421478022
mp-8781,SnS,7.142,2.426,31.72511779381302,14.552610008167862
mp-12177,Te2O5,47.587,39.669,146.46361553333648,99.09131318306176
mp-972808,SiO2,25.788,36.205,166.68586077112988,106.56654958428152
mp-1880,SbF3,13.266,8.1,87.10413170530713,41.39512657375627
mp-554573,SiO2,24.084,37.443,164.4299773248546,105.28879783145058
mp-27726,SO2,4.436,2.642,51.83156594726104,22.06984833243309
mp-1411,TaS2,14.33,8.13,73.06511137833567,40.70507505798426
mp-2648,NbS2,13.237,7.5,66.77547211342814,35.915410815585346
mp-555293,NbS2,5.711,3.447,34.68412692955217,18.69536692656728
mp-7007,NbSe2,9.602,6.251,54.57536318744534,29.811281274754297
mp-1001790,LiO3,36.573,18.166,73.02903250075018,37.97992747576419
mp-1039198,Mg3Bi,39.456,7.408,46.82426284656693,13.41075981879707
mp-1954,P3N5,136.947,112.016,277.4122932129913,193.6268510063157
mp-22464,NaO3,23.841,12.571,55.51128934370288,29.108694582498043
mp-30738,LiIr3,242.519,112.944,295.33949332633733,135.2076494333987
mp-684597,InSb,47.174,18.782,56.91696992043809,23.480351512116872
mp-865611,MgRh3,181.297,85.898,215.37229232997456,93.91347563511884
mp-974455,Re3Ru,352.99,193.1,390.9786244734886,218.6404930271053
mp-998913,KO3,14.064,5.756,36.532303912600625,19.193433210568443
mp-11441,Hf2Ga3,116.63,64.955,133.7367533176865,81.62010879721998
mp-13868,PdF4,37.214,18.844,114.02582821737175,55.585565924865094
mp-1482,Zr2Al3,107.69,69.751,115.02695376977051,85.62484884415429
mp-27253,Au2O3,80.505,38.407,150.93699565894627,74.03207717780752
mp-28096,SCl,1.029,0.187,28.410150993316428,11.341304882234736
mp-30686,Zr2Ga3,110.808,67.469,125.06197595295968,82.26778027859748
mp-760432,Cu2O3,95.16,44.243,172.8556366572848,82.0386835442129
mp-846,Hf2Al3,114.235,68.632,125.5936361909722,89.7338274277075
mp-8943,PtF4,39.735,19.123,133.24046354404197,59.61431791152879
mp-10426,Nb2O5,65.935,37.002,215.7411089926263,87.89427539143264
mp-673174,Fe8N3,210.46,93.26,256.28493736595533,96.73569598077768
mp-990076,P2O5,246.057,160.992,275.9037434388034,196.43544209845808
mp-999545,Mn3Fe,125.464,115.101,307.07996905855754,200.7532047417586
mp-1017531,VPt,236.927,116.114,271.9443274595184,142.01586086792125
mp-11307,MgCd,42.673,21.298,55.10431394680792,16.28282879307096
mp-11481,MoIr,309.568,182.715,350.269636519158,187.45070388250713
mp-11515,NbRh,219.994,56.006,247.84542316658863,82.10766792994998
mp-12595,MoRh,265.285,132.684,303.23433378608473,147.4169748428766
mp-1404,CdAu,89.162,15.441,101.93516924196696,22.558045645967276
mp-16960,AlPt2,205.051,83.974,237.00911070109,91.77040918630745
mp-30744,IrW,333.76,184.951,382.62841426849553,204.01724916389017
mp-571499,TaIr,273.081,96.097,312.413196739552,114.47694386811256
mp-603347,TiNi,145.461,61.591,178.06917030833822,50.469592321631424
mp-978268,MgZn,50.041,4.313,62.12527099154733,24.423092930162703
mp-980094,TiPd,151.922,87.665,174.07138977353628,55.48413163186916
mp-998949,TiPt,190.385,105.968,220.28267856840685,78.1849824278456
mp-999376,NbPt,229.595,109.899,269.8218332384137,121.91296307213396
mp-999502,MoPt,275.137,137.971,323.14974523631423,171.17920377984288
mp-568848,GaCl2,3.432,2.31,31.73481144461642,14.855886548826234
mp-23922,HN,24.384,10.503,108.22668736257503,70.89879181993344
mp-1501,Al3Pt5,199.949,63.445,231.0833371185351,78.69850515039008
mp-16523,Al3Pd5,157.304,48.459,178.37965287045418,62.32073502644105
mp-17045,Hf3Rh5,192.803,66.741,220.02593264497415,83.3203134052737
mp-17413,Ti3Rh5,204.618,71.393,232.41534763230308,88.33047574901153
mp-17524,GeAs2,13.477,10.712,61.51126898209437,45.90391512099793
mp-21012,Si3Rh5,198.297,76.444,256.77602265378454,105.58903970710662
mp-2408,Ga3Pd5,144.994,37.74,172.46204861403564,52.99825164688023
mp-27930,Li7Si2,32.647,28.995,37.75380202426627,35.1378922230794
mp-672287,Li13Si4,32.333,28.036,37.095837079737784,34.02081934893298
mp-9459,Y4C5,100.83,63.23,134.62396477552812,80.47569993226915
mp-2136,Sb2O3,18.238,10.564,111.43533003817726,57.28593178494648
mp-433,DyAl,64.494,42.112,72.6352825923755,48.35750428059851
mp-720,TlF,6.828,4.15,34.3120720779119,11.53817412837422
mp-1025478,TbAu3,101.371,26.739,118.2569430795763,34.67094199633417
mp-1025526,LuAu3,112.13,35.878,132.35089757379808,39.96124738979856
mp-1077,B2Ru,283.343,170.538,351.8478325656724,214.1282182917081
mp-11506,Ni3Mo,214.444,91.253,277.8907405102141,109.42631224398734
mp-12546,TiCu3,141.202,51.729,158.925098910915,68.65263957903372
mp-12802,AlCu3,131.586,46.444,157.28846802090158,65.5411833879159
mp-1451,NbNi3,205.078,77.484,247.9129795793574,96.7111694096873
mp-1539317,Ta2O5,194.214,59.754,250.67405258565324,121.12971588573728
mp-19724,Cu3Ge,123.646,44.057,145.17864844124605,50.83178733854109
mp-20826,CuTe,12.527,9.402,72.44989253715138,30.980299675390583
mp-20900,Cu3Sb,90.479,25.292,119.77044479275192,34.048342462173906
mp-23264,TiI3,1.244,1.246,29.711256316732385,16.531317511892723
mp-23312,MoBr3,4.428,2.494,43.93193073736104,24.388598988509624
mp-2850,B2Os,311.334,167.398,388.6107324855224,231.47632623981696
mp-30850,TaPt3,259.644,90.679,315.5685347611097,113.62622629272929
mp-568823,YbAu3,87.23,21.466,130.8150143649183,39.3526278622029
mp-569683,InAu3,107.88,16.267,125.61681742023949,21.525507130060017
mp-581786,Cu3Sn,106.169,35.944,128.5762917294019,49.03057957326896
mp-669692,NbPd3,196.318,80.945,227.73371807198063,95.70657074328224
mp-672371,Ni3Sb,168.202,51.56,202.6205049907011,62.4638762803531
mp-726720,N2O3,2.505,2.059,37.650054159251,21.019436302404294
mp-891,TaNi3,218.124,82.317,262.02297322266793,104.93819912411227
mp-999192,SiNi,173.822,85.469,214.15151117630344,80.54402292448853
mp-1018672,CoAs2,124.542,87.289,151.88406278942483,97.21703921818008
mp-1018804,MnS2,126.738,110.749,131.64314482825824,132.80420235377537
mp-1078253,MnB4,273.514,242.51,309.4409535298349,265.144467931382
mp-1078278,CrB4,274.936,261.781,307.67546930562315,292.3379588009144
mp-1079437,FeB4,262.93,188.133,310.6796122368471,225.08220223612213
mp-1285,PtO2,209.304,87.687,263.0608656705306,133.23202286236128
mp-13076,IrN2,320.194,194.111,373.12715702495893,205.02832986723615
mp-1413,P2Ru,187.136,138.396,214.59457229739732,148.56071727787707
mp-1522,FeS2,162.063,125.99,169.488761120217,145.6763229355757
mp-1543,Ge2Pt,110.087,51.923,130.20258541358098,54.32324994602112
mp-1871,Fe2C,222.238,102.436,304.9018803781953,115.78590735739968
mp-1901,NaO2,32.685,8.992,50.60980624787016,25.654454906040005
mp-19795,InS,20.396,15.524,56.59140379208782,29.974472519315555
mp-19814,NiAs2,102.3,52.095,134.01381165477665,77.38179619192395
mp-19880,FeTe2,94.192,73.813,99.13834015939824,87.12124433124634
mp-19895,NiSb2,75.371,38.66,103.28670800297756,55.79253067550538
mp-2000,CuSe2,69.631,23.155,80.84228838485046,27.156579261920303
mp-20027,FeP2,175.013,154.075,202.30547652042935,151.26040145210055
mp-2008,FeAs2,135.973,111.737,162.60145792405962,113.99706680089236
mp-20304,RhN2,216.587,120.735,294.10839363898776,155.77470027327675
mp-20714,FeSb2,91.182,56.905,102.66346935885691,78.15502121385433
mp-20862,CoSe2,109.411,55.11,121.72845137431264,62.41736348982718
mp-20928,Sb2Ru,111.249,77.964,134.17815987949456,85.16408419765804
mp-21264,OsN2,359.603,224.953,412.687161585336,246.40795376028512
mp-2180,HfSb2,84.365,49.015,99.77498500189584,55.93739084591778
mp-21859,CuAs2,82.504,23.8,102.8700273523464,37.90094218084548
mp-22477,Ta2P,220.662,110.02,243.5804905627158,138.60863208251556
mp-22488,Co2C,257.718,109.037,312.1936819947376,108.1080302381066
mp-22498,CrSb2,56.636,33.759,99.75057706912384,54.35584547991227
mp-22631,Co2N,246.43,87.348,310.9950930076842,98.2212369009996
mp-22882,YbBr2,15.965,11.345,42.59643284500162,22.830533652245713
mp-22888,CaBr2,19.942,10.337,29.23635252121671,13.616664858430216
mp-23214,CaCl2,16.828,11.051,35.599404195238556,16.041427621970076
mp-2455,As2Os,166.406,119.207,195.320625224534,129.65944528548067
mp-2695,Sb2Os,128.863,87.742,148.3404627570941,96.31944715107144
mp-28793,Mg2C3,90.273,47.964,124.93471011423942,77.9993682216275
mp-33065,W2C,334.316,171.769,372.6062767946128,186.13140463699253
mp-504659,Hf2P,149.153,78.671,159.9098352775838,96.5445362573537
mp-569008,PdCl2,4.94,1.982,23.33975255308466,13.453521788093992
mp-569017,PdI2,5.123,3.14,25.456447096839018,9.76028739447183
mp-570155,PtN2,274.597,167.557,347.84756242220203,211.75109986585335
mp-607371,RuN2,279.032,161.786,352.2255794383932,205.81185133699952
mp-616559,Ti2S,147.515,86.318,162.95609462893992,109.3015890501494
mp-7424,BPd2,173.199,46.36,215.27370209498037,62.21131639726157
mp-760,FeSe2,125.468,92.204,132.22694392731717,107.89714199394894
mp-766,As2Ru,150.88,105.88,177.84588503165136,116.26850927017254
mp-979,ZrSb2,81.547,49.955,96.43589834885888,57.08181358643321
mp-9835,CoSb2,99.768,63.715,117.895868729321,70.81375333880305
mp-9945,CoTe2,74.058,44.805,98.85494044362262,55.81550256031225
mp-1228652,B8O,209.358,186.929,255.23174375838596,270.48880195474936
mp-1006226,ZnBi,38.35,17.17,47.839263573710696,25.74665297461566
mp-1190190,YbBr2,29.786,14.6,48.21909168352143,22.20827687604239
mp-1321,CdSb,39.053,18.412,47.657026506534734,27.388396191870772
mp-13682,PdS2,21.582,16.515,59.49951537617318,39.49153113056396
mp-1840,TiO2,190.856,78.901,237.8302802902182,123.07775619746047
mp-2125,TeO2,22.059,17.938,132.27883520110055,71.53619553019693
mp-2284,AgF2,30.338,11.136,65.28867911977146,23.44805863839469
mp-505510,NiAs2,111.202,61.884,134.8616998494156,80.09472188833402
mp-557266,HgO2,41.06,15.676,71.34394917214789,35.175892530535876
mp-753,ZnSb,47.732,28.522,57.536224028276955,37.141102696429826
mp-775757,HfO2,217.87,103.555,258.05137219494554,132.85876528860547
mp-775906,Y2O3,139.432,64.912,160.7613514058204,85.71340076210281
mp-776404,ZrO2,196.653,89.526,240.9841037709733,116.6165842925924
mp-776490,Al2O3,228.207,145.301,260.3792848183202,173.0838041804981
mp-10913,GeO2,216.482,123.464,245.9925237446109,152.56189868122198
mp-1105681,In2O3,156.673,65.355,175.82196056939813,80.78981717054684
mp-1439,TiO2,203.794,80.898,247.65867374749283,123.85920273196815
mp-1552,Mo2C,295.211,151.829,336.19793494823733,167.08056204488645
mp-1666,Th2S5,96.675,47.098,111.55586224472891,59.16854050452448
mp-1716,Rh2O3,233.122,105.314,295.92959275991916,147.26531725224953
mp-1938,Al2O3,231.614,146.396,263.71309496311665,172.4989141996311
mp-2034,W2C,334.971,167.632,374.6919647937444,180.29218468301497
mp-20633,PbO2,103.849,39.538,134.5376564295651,60.75110499448768
mp-20648,V2C,244.406,119.66,287.37600207333765,141.58252063369468
mp-21476,Fe2N,240.287,88.269,260.1629425920314,102.72919060938682
mp-23711,MgH2,48.435,33.062,53.9785045976268,39.93023171795738
mp-473,Na3P11,13.739,6.665,57.86541457869942,43.80446485291549
mp-556034,CO2,3.848,2.383,57.027468152065,34.65959172804776
mp-560203,SiO2,56.961,44.504,198.2438655734861,129.27606672739554
mp-568293,Ca3N2,72.375,39.943,81.0588142092144,45.808812656799624
mp-7709,ZnF2,97.812,31.521,114.96647277718996,40.92157587322684
mp-776097,HfO2,200.242,96.744,236.59386410641235,126.22278724197533
mp-9981,Mn2N,198.001,98.928,210.7732050296389,115.596582085723
mp-10025,SiRu2,256.319,102.364,295.96677152651625,132.0506660335552
mp-1005,FeP,207.432,133.593,243.1898212171158,158.5341509396687
mp-1025409,TmPt,110.101,36.535,125.97378974110607,40.24185175397482
mp-1025431,SmPt,97.548,32.196,109.98303200177004,33.992994392230386
mp-1025448,YPt,102.153,33.963,115.05574309032544,36.55263277020218
mp-1042,HfSi,151.342,95.833,173.58332675493193,109.06488868435405
mp-1099,NiGe,137.06,52.238,158.56571632638548,73.65191418521601
mp-1101843,PbO2,92.315,35.417,139.90344160554142,54.30368475696168
mp-1102359,PbO2,68.625,28.161,141.9556351950265,66.8851754121597
mp-1118,SiNi2,191.4,64.237,236.09396816734065,90.07371377206158
mp-11230,Y2Al,54.836,30.684,58.149683925679206,35.69952637160015
mp-1125,Li2S,40.216,20.471,45.91604738128117,35.54683063554454
mp-1128,SiIr,215.0,88.554,257.4664220681187,114.13577411417675
mp-11347,TbF3,101.962,45.728,142.72947974372838,66.05790955864876
mp-1146,ThS2,90.46,33.237,107.68041707700844,48.71583972902803
mp-11550,Sc2Pt,90.609,27.047,112.14560046371555,35.92328899113739
mp-1188441,TiCu4,141.045,52.772,161.67864715113205,68.55333706383401
mp-1188869,Nb2N3,302.64,153.142,359.0150268479982,191.1032586615137
mp-1208406,Ta2N3,327.072,242.82,382.06757319568106,217.8844259554673
mp-1224,HgO,22.392,10.902,62.32462804992345,25.58581128045889
mp-12614,Ca2Cu,24.15,12.724,32.494854258219135,15.738650557209857
mp-12724,SrZn,24.149,8.793,29.30717652117984,13.411789378545745
mp-12741,MgPd2,115.038,37.951,132.5540993866622,50.08780209810178
mp-12834,ThCu6,117.353,23.0,136.75246690360132,52.777398732344494
mp-12900,HoSi,93.264,67.711,100.57414918044869,73.61392158210954
mp-13053,SrSi,44.901,33.357,49.410561746612885,36.79105424736289
mp-1361,IrSe2,105.86,54.983,146.6345690630524,80.88118610102946
mp-1364,YNi,76.598,22.852,89.9015554815588,26.739776852547305
mp-1397,Rb2Te,11.617,5.003,13.511995985542123,7.522328940544634
mp-1403,Sm2S3,76.96,37.195,88.62815828408333,50.264360467597214
mp-1424,GePd,122.742,42.129,143.91471441288627,55.507059471055335
mp-1477,BaSi2,31.472,18.639,50.03901199765471,36.73646253113064
mp-1509,Sn2S3,16.845,11.679,64.45803636580075,33.2123994701631
mp-15179,Pr2S3,72.794,35.04,84.34788469771378,46.51956578668963
mp-1523,ZrP2,126.441,83.188,151.43978329319674,104.14630008218724
mp-1637,Re2P,296.64,183.029,345.39703177732696,210.3802603621703
mp-16526,AlPt2,203.954,60.327,232.61440333363265,76.2666298618412
mp-17383,Ni2Ge,170.822,43.404,206.8549848489851,71.16516809750746
mp-1851,SnPd2,130.558,18.528,158.63922291819551,45.47986867427292
mp-1860,LaSi,69.385,42.891,73.22988619662567,48.250940232618774
mp-1868,VS,146.997,82.483,158.90544609376633,99.95673329078934
mp-1869,GaPd2,150.478,46.087,175.0910535971516,58.39819766169289
mp-1924,TbSi,90.719,65.542,97.02717186481138,71.36661396518431
mp-1937,YbCu,38.498,22.182,84.80076494869996,34.977727111702045
mp-19905,Co2Si,212.261,107.785,259.0453850270752,132.4778682610552
mp-19940,VAs,138.579,86.366,166.35149636759868,111.48619223766526
mp-20077,USe2,69.255,16.907,89.28606147963428,38.745666942003744
mp-2022604,Ag2Se,25.252,12.062,66.40720213494198,19.216930329998025
mp-20327,TiP2,131.512,89.952,159.0368025958387,112.89363538339032
mp-20373,Co3B,241.093,96.294,296.7376075464735,122.1031061635418
mp-20418,SiRh2,220.895,74.351,261.7449293957263,103.48574284900944
mp-20541,V2P,206.579,103.941,225.1732190117671,132.99576098458314
mp-2058,Ni3B,217.964,81.818,265.5408226578508,110.40634066630786
mp-20619,SbRh,133.533,57.121,159.69677214657256,66.72642130669507
mp-20622,SiPd3,160.007,44.115,192.6006132127416,68.01386347170349
mp-20787,FeB,280.84,142.25,306.0334393282905,155.57400072009585
mp-20857,CoB,308.915,149.359,356.6870508899033,154.19775366254837
mp-20937,Cr3C2,319.679,168.003,369.58056046461513,227.94662316558933
mp-2102,PrGe,70.295,46.687,75.04208204540582,48.96263225073347
mp-21048,CrP,198.838,139.444,193.51049922351717,160.545164403247
mp-21115,CeSi,69.426,39.155,75.01354133742848,52.01414935785584
mp-21163,SiPt3,199.75,47.08,260.32017056713903,74.71429186005545
mp-21345,LaGe,63.487,39.804,67.96184563877087,41.70246199889415
mp-2173,P2O5,40.395,33.316,186.56628911683305,137.0162858830684
mp-22033,Ti5Sb3,108.776,43.449,123.2915810113428,70.02932805470891
mp-22079,AsRh,157.445,60.566,184.65712769562097,67.64642499116802
mp-22204,Co2P,223.42,75.138,261.2966610300681,117.06345966556502
mp-22240,MnAs,106.766,78.122,123.48272963055636,96.898757944462
mp-2231,SnS,23.336,18.459,56.129487069923414,27.643153629875403
mp-2242,GeS,21.382,16.528,61.05097953617887,32.36568465233126
mp-22585,GeRh2,200.615,70.269,241.75677755774345,89.0858617494165
mp-22626,OsF6,6.233,3.152,122.04241786913543,49.546010852123594
mp-22646,InPd2,129.519,35.51,152.05757019218083,46.48155293448195
mp-22735,Ca2Sn,29.28,16.906,36.60822727052483,26.469653352328688
mp-2275,UF6,4.717,2.694,100.79574400626429,36.355501130076526
mp-22872,SbCl3,1.673,1.336,29.46980892113218,13.775267485328088
mp-22876,CsI3,5.347,2.046,11.424898344282212,5.323626258026576
mp-22887,EuCl2,26.542,11.102,40.8948153079526,18.87040400133421
mp-22908,BiCl3,4.002,3.695,42.215380180614176,17.88129742877397
mp-23164,Bi2Se3,16.965,21.246,59.345531630446814,31.762577472206715
mp-23179,NiBi3,29.76,10.642,75.91964948638658,25.88685865843935
mp-23199,BaCl2,26.245,9.183,35.835307698382984,16.383682546345355
mp-23230,PCl3,0.443,0.302,23.05926864733713,12.960058975374883
mp-23237,BiF3,54.467,31.812,119.76017258231474,48.93000161129169
mp-23260,BaI2,16.076,5.955,23.535976882885272,10.391311345646788
mp-2369,SnPd,97.577,39.635,119.15865270259935,45.817394153888266
mp-23712,MgH2,61.574,25.012,71.10731959137175,45.667190447780904
mp-23713,CaH2,46.806,32.48,52.00807673158289,41.3704276911276
mp-23714,SrH2,37.591,24.537,42.540532160908064,31.567161794944266
mp-23715,BaH2,30.008,17.353,34.54649418962594,22.799622159977364
mp-2420244,TiO2,56.861,17.976,151.09676786196417,63.03051975948641
mp-2517,Ca2Si,36.705,22.286,42.4424530599245,31.883556591636623
mp-2662,MnP,173.538,127.428,189.3232394935962,156.04446204092838
mp-27145,Ca5Bi3,32.168,20.742,37.328209674712866,25.66668370393588
mp-27257,PBr3,1.055,1.613,17.748367466689427,10.413762238159562
mp-2738,DyNi,78.297,23.865,91.91362991550082,27.8494220366787
mp-27456,BaBr2,21.78,7.82,29.69321659326984,13.355329678433389
mp-27606,ZrAs2,109.701,71.768,129.04784109426035,81.72989650095512
mp-2809,Sb2S3,16.114,8.865,65.21328083765808,36.92263290067375
mp-2824,AlPd2,157.601,52.588,179.12451513621082,65.09935024218808
mp-29646,HfAs2,114.549,75.643,133.6933679642893,83.8767279534297
mp-29862,SnBr2,5.015,1.482,28.765285098358948,13.19200486964434
mp-30355,SrAg,27.873,13.764,30.845748819819033,14.696867495053718
mp-30610,Er2Pt,76.471,25.794,92.3223632268474,33.52859211366279
mp-30719,Mg2Hg,44.345,15.581,50.89883565100715,22.778640401204836
mp-30884,YZn3,72.174,41.301,79.81023610361622,46.651757789829574
mp-31086,NaP5,35.625,19.553,68.84530076454182,52.12877762328675
mp-351,SiNi,164.819,91.069,195.8482689682835,96.24473292149152
mp-365,MgB4,158.697,113.996,186.67966217331457,156.04572668853388
mp-389,SiPd,151.127,53.453,179.59399967327587,71.99135627257104
mp-427,FeAs,160.334,85.376,159.71914332000162,105.15598991231076
mp-438,Nd2S3,74.377,36.021,86.0866811677787,48.017036408819294
mp-505071,Si2Pd9,163.342,38.309,193.1126663939281,60.78764292642962
mp-505319,PtF6,7.167,2.458,107.8992305578122,51.86057084693157
mp-510412,Si3Ru4,230.632,104.687,282.94776077798747,137.83165560195977
mp-510623,Fe3C,218.157,68.482,268.6475967833097,107.45638380182012
mp-540791,Si4Rh3,178.662,88.8,213.88243997450655,106.10758519920896
mp-542640,GePt,141.112,53.162,175.98820015558078,60.146569351039275
mp-560553,IrF6,5.619,2.833,111.51537656945004,54.03994001961257
mp-561877,HoF3,71.076,42.75,138.09537229929933,65.05156398904204
mp-567314,ErNi,83.503,24.157,95.36698393522086,29.685740774339894
mp-567744,SrBr2,18.143,8.669,28.7856208475274,13.539580661398016
mp-568284,SrI2,13.289,6.9190000000000005,22.802326680827452,10.966289080880156
mp-568446,Er5Si4,79.019,41.354,87.0316302041508,54.94685605720252
mp-568865,ZrTe,87.502,45.969,104.8731858846826,59.27559773645408
mp-569152,SnCl2,7.644,4.523,34.19757637173942,13.95662206886506
mp-569558,AlAu2,120.192,30.562,141.78124688340588,39.470875011881645
mp-569989,Nb2C,226.573,118.704,272.4391765483018,147.11568079159272
mp-570775,BaAu,30.79,13.125,33.14355150925418,15.04912912459548
mp-571651,TiSe,106.475,62.14,125.68884441793432,75.20391407335674
mp-600216,U2Se3,68.88,35.78,78.76564816458362,48.80438099561081
mp-605663,AlPd5,160.22,52.169,185.3408908019284,59.09933147247717
mp-608366,CuN6,10.145,9.142,97.36595029698012,41.53155674668006
mp-613523,Fe3C,180.669,62.54,282.1493860987081,87.34697308528338
mp-622209,Al3Ni,112.917,62.713,128.47282613028975,73.04674270033496
mp-636334,SnRh2,176.402,53.156,212.8064803030702,80.13385084422953
mp-640095,La3Co,32.741,12.416,46.07375976371786,17.93679825551155
mp-641539,Si3N4,254.919,160.943,300.2302801949437,237.820952733258
mp-644751,BN,299.812,218.928,341.6321939200383,272.60523056572333
mp-669509,Gd2S3,77.88,39.303,83.69064079139324,51.027527014720114
mp-669917,ZrRh,155.521,46.847,176.71542089861308,52.1444371603511
mp-691,SnSe,23.839,14.724,50.27258829392792,24.36911136646067
mp-696,SiPt,173.672,69.894,218.86110059231152,81.51908350790416
mp-700,GeSe,19.51,13.905,55.14946388737235,28.836266253580416
mp-7092,TiSi,145.819,99.581,166.96590314583128,114.34984331310676
mp-7343,Y3Pt,55.615,17.134,72.45020789148083,26.766612764091647
mp-7368,Dy2Se3,66.917,35.068,79.23018185035043,44.50417666642901
mp-7384,SmF3,112.098,48.388,135.8853558990883,60.96884851028703
mp-741,HfO2,224.899,93.323,304.549838654866,142.34313889970738
mp-7475,La2S3,69.384,32.899,79.74384475296496,42.54380512752192
mp-754741,ZrO2,109.287,49.055,203.59307451401276,87.17404477157251
mp-755089,ZrO2,154.271,77.349,237.9267774377784,110.46277970452074
mp-755759,ZrO2,213.895,82.002,253.29671450646268,119.13916646328764
mp-755894,Li2O,71.014,44.318,90.19696933736778,74.98458840019883
mp-7565,SbRu,145.517,52.906,172.2787601021338,83.63586415568923
mp-7857,TiB,207.405,190.624,234.10014335171772,207.45133758288475
mp-7951,ThSe2,77.932,26.736,90.41983674062924,40.12431426217469
mp-818,SiRh,195.549,95.795,232.56824970656635,112.47133436222008
mp-864603,YbH2,50.134,35.539,95.71343138718385,49.8329871831799
mp-893,ZrSi,141.728,92.826,161.9542810535864,110.89357486136632
mp-9173,TiO2,100.826,53.487,211.63208532776736,111.0105988825415
mp-9371,ErF3,72.095,44.528,139.50607789853927,66.36847466517072
mp-963,ZrO2,212.032,84.375,290.6367664157257,128.27739918454148
mp-972228,Zr3As2,125.408,62.953,140.67464259386787,81.59163155957853
mp-982385,Np3S5,72.842,44.698,93.04957649368195,54.533525780585606
mp-9967,NdSi,78.992,53.571,84.40018866933055,59.990934150778195
mp-9968,PrSi,76.517,50.93,81.09274563953038,56.539062995392285
mp-1006878,BaO2,33.298,29.993,77.57187003593467,-29.725683972710463
mp-1025069,PrSn2,53.735,30.622,66.29667926741239,32.59486800923857
mp-11413,ScGa2,75.019,51.181,82.08133149494608,48.37315843735037
mp-11809,TiAl2,109.309,82.494,116.14766649924344,74.86599644528567
mp-1206441,V5B6,277.143,232.744,307.92835135122544,255.7570304380168
mp-12701,NdSn2,55.135,31.099,68.10091181351856,33.54926686003487
mp-16371,ThGe2,87.818,48.812,99.26624152925204,57.10027241993899
mp-16514,Al3Ni5,172.818,75.145,187.0534247015918,80.49508452427446
mp-22558,TiSi,131.686,40.349,140.6761707195653,50.91387395275524
mp-233,UO3,171.463,56.461,234.07803003588072,61.522014872330296
mp-2362485,LiMg,25.554,12.984,28.59984952705204,19.34741762342719
mp-28629,Ta5B6,291.265,204.868,321.82593085057226,237.27141632077644
mp-30683,ZrGa2,99.541,62.966,113.62654057574603,61.494314587692
mp-30767,Li7Sn2,27.747,22.949,30.60570165030944,26.049676452862062
mp-31144,Rb3Au7,45.356,14.575,53.59699372366476,20.15107156099356
mp-569250,VIr,272.357,117.569,306.33441544240645,134.68751905229755
mp-571035,OsCl4,5.865,3.473,56.95317515664766,28.976315143705698
mp-755875,Ti3O4,179.336,93.478,249.91440054589452,109.15559627237316
mp-865166,HfPd5,167.044,68.884,187.3182944020601,69.5667190098947
mp-570460,LaCo5,180.839,23.948,185.2557325755928,41.740729569525094
mp-1001612,LuSi,97.309,67.15,107.70949968051563,77.50044388972732
mp-1002136,LaAu,64.033,14.169,72.34714111076548,20.970516957740276
mp-1007666,HoAu,83.589,17.384,95.37675040184304,29.897193848116785
mp-1007691,HfPt,176.476,55.584,195.5915489058691,62.455985131631515
mp-1007881,FeB,251.424,159.067,312.1596575650083,152.12447966201185
mp-1007918,DyAu,82.469,17.544,94.24405159575316,29.550875128473677
mp-1008487,BW,339.625,188.232,363.6737438254875,217.7680175225509
mp-1017507,TmAu,86.722,18.132,97.83669119205096,31.091948228570637
mp-1018057,HfBe,116.852,67.239,118.05429165760566,72.81748692647216
mp-1018115,PbS,25.09,7.599,54.07477155761749,25.309548065830135
mp-10212,ScGe2,80.354,56.949,91.96735517421152,63.50808570480896
mp-10638,ZrSb,94.274,58.065,111.70526920054056,70.73536469822855
mp-1064719,LaNi,67.304,14.716,67.41070012146876,13.540069662486143
mp-10651,YbSi,55.819,38.258,111.73726034534668,75.33969065339971
mp-1069,HfSi2,131.995,95.031,149.64057414360107,104.07673413398264
mp-1072865,HoSn2,61.099,15.772,69.8957133170333,39.99814293393004
mp-1072922,TbSn2,60.169,38.323,68.99161559768865,41.59170582257016
mp-1077102,TmSn2,61.628,37.017,71.14749101971314,38.71302031317308
mp-1096799,AlO2,121.5,76.989,192.38216865158532,119.34515762946243
mp-1097,TaB,286.134,212.507,309.75407797774767,251.30297450161464
mp-11228,YAl,53.421,28.791,64.94935577590421,42.10740252518921
mp-11233,ZrAl,108.913,70.301,122.9810604725992,78.62461099921461
mp-11243,ErAu,85.251,16.141,96.47279332897726,30.634547801138343
mp-11302,HoCd3,56.766,27.83,65.47570480194331,29.64539118595572
mp-11322,ZrSi,142.355,93.649,160.15057885068074,104.68577819607404
mp-11411,ScGa,76.65,43.659,84.43599944359737,49.86461394932473
mp-1168,HfTe5,11.773,7.3,51.41934955835724,29.28145708134897
mp-12054,Cr2B3,298.232,185.951,315.1978849593652,226.5101421190198
mp-1232339,LiC12,128.198,101.322,150.4837746956194,106.63042408059572
mp-12684,LaAl,52.592,34.891,62.27575689116462,37.42389058856023
mp-12723,CaAu,47.167,18.66,54.208268962166585,21.98682432173961
mp-12899,HoSi,92.828,66.189,100.6860011933394,73.91974271111864
mp-12910,GeS,23.949,19.766,64.68554210439048,34.741669535543586
mp-13010,YSn2,59.361,37.676,67.84240303957199,40.36736600665533
mp-1341,Te2Rh3,146.115,48.875,168.08765388118005,60.46633869157055
mp-13450,HfSb,100.739,59.904,119.439189433137,72.49292306546229
mp-13453,BePd3,158.862,35.489,183.52531963351296,61.68834037546162
mp-13495,ZrPd,137.302,36.61,152.05132561580407,43.48620449227794
mp-13683,HfGe2,111.883,67.117,125.4574155985653,76.21741416860033
mp-14019,NiB,261.814,104.142,304.23202840502057,119.39946708805452
mp-1405,TbGe,80.709,53.889,87.89872085235423,58.6046654456913
mp-1448,NdGa,74.648,18.258,59.985304381335,29.70867399404887
mp-1515,ZrSi2,126.046,96.722,142.3398614504093,108.25212704826488
mp-1537871,Ag2S,28.202,8.147,61.93046825303863,21.719035202272284
mp-1563,CaSi,53.572,38.383,59.13359681348997,46.89656678410177
mp-15671,Re3B,365.183,290.218,416.4732743018987,198.71887181976493
mp-16342,HoGe,80.872,54.586,91.08708267593973,59.62690970181944
mp-16528,Al6Re,112.677,72.365,130.7552963370243,82.04902656954974
mp-16529,Al6Ru,111.884,73.629,132.5316554094639,80.49900716454158
mp-16718,Al6Tc,107.586,69.162,124.32029123642587,78.37269655314606
mp-1698,SrSn,32.734,21.427,39.768016247055805,25.18421751068223
mp-1711,Er3Ge4,78.243,51.693,88.34835936904577,57.37168025579743
mp-173,MnAl6,110.784,69.344,114.75636550402396,77.02455480877369
mp-1730,BaGe,30.305,18.207,37.134954539593544,22.59759082670579
mp-178,ThAl,72.139,37.801,77.28861931819661,38.5725248755208
mp-19918,GdGe,73.164,46.12,430.3753092143636,87.58548164201063
mp-20122,DyGe,81.505,54.729,90.02663027308164,59.35112108068327
mp-20136,BaPb,24.299,13.484,28.491723029344023,17.540045842140913
mp-20439,CeAl,55.79,34.493,64.4755123408513,42.14204411731631
mp-21188,CeNi,71.273,15.258,83.95307578995211,16.85478702151215
mp-2168,SnSe,27.105,19.801,52.24290951849807,25.172589880491252
mp-2264,ErGe,80.602,54.614,92.18043740858462,60.227964248226805
mp-22858,TlI,11.664,5.404,16.004153434975702,5.919255857029272
mp-22870,InBr,13.519,7.042,20.305023677487817,7.532672617479279
mp-23202,InI,13.331,7.457,18.13064858530555,7.587833326948267
mp-23244,UI3,6.693,3.645,29.60042086756055,16.801801752542932
mp-2327,TiZn16,79.295,24.042,91.6002654753655,43.25926629539776
mp-2349,YCd3,55.533,25.172,64.11530098647353,29.35848311216883
mp-2360,CaGe,48.071,33.926,51.7922856621755,39.988196418607245
mp-2430,ZrGe2,108.179,71.611,122.40392478004618,82.50273528852223
mp-2450,CaSn,37.561,22.571,42.83357739150492,27.001440394219124
mp-249,HfAl,117.671,70.131,133.39449403213317,89.00710402047575
mp-2499,BaSi,32.012,20.384,41.48118419883458,26.138555197456892
mp-255,NaHg,17.221,6.751,21.245739956290656,9.91988533665051
mp-2580,NbB,263.884,198.028,285.3905046536808,237.15004785626255
mp-260,CrB,295.159,222.072,320.2293184351207,239.46419317564752
mp-2620,DySi,91.134,65.591,98.95463168798848,72.87289917340257
mp-2661,SrSi,44.145,30.984,49.49962935320441,37.15822718994632
mp-2668,Mn3As,121.507,44.278,171.13851674170266,105.737948788377
mp-27488,Ta3N5,241.568,98.734,286.94699174566557,145.98720228691104
mp-27975,NdBr3,9.801,5.38,39.668277973278855,18.606413350196807
mp-27976,SmBr3,10.18,5.194,40.55216649355088,19.46578104749151
mp-27979,LaI3,6.8469999999999995,3.843,29.55068264387174,14.302547993886844
mp-28448,DyCl3,9.947,3.729,50.45494103750289,24.338075474156103
mp-29210,Li2Ga,33.134,27.31,38.18319895453904,29.74461756295343
mp-2933735,CuO2,8.166,4.904,37.76915084564953,15.221890613709062
mp-29772,YGe3,73.159,51.058,84.59652200570261,57.979074390969494
mp-303,BaZn5,47.618,27.225,57.39365792674053,33.37319680580636
mp-30408,MgAu3,111.519,29.873,129.74984211898942,37.02318289918899
mp-30423,VAu2,125.266,26.935,174.55259413930725,54.04286573276555
mp-30483,CaZn,32.099,14.606,37.37986826210778,16.238704725195
mp-30485,Ca3Zn,22.439,9.782,26.25657185139903,12.05884535954286
mp-30502,TmCd3,57.293,29.664,66.22317472223305,30.13347423176529
mp-30564,ThCo,101.93,22.233,115.55819003421092,34.09258353270243
mp-30604,DyGa,68.534,42.601,72.21475912490811,41.493330284426115
mp-30613,ErSn2,60.804,37.354,70.58388300154348,39.58257442171672
mp-30619,Zr3Co,103.802,35.813,125.16040759834011,48.18740557808875
mp-30840,Ti2Pd3,154.553,41.93,180.86552115786233,53.01872375302345
mp-30849,TaPt2,243.933,75.583,292.81502248151696,104.61016680281904
mp-30872,ThSn2,71.526,40.547,81.49164436054336,49.265677401417186
mp-30933,ZrBi,82.991,48.372,99.92670372211693,58.925739916125046
mp-31205,Zr3Fe,102.072,37.707,127.04856987094723,46.92073640757289
mp-31324,Li2In,28.365,23.649,32.21688248736503,22.245829926450572
mp-31380,SmPd,75.905,26.496,85.70304226633603,24.76610495657354
mp-31502,ScCd7,53.455,62.402,59.64444802485648,24.29721353838386
mp-36216,Ag2S,27.991,8.545,64.12802859298469,22.488500651077473
mp-378,ErSi,94.174,66.701,102.572510209122,75.32415449520974
mp-511,PrGe,73.985,9.662,76.33448186435855,48.8239879162128
mp-538,CaAg,34.318,13.005,39.25577143890981,16.80796177916212
mp-555599,CuS,58.947,20.592,98.09739046155372,45.12292863006506
mp-556,ZrNi,139.087,38.253,154.8640375639235,44.78521104709375
mp-558378,Pd3S,113.764,39.33,149.39493957316512,57.10408476408484
mp-559676,SnS,28.192,23.866,59.242890279680125,28.95898792136789
mp-567181,ZrRh,161.195,47.288,179.7691754856249,57.91651715600884
mp-568992,ZrIr,186.261,55.113,210.51352468640593,71.13848174678087
mp-570001,Al6Fe,105.11,57.151,122.282458535274,80.54886008721527
mp-570112,Cr3C2,309.637,144.082,353.16292063830036,185.75117475474377
mp-571555,InCl,12.514,6.673,21.837620005257516,7.756074928554448
mp-605,ZrTe5,11.82,6.693,50.12595272832378,28.3716152210625
mp-613,Te2Pd3,106.336,25.081,119.9507395793254,32.69560805311606
mp-628773,SnSe,13.848,5.384,38.73699462281564,16.495936364597753
mp-642363,Al2O3,195.665,238.638,256.532914844947,158.0039235470947
mp-663,NdGe,71.314,47.984,79.04516752425857,51.249747729814914
mp-6914,CaGa,37.038,27.264,41.990733898793835,25.85703877582823
mp-7083,LaSi,65.047,45.062,74.5709378048305,51.184437480646906
mp-7303,ErCd3,57.028,29.141,65.77459282691473,29.73517312753054
mp-8053,YCo,73.704,27.181,95.42711246409024,33.14375905665166
mp-864941,MgSc2,49.044,25.681,56.514063093182656,32.553539670509146
mp-865583,Y2Mg,41.701,20.535,45.463577597882285,26.573959385536966
mp-872,BaSn,28.386,16.162,32.33803136906027,19.518002298941973
mp-9095,Tb2Si3,73.503,33.445,82.77425093978299,47.4300591383593
mp-9208,V2B3,279.124,240.168,303.46138976147074,255.65539545312055
mp-9399,SmTe3,22.055,12.107,58.24029267553439,24.829031280139596
mp-973374,LiMg2,28.486,13.561,31.625933338274017,20.555563434773557
mp-976425,Nd2Mg,36.226,18.853,39.45623240905458,22.26048063838592
mp-977218,Li2Mg,21.078,7.239,23.232151659581675,12.550678600780316
mp-982070,VIr,270.236,116.36,305.8115684056701,144.77831892322016
mp-985805,AlAg2,94.159,33.298,111.06733176692106,39.61649905568792
mp-9969,ScSi,101.131,70.078,111.48277589115617,82.4710461021197
mp-9970,ScGe,89.435,57.039,99.08658290865571,65.03769133659242
mp-9971,YGe,78.14,54.513,85.86163178549167,58.857438034571736
mp-9972,YSi,89.203,65.637,95.91775871867335,72.99836611010024
mp-9973,VB,268.991,231.992,318.8156587193369,270.6445966578817
mp-999124,TbPd,81.785,28.181,90.91924076710878,27.76776954601246
mp-999130,TbNi,76.757,27.534,88.66794834874705,26.337095899632555
mp-999145,SmNi,70.621,23.373,81.84738577278694,21.186953580318683
mp-999198,BMo,308.669,192.421,332.4553022384704,212.19951771158748
mp-999336,NdPd,73.81,25.201,81.47195942081552,22.501004514930287
mp-1393,Sn4Au,53.102,14.399,66.25697401283536,19.211791800009923
mp-20662,Sn4Pt,60.455,29.701,81.04569222590752,35.46839780492116
mp-2128,Sn4Pd,56.496,24.132,74.35129670321058,29.14948177948203
mp-1371,Sn3Pd,64.308,23.339,83.6776181888252,31.90235238445806
mp-17123,Si2Os,203.505,120.912,252.400658216119,144.68820844950145
mp-1714,FeSi2,182.055,128.034,217.57559065618204,153.81929180397734
mp-1755,ZnAu3,127.051,37.609,153.03462676712388,38.8003437065092
mp-2232,CS2,0.589,0.419,22.6203694975989,11.620218244183176
mp-2456335,PbBr2,4.359,1.297,25.067727347393472,11.260892603064
mp-2672,K2O2,32.413,16.455,41.62895219823365,23.347736520439582
mp-29647,SmSb2,58.083,28.693,69.35489984705683,35.24304890667912
mp-29900,NiGe2,110.731,47.537,123.63328860645257,47.888876295741014
mp-30045,CoGe2,122.975,66.091,142.04708318243718,69.87682082056371
mp-32811,Ag2Te,52.857,12.209,60.5727774926137,21.479056752559647
mp-569054,La2Co3,70.274,14.097,83.23301148711535,20.22523674671977
mp-569815,Si2Ru,183.66,108.94,226.23704292695533,131.99225204634797
mp-570686,SnBi,48.347,17.093,56.762814408097384,14.137669861689556
mp-637255,Ti2Sn3,87.487,48.891,100.85281610110562,56.80547051394546
mp-640708,FeGe2,128.509,67.937,140.84328952660547,87.48803449692159
mp-15556,Rb2As3,11.807,6.537,25.97836144265597,15.855236834163454
mp-2079,Rb2P3,14.668,8.536,30.67633628775231,19.49768318843267
mp-600604,CuO2,11.725,5.924,44.95358102892304,16.104467420674393
mp-8262,K2P3,16.206,9.501,34.095196748576654,21.351491055810847
mp-1046,NbSn2,96.844,47.291,111.12496313022204,56.97428768722284
mp-10910,Al2Ru,166.651,103.353,192.21714756244103,127.6874403051822
mp-20887,VSn2,94.914,51.156,108.83166200337868,63.418347134368176
mp-2131,SrN6,39.156,20.283,84.70260366929115,48.15037419365688
mp-2481,Mg2Cu,56.418,30.526,66.1146292933496,36.2584561799073
mp-2582,TiSi2,142.135,111.779,165.67569328351968,135.6706782700759
mp-401,Sc2S3,55.932,37.408,89.9098687073379,53.699251803639214
mp-555483,SiO2,119.344,43.519,180.7390611886451,98.82285636484087
mp-567889,TiGe2,113.668,80.368,132.45151788710618,96.27606620141776
mp-567982,TaSn2,103.041,49.663,118.58782383751326,63.76006217622261
mp-569857,K2P3,16.217,9.422,34.28751824894575,21.82602485825493
mp-676,CaN6,46.695,23.676,100.43600523816212,54.85805597901999
mp-755328,ZrSn2,87.588,53.789,104.92969526292346,70.15480868700503
mp-15659,Sb2Pt3,135.898,20.292,172.23871512912268,46.32363093685039
mp-1602,SiS2,6.09,4.007,49.39849644847929,21.69179762238727
mp-2247,AgN3,24.282,7.425,76.73309745674975,35.88732495650975
mp-30139,BeBr2,2.676,1.835,26.51814861445548,12.905292162684852
mp-30851,Ti3Pt5,202.97,73.603,246.12107198232368,84.85773383438868
mp-570886,BeI2,1.958,1.478,20.6345529960823,9.7643200409036
mp-976,V6Si5,185.901,120.052,203.2613288598233,143.28598230277495
mp-1228685,B8O,210.762,64.025,255.46120636114583,270.7877655689513
mp-1238815,B4C,238.023,184.835,267.2343404016041,270.1794971456173
mp-27821,Ag3P11,52.412,32.91,78.49124957816237,56.49753591413355
mp-30180,Al4Mo,111.709,74.751,131.72439012252423,87.95374801423816
mp-30336,Al4W,116.786,76.786,138.97327223483384,94.4481178527881
mp-568595,Re4Si7,210.961,162.768,260.20144928428317,180.34559562310213
mp-977273,MgRh5,198.411,87.191,238.9281629773653,101.9378681134278
mp-1010,MnB4,276.056,239.35,304.62084255556334,263.74356050635635
mp-10118,Mn3B4,237.291,170.637,263.3063511276508,175.50582444717708
mp-10142,Ta3B4,294.112,209.478,322.6003615033802,233.47227809718373
mp-1018151,NbPd2,194.599,76.958,226.16801112098628,91.10942307449398
mp-1025170,Ti3B4,224.584,217.798,247.3829650449102,230.9423400409816
mp-10255,Nb3B4,274.679,196.187,298.131639012187,225.77150276589157
mp-11180,NaC,28.546,15.367,47.44506926446059,28.9319498389816
mp-11514,NbPt2,241.924,110.128,283.0268946972292,120.45374211202504
mp-11531,VNi2,229.507,85.56,251.1342843679635,108.409068317767
mp-11549,VPd2,192.283,78.469,227.0300142407584,102.61521788376696
mp-12108,VPt2,246.671,114.484,292.70128135346187,137.799626728973
mp-1378,LiC,40.769,30.156,70.61553951150272,49.186501126363765
mp-15078,SiO2,92.441,31.054,138.00175420368586,88.33611549730846
mp-2382752,CaC2,57.491,22.771,85.0936830046403,51.05758752370247
mp-2479851,Mg3Cu,44.71,22.319,60.66504763045547,28.70116724222598
mp-27710,CrB4,282.538,257.596,313.4073859341829,296.32867465362904
mp-30835,TaPd2,205.117,73.846,245.1260991924696,92.24765561698848
mp-568232,Ti6Sn5,102.154,56.499,116.08205596009596,66.73409959127866
mp-569270,V3B4,278.729,233.825,305.02497228888075,256.34878208564857
mp-570991,TiSi2,138.262,107.94,149.8467890724562,92.39463510990048
mp-784630,Ni2Mo,240.432,96.666,274.4892101087199,112.49440913814573
mp-784631,CrNi2,221.367,111.762,279.09492336797723,133.75255130375805
mp-8700,K2Au3,33.183,14.542,39.32677089985774,18.296000310436664
mp-889,Cr3B4,300.71,205.66,319.99088290087985,232.2375089567409
mp-952,MoPt2,271.801,138.285,328.9294524801734,158.21923287038018
mp-15964,Hf3Sb,115.025,49.685,134.07788678863145,78.98905803273533
mp-1793,Zr3Te,105.452,37.599,120.90349791751424,62.35094389874172
mp-2296,Ni3P,199.918,56.587,234.55832844487955,84.41343236972529
mp-1024991,ErCu2,86.857,24.491,96.44202862448591,28.98668949787891
mp-1025096,ErZn2,70.145,42.435,78.45445697927964,38.628304822713815
mp-1025126,MgSi2,72.283,30.387,84.1449983660613,25.220539429982892
mp-11266,BaCd2,26.527,7.81,30.249094950577337,11.157730524178207
mp-11412,ScGa2,79.908,49.437,88.43132949633646,59.25877410720904
mp-1180279,MgF2,50.398,13.638,64.602946251566,31.067477891763968
mp-1205309,LiB,43.817,32.433,60.43274338059081,35.04885966193636
mp-13270,CaAg2,48.592,15.092,54.672928649507405,22.767060892900098
mp-1385,CeZn2,49.695,24.161,61.40703612423747,33.67721429002102
mp-1400172,SbO2,68.54,37.802,127.53562495048972,69.84714976252302
mp-1444,CaCd2,35.875,15.863,41.81196435908807,19.59262420260519
mp-1527,TbCu2,84.123,22.729,92.22717016510605,27.24442651222881
mp-1725,CaZn2,44.942,23.828,50.38929557213835,24.821418525604116
mp-1956,TmGa2,76.021,50.722,82.67642701792893,55.20480439279924
mp-22317,EuGa2,48.779,31.209,59.71598361422745,39.92386662244758
mp-22318,SrAl2,44.927,33.57,50.780936101323775,39.09776779815749
mp-2338,TbZn2,65.918,35.596,74.97531950610328,34.65532128243299
mp-2698,YCu2,84.831,20.657,92.03236629466382,26.870796685842897
mp-30356,SrAg2,40.502,17.609,45.70668113506392,20.73494307883198
mp-30435,BaZn2,27.55,7.882,33.50640452392565,11.491068535715042
mp-30717,KHg2,11.826,4.929,16.909426959625403,6.199539271121793
mp-30800,NdZn2,56.978,23.092,68.48054188888885,28.395653594634364
mp-443,CaAu2,65.801,15.106,75.83859500780952,27.84108697530751
mp-567538,YbCu2,66.135,29.254,102.73840049192992,29.716713849120804
mp-567695,UMn2,184.28,34.896,216.39479883036952,-40.554545081453874
mp-569128,SiB3,156.676,129.394,187.71610473200155,181.89723395396305
mp-569406,TmZn2,71.161,43.099,80.63209660585461,40.30643505409316
mp-569426,SrZn2,35.093,14.647,40.27239710217633,16.59295261967541
mp-570093,DyZn2,65.917,38.077,76.51369544896703,36.030855209328806
mp-657,YbZn2,47.078,21.379,77.18142960161255,42.50185695705262
mp-978275,MgB7,183.359,183.073,231.8504464413392,228.2007005978649
mp-9827,RbHg2,10.747,4.682,13.768746614056992,5.854138606192173
mp-30673,Ti2Ga3,107.755,70.461,123.57687974219012,74.19200000170301
mp-775910,ZrO2,188.21,98.43,262.87778852579146,122.0824601854756
mp-17848,Nb3Si,183.507,74.346,202.2780626536594,97.07345109858444
mp-22447,Zr3P,125.1,63.867,135.66703849946845,76.67841691897942
mp-30594,Cu4Pd,145.218,47.364,168.77869844277154,52.69075126003458
mp-1982,Al21Pt8,132.661,63.079,153.141164234317,79.2674854859162
mp-557057,NbO2,207.449,81.941,257.4349949651837,126.0946965879895
mp-567431,ThCl4,24.216,10.533,61.82184905779236,26.58125309465403
mp-570229,ThBr4,21.662,9.13,50.90502910323158,22.41825634187127
mp-795,LiSi,52.319,36.261,61.78582604446962,42.80777793683011
mp-9918,LiGe,39.993,21.135,47.63131191969207,29.61339959319797
mp-10734,Ti4O5,207.408,90.488,268.6672112042192,119.6102787329746
mp-11507,Ni4Mo,209.68,92.581,254.8757149054132,104.72325441214142
mp-11765,Ti5Se4,84.426,47.028,122.43680536410962,75.09905562964667
mp-12565,MnAu4,130.268,30.71,837.2372702768195,45.33237625495281
mp-12635,TiAu4,146.22,39.965,175.54902181180898,49.36514435956855
mp-12884,Hf5Te4,77.308,36.907,109.39936779650397,59.717365900000566
mp-15837,Nb5Se4,112.67,52.617,163.86388469592913,83.01607957390378
mp-1743,Mo5As4,152.527,85.16,206.56066957999465,105.99815724954782
mp-1852,UF5,14.284,11.448,110.13179125626677,35.93105561499015
mp-2371,Ga2Te5,13.543,13.907,45.097095683818274,28.92258430250969
mp-2598,Ta5Sb4,105.592,60.636,156.82461414321938,87.81287699212089
mp-274,Nb5Sb4,96.984,54.863,145.01208306551095,81.16745929182753
mp-27743,BiF5,13.737,10.508,88.21083052842582,40.67986965908962
mp-30354,ScAg4,89.295,35.942,100.90678957347616,37.60992096760627
mp-30536,V5Sb4,90.199,52.07,130.76501427117103,77.59211355190483
mp-30797,Nb5Te4,89.583,43.695,137.40872719647368,67.86375050070637
mp-30811,Ni4W,226.168,97.776,268.1861907179384,108.9938224670112
mp-350,Zr5Te4,68.334,35.885,100.31383237787244,58.71616333150049
mp-7498,Ti5Te4,68.104,38.922,99.13498656994688,62.05656872731813
mp-7927,Nb4N5,268.181,161.799,354.7070738623836,181.64330907679633
mp-8046,Ta4N5,289.948,175.313,381.6221494044216,195.97638899961925
mp-9948,V5Te4,52.954,1.347,106.7916171032906,48.640204525485935
mp-14587,ZnP4,66.685,37.354,85.50801565727471,54.67442932705632
mp-355,Nd5Si4,64.481,33.016,72.37595538389768,41.898265478177194
mp-555434,As2O5,91.699,51.804,167.69582977856754,119.24045374374398
mp-557,TeO2,31.251,29.509,134.05949791379925,70.78272729839895
mp-6945,SiO2,12.474,46.397,169.53389120832023,101.15358403758526
mp-7457,SnF2,12.518,10.742,59.93155806540809,26.118732581098875
mp-7623,MgAs4,43.341,25.406,62.52381202507621,41.188497127952054
mp-7812,GeO2,20.101,25.441,141.04367550201712,85.0083616587781
mp-1340,Ga2Se3,27.869,19.013,59.78622270934691,35.74897305652031
mp-344,BN,180.219,115.861,203.2359510702412,166.2838478984337
mp-38970,Ga2Te3,21.714,14.943,45.45087370805927,27.451871134517624
mp-539,Ga2S3,31.225,22.912,72.95242279971826,48.13149797887991
mp-640556,SiO2,18.824,40.013,167.71419161386905,108.94897848481544
mp-1021499,Cu2Se,75.852,26.749,91.35194785814068,37.27184532131494
mp-11025,ZnP2,68.444,42.518,78.84524219320767,63.5980429944709
mp-2739,TeO2,31.468,28.985,134.5940858000353,71.14963672649903
mp-618991,Cu2S,91.372,29.117,106.56044708824663,41.49842880526225
mp-471,CdAs2,36.727,18.611,58.536078920702,38.60965083528358
mp-1216445,V9Cr3B8,271.858,211.081,298.56416560369604,237.9601507179287
mp-12743,CrTe4Au,26.69,19.236,75.039138130361,29.91940626111432
mp-2468835,Li7B18O,129.576,91.595,145.6630354798902,118.414704574618
mp-607475,Zr4In5Co2,84.627,52.398,113.41299427451906,55.94298512653551
mp-675334,LiTi2O4,168.606,114.219,226.89631553761907,136.72115845087575
mp-675701,Ca(HoSe2)2,41.864,28.249,60.79301632365758,36.0860164346353
mp-8677,ZrTiTe4,14.309,12.148,63.18302401234315,29.340096371823403
mp-945184,YCuTe2,42.341,20.022,59.728097474375694,35.281487313662446
mp-989651,HfTeSe4,12.699,8.671,62.55227129926468,36.02988276305253
mp-997006,AgPtO2,123.077,34.632,163.61928092503604,71.52939981756937
mp-1029652,Y3Si6N11,141.881,94.254,213.97900610546637,151.3699879636851
mp-36940,Mg(CN)2,35.297,2.902,70.93939355110622,20.023843615941107
mp-14983,Si4P4Ru,119.975,86.833,136.50823330442967,100.7615421640744
mp-23487,KIO3,21.031,14.11,83.28189182186824,48.00717539134037
mp-29157,Si3P2Pt,122.687,81.176,142.1093589813575,98.46463199763578
mp-36779,PNO,51.111,53.892,192.0269388609568,121.12728260699298
mp-531611,Mg(AlB14)2,189.975,174.61,242.12446022645256,234.74510290846163
mp-753197,HfTiO4,182.734,74.28,242.221044275886,120.90144088724472
mp-774922,Ti3TeO8,6.146,13.893,115.64320904902712,55.18703430337957
mp-9198,Fe(SiP)4,112.916,90.786,133.32835585891564,105.06024770528693
mp-559264,Bi2PdO4,36.71,24.815,130.31849642979168,58.17021606470486
mp-29136,Sr6Cu3N5,63.615,27.585,78.52868962889802,39.46221815693823
mp-1025028,PrSiAg,79.699,25.792,85.62042952203757,41.44766591759618
mp-11511,LaAlGe,70.446,47.27,78.80151594284914,55.274344044259415
mp-27255,Ga2TeS2,24.352,18.386,58.03973442831322,38.541081162244254
mp-752463,NbNO,177.394,57.723,260.2554168743141,115.85246756671528
mp-756638,NbRhO4,215.16,81.083,270.70850830189767,131.95672846058687
mp-760396,TaAlO4,215.809,117.113,275.3597723574624,153.89261517797976
mp-1008925,LiFeP,63.254,71.498,134.3837263495745,93.99003352180668
mp-1009828,BaSiC,24.222,20.55,36.42823869806389,13.40413974521047
mp-1069604,CaSi3Pt,103.918,47.82,125.0601744890128,56.755128763520176
mp-11269,BaSn3Pd,55.006,23.411,64.04406354308199,31.00052579578438
mp-11879,BaNiSn3,46.496,31.724,63.54283473304405,34.61832120062545
mp-13121,CeGe3Rh,95.273,40.715,122.40454506500716,61.24794929550456
mp-14625,NdCoGe3,92.959,53.156,114.4166828950088,63.33312897326458
mp-19973,LaCoGe3,86.372,54.869,109.89820779755544,64.51801154333346
mp-22346,BaGe3Pt,74.417,40.321,88.09210663251254,48.07980322612649
mp-2914,LaSi3Ir,122.782,67.694,151.62849694239247,83.42855015752224
mp-29308,Na5Co2S5,33.706,14.373,38.44853381671068,25.229216134239643
mp-30433,BaSn3Pt,60.919,26.771,72.46290172270623,36.210449233832435
mp-30805,SrNiSn3,51.162,24.888,66.60036052614484,31.898729568024795
mp-30834,SrSn3Pd,56.392,13.412,65.74270220520647,26.96719788667414
mp-972659,SmCoSi3,136.209,72.161,140.76979388183773,84.30502122786594
mp-978987,SrGe3Pd,70.823,26.34,84.59352472399004,38.57190211452935
mp-1025150,Cu2WSe4,30.602,11.26,77.71168204848503,30.478959788216063
mp-505244,FeCuSe2,22.682,4.469,67.219546228523,32.44200010632684
mp-568032,Cd(InSe2)2,27.708,15.224,47.679762545666314,24.612495910013063
mp-568598,Cu2HgI4,17.315,9.009,30.85576311819016,13.814100017270755
mp-570256,Ag2HgI4,12.21,5.58,24.64015252900467,9.256860981061468
mp-861184,Li2WS4,4.842,2.584,48.10410220926545,23.818666986478764
mp-8976,Cu2WS4,9.511,8.382,78.27830815200734,42.93211471707244
mp-28020,AlCuCl4,10.74,6.127,43.31675084312511,17.932083138256818
mp-29362,GaCuCl4,10.789,5.407,40.89075647180452,16.561498507787935
mp-1025461,PrBrO2,60.485,24.082,97.4111357378121,43.09760444809326
mp-20716,PbSeO3,35.364,7.251,102.31499958763132,51.3345110509155
mp-23022,KClO3,15.769,7.956,54.496962831869034,37.20296346248997
mp-24428,KH2N,19.158,10.617,40.20881301850628,25.578702422883307
mp-2468815,LiCoS2,80.565,31.703,105.50997599163657,53.87424609033744
mp-2506699,BaCO3,49.604,21.994,86.1175502793617,54.15609101136472
mp-2525045,Zr2N2O,160.644,79.641,233.04561881711132,134.1614831521808
mp-28665,NdSi2Ru,125.248,62.129,148.86519061406253,87.261397640418
mp-28795,LaSi2Ru,118.955,59.136,140.30349856968428,81.11618477573674
mp-29088,Sr3(GeN)2,50.267,30.528,65.59501199580913,41.25414773979736
mp-29152,Zr2CoP,158.429,79.053,167.4699206226966,80.19336392195535
mp-29153,Zr2NiP,157.834,82.497,168.81918293970202,93.3287396971658
mp-29154,Hf2CoP,171.95,86.955,182.36276361955217,91.6673311082809
mp-30151,CuAuSe4,29.101,19.356,73.21875019278906,34.09834839305549
mp-31510,NbCuTe2,65.953,37.452,100.49564771716352,57.79491109037638
mp-3488,Na2Ti3O7,97.103,43.32,178.17742401293907,95.61068451145474
mp-4264,K2S2O5,20.378,10.521,62.14198951616293,44.4097563168173
mp-4691,Ag2CO3,47.972,14.143,81.5954014868116,38.90131326953121
mp-5431,BaTeO3,43.028,20.15,95.11082788151272,51.018816197229235
mp-545482,PdSeO3,17.966,11.723,111.77300778520004,53.302727783813594
mp-558636,CaAl2O4,152.027,89.116,193.24220431743865,130.04008637081031
mp-571599,Ba(BiPd)2,59.927,20.217,70.42560810494967,27.117290357602972
mp-5918,Hf2NiP,180.029,94.851,182.8744105654904,105.2511813399918
mp-625055,AlHO2,91.937,27.238,192.52996188531097,128.8916806270438
mp-634657,NaHS,21.406,10.172,32.689425587877366,19.784027026279603
mp-634676,KHS,14.213,8.001,23.27546227774368,14.232375385889885
mp-776205,Hf2N2O,177.628,90.58,250.64967765336996,151.26345438857453
mp-9391,TaNi2Te3,21.521,10.537,96.55461030261044,45.81516151694597
mp-997042,TlCuO2,21.672,9.227,50.59480517196866,24.855090790224217
mp-997054,CuBiO2,45.335,19.29,117.18663808528156,49.1002195255763
mp-997082,BiAuO2,59.145,20.275,117.87590357491376,46.85299707514661
mp-4779,Li2B4O7,41.92,40.743,169.0100057347415,118.06096335892688
mp-28782,Na3PS4,22.958,10.928,52.37398541844055,29.782543321352332
mp-1078600,TmAgTe2,42.537,21.354,56.346010846872495,28.44131686547164
mp-12903,YAgTe2,39.447,19.888,53.53127007206698,27.207984003142037
mp-4674,BNF8,16.052,7.666,93.19434685530403,57.7751436794355
mp-606393,NbBr3O,6.824,4.154,66.9229203077967,31.808823214563077
mp-1007823,GaBN2,247.284,173.186,263.11017945438147,220.37053256619984
mp-1008523,BC2N,342.032,393.147,381.51931331285937,412.53026805816745
mp-1008527,B2CN,326.549,315.747,350.258068029973,316.70791540750133
mp-1008528,B2AsP,146.701,141.361,157.9289285417291,153.26439244898458
mp-1008556,AlGaN2,183.528,110.883,235.8627701203816,160.2827736617251
mp-1008557,AlBN2,257.912,177.148,281.96356585907546,225.92904466663836
mp-1017534,ZnCdSe2,50.014,20.132,55.51124930145864,29.986250709366196
mp-1018079,CrGaP2,79.184,20.698,135.97895546285542,30.99691882749423
mp-1018083,CrCdTe2,38.574,8.827,43.32704153263807,15.751363636880322
mp-1018089,CaZnSe2,41.321,7.128,46.23363277914785,18.89571343684107
mp-1018709,Hf2GaSb3,93.197,62.432,105.67533606291413,65.51093993985228
mp-1430957,Zn(CoN)2,136.422,50.155,174.1783414211018,52.81903035691578
mp-16421,Zr2CuSb3,95.97,46.996,105.7384285373438,56.02555396820738
mp-19928,Hf2CuSb3,101.457,49.807,110.7012706215198,55.61894565628497
mp-34993,LiAlO2,153.169,123.673,218.68000143185705,163.43716245809298
mp-505804,Ti2CuSb3,90.931,51.886,109.81297499307898,56.56992705941624
mp-640073,FeCuS2,43.783,19.144,47.15685033699817,37.302955229834794
mp-753156,La2Th2O7,128.506,58.428,166.06478385968595,72.47280799990506
mp-971712,ZnCdS2,60.274,24.036,66.38843726525688,34.83452489411616
mp-568556,Mg2B24C,208.857,195.607,247.2479662770573,262.925064980487
mp-10006,TlAgTe2,33.627,10.05,37.17533547339753,12.039572195738224
mp-1190680,Mg(BH4)2,14.053,4.908,38.32137943621891,30.90777202006146
mp-34735,Ho2CdS4,64.932,30.307,88.24248251038937,47.51106473550378
mp-571443,SrMgIn3,35.493,22.431,41.49430112308342,25.37532941049872
mp-754839,SnBiO4,118.856,31.907,147.74000936384692,66.18414353525148
mp-755302,TiNbO4,162.315,27.544,254.11017620572065,105.2621204229707
mp-773864,TiSnO4,163.816,47.131,209.3570719831251,97.81205889796284
mp-1025315,Mn(AlTe2)2,27.918,15.38,45.621954996648114,24.41997831473963
mp-1025377,Cd(AgI2)2,10.114,5.05,24.331748557260973,9.27204508898319
mp-1389664,Cu2SnSe4,29.275,8.09,60.29329328822379,22.03652700932763
mp-22993,AgClO4,26.665,9.049,99.4926614608223,56.036259067112695
mp-23353,Cu2HgI4,14.625,8.411,31.00091385638588,14.01739301337537
mp-27888,Zr3GeO8,198.421,48.748,241.2752053325036,124.73958395240255
mp-29091,Ti(CuS)4,75.053,37.645,97.66123323000686,54.68285838144971
mp-3269,NaTh2F9,88.135,47.917,137.60707170427796,63.99410180757539
mp-34169,Zn(InSe2)2,28.627,17.702,51.0517714752547,27.87064848518511
mp-34467,Zn(GaS2)2,45.54,29.444,71.7328268972906,42.10043663424617
mp-35539,Zn2GeSe4,34.738,20.858,56.502919286819974,32.43180241863532
mp-35777,Mg(InTe2)2,21.234,12.398,36.681326907648774,20.065401611114037
mp-38103,NaClO4,20.812,11.502,99.85162269622558,65.16205186122575
mp-5461,Rb3TaO8,29.187,14.073,86.6672314999767,45.99793837228623
mp-557373,Cu2WS4,8.464,13.13,80.39216669428379,43.78954372003356
mp-568661,Cd(InSe2)2,24.544,14.694,48.06770734925004,25.23152300812951
mp-5702,Cu3SbS4,68.849,25.749,75.39748285377078,35.426106834418064
mp-639910,Y(Sn3Ru2)2,117.643,55.679,136.83963954309755,67.12679506922797
mp-675626,Cu3AsSe4,61.042,22.196,66.61116418863398,29.98228051359875
mp-675748,Zn2GeS4,41.016,25.051,68.85615504140172,38.73016043014682
mp-753195,Li2WS4,6.489,4.129,51.10665354777567,24.80186669168755
mp-760415,Li3SbS4,28.938,13.461,48.850739953115315,24.478745338612857
mp-8311,Si3NiP4,104.417,62.095,108.52977852529716,68.82158078280368
mp-861182,Li4TiS4,24.697,14.592,49.32068817049909,29.22609256656902
mp-9808,Rb3NbO8,27.894,13.316,83.58745592763172,44.01041360590163
mp-9814,Cu3SbSe4,60.879,20.692,63.18419112726523,28.14755608874018
mp-1025151,Cr2NiSe4,63.633,36.52,101.61365297241422,47.04250172535516
mp-1025173,Ti(MoS2)2,104.193,65.901,166.04862529085696,98.10760329872733
mp-1025180,Mn(CrSe2)2,48.783,29.443,82.98169582576186,45.15695213919335
mp-1025181,Tm2Cr2C3,166.232,74.225,206.24616789957767,113.9114383055904
mp-1025182,V2FeSe4,64.874,46.863,85.82650908862824,64.3316249070466
mp-1025190,Co2NiSe4,100.763,41.32,126.85155875916652,51.154656911694936
mp-1025203,Ti2VSe4,67.424,46.399,94.98565355451456,61.631692674695984
mp-1025207,Ti(CrTe2)2,47.988,32.833,105.7549162942898,42.87643706632217
mp-1025219,Ti2VTe4,46.041,33.076,75.04627340013137,48.81262287929884
mp-1025224,V(CrS2)2,92.785,58.933,102.63692210393116,72.65758982024524
mp-1025232,V2CrSe4,76.515,49.825,103.9598294221362,68.16434826055334
mp-1025263,Ti2NiS4,91.139,53.452,125.61856200107474,70.6101211228748
mp-1025264,U2W2C3,181.898,94.657,262.8376591883073,129.95522749128114
mp-1025266,Tb2Cr2C3,156.439,66.367,192.42275656456863,104.35828428114723
mp-1025278,V2CrTe4,53.889,29.918,64.93963147194054,41.054835803442835
mp-1025281,Ti2NiSe4,69.621,41.997,104.43674073036487,56.683610627634955
mp-1025282,Ti(VTe2)2,53.833,136.526,78.81844406732289,42.52618744757472
mp-1025291,Ti(NbSe2)2,82.772,49.134,123.96370506082624,71.57475270003916
mp-1025318,Co(NiSe2)2,95.313,34.882,126.58115254145288,50.503403798450776
mp-1025322,V(CoSe2)2,76.389,53.225,108.1028600672288,66.74532068356189
mp-1025323,Dy2Cr2C3,160.099,68.541,196.27884497711705,105.98474572889494
mp-1025345,Ti2CrTe4,49.615,34.742,79.54517177001313,46.389363110750345
mp-1025372,Y2Cr2C3,155.926,68.605,195.60582799121912,107.20043836790975
mp-1025378,V2FeTe4,49.149,32.385,57.46547975207828,42.0013575617776
mp-1029349,Y4Se3N2,67.613,37.741,90.5947716972893,53.93614718911618
mp-1029784,Rb2CN2,25.925,11.927,52.033159042018845,25.517594178456672
mp-10408,K2CN2,31.342,14.596,57.53490455906328,30.75612839675514
mp-1071448,CeGaCo,87.707,41.614,113.52533591005482,55.10257897806055
mp-1095591,Tm3(CuSn)4,85.104,48.429,97.40121789908363,57.979110298797934
mp-10985,RbCu3S2,42.157,19.923,70.15879883172805,29.62637260233457
mp-1101156,Zr5N5O2,222.105,117.091,257.8501194281684,149.6572513524806
mp-1103697,Bi2Pd3Se2,50.704,11.3,103.12599834031832,32.1025385390141
mp-12004,Er2Al3Si2,89.518,66.418,96.36701827696244,64.72504276493642
mp-12005,Tm2Al3Si2,90.245,66.441,97.77626625274812,64.7250250907362
mp-12803,BaEr2F8,85.459,36.511,116.84252940011,54.666292244642925
mp-13263,Ce2Mo2C3,136.107,81.553,201.78504843475952,108.11958522139084
mp-13583,Sc2Si2Ru,121.632,68.945,148.47306561296085,88.64200719575967
mp-13829,TlCu3S2,41.713,15.73,76.13536453307528,26.672876793859132
mp-1386610,Ca2Sn3O8,107.769,46.162,148.73719253996828,81.16473870888748
mp-1400520,Ca2CoN2,71.914,37.282,122.09706174995532,65.67788178066539
mp-1402513,Mg2TiN2,108.953,72.905,153.43811372256792,99.62483701056604
mp-1402707,Mg2MnN2,109.74,62.484,147.5259719808707,92.09543028724131
mp-15397,Ti7Al2O15,196.424,85.772,237.6856244653477,126.86883377224248
mp-15885,Li2US3,42.596,25.019,69.18853407433564,35.26608030956624
mp-17017,Al12Co4Cu,122.342,75.362,139.34839297919905,90.53346014431274
mp-20067,Na5OsO6,55.843,37.641,124.23399222054468,67.89418451860038
mp-21875,Y4GaCo4,96.804,29.546,102.36415480591974,35.430954928335744
mp-22044,Sm2Ge2Ru,88.624,44.545,110.8404549420124,59.827631671813634
mp-2353285,TlCoCl3,17.198,6.688,37.08063920363182,13.920356831274876
mp-2356674,Li2NbF6,58.448,128.338,119.63839891069598,39.35531000479407
mp-2408760,NaCu2O3,93.317,19.434,126.2966336263966,57.28015918371358
mp-2619703,ZrCuF6,37.708,24.755,104.3866227477213,40.299607285760786
mp-2650313,Fe2NiSe4,76.885,32.205,106.4723259701816,48.85051580285726
mp-27512,Cr2NiS4,123.11,61.657,105.93552676090395,67.49551840858278
mp-27927,NbAlO4,173.006,74.472,237.2212713333807,124.08824029632068
mp-28163,K2PdF4,24.004,9.85,42.78860079106217,22.35449176973477
mp-2874,In2Si2O7,151.63,62.028,193.86906900039057,103.3535495999163
mp-28770,Ca2FeN2,77.679,42.257,119.95348823558344,67.1954778380718
mp-29364,Li5SbO5,94.256,64.692,134.94594751985713,94.98963454210084
mp-29455,Ga4GeO8,152.853,72.5,193.40372585517815,108.8534620016936
mp-29618,NiP3W2,205.053,104.22,237.37459513733535,126.67772163146206
mp-30019,ZrCu2Te3,35.784,19.93,72.59372421725661,41.75330808936865
mp-3070,Na2CO3,47.059,4.636,87.57935067830579,55.069217278332935
mp-31011,Y2Si2Rh,106.197,64.641,122.80325331288662,74.61583616370548
mp-31017,Ce4B2N5,144.347,89.672,173.0426770866055,105.63032169700205
mp-31031,La4PdO7,113.246,50.422,148.34003255173985,69.22728838567409
mp-31093,Dy2CoSi2,101.89,61.658,116.44722653844067,74.50515921142454
mp-31256,U(SbO3)2,28.801,25.536,152.5688907037997,63.35590682050338
mp-31294,Sr2In3Rh2,58.384,26.802,69.97195614534364,30.865304685647875
mp-3194,Tb2Al3Si2,86.815,65.462,93.67416557466538,64.79333469848461
mp-3342,ZnPS3,14.996,9.292,70.27456031740115,40.76869733523231
mp-34289,TiNbS4,20.023,16.077,106.2546438355133,53.85147489283481
mp-3471,La2Ni5B4,136.781,65.972,170.52666719610065,81.68682374728935
mp-3513,Dy2Al3Si2,87.583,65.851,94.50077400873676,64.76533773250648
mp-3618,Sc2FeSi2,110.477,75.98,140.80681524386554,96.04478367880652
mp-3650,HfCu2Te3,41.391,23.641,74.6979696564777,43.06385953800155
mp-3849,TlFeS2,24.875,9.844,46.451203270463076,25.750654573469575
mp-3943,BaTi2O5,123.542,64.43,188.6004429780263,104.3899642555266
mp-4022,Zr2CoSi2,167.087,95.112,173.2123437262395,115.89469305949686
mp-4300,Yb2Si2O7,88.802,30.327,193.7908043805194,110.130561560119
mp-4541,NaCuO2,58.273,31.25,98.35514144202584,48.56254283410478
mp-4852,Ni(RhSe2)2,85.507,31.876,137.25298968543802,43.95030313310841
mp-4909,V2NiS4,96.085,58.493,137.20376022727092,78.88607432382186
mp-5090,Ti2FeSe4,57.172,41.074,86.949151506687,55.00193064139165
mp-5274,ThTi2O6,150.848,62.689,214.0491204050011,98.2063232029484
mp-541754,TiCu2Te3,41.734,25.085,75.42741909632157,42.48148266961377
mp-541785,GePdS3,8.161,5.086,64.05065508068117,34.16491949902521
mp-541989,Na2CN2,39.851,19.095,81.67760065897022,48.29891617306044
mp-5427,Mg2P2O7,117.085,61.45,196.5613632405483,122.821171361171
mp-545467,Li3(CuO2)2,56.183,32.011,96.66019173708824,53.726703464480735
mp-551741,Zn2P2O7,119.151,88.26,198.5060774343428,106.75221532029748
mp-553991,Ti(GaO2)4,150.756,70.401,195.20810942673057,107.5450610652829
mp-553994,Ni3(BiS)2,57.125,17.879,110.47822993430876,40.0274892016538
mp-555370,V(MoS2)2,88.535,69.759,156.27457823412416,105.20023856567325
mp-5594,Sc2Si2O7,160.151,72.463,205.82373358453705,117.2851515251898
mp-560358,Zr2P2O9,85.09,47.769,201.1152313250212,112.35509857930975
mp-561419,V2FeS4,87.476,71.581,135.32509902221446,98.284077682866
mp-5618,Mg2As2O7,103.919,48.223,169.7164700791229,98.75453494577488
mp-5652,Y2Si2O7,140.631,59.865,180.1157548586045,101.85600353006652
mp-567462,Sc3RhC4,177.972,116.259,215.96429462017204,128.28477185128187
mp-568349,Cr(FeSe2)2,64.817,31.014,76.98094796297951,48.485869562628615
mp-568866,Na6ZnSn2,16.146,9.403,21.409789297086373,11.98118463876778
mp-568974,Ca(CuSn)2,63.562,28.942,74.02546874313798,37.63915169933809
mp-569662,V2NiSe4,19.078,10.885,84.98453283354633,35.837119329022755
mp-570074,Sc3IrC4,189.75,122.916,225.14297262256875,132.62589316041075
mp-571216,Sr3(AlGe2)2,45.827,31.388,54.8434097760421,36.45171258977409
mp-5749,Cr2FeSe4,52.11,33.226,75.14220596565887,47.596644831681914
mp-5813,TaNO,219.542,74.925,268.403573535175,134.85730651003706
mp-643367,YCBr,9.772,6.494,78.85449802173602,39.25128226276973
mp-675477,Sn4Bi2Se7,31.593,18.669,56.802171867773424,26.346070568645704
mp-7064,Er2Si2O7,147.56,64.453,188.3691301787591,107.12313140407204
mp-7219,Na2ZrSe3,34.893,21.712,57.82697178178608,30.93017608158272
mp-7237,CuAgO2,43.939,4.118,93.95339480193095,38.28754822661878
mp-7443,Nb2CrSe4,75.556,46.361,127.1762765680826,65.68175439352085
mp-752881,Li2CuS2,45.823,16.474,55.57589438537299,26.21175033452266
mp-753693,Ho2Ge2O7,129.156,49.518,164.88500586611818,88.10144047374891
mp-753722,LiCuS2,41.616,16.147,57.39579986111168,28.035217955387765
mp-753802,Sc2Ti2O7,137.672,48.995,181.38257158540236,86.58893629342101
mp-754262,Zn2As2O7,103.132,18.432,171.90335635178283,85.38735587533628
mp-754326,NaAgO2,58.425,26.511,86.30855639431766,41.822011791123586
mp-754483,Na3(CuO2)2,33.577,21.098,79.07963051506428,37.0215328589318
mp-754495,NbNO,142.058,49.906,245.9821650402912,114.82811438395996
mp-754752,NbNO,186.14,61.596,246.54397739596095,114.31548327928122
mp-755013,Li5TaO5,101.668,68.963,161.06627732853354,101.50050602573344
mp-755378,NaPdO2,86.526,45.178,126.85502839755976,54.6627626964047
mp-756063,RbNbO3,62.925,17.347,138.39298128072448,69.9418839248075
mp-756597,Li2HfO3,95.328,52.736,173.99835338516175,112.18323272427882
mp-7601,NbGaO4,162.98,59.533,221.92937227455317,105.88896705054714
mp-760400,Na5BiO5,58.661,38.102,86.0691466142252,55.88543834756301
mp-760483,Li2PdO3,103.12,56.718,164.57695144912702,96.900332116099
mp-760492,Na4PtO4,54.146,30.888,98.9725598813457,55.51176674936783
mp-760539,Li2Ti3O6,106.055,61.957,195.342538642974,98.02446226545418
mp-768240,BaY2F8,78.825,31.896,108.28485803932358,50.08718989493317
mp-770649,Li5NbO5,99.64,64.543,153.05514050896576,94.3927279141298
mp-7823,V2NiSe4,92.708,44.695,104.94103139797494,60.56179679689108
mp-8090,Cu2P2O7,80.27,40.766,181.6462969720206,102.56551449350404
mp-8253,Na5ReO6,56.295,37.483,129.88180126908324,78.62855601676807
mp-8435,Ta2PdS6,19.314,11.412,111.64780213923687,55.21927416311762
mp-8436,Ta2PdSe6,17.445,9.351,97.72334728047473,46.09896365806884
mp-8499,Ho2Cr2C3,160.653,70.234,199.60718018824107,109.14394626694668
mp-864790,Nd2BC,47.035,25.186,87.95555943477979,52.18768778154771
mp-866522,Ca2SnS4,46.185,17.604,63.644499377088195,32.94573047924723
mp-8800,TlCu3Se2,36.601,13.476,69.82246799797646,22.35744378426259
mp-9158,LiCuO2,81.11,41.021,126.11202315770504,60.02544267600665
mp-9177,Y2Al3Si2,86.1,65.462,91.522189225654,63.556712281102634
mp-973756,Lu2Mo2C3,167.213,89.256,224.4311787849792,119.92434503824498
mp-9771,UTi2O6,138.601,58.663,220.16477199577588,94.75736913845324
mp-9810,TlFeSe2,9.505,3.583,34.901284418551874,19.85673502333763
mp-989513,SrWN3,99.971,46.355,178.0980974350456,83.6025536487554
mp-989530,SrTcN3,100.89,42.097,161.10258160807422,77.46876813095804
mp-989635,CaMoN3,106.478,46.526,176.03510167072233,82.4482856500555
mp-9902,Sc2CoSi2,120.146,78.022,138.26282395981943,94.392672691828
mp-9942,Ti2FeS4,57.144,56.924,96.07301164588269,72.28247991061058
mp-996973,CuHgO2,46.181,14.739,81.18383262430406,29.718409411788244
mp-996992,LiAgO2,70.805,27.457,110.61602235751434,49.55052688259166
mp-997009,BaAuO2,71.713,25.176,95.87244657872655,43.30113283575518
mp-997086,SrAgO2,79.857,33.996,104.72199288485942,49.06041142439357
mp-997094,SrAuO2,80.847,32.871,112.70684898629592,48.955650055628226
mp-10003,Nb4CoSi,194.139,100.741,202.32572637739148,94.08629764697072
mp-21447,Nb4CoP,183.709,99.048,213.68237950651144,98.18572095461258
mp-22312,Nb4FeSi,193.734,64.075,204.69511502990343,85.09237516833517
mp-22396,Nb4SiNi,187.702,102.86,203.64812060203928,98.83380392594611
mp-22444,Ta4FeP,214.356,104.168,239.9014875892162,109.82083671750486
mp-581733,Zr4CuP,120.685,48.711,130.94798129777342,51.17946653520884
mp-1007637,KNaH2,17.067,13.115,18.80624506954768,13.70035961895921
mp-1008881,MgNiH,94.365,50.585,99.5113216364819,56.864796211814394
mp-10092,KCu4Se3,41.111,14.519,68.34006721328235,23.361430050317608
mp-10102,KAgC2,29.114,14.306,39.979826135905135,20.48201834312699
mp-1016296,SrMg6Mo,39.303,25.678,50.70961709187913,27.493900571521213
mp-1016329,SrMg6Nb,38.931,20.756,48.986462293042365,24.57067593906763
mp-1017509,MgNiH2,90.601,54.062,107.45752424132834,56.913720343701165
mp-1018030,Sr2SO,58.297,39.69,66.01717947818034,44.297087084649974
mp-1018032,SrCdO2,97.832,53.705,115.02747279914324,60.60622325130103
mp-1018097,BaCaO2,80.465,47.51,92.58427297930218,54.256367757263256
mp-1018133,LiHPd,82.256,38.705,92.69208557056302,42.092357558524085
mp-1018684,Er2Mg3Ru,49.451,31.234,70.17596733234765,32.4783285162877
mp-1018712,HfGa4Co,94.047,54.445,108.74514983260728,56.01809190461596
mp-1021423,KMg6Ti,48.731,21.953,38.94758841463302,17.257254631772835
mp-1021478,SrMg6Ti,35.604,16.23,44.56474786062851,20.26018942266964
mp-1021848,KMg6V,27.035,15.503,41.20451250701367,13.5452112364337
mp-1022488,NaMg6Zr,35.637,18.822,45.6453049432397,22.087051305735216
mp-1022804,SrYMg6,31.352,16.441,37.092418832469406,17.60730529309737
mp-1023161,CaMg6Mo,41.748,26.463,55.7394438024305,28.73005489992644
mp-1023193,CaMg6Nb,42.167,24.369,53.01985263065709,24.682699685859255
mp-1023208,CaMg6W,43.917,26.629,58.35672186224449,29.367687929988197
mp-1023329,CaMg6Zr,38.262,20.459,48.20948642349768,20.402070369218823
mp-1023366,CaYMg6,33.841,18.212,39.87159129977244,17.428506593775854
mp-1025155,LuGa5Co,87.39,50.001,101.9431385429488,54.092345527340626
mp-1025161,InPPd5,154.477,53.791,174.75609207520543,62.78027766593903
mp-1025176,HfGa5Ni,90.233,32.425,113.96897559499642,48.862996667197464
mp-1025187,CdPPt5,197.567,60.385,226.5298470666884,67.40207434316721
mp-1025191,ScGa5Ni,84.543,43.307,96.74761943525311,43.822490994129595
mp-1025193,HfGa5Co,103.655,52.044,121.07745045013448,59.328658979556145
mp-1025201,Rb2PdCl4,10.332,6.304,21.89010995888626,12.308734615485948
mp-1025212,InAsPt5,189.205,59.621,215.3215782893134,63.6106497455658
mp-1025213,InPPt5,203.239,57.276,230.8982309143234,68.12877221549003
mp-1025218,SiPt5Pb,179.035,56.588,211.67175049773985,62.93512352927429
mp-1025220,SiAgPt5,197.096,57.269,221.24573462653845,63.09435331519145
mp-1025222,ZnPd5Se,136.71,46.262,152.09172301507422,47.23391914537623
mp-1025225,ErGa5Co,86.188,52.911,100.50780349801886,55.88352125683476
mp-1025229,TiGa5Co,108.798,50.857,118.3285038575288,56.7359937736289
mp-1025241,ScGa5Fe,90.193,54.39,108.7287781439928,57.64353446934116
mp-1025242,ScGa5Co,93.026,50.935,105.94703698534622,55.114045708330146
mp-1025248,TlPd5Se,126.95,33.622,143.97455904135555,43.25950245964708
mp-1025257,TmGa5Co,97.33,52.0,100.81550725610911,55.32643312592687
mp-1025258,ZnPPd5,157.545,54.705,182.0476449474633,63.82804682266923
mp-1025261,MgPPd5,144.919,57.259,168.76355684544166,64.54952891831402
mp-1025270,GaPPt5,214.19,67.858,243.42248735788175,73.45802420681336
mp-1025271,AlPPt5,218.902,74.715,247.60084599909732,80.99235351648791
mp-1025272,ZnPPt5,209.307,73.003,240.9889387306147,76.07363287278415
mp-1025288,TbGa5Co,92.096,54.393,98.76237552166693,56.59240966907112
mp-1025293,InAsPd5,144.791,53.252,162.72003736207446,58.279917113790034
mp-1025296,SnPPd5,154.449,42.415,178.60886192016594,54.43452381567067
mp-1025301,GaPPd5,163.164,59.659,186.15027737051844,68.18747782962423
mp-1025302,HgPPd5,148.263,45.948,170.89448461322976,54.33966681332283
mp-1025306,AlAsPt5,197.309,65.207,226.7017576768604,71.18864346062638
mp-1025311,CdAsPt5,183.707,58.167,206.8270103852084,60.55581396217408
mp-1025313,TiGa5Ni,101.134,34.363,110.56567822573044,46.071258224289856
mp-1025324,SiSnPt5,201.214,71.228,225.85314396741657,71.92661385964189
mp-1025325,NpGa5Co,100.231,72.274,132.2838047974631,67.70561368265732
mp-1025329,TlSiPt5,186.651,54.754,217.98293834865575,64.84252812800227
mp-1025346,GaAsPd5,152.092,58.097,172.2638318681252,60.58577868096142
mp-1025348,TlPPd5,145.845,47.971,169.62004523109465,57.57547509047631
mp-1025353,TlAsPt5,180.729,48.286,206.4863541442506,55.40102915496373
mp-1025356,ZnAsPt5,194.2,67.167,219.58934007906367,65.45953692011028
mp-1025370,InSiPt5,198.864,66.434,225.63915278058764,73.42090660597077
mp-1025375,YGa5Co,85.957,53.183,97.23260711149548,55.66363518953494
mp-1025385,AgPPt5,200.192,52.542,228.71925113170727,61.839473681855594
mp-1025386,HgPPt5,196.589,52.206,225.7721279430537,57.635911858426695
mp-10421,RbAuC2,30.97,15.538,42.75797293804115,19.7271987158913
mp-10422,NaAuC2,47.935,23.061,58.64359030949628,29.85314118968384
mp-10423,KAuC2,34.812,17.635,46.094854358617184,22.69204752906034
mp-11300,TiCdHg2,72.925,27.827,91.5581317177588,27.066921533587628
mp-11873,TlAsPd5,136.553,48.595,156.73223081095935,54.04957482094441
mp-1224257,HfTiN2,269.121,169.356,303.12588641893626,199.7855423203763
mp-12359,AgSbTe2,52.694,18.779,57.34488383200661,17.76779451217389
mp-12550,AlCuPt2,194.163,83.607,218.55591413688347,86.22652826870896
mp-13463,FeNiPt2,211.801,92.083,403.876447898915,98.1929530453948
mp-15780,MgPPt5,197.337,75.061,226.32361151634385,81.4854694768981
mp-19796,Ba2Nb5O9,177.267,103.306,227.3002365823795,116.10199669827546
mp-19988,SmGa5Co,90.833,53.705,95.20069812194625,56.09283862610022
mp-19990,BaTiO3,92.233,0.487,111.44422130412129,27.684104542525024
mp-20627,YbGa5Co,66.775,50.449,102.41072816464008,54.687160510574245
mp-21479,LaIn5Rh,64.429,36.531,77.17451337810458,37.95992716843638
mp-21493,U2Ga8Ru,92.095,56.915,116.32326985475596,67.91390289555312
mp-22934,K2PtCl4,12.029,6.6690000000000005,27.016306059378827,14.584964116396932
mp-22956,K2PdCl4,11.845,6.796,24.75139552908825,13.289840134156696
mp-27138,K2PdBr4,10.178,5.644,20.83118131684152,11.322265539445576
mp-27243,K2PtBr4,10.721,5.618,22.996836463015573,12.373762972591582
mp-27677,KCu4S3,47.956,18.881,78.7219245090137,29.351634682276373
mp-2789384,KMg6Nb,30.941,18.969,44.094087583625054,22.5454023715201
mp-2828744,KHfMg6,29.655,17.306,40.86374233920872,18.249843453731835
mp-2828768,SrMg6Zr,34.536,18.906,43.02237764598353,18.297890754304937
mp-2828799,RbMg6Zr,25.338,16.268,36.409380253434165,16.81741874103277
mp-2861134,KMg6Zr,29.002,17.592,39.85079929683862,18.800941973448257
mp-2894145,LiMg6Mo,46.099,27.637,56.84306182665165,29.066387646419862
mp-29889,Tl2PdCl4,13.465,6.248,25.064836445781943,12.359136975070587
mp-30315,Ca3BN3,80.701,22.835,106.879210709804,65.13391607633783
mp-30341,TiAgHg2,78.331,28.717,96.75564885699109,23.043487800629336
mp-30493,ZnCdPt2,154.491,57.642,176.20403951332898,61.75693750978851
mp-30593,ZnCu2Ni,143.323,62.437,162.06298875737565,61.11999669523152
mp-36194,Ba2TiO4,20.518,12.943,93.11911648488258,53.78987553204812
mp-3702,FeCuPt2,197.434,71.301,168.62413404123257,70.11339583343951
mp-37514,SrCuO2,108.889,63.36,125.61904978379894,66.87536029286018
mp-4732,UGa5Co,105.256,75.021,118.5018656882151,74.01934924056847
mp-4826,CaCuO2,120.874,63.044,138.7070818483721,67.14328583826837
mp-4856,HoGa5Co,86.145,53.558,99.89110255891372,56.12984291020206
mp-505198,CsCu4Se3,37.252,15.102,62.64318447501004,20.6193312733217
mp-505215,Ba(Cu3As)2,66.243,24.781,100.8277327441486,31.97651511557664
mp-505517,BaNb4O6,183.851,108.317,240.21458319990387,123.01719007036226
mp-5347,KAlF4,58.079,14.059,92.7319312340457,51.260116738100365
mp-5479,RbAlF4,55.619,28.295,90.12747818912057,51.02678669703259
mp-5606,AlTlF4,56.864,24.286,93.31553350696493,48.11390207536923
mp-5841,RbCuC2,16.425,14.044,39.50568372380069,18.56781960810895
mp-629397,FeNiN,214.146,92.873,269.6384932975602,99.45221987525296
mp-639659,InCuPt2,168.56,60.566,189.06148451440157,63.44961103833194
mp-644280,GaCuPt2,188.8,69.795,212.3143119742632,72.24560613818544
mp-675460,LiTiCl3,35.091,16.043,41.60499613113287,17.564496233552646
mp-752398,BaCuO2,98.185,54.904,118.46591928427068,56.508617589068365
mp-753506,LiBiS2,60.947,36.004,68.20069931914723,36.93644448207264
mp-753581,LaUO4,178.775,32.967,215.79764237497827,81.2549264778822
mp-753619,BaSrO2,75.036,44.502,88.73663664768354,50.6677588112445
mp-753657,TiOF,188.024,94.772,208.44749230922747,100.27128829209146
mp-755552,LiYS2,69.089,43.12,76.48626128875297,48.46796944992717
mp-756784,LiSbS2,62.775,35.827,68.07929269904162,38.01031117057858
mp-767409,Li5SbS,34.76,29.197,38.11662743717196,32.381507327004904
mp-7723,NaAlF4,61.231,90.834,96.47726952896616,49.33337103294899
mp-7785,CsCu4S3,44.731,20.578,73.20788079517953,26.93874234752571
mp-8159,TlCu4S3,50.486,15.68,81.12168495009801,26.118897094456788
mp-8236,Ba(PPd)2,61.494,32.265,97.98054300719116,34.22457224778012
mp-8237,Ba(AsPd)2,58.202,29.71,89.18552006927588,30.70147121274221
mp-862664,Rb2Zr2O5,86.047,39.669,126.84933931404916,67.82703301778714
mp-862682,Ba2Ga2O5,111.605,54.122,131.6488737540459,75.97134249081962
mp-863021,Ba2Sc2O5,105.611,50.033,127.0447025045529,72.51026187593139
mp-863749,Rb2Hf2O5,90.266,44.219,137.8906552529442,75.34334143511076
mp-865146,MgAsPt5,182.409,70.948,204.0072207246344,70.87664367362757
mp-865500,Na2Hf2O5,102.218,37.565,157.7775777046135,75.54617975765103
mp-866311,Bi3BrO4,59.352,28.1,113.98963496045256,53.415383394497866
mp-867920,K2Rh2O5,84.38,47.77,129.03023617491544,60.72908782687788
mp-9486,K2AlF5,27.421,13.57,63.93500469868835,37.06400444652059
mp-973920,Lu2Ta2O5,177.355,80.165,216.82040370805052,107.76629971484569
mp-975106,Rb2Bi2O5,57.614,35.292,88.94335243810006,50.21883897851621
mp-978596,Sm2Au2O5,134.376,53.305,173.9115913800233,40.32796288762726
mp-984876,Ba2Pd2O5,103.917,37.382,127.33772374882052,55.19803477747466
mp-985828,AgBiS2,67.157,19.836,76.19768647153651,22.127105011159863
mp-996990,BaAgO2,82.961,44.442,95.06990452448235,45.65832760650126
mp-997030,CaAgO2,112.571,49.532,133.99080138952976,54.804816401868266
mp-999274,RbNaH2,14.995,10.939,16.031490258011935,11.634791748377967
mp-17856,Al7CoCu2,112.097,65.271,121.80471191544834,74.83576741664268
mp-11011,RbNdTe4,24.856,14.014,37.91483078856268,22.270514518607833
mp-11132,KPrTe4,24.932,14.025,38.97948649608383,22.55223691918504
mp-10063,CdSnSb2,36.646,18.173,38.1619131154237,21.886492685392973
mp-1009083,MgSnP2,55.805,27.179,59.82824045450942,35.35205674871249
mp-1009087,BeSiAs2,76.364,57.845,80.59366135086795,65.11949292237142
mp-1009088,BeGeAs2,68.992,52.074,72.8493116172178,58.20772979114422
mp-1013527,BeGeP2,83.09,64.905,89.43556280316243,72.50669216329791
mp-1016197,MgSiAs2,57.986,28.695,62.29897790906906,37.3039248200894
mp-1016200,MgGeAs2,52.437,25.811,55.328564819476,33.22006786706153
mp-1029312,RbVN2,39.935,39.756,117.52927711737736,50.2121081261509
mp-1029395,LiCrN2,87.366,47.814,172.09803099580955,72.76992382154957
mp-1029407,NaCrN2,87.392,88.233,146.8420856227905,58.94508283739577
mp-12954,CuBS2,117.314,63.314,121.78664806246827,76.16490903874039
mp-14089,TlCuS2,56.964,22.129,57.76629050169652,29.261166508941248
mp-14090,TlCuSe2,48.836,18.075,49.00774078759818,24.01092684035563
mp-14091,AlAgSe2,52.422,18.993,57.00747303217907,27.50682990832349
mp-14092,AlAgTe2,42.2,16.77,45.48370947028704,23.4256728619722
mp-15701,MgSiN2,174.541,99.161,196.99403673807183,113.9498829610266
mp-15702,MgCN2,236.074,138.965,257.7742059970286,184.641737293374
mp-15703,BeCN2,314.973,292.034,345.2528734834878,302.4493672780067
mp-19833,InAgS2,51.173,16.323,56.7274318030475,25.276214710792804
mp-20554,InAgSe2,42.952,14.658,47.689485821187155,21.712816468038593
mp-20782,LiInTe2,23.297,11.157,32.17970461866726,17.30790611340073
mp-22386,InAgTe2,36.204,13.697,38.82637384648471,19.20479416705861
mp-22736,InCuS2,66.112,26.014,72.00544150975045,35.415264375808434
mp-22811,InCuSe2,49.798,21.531,56.81135725981728,28.933144152183207
mp-2961,MgSiP2,72.206,34.75,76.56081406844206,44.75355386159781
mp-29826,ZnCN2,70.643,24.477,113.50997216695043,73.79506716794899
mp-3078,CdSiAs2,58.932,31.08,61.8576240835213,39.17613373881037
mp-34293,CsTaN2,48.648,36.943,113.63068938304956,47.82639214235498
mp-34903,MgGeP2,63.914,32.097,66.91173953886532,40.41065521425573
mp-3497,FeCuS2,50.47,19.147,54.14878039390204,37.08236937443447
mp-3524,LiPN2,135.35,100.508,207.05296651552695,137.0007473105605
mp-3595,ZnSiAs2,66.291,42.28,69.54401490985713,49.913961854588614
mp-3668,CdGeP2,65.34,35.648,67.27917305860889,43.974456859617845
mp-37741,Ba(LaSe2)2,49.59,26.418,65.08003192374748,35.978566789879615
mp-3829,CdSnAs2,47.195,23.183,49.680472120759354,29.63934459385724
mp-3839,GaCuTe2,46.028,24.967,50.46817256694347,30.10130528517982
mp-4008,ZnGeAs2,59.569,37.29,62.31948997519801,44.45698361354981
mp-4175,ZnSnP2,64.548,39.275,68.42482540710287,46.87591361568622
mp-4524,ZnGeP2,73.515,49.211,77.28008685375225,56.8974590748124
mp-4586,LiAlTe2,27.57,13.523,38.2265527248775,20.476840541938227
mp-4666,CdSiP2,74.415,39.677,77.41545398053918,49.62828906676339
mp-4756,ZnSnSb2,40.984,22.498,42.27249787242171,27.08294307362507
mp-4763,ZnSiP2,84.953,54.178,88.5404123267655,63.87719630457039
mp-4840,GaCuSe2,55.594,28.705,64.1492902793487,36.622385305438065
mp-4899,GaAgTe2,40.225,16.928,43.071010986131256,22.658717475858612
mp-4953,CdGeAs2,52.238,27.331,54.76611021884115,34.395543085392546
mp-4979,AlCuS2,82.165,35.549,87.30969856414526,46.658765884493945
mp-5048,LiGaTe2,26.207,13.673,35.83013762034269,20.000253089984387
mp-5058,FeAgS2,49.061,13.985,60.354598588452106,27.106936043172254
mp-5190,ZnSnAs2,53.372,29.953,56.128246222226245,37.58720224953875
mp-5213,CdSnP2,57.007,29.276,59.40008064656055,36.958552282150194
mp-5238,GaCuS2,71.436,36.055,80.7577143300238,45.54652004026564
mp-5342,GaAgS2,59.096,22.5,64.83312273735189,31.556198215384484
mp-550433,BeZnO2,163.901,82.37,180.27066640808613,96.54829505486218
mp-5518,GaAgSe2,49.331,18.696,53.386316900826955,26.308819402195848
mp-5782,AlAgS2,62.691,21.746,70.10619871350458,33.148808089511604
mp-758604,LiAgF2,36.273,1.6960000000000002,40.209402969351,13.567256267709231
mp-7801,CaGeN2,110.837,48.326,130.14042728117053,81.10784675652155
mp-8016,AlCuSe2,63.574,28.475,69.06320023473614,37.87944653549948
mp-8017,AlCuTe2,49.905,24.581,54.17352929713407,30.971850707921888
mp-971837,ZnCdTe2,38.904,17.206,40.37330724911657,22.44288096700565
mp-983565,CuBSe2,86.186,49.34,94.35647779718671,59.59312319653494
mp-10136,Ti2ReB2,251.582,188.97,284.7238160102927,213.88157352006297
mp-1020622,SrZrO3,142.374,89.039,175.4756317516086,102.89166345131926
mp-10676,Sc2AlSi2,101.354,73.164,108.310939507896,74.01686794790713
mp-10853,Pr(BC)2,167.295,117.642,186.81062009310136,135.10492664290314
mp-10854,Tb(BC)2,177.757,122.101,201.34738072652175,143.17946745331926
mp-10856,Er(BC)2,182.725,122.567,206.1196174037879,143.99374469320438
mp-10857,Tm(BC)2,183.742,122.764,207.16780599190747,144.13195754050537
mp-11964,Ce2CdPt2,80.182,32.529,98.21264998616742,32.59151780651444
mp-13570,Mg(ScGa)2,69.339,43.42,78.84611726353329,50.96813478084538
mp-16496,Al(CuRe)2,210.864,90.488,248.37479085380653,95.62987346334566
mp-19789,Mn(BW)2,297.065,188.623,335.4580914516423,200.18948902454824
mp-19906,Zr2InNi2,128.163,59.224,143.09140754308197,59.804759908848375
mp-20146,Zr2Ni2Sn,134.49,59.967,150.6253012365247,60.7866482205804
mp-20908,Ce(BC)2,163.414,126.426,187.6022713099619,139.67054896750344
mp-20959,Ce2InGe2,62.668,39.629,68.60974448612502,37.69897946088006
mp-21382,Dy2AlGe2,75.399,46.845,90.41657297975472,58.015769685176885
mp-21443,Ce2Pd2Pb,77.439,29.444,84.16302252734236,28.75849841302435
mp-21508,Y2Pd2Pb,81.155,29.744,88.26314518469225,31.50990604718518
mp-22150,Zr2InCo2,152.951,53.822,148.36008836193102,54.353245471262575
mp-22511,Ce2MgGe2,64.09,47.276,69.0338243741001,45.69344009874096
mp-22810,Ce2MgCu2,53.011,23.306,58.11532718239325,23.326397268261243
mp-2910,KAlF4,47.118,19.31,93.70233802607116,52.67198424022793
mp-29138,KAuSe2,20.785,8.939,44.676823681972365,22.137473147456376
mp-29456,Rb2IN3,14.872,8.101,33.37098287921984,17.63124308141734
mp-2958,Dy(BC)2,180.481,122.595,203.26663751997393,143.55386660644265
mp-3363,Sc2Ni2Sn,105.02,41.918,113.28995382997464,44.96358631208935
mp-3382,CaSiO3,215.108,144.683,244.72590842217133,161.68978782955594
mp-4419,NaNbO3,130.639,99.908,206.19458416634745,111.09448420826912
mp-4675,NaTaO3,139.77,110.721,221.23137283272663,124.17951471644344
mp-4901,Y2MgCu2,62.66,10.28,66.57332201607895,20.617009406763817
mp-505296,Ce2MgSi2,68.732,51.581,72.75091973385774,50.87730054474745
mp-5259,RbAlF4,45.534,28.532,89.29794724415804,51.00116528620972
mp-542170,Lu5(Si5Ir2)2,141.033,66.176,161.927862968339,89.64987235244799
mp-550908,SrHfO3,154.13,99.642,186.5519625125936,112.28375333579687
mp-569331,Li(Sn3Pd)2,61.911,17.812,79.81768607259256,30.24698586960833
mp-613327,Fe(BW)2,325.443,177.956,350.7046830979901,193.17597503420143
mp-616378,CsSnI3,15.227,6.978,18.397021837094016,8.691963740286706
mp-646507,Hf2Ni2Sn,154.562,67.477,159.07695132999893,67.28542386664118
mp-6916,Sm(BC)2,173.961,119.281,193.98659546083675,139.80002798067062
mp-7350,Li(YSi)2,67.911,42.707,75.00504157622608,55.60000660334327
mp-754185,Y2MgNi2,63.25,28.377,79.9678313133311,33.12276232969493
mp-862697,Er2MgGe2,75.034,56.657,82.51218674683427,61.58338051014256
mp-863723,Ho2MgGe2,75.677,14.344,81.73064203796277,61.041149668927744
mp-865403,Tm2MgGe2,76.381,56.917,83.62920460351216,61.82517353860062
mp-865747,Y2MgGe2,72.846,54.985,78.81799205336026,60.31885899136251
mp-867932,Sm2MgGe2,68.5,50.773,75.65336155439053,55.819029321296895
mp-8846,Ba3Nb5O15,160.248,90.19,204.486845003758,107.57586143777029
mp-975044,Li(SiRh)2,162.926,68.685,189.93513948936487,79.35959703125913
mp-977559,Dy2MgGe2,73.819,55.444,80.47651972803988,60.32727589942123
mp-1041411,CaBi4O9,85.547,38.622,136.17319648707775,69.3450659077371
mp-12931,SmTaO4,148.256,67.474,217.1316864030045,107.17829735978894
mp-3203,NdTaO4,146.512,65.377,211.3331156332152,103.4345855338595
mp-3444,ErTaO4,138.466,67.66,230.52165619482403,115.82825417995971
mp-4574,YbTaO4,57.297,36.824,234.40367142149452,118.26517898346512
mp-4875,GdTaO4,142.698,65.535,217.8060497636242,107.73560721775507
mp-5377,YTaO4,137.531,66.772,223.71482344193376,111.4434901005186
mp-540924,NbTeI3,5.474,0.547,42.51160066559997,24.59011050634715
mp-5489,LuTaO4,138.592,58.177,229.69065144525223,116.12430033042531
mp-553961,ScNbO4,166.644,60.602,227.85606572514948,108.45724646109446
mp-558781,ScTaO4,178.016,73.282,238.97682457388325,119.91051740052188
mp-573051,ReO3F,6.734,6.173,164.07357579920446,78.62226947026278
mp-752426,Li3SbS4,38.534,25.974,63.83912615356049,43.04068196300617
mp-778364,Na6Ti2O7,46.367,25.335,99.07827233421555,52.492140369691384
mp-9595,NbInO4,161.141,59.303,216.81548633390028,99.62663952558069
mp-10086,YSF,104.335,54.195,115.43216585169384,60.73782871672365
mp-10105,UTeAs,68.521,30.159,87.23987426073545,46.87707150748667
mp-1018652,KCdSb,21.748,8.899000000000001,31.973387427272034,14.35151308396644
mp-1018720,HfVSi,160.956,60.257,178.9840733553066,100.27562654122951
mp-1018725,HoFeSi,101.221,58.103,138.85487641974248,75.91241716801795
mp-1018726,HfVGe,156.878,76.649,172.98815519364814,97.06543558816703
mp-1018752,LaTeCl,55.059,26.822,58.198206969699946,28.446185942878284
mp-1018786,LiMnSb,30.709,14.417,31.177825983627148,25.355246167294272
mp-1018803,MnCoSb,86.94,36.492,174.69546181059516,50.22463889068905
mp-1018814,NdSbTe,58.382,24.695,63.416462676115366,35.414836805238394
mp-1018818,NdTeCl,58.83,28.775,63.3010462517791,29.989479313040324
mp-1018828,NpSeO,104.067,116.903,239.87851315726675,71.21276359932645
mp-1018895,PrFeSi,77.229,44.381,120.5267064763472,62.69600642335756
mp-1018936,PrSbTe,57.378,21.419,62.42974230649245,34.958991768638604
mp-1018941,PrTeCl,57.809,28.206,62.1107667452467,29.307254073751153
mp-1018949,RbMnBi,15.6,9.919,25.70939360230326,15.274980513804634
mp-1019089,KMgAs,27.165,18.243,36.65584304923017,25.31283518152155
mp-1019100,SmFeSi,84.808,49.211,128.96921049531423,67.65573046492825
mp-1019105,KMgBi,19.85,12.079,26.946342289478583,16.559881082155922
mp-1019108,SmCoSi,104.084,55.758,122.3251920547821,68.26972984306748
mp-1019109,SmGeRu,89.845,45.174,132.5278150299589,61.80330192193289
mp-1019138,SmSbTe,59.933,29.721,64.56773031317788,36.370294788593085
mp-1019357,ThAsSe,86.821,41.691,99.9861014717309,51.59341085142025
mp-1019358,ThAsS,97.846,52.831,111.33485056157576,59.01368516445167
mp-1019359,ThSbSe,78.808,39.448,88.56696418046154,43.59990779837894
mp-1019360,ThPSe,89.668,41.079,104.97174697731896,53.53080584948157
mp-1019361,ThSbTe,69.097,31.492,79.05679667956333,39.238107051537895
mp-1019362,ThBiTe,65.77,28.967,74.41096960549334,32.749664964816006
mp-10219,YOF,123.796,47.409,156.39531904331017,79.87882290808098
mp-1029396,SrHfN2,114.728,44.495,150.1773734313577,84.81545797919581
mp-1029446,CaGeN2,125.73,224.054,155.14125002832031,94.0411925596584
mp-10322,BaHfN2,104.52,44.085,143.19090112250063,75.78079094406647
mp-10930,TbSF,105.651,55.746,117.98275661113492,61.57010329340012
mp-10931,HoSF,110.246,56.989,120.01369198156388,63.44074467863619
mp-10932,ErSF,108.999,58.212,121.4007947444608,64.59682326177088
mp-10965,DyAgSb2,67.671,36.442,74.50720990055467,38.57612717048546
mp-10991,YCuAs2,96.439,47.451,98.79629505470692,57.28330570416407
mp-12620,NdSeF,86.826,43.449,97.40833548875511,48.40084660914707
mp-13097,NaZnAs,36.358,21.583,53.098632312499625,24.246199915018774
mp-13920,Ba(ZnSn)2,43.515,20.036,47.351715409832536,26.938256866960675
mp-13962,HfSiSe,70.196,53.913,137.91159794360368,97.48267146912484
mp-13963,HfSiTe,33.487,28.667,101.51322145900492,70.66290125223989
mp-13964,HfGeTe,93.679,60.152,109.4664575020672,70.78676137532601
mp-16236,KAgSe,27.612,13.172,36.945994767704754,15.850809479624624
mp-19808,Eu(ZnGe)2,56.803,35.695,67.61910430936652,36.3558735547362
mp-19832,BaCoS2,55.064,31.713,65.2192265080766,37.61246073849275
mp-19917,ZrSiTe,32.766,30.223,99.74877678906417,68.57159743517893
mp-19943,YCuSb2,74.523,35.383,79.63490205931394,41.236369246484735
mp-19953,ZrCuSi2,128.949,89.065,145.21470464691507,95.02843363565547
mp-20049,LiFeP,71.576,51.439,135.14046548473752,77.59509991177876
mp-20106,Li2NdSb2,41.162,21.469,52.81752760026461,27.072010212086234
mp-20133,NbCrN,283.872,160.729,322.0934786882307,175.27146432389347
mp-20195,LaMnGe,59.796,28.945,74.37319291678922,38.211623290311586
mp-20227,NaMnP,47.234,34.395,93.98773350495182,51.37787175850535
mp-20233,CaMnSn,40.38,24.968,22.114821773675914,28.001546474626533
mp-20235,CaMnGe,42.796,33.947,101.5051709640014,38.80216595120102
mp-20245,CeFeSi,82.529,33.359,124.59697068070898,68.17378051072006
mp-20333,PrMnSi,53.092,31.081,97.36532857161374,45.17561708329428
mp-20354,MgMnGe,77.255,49.889,128.34643721333964,60.013793491484726
mp-20384,CeAgAs2,77.05,45.902,89.29329705964273,50.39396886658494
mp-20400,Ce(GePt)2,122.45,15.575,145.25399437841045,46.590601493794416
mp-20401,HfCuSi2,139.708,88.21,152.5827959466846,93.76145348829311
mp-20422,KMnP,11.679,9.709,55.426519123381105,32.56352334785967
mp-20452,Ba(MgPb)2,30.681,20.078,35.18411388690364,21.848165131257733
mp-20531,NdCoGe,57.838,35.525,110.01288960322417,53.51196769417043
mp-20612,NaMnAs,23.526,22.44,60.50559077117468,41.86261756839078
mp-20690,NdFeSi,86.25,46.56,124.43748181968674,64.31014630257978
mp-20698,LiCoAs,48.848,30.049,108.4468118653578,58.388151747049946
mp-20757,MnAlGe,111.84,63.4,144.40207294343435,79.62198629550316
mp-20761,LaCoGe,61.994,33.99,100.13929852106416,46.00882576988363
mp-20791,MnVAs,98.235,10.115,188.31585818745393,292.79884233187795
mp-20815,SnPbF4,24.569,9.6,75.34201937723516,26.28562745634068
mp-20822,TbMnSi,81.024,46.765,140.84400690923238,57.91766071934944
mp-20913,UGeS,90.78,13.408,110.21754918869122,73.463685887347
mp-20970,NaMnSb,26.873,16.61,33.08603267583545,26.213785178372973
mp-21096,CaMnSi,42.158,35.285,86.67082304149363,53.50280919203408
mp-21194,NdGeRu,82.192,42.405,129.31297632142528,59.64226064902904
mp-21249,YMnSi,89.902,56.086,130.35997926982353,63.53590937442575
mp-21271,PrMnGe,67.272,31.756,78.08655882398944,45.75889003424791
mp-21363,TbFeSi,97.721,54.466,135.46446877923347,73.34494720161193
mp-21399,CeMnGe,76.858,36.44,119.40890581263488,53.75170449753302
mp-21413,RbMnP,16.708,9.385,49.70852060013875,30.07895999726438
mp-21433,TbTiGe,81.218,52.977,97.20384696769716,55.7921419766179
mp-21471,LiFeAs,67.093,39.305,110.6014919852985,57.58488634607302
mp-21847,KMnAs,9.764,10.135,22.46377645115507,21.94309084909165
mp-21890,NdCoSi,69.818,39.38,116.594428984173,66.41203964975381
mp-21907,NbSiAs,151.91,96.024,177.35218370078567,129.1184429442592
mp-22152,NaFeAs,48.294,33.541,93.06216498253654,49.04325267023652
mp-22159,UNiAs2,112.758,49.253,134.22522718547245,68.8747288621478
mp-22179,YTiSi,92.176,49.378,103.09259252245414,62.06773470781757
mp-22256,NdMnSi,56.943,32.522,116.64383035908465,43.49726460563976
mp-22446,Li2PrSb2,41.299,21.813,52.74807747915406,26.979291739752274
mp-22595,UAsSe,77.206,47.857,96.60717948335532,55.53341857874134
mp-22698,DyFeSi,101.371,56.128,137.47285522247822,74.6957100928942
mp-22939,BiClO,26.218,18.304,92.78248463394746,42.577185324717256
mp-22957,SrClF,48.203,23.272,57.40706196252909,27.375776247961156
mp-22964,PbClF,47.996,16.906,60.90642182346434,21.617649448109947
mp-22973,NaMnBi,23.646,13.384,32.460935056613714,20.128804315355115
mp-22987,BiIO,16.924,11.049,67.73781796496371,32.46399761277971
mp-23024,SrBrF,34.729,18.311,50.12389093431785,23.140307817130868
mp-23025,LaClO,67.468,33.92,99.11000073342232,43.12832892311285
mp-23046,SrIF,10.84,8.443,36.47150441213801,18.615853182973886
mp-23050,GdClO,70.235,31.328,111.13865544638185,48.12188544783754
mp-23058,NdClO,74.064,34.045,108.14595106089013,48.05808825084773
mp-23068,NdBrO,20.663,15.753,79.45799909412614,38.594206177678
mp-23070,BaBrF,36.564,16.453,44.452333061646115,20.17911495945794
mp-23072,BiBrO,18.132,11.592,79.07155763233148,37.20299125278651
mp-23432,BaClF,40.624,18.465,48.93698945298367,22.3273873207764
mp-23856,LiHO,14.251,10.119,62.94408440948682,45.146569881947016
mp-23860,SrHCl,38.352,22.306,41.70633841122248,26.027586596213396
mp-24205,SrHI,7.823,6.04,24.698641195689373,16.638742676761282
mp-24422,CaHBr,14.185,8.906,34.55006019214461,23.12786710637631
mp-2468774,LiCuS,62.759,30.22,80.27677255689996,35.27809920249633
mp-27335,NaAlSi,40.723,19.975,54.18325018445006,28.55541519979854
mp-27546,CaClF,49.817,23.323,66.33364326167066,30.675495923324295
mp-27689,PH4Br,14.902,8.571,51.114765401278675,31.716868580520607
mp-27762,UBrN,21.314,16.394,103.92871579085156,50.51784683329647
mp-27823,SmClO,74.842,34.161,111.29487822716314,50.03021933260742
mp-27984,PrClO,72.722,33.187,105.73673450657935,46.750356394342
mp-28066,ThBrN,24.781,20.167,96.6610090591372,49.98417676244535
mp-28067,ThIN,18.541,15.059,81.2113864808971,43.6456149566628
mp-29327,SmBrO,22.04,15.101,80.72697183389394,40.175750319738995
mp-29731,HoClO,67.211,30.398,117.70115832854698,53.77603938706417
mp-30208,YCuP2,113.331,69.552,115.82973678234744,70.92304913008898
mp-30273,AcClO,62.71,30.419,91.3128734851536,41.473293517326674
mp-3104,BaZrN2,100.324,40.749,136.40668145358407,69.7212224731331
mp-31209,Ca(BeGe)2,71.325,48.951,80.3096093302122,59.573760581844006
mp-3208,ZrGeTe,52.592,43.277,107.21946995559402,71.6370417582197
mp-3217,USeO,114.334,27.307,157.99820916549768,66.48401206717388
mp-3274,NiGePd,165.803,51.908,186.38469664851016,65.41758547594017
mp-3402,UTeN,38.078,30.992,123.8936626960246,61.43354938966528
mp-3718,ThTeO,79.236,51.071,122.40852019438464,61.454747934769145
mp-3799,GdSF,100.481,50.55,111.00839732609772,59.85814745857428
mp-3896,Y(SiIr)2,179.899,63.404,202.4269663820892,85.32074534543952
mp-3931,SmSF,101.622,51.669,112.79711377673962,56.90391210055536
mp-3938,ZrSiS,126.096,87.404,148.81056261456342,103.44667502457123
mp-3992,PrSF,96.139,47.45,106.5120578413356,52.03376602508129
mp-4083,MgCuAs,65.78,31.327,93.0030878082892,35.1241632954545
mp-4206,UAs2Pd,117.844,51.105,133.92308827726936,64.83956534088362
mp-4233,KMnSb,22.579,12.876,28.97030294561383,21.280781952390416
mp-4247,NaZnSb,31.291,3.953,42.38738761767523,14.452710313669035
mp-4374,UAsS,78.118,42.242,105.49977208198123,65.62069951237432
mp-4495,KLiTe,19.903,11.932,22.003501822769415,15.580408592355026
mp-4628,ZrSiSe,34.808,26.884,131.8983862949207,93.59863046559296
mp-4743,ErTiGe,90.675,52.162,101.75564283396878,61.56708327983966
mp-4824,NaZnP,42.42,26.866,60.32477918415994,30.07688137077455
mp-4878,ZrGeSe,103.022,68.946,124.19017902188536,82.53876055694911
mp-4888,NbPO5,87.368,51.893,234.86478302716404,136.0320086765016
mp-4973,CeSF,84.351,46.483,101.65537798174032,51.426801146217535
mp-4997,ZrGeS,118.661,77.929,137.9046794580509,89.7468837011523
mp-5042,YTiGe,86.156,49.263,98.15709094660956,59.97767164592042
mp-504687,USnTe,60.998,22.01,83.13146975167889,44.55375976052893
mp-504691,LiMnP,88.94,38.837,115.41105442431224,63.93972482317423
mp-505005,CeSiOs,93.891,37.956,160.2840048614838,74.3721174381893
mp-505019,USb2Ru,83.812,53.613,129.8509922965116,62.997488250796025
mp-505249,Th(NiP)2,167.095,70.895,176.52081584544354,81.8589087172812
mp-505331,CeMnSi,81.905,22.855,119.9593888954261,55.92638468645791
mp-505332,LaFeSi,72.64,39.227,111.30074228107264,58.54188910707213
mp-505515,Sr(CuSb)2,62.734,13.558,69.4383880278366,33.04401268228562
mp-505803,MnFeAs,114.365,40.972,105.10116501119604,66.1667873164561
mp-5239,NdSiRu,82.341,48.599,136.0009016977436,65.0025277712293
mp-5339,CsNaTe,14.558,7.749,16.485081271854902,10.074254953957354
mp-5394,LaSF,90.315,42.488,99.88461427488508,47.82630179707576
mp-542757,EuClO,56.557,25.934,87.48427893143909,40.41216847723016
mp-5541,ZrVSi,156.335,61.897,168.30345690437034,98.61899529943562
mp-556382,EuClF,48.258,23.338,61.78527836583333,27.23246135955019
mp-556939,NpIO,14.177,11.809,80.54245373960308,32.077343249395405
mp-557483,YbClF,54.055,30.885,60.66855878173157,24.731860968828183
mp-567558,CsAgCl2,17.28,4.449,24.244248879905143,8.696321036700883
mp-567712,PrCoGe,60.752,37.899,106.26593963678997,52.72131383247043
mp-5760,NdSF,98.364,49.193,108.75001820544796,53.74731875303159
mp-5908,CeAsS,80.376,42.321,84.91767657762024,55.95714575275162
mp-5962,NaMgAs,33.163,20.602,43.93175650182817,29.60363524266555
mp-615314,ScCoC2,202.285,105.884,252.75961666065592,131.14713933833494
mp-643062,H4IN,9.349,5.553,46.74917254008603,29.708633293173506
mp-6973,CsNaS,20.614,10.436,23.56390833519918,13.80007636785928
mp-7089,KMgSb,23.427,14.48,30.68122214389251,19.46755430146934
mp-7090,NaMgSb,26.982,16.18,36.587519811156646,20.5954524087988
mp-7263,CaGaN,79.362,53.688,91.914302643949,62.614676743693536
mp-7400,NaAlGe,39.291,17.053,48.51152353473507,24.79825129527427
mp-7433,NaCuSe,47.267,20.221,56.95219824054002,25.19608037318436
mp-7434,NaCuTe,31.971,15.202,47.105122240550365,19.26752341601955
mp-7486,BaNiS2,56.285,27.769,75.64702369773458,36.47510500957531
mp-753594,BiOF,113.68,39.898,131.4108993008087,60.11573111625284
mp-753712,YIO,18.076,12.222,71.47683306668051,37.24118955603986
mp-753848,Li(CuO)3,89.756,41.778,156.2061824566731,58.059802828413645
mp-754349,GdOF,120.948,51.007,145.23822349438504,72.71620231147382
mp-754515,BaMgGe,33.215,22.349,40.62837289043988,27.280444303916685
mp-754516,LiNiP,59.926,32.248,112.20086767284212,47.81081630168682
mp-755323,DyClO,69.64,32.308,116.86364826248658,53.29915835182218
mp-755480,KRbO,17.77,5.392,25.56920592799076,12.175593621178187
mp-756134,ZrSeO,144.42,74.86,184.9844017828788,83.89140755926519
mp-773137,KCaBi,16.088,8.723,21.88981373479685,14.023832669088971
mp-7915,ZrSiO,172.699,110.149,204.94131051281715,124.97308332361236
mp-7916,HfSiS,134.279,93.63,156.787821266919,108.3670488966618
mp-7917,HfGeSe,111.031,73.615,129.26326271209203,85.35690499880776
mp-7918,HfGeS,126.583,82.007,144.66514934881897,93.04103942461566
mp-7935,USbTe,61.912,39.772,82.18675781965433,40.66164508660275
mp-8136,ThSO,135.883,63.691,157.21032676357297,73.62486230350505
mp-8137,NpSO,129.63,70.286,255.427966166881,74.53412141276874
mp-8231,ZrSO,170.185,84.61,203.1073630048139,89.36796793544141
mp-8452,NaLiS,35.529,23.768,39.69163972055846,29.37637372815609
mp-8468,Sr(SbPd)2,76.461,1.084,85.86643263560495,32.87767603253479
mp-8539,SrSnP,41.51,23.276,49.34532931526208,28.00482187237913
mp-8654,PrSiRu,77.836,47.266,132.717633243691,63.5776941085632
mp-8756,KLiSe,24.635,15.306,27.027292576253185,19.227934752444103
mp-8799,RbNaS,22.388,12.314,25.086092181668057,15.537112207903755
mp-9289,ZrSnTe,81.945,53.344,96.56650778960748,58.75410180146571
mp-9463,ZrGeSb,98.407,74.614,113.05069483075847,80.9252667703561
mp-9517,SrTiN2,121.679,54.446,161.73615336373072,89.03919141738311
mp-9562,LiBeAs,54.336,35.547,73.88256737584351,39.088968935528555
mp-9587,TaMoN,306.124,172.722,348.7717406503953,175.39313032547165
mp-9845,RbCaAs,21.936,11.138,27.664135042965615,18.42617463652866
mp-989192,SnClF,39.388,18.433,59.58278576368812,21.05669489980202
mp-989193,SnBrF,18.583,18.536,48.304789012468824,18.04487216661259
mp-9934,BaMgSi,35.072,24.366,42.89246037803974,28.448660995884836
mp-995147,PbBrCl,33.6,0.906,39.20648193998947,13.244077178308276
mp-29259,Bi2PdO4,51.718,16.451,140.81820443918718,66.78861038610123
mp-505042,Cu(BiO2)2,56.918,26.984,137.72164446675998,65.07894714682944
mp-569383,Ca5(CoN2)2,66.312,33.994,92.12531974991656,51.9799820822648
mp-618309,Bi2AuO5,124.209,53.326,166.80915488977325,77.98589999604826
mp-1029347,KPtN,66.018,33.563,76.88607124927275,39.36176140708052
mp-15607,Ca(BC)2,131.155,81.551,141.4014576529068,93.80740104247624
mp-15955,Y(BC)2,170.622,110.229,185.36967424261084,127.4947274228097
mp-19754,TmCoC,145.684,64.185,162.08889261522748,79.93316621696691
mp-20350,DyCoC,153.834,63.79,155.69920951941072,76.05231405646309
mp-20814,Dy(BC)2,175.354,114.935,189.3415647963523,130.5751294678347
mp-20906,HoCoC,147.431,58.45,156.64479896978443,77.14169446618375
mp-21422,YCoC,141.273,58.224,152.09251666233507,75.17174431068516
mp-28645,CaNiN,107.264,55.197,124.42645151313162,63.19377603864419
mp-29748,TePdI,24.702,12.965,60.780983720667365,21.396019508243093
mp-29754,SrLiN,54.044,28.446,60.87497801387312,31.34498335192018
mp-33997,TaO2F,183.266,91.41,213.52039198822655,101.84942104836615
mp-37473,TiOF2,134.531,70.894,157.79596030524405,79.28052582308696
mp-504677,SrPbF6,57.14,8.424,81.39881730533001,34.63512553069584
mp-756187,Li2FeS2,29.394,13.543,48.8643049330571,33.37626177603619
mp-884085,Li2CuS2,21.596,10.234,50.54252034320748,23.001261449561117
mp-4287,Sr2SnO4,106.729,50.94,128.83443986847783,74.86323921032799
mp-18288,Ti(SnO2)2,63.04,19.604,130.9586114880518,65.97416315866174
mp-22271,Cu(AsO2)2,19.387,11.732,109.28117515330388,54.31263949302253
mp-22467,Sn(PbO2)2,47.458,17.649,106.96038846175088,52.30586545803872
mp-27219,Mg(SbO2)2,49.538,20.282,122.85546047635368,67.83412373744895
mp-29809,Ca2GeN2,77.721,54.318,107.15772604822226,74.35593710531606
mp-5388,Zn(SbO2)2,43.305,12.537,124.67150901366104,56.6069831581036
mp-756132,Cu(SbO2)2,20.591,0.923,113.31886004075828,56.09096994950435
mp-9880,YB2C,177.47,137.397,195.69375258970356,156.13477249009574
mp-1199650,Nd2Fe14C,138.937,62.765,231.39861652651717,63.65864098930018
mp-19970,Li3CuO3,81.806,35.049,108.87012371622627,68.72023838372195
mp-3501,Er(Fe2Ge)2,98.162,58.284,184.7909631756425,83.53257949814667
mp-4214,Lu2Fe14B,128.894,73.037,233.09027777674936,80.33019497495877
mp-7603,Li2TiF6,52.093,30.935,111.62069462643686,58.761087823821434
mp-9906,Y(Re2Si)2,238.54,78.048,271.05900251888033,132.05920465690605
mp-1029498,Li6CrN4,84.311,72.584,130.46104641005067,96.06883033939992
mp-1029542,Na6MoN4,54.672,37.513,89.01863867506482,51.87230108604919
mp-1029656,Na6WN4,53.691,38.074,95.03518601312986,55.42392594940341
mp-1029726,Li6IrN4,83.44,58.897,124.31659826451384,78.16100373473297
mp-1029739,Li6FeN4,76.66,69.192,120.62756070010067,85.59790154977712
mp-1029826,Li6OsN4,84.062,64.411,132.74223053394934,84.28186375963593
mp-3503,Li6WN4,84.394,68.603,140.61694189460746,95.95288743704384
mp-38725,NaBH4,19.433,11.009,53.928363155234635,36.33388082968262
mp-5984,Y(BRh)4,229.147,99.894,256.876525308692,108.7541173363814
mp-605860,Ba2LiN,16.114,6.4030000000000005,29.2489963830422,14.983253231995436
mp-756490,Li6MnS4,42.149,26.741,46.819317849751606,32.892285901458585
mp-8804,Li6MoN4,83.422,67.066,133.2545590093029,91.61093039151288
mp-1014168,CsPbBr3,17.687,7.34,22.197441629453635,9.937654455953814
mp-10165,KAlTe2,17.465,10.999,35.658211130841636,20.42167644791519
mp-10166,NaAlSe2,28.308,4.292,52.308752158750075,29.105177090097772
mp-1019544,BaZrO3,147.064,90.422,166.9815501560529,97.60321924998168
mp-10289,Ca(BC)2,135.308,95.251,149.68420475119174,106.3325287031614
mp-1029457,Ba(CoN)2,94.162,35.797,110.5846610364218,55.03748361771009
mp-1105622,Cs3CoCl5,11.595,6.079,20.40087179548275,9.34410161747441
mp-11918,Ca(BeN)2,112.136,62.379,121.74032848639088,94.9528917876763
mp-11919,Sr(BeN)2,104.82,68.742,114.49781909092384,87.83187686874834
mp-12266,CaCuF4,74.693,34.337,99.78035610855568,43.91839477941555
mp-12622,SrPdF4,62.819,23.43,85.77479646310496,36.198299095795136
mp-12623,BaPdF4,53.745,15.044,73.3040649554253,29.7448616526198
mp-12867,SrSnO3,138.388,83.126,159.9403629475435,91.86381073447905
mp-12927,Ba(BeN)2,98.183,62.055,107.76857340368124,76.49858284895583
mp-16648,LiSn4Rh,63.729,40.822,82.61295072226942,45.60151049121011
mp-19851,KInTe2,14.982,9.325,31.366440491579656,18.07103367436948
mp-20202,MgSn4Ru,73.432,49.19,89.13093493400481,53.82656880382582
mp-20408,InGaTe2,22.152,13.508,39.58613695984381,21.990108833358757
mp-21297,LiSn4Ru,68.495,45.755,86.90124175332701,49.07500630820825
mp-21894,LiSn4Ir,69.115,46.562,90.29516213002536,51.9856176797731
mp-22232,TlInSe2,22.596,11.724,42.85081769956771,22.563483085674296
mp-22255,RbInTe2,13.936,8.246,28.99837762154229,16.90797758766408
mp-22483,NaInTe2,19.763,15.869,36.0105911074606,18.790502525269236
mp-23488,Tl5Se2I,15.431,8.241,24.56143752400413,11.073273358472656
mp-23504,Sr2InI5,14.254,14.798,22.85967357178707,11.008643851835616
mp-23507,InSn2Br5,11.176,6.001,29.55416482955096,12.725075009049386
mp-23520,InPb2I5,13.937,22.207,25.26782024318812,12.194607193229816
mp-23534,KSn2I5,8.774000000000001,4.925,22.933356297655447,11.409247827418763
mp-23846,KHF2,26.337,13.538,40.845715345537975,19.91465876627572
mp-24668,CsHF2,19.452,8.117,31.47045659201314,13.45998363376179
mp-28843,Tl2SnTe5,19.458,8.949,36.19108545479816,19.38813897540965
mp-29764,RbHF2,22.876,10.868,36.20769636543178,17.015437089038272
mp-3019,Tl4SnTe3,26.737,13.957,33.141801831672936,16.49247622002807
mp-3387,CaSiO3,214.891,122.375,244.4765121120919,160.92496330301
mp-3442,CaTiO3,171.657,106.112,204.21881392880525,118.66656209369684
mp-3721,SrHfO3,154.085,98.02,187.8991135887023,111.41782560556278
mp-4096,CeAlO3,185.363,42.507,219.9487616894744,128.3965199026863
mp-4651,SrTiO3,168.22,101.114,193.8147342565576,116.50494042032484
mp-5076,SrZrO3,143.03,87.474,176.33963757389114,101.59923794453864
mp-5309,KAuF4,22.107,10.288,58.45866706345317,27.44766781238467
mp-557233,AlTlF4,40.935,24.485,92.40210873305008,48.01967164191799
mp-669347,KCuF3,78.848,33.832,74.40286128043003,31.265254698266418
mp-7387,KAgF4,23.276,10.958,54.63224413720833,26.359752047537448
mp-753541,LiCuF4,39.822,12.424,95.72513978245088,49.817259808519545
mp-760414,Ti3PdO,170.984,45.205,197.45205900983945,73.79667822861445
mp-8161,CaPdF4,75.302,30.762,98.71339197634836,41.65470048719752
mp-9075,CdCuF4,84.837,32.065,109.86858357558384,40.27463188072626
mp-9579,AlTlSe2,27.221,13.611,48.89856744562844,25.808978190447966
mp-9580,TlGaSe2,24.333,12.675,46.319933302801985,24.56707652989677
mp-997100,SrAgO2,77.721,41.425,99.76902779841984,46.16981983004239
mp-1023125,MgCuO2,126.208,71.609,155.6472753194269,89.57204258450112
mp-1047016,Zn(AgO2)2,64.706,26.799,105.002668196019,56.795554956927
mp-1047145,Mg(CuO2)2,60.487,26.547,118.39153810325156,69.39658644780262
mp-1047156,Zn(CuO2)2,63.223,33.875,126.84005578254887,71.95341040852895
mp-10523,CeSiO4,148.899,56.926,199.0872997393956,90.23471206086572
mp-13900,Sr(CuO)2,68.022,26.331,104.86565426404044,45.29515416704023
mp-15845,SrLi4N2,52.666,28.749,59.93845375724875,35.28577093008558
mp-28323,Pd2Cl2O,44.532,12.248,79.64465730997743,27.585761901788544
mp-31496,Li2Sn2Au,47.106,21.387,56.29946263559197,30.3623960130525
mp-33322,LiHoSe2,46.754,31.404,70.11616211662745,42.88415447859192
mp-33363,LiYS2,53.265,36.134,79.38690000682247,49.86568032476562
mp-33526,LiBiS2,49.655,32.521,74.62313088692223,41.71886272248033
mp-33588,Ca2NF,67.777,48.769,97.4248321158751,65.67717038595265
mp-33618,AgBiSe2,53.367,21.01,72.64068426445833,27.621582672750257
mp-33667,LiDyS2,53.412,36.047,82.3285807900339,51.35264242498093
mp-34081,NaYF4,68.677,32.05,94.22988812466464,47.739235242292
mp-34477,LiSmS2,50.115,32.154,77.86418113819683,46.76827079790868
mp-35388,LiSmSe2,43.726,27.524,66.24217629718196,38.83570670199174
mp-35591,LiErS2,53.745,37.776,83.7623227236364,53.23121854359343
mp-35717,LiDySe2,46.015,30.614,69.53258868432022,42.20677322284153
mp-35869,TiNbN2,289.181,148.536,362.60132186795227,184.1730388400277
mp-36029,ErAgS2,53.466,20.563,84.0571381304927,37.2510400589243
mp-36052,ScUS2,98.649,34.446,128.05973535352,55.37566085822425
mp-36791,LiNdS2,47.891,29.894,75.71068714074329,44.11783785584926
mp-36800,MgTaN2,243.254,173.986,316.88487790671735,213.36643789853588
mp-37879,LiYSe2,45.569,30.214,67.25324972250247,41.01356020826109
mp-38280,LiTiO2,170.849,122.647,233.29447334919675,153.11682756582485
mp-38695,LiTbSe2,46.042,29.91,68.90063669309714,41.59717749036052
mp-4006,ErPO4,141.94,66.446,210.74424102774728,115.54338809942614
mp-4104,HoPO4,138.301,63.957,208.40522544029568,113.3886810336226
mp-4200,ScPO4,149.784,78.155,226.30036290958748,130.15665484096505
mp-4820,ZrSiO4,202.03,97.007,245.8507898583724,129.37094372195148
mp-5132,YPO4,133.65,60.18,197.56554451175097,108.80680888764684
mp-546125,ScAsO4,142.55,67.656,192.74289707518068,100.051836748379
mp-5632,DyAsO4,127.515,54.647,177.2364185257197,86.42797748901263
mp-5767,DyPO4,132.418,62.37,206.19436955836687,111.32849133876906
mp-5836,ThSiO4,162.659,58.134,208.63064655296105,91.71505678998597
mp-5840,LiScO2,118.79,81.291,182.78532878103633,120.3438178395421
mp-675798,NaHoF4,71.34,32.839,99.9882181119586,51.75679800259457
mp-676416,V2CN,304.511,200.726,369.7047616931816,226.2522992458428
mp-7374,Ba(CuO)2,56.503,21.409,96.45644741130906,38.62398347189987
mp-753306,YUO4,190.218,34.164,216.76139274228635,85.53429191168006
mp-754027,NaSmO2,91.596,48.531,133.3373859603239,79.03789282507199
mp-754605,LiLuO2,114.047,69.919,169.11740919850382,108.04371681887572
mp-755253,LiZrO2,158.131,100.522,223.13076267413177,130.75190810693422
mp-755586,NaLaO2,82.441,37.902,114.9357917216148,57.33953331823083
mp-7589,Mg2NF,104.566,73.225,130.82416982367508,98.69158878700723
mp-759897,Cu2OF2,45.218,7.397,78.34448599139846,15.51536479458289
mp-760408,LiZnO2,94.162,49.385,142.82370138976322,64.33765415564817
mp-7644,LuAsO4,136.399,63.025,187.01854690397775,94.55985245107637
mp-7962,YbAgS2,66.819,24.035,91.18343156535578,39.586673062180274
mp-8470,NaPrO2,84.293,42.149,122.9622275198224,69.2892546334219
mp-8615,NbBO4,249.352,141.476,311.72959714094895,163.3074947342587
mp-4672,TbPS4,38.774,22.162,81.94365637212366,49.54729679544502
mp-4998,Sr2IrO4,128.645,47.185,165.16101356096647,74.61948068498826
mp-755478,CdBiO3,100.02,28.386,135.31346213254707,58.0986375048762
mp-5073,RbNO3,18.157,8.683,86.73303910549164,50.205933031399525
mp-10078,TbTiGe,83.674,52.086,99.06025620884976,52.52929049641039
mp-1018060,GaCo2Ni,177.04,60.729,213.7976091795744,69.76211931534907
mp-1018062,FeSnRh2,177.299,68.595,154.20383598449712,64.43449164898982
mp-1018066,CrSnRh2,167.812,69.419,169.85645743407017,79.7794529108203
mp-1018085,CoSnRh2,185.482,68.25,230.98780327066265,79.84930640361765
mp-1025154,UTl2O4,42.627,11.277,109.84413734739408,40.32087069618479
mp-1025158,K2PuO4,53.382,28.851,101.85522893319512,52.607838445153064
mp-1025165,Zr(VGa2)2,131.585,88.202,145.14399743991913,100.73194167938888
mp-1025167,Hf(VGa2)2,133.265,85.459,148.42951821282006,99.78304784179998
mp-1025172,Ho(TiGa2)2,96.685,60.465,101.78033719715488,64.22010795088305
mp-1025177,Rb2CuF4,35.076,15.978,55.44659879456338,23.703165484347476
mp-1025185,Cs2CaCl4,17.305,8.639,22.218373962416013,11.836533078606848
mp-1025200,Eu2TiO4,133.071,71.88,177.32432581623698,89.99428100930183
mp-1025208,Cs2PuO4,36.666,19.028,87.89979038538893,45.04482006066165
mp-1025236,Sc(TiGa2)2,96.87,66.519,106.61417298454217,67.01133799693329
mp-1025237,Ba2RuO4,96.473,52.327,140.1615754223604,63.42683256301562
mp-1025238,Tm(TiGa2)2,96.793,62.39,102.88920237930996,64.50931240602421
mp-1025252,Cs2MnCl4,17.789,7.682,26.93299201481184,13.067031639639088
mp-1025265,Cs2CuF4,24.684,10.938,49.66147876600877,20.201304414662783
mp-1025267,Cs2CaBr4,13.971,6.614,18.30859970706363,9.587915079966224
mp-1025273,Cs2YbH4,15.699,11.197,22.060802479735525,13.432977941951696
mp-1025274,Cs2NpO4,34.259,21.565,94.71780390477888,46.557677109035616
mp-1025286,Rb2ZnF4,37.238,17.944,57.23773983026105,26.464184662446964
mp-1025304,Zr(TiGa2)2,112.537,70.165,122.00540442415166,82.73829593897541
mp-1025334,Cs2TmH4,14.059,10.2,24.75100374709441,16.866799052618347
mp-1025335,Lu(TiGa2)2,98.232,62.927,104.21119421611134,64.91768070885786
mp-1025338,Tl2CuF4,36.339,9.03,59.15953544839413,17.186822085685215
mp-1025349,Sr2ZrO4,117.107,66.772,143.33564332471036,81.80873805420775
mp-1025351,Sr4Bi2O,37.73,25.111,44.114800474336334,31.83775258909693
mp-1025358,Er(Al2Mo)2,134.393,84.07,139.25257370682354,93.4188502273563
mp-1025364,Dy(TiGa2)2,95.067,59.557,101.41855119892732,63.765427333944416
mp-1025365,Sc(VGa2)2,118.477,80.656,130.88113037650012,91.39589714506802
mp-1025457,HfAl5Ni2,126.648,84.924,140.95630789685475,85.06129541829476
mp-10259,Zr(NiP)2,171.208,14.663,208.3509172043984,86.41749912971244
mp-1029532,Ca2CoN2,74.548,47.916,116.88559881032536,60.60489993367408
mp-10311,ZrVGe,144.113,72.062,164.18484464089616,90.7200501651534
mp-10312,HfVGe,154.643,74.585,173.20231426197105,93.11939223463057
mp-10343,Sc2BC2,137.733,68.589,178.43167207651229,113.66961518268197
mp-10437,Ba(CuSe)2,67.478,21.124,65.2749487054377,27.450469340109187
mp-10453,Lu(SiRu)2,160.669,75.506,191.97732563280024,100.18053404517282
mp-10455,YTiGe,82.596,52.547,98.89196010145947,55.49277577420585
mp-10498,Pr2CuO4,151.748,37.87,176.2118912941759,73.81418412961715
mp-10626,Yb(SiRh)2,129.084,77.099,190.86106510827224,104.08587104484788
mp-1068300,Ca(FeAs)2,56.912,25.387,121.7609885882726,74.29905593823858
mp-10697,Sr(GeRh)2,80.352,53.198,120.32752009348776,63.39338977663581
mp-10698,Ba(GeRh)2,65.958,39.426,106.10006074420568,50.125870357509946
mp-1077929,La2CuO4,124.285,58.378,154.77131233985548,70.9304089366554
mp-10877,Ca(Al2Cu)4,81.186,60.736,106.21072715435524,66.26182546661009
mp-10878,Ca(MnAl2)4,32.632,62.995,99.27462916228072,76.37851590141352
mp-1101329,Tb2SeO2,84.414,27.253,124.71617600682102,65.95219226035802
mp-11029,Y(Al2Cu)4,104.534,61.012,113.1245963952145,67.42551336086969
mp-11169,Ba(PIr)2,96.768,48.721,153.29902228350218,70.15853546907708
mp-11181,Cs(MnP)2,45.548,30.749,75.32573772195927,47.18679334727373
mp-11435,Er(TiGa2)2,98.06,61.377,101.8286844482325,64.24067849205169
mp-11436,Er(VGa2)2,115.021,76.361,123.64904126449966,86.8929168701303
mp-11445,Y(TiGa2)2,94.316,60.055,100.18117651031868,63.759662820508346
mp-12058,Er(PRu)2,169.707,99.704,214.42102119938076,124.04540061369244
mp-12059,Sm(PRu)2,142.12,93.691,201.1324931158389,115.83538404791015
mp-12061,Lu(FeB)2,187.743,76.06,205.6767233653799,118.77720797939295
mp-12063,Ce(AgGe)2,74.431,36.15,88.00399292458417,47.176301851254166
mp-12073,Ba(BIr)2,100.302,64.05,154.187657143136,82.2376387235614
mp-12075,Tb(FeB)2,128.275,79.786,177.62870674322406,98.62495845567368
mp-12077,Y(FeB)2,126.563,81.112,176.63263473671063,99.9488762594018
mp-12079,K(CoS)2,57.052,30.734,85.6990283186466,38.648715714989144
mp-12097,Sm(SiIr)2,166.894,104.163,206.73470124032275,122.1528649852516
mp-12098,K(PRh)2,54.245,32.9,110.78258367223162,49.535940555424595
mp-12100,Lu(SiNi)2,128.686,67.54,163.0197412394341,84.85812556398488
mp-12101,Lu(SiOs)2,179.764,83.799,219.57909937172127,105.67678006481084
mp-12716,LiTlPd2,94.163,36.325,103.12513713369133,37.77212030881154
mp-12783,Sr(CdGa)2,43.715,27.739,48.69659188607148,25.612335181388495
mp-12863,Ba(AlSi)2,38.836,13.543,62.53513357401336,29.324163446324736
mp-13398,Yb(MnSi)2,101.513,60.872,178.66363090544826,98.41596199074137
mp-13399,Lu(NiGe)2,113.636,44.0,143.7443697758428,67.51738350102946
mp-13649,Cs2AgF4,30.729,10.708,44.2390497240856,15.278229644393535
mp-13660,Ca4Sb2O,49.159,32.933,57.30435910903196,42.3374680721277
mp-13910,Ba(AgGe)2,55.955,30.515,64.3302565510129,32.445652841133096
mp-13911,Ca(ZnGe)2,57.614,15.908,66.28164396410862,26.53076209500912
mp-15157,Cs2CaF4,32.545,14.702,43.31553678755425,21.898271794831835
mp-15605,ScSi3Ni2,135.947,70.188,158.27654691432693,90.70417698185224
mp-15608,Ba(MnAs)2,7.36,2.873,70.09742827785236,38.07619795093669
mp-15968,Sm(CoSi)2,118.652,91.081,158.01938699353812,100.44497271281035
mp-16032,Pr2TeO2,70.35,34.028,102.90293191127157,53.856193644262525
mp-16033,Sm2TeO2,75.322,36.804,110.2880817432748,58.17833549849791
mp-16035,Gd2TeO2,73.923,35.465,114.91459029950649,60.488391322714946
mp-16036,Tb2TeO2,79.972,38.705,116.30578019977524,62.74704449902078
mp-16250,Th(SiAu)2,127.616,51.748,142.87467133821218,53.48688174175677
mp-16259,Ca(GeIr)2,116.99,64.491,157.03678460318395,85.50545671017753
mp-16260,Ca(GePd)2,85.58,27.195,108.33930138432412,38.69844046332857
mp-18583,Ti4Si7Ni4,171.113,101.052,191.6405912427913,115.67890404336134
mp-19735,La2CuO4,142.568,50.382,165.42264775199152,68.57960035172371
mp-19787,Sr(GeRu)2,78.082,51.356,128.0510069920288,68.89248485967084
mp-19791,Ca(GeRu)2,103.004,48.899,140.91165670797463,73.24796220704576
mp-19824,Ca(MnGe)2,80.263,54.912,125.3554432119541,61.57811367357145
mp-19857,Ba(MnP)2,82.846,48.364,103.46316093939534,62.69886826706845
mp-20070,GdTiGe,73.046,43.448,1001.2194563257864,70.63827210708266
mp-20098,Ba2PbO4,85.368,43.424,100.31089142854196,53.804163617999016
mp-20115,Eu(SiPd)2,100.771,44.183,139.44272223185817,55.209680922666365
mp-20238,Th(FeGe)2,145.046,72.532,160.86819363346186,93.58147736938533
mp-20264,Tb(FeGe)2,109.098,11.686,164.84977838151153,76.37250380629467
mp-20352,Ba3In2O6,87.964,35.899,105.47444126470484,56.57787519629683
mp-20356,Ce2SbO2,78.176,22.121,118.44119920694762,53.90558751326875
mp-20542,Pr(MnGe)2,100.458,62.794,123.41688655044378,85.595374849187
mp-20563,Ba(CoAs)2,76.172,35.045,100.9265031437921,40.94644934165013
mp-20596,U(SiNi)2,186.818,66.072,164.5644142414615,85.4145751812024
mp-20785,Nd(FeGe)2,124.467,47.545,137.60095830666782,79.6232156818863
mp-20872,Sr(AlPb)2,33.025,5.34,40.96804070907703,6.822698524437279
mp-20924,U(FeSi)2,177.23,89.691,194.51294313848675,121.7937570949089
mp-20933,Ce(CoGe)2,121.349,58.575,134.34473662214424,77.11655099062105
mp-20950,Nd(SiPt)2,137.703,39.837,167.67849222700568,23.891230008776375
mp-21000,Dy(MnGe)2,115.114,63.746,149.34587749721027,94.35858167139492
mp-21020,Sr2UO4,96.41,40.606,110.0018153540493,47.74519090173875
mp-21079,Tb(GeRu)2,132.27,58.586,167.05069998093364,86.17673248232816
mp-21113,Y(FeGe)2,129.611,49.23,146.4362705917844,83.65970317937487
mp-21240,Gd(SiRh)2,142.427,86.63,1023.7552485859204,94.47676909343048
mp-21281,Th(MnGe)2,133.86,65.888,145.58844366738944,88.12357612701744
mp-21366,Yb(GeRu)2,113.282,47.997,177.87325504731038,87.47202074600928
mp-21388,U(CuGe)2,97.198,40.432,122.99309345398022,66.1233397700485
mp-21415,Dy(NiGe)2,114.065,46.8,138.53777012616035,68.70621740102628
mp-22306,Eu2CuO4,134.635,52.259,149.78448330658034,70.74243617790259
mp-22412,Ba(MnGe)2,50.054,34.428,112.05622070519654,28.49748772005257
mp-22486,Tb(MnGe)2,115.215,64.592,149.89315131724553,93.20412435653331
mp-22639,U(NiP)2,198.349,57.604,177.58954179744543,74.47320637230614
mp-22760,La(MnGe)2,93.376,59.464,114.76682074997746,73.37729409372662
mp-22935,CsBrF,15.691,7.063,20.674800170429915,10.39477618632541
mp-22937,Na4I2O,20.124,11.964,26.643508414864957,16.777047165950766
mp-22978,Rb2MnCl4,20.776,9.004,29.215333814585357,13.919055423201344
mp-23484,CsAuCl3,10.16,4.998,34.50894905191693,12.5538925357818
mp-2371187,Cu2B2C,78.177,9.851,123.84220032487694,53.17064753735499
mp-23752,Cs2MgH4,13.137,9.216,23.727403879078864,19.015536417236344
mp-23954,Na2H2Pd,28.047,18.246,38.14679271252988,21.288594462857333
mp-23956,K2MgH4,23.064,17.351,28.64241711354057,23.723854311613337
mp-24517,Rb2CaH4,17.899,12.811,20.60625026934171,15.451220903773391
mp-2661453,Li2H2Pt,49.367,26.895,73.09850987953435,37.233148724082305
mp-27207,K2MgCl4,21.759,10.672,29.091327518986898,16.075874605569318
mp-27263,Rb2MnBr4,16.876,7.203,23.807114449137433,11.413496783621971
mp-27393,AlPd5I2,15.439,12.33,103.52894388706542,32.17488775924503
mp-27468,U2BiN2,81.939,42.907,149.33402347056966,68.25385023027155
mp-27478,Na3PaF8,42.892,19.864,100.1375428494329,44.84768391215291
mp-28497,Cs2CrCl4,17.295,7.552,27.509970822266908,14.06374698817721
mp-28592,Li7Br3O2,37.683,25.035,46.39165184592224,32.58028907894563
mp-28599,Na4Br2O,25.283,14.596,30.35662667922679,19.10778913046349
mp-28610,CsAgCl3,13.37,370.484,32.47700537555232,13.525138680412033
mp-28627,K4Br2O,15.726,8.724,19.250294262231193,11.769164532039524
mp-2866,Yb(FeSi)2,119.518,70.986,177.66976088788957,103.45587673567604
mp-2877,Nd(CuSi)2,115.656,75.0,125.6851265829646,84.48258144998431
mp-28786,Zn(BIr)2,219.89,106.867,289.1653977556269,136.88047573311889
mp-28838,U3(SiC)2,136.797,80.702,149.25264986063297,70.9002695792309
mp-28884,Cs(FeAs)2,43.521,26.483,80.87293927149733,38.30564187916542
mp-28895,Ba(P2Pd)2,87.709,34.758,102.94553635440566,57.81069124543508
mp-28927,Ba(NiP2)2,104.512,96.35,110.19133039714458,70.6295862510769
mp-2893,Dy(SiRh)2,153.451,88.803,181.9661499755862,103.3260462670907
mp-2906,Ho(NiP)2,151.827,83.385,173.9670632628675,85.24149074233335
mp-2917,Dy(CuSi)2,119.315,75.813,134.78293832011292,87.43346860765251
mp-29207,SrMnBi2,32.353,18.785,189.8080430221184,28.797405427688833
mp-2924,Ho(SiNi)2,131.02,71.958,158.12768978654307,84.88028300242455
mp-2949,Ca(NiGe)2,80.39,40.148,111.9060937078669,52.15637689772348
mp-29623,SrZnBi2,30.573,15.677,41.00299616682451,18.23574220894997
mp-2965,Ce(MnSi)2,123.478,70.832,173.77290087111024,87.65064790086426
mp-2967,La(CoB)2,125.812,83.203,176.10639448383938,96.89638001403556
mp-29806,Cs2PdI6,9.131,4.015,22.008784287294223,9.82277170505368
mp-29873,Rb2CdCl4,19.054,7.96,26.763142571214456,11.57941664463451
mp-2991,Cs2UO4,35.463,22.715,96.98700476534532,45.74520078937376
mp-29964,La3(TaN3)2,165.266,85.631,203.0609350785401,116.48995337260476
mp-30004,Rb4Br2O,12.914,6.882,16.790450372137414,9.528048028604374
mp-30040,BaCdSb2,33.265,21.701,42.464152268969286,23.355503006640845
mp-3011,Th(GeRh)2,145.97,68.15,169.02178287795508,81.20564519572478
mp-30147,ZrTiAs,137.302,70.614,153.47051351120197,90.7519686432274
mp-30175,Ca(AlZn)2,62.198,40.313,65.60355043664897,41.72018990508147
mp-30177,Y(Al2Cr)4,116.53,78.364,115.5213421224269,82.06383520125699
mp-3018,Nd(MnSi)2,118.634,73.221,155.61399345102623,94.62599678552952
mp-30183,ZrAl5Ni2,119.733,85.414,138.15075223840847,88.0132137616494
mp-3021,Tl(FeSe)2,38.004,22.879,67.3275987507805,35.52515348667138
mp-3035,Ce(FeSi)2,142.193,77.717,160.18439697620803,95.6866977063729
mp-30426,BaCdBi2,30.641,18.744,38.87472423044736,19.06387610123408
mp-30427,BaZnBi2,31.416,17.133,39.51651079374653,19.130911917733375
mp-3065,Ho(FeGe)2,108.973,26.204,168.72820092475612,76.40825009948905
mp-3097,Tb(SiRh)2,152.124,89.341,180.71532112266743,103.30694634249188
mp-31059,Ba(AlGe)2,43.029,19.745,56.902296142785225,23.394276601721355
mp-3108,Lu(SiRh)2,158.887,83.91,191.16981551144653,104.48353522691292
mp-31081,Sc(MnAl2)4,153.967,97.394,131.78239125752225,91.67310488956886
mp-3109,UGeTe,70.542,40.783,90.62366329559484,57.06655662558011
mp-31212,K2MgF4,45.872,26.717,60.41671847699859,36.11253601991165
mp-31411,Th(Al2Cr)4,119.17,87.328,121.62764679102489,85.87547367914597
mp-31438,YZrSb,78.942,41.125,91.6319920025568,48.02187733068891
mp-3148,Dy(SiPt)2,145.085,12.014,178.02886354908867,-119.8596966452497
mp-3166,Th(SiOs)2,183.234,94.675,223.01460966522313,118.51245301184488
mp-3190,Er(FeB)2,120.929,83.296,184.51127166309757,102.85296862907757
mp-3207,Sr(NiGe)2,62.062,34.524,98.28323617514832,45.93381116860533
mp-3210,Ca(CoP)2,91.812,81.218,149.95574300400654,85.6544546014083
mp-3218,Er(SiPd)2,134.258,52.4,155.90984273560244,66.48697937622727
mp-3239,Er(CoSi)2,131.977,94.295,169.21660816348376,110.7561595181628
mp-3241,Sr(CuGe)2,77.539,40.884,82.18735583028705,48.842958442794895
mp-3264,Th(NiGe)2,115.166,22.613,148.4460649239004,75.86641773756875
mp-3286,Ce(AlZn)2,72.027,50.611,83.3871838201582,59.724816400628
mp-3292,Tb(CoSi)2,113.474,94.425,164.36249206522135,107.33719856572532
mp-3299,Sr(FeP)2,94.787,55.96,130.39032825784582,79.69943422592583
mp-3301,Dy(SiPd)2,133.933,53.071,151.4039265942057,65.3723434758879
mp-3329,Tb(NiGe)2,112.504,46.914,137.22059901369548,68.82900979314235
mp-3346,HoZrSb,80.205,39.455,93.79744557662194,48.48135838597494
mp-3349,Sr3Ti2O7,139.441,83.293,173.2535960975435,105.2504992630193
mp-3359,Ba2SnO4,96.443,51.646,120.16880887103343,68.37032184815178
mp-3376,Sr2SnO4,108.931,63.505,133.10288055542702,78.0490806034325
mp-3385,Sr(PPd)2,103.811,49.586,121.32713798611914,51.8808379632505
mp-3388,U(SiRu)2,326.477,83.923,210.55022071734675,116.57620457142292
mp-3390,Y(CuSi)2,118.289,76.153,131.73118910477572,86.692875557342
mp-3412,Eu(CuSi)2,85.94,60.857,103.83397942345196,70.56374751742523
mp-3415,Yb(SiRu)2,133.202,67.203,196.6185279722423,101.78362477081832
mp-3437,Ce(CoSi)2,137.291,87.99,153.97872122598488,91.8504614015955
mp-3441,Y(SiRh)2,151.48,88.566,179.7481695942785,103.43155808064508
mp-3455,Er(NiP)2,151.308,83.931,175.18974524604496,85.31909440207262
mp-3456,Tb(CuSi)2,119.971,76.235,133.54300268502095,87.4445396050072
mp-3489,Nd(FeSi)2,118.239,79.69,158.01856802179566,94.1937710326912
mp-3507,Lu(SiPd)2,136.258,48.004,155.88413137794015,63.345294083059215
mp-3515,Y(CoB)2,153.952,107.661,202.61312619578837,122.54772641028062
mp-35276,K(FeAs)2,48.787,24.423,83.38796586938726,37.498381907424346
mp-35417,Li3TaO4,103.312,91.621,216.69136608143592,143.1922826500737
mp-3579,UGeSe,83.522,53.059,101.36511368001833,62.261558974707974
mp-3585,La(SiIr)2,145.667,99.569,189.29069462784693,113.41627631917147
mp-3587,Sc(SiNi)2,151.528,61.909,163.49765339078309,83.90133311998439
mp-3605,Th(CoGe)2,142.488,66.96,153.14905159834896,82.64180225315
mp-36086,Li3NbO4,104.609,90.318,205.87414056907468,133.59471998298608
mp-3678,Tb(SiRu)2,152.051,79.93,183.72220463124873,100.0780587946301
mp-3701,Sc(Al2Fe)4,128.938,85.544,146.3124356812191,93.82677250392427
mp-3709,Tb(CoGe)2,131.45,70.892,144.39815280886964,85.86384579947008
mp-3758,Eu(NiP)2,108.198,74.64,199.0000526218659,75.9406413629652
mp-3804,Sr(PRu)2,87.317,50.755,138.80668552003152,74.06935699172126
mp-3808,K2UO4,60.113,29.379,111.29682777218636,51.69343696427406
mp-3813,Ba2ZrS4,55.272,28.767,68.42783734888596,37.563794872720806
mp-3826,Ce(SiPd)2,124.834,56.202,145.80595090159724,63.80454877190998
mp-3854,Y(MnSi)2,125.819,76.237,167.00499409419913,103.0291280517353
mp-3895,Ho(SiRh)2,156.376,87.871,183.4447392960572,103.78394949399728
mp-3958,Er(SiOs)2,175.465,86.668,214.9953725459736,106.87964039424816
mp-3999,Y(SiPt)2,144.639,15.533,176.5586289732582,-117.62619981838442
mp-4007,Nd(SiNi)2,147.126,70.97,146.5920199798711,80.22713584986812
mp-4013,Nd(SiRu)2,134.593,80.896,174.95558181269914,97.84372311410756
mp-4014,Pr(CuSi)2,108.486,73.831,123.415907645709,83.04445253639531
mp-4064,Ca(NiP)2,105.433,73.682,141.67350299828718,77.54362617809912
mp-4065,Dy(SiIr)2,175.786,105.149,215.37723554673067,124.7579465915624
mp-4072,Sm(SiRu)2,143.09,81.584,178.82794681217808,99.15517928509966
mp-4073,Sm(CoB)2,152.954,97.846,189.99612154625473,114.2407768279388
mp-4075,TbZrSb,79.598,40.544,92.66248834491438,47.79663326275158
mp-4088,La(FeSi)2,114.246,72.994,144.6604637428551,85.46405879041386
mp-4090,Ce(SiRh)2,143.283,87.696,171.38263595554332,96.91818450078908
mp-4105,Ho(CuSi)2,113.63,76.348,135.70429046193084,87.6278014611774
mp-4109,Ba(AsRu)2,76.622,39.593,120.59212246236412,58.24223644948167
mp-4131,Sc(CoSi)2,154.927,91.058,179.75408104123622,115.77536203518316
mp-4148,Ho(SiPd)2,133.284,52.879,155.134209803683,66.83467420779026
mp-4158,Nd2CuO4,136.726,58.915,164.75947776279455,82.20385805190826
mp-4177,Dy(SiRu)2,155.661,79.345,184.55226820913597,99.6198159564685
mp-4181,Pr2CuO4,132.588,58.074,161.25297135253638,80.41642390910397
mp-4195,Tm(NiGe)2,108.431,44.072,140.64532250011283,67.73167880217493
mp-4210,Sm2CuO4,142.528,60.204,169.8277809575108,84.81800831145797
mp-4228,Nd(CoSi)2,120.144,85.498,152.61024649983682,94.92793493452344
mp-4229,Nd(AgGe)2,81.818,42.854,90.6813540719325,47.16896892463437
mp-4250,Tb(SiPd)2,130.983,53.315,152.7829723395125,66.52400017810142
mp-4255,Ba(CuS)2,67.265,28.683,77.17875122992372,33.32430201053618
mp-4259,Ca(CoGe)2,73.576,61.567,118.85585532387609,71.71193286634461
mp-4275,Sm(SiPd)2,127.742,55.498,146.03662157543786,65.36687386291871
mp-4291,Ho(NiGe)2,115.228,46.459,139.0052970326426,68.33973034921034
mp-4302,Nd(NiGe)2,111.919,48.011,128.71300001194265,66.47853545907715
mp-4305,Er(CuSi)2,122.639,76.33,136.34220988999405,87.78037289861095
mp-4316,Sr(NiAs)2,45.823,28.001,99.05392221374498,44.13892222039664
mp-4322,Pr(CoB)2,144.516,89.475,179.83971990507587,105.85930832616924
mp-4323,Nd(SiPd)2,123.29,57.139,143.6565299262087,64.51990836504625
mp-4354,Tl(NiSe)2,38.486,13.208,76.25091824478275,21.631292694497503
mp-4370,Sr(AsPd)2,79.52,32.583,100.92310217989464,37.51735366913213
mp-4395,TbScGe,71.319,45.392,74.41169473716906,46.939874894705326
mp-4410,Yb(Al2Mo)2,121.247,80.572,145.54842487871258,93.52656691363951
mp-4415,Ho(CoGe)2,135.84,69.868,147.42833145392916,87.76419349462851
mp-4433,Ce(SiIr)2,166.749,109.844,202.773576335308,121.87431747949488
mp-4439,Pr(SiNi)2,126.482,67.988,143.59791636234303,78.5785396561032
mp-4441,Ca(CuGe)2,79.246,42.085,89.06254904983871,51.126271018317205
mp-4458,Th(MnSi)2,149.607,76.62,174.69231157723456,97.60033583701993
mp-4466,Tb(SiNi)2,120.154,73.586,155.48044936928795,84.06820793831497
mp-4475,Tl(CoSe)2,32.334,20.186,78.07325326509566,28.846277504839676
mp-4484,Ba(PRu)2,88.019,48.795,135.0114229819996,70.9892362394135
mp-4488,Sr(FeAs)2,84.292,42.202,107.94014421142914,59.40674109692647
mp-4520,Y(CuGe)2,103.38,55.688,113.99378010945244,66.92669316103725
mp-4611,Th(SiPt)2,161.712,55.529,181.3377863341101,44.8613267279624
mp-4633,Yb(SiPd)2,108.371,40.803,159.67231765136944,66.96813026005758
mp-4653,Y(SiIr)2,173.891,104.133,213.0554025830898,124.42877188620535
mp-4656,Y(Al2Fe)4,123.771,84.62,141.44268395341888,94.12324268461812
mp-4668,K(CoSe)2,50.314,24.198,67.29910459419555,29.601428673181104
mp-4692,Dy(SiNi)2,114.571,73.379,156.79658167656973,84.57963039502792
mp-4725,Nd(GePd)2,107.798,38.891,125.61121995564926,51.1239991647124
mp-4738,PrScGe,64.503,39.785,68.13178954096615,37.77611498010389
mp-4744,Ca(NiAs)2,84.598,39.082,112.94282228611,49.13383143052814
mp-4767,Ce(SiOs)2,168.404,82.371,209.2264148540397,110.28953019651168
mp-4768,Eu(SiNi)2,94.667,58.471,127.89805421777646,68.86300241234976
mp-4793,U(SiPd)2,141.952,48.272,161.3230145828596,68.92356424733362
mp-4815,Pr(SiRh)2,137.912,83.789,167.1594338389403,94.67207505078912
mp-4822,Y(SiPd)2,130.582,52.738,149.46104271098605,65.70193539701124
mp-4854,NdScGe,65.782,40.817,69.60730928520765,39.61726265927653
mp-4861,Sr(CuAs)2,56.86,20.546,79.18421589718342,32.61116219168355
mp-4865,Er(NiGe)2,122.05,47.358,140.2189690764493,68.18574191752157
mp-4881,Er(SiNi)2,122.991,71.098,159.2996141454493,84.96583685864027
mp-4883,Ba(FeP)2,83.619,56.871,125.15815303440252,75.77377230323026
mp-4889,Y(GeRh)2,132.96,62.331,160.66411390783054,85.97766756894558
mp-4895,UTeAs,71.159,29.644,85.79762744664056,49.88573219492133
mp-4896,Sm(SiPt)2,140.382,34.47,172.86600718662888,5.783234937540234
mp-4903,Tm(CuSi)2,116.757,75.636,137.40916910248484,87.53900164804446
mp-4904,Pr(SiRu)2,130.298,79.764,172.27017256514625,96.88382128504156
mp-4908,Y(CoGe)2,136.227,70.145,143.94906156412483,87.17905330295693
mp-4920,Nd(GeRh)2,123.385,64.855,152.21756652640735,81.09675433323267
mp-4924,Pr(CuGe)2,95.907,53.319,106.7822254216982,65.80049715181437
mp-4936,Yb(SiPt)2,122.842,30.453,185.3167056323848,-177.81390871301883
mp-4939,Dy(FeSi)2,148.31,82.764,171.1904069288654,99.91487685834376
mp-4954,La(SiPd)2,120.576,54.617,135.218538747641,58.237393547494634
mp-4961,Na2HgO2,42.323,23.423,60.2457710009309,34.346656235618944
mp-4985,Dy(MnSi)2,128.929,75.386,164.98772853924277,101.7103634040974
mp-4999,Nd(CoGe)2,111.275,67.306,134.7128282397288,77.33318040033014
mp-5000,Tl(CuSe)2,29.141,15.456,64.85793889373423,22.5068843823545
mp-5022,Er(SiRu)2,156.818,77.629,187.15959446271305,99.96227350113897
mp-5068,DyZrSb,79.781,39.479,93.2757945698351,48.146786527253326
mp-5072,Rb2HgO2,23.964,11.792,35.28706230954348,19.18361761500436
mp-5109,Y(NiGe)2,102.131,47.692,136.00395541823357,68.97782647102281
mp-5112,Pr(CoSi)2,120.671,82.295,148.40976996081156,90.82024133177944
mp-5127,LiCuO,69.627,32.616,92.7616787602103,48.71293948462031
mp-5129,Y(CoSi)2,133.147,94.082,163.20338710980656,108.4417731875938
mp-5135,Dy(CoB)2,155.789,107.738,205.55938477052393,123.4424645805557
mp-5157,Ca(PRu)2,102.347,78.667,171.9205156566141,104.27979783364415
mp-5165,Th(SiRu)2,168.505,88.638,194.12298077140088,108.82998334134356
mp-5166,Ca(AsPd)2,88.276,26.838,107.7837303711553,34.64401202550245
mp-5167,Sm(NiGe)2,101.792,47.319,132.28092484663364,67.94892874057065
mp-5173,Ce(SiAu)2,112.156,46.687,123.08923400103386,55.20548706652526
mp-5176,Y(SiNi)2,127.098,73.066,153.61986360054237,84.64711699911321
mp-5219,Ho(SiOs)2,173.944,87.971,213.3486946935752,106.90148237133069
mp-5260,Ho(GeRu)2,135.733,57.245,169.47787768095506,86.0200148074816
mp-5268,U2SbN2,99.35,46.99,164.66750226897315,77.96569768765316
mp-5284,U(CrSi)2,149.59,89.167,141.6413711796796,85.42902232475795
mp-5288,Y(FeSi)2,147.103,82.397,168.42361125805786,100.08182123297009
mp-5292,Ca(SiNi)2,115.307,57.367,127.56005299695651,67.163817260182
mp-5326,Yb(CoSi)2,110.853,83.937,174.33406703129793,113.45030640973329
mp-5346,Lu(CuSi)2,121.177,74.808,139.6246637740245,87.72685120009382
mp-5380,Ca4P2O,61.778,43.882,71.81982488122704,51.14314896825272
mp-5386,Er(SiRh)2,157.308,88.318,184.7335960204649,104.10292264456444
mp-5399,Tb(FeSi)2,145.871,83.177,170.1068845250008,100.15360056264808
mp-5400,Th(CrSi)2,134.222,45.909,143.00061999479598,84.4101274607987
mp-5423,Pr(MnSi)2,114.758,71.979,152.0616130113017,91.69817094067928
mp-5429,Tb(SiOs)2,170.188,89.207,212.22523732486135,108.51253865489754
mp-5451,Er(FeGe)2,134.12,48.299,154.56525099497952,86.6399148663289
mp-5452,Ce(CuSi)2,113.036,75.241,121.0136934413772,80.37752071636739
mp-5459,Nd2TeO2,71.289,34.516,105.90743388681037,55.411815548931216
mp-5486,Ca(CuSi)2,97.787,55.112,103.75185935671064,66.27013745313688
mp-5497,Er(CoGe)2,134.9,69.45,148.98587772351226,88.31079473794293
mp-5501,Tl(CoS)2,58.448,23.471,90.9204315685782,31.03209990027306
mp-5505,U2TeN2,85.916,52.251,158.93098148829517,79.37508670628493
mp-5508,Th(SiPd)2,141.173,63.454,160.54116348067942,69.94976474189103
mp-551675,Li3UO4,94.691,64.714,165.7413922709243,89.56208462299003
mp-551873,Ca4Bi2O,44.568,29.289,52.68158287190381,39.039211531661465
mp-552098,Bi2SeO2,77.867,26.569,113.54937292628972,54.11917730126982
mp-552265,Bi2SeO2,88.992,21.489,107.64129008266316,37.801972563471494
mp-5526,La(CoSi)2,117.558,76.385,138.26947033316117,77.06144437149139
mp-5532,Sr2TiO4,127.094,75.758,158.4592261987386,95.80209353116727
mp-554352,Ba2CuF6,57.176,21.226,81.51957933691284,32.443068250117875
mp-5544,U(Al2Cr)4,182.023,39.122,130.93830908030498,87.31328278192817
mp-5556,U(SiRh)2,162.197,84.537,195.07333803234783,100.99578732533196
mp-5564,Pr(AgGe)2,81.263,43.123,89.84289231510968,46.979575157577955
mp-557018,Cs(CoS)2,53.974,34.445,80.47004298296645,38.154224706344934
mp-5577,Ce(GeRh)2,129.851,65.086,152.50303893653114,81.99014067827696
mp-557929,Tl(Cu3S2)2,54.153,13.226,85.46950466578852,25.853139089929645
mp-558518,K(NiS)2,30.804,22.279,70.34737800640085,29.54922164092141
mp-5591,U(NiGe)2,187.564,19.633,145.109575985718,70.54231543842508
mp-559492,Tl(NiS)2,54.929,16.781,80.56389467283223,25.938820222436327
mp-5597,Ca(FeP)2,93.804,79.373,151.11498235144816,106.39725142150604
mp-5605,Ce(SiAg)2,90.121,51.335,102.86158281513934,61.18679214501691
mp-560663,Rb(CoS)2,56.234,32.201,83.39576478682585,37.44558045785521
mp-5622,Nd(CoP)2,122.962,88.035,166.94223025881743,81.31004886938938
mp-5627,Pr(FeSi)2,114.059,77.796,154.82776087928374,92.89346881632986
mp-5671,Sr(CoP)2,88.052,45.893,125.266293052478,54.45170146587069
mp-567203,La(SiOs)2,136.757,80.697,191.57206707823892,101.09672987144874
mp-567240,Ba(MnSb)2,29.349,20.062,77.15538615925973,61.51182329004691
mp-567458,Ho(PRu)2,167.766,99.097,212.46160972250595,123.140722644625
mp-567513,Ho(SiIr)2,178.854,103.451,217.18622316793585,124.90696986029728
mp-567657,K(CuSe)2,29.409,13.033,59.54932703164144,21.47379063013782
mp-567723,Nd(NiAs)2,120.915,51.797,129.54692818686476,55.46310951799148
mp-567749,Y(SiOs)2,169.339,88.942,210.76410695189077,107.70973143642802
mp-567769,Ca(SiPd)2,103.239,40.154,126.09017780105158,52.26346807540371
mp-567807,TmZrSb,79.62,38.108,94.51199508044228,48.31342481719882
mp-567808,Tm(CuGe)2,102.384,55.871,116.52150016420045,65.96939881358068
mp-567818,Sm(NiAs)2,97.913,52.411,131.97605083229115,56.04006713633851
mp-568055,Nd(PRu)2,124.803,85.444,190.70087420580177,106.3499072536194
mp-568095,Yb(PRu)2,123.67,88.753,219.52850807594064,125.148635256224
mp-568113,Ba(AsRh)2,73.313,34.329,114.0442366049774,43.52234475558929
mp-568137,Cs3Mg2Cl7,21.386,10.643,29.390140424412458,16.877341021084646
mp-568280,Ba(NiAs)2,64.021,30.44,85.89597556090908,35.484627189440765
mp-568371,Tm(SiRu)2,158.852,76.801,188.10098326219375,99.60909838554444
mp-568402,Sr(SiPd)2,90.986,44.751,113.2069952183099,47.83305107703702
mp-568509,Er(CoB)2,150.78,113.309,212.12190887295097,127.53195344241034
mp-568673,Y(SiRu)2,153.522,80.006,182.54639823434343,99.7183948361738
mp-568725,Dy(FeB)2,126.743,81.322,179.88746695722514,100.1191402052765
mp-568747,K(NiSe)2,36.261,17.982,61.905653866733374,22.76895225416753
mp-5688,Er(FeSi)2,132.768,79.147,174.96647038093514,101.81312853356846
mp-568940,Y(NiP)2,154.034,82.948,170.70999715758947,84.89792991504515
mp-569089,Dy(PRu)2,164.779,99.379,209.94316018660783,122.17679387776889
mp-569204,Tl(CuTe)2,27.8,11.85,53.33544983431058,19.0082725239669
mp-569247,Zr(FeSi)2,186.785,89.169,210.172067991222,118.48364902539043
mp-569298,Ca(CoAs)2,93.548,47.963,122.13087318177418,55.60811682062764
mp-569310,Sr(POs)2,94.67,47.979,153.87105334514322,73.72520430217033
mp-569344,Zr(CoSi)2,150.78,109.355,205.7961295578473,130.45790210267972
mp-569408,K(CoAs)2,37.779,28.456,92.78279477034184,40.78654735237038
mp-569548,CsAuBr3,9.584,4.436,30.478693484983783,11.448906368737427
mp-569674,La(CoAs)2,106.913,49.656,129.06654247248616,56.47854165090023
mp-569697,Ce(NiP)2,140.681,70.203,161.28528982895696,75.20019704686806
mp-569737,Tb(SiPt)2,145.156,19.552,176.98143992605034,-89.44458186389029
mp-5699,K2CuF4,43.612,18.902,60.097569221678064,25.516286519466767
mp-569931,Pr(NiP)2,168.532,79.991,154.219610075707,75.26828371196007
mp-569974,Nd(NiP)2,153.813,81.693,158.7275783004821,78.28312469479127
mp-570091,Rb(CoSe)2,47.913,24.585,64.89872376763306,29.478023563471705
mp-570198,Ba(ZnAs)2,47.429,24.024,60.50412911841101,27.60554256757168
mp-570452,Y(SiAu)2,114.468,42.308,135.8414841806957,54.98288357155635
mp-570554,Tb(PRu)2,160.356,98.512,208.86973191767115,121.44121226436226
mp-570837,Cs(AsRu)2,43.315,25.056,94.56568657776349,44.15966567389594
mp-570910,Rb2CrCl4,20.171,9.206,29.429634426343707,15.0352268823909
mp-571147,Hf(SiNi)2,187.543,76.808,201.9590075019977,105.31729914906934
mp-571203,Sr(CoAs)2,79.041,33.717,105.54955139578138,40.03487863767441
mp-571339,Ba(CrAs)2,54.127,33.133,64.7103289939854,45.180468796811645
mp-571343,Cs(CoSe)2,49.34,25.52,64.41044119191359,29.90652713550131
mp-571350,Ba(AsPd)2,75.501,31.358,94.38578656207882,40.32745144116591
mp-571367,Hf(CoSi)2,158.095,106.783,214.50732848263425,129.9635857045018
mp-571485,Tm(SiPd)2,135.34,50.944,154.11476266652443,64.45803022189645
mp-571500,Ho(FeB)2,122.263,81.927,182.38974325569257,101.59117838128408
mp-571552,Lu(CoGe)2,133.386,66.56,153.46594740500672,90.17864047431506
mp-571586,Nd(SiOs)2,152.083,88.505,203.57461232735312,106.99420685275535
mp-571665,Ho(SiPt)2,145.703,3.08,179.00446474868622,-300.9781063282593
mp-5720,Ho(SiRu)2,159.103,78.475,185.90904209099284,99.75371562821113
mp-573563,Sm(CoP)2,140.398,96.947,174.40803040016831,89.62675224692796
mp-573995,Ho(CoB)2,156.483,110.53,208.99163731331225,125.46715786492224
mp-574199,Sm(NiP)2,138.122,83.438,164.3771123633633,81.67838545571303
mp-574235,Yb(NiGe)2,85.789,39.352,147.18567843791706,69.5005416300202
mp-5752,Tb(SiIr)2,175.73,105.01,213.90438473107127,124.68266247140656
mp-581754,Eu(PPd)2,109.711,50.704,296.86947079799626,67.07980245980099
mp-5819,Pr(NiGe)2,116.144,45.239,126.69231695986016,65.5585385006827
mp-5820,Ce(CoP)2,140.722,95.364,170.8975014972064,88.02251171672009
mp-5835,Ho(CoSi)2,135.687,94.372,167.7982469122261,109.9279657045407
mp-5848,ErZrSb,80.18,38.697,94.4229841375246,48.7025733022597
mp-5852,Pr(SiOs)2,146.212,87.485,200.9728694602759,106.18490174208172
mp-5916,Yb(SiNi)2,106.765,58.089,166.07300659568713,87.97670250944881
mp-5934,Yb(CuSi)2,98.953,54.255,137.5847826560702,90.10398966020446
mp-5948,Th(CuSi)2,133.026,75.141,138.65978259323884,82.71346706893944
mp-5976,Dy(CoSi)2,120.084,94.317,166.29787319686952,108.81685426080617
mp-5982,La(NiAs)2,113.37,49.769,122.99623006571088,53.11183538796445
mp-5983,Tm(CoGe)2,131.945,68.577,149.74842568073691,88.55802447859882
mp-601285,MnGaNi2,157.893,62.601,341.5216459458482,56.48099141892969
mp-606604,CsLi2F3,43.461,18.167,50.65244334197238,20.082548681203384
mp-643257,K2H4Pd,14.628,8.069,26.839679564523564,16.281015306369458
mp-643260,Na2H4Pd,20.548,11.385,40.102245162982875,23.48237498430945
mp-644389,Li2H2Pd,42.316,29.177,58.88113530786956,35.92684845173749
mp-669918,VSnRh2,187.018,77.938,212.40686583931992,85.13536845502951
mp-672294,Eu(CoSi)2,101.06,77.888,134.7657058943109,83.95773954752126
mp-6926,Ca(PPd)2,110.532,46.871,131.4708847738627,51.98696460863496
mp-6940,U2IrC2,185.335,50.107,214.79253151967677,80.13124279592753
mp-6957,Ce(FeP)2,129.529,90.105,176.21963014539486,111.60674260361203
mp-6961,Sr(SbPd)2,69.54,20.054,85.87148982555487,31.05904138579487
mp-6962,Ba(AsPd)2,63.365,33.454,90.83926995499232,34.08149856546129
mp-6963,Ba(SbPd)2,63.981,26.896,81.4427513105689,33.38855384355391
mp-6969,Sc(CuSi)2,124.705,66.368,139.81968506073008,84.23597851669331
mp-697096,Na2H4Pt,22.706,12.865,46.06372380169554,27.46835780103231
mp-697133,Cs2CaH4,15.217,10.568,19.540929055727418,14.643039398778496
mp-6979,ThGeS,98.687,59.761,111.92934013304784,67.42395966433928
mp-7170,UTeP,69.175,45.435,90.3409873233462,59.14375664593692
mp-7232,Cs2HgO2,20.095,8.569,29.159225155438865,15.4054606525128
mp-7298,Li(CuP)2,92.396,37.221,106.99013629968135,50.03191120424264
mp-7349,Ba(BRh)2,83.444,49.618,136.54943146385787,68.57154077698544
mp-7361,Sr(CoGe)2,71.077,52.128,105.54336797449108,56.740785545776
mp-7363,Sr(ZnGe)2,53.367,46.735,62.82443125444379,31.792417546571315
mp-7364,Ca(SiAu)2,93.089,36.257,108.6163769671037,42.968337640666654
mp-7365,Sr(SiAu)2,86.085,41.023,101.16509082502677,43.88897219056155
mp-7366,Sr(AgSn)2,49.71,163.745,57.46790925855845,24.36154116871517
mp-7422,Ca(CuP)2,90.672,53.158,108.78573697647076,51.56133885833863
mp-7426,Ba(ZnP)2,55.357,28.964,68.54513989142703,34.20053884764183
mp-7469,NaCuO,47.66,22.586,71.35896191491516,33.81336232962923
mp-7470,RbCuO,28.024,12.071,47.6760659073595,19.901494405667183
mp-7523,Th2TeN2,79.455,38.563,125.31011944937912,69.85465655869487
mp-753192,Yb4Sb2O,53.82,36.155,98.1355997412638,42.11571794611028
mp-753371,LiCuS,32.045,8.094,45.22332200359925,19.104934110221468
mp-754128,Ba3Hf2O7,124.136,71.974,156.52985779371545,93.0362099356606
mp-754322,Sr2CuO4,104.977,56.612,133.65450426143315,66.25775318009917
mp-754327,Ho2CuO4,150.981,58.736,182.02104486785177,89.07764235459835
mp-754363,Ba2HfO4,109.181,59.646,141.16410302801216,81.24460826839228
mp-754364,Y2CuO4,144.406,57.572,172.60446932581328,83.19741789968457
mp-754475,Tm2SeO2,89.409,29.031,133.84113888625112,74.1639981370794
mp-754808,La2MgO4,132.923,78.047,157.38642973674143,84.75076450581285
mp-754976,Cs2BeO2,23.555,8.606,36.52555916847933,15.818098659996618
mp-755293,Sr4Sb2O,41.23,27.873,47.82743415719102,34.21334260805748
mp-755609,Y2SeO2,84.366,25.303,123.20821412220278,66.47254659475581
mp-755895,Ba3Zr2O7,119.003,67.526,148.16416167004627,85.32036240478895
mp-755959,NaLiO,38.429,16.356,45.56619592496226,25.56991853589011
mp-756235,Ba3SrI8,19.59,6.651,21.993383843980297,10.253851034314383
mp-758741,Li(FeP)2,126.556,66.399,171.80389667338295,104.68211562485529
mp-7600,Th(FeSi)2,146.711,88.832,176.10093062054068,106.283555674749
mp-760417,Rb4I2O,11.88,5.095,15.23770558083486,8.948306448751536
mp-767525,Li6SbS2,34.924,12.923,36.40332983268664,29.387990170409893
mp-768305,Sr2HfO4,122.77,72.528,153.1130944228241,89.5696787969439
mp-768368,K4I2O,13.588,7.139,17.33233015122159,11.033275885739055
mp-769253,Dy2SeO2,85.195,26.274,127.4264324560517,69.18942621960836
mp-7707,Zr(SiNi)2,179.797,82.806,194.91625408815332,105.20793195235107
mp-7725,Na2UO4,70.652,33.502,124.57020513140536,54.78939688090386
mp-7739,Ba2ZnF6,56.113,23.869,80.83560464300365,33.9881171221002
mp-779517,Sr3Hf2O7,135.285,80.788,167.63207278043072,98.43763195214576
mp-7875,Ba(MgSi)2,49.007,39.07,51.99900623676589,39.0644426587732
mp-7876,Ba(MgGe)2,43.231,32.923,47.13549440013788,32.18871807228922
mp-7877,Sr(CuSi)2,86.566,55.773,95.24510910967942,61.887515855482455
mp-7878,Ca(AgGe)2,64.213,26.011,73.01640283453715,34.76015922629898
mp-7879,Sr(AgGe)2,59.767,31.348,69.48105714011253,35.413518651661796
mp-7880,Sr(SiAg)2,71.734,41.392,81.61871549558754,46.20781309287295
mp-7881,Sr(CdGe)2,46.529,4.623,52.82829365748574,19.0553065684228
mp-7882,Ba(AgSn)2,47.006,4.63,56.22673847510466,26.25088694626307
mp-7911,KCuO,33.195,14.741,52.95618533573249,23.18151947805068
mp-8250,La(NiP)2,124.941,75.844,146.04397434339106,70.29080118240702
mp-8298,Sr4P2O,50.236,33.556,58.7755816518344,39.76489738438833
mp-8299,Sr4As2O,46.741,32.082,54.37419680038996,38.14251366169864
mp-8300,Ba4As2O,38.918,21.736,44.29369926323158,27.17532434381782
mp-8310,Li(NiP)2,111.137,44.076,142.07102931855587,62.53561552810199
mp-8320,SmScSi,69.1,43.35,73.6589556842137,45.53836683670184
mp-8335,Ba2ZrO4,105.829,56.479,133.7451632937081,74.91745131604212
mp-8375,Th(SiTc)2,151.246,38.343,183.12671106308383,70.39171200360101
mp-8528,Tm(SiRh)2,157.698,86.03,186.82678777454728,104.39737589270716
mp-8582,Eu(PRh)2,133.042,72.154,415.17780948888776,82.5548309539372
mp-8583,Ba(PRh)2,81.062,40.46,130.08883384051938,55.165255498663285
mp-8603,RbAgO,24.529,4.133,40.182173871374275,17.03021715208763
mp-862993,ErMgSn,58.946,37.695,63.239055622857855,36.39848725944747
mp-864745,Na3ZrF8,41.055,16.564,84.88753243766153,28.44992795719703
mp-864765,Na3HfF8,43.786,17.57,90.22715888262422,31.407622690679524
mp-8666,CsAgO,21.37,8.448,36.30866563992978,14.691971979221462
mp-8672,La2PdO4,120.843,51.1,154.84384585381997,68.75743184337556
mp-867221,Ce3(TaN3)2,171.176,85.541,211.3968291461215,113.36948912739024
mp-867348,DyMgSn,57.967,37.406,62.20503592560906,36.02346602785184
mp-8676,Tl(CuS)2,28.231,16.05,73.24552595356444,25.664229295917483
mp-8682,Ca2SiO4,152.578,98.816,191.76005295061356,129.7547518643635
mp-8789,Ca4As2O,56.917,40.92,66.00948075893554,48.16147424449728
mp-8818,Ca2ZnN2,81.76,44.53,100.69585733400928,59.36318273565119
mp-8861,Rb2MgF4,39.398,21.019,55.91051512773011,32.30295196100875
mp-8962,Rb2HgF4,32.512,11.131,44.91889531462107,14.223620451177243
mp-8963,Cs2HgF4,28.269,10.514,42.11872079906184,13.837085136589716
mp-9179,Ba3Zr2S7,59.427,30.289,73.15044405461545,39.743861932488066
mp-9247,Ba(CuAs)2,58.575,26.516,72.96251413707131,32.41753360640107
mp-9306,Sr2ZnN2,67.594,35.522,85.02043701365649,47.379535473168666
mp-9307,Ba2ZnN2,53.731,23.848,70.72069788378921,35.23316215202255
mp-9321,Ba2HfS4,56.786,30.354,71.98558369101103,40.22884514750787
mp-9473,Ba(NiP)2,76.493,36.39,102.01693278152156,44.12985696016039
mp-9583,K2ZnF4,45.168,20.696,61.62245985972364,28.57537879297824
mp-9610,Li2CN2,49.164,19.417,85.68062853166498,59.348551868021744
mp-9690,Ca(AlGa)2,58.788,11.435,65.34709338508617,36.35404060546031
mp-972680,Sm(AgGe)2,83.302,41.54,91.6947530538698,46.796536852105014
mp-975359,Rb(FeAs)2,39.583,24.942,82.45796517419383,37.46944862466447
mp-978853,Sr(GeIr)2,90.062,63.466,143.00779922712894,78.3970300411867
mp-978986,Sr(GePd)2,76.495,31.552,99.67430574059348,37.36544744742406
mp-9799,Yb4As2O,62.732,42.842,109.26331533445529,43.66749219743219
mp-980193,Ti2H4Pd,139.691,64.14,169.29611900773722,80.03378541338013
mp-9986,CsAuO,22.044,8.773,42.94948838876907,17.023422111973726
mp-10326,Zn(ReO4)2,26.19,12.192,158.99995026660704,67.97697898706946
mp-555678,Na4Ti5O12,133.543,60.956,182.6815255147719,98.93908966943336
mp-8724,K2TeO3,23.313,14.44,62.91084312349343,33.49616310924118
mp-1103642,Ag(Mo3Se4)2,47.099,12.815,136.8681399233355,66.11623798619922
mp-13545,BaIrF6,26.708,10.041,114.92136484782084,35.11080627123964
mp-13610,ZnPbF6,20.125,16.281,96.94715872364394,36.755181033907135
mp-13641,TiCdO3,148.77,42.573,188.5097747322457,86.16438902833688
mp-1383723,MgBiF6,15.823,16.557,84.2491394807258,39.02865439744332
mp-13903,ZnSnF6,21.356,19.106,111.39593565207514,45.35518028917751
mp-13907,CdSnF6,12.236,11.044,97.16158319307152,38.270793017252586
mp-13983,ZnPdF6,40.303,21.554,119.0710309044868,51.51645389347216
mp-13993,Ti3NiS6,73.57,41.198,120.94715929197118,67.69159663062604
mp-14142,TiZnO3,169.135,45.719,213.34317986141644,101.81998994783451
mp-1445082,CaSbF6,7.511,11.184,73.59446843823638,29.663671649722165
mp-14628,ZnSnO3,143.83,32.654,180.49180288516277,86.7457366979971
mp-15637,ZnRhF6,35.559,19.802,124.11654817768624,45.21389280508416
mp-15639,HgRhF6,24.756,8.073,108.53360120201089,32.84890039831407
mp-19734,MgPbF6,20.958,19.324,92.84694467118824,40.74891255819277
mp-23054,NaBiO3,57.489,23.569,110.74195119809616,63.68924794172481
mp-23546,Na2UI6,3.215,1.937,22.373852199025123,8.94883972166942
mp-27176,NaMnCl3,27.676,9.818,44.23608742957809,16.321048189497564
mp-27421,RbBiF6,13.584,6.409,69.82954771600195,33.0275848623443
mp-2928,FePSe3,17.852,8.942,78.35065099313259,45.56861850311805
mp-3043,Sr(Mo3S4)2,58.991,7.572,150.71994165356045,81.2847088434731
mp-30943,MgPSe3,10.068,6.5120000000000005,53.997258704189456,35.37407244402201
mp-31096,Li3AlH6,36.478,24.109,50.559810037655694,38.706734688473446
mp-36508,SnHgF6,16.357,9.206,94.98561255765487,32.36560936527663
mp-36662,Ho(Mo3S4)2,91.502,45.48,170.63388883787408,98.76261390791656
mp-3759,MgGeO3,167.305,81.692,203.160202527532,125.10345508377
mp-3771,MgTiO3,161.087,74.471,208.21583890411452,118.7882240578208
mp-37784,La(Mo3Se4)2,68.329,34.084,140.1098694861369,78.35554010161702
mp-3779,CrSiTe3,12.075,4.726,55.12529499424345,37.14557654237176
mp-3835,Ba(Mo3S4)2,54.991,14.911,144.54696986855498,77.77070799595707
mp-4608,KPF6,23.365,7.181,99.3638978177943,66.90922376808507
mp-541449,CrGeTe3,12.438,8.261,52.45412473123234,35.315150618428525
mp-545999,AgSbO3,86.643,0.01,144.52725043045754,73.384319963767
mp-5924,MgSiO3,189.894,103.854,237.92756895860444,160.44417872993876
mp-623024,TiCdF6,16.341,14.26,100.87059645937164,42.352080733023655
mp-675104,Na3YCl6,20.048,8.16,32.82398265411705,16.462553273399926
mp-676058,V3NiS6,77.971,102.936,129.16086573314104,77.6327077783156
mp-676512,Na3AlF6,47.494,23.772,81.57291372468612,47.139696489336835
mp-754246,TiSnO3,25.074,17.517,129.6372663119954,67.99853466550151
mp-754701,CaTiO3,135.519,52.0,175.78836247463883,91.2907619526516
mp-755225,Li8ZrO6,93.569,55.213,126.33913556482456,87.86701360809425
mp-776083,HfSnO3,22.014,14.412,122.72396711729212,65.60880039392404
mp-776320,CuAsO3,50.551,6.569,151.88924944153257,99.08804680665108
mp-780260,TiGeO3,27.439,16.375,132.37383811436388,71.1120731760431
mp-7921,MgPdF6,30.483,22.643,115.64302197638494,56.237636976221395
mp-7922,CaPdF6,21.718,12.227,96.18104451041124,43.782624959654186
mp-8096,ZrCuF6,13.999,6.777,104.42766524639116,32.50444586013556
mp-8255,CaPtF6,19.548,11.715,103.63880270534588,42.054929107831775
mp-8256,ZnPtF6,33.853,19.578,130.06303841075194,52.3009667824128
mp-8275,CdGeO3,147.362,45.555,180.50456343235535,91.15351661748316
mp-8285,ZnGeO3,163.128,42.095,206.2486011833923,109.7651989248442
mp-8290,BaSnF6,35.683,19.878,97.4365157084288,43.7040206009506
mp-9056,ZrPdF6,7.646,11.439,103.88373918599709,37.447763969524544
mp-9330,CdPS3,11.099,6.8469999999999995,63.11943956445015,34.183333683185225
mp-9636,CsSbF6,11.184,4.926,77.36730577974632,37.65203965147018
mp-9819,RbAsF6,15.18,6.896,84.95651948314234,49.17415339104079
mp-9927,MgRhF6,22.148,21.445,119.32298453312696,49.26239237299806
mp-1029868,Sr5(SiN3)2,81.348,38.641,111.15765220823872,71.86394448909935
mp-10417,KSbO2,23.533,16.167,75.05174777145818,39.19238326477665
mp-12647,TbNbO4,134.127,53.917,218.39199811179645,103.20930515386864
mp-12862,LuTaO4,161.12,73.874,242.02620711353185,122.62038686805266
mp-15113,Na2Si3O7,101.485,67.825,199.2828956759509,127.36171496560904
mp-15254,Li3AlF6,47.682,29.604,93.95981689548132,55.81469556248376
mp-17518,Sr2TaN3,69.088,38.896,129.54241914869726,70.13893492591203
mp-17701,Sr2NbN3,70.857,38.942,125.10904250827096,66.36655985002812
mp-17702,Yb2SiO5,81.431,30.023,190.8447578980168,109.68041869955807
mp-17892,Ca2VN3,93.415,50.422,147.04030346606615,84.40288488002716
mp-2356866,PdSeO4,23.43,10.796,102.65663609044762,51.8133023604237
mp-2456411,CsCuCl3,7.946,4.371,29.40131668678809,12.429686750793971
mp-2677258,PdSO4,27.378,13.766,128.70856105981994,72.19593505500414
mp-2679737,Tl2CS3,7.347,3.907,32.61791611766789,18.67920239571565
mp-27577,Cd2As3I,36.257,18.64,51.52334744876159,31.06401121492283
mp-28810,Na2CS3,16.312,7.334,42.27985665430462,23.476700664264925
mp-2931,Li2TiO3,110.301,71.679,179.95311575900564,115.07036925379288
mp-2933,Pr2(ReB2)3,212.95,119.223,247.29213827679885,151.75952172438497
mp-29396,Cu2PbO2,49.45,17.547,100.16064550017704,35.44645183729847
mp-30312,Ca2SiIr2,96.593,40.151,115.25870597945249,47.91847803834746
mp-3054,Li2CO3,53.936,28.12,99.09186833623716,65.03023363651752
mp-3144,HoNbO4,141.033,58.084,222.43016899319176,106.05602887355413
mp-3638,Cu2P2O7,80.272,40.718,178.48521409290024,101.75107456301603
mp-36864,Li2TiO3,122.947,87.311,185.40527936832703,122.60928806309389
mp-3707,CaGe2O5,121.058,25.3,176.6078275697655,109.3162093201733
mp-3751,AlTlF4,45.26,23.515,91.13377709522904,47.44486132275552
mp-3827,KFeS2,16.879,9.027,44.40640728221813,26.8209452511914
mp-3901,NdNbO4,106.12,38.657,201.42375107495957,91.4908024565071
mp-4156,Li2ZrO3,100.625,55.316,172.35313286677294,108.1459811705439
mp-4321,MgSiO3,101.455,71.846,198.82173957284903,130.1658219168593
mp-4819,MgGeO3,111.428,65.203,173.19952972810958,106.66530621613911
mp-4867,CaAl4O7,113.819,47.283,162.0728245862121,101.79246420090146
mp-5038,CsGaS2,12.848,6.173,36.482061445491325,18.41010612768759
mp-5370,ErNbO4,142.997,57.979,224.37343244552335,107.42300306408886
mp-5372,RbFeS2,19.246,8.026,41.495519156973,24.332274249012578
mp-5387,YNbO4,133.321,55.399,213.6734492458268,101.50466282878403
mp-5414,NaSbS2,23.333,14.886,53.31275206969179,28.467292954983584
mp-541638,K2(ReS2)3,35.777,19.961,118.56559113023144,77.65971331971733
mp-541895,Na2(ReS2)3,36.443,20.662,130.98790166418144,84.8949696273778
mp-542833,Zn3(BO3)2,90.488,30.787,140.03339414959953,82.39777228229515
mp-5503,ErTaO4,154.87,73.121,234.8725131415977,118.75850563679931
mp-555296,YbTaO4,94.996,40.993,241.0587545834196,122.48227587356672
mp-560119,TbCl2F,60.1,22.259,75.40603753172333,33.816546665978684
mp-573658,Cs3BAs2,12.943,5.717,19.756964025973794,10.637454472918558
mp-603930,MgSiO3,102.987,63.039,190.2158818319463,121.25747212628644
mp-685194,Li4Ti5O12,108.701,60.558,200.32698627839247,118.4229789461994
mp-690733,H2SO4,10.776,6.367,106.45045744182808,70.22754594992522
mp-697331,Mg2NiH4,52.729,36.277,86.76543102855082,61.80265072612059
mp-7086,RbFeSe2,16.048,5.087,24.887437391182047,16.546436158626726
mp-755352,Li2HfO3,106.444,66.947,181.14440745237275,117.32759727354284
mp-768572,YAl3O6,55.637,36.039,159.65657012280693,91.66520873871345
mp-9664,K3BP2,18.515,8.013,27.38100658269122,14.847553915571345
mp-9665,K3BAs2,16.559,7.368,23.84280368132385,13.247122347872567
mp-9718,Rb3BAs2,15.057,6.582,21.63330477853205,12.113778871343849
mp-9843,Sr3(AlP2)2,51.236,29.669,65.82205674779904,43.685706999136016
mp-9884,KFeSe2,19.144,7.483,27.17985901088956,19.100220677982147
mp-990440,Na2ZrO3,80.895,50.952,137.23010488029576,81.80043983071144
mp-996961,LiAuO2,56.84,17.227,109.06648549000418,56.887293304941274
mp-997108,RbAgO2,23.26,10.684,46.196427667924475,27.66993470971462
mp-2717324,CaCO3,75.372,30.213,117.71460747310314,72.61770418569606
mp-4829,Na2ThF6,51.138,26.423,106.78162351388224,44.89394864156546
mp-504908,In2TeO6,141.455,60.251,179.05265816969657,97.27088483819884
mp-753326,LiAg2F6,50.447,17.197,84.95056734784885,25.062603589282947
mp-1024067,Na2ZnS2,30.666,14.149,46.753273020055154,26.482167325987277
mp-1029595,Na3OsN2,41.387,20.467,79.20413663717915,39.37940427435263
mp-1029756,K3BN2,29.455,12.232,47.04542864225314,25.14082076059329
mp-1029776,Li2GeN2,83.069,43.636,135.8119506925015,102.29485454392372
mp-1029779,ZnGeN2,148.878,74.731,176.24271276181972,122.49742150635151
mp-1029838,SrCrN2,92.015,32.947,151.3059397698087,75.75997434760632
mp-1029878,SrMnN2,92.183,30.4,154.72228171873965,74.7599484157658
mp-11790,LaCuSe2,56.604,29.194,76.50955944658502,40.27507481708902
mp-11793,SmCuSe2,62.981,30.835,82.48034793703266,43.218894998865906
mp-1196187,Cu2CO5,61.818,28.883,160.2395487279835,75.20459553678114
mp-14600,CaAl2O4,78.458,44.59,153.27591378116648,96.85310017479142
mp-16913,Ag2SeO3,31.512,8.633,102.01562599496312,39.341824851747816
mp-16993,Er2SiO5,115.912,54.525,197.4677732965583,116.08907289072889
mp-2213127,PH3O4,16.131,8.964,136.01709390859452,90.5115153655444
mp-2379939,Ca2SiO4,87.228,43.197,137.49545663493308,83.92562547246727
mp-27275,Li3BO3,72.847,42.251,112.22372336231273,81.75059371007818
mp-27904,FeSbS,123.849,95.505,143.35924825622888,110.54080377910276
mp-28150,BaNb2O6,90.563,35.739,195.21353461283053,96.90950138406996
mp-28630,Na3BN2,46.765,24.856,70.88026328894544,43.17605007383717
mp-2932,Y2Si4Mo3,156.022,98.283,173.51926698398643,115.85117252815888
mp-29463,LiBeN,92.715,65.035,119.89534599825085,94.9053709175114
mp-29520,LiAuI4,6.138,3.8,27.18341290146153,13.22040460555199
mp-29596,Ca3AlN3,93.704,48.55,114.72207746639418,76.04134418875516
mp-2963,CaAl2O4,81.122,43.029,149.9595054850124,94.73907866703604
mp-30981,Te(HO)6,26.626,18.976,126.71073916837165,93.44007601363268
mp-31038,CuSe2Cl,5.622,5.1370000000000005,42.653373854314175,24.117397006018944
mp-3397,Ba2TiO4,64.743,30.35,107.11226157285024,52.53217972790414
mp-3416,Na3AlF6,50.993,28.155,84.90539586138708,48.738612678177574
mp-3470,MgSiO3,97.725,67.421,195.4389965209371,131.9802613231669
mp-3584,NdPO4,114.656,55.684,196.8559530271065,118.8178467063687
mp-3635,LiBO2,62.738,31.277,107.580242491093,70.54890646515564
mp-3739,NdCuSe2,62.416,30.024,80.21681742846553,41.97684567033926
mp-3768,KN3O4,14.515,6.382,81.62705027575912,58.86071876031958
mp-3962,LaPO4,104.626,48.615,185.32195877467865,109.9623044173984
mp-3963,K2CO3,27.466,12.321,62.65904298606702,41.70693213923907
mp-4138,Rb2CO3,24.861,10.78,54.77793987032937,35.48119936796091
mp-4165,TaNO,267.592,129.73,326.85729728745827,157.77444538219672
mp-4180,Ca2SiO4,96.958,48.988,155.1321428282043,96.43197199230988
mp-4199,Na2S2O3,27.015,13.524,84.95769607010784,56.599471336428905
mp-4249,Hg(CO2)2,44.013,20.522,103.7456542397438,62.7048214522082
mp-4252,SnPS3,16.223,11.956,66.55117592100223,40.78392355080064
mp-4421,LaTaO4,126.822,28.246,212.10714457232336,106.03821584396894
mp-4549,SrSiN2,96.042,34.515,156.5752235638336,105.99542054179814
mp-4556,Li2SO4,45.0,21.273,124.73013944361804,87.17592787521254
mp-4661,ScOF,142.79,62.971,170.56794071090647,81.82035974805355
mp-4662,ScOF,104.243,46.104,151.29131811322145,73.17673600982901
mp-4988,TlAsS2,8.873,5.635,47.15339222005469,21.51538795227542
mp-505368,As2Pb3O8,40.636,21.852,123.19293072980338,61.715278440737784
mp-510535,CsB5O8,27.061,16.982,127.5265555697281,76.2759563377066
mp-5152,La2SiO5,99.469,44.933,161.10798135039587,85.78414142850546
mp-5282,AgCO2,33.367,11.493,44.09831970265131,31.672153731325785
mp-5409,Y4Al2O9,132.792,25.895,162.79011981393143,96.6976613328667
mp-540925,Hg2AsF6,17.53,5.849,74.29755567900325,42.40383778048509
mp-555064,Cd(CO2)2,45.668,22.782,115.88977672329818,62.30409999283063
mp-556548,Bi(BO2)3,87.617,50.69,203.1991929295002,126.74228825049263
mp-559051,BaBiO3,106.167,49.331,122.12546664805676,64.3557427351934
mp-559939,Ba(PO3)2,51.839,24.574,150.10675917393075,97.92993346570314
mp-560927,Y4Al2O9,120.978,26.941,163.9959800033786,97.3820512928889
mp-561511,FeAsS,139.131,117.383,171.8931010134512,137.90676513822874
mp-5706,SnPSe3,17.329,11.328,57.38743985375462,33.87421189693803
mp-5733,CaSiO3,92.34,47.273,156.53501312245675,98.58730897155944
mp-5766,CeCuS2,51.385,11.751,84.51219422149356,46.89996748227943
mp-5929,Na5SiP3,30.046,16.822,46.35314257627409,29.694450109731765
mp-616458,Cs2CO3,22.432,8.493,47.620898219270494,29.246752004155724
mp-752496,TiOF,154.987,66.392,195.202371388455,84.37836201721576
mp-752730,Ba2GeO4,64.347,31.103,106.7403191884757,59.065386679437246
mp-753257,LiCuF4,27.725,19.272,85.05727438251257,39.63965436022621
mp-753708,TiOF,135.307,57.512,179.76389435683015,87.00766990099366
mp-754134,HfZrO4,203.819,98.598,225.3866112196824,112.45592209648731
mp-7596,NbNO,236.601,110.04,308.32633601065345,131.2584459302537
mp-766217,Sr4Cu2O7,94.546,53.21,122.267704394225,67.05685653800745
mp-768870,Ca(ClO3)2,22.378,13.661,97.60014545281156,63.32056632990206
mp-8842,CaSiPd,65.66,32.776,93.47602636462096,46.79124756322771
mp-8982,CaSiPt,61.333,33.737,108.10050309333444,50.35547739628436
mp-9635,Ag2HgS2,52.636,12.745,67.28007567443477,22.08918989962217
mp-978278,Na(BH)6,11.036,6.038,93.02797319945458,91.16317137420036
mp-996983,AgAuO2,63.604,17.878,109.71858215707417,39.13284298689233
mp-12403,LiBF4,14.836,7.539,84.5228804209756,51.420848870781114
mp-4236,BaZnO2,82.555,33.339,94.73191593049144,48.49874316652001
mp-756018,BaMgO2,79.228,40.188,90.0917685860954,53.882005303243815
mp-2455462,B2(CN2)3,5.5120000000000005,0.512,58.13948888387948,32.84703182302727
mp-3955,AlPO4,30.491,36.63,175.02384552431832,111.2260938853988
mp-1008526,B2CN,322.966,226.252,354.02445901200986,291.41514299262695
mp-1014244,ZrZnN2,177.173,80.045,218.97730985750843,138.23012565111495
mp-1014251,HfZnN2,188.438,85.889,226.7632566031475,151.31630143771173
mp-1027890,Mo2SeS3,18.749,8.256,97.9430268281182,65.3066666381386
mp-22253,Zn(InS2)2,32.235,16.944,67.82285212028894,34.13192449074548
mp-22965,BiTeI,5.729,4.804,35.446134736101975,18.578369556864864
mp-29057,Nb3SBr7,12.982,7.903,68.9239538464223,39.514359082103816
mp-33723,BiTeBr,6.627,4.678,39.13104263638391,19.962791259409453
mp-36209,TmCuSe2,65.942,29.485,80.02944281370337,47.430660470013144
mp-567713,Nb3TeI7,11.976,8.516,55.23314886050612,32.79840183736019
mp-637614,Zn3(InS3)2,53.459,22.686,72.4644312412198,40.07720829163527
mp-675180,ErCuSe2,65.035,28.853,79.4587291053483,46.99970888145554
mp-675349,DyCuSe2,64.673,28.215,77.68371034091226,45.66131973827804
mp-675902,YCuSe2,61.605,27.881,76.17202754744903,44.97540714693788
mp-6980,ScCuS2,79.868,37.063,100.85134241234702,60.77592854427251
mp-754912,LiCuO2,109.67,25.035,158.10486608241635,74.39360259055123
mp-7885,AlAgS2,75.663,35.872,89.1421342851241,50.1909929979721
mp-27462,AlPS4,6.855,4.068,49.33061883588353,28.52591293863449
mp-13334,ZnSnO3,164.367,62.67,186.57732220374683,94.19851343745842
mp-23736,LiMgH3,40.623,28.674,47.68392240235548,39.1549641781079
mp-3666,LiTaO3,121.383,72.113,233.07757513569277,131.59089419312377
mp-3731,LiNbO3,103.121,49.129,211.5588290583332,113.64903468654848
mp-4431,Ag3AsS3,22.91,6.11,63.380417666439214,23.42866076636968
mp-4514,NaNbO3,100.75,37.235,191.22053026764968,102.29196570492344
mp-551918,AlBiO3,126.197,63.244,203.46374511349137,109.3459250327654
mp-552185,AgNO3,32.285,7.759,76.68136184907395,39.07678495770754
mp-5730,Ba(BO2)2,47.902,18.109,92.4514305340552,52.48538998875575
mp-754009,ScBiO3,96.558,39.586,163.9580823464309,78.00301930025988
mp-755568,GaBiO3,103.348,36.043,179.42249055299754,80.89283731934013
mp-758052,LiCuF3,72.986,4.969,101.23600586983667,28.760139444254815
mp-768310,LaBiO3,57.541,15.033,129.23257806727142,52.81913415866593
mp-989524,LaWN3,167.515,55.095,244.7143769979343,138.8580019411259
mp-989576,YWN3,163.844,35.462,251.1714086762896,143.03660592948023
mp-996940,TiReN3,269.191,103.364,329.13885946244903,170.1615518846991
mp-22286,Ag5(PbO3)2,89.855,19.145,104.06508615633716,41.44202578643745
mp-28357,NbHg3F6,23.318,2.2,86.931419183651,32.9340627066242
mp-31220,AlSiTe3,14.548,8.574,50.64470990557916,32.382534201393355
mp-4002,Li2ZrF6,58.042,35.314,114.56972933219105,52.19576306110757
mp-6915,As2PdO6,140.541,74.07,201.7699152387661,118.21966860749738
mp-754065,Hg(SbO3)2,101.62,30.952,164.07139455079644,80.51815048726175
mp-8922,Cd(SbO3)2,107.992,47.314,170.39128885004092,92.85748719496203
mp-9125,Ca(SbO3)2,98.203,50.345,161.5129541730572,96.57527360051192
mp-9127,Ba(SbO3)2,87.909,41.371,137.93491059214583,81.88064894816966
mp-29417,Na3ScBr6,14.933,6.566,27.878232215039123,13.698973067480733
mp-17481,Mg4Ta2O9,148.83,76.439,212.35879004438516,121.57188742555832
mp-1008525,B2CN,321.128,208.41,344.6850005275448,261.2689221233074
mp-1018020,NiAgSe2,77.26,19.075,82.83604212065664,27.163290821856886
mp-1018072,KTiS2,51.499,33.145,68.85237863862437,43.007550183576434
mp-10225,NaVS2,57.655,19.874,73.86889215623883,33.869539096578976
mp-15226,CrWN2,295.098,142.003,304.7926705558944,170.8857541913057
mp-16318,RbTiS2,51.784,31.835,65.22056461174783,40.295400359220935
mp-22958,KBrO3,19.057,10.994,62.897139156750576,37.751658436834745
mp-2420227,V4GeSe8,47.823,44.806,86.78325132019911,55.40041770264189
mp-2802611,H3ClO,8.222,4.34,29.986370539038703,20.351421453863257
mp-28240,CSO,2.012,1.038,28.808509565045178,16.272860092464427
mp-28872,RbBrO3,16.727,9.591,58.701562686425774,35.27132324825388
mp-29643,CuAsSe2,42.788,9.879,61.61194143502349,17.643944895250122
mp-30068,CIN,5.029,3.178,24.497814459816443,13.56305663879856
mp-3107,Ga3PO7,149.786,60.464,200.66204440355423,115.3055402551942
mp-35308,CuCN,9.228,14.778,42.56159160482921,22.752705799064486
mp-3532,CrAgSe2,62.714,22.96,80.50752197494931,43.242187116196106
mp-4182,CrAgS2,77.616,26.272,92.13070475342955,49.24700569761296
mp-4559,BaCO3,46.663,21.432,86.29395632464052,53.3718246759872
mp-5020,BaTiO3,94.151,40.831,176.8500790814468,105.40373447318198
mp-541937,Zn(InS2)2,32.329,17.426,67.43342255672052,36.14600719480597
mp-560676,CrAgS2,26.548,16.293,110.13015578900392,71.33087642486379
mp-568587,CrCuSe2,79.768,30.456,90.60003737779536,55.51199861820552
mp-5862,CrCuS2,92.238,39.336,109.04315508362812,69.24125262798847
mp-7375,KNbO3,103.322,30.726,194.70947576164613,108.96798399461564
mp-754850,NaTiS2,52.215,30.741,82.09770727143916,50.64469465559015
mp-755018,RbTaO3,104.305,20.922,205.9469448408842,129.82036238308842
mp-757100,LiCoS2,69.93,19.302,99.6356056616344,63.71726878585122
mp-7861,CrCuSe2,68.209,21.226,71.94561187315334,40.23851200279661
mp-1001783,LiSnS2,47.326,26.474,63.41899715118392,41.5317885680669
mp-1001784,LiTiS2,60.842,39.777,92.84700039517308,60.80604525269589
mp-1001786,LiScS2,55.65,32.783,84.9020582195718,57.95441723411128
mp-1007663,HoTlTe2,29.727,17.83,42.16272189564905,22.784879380106737
mp-1007907,ErTlTe2,29.857,17.841,42.546744030003154,23.047825108382472
mp-1007908,DyTlTe2,29.759,17.633,41.88239826888024,22.51626894423885
mp-1008561,TmTlTe2,30.528,18.038,43.09172984537799,23.2940651389238
mp-1017508,LuTlTe2,30.603,18.299,43.82820157618647,23.30050395188163
mp-1017514,MgSiN2,222.992,171.341,267.1369762521078,214.93302139656495
mp-1018025,LuAgO2,115.236,32.479,139.14752597085865,74.23967507007966
mp-1018031,KInO2,86.691,43.643,113.86362745482036,57.79962130516122
mp-1018033,AgRhO2,141.419,37.018,186.59781307936467,81.97500186144275
mp-1018051,KTiS2,51.441,33.931,68.84700261170165,41.0360306418083
mp-1018096,Ba2NF,45.001,21.239,58.300155975665255,33.05123585619121
mp-1018098,Ba2BrN,37.437,16.787,44.19708105661056,23.479034368014396
mp-10214,Y2GeRh3,136.722,50.308,155.19125535016488,58.46999130517914
mp-10224,NaVS2,59.208,33.967,77.75955712576955,36.70886282082809
mp-1029267,CaZrN2,159.589,113.863,207.44355831616969,147.24375730517716
mp-1029359,CaHfN2,167.939,121.918,215.19356992529995,158.99287127762074
mp-1029375,BaCN2,46.455,4.322,73.5671040271332,39.83110274764842
mp-1029479,Ca(InN)2,91.659,37.724,116.58837317521127,71.41102812783501
mp-10777,RbCeSe2,27.312,16.898,41.30905403046634,23.287357474993613
mp-10778,RbPrSe2,31.371,18.356,44.21669865442129,24.61547630293263
mp-10782,RbTbSe2,34.15,20.777,47.89636890404728,27.531558048782415
mp-10784,RbErSe2,37.031,21.547,48.91299088854858,28.633437612497247
mp-10785,RbLuSe2,36.241,22.803,50.24118467788922,29.455739730940337
mp-10876,Ca3Al7Cu2,70.706,42.193,73.02016581471251,48.596676849881376
mp-10969,CdCN2,83.537,26.788,121.34959602640852,56.98465776650913
mp-11178,SrCeN2,114.646,56.597,140.09850375438953,65.91578872016879
mp-11430,Ca3Al7Ag2,62.159,35.969,70.03031298303904,43.23290041876109
mp-11719,K4ZnP2,17.068,8.485,21.64729364536075,12.086558474832737
mp-1190963,Pr2Fe17N3,155.341,79.573,280.75841018005485,78.08343377318648
mp-1215198,ZrUB24,232.951,193.022,269.0357033527801,254.45575351513872
mp-1217924,TaNbC2,308.794,198.354,345.396565567093,217.8744476420567
mp-1226352,Cr2Ir2C,307.831,187.727,359.06234788958596,204.8168065804166
mp-12317,SrCN2,56.929,13.863,89.18311052773772,50.54364058878234
mp-12335,MnCN2,95.244,33.227,128.23718758655522,69.74016579324949
mp-12360,AgSbTe2,48.782,16.926,57.603458328528745,25.683298098613857
mp-12527,Ti2Te2P,21.093,14.556,88.72805510302835,46.66706345920811
mp-13313,ScTlSe2,41.765,24.788,57.77909472073022,30.991365694615872
mp-13314,ScTlTe2,32.504,18.692,44.69030570812093,23.518231496790065
mp-14006,BaGeF6,49.629,21.423,102.98579594521466,53.20708387947627
mp-14115,LiRhO2,114.358,43.813,207.7840037002509,106.01590112665484
mp-14116,CuRhO2,163.487,42.539,201.1955128948948,90.16637700728866
mp-14205,K3Cu3As2,23.904,10.21,40.25200255386257,16.66250598968035
mp-1444267,Al(SnO2)2,127.838,41.61,141.1274952746515,65.18785627367392
mp-14790,Ge(Te2As)2,20.643,15.343,57.258690084400754,31.547482438724423
mp-14796,KPt2Se3,24.605,11.179,70.84273766501377,30.437076427421868
mp-14797,RbPt2Se3,23.717,11.021,67.66447296214004,29.167596202507436
mp-15779,Mg2SiNi3,124.71,74.315,143.71594937473336,80.75334667587296
mp-15781,KLaS2,37.153,20.828,51.80076398472378,28.255351432330084
mp-15783,KSmS2,40.489,25.094,56.84119061499269,33.68943493245959
mp-15788,LiYS2,48.397,27.464,74.16256493173425,49.08504521723433
mp-15789,LiDyS2,49.046,27.451,76.6250382124583,50.06424220464845
mp-15791,LiErS2,50.021,28.514,79.51586223238934,52.646410339103205
mp-15793,LiTbSe2,40.551,23.333,66.4585771226721,41.21373385154822
mp-15795,LiDySe2,41.119,24.176,66.34112526578062,41.797786675337605
mp-15796,LiHoSe2,40.461,24.071,67.80932717885158,42.84150994472147
mp-16052,Ba(Cu2As)2,76.143,13.558,92.81330882312268,34.763935602898464
mp-16755,Mg(AlS2)2,21.873,14.885,72.86379567337097,46.41136091837969
mp-16765,Zr2Te2P,21.346,17.264,89.18458394506023,46.28595425197624
mp-19747,Ni3(PbSe)2,57.203,17.818,91.19918036970265,33.24194418084719
mp-19799,BaPbF6,45.434,17.411,82.70265606038295,33.194139215493486
mp-19807,Co3(SnS)2,101.711,54.94,133.2517100461551,71.736966372591
mp-20458,PtPbF6,53.788,9.287,116.05793039355282,49.610581427625704
mp-20708,In2Ni3S2,60.931,27.627,114.264769868043,50.76315223529809
mp-20930,InCuO2,121.57,33.594,140.21015050454602,65.0845725254897
mp-21863,Pd3(PbS)2,58.5,17.584,92.68248864772328,30.74583876011503
mp-22566,TlInS2,45.413,22.184,59.42338028532745,25.916585697251737
mp-22660,InAgO2,107.674,28.665,127.72471979372854,58.80648389360559
mp-22936,Ca2NCl,57.888,35.853,73.7392413882324,49.23492296662252
mp-23033,Sr2NCl,47.295,27.118,58.607772566427656,37.09517624656819
mp-23056,Sr2BrN,44.628,25.243,54.28618207239223,34.31584163233128
mp-24081,ScHCl,16.745,9.791,73.43011852459612,47.73586706990892
mp-25372,LiCuO2,118.564,59.679,172.88036288731809,86.36025104890953
mp-25417,LiTiO2,132.322,77.858,207.53287242362657,119.65810453770864
mp-2695851,CdHgO2,77.064,16.08,96.18664184009134,37.13064322185251
mp-27438,TlBiTe2,27.664,15.95,40.11267749369282,19.754304967076298
mp-27682,NaSnS2,39.706,20.865,55.70785675620516,32.03982093633767
mp-27837,NaHF2,32.742,10.903,44.65402861644069,23.71082371797921
mp-27916,AgBiSe2,55.442,16.44,69.47782315040479,28.320953474350446
mp-28006,Ca(Cu2As)2,78.254,15.31,102.39933728765948,34.322737914571675
mp-28302,K4CdP2,16.356,7.963,20.17140743444689,11.28387690860601
mp-28591,Na4HgP2,23.476,12.461,30.422527578596636,17.612558298819675
mp-29149,Li4NCl,40.286,28.342,50.6617957494148,39.74046013512181
mp-29151,Li5NCl2,38.043,26.953,43.81471561145234,33.987362859027016
mp-2931468,ZrScB24,225.71,198.203,260.9508719134601,235.68006342293123
mp-29484,K4HgAs2,14.347,7.232,18.93963683750826,10.694623432219306
mp-29584,K4BeAs2,16.006,8.037,20.34122169759845,11.53115796859874
mp-29585,K4CdAs2,14.836,7.057,18.11972787021138,10.343116104885564
mp-29656,AgBiTe2,47.47,15.999,57.2336454488183,25.26680044814195
mp-29666,Bi2Te2Se,12.946,9.841,51.3854229595152,26.17886085355846
mp-29678,AgBiS2,61.742,14.291,77.6730777907064,31.313651742157365
mp-2997,ThB2C,181.305,124.008,205.2537278644811,146.594781458326
mp-30091,MgB9N,208.317,152.913,237.7865161327279,227.70662519477244
mp-30533,KPt2S3,31.59,13.097,82.71881603476818,36.63750405753259
mp-30580,SrGaCu2,52.608,26.153,68.43575193922307,29.27500826588156
mp-31402,Sm2GeRh3,131.74,45.013,148.6594180882922,48.93994810248965
mp-34460,Ag3AuS2,42.873,1.937,51.314143998307614,9.822878392480767
mp-3613,NaErS2,46.984,28.121,69.78666594824466,43.91365452373003
mp-36329,SrUO4,132.524,45.623,190.7027239727468,81.65033643126962
mp-3637,YOF,131.718,56.884,165.0225415721004,85.71217379285729
mp-3748,AlCuO2,156.0,81.731,200.45793162095657,124.15760812473548
mp-3857,Ba3(PO4)2,66.543,29.566,137.10071185472933,85.51868068178693
mp-38605,Sn(BiTe2)2,16.764,13.418,48.55427686530681,24.75214816256813
mp-3960,CaUO4,137.995,54.77,205.70710488555264,84.834013923897
mp-4026,KCrS2,55.286,34.149,76.67532862596842,45.26423916426766
mp-4124,CaCN2,69.862,20.23,104.43201681780154,61.74265684378389
mp-4280,GaCuO2,148.134,55.03,177.7900957540912,89.46280380409924
mp-4383,Nd2Fe17N3,156.971,80.253,280.3235721607501,78.78874398120958
mp-4483,AgAsSe2,61.135,22.406,80.34635210986761,33.812224786273134
mp-4494,NaYbS2,36.215,11.768,73.60785688120583,46.1287864070773
mp-4519,KPrO2,67.63,36.621,97.75028470944036,57.677777848767015
mp-4573,TlSbTe2,28.606,16.998,40.33592587448503,20.955038290805792
mp-4636,ScCuO2,135.234,44.365,165.51164840077786,87.31848957093108
mp-5175,NaInO2,90.689,50.611,131.0490230546363,71.71855574954681
mp-541911,HfNCl,30.612,11.245,139.0970039876589,73.86383093868018
mp-542791,ZrNCl,25.629,14.551,132.9313356086609,67.85572826071261
mp-5475,NaTaN2,136.044,88.887,216.98791255369213,152.35381861452336
mp-5528,Ni3(SnS)2,60.846,26.959,112.9352986801755,46.693482718305695
mp-554212,Tl2Ni3S2,46.555,17.662,97.54970474863067,37.14776544673728
mp-561751,CsErS2,41.486,26.154,55.68983714734212,32.927168702263984
mp-5634,NdOF,125.408,12.254,153.69928519638026,77.05018963531423
mp-5662,Ce2Fe17N3,151.877,78.895,249.38822104661355,74.64013485084965
mp-567441,HfIN,20.721,11.256,114.23862202167008,62.95553271773691
mp-568592,ZrNCl,24.623,12.548,132.3581929694865,67.04234851091725
mp-568991,Hf2Al4C5,190.181,129.36,211.7111291193566,169.77284190799585
mp-5693,NaCrS2,60.393,34.579,86.24169858368128,54.007030571085096
mp-570097,Sr(Li2P)2,42.562,33.657,46.71832654244819,40.19103402670728
mp-571419,Zr2Al4C5,184.048,124.562,202.8482257854983,161.19356074384
mp-571461,K4ZnAs2,14.495,7.556,19.22472532194128,10.990634746603314
mp-573316,CsPt2Se3,22.171,10.872,64.15611732569185,27.64085576455367
mp-5773,BaRuO3,115.604,37.097,170.15730689391756,73.86453540164403
mp-578601,NaNbO2,133.066,63.662,198.28373822792307,87.72707047526919
mp-578606,NaCuO2,111.932,57.044,142.8722463292598,73.51880714813366
mp-5798,Al6C3N2,158.937,104.243,186.95665423709823,149.13967291330292
mp-580886,ZrIN,22.311,12.264,109.82149708140808,58.908421209929905
mp-624492,Li(Fe3Ge2)2,127.273,59.397,199.77567953113376,79.1477372283765
mp-654812,CdCO3,98.773,69.661,144.7763989531434,64.01355126068064
mp-675283,TlPF6,13.435,2.746,85.78481178051244,54.65428397348054
mp-690794,Sr2HN,39.431,27.03,59.14210768836488,38.87137503463535
mp-6972,YCuO2,115.991,32.461,138.09013900532884,70.93107858033284
mp-7002,NaTiO2,104.141,63.701,177.2570034516408,95.62517436928168
mp-7017,NaNbN2,129.459,85.619,205.19824502532524,139.73262795595355
mp-7041,CaHgO2,66.621,18.564,82.66183082560589,42.80953882645017
mp-7240,NaRuO2,94.522,16.158,238.52503859705664,31.121321190390617
mp-7439,K3Cu3P2,25.523,10.614,44.99796474366488,17.968631453342784
mp-7476,RbDyO2,78.05,44.923,111.25714931961812,67.74323892426527
mp-7477,RbErO2,81.747,46.64,115.54671021792215,71.06163726986657
mp-7478,RbTmO2,82.532,47.336,118.21435725186971,73.11652124318215
mp-7480,RbLuO2,84.479,49.502,121.70655981971576,75.42996714862893
mp-7502,K2Sn2O3,23.584,16.772,58.87058521765581,34.97978387115523
mp-753098,LiCuF2,57.622,24.837,80.12581346292083,39.170106501054455
mp-753226,SmAgO2,100.303,24.628,120.05282795962418,58.89757983002214
mp-753260,LaAgO2,90.615,23.117,105.87373471905596,44.43680248847003
mp-753298,PrYO2,115.762,77.53,148.26202787366046,111.98911809409624
mp-753380,La(BiO2)2,68.884,21.538,121.74617005158832,45.42104140706878
mp-753721,GdOF,126.672,53.616,153.4424765129701,78.30153092111514
mp-753774,KTmO2,85.994,50.551,120.3082479649932,77.09082965757858
mp-753898,LaTmO2,119.536,83.776,151.92433491968313,114.31692313585457
mp-754040,CeSmO2,141.282,73.418,162.78966960489214,97.4728400927506
mp-754126,CuAuO2,147.559,31.825,171.79765699122353,50.22882935567543
mp-754158,KNdO2,69.683,38.368,100.30259386102937,59.83445791759369
mp-754344,LiZnO2,101.841,45.232,143.61319544262935,47.71524209337647
mp-754502,SmYO2,104.052,43.61,119.97620686300854,68.6574750675845
mp-754537,LiLuO2,96.985,46.12,156.1557110151945,111.29889014021228
mp-754538,HgPtO2,39.043,14.826,98.91221417748692,42.26884547716848
mp-754542,LiVS2,61.175,32.603,79.42148414351385,44.39549938655799
mp-754567,NaCdO2,69.553,28.076,98.9572541406602,37.33054859385647
mp-754777,NaLaO2,63.943,32.067,102.67375577549534,52.80455303351071
mp-754823,ErTlO2,87.263,36.283,131.15234271927923,65.4520358658358
mp-754825,NaTmO2,89.39,53.39,135.42004588350696,92.2379336637918
mp-754883,KHoO2,82.791,47.939,115.1607654669947,73.25133145182551
mp-754933,SmTlO2,79.013,31.987,123.63109081850938,57.32241060597915
mp-754960,SmIO,15.981,9.76,75.08008589684465,40.56885667671452
mp-755010,KYbO2,61.719,18.755,119.2554627974566,76.43054296231975
mp-755219,ScTlO2,99.101,42.556,136.68947913109332,71.0971733154326
mp-755544,YTlO2,83.732,34.596,125.59069684056738,60.30772106106954
mp-755581,NaCeO2,64.896,36.388,105.34333328111046,54.51658761952572
mp-755714,SrEuO2,80.014,54.35,242.37653128874413,80.87138233356094
mp-756034,NaSmO2,74.437,40.862,117.23536186510752,74.83380043675047
mp-7569,KAsF6,16.776,6.563,91.16005944504764,52.91691385097581
mp-7748,NaAlO2,133.356,87.199,182.2992427946793,127.78005833712751
mp-777047,LiTmO2,93.296,40.168,151.62287098163404,106.66571513416729
mp-7814,Ta2CS2,37.686,23.281,182.77281247408752,106.66024234394526
mp-7914,NaScO2,100.745,66.176,150.4138827150298,101.18647417255076
mp-7942,NaTiS2,50.05,34.134,80.32701272322853,48.342602223817984
mp-7959,KErO2,83.58,49.484,116.62130359771166,74.70715988366472
mp-7973,RbNdO2,68.969,36.925,98.90351897620684,56.46206039408438
mp-7974,RbSmO2,72.801,39.626,103.71185069428849,60.58495143752475
mp-7976,RbGdO2,76.184,39.962,105.12777763207644,58.56436226093549
mp-8001,LiAlO2,142.701,96.813,225.6524699026681,164.3881150584099
mp-8002,LiGaO2,118.336,71.709,184.914203127106,113.11637576100463
mp-8013,KRuF6,11.553,4.906,95.97258064785991,42.439041344003584
mp-8014,RbRuF6,10.98,6.112,89.01276660266534,39.114785252244126
mp-8175,KTlO2,71.739,27.414,94.52135486045869,35.604065311003474
mp-8176,RbTlO2,69.312,23.024,87.96520910217909,32.408106818134996
mp-8188,KScO2,95.827,57.465,131.09840784796097,82.54753390148139
mp-8211,GaGeTe,15.227,10.596,47.789585813589376,35.839870378044594
mp-8291,BaTiF6,49.076,22.261,106.6891823403668,49.23778608678309
mp-8308,Ca3Ni7B2,102.596,50.245,133.87664209814906,67.33579768607103
mp-8348,TlSbF6,15.209,5.277,84.32214341507928,39.749753314836504
mp-8409,KYO2,78.584,46.437,109.36080142862994,69.39897938316498
mp-8608,K(Cu2As)2,51.763,20.635,81.3118990316921,29.54760001620827
mp-865990,Y3Al7Cu2,86.943,58.97,96.25878307346144,67.9774252174518
mp-867735,PrSmO2,113.333,64.272,145.39019364757925,101.07468302898596
mp-8752,Na4CdP2,23.586,12.6,29.453162392827924,17.08985733904754
mp-8753,K4HgP2,16.008,8.277,21.225183498482668,11.75644393140315
mp-8830,NaRhO2,109.969,59.556,183.84898720162883,95.24301825417923
mp-8927,TaCuN2,215.162,58.845,240.69343118196244,133.87587904473486
mp-8969,Mg2Ni3P,125.782,69.791,147.97813136473874,81.42437893255686
mp-9035,NaLuS2,48.095,30.181,72.58947981771543,45.93929555700196
mp-9076,NaTmS2,47.536,28.714,70.8522368932915,44.7401617728765
mp-9085,CsTbS2,41.027,25.399,54.232402077486356,31.40456205944344
mp-9166,MgCN2,96.751,31.757,140.29973251180596,89.08730560786564
mp-9274,Rb3Sb2Au3,15.491,5.4879999999999995,33.69606663853787,11.403040359267182
mp-9379,Sr(SnAs)2,40.513,28.465,50.769700829627325,29.62091335843802
mp-9382,SrZrN2,148.786,101.048,194.3091821895,126.90341208272494
mp-9383,SrHfN2,156.263,107.326,201.60748205161292,136.23761794455143
mp-9479,Mg(AlSe2)2,18.423,10.156,58.281312850454746,37.78761378105299
mp-973185,ScAgO2,122.232,37.565,150.33496803992293,77.49742658540485
mp-977428,YbAl2Cu,68.224,42.706,101.8535859472733,66.69939248459
mp-9872,K4BeP2,18.358,8.524000000000001,22.851374363665037,12.958068412584636
mp-9926,SrRhF6,56.453,15.766,116.30456782473776,38.23957422894378
mp-996981,TlAuO2,88.891,18.483,104.07429611003876,36.57032180024888
mp-997025,PbAuO2,68.491,17.253,83.94254147192572,33.27460029950778
mp-999121,TbTlTe2,29.494,17.502,41.82924884639873,22.44268045351105
mp-999126,NaTbS2,44.885,27.446,67.67736360773397,41.61774689234245
mp-999127,NaTbSe2,37.348,23.515,56.83649044409845,34.12594774861826
mp-999132,SmTlTe2,28.406,16.803,40.73616231373641,21.4816591552943
mp-999139,TaHgS2,18.901,12.666,86.88608719383201,44.41212536278276
mp-999269,RbSmTe2,24.988,14.469,36.084249158692174,19.544622722194624
mp-999450,NaSmSe2,35.686,21.517,54.47486128588367,32.17188970289355
mp-999455,NaSmS2,43.099,25.836,64.23526098331342,38.95507439310936
mp-999460,NaScS2,51.116,31.329,74.91105143584646,46.51056201709027
mp-999470,NaNdS2,41.505,24.811,62.30207554031381,37.03156179991587
mp-999474,NaHoSe2,37.932,24.123,57.77481543102136,35.25547297866432
mp-999490,NaDyS2,45.768,27.774,68.01360792566429,42.33674407562667
mp-10010,Al(CoSi)2,187.321,97.117,197.61876962499144,121.3732530137451
mp-1006146,Eu(MgBi)2,32.63,22.291,39.09167952330204,25.70536076636524
mp-1017549,Ca(BH)2,106.786,86.769,131.5184011952008,123.48717746346718
mp-1018656,Ca2H3Br,41.258,25.652,45.87045130158548,31.775828096077888
mp-1018764,Li3HoSb2,44.465,33.579,51.24842535790283,36.65703754440215
mp-1018770,Li3PrBi2,37.325,27.09,45.94886240022552,29.896277506070252
mp-1018780,Li3SmBi2,38.262,28.031,45.87270394055254,30.632230517153634
mp-10189,LiTiTe2,35.309,27.015,54.663883736426975,34.84593420475678
mp-1025099,TbGaI,11.861,9.65,51.08676840436896,33.54252918657431
mp-1025312,Mn(NbS2)2,21.11,9.018,104.5455517768909,39.85594944178296
mp-1025350,Nb2CoS4,22.211,63.614,124.152031578938,40.65426352973631
mp-1029258,Ca(ZnN)2,122.599,79.606,145.65329730641335,94.01647150164136
mp-1029309,Na2HfN2,33.135,21.646,105.03331807992365,66.3889712703851
mp-1029316,Na2ZrN2,39.38,24.691,100.08837196126284,61.51736404541641
mp-1029330,Hf2SeN2,159.176,81.861,196.85728838464595,113.50791411814248
mp-1029337,Zr2SeN2,148.143,74.511,187.6282949194678,102.56536401996247
mp-1029385,Li2SnN2,112.952,85.985,152.88832611292483,103.9435226282186
mp-10314,Yb(ZnAs)2,59.843,37.689,79.9901694630376,37.839491736855955
mp-10402,TiTl2F6,25.672,7.213,74.56513182497233,33.02523769600013
mp-10405,Yb(AlSi)2,62.946,43.955,95.35425131188664,61.867229592886865
mp-1041194,CaTiS2,81.581,53.96,86.5249776636652,63.187914163508424
mp-10435,Y(AlSi)2,77.086,41.59,90.80788079149764,56.63440347085088
mp-10521,Y(AlGe)2,70.326,38.044,81.73041255407833,48.87858583800541
mp-10550,SrMg2N2,93.805,71.102,117.05515800245313,85.15705017385557
mp-10918,Rb2PdC2,30.432,13.747,39.60468443178387,19.158631735157183
mp-10919,Rb2PtC2,36.208,17.029,45.106666966513274,21.219167535553424
mp-10996,Yb(MgSb)2,40.911,27.929,56.88840793039127,31.18691682376214
mp-11620,ZnNi3Sb2,93.503,16.841,126.5270890572068,21.057457087629917
mp-11834,CuNiSb2,81.671,38.407,109.45470198491216,51.85978508546008
mp-11917,Mg(BeN)2,184.695,166.544,222.4052419566634,203.11623858825607
mp-12669,Dy2SO2,120.352,65.3,148.27549803348552,84.26240825970609
mp-12908,ScAgSe2,61.141,20.845,78.03530493913237,31.70988967691595
mp-12953,TmAgTe2,47.341,18.114,60.30376161208798,26.021149849804793
mp-13946,Rb2ZrF6,19.966,10.778,71.4226740127879,32.069998573848814
mp-13947,Rb2HfF6,21.791,11.185,74.29324841481349,34.766913024945026
mp-13948,Cs2HfF6,19.374,9.084,65.96465159517373,30.862594714110138
mp-14791,Ge2Te5As2,25.98,21.48,56.05110000567109,32.35075988398846
mp-1541458,Mg(ReO4)2,16.491,11.846,156.9838736367011,70.33701930672615
mp-15800,Ti3PO2,181.87,66.326,189.29343172277677,69.29664868228139
mp-15986,Hf(CuP)2,128.834,67.701,149.22889883699278,87.71790734032103
mp-19774,Eu(CdSb)2,38.252,18.867,46.8643880570096,23.8828939442764
mp-20128,Eu(MnAs)2,63.082,33.49,105.64760738657586,53.72054584800065
mp-20151,Eu(AlGe)2,55.443,38.376,67.67199619696652,43.734864569620875
mp-20595,Eu(AlSi)2,61.992,42.25,73.48218869754155,47.129348578205565
mp-20793,Ga2FeS4,16.854,12.987,62.76810833546451,39.327881983669975
mp-22609,Eu(CdP)2,52.436,35.029,65.84449277548266,38.96041210909621
mp-22716,LiCu2P,77.333,32.433,105.122759510857,44.956587356232944
mp-2352785,Zn(InS2)2,12.842,8.873,61.30314936427658,30.69903138003553
mp-2365577,LiNiS2,71.293,34.235,91.24290829644283,29.97371008698369
mp-23709,Mg(AlH4)2,17.913,7.326,41.87800888624864,26.820435291272453
mp-23879,Ca(HO)2,35.543,21.012,89.60931108528371,51.976278846519705
mp-27544,Cs3Bi2Br9,8.611,4.661,23.678924804533963,10.257826278091098
mp-28479,Sc2CCl2,21.429,11.575,87.21487362654088,61.860755345180586
mp-28480,Sc2NCl2,28.825,17.814,99.42659058690172,72.1782076062516
mp-28938,Nb3TeCl7,12.425,8.64,71.16432342561203,39.985205999855054
mp-29069,Na(CuS)4,58.012,22.313,87.87928074782262,42.27937203015922
mp-29208,Ca(MgBi)2,34.698,22.208,41.19443735717272,26.290420832610224
mp-29209,Ba(MgBi)2,31.668,21.056,36.82068515339244,23.155709999592464
mp-29615,Ca(MnBi)2,31.174,13.621,253.32218358685668,18.632865915828965
mp-29624,Mg2Al2Se5,16.399,10.996,58.992403111203586,38.475533044686784
mp-29641,GeSb4Te7,18.188,14.027,50.44073024060354,27.50714966274786
mp-29659,FeAgTe2,49.299,13.74,61.17163482070385,20.343479293038616
mp-2968,Sr(MnSb)2,30.716,17.37,191.27969433752253,23.633454236956418
mp-3006,P2Pd3S8,5.4879999999999995,5.003,71.36730733003998,39.50535592338274
mp-30242,Mg4H2O5,88.485,69.588,150.70458375490674,104.71639443947424
mp-30244,Mg2H2O3,62.075,34.799,132.88812384765032,88.06628644027637
mp-30245,Mg3H4O5,54.791,34.467,127.69136487423994,81.85437304695617
mp-30247,Mg(HO)2,51.731,40.488,120.66889149405768,76.84425811262894
mp-3048,U2SeN2,126.252,70.395,161.70497299070422,89.90287158082546
mp-3211,Nd2SO2,107.491,55.72,134.29121024237685,70.04931744644145
mp-3216,Li2ZrN2,132.436,113.262,189.9275168166149,145.2066042778343
mp-3236,Pr2SO2,104.958,54.191,129.7744632214031,67.38202393612357
mp-3534,Ge2Sb2Te5,22.025,15.452,51.09319166420873,26.057997270893875
mp-3556,Tm2SO2,127.607,70.856,157.02631230499426,92.93265400994756
mp-3821,K2PtF6,24.229,10.53,80.33131155070853,36.878215288646516
mp-3833,Mg(AlSi)2,62.188,32.953,76.63286145118,40.09113496410493
mp-3862,Ca(AlGe)2,59.086,37.748,68.16674586976212,42.32182622732688
mp-3970,K2TiF6,27.845,12.002,80.75527698714885,40.05268251543989
mp-4150,Ca(MnSb)2,43.915,19.476,137.25556338328033,26.72302093302281
mp-4226,LiCrS2,64.206,40.013,91.75256633901792,64.12786118486753
mp-4343,Sr(MnAs)2,52.687,31.048,99.123907219733,48.13915339683725
mp-4366,Na2PtC2,54.301,25.524,63.049608457853395,30.938461840099254
mp-4638,TlCrTe2,34.601,20.607,48.07879336345275,25.71631337179234
mp-4805,Gd2SO2,112.425,60.067,140.92447879845997,75.53645340698903
mp-4823,Na2PdC2,47.04,22.117,56.380952703860736,28.57032932156175
mp-4836,Yb(MnSb)2,43.87,18.882,182.8312943166221,36.50805678994765
mp-505824,Cs2PdC2,27.319,12.019,36.35335303837565,16.097194524303593
mp-505825,Cs2PtC2,32.694,14.59,41.515430734200905,18.367854422173984
mp-5381,U2PN2,153.594,86.061,176.52147804261358,104.84122732450471
mp-541014,Cs3Sb2I9,8.137,4.516,18.734354858004217,9.263577685800575
mp-541487,TlPt2Se3,22.482,14.331,80.03644362954579,33.31063947842277
mp-5498,Ca(MnAs)2,63.206,34.526,104.75290640549508,52.88824259592129
mp-553303,CsCu3O2,6.316,7.237,58.76864295011889,21.530832084048612
mp-553875,Zr2SN2,157.723,75.141,198.75284234264703,107.69362227963276
mp-5589,Sr(MnP)2,77.447,47.371,84.58780589066197,61.81440918417754
mp-559976,Ta2CS2,34.146,23.124,186.99681910565477,108.56445189850824
mp-570930,Bi2Pb2Se5,17.34,11.654,54.547711547473256,27.364652605144617
mp-571554,PrAlSi2,77.718,40.872,88.99669198777187,48.80622018297377
mp-5739,U2SN2,133.28,79.861,170.89120250481812,100.44539160835812
mp-5745,Nb2CS2,40.643,26.257,177.7282072391069,104.91626795268265
mp-5795,CaMg2N2,101.805,73.927,124.24641984815862,95.6763250823116
mp-582227,Eu(MnSb)2,42.357,20.122,35.88369832488607,27.853371867037463
mp-582736,Eu(MgSb)2,35.981,26.016,44.12682604586747,30.648042392296865
mp-625487,Zn(HO)2,54.605,29.387,130.15668835031775,53.94073680859112
mp-632657,ZrNCl,23.709,14.281,89.76796563934667,49.23630292222844
mp-643370,Ba2MgH6,38.587,30.856,45.775277472631814,35.79630584129755
mp-644225,Sr2MgH6,44.442,36.437,51.03633067715554,41.51686885319507
mp-644229,Sr(AlH)2,42.514,36.787,56.9679053175622,45.51650861237979
mp-644278,Y2H2C,95.473,66.735,112.6471420740219,82.99057036123692
mp-6931,Sr(AlSi)2,58.659,38.924,68.4923030580447,39.24925284068389
mp-6953,Ca(MnP)2,87.284,49.979,93.1399543412684,66.76596842767246
mp-6959,Ga2NiS4,16.259,10.65,78.29296583951871,40.97172034378617
mp-7038,TlPd2Se3,22.474,12.159,70.03414052288313,25.882904398365856
mp-7067,Ca(CdAs)2,49.416,29.511,60.09707369479572,34.289571607444
mp-7121,Dy(AlSi)2,78.53,43.513,92.4876480115424,57.87411569672973
mp-7297,Cs2SnF6,18.663,8.75,58.361569816087,28.150065667285254
mp-7429,Ca(ZnSb)2,43.544,14.186,53.177113398866545,26.971783145957207
mp-7430,Ca(CdSb)2,39.354,20.206,48.821040520584965,23.99793618584797
mp-7431,Sr(ZnSb)2,42.07,12.806,50.78985237498035,25.820904771295034
mp-7432,Sr(CdSb)2,37.561,17.071,45.83463845030135,23.32439456672301
mp-752947,NaTiS2,53.161,36.796,82.62934196176947,52.91752142273637
mp-753920,Tm2SeO2,119.03,67.155,146.09221552020864,87.87781592107913
mp-753946,LiCoS2,76.01,47.947,103.8652137408668,63.433663420827536
mp-7543,LiVS2,64.697,189.536,71.40670062711078,47.06812012306592
mp-754375,NaTi2O3,141.836,81.135,202.31177941252028,93.56103976570856
mp-755570,Li(NiS)2,72.246,20.112,112.13462459319284,50.05585338698697
mp-756094,LiFeS2,70.86,31.867,91.7684357850884,52.05734042165997
mp-7704,Ca(AlSi)2,60.78,42.058,73.31500641124111,43.59143572161835
mp-7770,Sr(ZnAs)2,53.997,33.006,64.20026338505185,38.22287299892646
mp-7771,Sr(CdAs)2,46.795,28.778,55.90527909237575,32.157425302424336
mp-7777,Li2PrP2,49.171,23.079,62.23994111362642,31.299388469417096
mp-7779,Li2NdAs2,44.285,19.862,57.81597656379535,27.584697841603752
mp-7786,CsCu3S2,10.16,7.343,41.75361501065542,15.426424696694534
mp-7824,K2ReF6,26.136,10.888,86.04545991688745,35.6981961965448
mp-7903,Cs2ZrF6,18.985,9.167,63.42292011152625,28.596800493599616
mp-7949,Rb2GeF6,20.664,9.303,69.91503256232077,38.62535999954863
mp-7979,K2PdF6,23.767,9.335,72.73855403084664,36.95224653794325
mp-8132,Li(TiSe2)3,23.112,17.774,80.78341050977012,44.31175488625192
mp-8150,Ba(CdSb)2,35.993,16.34,42.477415771079215,22.069227749940772
mp-8181,Li2CeN2,110.495,65.413,143.84610001184907,70.75482166598768
mp-8191,Cs2PtF6,17.328,7.681,64.48343790247475,29.56860774395413
mp-8219,Zr(CuP)2,127.405,64.32,147.39816211870246,86.94271033239681
mp-8276,Sr(ZnP)2,63.496,43.654,73.2281048182523,46.7359692964251
mp-8277,Sr(CdP)2,53.94,34.745,63.40800791494473,38.59716959318322
mp-8278,Ba(MgP)2,51.07,38.104,57.26477858099073,41.336038133456825
mp-8279,Ba(CdP)2,50.707,32.604,58.175945845970126,34.85390297695398
mp-8280,Ba(MgAs)2,45.089,33.213,50.79551969232949,35.97902771370151
mp-8281,Ba(CdAs)2,44.501,26.805,51.49515936534901,29.36151350350698
mp-8407,Li3LaP2,56.817,45.426,65.82979515525024,48.036861648211485
mp-8579,Ba(AgS)2,50.57,20.189,56.43070032794118,27.1604430641429
mp-863260,Sr(MgAs)2,47.545,35.48,54.91658870883999,40.25347464868103
mp-865185,Mg(BeAs)2,76.107,45.528,88.6277640845242,57.004603544566955
mp-8994,Rb2NbF6,21.645,9.05,71.16125733359947,23.107516963029493
mp-8995,Cs2NbF6,22.614,9.447,63.659002832574075,20.531482239300846
mp-9006,Ho2CF2,105.953,65.305,144.58682838451284,95.84295982352366
mp-9251,TlTe3Pt2,23.076,15.407,73.15456795907271,32.33281471055543
mp-9257,Yb(CdSb)2,40.555,21.583,54.493515610450125,16.891569608789045
mp-9272,TlPt2S3,27.301,15.986,86.87090823133076,36.806218669537046
mp-9385,RbAu3Se2,9.541,3.555,43.740837867071896,12.15519369569366
mp-9386,CsAu3Se2,7.606,2.961,40.10302616062917,10.72190099132595
mp-9400,CeAlSi2,82.941,44.343,92.52194803433746,57.74829326672941
mp-9514,Mg(AlC)2,132.844,91.296,162.2498488901954,142.06282110495064
mp-9564,Ca(MgAs)2,50.032,36.09,58.37558146746351,43.587805270374425
mp-9565,Ca(MgSb)2,39.782,26.42,46.927980764599695,31.72812069725316
mp-9566,Sr(MgSb)2,37.968,26.095,44.55824591861548,29.464723853661773
mp-9567,Ba(MgSb)2,36.216,24.844,41.72174293648508,27.104177999264504
mp-9569,Ca(ZnP)2,66.211,45.563,79.08099542498057,51.46104235702623
mp-9570,Ca(CdP)2,57.023,34.608,68.22350634015696,41.291926417913736
mp-9571,Ca(ZnAs)2,57.237,35.241,68.76806133359241,41.57583776856252
mp-9582,Yb(ZnP)2,70.369,49.154,96.94455986975564,52.09806002564941
mp-9592,Yb(MnAs)2,64.678,35.334,108.10756367427204,60.911851950268534
mp-9615,LiTiS2,65.258,48.553,94.07336394207734,66.16419057554093
mp-9912,Li2CeP2,57.891,35.063,70.10150921509447,43.95085096401111
mp-22930,Rb4CdCl6,14.264,7.736,23.160799728124015,10.796557856596523
mp-23392,K4CdCl6,15.735,8.358,25.67587038209756,11.878599765826245
mp-2920,LaAlO3,180.191,101.264,214.4529335093454,129.64702012399445
mp-3336,LaGaO3,161.922,69.839,191.56841156213625,91.5379026764322
mp-3408,CeAlO3,182.218,59.449,215.96159598454028,122.52471050476038
mp-3466,PrAlO3,184.409,103.755,222.77550135703032,135.09173360785928
mp-38035,SrCO3,62.636,22.129,97.2491483451489,61.358253006781005
mp-3889,NaBO2,45.442,20.982,90.84508475740222,59.94289217504867
mp-3953,CaCO3,75.231,33.182,116.58722631666154,74.25623398791116
mp-4385,CdCO3,89.565,29.309,132.6762297813186,71.13311223324806
mp-4531,NaNO3,26.795,12.399,74.07165300801778,47.30930824780468
mp-4900,BaCeO3,109.913,27.466,123.04155527323609,56.48593463200165
mp-5348,MgCO3,103.452,56.315,166.26643625674643,106.210765954226
mp-5364,YbBO3,80.342,29.012,174.66186520808972,105.8338715167086
mp-552588,LiNbO3,144.515,76.732,218.39054101901,116.24987148033615
mp-674478,BaCO3,52.012,15.063,81.9476381798331,50.57234705862477
mp-7027,InBO3,149.91,61.546,179.97111128918124,100.173550294728
mp-756214,YAlO3,188.656,86.342,221.60613206623404,131.99974051653027
mp-779545,Na3CuO2,43.258,16.37,55.59526003666782,31.172851034821043
mp-8110,AlBO3,202.44,121.355,252.69589368239397,166.75973126001608
mp-8180,LiNO3,39.77,22.996,107.35284646229796,65.56869975040243
mp-861228,Li3CuS2,38.568,19.728,46.064617073783985,27.311546554347537
mp-8697,ScBO3,158.788,71.217,193.49035549748749,115.43198827980136
mp-9716,TiBO3,178.989,64.066,214.07822558901316,113.54662632856008
mp-9812,ZnCO3,113.947,43.981,174.0291362234626,91.41611904091444
mp-998418,MgAgF3,80.974,60.572,89.49766415596339,40.24500734247255
mp-30148,BC2N,375.423,419.8,407.45033075343446,434.6358982171338
mp-4202,BaAl2O4,84.0,41.224,131.9871149184095,82.06100241164901
mp-5492,SrAl2O4,79.915,43.078,140.73580978550868,88.44243087628688
mp-559390,CaAl2O4,75.432,42.587,149.21572548786705,94.36495196301507
mp-36775,SrAl2O4,88.628,44.834,141.61444684894812,89.61930529598632
mp-3706,Ho2Co12P7,201.47,106.337,230.61985118192624,125.29486105120712
mp-540809,Zr2Fe12P7,215.004,126.142,258.544309965152,153.7865558628327
mp-541196,Ce2Fe12P7,176.981,112.719,223.01896030195175,138.34546404594113
mp-1029531,Sr3ReN3,58.683,28.697,97.6350616945226,53.47748920987976
mp-1029537,Ba3RuN3,44.581,24.266,79.37265832121909,39.77882994536524
mp-1029573,Ba3GaN3,37.747,19.922,69.43942645498319,38.418490506046574
mp-1029610,Ca3CoN3,79.531,45.005,113.34284067330056,63.5056896723611
mp-1029640,Ba3OsN3,48.894,26.01,83.44689038664005,41.46148678105549
mp-1029655,Sr3WN3,56.853,29.774,96.48128677103902,52.7114479248798
mp-1029659,Ca3FeN3,71.871,46.556,113.94856906035442,66.82672299616502
mp-1029719,Ca3MoN3,52.788,22.998,113.90367183854612,61.39640199865561
mp-1029741,Sr3IrN3,65.898,39.114,103.03813478696144,54.130308313170275
mp-1029750,Sr3RuN3,61.376,34.671,97.92322525636844,52.392259834388035
mp-1029943,Ca3GaN3,79.585,52.24,104.76956337704452,68.97739745086785
mp-12906,Sr3CrN3,47.647,29.98,93.02596299239087,54.38941787322064
mp-22061,In(TeMo)3,32.991,9.685,102.56384626381832,50.76101856542993
mp-3411,Tl(MoSe)3,34.649,15.825,117.00453922042266,65.6350723249866
mp-35644,Sr3FeN3,58.192,34.694,94.20609327448486,53.38044590939211
mp-4584,Tl3BO3,20.152,11.808,55.05746912911532,25.62856666365972
mp-7191,Sr3GaN3,60.178,38.083,86.19780286155354,53.74338702405766
mp-8306,Ba3FeN3,31.23,19.247,78.09328534481845,40.54366235976819
mp-9324,Ba3MnN3,32.686,20.268,76.95409618633651,40.797297049463744
mp-9325,Sr3MnN3,51.62,31.792,92.41462029578692,54.62566476048863
mp-5971,YBPt2,159.168,52.283,184.97736601499332,67.86275904596734
mp-571428,MgNi3B2,191.72,87.084,216.40117582516575,112.39288591816452
mp-941221,Li(BH)5,16.486,10.386,96.39679849570224,91.51023566188717
mp-5859,AlPO4,58.017,22.432,121.09564662006356,77.59294553365714
mp-29196,AuCN,36.759,20.852,57.92433632512684,33.291720115612335
mp-28549,Li8SiO6,77.448,56.475,113.23812178671608,84.20780559702213
mp-1018657,CaBiAu,49.307,21.614,60.64416854765938,29.15032894074221
mp-1018694,ErZnGa,75.872,59.377,85.67989563476478,65.86826630009482
mp-1018902,PrSbPt,86.816,35.836,100.50491638650765,51.45621568694984
mp-1019259,SrSnHg,36.162,21.448,42.54096655392369,27.335679345200887
mp-1019277,SrHgPb,32.261,18.165,37.27671274638881,21.80263108080864
mp-1024954,HoCuSn,79.602,53.287,91.67804235203846,60.503390278011494
mp-1029313,NaRuN,94.744,35.617,133.88929789395337,63.16204355507528
mp-1029357,NaZnN,63.702,33.023,78.25579957273723,46.634455566887894
mp-12505,LuAgSn,74.223,39.843,87.66949953103187,48.138095333385
mp-13200,LuCuSn,78.999,54.432,95.47060985961716,61.33395464582382
mp-13202,YCuSn,77.995,52.304,88.48405100880916,58.89639003086182
mp-13203,ScCuSn,89.047,54.852,99.63501737067,64.16655225049512
mp-13302,LuSnAu,79.222,40.523,102.28009561099638,51.99404044510776
mp-13303,ErSnAu,78.252,42.379,99.817750755115,53.625825409714274
mp-14168,K2GeF6,22.604,11.68,74.35283792381809,40.72791581426769
mp-16750,HoCuPb,69.964,45.797,83.78482225066163,52.757496251807126
mp-16751,ErCuPb,71.734,46.03,84.4749323674714,52.84876817330437
mp-16753,LuCuPb,72.224,45.561,85.56344875038586,51.79755439188469
mp-19983,TiCuSn,103.401,55.201,127.77582120507556,70.17460930224492
mp-20010,DyCuGe,83.761,54.767,102.77087537130622,64.65987642987855
mp-20290,TbCuPb,69.232,45.363,82.04305995107748,51.99497040587007
mp-20663,TmCuPb,68.88,45.973,84.71620380641211,52.71198500685327
mp-20865,YCuPb,66.035,45.214,81.47681639618453,52.54205819533047
mp-21198,DyAgSn,72.208,41.882,84.41754751039531,49.08197926206828
mp-22149,DyGeAu,92.206,45.427,105.87263287035222,58.21371767790461
mp-22683,CeCuSn,32.511,43.234,71.89465132665488,43.71872324765814
mp-23671,LaNi5H7,120.516,30.953,152.73338968287365,65.4446357771058
mp-23794,H4NF,30.444,6.912,70.23794586339264,46.95604579506726
mp-2659898,LiBH4,17.533,10.774,51.7547926943526,40.9993424251862
mp-29026,MnWN2,289.385,115.863,352.8444248149173,153.20749668564068
mp-29529,NaSnP,29.913,18.993,44.82969095135354,29.281762830419385
mp-31160,CaZnSn,46.54,37.248,51.93565467945528,39.733174366049234
mp-31301,LiSn4Au3,62.451,20.244,74.3931770140113,31.224374825629365
mp-3486,KSnSb,19.885,13.626,28.821482013244307,17.879935460196375
mp-37657,Ca3SiO5,95.423,52.632,134.57958757091473,82.94634017051781
mp-5055,Na6MnS4,30.501,13.834,39.03265842677576,23.334140199520935
mp-545974,AlPO4,121.145,39.099,144.84277476401198,91.0449949603846
mp-5519,HoGeAu,93.299,45.301,107.04572992776768,58.78974228652151
mp-567197,YSnAu,77.288,42.304,96.43578557478683,53.533480339860006
mp-569724,ErAgSn,73.07,41.622,86.25218757656683,49.541069521979566
mp-5729,YAgSn,71.171,41.828,82.61791567653584,49.195714046835846
mp-6917,TmAgSn,73.521,40.715,86.40459183000559,49.235193881112686
mp-6919,ScSnAu,81.571,37.389,105.85827282700798,53.458005416472645
mp-755000,LiTiO2,129.822,57.795,201.5462956334936,112.08774185787176
mp-8389,Na6ZnS4,31.23,14.354,39.47587184557925,24.07268384527855
mp-9025,YSiAu,92.683,44.079,108.7211613935174,56.18782647062091
mp-9350,ScGeAu,100.236,44.379,117.84709338406692,62.02195885241991
mp-9351,LuGeAu,95.16,42.974,112.40458412994474,58.701967767424954
mp-9387,TbCuGe,86.002,53.608,100.15355246887134,61.9047360505094
mp-9389,HoCuGe,89.851,56.64,104.33084982595184,66.77555050805357
mp-952566,NaSnSb,22.663,13.031,33.353616982329186,18.35261288761887
mp-9575,LiBeSb,56.099,47.692,64.12247527133285,52.183657431234785
mp-9919,LiZnSb,46.251,25.849,53.60435428241865,31.934111852909737
mp-28835,LiScI3,16.739,10.994,30.389452682976486,16.827768767617695
mp-1009504,EuZnGe,58.661,37.354,58.35860221647548,42.04632280673719
mp-10161,KZnSb,24.144,15.515,28.388285118656324,17.61946376323647
mp-1021424,KMg6Mo,39.445,21.388,50.50046859127559,27.84262206419176
mp-1025575,Mo(WSe3)2,15.148,11.068,84.02302199401021,54.979867158191915
mp-10440,Mg(P2Rh3)2,204.177,51.875,226.334586351805,80.69231436333341
mp-10614,SrLiP,42.523,29.394,48.86580427443846,33.28967685094382
mp-10615,BaLiP,37.873,24.535,42.02971292518358,25.452480689587247
mp-10616,BaLiAs,34.083,22.719,38.32530648365308,23.72158021549618
mp-10738,SmPPt,122.978,50.263,137.12776546597638,66.24411778453273
mp-10924,Mg(Co3P2)2,203.708,97.656,226.25657775566484,108.62689294938744
mp-11833,UCuGe,92.884,34.78,114.12043140832982,51.27274526423169
mp-1228631,B4OsW,320.077,232.779,369.3232324610998,270.0305055141845
mp-1228634,B4MoIr,291.541,187.638,333.07760420464143,210.4763310685578
mp-12951,ZrGaAu,124.475,61.519,144.29921245382556,70.46598397106622
mp-12952,HfGaAu,131.425,63.9,153.59303482933367,72.30239623560344
mp-13149,BaAlSi,48.725,37.374,54.02377926877753,42.370799086661336
mp-13272,BaAlGe,43.108,34.095,48.469174695858904,38.60021370034522
mp-13311,SrAlGe,46.288,33.949,53.19165462484825,42.291147644689026
mp-15687,KZnAs,30.741,20.548,36.61292191102883,24.02492227592433
mp-16043,Mg(As2Rh3)2,172.795,53.11,192.31004264618304,65.33098889838227
mp-16045,Sr(As2Rh3)2,163.16,61.104,183.79129266571053,70.20665148484174
mp-16304,YPPt,126.409,49.574,142.89152560134767,69.30094043719123
mp-16326,DyPPt,127.339,45.952,144.78394447020992,68.75338862680562
mp-16734,SmNiAs,105.535,53.198,115.07079689870852,67.46230907518353
mp-20082,Yb(As2Rh3)2,171.742,60.769,199.7932110606396,69.55759013962377
mp-20998,LiCaPb,29.742,24.614,32.934901178668014,23.441222837062675
mp-21242,LiYbPb,30.798,25.544,54.46676025080388,36.39854802313416
mp-24012,HoHSe,85.382,65.614,95.11674318379735,70.47996274158872
mp-2479693,LiCaSn,33.128,26.704,38.09004892608562,28.04068009053384
mp-28797,YHSe,81.843,62.621,88.49358795242348,65.94363330596168
mp-29005,U(Cr3P2)2,144.899,84.753,185.3145644983127,106.24597234580928
mp-29868,LiAuC2,50.028,25.135,63.52971184235339,31.860951130240775
mp-3173,CaAlSi,56.962,39.745,63.24593367159048,48.58017642701221
mp-35189,Co2SbTe,133.616,60.404,133.5966191802102,74.89654795800946
mp-3698,SrAlSi,52.321,38.416,59.68319588833423,47.84368942647848
mp-38006,Ni2SbTe,101.094,42.718,119.61658050982015,50.72625877561907
mp-567191,CaAlSi,55.59,38.055,60.05511754817228,48.46708838620004
mp-568809,Ba5Al5Pb,28.583,18.694,35.8741199068159,25.717074942925812
mp-569788,LiZnGe,52.042,35.794,60.99582511714842,39.6219849587425
mp-570677,Ba5Al5Sn,29.211,18.994,36.42404381318445,26.131921076134773
mp-571454,LiAgC2,38.657,20.005,55.570775712211855,29.82287216510187
mp-7168,TbPPt,127.592,48.991,143.07427703172704,68.23004230395654
mp-7169,TmPPt,130.268,44.958,149.52493159892862,69.11022068525418
mp-758594,Li(Fe3P2)2,175.385,39.309,214.47169819485325,100.87873644350752
mp-8605,SrSbPt,58.536,15.928,66.17197530587694,35.193880313378386
mp-8606,BaSbPt,57.332,21.965,64.9216935766291,31.664379845731304
mp-8864,Li(Co3P2)2,202.474,100.91,223.8831090077315,112.25656759688164
mp-9023,ScSiAu,113.183,63.455,131.1988714698342,74.66641776770066
mp-9164,ThSiAu,119.857,62.806,128.47360420175397,69.19407164906087
mp-9487,USiAu,105.688,1.484,120.41999121384116,50.57384582196392
mp-9744,BaAsPd,58.991,26.11,71.86766246672961,31.279999048338844
mp-9828,YbPPt,94.698,32.243,155.95894185848925,68.21602502548278
mp-9950,BaLiSi,28.242,17.23,31.84649069215524,18.15943642457693
mp-10049,MnAsRu,164.876,65.328,277.748572324743,85.4493340642382
mp-10300,ZrMoP,197.372,112.914,216.00436798075063,137.62108333835235
mp-10379,Hf3(Cu2Ge)2,137.085,73.151,163.33320200851924,91.90008236054896
mp-10446,Sc6NiTe2,71.461,15.21,84.07922323596293,46.605687835055086
mp-10739,TiPRu,219.7,102.358,239.2961048488056,105.48570323781809
mp-1079086,UAlNi,181.635,135.997,127.39451977748352,57.724944805196394
mp-1079239,Ho6MnTe2,55.737,32.789,65.4229002605542,35.34545002997136
mp-11038,Zr6Al2Fe,101.192,46.35,119.78768001128024,58.7388529935467
mp-11073,Ti3In3Rh2,123.289,57.386,139.5369999621419,59.39091209417156
mp-11091,NdMgPt,77.781,26.504,82.57548020876467,28.093196675061677
mp-11104,HoInRh,98.675,30.802,108.4418209316534,36.470509704426114
mp-11155,NdMgGa,54.881,39.928,58.14047561378052,39.49067695297874
mp-11157,SmMgGa,57.196,43.313,60.594429279787505,42.61983337004661
mp-11201,Sc6FeSb2,71.045,45.625,81.78794327518442,44.74222443307748
mp-11202,Y6FeSb2,60.461,36.168,67.32357429736918,35.64090556189614
mp-11351,CeAlNi,87.249,38.825,98.1046684853086,42.37538559045368
mp-11547,YTlPd,81.983,25.047,89.55294779202623,33.80165888932072
mp-11580,TiCrP,206.197,123.545,218.60959763121153,157.6181313187521
mp-11615,TmMnGe,97.514,62.325,84.11269670400446,69.86999316476525
mp-11667,Nd2(Zn2Ge)3,75.88,51.194,82.37467732453321,54.29874282320672
mp-11750,Ti6Si2B,149.647,105.78,165.012058364748,111.50762211835126
mp-11754,Sc6Te2Os,72.034,26.817,91.13343014650816,44.781575304427015
mp-11755,Lu6Sb2Mo,64.762,37.541,77.56943871674284,46.040555666056086
mp-1180259,MnAsRh,141.905,37.166,150.73941604763743,49.696444415200155
mp-11971,HoSnRh,108.644,45.248,119.1766158823296,44.28672600399977
mp-11973,YbSnRh,82.861,25.415,123.45632581045832,46.78614046425722
mp-11974,TmSnRh,111.197,48.404,121.36512183034404,46.13681128166361
mp-11984,YMgTl,53.855,39.795,60.92617692087395,42.09634590526525
mp-12277,CaAgP,67.623,41.18,75.05046247444481,45.11103896296154
mp-12381,PrSnRh,96.952,33.42,108.6088324974808,39.454085975755575
mp-12696,YMgPd,71.355,21.372,76.54975541614782,24.475525389480634
mp-12703,PrZnNi,63.238,30.122,81.96008242678548,28.481617307706372
mp-12710,PrZnPd,77.401,29.073,82.22659472066145,25.515967905179032
mp-12760,Zr6Al2Co,105.44,51.741,118.36820056395432,60.28321659233162
mp-12961,YAlPd,93.559,27.628,102.35104759617252,33.09023243818128
mp-12962,Zr6FeSb2,111.254,59.351,126.41759746524122,64.89974634178553
mp-12972,Zr6Sb2Pt,118.611,60.061,135.7378261521004,70.2473091638492
mp-13074,LuNiPb,86.727,47.251,98.93429429133364,48.33759249762321
mp-13090,YMgAl,57.528,44.769,59.99866899136563,45.05682217860715
mp-13092,Zr6Al2Ni,111.94,51.435,116.68953730372372,59.43330688068394
mp-13095,YAlNi,92.941,38.915,100.22385413913642,36.46160894385926
mp-13171,YMgCu,60.094,22.255,63.64647151603376,19.659139853409386
mp-13474,LiErGe,59.851,47.51,67.11609684846688,53.11845528835825
mp-13525,HoInIr,111.539,36.26,123.93398389255782,44.09831451904014
mp-13536,TbZnNi,78.188,34.647,95.07742294105982,33.91989893634098
mp-14208,LiYSi,62.422,48.636,66.38674354045875,52.37657030692861
mp-14209,LiYGe,59.504,46.996,63.62822924052928,50.82157472746967
mp-15297,Hf6NiSb2,131.265,72.06,140.6637031323118,79.44278477355667
mp-15322,ScCuSi,113.813,76.911,123.97248603439904,84.6559454678342
mp-15657,TiCoSi,177.798,103.013,203.0170765108816,121.02995792033136
mp-15820,LiHoGe,61.118,48.427,66.37284561948111,51.93954856931562
mp-15821,LiNdGe,54.525,38.814,58.524098435665344,40.724864569911176
mp-15963,HfPRu,220.115,95.48,239.08491712915625,104.76803538191471
mp-15985,Zr3(Cu2Ge)2,133.221,71.657,153.4189627071498,87.1056721132194
mp-15987,Hf3(Cu2Si)2,145.521,80.979,170.13121466855026,97.91236943212434
mp-16305,ScPRu,175.386,102.271,196.9074202550521,107.27530699928052
mp-16645,SmMgPt,80.64,25.724,86.22331987182304,29.425539017751657
mp-16740,TiGePd,149.123,57.852,172.58737255676672,77.17555081782649
mp-16745,ErAgPb,66.619,32.98,78.40590933774868,42.39086868662473
mp-19740,YInPt,100.795,37.842,109.21725055326978,42.30699245291246
mp-19782,TbInCu,76.971,43.513,85.24713678212395,42.75223403854852
mp-19934,CeMgPt,79.546,30.741,83.45909231549504,29.70733413819237
mp-20058,GdAlPd,87.985,21.176,439.9174752009812,40.38697430931685
mp-20522,TmAgPb,66.924,31.852,78.72628755865576,42.01147544852183
mp-20935,ZrSnIr,160.406,64.039,170.55704493058434,74.60711438667859
mp-21007,SmSnPt,103.847,51.35,112.56078770861018,50.91247504476702
mp-21054,PrSnPd,84.625,40.129,94.50975711209276,39.50388159946921
mp-21158,CeAlPd,80.506,60.666,97.01602484064436,35.96388797369281
mp-21290,HoInPt,103.02,38.221,112.3972134647233,43.461782543649974
mp-21440,NbCrGe,189.979,93.389,210.65340694065608,130.06605053421725
mp-21494,UCoSn,24.751,0.78,134.85439275965098,55.82785938883825
mp-21503,YMgIn,54.137,40.499,59.91011123174818,43.71179211958039
mp-21505,YAgPb,63.551,31.32,75.78223265109227,42.548233832067005
mp-21509,LaMgGa,49.819,34.362,53.03986549795487,34.5854606987348
mp-21887,NdInPd,79.888,27.594,87.08149698780834,29.087375185798177
mp-22167,Zr6Ga2Co,109.449,52.158,124.56320623774982,58.12698179789592
mp-22384,DyInPt,79.936,26.984,113.28035855279758,43.70577075171584
mp-22769,TiCoGe,168.613,76.495,190.04039253620888,109.22902185589098
mp-22779,YbSnPt,84.825,36.015,125.59105335987591,58.88902943545114
mp-22972,Tb6FeBi2,36.09,8.571,63.168373694379035,30.16696021128155
mp-23039,Er6MnBi2,52.919,33.704,65.35132972853724,39.48103716951784
mp-23047,Ho6MnBi2,51.435,32.156,63.92940393033128,37.7325392417491
mp-2909,HoAlNi,87.429,39.228,104.51448329904176,37.10721056535535
mp-29135,Zr6CoAs2,121.804,65.726,137.7957785735731,72.31306955758342
mp-2990,TmAgSn,75.464,40.242,86.16005690060341,48.79265424280053
mp-3015,HoInCu,80.4,45.737,87.58589531089619,44.91157745555347
mp-30307,DyBiRh,96.913,40.652,104.56430643518117,45.95798847491078
mp-3053,DyAlNi,119.796,0.172,102.684192779369,37.86105420429428
mp-30563,ZrCoSn,140.779,67.418,150.25532496177624,73.29730538739804
mp-30656,TiGaNi,127.561,65.377,160.5990134677868,72.56840130565031
mp-30737,YMgAg,54.978,36.231,61.403565807348905,16.70172800386919
mp-30799,NdTlPd,76.14,28.036,82.88122848990528,27.659695357612733
mp-30921,Y6CoBi2,56.904,8.761,62.050157713908774,29.937103991165337
mp-31072,Sc6Te2Rh,72.813,302.329,88.26430781727855,44.03451194208534
mp-31235,BaNaBi,23.376,16.323,25.587573301201857,16.97271127976504
mp-31330,NdInRh,91.094,44.34,97.90272439112589,31.205487066570228
mp-31383,Hf6CoBi2,107.37,59.853,131.83889151683096,68.15213928376363
mp-3197,TbAlPd,93.543,33.168,103.68429894304558,32.714935790591795
mp-3950,ErInCu,76.827,47.675,88.58558598910156,45.537685077177
mp-4106,YbSnPd,68.945,27.608,109.22201206869548,50.364067990703816
mp-4189,Dy6FeSb2,39.048,34.383,69.56613131534684,34.214151640743786
mp-4238,MnFeAs,159.384,74.317,160.49242476153114,73.35460652371918
mp-4508,ErInPd,89.71,31.411,98.71150311578104,36.78176080748036
mp-4720,Si2Ni6B,211.027,78.437,247.3419490678275,88.98576770368543
mp-4731,K2UF6,45.281,21.626,90.86470786843796,36.5310725856301
mp-4989,CrNiAs,130.106,61.789,125.00160777217972,64.25439240812082
mp-5015,UAlRh,130.046,43.274,142.10910407881013,50.19885953116512
mp-5590,YMgGa,59.971,48.769,63.53046318386687,48.85459981619291
mp-5615,CaAgAs,60.562,36.572,67.9284938453743,39.73683133055064
mp-567214,NdSnRh,98.469,32.566,110.04895959972222,39.612526626214255
mp-567574,DyAgGe,85.081,52.137,95.25119639596085,55.97287455420988
mp-567588,DyInRh,98.902,31.23,107.43160436642442,35.99582912564242
mp-567856,MnAsRh,147.225,53.657,209.9653193124722,61.84739771165945
mp-567912,SmHgPd,83.107,25.976,91.35103618305544,30.614280570578757
mp-568695,CaCdSn,42.528,25.536,47.72559354188776,28.41896717447055
mp-569848,LuInPt,118.324,53.401,117.15275478923202,45.55346169421232
mp-569871,Tm6CoBi2,58.177,32.583,68.20734645169975,33.91955514416438
mp-5723,ZrAlNi,130.593,73.136,153.20137974176956,65.70948161435776
mp-610972,MnGePd,125.652,98.723,341.4634433572078,56.58442649203896
mp-672254,CaPdPb,57.601,27.4,62.80917046373211,24.124138669634387
mp-672299,YInNi,85.206,35.401,91.62844793148908,36.975757450245574
mp-6908,YMgZn,52.989,66.8,57.567739403414606,26.343778835217623
mp-7032,HfMoP,206.978,119.755,226.53014788415328,144.4241469088039
mp-7080,Li5(NiN)3,77.127,46.935,89.14472440086331,52.18603250946914
mp-7093,HoAgGe,78.153,26.085,89.30566195778488,37.85918374048833
mp-7239,PrMgGa,53.714,37.828,56.73744783342349,37.84695234023776
mp-7544,ZrSiRu,191.197,101.543,210.0565154693516,105.9657592453518
mp-754673,Er6Te2Ru,62.487,29.664,76.5651368811733,36.746447882269585
mp-7632,NiMoP,238.287,94.385,280.74156175837,128.1022734214002
mp-7829,MnNbSi,198.194,100.31,260.19467647998493,131.86203523655803
mp-7930,Zr3(Cu2Si)2,132.377,76.896,159.21085353326225,91.89839549427494
mp-8221,ZrAsRu,186.495,85.07,208.1004179405291,91.41435284104062
mp-8415,K2HfF6,51.219,25.252,99.7388624150846,47.6005662563572
mp-8481,LiPrGe,53.023,37.085,56.93192824988465,38.71014541973145
mp-865402,TmAlCu,85.691,45.234,98.27276851008646,51.415390328199386
mp-9223,ScGeRu,147.039,82.265,172.12208451693738,94.8124225483426
mp-9381,Zr6FeTe2,114.77,60.855,131.19820915972736,64.19157141732207
mp-9549,ScFeGe,98.654,37.767,137.2147349439152,81.3497552912558
mp-9550,ScMnSi,117.52,78.678,151.96712485456248,93.76301973271292
mp-975423,MnNiP,172.329,86.583,191.50802908848192,90.722097311594
mp-9776,YbAgGe,60.397,30.788,100.03755300826552,57.05886338738415
mp-982004,SmInPd,83.172,30.051,90.40206758383204,31.37813802934152
mp-9916,NbCrSi,209.159,116.095,233.4983617387587,150.07542621806425
mp-9951,MnNbGe,182.253,81.575,240.7405514225554,119.90351643097917
mp-17092,ScSnPd,103.247,50.612,113.4379876055218,50.155189454575826
mp-18198,ScSnPt,116.177,54.332,132.8017031355321,63.97447726002329
mp-22315,HfCoSn,130.285,72.418,159.6370262732215,83.41155312374642
mp-2960,HfSnRh,148.752,64.218,165.42764297016242,75.70775183244933
mp-571619,HfAlPt,163.496,69.364,176.87027532789406,84.53726341836904
mp-17095,CsCuSe4,12.126,7.433,38.90994949524594,22.29289865750429
mp-18105,CsAgSe4,8.401,5.594,34.686855294285515,19.051563333421907
mp-23866,H2SeO4,8.966,7.261,101.08394469188758,68.9209575261965
mp-23963,HIO3,13.126,11.542,119.6141518759574,75.33283681316634
mp-27579,Na4P2O7,45.175,24.379,118.99070092978006,79.95731519889067
mp-27897,Ba(NO2)2,30.201,12.511,87.76174884129664,45.03171639560587
mp-607291,Cu3BiS3,33.375,10.463,81.43014595437228,37.031829830320085
mp-697136,Be(HO)2,57.926,45.414,142.88233936642666,98.53435451656914
mp-7339,BaSiO3,57.994,30.968,124.36309606453744,78.64598064251004
mp-10056,UCo3B2,479.093,147.434,266.8882774154668,132.42595495776294
mp-10058,YbCo3B2,188.619,118.119,226.0362718077437,123.39796386387928
mp-10059,ZrCo3B2,244.042,140.108,267.3543915983342,150.6456183210395
mp-10065,UFe3B2,256.215,145.512,268.53122670790486,132.40453803379606
mp-10115,ThB2Ir3,255.394,120.286,274.79386420385714,140.87134062247932
mp-10132,UB2Os3,295.443,141.007,326.29859324042997,165.54180024973638
mp-1018703,EuZnGe,49.74,6.449,48.37698044810971,20.506203065191393
mp-1018718,HfTa2N3,271.821,91.152,301.5135386290002,128.5512188077866
mp-1018723,HoCo3Cu2,135.084,60.344,162.0229578133555,64.59624021377297
mp-1018743,LaNi3Rh2,109.911,51.436,163.23154533325695,62.000273767108766
mp-1019262,Ta2N3O,240.219,77.09,274.50528113591747,90.7266263449198
mp-1024990,LuB2Ir3,251.607,120.981,268.4067504336227,131.75276849937538
mp-1024993,DyB2Ir3,247.431,123.13,264.1831253361519,129.17095303601036
mp-1025017,NdSi2Ru3,177.35,74.395,193.10671528396475,76.61976510044266
mp-1025056,ThSi2Ru3,193.609,95.922,207.2556179340961,91.41492992288131
mp-1025071,YbB2Ir3,232.651,131.531,277.94842431566644,128.33838293427647
mp-1025075,TbB2Ir3,246.928,123.894,263.0227399875324,128.76025312052855
mp-1025102,CeAl3Pt2,130.404,65.017,140.64468362671312,71.3744278025277
mp-1025136,EuAl3Cu2,79.76,56.864,96.01005620798132,60.603999474307095
mp-10398,HoNi4B,150.211,79.36,191.80721203103175,91.22836551188723
mp-10463,YCo4B,173.919,65.313,194.97248165030288,87.75351144706961
mp-10897,PrAl2Ni3,108.679,59.669,125.13182493399673,65.18345852986451
mp-11350,CaAl9Co2,87.08,56.558,98.07743035795188,63.30475416702679
mp-11539,SmAl3Pd2,111.237,63.557,121.95720358463004,62.85569507361313
mp-11593,CeB2Ir3,243.781,122.516,265.51061080236474,130.99865522779524
mp-11594,PrB2Ir3,231.473,96.666,260.60662152960936,124.34729882041452
mp-11610,PrCo4B,152.622,62.966,183.2272739103805,76.45350820801666
mp-1215178,ZrTiB4,242.634,239.732,268.4198129693747,258.81007345527024
mp-1215209,ZrTaB4,268.949,221.721,285.5101426760313,244.17753171503767
mp-1215211,ZrNbB4,260.513,219.951,274.7524936663473,238.2125610393244
mp-1216375,VCrB4,201.539,188.983,292.2855519262489,231.7442506574119
mp-1216667,TiVB4,267.608,252.386,288.894313879663,265.3057720214938
mp-1216692,TiNbB4,268.26,238.167,294.17529680412525,252.71018005276008
mp-1216966,TiCrB4,277.905,223.639,274.20292513730044,226.07485814414315
mp-1217818,TaVB4,293.658,224.962,316.75352850576445,255.57394580601328
mp-1217898,TaTiB4,276.819,241.451,306.90290481401024,261.60587010369335
mp-1217958,TaCrB4,245.291,179.007,309.2834401152555,215.09150849351389
mp-1220351,NbVB4,287.133,219.876,302.9799838895263,246.82832078794567
mp-1224263,HfTiB4,247.465,250.862,279.42790081261245,267.0524966110846
mp-1224283,HfTaB4,277.689,229.143,299.466845537196,249.30056602168423
mp-1224328,HfNbB4,268.296,225.412,288.6185192341697,243.63935386767332
mp-12549,BaAl9Ni2,85.769,43.997,88.63686279432568,50.040865769198355
mp-12734,NdAl3Pd2,109.306,61.07,118.90639695854698,60.76848055433789
mp-12965,ErNi4B,159.788,79.509,193.31036565900385,92.23134687157304
mp-13118,CeZn3Pd2,99.644,34.678,110.38940001526782,40.34312725654038
mp-16483,BaAl9Fe2,79.367,44.138,92.77320991638972,59.01144442801691
mp-16491,SrAl9Co2,65.439,60.932,98.1625127930761,66.21220484691415
mp-16766,LaAl2Ag3,78.309,27.456,90.45797130265036,40.23536956250416
mp-20193,DyCo3B2,205.75,122.306,220.94530702287733,123.19124739210622
mp-20338,CeAl3Ni2,114.955,72.193,120.73432213779446,75.43620603105157
mp-21201,LaGa3Pd2,100.405,48.952,110.69633019732524,49.34140553298976
mp-22260,Y(MnSn)6,112.507,71.503,136.80585720959172,81.65841560163572
mp-27296,ZrTi2O,114.231,40.626,134.71174393177384,60.364462325550335
mp-28614,NaBPt3,154.883,34.515,192.67583024250612,62.552496005951014
mp-2880,LuB2Os3,264.273,125.147,294.58455547541774,139.92737250654014
mp-2903,UAl3Ni2,135.451,88.333,136.60114697359043,84.04435048122726
mp-2947,SmB2Rh3,205.017,102.945,225.67464463169063,107.7134540989804
mp-29726,LaSi2Rh3,164.797,91.599,184.7926225275144,94.38212596014684
mp-29742,NdSi2Rh3,166.12,98.975,190.94117102425705,100.65815126690195
mp-30028,YSi2Rh3,173.958,100.445,195.00505453396093,107.11321346490188
mp-30043,CeSi2Ru3,185.912,90.753,195.32189192746517,82.77850516707228
mp-30181,PrAl3Ni2,104.057,64.543,116.99323564992366,68.76429302567966
mp-30182,ThAl3Ni2,122.373,75.405,132.23376220649533,81.91989126285749
mp-3040,TbCo3B2,205.718,120.709,219.99697993844592,122.1690926108748
mp-3055,NdB2Rh3,199.655,90.324,223.55767476851824,106.24292808128672
mp-30621,DySi2Rh3,175.481,101.516,196.12856499777672,106.80727667079296
mp-30815,LaAl3Pd2,102.67,56.516,112.7629277884246,56.95731682276094
mp-3092,DyB2Ru3,223.115,105.243,244.5222819448996,114.41392848584354
mp-3093,ErB2Ru3,225.055,105.691,246.90462463577484,116.37023316718562
mp-3186,TbB2Ru3,222.108,104.945,243.4375974439921,113.13663664093048
mp-3223,ThB2Ru3,230.004,94.235,250.4481296253033,112.99124708769864
mp-3400,Lu(MnGe)6,141.054,96.788,172.25228383418647,105.07529606053944
mp-3467,SmB2Ru3,217.544,103.1,239.97924058611417,109.47539546538168
mp-3494,CeGa3Pd2,101.993,53.223,118.12451385385434,53.24400894073437
mp-3689,NdCo4B,157.015,64.147,185.9100768178557,78.1672427468982
mp-4382,YB2Ru3,221.788,105.493,242.61548925615057,116.48169599121478
mp-4454,CeCo3B2,321.221,472.294,229.3667122091747,118.60316455203366
mp-4561,UAl3Pd2,116.197,63.137,149.33768146821788,73.53938921804968
mp-4634,LaNi4B,141.277,67.343,168.17586570915878,72.47101803790257
mp-4785,CeAl3Pd2,108.295,61.657,119.9514365002687,64.16929602183627
mp-4938,ScCo3B2,244.868,341.806,239.21837297289764,131.708552675128
mp-5019,YCo3B2,203.252,116.996,220.02377892459452,125.07104039647568
mp-505207,Sm2Co7B3,178.372,74.726,199.96480078663188,101.94560887806328
mp-5063,YAl3Ni2,110.087,68.926,126.73541305546917,71.53654995799369
mp-5197,ErB2Ir3,249.809,122.299,265.6030147221692,129.9419275559197
mp-5313,HoCo3B2,203.405,125.023,222.6571871753751,124.88074040499852
mp-5353,ErCo3B2,213.346,125.896,223.80782454276343,125.8876959166925
mp-5369,PrB2Rh3,214.536,169.418,222.22323648201947,105.46176981098274
mp-5410,SmCo3B2,197.382,111.407,215.904059970676,118.09906234603103
mp-5578,LuB2Ru3,227.908,105.804,250.84816991363525,121.20859670891952
mp-5620,TmB2Ru3,225.91,106.066,248.22830444511197,117.98946561264376
mp-567863,Y3Ni13B2,154.502,77.392,180.1277911063988,84.7639798141691
mp-568354,DyGa2Cu3,99.195,47.371,109.39860479993362,51.503141203073994
mp-568555,SmSi2Rh3,171.945,99.601,194.1703326703034,103.79674851838706
mp-568687,TbGa2Co3,135.088,65.247,151.72909680124758,76.22169137523423
mp-569482,LaSi2Ru3,169.788,66.041,183.958226313001,63.95103998258169
mp-569601,ErSi2Rh3,176.446,101.152,200.71722172397784,109.60336668195576
mp-569886,KIn9Ni2,39.521,20.557,49.780863160671046,21.612522188369145
mp-570950,NaLi2N,13.822,13.772,14.139860447180853,16.184616932852602
mp-570998,NaLi2N,41.942,22.499,51.107003086392126,28.33343600035989
mp-571044,CeSi2Ir3,164.527,93.348,220.9057043342948,111.9096459465766
mp-571071,HoSi2Rh3,175.942,101.432,196.98471363234023,107.67507311723242
mp-571263,KIn9Co2,48.749,29.539,57.419130069911766,29.63550783834588
mp-5714,TmCo3B2,210.234,126.519,225.5444603983995,128.16322941853056
mp-5757,CeB2Rh3,205.713,99.395,229.85381366662008,106.16956181034384
mp-7099,NdB2Ru3,214.904,101.199,238.0132681176927,107.71880075120124
mp-7149,Na2LiN,33.247,16.882,39.355913960527154,22.24553715691044
mp-7186,NdAl3Ni2,105.597,67.155,119.0226578168873,70.2103051082405
mp-7247,CeZn3Cu2,88.31,47.803,95.8596453042233,46.04735736962907
mp-754875,TbSi2Rh3,174.624,101.443,195.43173340098167,106.19681497183542
mp-7559,YNi4B,148.286,77.117,187.42764032182015,89.37109182631855
mp-7804,HfCo3B2,253.383,156.93,278.66283103675994,162.71845443257718
mp-8048,NdNi4B,140.198,71.451,177.4438709522909,80.62768113654289
mp-8307,CaNi4B,132.728,61.205,159.03289163398074,77.85055335508942
mp-972309,Ta2BN3,236.24,88.105,273.7938384404219,105.3144551904254
mp-979265,Ta2CN3,237.169,61.097,276.6013534465236,92.29881300637032
mp-23352,Ge(Bi3O5)4,53.667,29.547,133.98424850320114,68.29984540484224
mp-16916,Ca6FeN5,77.543,34.172,93.4913045862712,53.421153493637256
mp-17577,Ca6MnN5,78.322,38.848,96.39295531807215,53.55476747377535
mp-17875,Ca6GaN5,71.121,28.855,88.30721973826581,54.610309705907675
mp-31469,Hf5CuSn3,118.269,63.711,134.43556643727763,70.16129576801434
mp-39105,MgTa2N3,275.66,202.375,327.6930810213301,214.06815974634185
mp-556777,Li2CO3,75.034,40.321,145.0682447799636,78.37899767082804
mp-8045,V5P3N,209.704,88.907,240.84309688793545,124.7195071293068
mp-10847,NiSbSe,79.428,48.176,109.49473133051974,56.03898245142881
mp-10848,AsPdS,100.205,37.791,124.99713895683765,51.19294572946131
mp-10849,AsPdSe,95.795,35.985,116.20920634466276,47.805292719528794
mp-10850,SbTePd,79.387,32.354,96.31225559349004,43.45581184922595
mp-12923,SrPIr,98.247,31.257,118.04948542384312,51.43682309488224
mp-16363,CoAsS,123.363,106.06,163.87786228138444,124.64775114751404
mp-21164,SrGePt,67.988,19.913,84.09456513964581,36.57309486463103
mp-21236,BaPPt,79.315,31.085,92.99878797405992,43.04598094570975
mp-22151,BaGePt,65.25,23.001,76.64138897446405,32.369247618789466
mp-23339,NaBrO3,27.038,16.231,86.25329728677491,52.06506818054782
mp-2720358,NaClO3,25.827,14.452,84.228430800793,55.14354907999282
mp-28980,K3BiSe3,12.443,7.072,29.314689539806785,15.705056475174151
mp-29011,BiTePd,74.017,26.776,86.72759066103035,38.5305524712961
mp-29379,K3BiTe3,9.122,4.756,23.72669117814165,12.323827226716087
mp-29638,BiTePt,86.263,32.854,99.19134859330715,44.15453749210489
mp-3519,ZrSO,130.347,50.433,168.76690494202884,75.15130246223823
mp-3679,NiSbS,84.973,51.865,119.08050146872404,64.37876886832531
mp-4368,SbPdSe,83.274,31.472,103.90860938406388,44.13340668223576
mp-4478,CaSiPt,82.686,21.792,102.71052248048564,43.693621067693314
mp-4876,Tl3SbSe3,14.239,6.494,35.49085871323823,15.577337513836614
mp-756361,ZrSeO,121.879,48.154,157.34568355478726,67.02424019176301
mp-775761,AgClO3,33.661,7.739,88.21012284700906,44.44132061738901
mp-7787,HfSO,141.028,58.701,180.37497100255,85.12152839641749
mp-8458,BaAsPt,68.239,23.705,81.34572309769823,36.03648056247208
mp-8630,SbIrS,140.919,86.444,175.62988471616617,115.38472397366974
mp-8843,SrSiPd,68.756,23.297,78.11417938001118,35.288455336808276
mp-971914,SrSiPt,78.261,27.152,94.05434913154444,42.00251194609576
mp-761872,Na2Sn2O3,30.323,23.861,79.54999061364236,44.52780763801221
mp-8624,K2Sn2O3,23.501,15.91,63.50891866283401,35.9748385922417
mp-1029490,Sr3B3N5,69.598,26.776,116.5143581395984,73.6360510730923
mp-1029580,Sr4ZrN4,71.003,28.485,89.79642123439415,47.37166976868126
mp-1029660,Ca4ZrN4,86.996,41.251,106.65320908682152,58.88594146079489
mp-1029699,Cs2CN2,17.81,3.776,32.135967482125444,15.67534438526217
mp-1029730,Ca4HfN4,88.682,42.246,110.286359394211,62.23487942209871
mp-1029733,Sr3Al3N5,104.031,52.829,128.5106732841793,89.34230490106522
mp-1029737,Ca4VN4,88.844,45.204,117.56443346179192,68.50273995805723
mp-1029782,Ca3W3N5,108.798,49.934,181.6707272061348,83.54252477484431
mp-1029799,Sr4TiN4,72.97,33.654,95.67634573028498,52.29965269813099
mp-1029921,Ca3Al3N5,112.618,59.404,141.65291065232702,100.9323219465496
mp-10810,TiAgF6,20.057,14.3,99.76243379815368,41.983786270825625
mp-11737,Li4SiO4,78.989,53.188,129.24539097889794,91.44636031745272
mp-1205307,WSCl4,0.936,0.749,51.35330760327148,23.34269932944376
mp-1542038,CsSnSe3,12.624,6.148,33.90083739323056,18.765943862590778
mp-16828,Li3B7O12,64.468,39.327,179.13343897626478,120.6059055075256
mp-22747,Pb(CO2)2,22.536,13.958,100.95682017374072,59.31998663822935
mp-23791,B(HO)3,14.465,6.744,63.55983269630577,40.60764687826524
mp-2422143,Pd(Se3Br)2,2.439,2.054,34.01816051493849,17.488362456232664
mp-2422943,WSCl4,0.203,0.2,49.50081438650978,22.199979160885658
mp-2458827,TePdI2,6.67,3.699,48.32071059622527,19.623951828603406
mp-2492941,Li2NbS3,52.707,32.578,91.92445339860086,51.251157069842584
mp-2725306,NaCu3O4,45.84,20.876,75.29585628904358,38.67371790895589
mp-28017,Na8Ti5O14,74.063,43.59,145.14960500218424,84.58054458800089
mp-28174,Pd(SCl3)2,2.346,2.36,32.16396688569638,15.852936721889836
mp-28230,TlSbS2,13.437,5.992,49.9685820245973,22.621435500452822
mp-28376,CuAuF5,30.801,13.085,83.7115304429015,32.81253194276098
mp-28711,Sb2S2O,11.667,10.585,76.37653861940817,39.60200691927825
mp-3283,RbNbO3,40.207,18.604,125.13593380261749,60.213505333339285
mp-4428,CaSiO3,76.748,39.815,159.24388584660934,101.51271889178356
mp-4429,CaSiO3,92.549,47.623,156.55418011407988,98.5875856134892
mp-5065,Al2SiO5,172.073,119.72,246.55163837083307,167.79276741978168
mp-554678,CaGe2O5,117.103,60.045,176.3863940286599,108.23252238747908
mp-568469,Ca4TiN4,90.623,44.997,113.66180236414206,65.4017143102395
mp-570568,W2NCl8,4.479,2.06,65.6697922705713,31.120458176097586
mp-635713,TiZnO3,65.52,25.095,146.37584174942504,67.01396468486604
mp-676540,TlSbS2,14.241,6.331,44.958120237363175,20.118824383176666
mp-6999,ScPS4,7.016,5.269,67.55013644297766,38.391825554278135
mp-752685,ZrBiO4,105.128,46.263,186.7041511723312,89.90860908379513
mp-755115,CuReO4,47.537,30.382,220.28646958346184,99.89381900185366
mp-756683,HfBiO4,129.509,61.088,196.33060179298127,97.57098806828868
mp-7622,KSO4,21.988,11.3,90.54532553818476,60.143580939831146
mp-4051,AlPO4,17.002,30.589,152.02591002325286,90.99810405594783
mp-553932,GaPO4,22.532,25.908,151.80635441396464,93.06777685761676
mp-558125,BaTiO3,102.538,53.631,164.11310617383384,93.94030594351798
mp-989586,SrTcN3,85.068,22.858,156.93400636411894,62.51147694293884
mp-997027,AuO2F,17.499,7.771,66.3550495520734,26.68078940601699
mp-30178,Mg2Al5Cu6,101.138,58.206,111.53008637275391,63.44748071022959
mp-31064,B6H10N,14.126,3.607,95.01983826021775,89.40060620994223
mp-12956,Yb(FeP3)4,157.162,108.383,177.79750151156082,138.22213289768837
mp-16272,Ce(FeP3)4,168.858,133.263,179.5906616980836,149.94045029707553
mp-3569,Nd(Sb3Os)4,100.469,52.211,120.04641183780836,74.96379840124943
mp-4251,Pr(Sb3Os)4,100.522,49.953,120.14749730675364,75.3717306189144
mp-4341,Pr(P3Ru)4,162.522,100.692,184.35054501991104,128.98978381705183
mp-14753,Li7TaN4,82.815,64.79,124.13851070395876,86.19594547912858
mp-14827,Li7NbN4,81.654,63.726,119.20996244742992,82.06304491938127
mp-20820,Pb(NO3)2,30.668,10.034,121.36347160966288,62.630944008064795
mp-3142,Ca(NO3)2,3.748,8.029,128.41830554461777,69.87247377096395
mp-4157,Sr(NO3)2,31.616,13.799,121.99221217684476,67.31949708024297
mp-4396,Ba(NO3)2,27.443,9.771,106.63198737597718,57.98403476164109
mp-4604,Li7VN4,82.448,71.832,119.0401715661589,89.23602961207847
mp-5024,ZrP2O7,131.49,51.345,178.60551861185655,113.05420310168375
mp-571369,Y(BH4)3,27.174,16.32,65.4171128271042,53.95599748153866
mp-530399,LiAl5O8,196.082,120.442,231.22443755174632,160.49953370157263
mp-1029562,Li3InN2,85.511,58.145,97.22860260827976,73.85217837417386
mp-1029592,Li3YN2,80.904,44.751,95.4723442347042,60.83114041364244
mp-13944,Li3AlN2,102.784,99.981,129.13590015512165,114.12232964222812
mp-21861,Cu3TeO6,147.302,62.89,175.9385944008066,84.87868733108219
mp-3887,Li3GaN2,98.991,87.141,116.28274169034832,96.23180851758518
mp-542435,Li3ScN2,92.251,60.664,109.1865026949908,74.27443526664929
mp-18093,Al2Mo3C,225.38,81.165,247.49639257311551,113.41694283799694
mp-4091,Ni2Mo3N,278.976,141.689,318.08381977776736,149.42753578698816
mp-1019380,Al3BN4,223.081,145.417,231.76096241458276,162.04624513343924
mp-1019508,AlGa3N4,177.124,106.97,189.2043332639458,121.9867466220684
mp-1019740,GaB3N4,302.943,232.977,314.47343630884734,262.7548796975123
mp-1019743,Ga3BN4,206.368,134.04,217.8571150225528,150.09236216522564
mp-10748,TaCu3S4,32.41,24.368,90.96979795293848,50.81855048284568
mp-20545,Cu3AsS4,71.506,26.458,78.03657861404288,35.07434114424851
mp-21855,VCu3Se4,35.323,20.988,77.33424668975181,44.39250369414919
mp-36248,H4BrN,18.724,9.681,63.3367835502944,43.12493194431772
mp-3762,VCu3S4,43.389,24.992,89.42455992637139,53.0833581982134
mp-4043,NbCu3Se4,33.566,22.259,78.95779167347301,45.07200932343101
mp-4081,TaCu3Se4,41.99,22.077,79.79536684999661,45.0322349592654
mp-5245,Zn(CN)2,40.24,4.726,84.45488251071968,27.609021538662667
mp-551736,K4CO4,17.431,0.411,67.24561238470564,40.93183993098637
mp-551886,Na4CO4,32.124,11.846,99.16511551397312,65.83144770660978
mp-5621,NbCu3S4,44.381,25.259,89.8893862065606,50.678956070210866
mp-753982,Li3CrS4,11.688,5.266,41.33572075696429,23.79689161039729
mp-755309,Li3NbS4,11.108,7.241,45.14601449487209,24.073899484711408
mp-760375,Li3VS4,13.233,5.774,42.81504639109469,24.130452050192687
mp-850275,Li3SbS4,9.928,5.909,36.564647320420775,20.406073850812373
mp-9295,TaCu3Te4,34.708,19.87,68.6891504141543,37.82990045079506
mp-981379,Zn3CdS4,65.214,27.769,66.58696706217164,35.40188613207693
mp-991676,NbCu3Te4,30.476,19.727,67.42010235398622,37.74325090178973
mp-5710,Ag3Te2Au,41.009,10.424,66.33265694567001,19.533094013324057
mp-10167,Na3SbS4,21.399,4.399,48.48110806815886,26.358910092751906
mp-1025396,NbTl3Se4,18.062,7.445,43.02629538708827,19.21001051792228
mp-1025549,Tl3VSe4,19.502,7.414,42.91145513116166,19.330114178232495
mp-11176,Ca3(SiIr)4,131.909,53.407,144.56977345582277,71.46694522363394
mp-11285,Ca3(GaNi)4,59.548,34.84,87.04776070159197,44.76104523797951
mp-17862,Ag3Ge5P6,64.884,35.962,78.4008038735644,49.76248360343748
mp-4812,Zn4B6O13,179.033,90.257,220.95894747339383,141.55271302338383
mp-5513,Tl3VS4,21.006,7.07,47.60107595563142,21.568375803271472
mp-647164,Cu12Sb4S13,59.344,73.669,80.64292939551139,38.40132699355707
mp-8703,Na3SbSe4,19.392,5.501,40.60859405426806,20.39069262734708
mp-985584,Na3PS4,22.647,6.232,52.3032042975871,29.40473318724803
mp-1029522,Li7SbN4,75.104,62.895,99.10444458282944,81.64260239416971
mp-4198,Ag3PO4,76.581,14.472,122.3614435295106,52.70352113043855
mp-1008631,VCoTe,143.581,40.65,132.72397088802427,59.066868967569775
mp-1008680,TiGePt,151.635,59.294,170.6632296477852,82.29838564387325
mp-1008866,NaAgO,59.264,20.866,65.78324268050193,24.744755190558458
mp-1008872,MnFeTe,111.271,57.648,424.4854897381154,91.13127424695628
mp-1008873,MnCoSe,118.385,29.978,148.00617832858313,40.395567029794115
mp-1008874,MnCoTe,116.02,49.122,136.13712431345542,59.717333981681506
mp-1008876,MnCoS,133.924,13.263,170.7033764002635,29.09147410722619
mp-1008903,MgAgSb,58.085,16.306,65.84344583350898,20.59878167155756
mp-1008911,LiMnAs,43.203,33.252,54.26627876748965,46.69472767629794
mp-1009006,LiCdAs,46.662,3.251,54.60546443180475,23.358487187607825
mp-1009014,LiCuO,97.277,46.923,109.06793363875612,37.972750530130185
mp-1009048,KAgO,42.453,64.93,46.30044175036386,13.44101780235025
mp-1009544,CsRbP,10.753,4.376,11.66140680748545,5.304961524421077
mp-1009592,CrFeTe,93.912,54.599,119.01356317320447,71.88974451946336
mp-1009593,CrCoTe,101.026,48.166,145.36766427797167,66.67891695903438
mp-10154,MnSbIr,131.258,42.613,180.88612039271484,65.12663753715725
mp-1017515,Mn2CoAs,199.678,76.451,986.8777611726664,125.94421364717604
mp-10178,LiMgP,55.743,22.303,64.45890714049091,40.6279410011028
mp-10180,Li2SbPd,68.437,27.178,73.21014252864,41.28657613990769
mp-1018009,Li2MgSi,44.934,36.356,49.667883257173074,36.232886787777254
mp-1018015,Ti2MnGe,140.634,33.046,147.3977603110749,53.254067876254176
mp-1018135,LiCdAs,46.596,29.67,49.70310832668747,35.37051835129006
mp-1018136,LaBiPt,78.997,33.23,86.36634095073721,48.04793996450329
mp-1018139,HoNiBi,81.591,50.118,94.65863113335746,60.72249011663456
mp-1018161,CrNiSb,104.241,46.545,140.20559667634907,68.48921343429788
mp-10182,LiZnP,63.12,51.137,69.42618152596965,63.46872271132054
mp-10183,MgSbPd,79.924,29.553,93.70249739457432,48.48383771250578
mp-10184,MgSbPt,88.916,35.31,106.8995166644308,57.1172838280372
mp-10194,LuSbPt,104.751,50.093,118.62765822270188,68.13676467380097
mp-1024957,TmInCu4,109.749,55.5,114.599947680369,62.311356198696544
mp-1024984,TbInPt4,161.456,57.587,182.22245709489147,68.18359857084347
mp-1024987,HoCu4Ag,104.289,14.049,116.86179007170452,45.86471059811673
mp-1024994,HoCu4Au,110.424,33.425,130.245080077048,48.103272506408565
mp-1025021,YbMgCu4,79.591,28.588,110.73639046118574,49.296744520927625
mp-1025022,HoInPt4,163.795,57.77,183.6130118997116,67.97842040694688
mp-1025113,DyInPt4,165.87,59.703,182.26322072093248,68.05833182260142
mp-1025116,TmCu4Ag,109.243,27.214,118.49292471445467,46.68884823206223
mp-1025134,HoCu4Pd,115.869,48.519,133.3968563201283,50.7667618502154
mp-10623,ThSbRh,112.537,42.792,123.25692233200289,59.19437591920118
mp-10624,USbRh,134.411,36.636,144.11448854377272,54.77926940505105
mp-10687,LiCdP,53.16,4.094,61.59671456355563,24.193362767088683
mp-10755,TiFeSb,119.461,56.301,127.1703934925599,72.88698251001857
mp-10756,VFeSb,83.654,11.035,85.52875132176077,51.200307988436336
mp-11194,NdMgNi4,122.846,50.0,132.88897861881446,61.75421464834858
mp-11304,Li2CdPb,32.005,11.955,32.12557743323888,-1.5009382416843835
mp-11361,MgCuSn,78.29,38.37,72.79404713576535,48.60268850039418
mp-11390,LiGaSi,58.688,46.327,61.12926378357634,54.537551064616714
mp-11520,YNiSb,88.707,55.328,106.65949685808484,70.46221194617304
mp-11533,ZrZnNi4,162.623,70.469,193.22068034912544,87.74768488129848
mp-11621,ZnNiSb,96.917,40.075,111.91173121545444,59.88320420005778
mp-11808,ScNi4Sn,140.435,57.323,168.25412177014834,70.99305322217386
mp-11836,ErSbPd,90.514,44.187,103.22296110042522,58.97609253030079
mp-11869,HfSnPd,123.996,58.332,138.2119326033908,75.52550564084154
mp-11882,TiCuHg2,100.973,12.437,113.005847034835,30.748306891153774
mp-12006,CeCdNi4,121.691,53.332,151.7114001704012,65.74585066877728
mp-12007,HoCdCu4,104.872,51.211,112.65271156257025,55.05498774598911
mp-12008,ErCdCu4,101.387,52.422,114.03242491045316,55.65967841337992
mp-1219553,RbBH4,11.822,7.082,35.07747022329229,27.04616749668851
mp-1225884,CsBH4,10.872,5.362,29.549432756729352,23.24585453838928
mp-12411,Li2ZnGe,48.483,38.377,53.236120338368174,38.67194612006071
mp-12558,LiMgAs,46.549,36.802,50.70751702825823,44.12537332650671
mp-12564,LiSbAu,53.85,8.279,61.495912609514825,23.821176194252487
mp-13079,Mn2AlCo,158.934,102.599,160.57399285194123,126.94292753422776
mp-13082,Mn2CoSi,220.339,98.352,348.02962461803696,131.68946825821575
mp-13085,Mn2CoSb,171.446,74.447,156.82477719288664,63.65982101676741
mp-13172,YMgCu4,90.416,45.743,101.3552706838624,48.38949532023095
mp-13240,ScInCu4,114.133,60.675,123.26456996790196,64.93865620144526
mp-13306,YbCuGe,59.822,0.769,102.79425246753458,72.44149994605047
mp-13308,HoGeAu,86.61,31.821,99.66796379741244,49.86525782786889
mp-13436,PrMgNi4,113.482,48.482,129.1570390421018,59.023911566071696
mp-15778,MgNiSb,83.144,46.001,93.24115541782491,63.11038240875375
mp-15988,Li2CuSb,52.716,33.809,61.38289457764929,34.987713615238796
mp-16238,Li2AgSb,46.551,20.639,51.66148610395846,17.32546308974558
mp-16246,CdSbAu,69.142,14.861,80.10622723120758,18.64383125012801
mp-16314,TmSbPt,103.205,49.592,116.51961961880578,67.92349874512668
mp-16327,DySbPt,100.142,48.071,114.14352452358422,66.83813719154853
mp-16329,ErSbPt,101.691,49.226,116.65326718948523,68.09579078635706
mp-16343,LiInGe,37.377,33.386,43.86638219439714,36.174728179955146
mp-16376,HoSbPt,99.731,47.964,115.61760317928332,67.22850141409278
mp-19886,ThSnPt,109.3,42.631,118.25432725449345,56.55086529541973
mp-20185,LuNiSb,96.168,62.894,114.3659106278626,75.74109268891715
mp-20269,MnGaPt,123.891,21.757,132.99079444237094,17.086149768918432
mp-20275,CeGeAu,70.17,18.402,81.69618804312744,34.31469107065729
mp-20389,Na2CdPb,23.527,10.909,22.391021760612336,8.838629391266615
mp-20952,TiNiSb,126.65,59.365,132.43830515012343,63.69126395166418
mp-21026,Li2InPt,71.969,18.408,77.51717886011546,29.797087426916494
mp-21029,Li2InPd,59.663,17.086,62.91786189869472,25.329387080877385
mp-21272,ErNiSb,92.177,58.842,110.447542247324,73.39501253414049
mp-21418,MnSnPt,59.75,15.121,302.07636624968507,53.85677970787133
mp-21425,UNiSn,116.316,51.159,121.84516038375892,63.12519391398482
mp-22027,MnSnAu,79.189,21.172,310.92531032121474,62.19951153974147
mp-22229,TbInCu4,103.672,50.032,111.48058747436546,59.87440916815371
mp-22276,Mn2InCo,135.295,36.221,144.24209424125883,60.11373955283096
mp-22289,Mn2CoGe,176.138,66.995,144.79712908413137,82.96558111304488
mp-22465,Mn2CoSn,114.714,75.75,159.89458398559782,61.642006487082405
mp-22541,MnNiSb,98.538,0.5750000000000001,150.15363404184674,40.545275071965094
mp-22786,ThNiSn,98.7,48.922,109.4077586760664,59.51916801017332
mp-22792,MnTePd,83.667,19.831,50.597806958587846,8.121310586209592
mp-27608,Be4TeO7,182.13,112.527,211.17592999236263,158.47125147848146
mp-2894,ScSnAu,88.353,43.605,101.23671985037385,55.250101482617325
mp-2935,Li2GeAu,61.01,28.556,69.14634862728361,40.58878742327399
mp-29733,MgNiBi,69.981,35.796,79.81425728989353,48.8700271612404
mp-2988,Li2GaRh,81.563,35.873,87.50213418802736,38.932215193879024
mp-30344,Li2InAg,43.023,15.372,43.980282227376605,23.223960244302344
mp-30349,Li2AgPb,39.481,13.522,43.208098857108915,25.543459126669035
mp-30381,Li2GaAu,59.891,25.706,66.63711811714902,34.62530957391131
mp-30392,Li2InAu,53.673,16.653,58.52814761681361,28.229262211518133
mp-30403,Li2PbAu,44.376,11.552,53.45254419093155,24.857702277104845
mp-30404,Li2SbAu,54.242,21.767,63.925220560626435,17.391318280025647
mp-30405,Li2SnAu,55.812,21.316,62.20567074358135,35.27602307045771
mp-30406,Li2TlAu,45.771,8.488,50.183184201691795,18.682120772087405
mp-30449,MgCuBi,56.495,29.042,63.968122450099955,29.35853143778956
mp-30452,DyNiBi,79.997,50.161,94.06323452201303,60.47281287077764
mp-30453,DyBiPt,89.435,40.218,100.063009108868,58.48585907518594
mp-30454,ErBiPt,90.805,40.701,101.91268848557988,57.862909779387984
mp-30455,HoBiPt,90.608,40.665,101.17632854706878,57.89572827209556
mp-30457,LuNiBi,82.386,50.28,97.12324484164884,60.87019894563648
mp-30459,ScNiBi,87.697,53.578,103.20026122911553,67.19262156248672
mp-30460,YNiBi,80.316,49.382,92.6259350378958,59.60601103902945
mp-30530,TlClO4,12.984,5.629,72.63152616780616,44.03673134188874
mp-30582,HfCuHg2,105.976,17.253,122.3548280782893,33.4951772945865
mp-30587,MgInCu4,100.153,31.24,116.09950448434542,47.19810104255343
mp-30591,Li2CuSn,52.666,30.448,59.66096559283446,42.7692351810476
mp-30816,Li2AlPd,68.314,29.042,74.343801760997,34.68337899741776
mp-30818,Li2AlPt,84.603,37.313,92.88315278903536,43.8542424307408
mp-30820,Li2AlRh,80.792,39.204,87.25153690741831,40.972270327223185
mp-30847,TiSnPt,136.97,56.643,157.8152513754433,82.53052217155809
mp-30848,USnPt,145.047,53.407,132.59097833163125,52.89294878444191
mp-31168,Li2AlAg,50.135,25.281,55.02797471061183,33.3906576587152
mp-31441,Li2GaIr,95.635,41.728,102.79314882172612,43.81705105917021
mp-31442,Li2InRh,70.882,25.237,77.10314501348756,31.451163307541787
mp-31443,Li2InIr,82.523,28.256,90.8115982181618,35.34234355368293
mp-31451,ZrCoBi,118.226,61.85,142.23783477090342,83.26766189158589
mp-31452,ZrNiBi,99.372,37.576,120.44618904899534,47.03275124509285
mp-31453,NbSbRh,149.831,42.085,157.6889332782511,57.44472169851233
mp-31454,TaSbRu,176.103,71.486,200.4591626761954,109.69663971042723
mp-31455,VSbRu,161.485,48.967,196.30764926626935,96.29689124161268
mp-31456,HfSbRu,142.704,47.25,152.84636609714656,63.43207129291536
mp-31457,ZrSbRu,136.523,45.611,144.37829226612254,61.34719904443428
mp-31458,TiSbRu,144.54,28.092,147.53474166152645,57.77966570375846
mp-31459,TaCoSb,165.084,66.374,172.00965220869617,78.02684427332103
mp-31460,NbCoSb,193.533,59.158,163.11614695817872,71.29076357974986
mp-3158,Li2SbPt,79.179,28.96,89.26113660044142,44.99071523400797
mp-3161,LiAlSi,63.069,55.349,65.5067284728979,64.03941546185253
mp-3201,Li2GaPd,67.604,26.29,72.6429021882289,31.606074078363516
mp-3307,BaSO4,43.4,19.34,114.0880047569891,67.3485464928674
mp-34240,NaZnAs,42.014,15.206,47.94359378915401,34.380496613970166
mp-3432,ScNiSb,103.751,66.881,118.28694740115732,79.42792895697903
mp-3433,YMgNi4,90.883,57.883,137.81384542272446,65.82942328539666
mp-3477,MgAgAs,65.693,7.627,71.5390936624907,16.663739411661002
mp-35208,NdOF,131.316,58.164,159.56365618792069,82.2009092859667
mp-3522,MgCuSb,66.779,36.515,74.2604341468777,41.8137753398434
mp-35841,Li2CuGe,58.787,40.226,68.6608360571174,46.7305207602646
mp-36033,PrOF,124.08,55.446,155.18962436434518,79.43714014671274
mp-36111,LiMgP,53.996,43.198,59.023453012943314,52.30304114404681
mp-36526,AcOF,106.534,46.716,127.52521704579958,61.11853759804124
mp-3676,MgCu4Sn,97.854,58.121,115.12331207272194,57.76078725818995
mp-3716,TbNiSb,89.316,55.203,107.12727688460618,70.20222806914119
mp-3726,Li2GaPt,82.351,28.95,88.31630826865646,37.85249133227385
mp-37381,SmOF,136.531,61.265,162.9741042626663,85.70162959753698
mp-37906,LiMgN,98.683,82.964,138.17428088563778,112.3427050297126
mp-38194,YOF,141.676,65.184,164.78354037355234,88.1959771881116
mp-4025,TmNiSb,91.824,61.273,111.01957604056425,73.45229583467712
mp-4076,VCoSb,141.89,55.213,159.37847773034807,86.21180368761979
mp-4142,MnSbPd,83.912,1.044,281.42674497952004,28.20876558228559
mp-4174,HoNiSb,92.38,57.242,109.70717620807082,72.36408140261437
mp-4262,BeAlB,140.226,133.528,158.64962717538413,168.4992021404022
mp-4510,DyNiSb,90.475,56.439,108.41433356928373,71.63463390850896
mp-4846,MnSbRh,112.852,31.097,685.0971584682915,89.21079562444594
mp-4964,YSbPt,96.369,47.273,112.30777696309416,65.2698819993226
mp-505297,NbSbRu,168.993,67.952,188.9713780811443,101.52319311998754
mp-505572,Al13(CrSi)4,112.279,68.175,124.20252439272552,87.9137700891262
mp-505599,VNiSb,142.304,47.873,147.10152867298223,68.76932139148971
mp-5222,ReTeS,67.821,43.016,156.216438926555,82.78294062406333
mp-5318,MnCoSb,116.415,56.542,253.1683549368755,82.15722309888845
mp-542065,CdAgSb,58.715,6.418,68.10349694780223,12.814799613878192
mp-545756,ZnSO4,70.5,8.515,104.533644589535,54.14656383676376
mp-546633,KClO4,15.769,7.16,76.07584405488083,48.54124908302999
mp-546711,CsClO4,10.709,5.142,62.99191550463512,41.78403801411192
mp-554769,MoSBr,50.553,31.655,126.51239424924928,73.68998590017543
mp-5549,MgSnAu,65.619,28.043,77.40770305886873,42.24397668482695
mp-567347,Li2AgSn,46.665,20.768,51.3017271631528,31.49286423280236
mp-5676,MnSbPt,110.879,29.228,875.8224075727616,90.14943771808063
mp-567636,VFeSb,162.865,60.034,183.91164440128503,117.5613072997232
mp-568269,TmNiBi,83.509,51.78,96.22763991960632,61.51901606899077
mp-568398,CaBiAu,53.944,22.466,55.61578407354256,25.81348797084567
mp-568466,LiInSn,34.609,19.365,35.24940821282061,16.022317841506077
mp-568891,MnSbRh,105.879,17.49,87.78596383831136,32.704281503592114
mp-568931,YbNiSb,71.524,33.339,121.27935821658234,79.61680937981926
mp-568983,MnSbRh,104.921,9.443,105.10003096511242,51.5046649516776
mp-569661,YbInCu4,121.133,66.868,124.04183220934272,63.38503826053293
mp-569779,ScSbPd,99.2,46.202,110.97728144644506,60.69581662267563
mp-570014,YbSbPt,77.685,26.578,129.5177874034517,70.80997535948818
mp-570213,LiMgBi,31.336,21.657,34.64443202621162,25.957742375774153
mp-570769,CaInCu4,83.946,39.309,96.11801329107077,45.9180318156348
mp-583030,MnSnPt,100.495,10.5,117.50231926211208,42.041595645525334
mp-5866,MnCuSb,75.954,30.067,68.84943697465249,26.313258633668955
mp-5920,LiAlGe,55.853,50.642,60.115679489083455,58.7294744513257
mp-5944,MnSbAu,77.433,12.833,78.58968942560102,1.8276645815500077
mp-5967,TiCoSb,141.018,74.37,159.6965926475657,106.41577163426616
mp-600124,MnNiSb,101.928,50.092,129.5780552770622,61.292665325014426
mp-631269,LiIrRh,141.531,30.087,176.46595670981455,59.14443286438741
mp-631302,ScVFe,98.321,116.716,72.63377122144155,17.843303559773055
mp-631320,TcIrOs,264.415,57.963,308.82883365130346,97.366879104898
mp-631322,KSnOs,58.658,15.074,63.69782907899821,26.567197066294817
mp-631329,KMoRu2,142.296,48.436,159.52233027348376,55.4734159945409
mp-631335,MgTaZn,88.355,36.564,93.53362212904052,49.44041535383059
mp-631339,Na2LiTa,17.782,5.998,16.245635223366744,6.841609680346756
mp-631342,MnTcPd,139.643,3.578,141.36748462357048,64.32239871300831
mp-631343,LaRe2W,194.937,81.15,221.43629578887845,94.75425980804772
mp-631354,ReOsRu,271.769,40.401,306.91329651868847,88.40637505194245
mp-631371,TlCuIr,106.279,14.125,120.63829798130772,42.13873739354204
mp-631383,MnCrRe,167.245,33.053,182.97804916595885,66.87224335101996
mp-631388,CdIrRu,157.642,17.362,177.15210619786882,64.08139926660625
mp-631390,SrZrZn,30.597,4.064,35.11063480523047,15.348082062764666
mp-631398,TeOsCl2,98.163,88.718,112.2969775298507,29.97352298792632
mp-631404,CrIrRu,181.074,15.702,207.4555809869028,55.49263503494945
mp-631411,CaTa2Tl,97.416,36.635,106.53837531768912,44.21767950460844
mp-631424,ReW2Br,209.674,41.412,232.99509455490025,63.01097262854535
mp-631429,ZrCrFe,88.405,20.655,115.29725865098338,29.33293089076202
mp-631441,NbBi2Mo,117.828,284.254,137.111639394853,49.021210263334815
mp-631451,Ta2CdBi,106.406,20.358,115.37188445123216,-160.9075553292212
mp-631462,BeTcSe,122.422,93.926,150.80221387813302,-0.9756937906596024
mp-631475,TlZn2Tc,105.795,16.375,107.39365881333472,-7.679427208040445
mp-631479,CaHfBe,49.413,19.0,49.139803673793246,24.720530908188422
mp-631482,BiMoRh,130.515,22.36,143.42938331857158,38.901139116545814
mp-631495,BaYSc,17.332,27.375,20.031159735036145,4.259585570099672
mp-631503,ZrAlW,104.983,0.641,97.87537078570982,21.85974514339444
mp-631505,BeCuBr,46.71,7.573,51.5210108248784,-18.755576053389007
mp-631523,TcNiW,201.037,21.798,211.750531471993,54.4572643275593
mp-631541,BeGeB,111.116,3.995,118.43708493376562,9.368282091198312
mp-631551,MnAlTc,119.44,1.572,319.1532885694298,-7.075479875875706
mp-631556,BaGe2B,43.591,0.933,49.58684428348469,18.542621176967515
mp-631570,BaTaB,65.046,91.332,72.39864756143596,27.964741594498975
mp-631576,MoPt2Br,173.98,53.948,205.75464325402507,59.27305095174956
mp-7173,ScSbPt,112.645,53.46,127.15871413952088,73.11022523216262
mp-7575,LiZnN,112.773,83.729,151.67522153480485,115.101671004545
mp-759877,Li4CuF7,53.165,15.96,69.92814806726962,41.06135222300982
mp-867863,SmCu4Ag,100.508,31.012,111.33569252410588,43.3902425151395
mp-9124,LiZnAs,53.606,40.964,60.01868610715802,52.02528701453555
mp-924128,HfNiSn,127.878,77.933,145.19698933140683,94.56190863496698
mp-924129,ZrNiSn,115.909,73.11,140.63217622201628,89.19816545931538
mp-924130,TiNiSn,123.819,69.076,141.6527840335461,89.8521721223456
mp-9437,NbFeSb,164.016,80.125,202.0417170298621,112.52852064077878
mp-961645,LiAlGe,48.554,4.5600000000000005,57.750937520776475,32.1488452004257
mp-961646,TiTeOs,158.831,62.489,183.21204827551313,90.57076298804036
mp-961649,ZrFeTe,135.818,74.15,171.1083684364035,100.25851623825493
mp-961650,AlVNi,119.158,139.154,123.5900184107942,36.66124055715452
mp-961651,ZrFeSe,143.448,68.035,174.90223580248593,98.10047094364243
mp-961652,ZrFeSb,119.495,67.211,130.7774959584579,71.2508487178886
mp-961653,FeSiW,226.039,121.257,263.3907283327493,154.3416239232677
mp-961656,VFeTe,134.14,53.837,141.54117247922838,79.64741210455017
mp-961657,YNiP,107.291,33.705,126.44074089739838,80.97108121192909
mp-961658,VFeSe,138.506,51.107,150.97205926285815,66.35641222656176
mp-961659,TiSiPd,145.487,56.487,160.0274048094514,76.67251051873879
mp-961660,TiFeSe,157.629,76.634,189.03502207096423,109.12253583615612
mp-961661,ZrSiPd,138.82,55.905,154.07294523415138,76.59364851626273
mp-961664,VSnPd,120.16,31.185,153.103485901066,58.632878133425024
mp-961665,MgScGa,54.545,37.789,57.46114301262249,41.151768566174134
mp-961668,AlVPt,139.456,27.745,158.2664598989463,52.64092250573096
mp-961669,NbGaPt,135.124,0.506,151.66107352566326,30.709718404803876
mp-961673,TiFeTe,146.311,73.592,172.14719298427903,106.9314240160089
mp-961674,VGePt,145.001,3.848,159.17375707041987,43.84626731231846
mp-961675,ScNiP,129.129,70.695,149.27106105080043,95.44077294050032
mp-961678,ScCoTe,110.522,66.456,134.19585371373952,85.95920024138255
mp-961682,TiSnPd,118.974,47.761,135.81195042454962,69.06533237491689
mp-961683,LiMgP,49.919,4.158,55.762240451313914,22.48392434073692
mp-961684,LiCaAs,37.314,17.972,39.61412797566774,28.64821693960947
mp-961685,NaCaAs,33.378,21.704,34.32047979372367,23.74737710659649
mp-961686,HfSiNi,125.6,20.992,132.20116703051193,60.17274192154825
mp-961687,ZrSnPd,118.393,55.653,134.29258982115533,72.38823578132678
mp-961688,VGaPt,136.177,15.44,156.85463828155335,53.63075684195868
mp-961693,ZrInAu,106.206,48.87,120.15686131619236,66.97631249796937
mp-961695,LaCoTe,85.096,22.703,100.6908557756162,49.9653552776078
mp-961696,MnCoSi,181.264,72.168,250.41316331085036,102.45507835145538
mp-961697,ScGeAu,95.062,38.126,109.15938324441782,53.810631463616225
mp-961698,LiZnP,64.164,34.294,70.41834209302091,49.82211677627484
mp-961706,TiSiPt,165.342,68.623,183.35788098518051,92.9272311086844
mp-961710,VSiPt,171.875,47.772,189.17257999930757,74.83444901041096
mp-961711,ZrSiPt,154.395,61.799,172.3107068376064,89.40170795214368
mp-961712,TaTlPt,153.2,54.063,179.41087074073786,81.82138953323795
mp-961713,ZrSnPt,133.908,63.302,153.35129765964612,84.53474617732384
mp-961716,VSnPt,137.912,40.965,187.7574718418537,72.56643837197032
mp-961723,LiCaRh,42.619,8.295,48.08993919027012,21.95266666021988
mp-961725,CrGeRh,118.263,8.741,106.27663644295517,46.070256435633354
mp-961774,BaNaSb,24.711,11.206,29.15306207302574,19.85064699558405
mp-962060,NaYSi,38.721,0.269,40.56295186585951,8.946555706438588
mp-962062,BaSrSn,20.126,2.317,25.560278979836102,12.273030290751256
mp-962063,LaMgTl,35.592,12.985,40.76438932859866,28.52575604662445
mp-962067,BaNaSn,18.381,3.472,21.33974105560148,9.070179970364917
mp-962068,CaMgSn,33.364,17.467,38.55573404597733,23.185913247884606
mp-962072,KYSn,26.23,8.847,29.730019845973356,17.633918051570856
mp-962073,KBaSn,14.567,11.023,17.352883378911297,-0.5317811036006999
mp-962077,TiAuCl,68.261,5.193,49.922916763106755,-23.32735422705786
mp-962078,CaCdSi,46.537,17.166,53.53392051211715,31.955247870215754
mp-976181,NaBH4,19.495,11.449,52.82484425139528,35.35939907584239
mp-999047,Ti2MnSi,153.082,43.594,168.05228387188015,60.387587093888776
mp-999052,Ti2MnAl,108.188,56.463,155.0143466565508,64.45430795241815
mp-999053,Ti2GaNi,121.628,45.216,161.74916478618533,59.82191719590846
mp-999054,Ti2GaCo,138.266,52.933,158.41322376676916,66.35866693646936
mp-999060,Ti2CoSi,154.865,54.714,171.58039934157352,58.28723871627075
mp-999067,Ti2CoGe,145.264,49.069,166.70831602478123,47.45080359386043
mp-999068,Ti2AlV,117.59,34.101,115.42090010705394,59.23377869451028
mp-999069,Ti2AlFe,412.064,12.007,148.79919588329406,62.386119565107485
mp-999072,Ti2AlZn,96.88,14.141,101.205541579489,24.04954847190217
mp-999076,Ti2InNi,35.899,43.517,167.1407897386092,61.917464792488275
mp-999079,Ti2AlCu,105.546,42.04,127.46802904822792,46.08897250128693
mp-999096,Ti2AlCr,104.525,49.611,153.54260394815182,71.60852459100725
mp-999201,Sc2MnSi,93.51,13.769,104.2103978056878,48.04286742477745
mp-999207,Sc2MnSn,72.919,23.849,72.4220852923396,41.045185499208735
mp-999249,Sc2MnGe,80.831,13.991,85.58538284331092,37.04140526179282
mp-999558,Mn2SiNi,198.379,89.79,193.8903524940155,70.8787668146844
mp-999576,Mn2SiRu,218.838,121.126,199.2581936447669,149.56812148652483
mp-23560,Ge3(BiO3)4,50.715,41.051,142.58974569131897,79.74008222718602
mp-10036,Ce3AlC,64.659,43.092,70.05060617081341,43.700585806569634
mp-10037,AlCo3C,232.832,114.737,260.7609558268009,118.73429244461278
mp-10038,Er3AlC,38.49,16.408,40.3944807106797,16.781628029475378
mp-10039,Pr3AlC,61.702,40.798,64.21376221877647,40.783898855908554
mp-10041,Tb3AlC,36.148,14.277,38.74607421949055,15.2071445725732
mp-10060,DyBPd3,143.573,17.014,157.46570833178947,9.922835455340264
mp-10061,ErBPd3,146.762,20.647,161.31345167358995,12.180613945541706
mp-10113,ScBIr3,242.814,121.824,265.7380518920706,129.37779804497185
mp-10133,Sc3BPb,79.042,65.681,84.81068952277303,66.72871831361476
mp-10134,TmBPd3,147.36,23.258,163.4991472660491,13.707953784392004
mp-1013533,Ba3PN,40.54,27.282,38.72847538104872,24.38301373007728
mp-1013540,Ca3PN,36.021,21.22,41.85008990952433,22.327531242250277
mp-1013544,Ca3SbAs,35.485,24.198,40.07214973511064,24.577818971874777
mp-1013548,Ca3SbN,57.655,49.131,67.21827162950014,53.58099744954486
mp-1013549,Ba3BiN,35.813,25.706,36.89506914266472,25.311690056945174
mp-1013550,Ca3SbP,38.669,27.881,43.428087408605386,28.83491180034098
mp-1013553,Sr3AsP,31.673,21.339,35.673905815978614,22.117715897243343
mp-1013554,Sr3PN,49.284,39.817,56.44666119088768,40.63872065122594
mp-1013555,Sr3AsN,47.628,39.085,54.45316015341363,40.022857689716055
mp-1013558,Ca3BiP,37.265,27.051,41.8774958353881,28.19673058967316
mp-1013564,Sr3BiAs,28.457,19.241,32.30101209778998,20.06373878365443
mp-1013584,Ba3BiSb,20.003,11.101,23.0077787540379,12.272211659385142
mp-1013585,Sr3BiSb,23.823,13.656,27.769342522752986,13.89499551009921
mp-1013588,Sr3SbP,31.726,22.585,35.87860150528111,23.260333196182128
mp-1013642,Ca3AsP,38.905,26.786,43.72462712569887,27.65050020633451
mp-1013643,Sr3BiP,30.724,21.813,34.8180096685934,23.04736841585575
mp-1013702,Ca3BiP,26.696,12.171,32.206262740835506,12.67583232474874
mp-1013703,Ca3BiAs,26.621,12.547,32.062563668818626,12.877223635530791
mp-1013704,Ca3BiSb,26.893,13.792,32.32646758285906,13.646633394847308
mp-1013708,Ba3SbN,17.51,7.688,13.426020504638972,6.026220612964318
mp-1013710,Ba3BiN,3.97,6.834,14.91475140391318,6.502961699851237
mp-1013712,Ba3SbP,19.718,10.005,22.382767270410447,10.763809080733507
mp-1013713,Ba3BiP,18.193,8.855,22.74019246844734,10.146564923224142
mp-1013714,Ba3SbAs,19.616,10.293,22.786963159854476,11.08488645616324
mp-1013716,Ba3BiAs,18.404,9.183,22.683297866578116,10.518077831715097
mp-1013719,Ba3BiSb,19.129,9.944,22.93321205481384,11.300238068448524
mp-1013733,Ca3BiSb,28.372,15.74,32.43669008505329,15.672553562729275
mp-1013734,Ba3AsN,38.422,27.293,38.18514045721564,24.55507106140024
mp-10139,Sc3SnB,83.179,68.655,88.8871306110535,69.52300287143082
mp-10140,Sc3TlB,76.574,54.498,80.20284853010352,54.00750845515725
mp-1016819,HfZnO3,162.57,55.645,188.69648197622695,61.39299361271265
mp-1016820,MgSnO3,154.103,69.68,177.20103599942152,76.83663599115319
mp-1016821,BaSiO3,175.849,121.468,209.88528071540551,134.59551486913588
mp-1016823,BaGeO3,137.118,103.37,164.44986617120054,110.4615648521248
mp-1016825,HfMgO3,168.944,77.756,199.4765582163515,83.88099032924804
mp-1016826,MgIrO3,172.48,16.076,222.03493283632665,32.47481114839981
mp-1016827,MgGeO3,185.85,100.868,211.16153168760889,113.01573119542653
mp-1016829,MgRuO3,161.797,43.417,205.7166070938173,36.65615219689311
mp-1016831,HgIrO3,175.489,40.37,222.05468852399957,53.78741513441395
mp-1016836,ZnOsO3,208.753,50.694,245.19295070284068,58.45225566268169
mp-1016837,SnHgO3,138.108,52.382,170.64284160826003,59.78905368017809
mp-1016840,HgOsO3,202.882,47.226,246.0573695644453,68.47957277829838
mp-1016841,HfHgO3,159.867,52.316,185.9220569155555,58.2086976899085
mp-1016842,TiHgO3,174.512,54.005,208.17176632953183,66.10383003703824
mp-1016843,MgOsO3,174.473,12.192,234.5325202333451,21.55452619301561
mp-1016845,ZrCdO3,155.518,58.151,181.65342402722655,64.02306736849108
mp-1016846,TiCdO3,181.549,75.558,213.21873596294716,82.83592986679862
mp-1016848,SrIrO3,169.881,38.702,205.3621465746242,61.501409081481206
mp-1016850,BaRhO3,134.066,54.001,166.33944176029044,72.62958471521381
mp-1016851,HgRuO3,178.37,39.007,212.92525683782335,48.37810460083257
mp-1016871,ZrHgO3,146.764,42.062,168.60375273257708,47.79595794036932
mp-1016872,CaIrO3,172.529,26.92,214.28558863841275,48.4481803358577
mp-1016873,CaHfO3,166.721,93.423,195.9375906478984,102.35859558385182
mp-1016874,SiHgO3,221.487,68.309,249.76254022009783,88.73292815491345
mp-1016876,ZnSiO3,235.713,107.427,265.0137849024097,123.7160972651116
mp-1016877,HgRhO3,148.652,39.585,184.90632863775377,39.69177557029761
mp-1016879,CdSiO3,228.217,103.61,261.9704213991869,122.72192131486152
mp-1016880,ZnRhO3,161.218,66.851,192.8396202554652,41.33977985595134
mp-1016881,CdSnO3,152.367,64.191,176.7113248232694,72.42411494459697
mp-1016882,CdOsO3,192.236,22.11,237.7240276132371,46.29578114385473
mp-1016883,ZrZnO3,149.835,45.061,171.42719070120282,50.08831615159061
mp-1016884,CaGeO3,172.617,115.281,200.53266326727697,126.30299090313916
mp-1016900,CaOsO3,190.541,38.385,224.8558326553584,42.78788481995499
mp-1016902,ZnSnO3,151.079,53.821,174.75451844738913,61.02628486639485
mp-1016903,CdGeO3,182.736,86.226,207.6628654851512,98.31892952322268
mp-1016926,ZnIrO3,201.293,45.961,226.12221333460317,48.62817757451423
mp-1016928,MgSiO3,230.404,135.037,262.01198868653483,154.6840234295574
mp-1016930,ZnGeO3,190.693,76.932,209.47868295547545,91.3518954630082
mp-1016999,SrGeO3,158.897,115.034,186.8446129790376,124.34602585730804
mp-1017000,MgZrO3,157.164,66.663,185.7845967223234,72.38051794302231
mp-1017446,HfCdO3,167.615,69.422,196.86257587691364,75.39015025991246
mp-1017447,HgGeO3,172.111,64.611,197.71559119858964,77.26828861365239
mp-10175,KCdF3,55.986,21.121,66.32775515103069,23.98340366046283
mp-1017554,CdNi3N,182.751,69.531,216.4725981259803,76.91278152704157
mp-1017555,CsBeF3,80.268,25.875,91.50142782808264,27.10381208431645
mp-1017566,GePbO3,157.328,96.824,190.39131005839465,106.53996028413162
mp-1017578,HfBRh3,223.425,101.826,250.6853558278321,98.63875236794216
mp-1017582,LaPt3C,164.429,182.192,177.87024618396345,-9.34346730104541
mp-1017626,LiCaF3,79.537,48.995,92.53358298282672,51.88416579416033
mp-1017627,Lu3AlN,99.463,75.583,115.2146168950256,83.12027692938332
mp-1017629,MgNiH3,109.663,26.812,118.21825183089337,39.6207365091574
mp-1017631,ScBPd3,153.391,20.837,172.27637557848828,11.758467874526085
mp-1017632,Ni3SnN,174.329,44.265,200.5177447890485,45.29442635653768
mp-10185,Mg3ZnC,62.165,37.249,75.07983450898074,41.1140760728463
mp-1018627,ScBPt3,187.164,0.718,207.42504653626375,-35.720018864257185
mp-1018629,YPd3C,153.404,20.546,169.456477269786,19.751574987203192
mp-1018635,ScPd3C,166.014,27.529,185.36547522375557,20.920870291750173
mp-1018636,SnPd3C,153.925,31.093,175.65739157263917,30.8140344496824
mp-1018639,TiSnO3,175.285,85.64,209.3243270777793,95.91810528302378
mp-1018641,Tm3AlN,96.02,72.828,111.3478432290791,78.34450413062378
mp-1018643,YBPd3,142.867,20.681,155.8031842118734,12.019469827455936
mp-1018644,YBPt3,173.83,0.424,190.0789401925257,-18.599561687980454
mp-1018647,YbNiH3,99.841,61.016,142.54284282688107,54.530298522018605
mp-1019541,BaCa3O4,90.795,56.437,109.64952897456898,65.54153414148317
mp-1023129,KCuCl3,38.496,17.3,43.980285331647515,19.216768071620745
mp-10250,BaLiF3,69.602,42.339,95.36716959456744,44.37615021433862
mp-10270,ScCo3C,208.929,96.179,236.71200308923355,97.82098382957278
mp-10271,ZnCo3C,227.96,113.893,235.28032538903724,115.4997031686894
mp-10274,Er3GaC,46.623,21.304,49.64992122009158,21.62973641199107
mp-10275,Er3InC,40.114,12.572,45.11577314302296,13.150635394372651
mp-10279,Ho3GaC,45.194,20.445,48.8741306496046,21.287255171261197
mp-10356,Ho3InC,39.666,12.289,44.23298024010391,12.964863906209963
mp-1040467,RbOsO3,197.673,104.983,219.5584155315172,114.75497132091913
mp-10600,La3AlC,58.829,34.474,58.9798803966406,34.747413408301064
mp-10601,Y3GaC,78.798,64.388,84.39365028441678,62.03908631132124
mp-10602,Sm3GaC,67.541,48.714,72.1731534562533,48.037919752897864
mp-10606,Sm3TlC,66.659,49.981,72.55649351531409,49.185601811787755
mp-10608,Y3SnC,81.995,62.479,89.09250841355085,66.544764719097
mp-10611,La3PbC,60.77,39.774,61.87562206799245,39.24309186926134
mp-10674,Sm3AlN,34.496,10.871,38.33774159634227,12.517728989519672
mp-10675,Ti3AlN,162.649,40.864,187.8377909996157,76.18128403880094
mp-10699,LuRh3C,205.343,85.576,236.48583579792216,95.06824702037144
mp-10700,MgNi3C,168.29,55.797,208.8463971603887,76.25031592456646
mp-10706,ZrRu3C,258.82,157.252,301.05990907725277,157.95527317520862
mp-10708,PrRh3C,183.945,66.421,209.41585815910213,70.8206231909395
mp-10712,ScRh3C,213.993,88.558,248.72329442799543,98.71236009548112
mp-10714,TmRh3C,203.932,83.513,235.14564068964512,93.1046522496105
mp-10716,YbRh3C,186.655,80.247,242.9279129329951,93.68641622451167
mp-10718,Sm3SnC,36.568,9.516,42.99718669146856,11.370891436418184
mp-10732,ThTaN3,241.796,135.904,267.1576468284964,138.83513791215083
mp-11652,Yb3PbO,58.432,50.196,91.42120669170733,25.449806221117136
mp-11733,Lu3InN,95.187,72.27,111.05266301751293,80.2927293232812
mp-11775,RbUO3,132.148,69.574,163.92541606534434,77.34794367571486
mp-11822,Ca3GeN,55.627,36.988,61.33502662354461,39.53026897872186
mp-11824,Ca3PN,63.211,53.243,74.27245877394803,56.193921132002465
mp-12572,CaPd3C,133.657,1.984,154.9700617178467,28.994661064174743
mp-12631,SrTcO3,181.627,54.765,209.78102861324385,76.5184098694878
mp-12725,NbAgO3,187.023,77.819,223.38590923456917,84.9534593463071
mp-14099,ZnAgF3,81.455,25.207,93.83358827883984,27.47479395002881
mp-1412687,YSnO3,135.269,40.831,143.28490315494608,51.04301774313873
mp-1413511,AlBiO3,105.509,48.521,124.48785938935434,55.07477237246056
mp-1416619,YSbO3,115.898,6.923,128.87243415568685,26.318061044200785
mp-1418444,AlAgO3,134.977,38.01,159.42867633869568,40.030778025480984
mp-1418929,YAgO3,152.504,34.036,173.05730772973342,43.22677823842644
mp-1421511,AlSbO3,127.135,73.559,159.0074265526343,84.23069861166884
mp-1424898,YBiO3,113.052,19.427,117.72447501113948,28.035486499962765
mp-14254,NdAlO3,197.949,138.548,229.9768067400659,151.56212747964568
mp-1426094,AlSnO3,152.634,53.245,174.48320596645408,70.79386862086282
mp-1432347,YCuO3,182.599,81.28,210.42983667883175,89.41117236710167
mp-1436662,YTiO3,188.993,58.897,218.5486763163296,62.56464072529294
mp-1475723,TiAlO3,180.192,63.163,211.58765667304644,71.3046114286965
mp-1504314,AlCuO3,160.131,47.974,201.1115337021511,58.161013526935264
mp-15856,DyRh3C,199.853,79.683,228.6042300630639,88.14270463497091
mp-16287,NdRh3C,186.801,67.992,214.48091411631768,74.68475009649455
mp-16290,ZnNi3C,194.302,54.987,232.28708803733736,79.04863837506291
mp-16297,Sc3SnC,101.411,81.286,113.89802953814647,84.45199076690889
mp-1946459,CsAgBr3,25.511,10.716,29.24737791957292,11.601676817243357
mp-19716,Sm3InN,79.926,56.436,89.56259061679805,61.432745172974805
mp-19749,Pr3InC,32.389,8.891,34.351286401722334,8.273731231070538
mp-1975771,RbAgCl3,31.598,12.344,36.37699669241656,14.245057219870594
mp-19758,Sm3PbC,36.11,7.23,43.33696684418146,9.133406158634838
mp-19777,Yb3InC,38.199,9.67,99.85487429772864,72.07297854087716
mp-19817,Y3InC,78.064,63.498,84.3548103939757,62.39375575830122
mp-19836,Tb3TlC,40.323,11.741,44.457098562562216,11.549942496329924
mp-19845,TiPbO3,170.269,90.612,208.8156814460167,101.52710288825956
mp-20229,Sm3InC,34.955,9.831,38.222251221586504,11.0378971196603
mp-20385,Nd3InC,63.104,44.171,67.31680196462393,43.34748749130035
mp-20423,Nd3SnC,35.011,9.034,39.98998631348317,10.847571074102182
mp-20430,Er3PbC,40.95,6.322,48.545096019705575,7.7288117303329456
mp-20446,SnPt3C,177.192,4.648,209.5202458024551,-12.839759982866092
mp-20590,La3InB,44.762,26.55,47.12202642110042,21.968646072635085
mp-20679,Co3SnC,198.668,86.71,245.99307626632984,81.47897724916564
mp-20684,Pr3AlN,31.769,9.57,34.592165759609706,10.189091145231172
mp-20750,Tb3SnC,39.692,9.784,45.27316970125096,10.40296687488588
mp-20796,InPt3C,196.047,7.245,225.6204491592985,9.453724841778415
mp-20860,Mn3SnC,215.893,120.102,200.38875748728245,98.39590505869064
mp-20922,Dy3GaC,44.205,19.481,48.073418723172104,20.95736460748544
mp-20978,Ho3TlC,41.581,12.506,47.046497925838906,13.34426131367394
mp-20990,Pr3InN,72.128,49.169,79.33626713762705,52.521318741407185
mp-20999,La3InN,65.083,41.796,72.16095946313227,43.62357604877806
mp-21017,Y3PbC,77.789,58.485,85.71336419127826,63.61968122951379
mp-21022,Nd3InN,75.749,52.058,82.58514277957055,55.57965603737799
mp-21028,Er3TlC,42.482,12.995,48.16449074377769,13.420528454124907
mp-21031,Pd3PbC,141.216,29.434,161.54916943249336,30.328668418419586
mp-21035,Sc3PbC,94.605,76.167,109.6356666395721,80.22359314413106
mp-21043,RbPbF3,77.371,29.602,48.42588795999582,17.96305460831229
mp-21128,Ca3PbN,18.661,8.672,22.496314529536743,8.699985739508259
mp-21135,Pr3InO,71.496,41.666,83.04095164000812,44.522440743552735
mp-21206,Yb3GaC,37.775,6.307,101.6904752312174,74.93664574340178
mp-21850,Fe3SnC,293.392,143.27,230.3906691371296,128.74593363396474
mp-21854,Nd3TlC,35.396,9.014,37.62903712481278,9.184477877916216
mp-21862,VRu3C,274.66,160.459,290.92906181388037,146.37077373255204
mp-21888,Tm3SnC,40.815,8.526,48.91571293359467,9.407407901514732
mp-21910,Nd3AlN,32.77,10.085,36.15868849208436,11.071266500215271
mp-22087,TaRu3C,291.431,149.144,342.0638736749282,149.25683881888426
mp-22120,YRh3C,196.814,79.702,225.84767181671623,87.79074482172231
mp-22345,TiCdO3,126.081,20.728,137.7902863103989,3.342932372593217
mp-22350,Nd3SnN,35.146,5.284,39.79688516519665,6.335847459215
mp-22351,NbRu3C,281.254,148.287,324.47716475712906,139.8643683633012
mp-22394,ThRu3C,224.114,107.105,250.56060876359925,108.99447125193085
mp-22496,Nd3TlN,35.606,5.7010000000000005,41.32712924395469,7.677814206626265
mp-22513,Dy3TlC,40.847,12.029,45.15643176141237,12.691168430811183
mp-22535,HfPbO3,166.252,87.185,198.53920149863924,95.41806728885166
mp-22537,Er3SnC,42.274,9.172,47.75440115377233,10.104373461361767
mp-22556,Tm3TlC,43.149,13.276,48.42576356902752,13.06899016005752
mp-22793,AlFe3C,232.51,88.775,244.4740595881241,134.07953267469154
mp-22979,GaBiO3,173.106,89.283,199.1493464084369,97.9764496405993
mp-23026,CsAuCl3,35.712,13.125,41.33626412155418,15.653623766164202
mp-23037,CsPbCl3,21.823,9.296,25.872638558189912,10.394535408264122
mp-23080,AlBiO3,190.998,117.305,221.40782127599752,129.54003056539372
mp-23729,NaBeH3,59.369,49.113,66.33719037385615,49.723935192501955
mp-23737,KMgH3,34.622,31.061,38.10630817543974,32.47439567856857
mp-23818,BaLiH3,37.474,38.849,41.83141123360961,39.2310418212588
mp-2464440,KAgCl3,31.855,11.58,36.9961820714941,13.35570835488278
mp-2649045,CsInBr3,21.762,8.403,25.293780822435153,10.29242832992958
mp-2695837,CsTlF3,285.83,22.971,45.909724202218605,17.368108264243034
mp-27214,CsSnBr3,19.249,8.647,22.433205559574073,9.39049186765314
mp-27294,Ca3AsBr3,34.272,22.458,41.294037800703926,25.463996783995512
mp-27718,CsHgBr3,22.568,8.363,26.361749109161547,9.89410953829384
mp-28069,Ca3AsCl3,37.483,25.136,45.09866097126248,28.283443180516965
mp-28166,K3BrO,19.399,12.792,22.520187730251266,14.07483108773505
mp-28171,K3IO,18.587,12.762,21.432346221888594,14.2474455491137
mp-28593,Li3BrO,48.727,35.622,54.45647951940648,39.716691984593645
mp-28602,Na3ClO,32.992,22.436,38.540542115626096,24.752860290407614
mp-29241,Ca3SnO,54.846,45.672,64.21763004118856,50.95060635457981
mp-29243,Ba3SnO,36.771,25.902,41.42717543213519,28.6103211102296
mp-2930,Mn3ZnC,192.524,65.249,153.23249188069602,95.16743640340916
mp-29342,Ca3PCl3,40.064,26.861,48.22830815192693,30.393031900272803
mp-29725,YBRh3,181.021,85.796,197.97169380838403,92.0331685145657
mp-2998,BaTiO3,166.907,106.373,192.53889881490883,119.43891708957985
mp-3000,Cr3GaN,295.563,110.737,224.23900980078645,102.08220108050762
mp-3020,BaNbO3,167.842,89.357,203.8889962631705,103.8991471830518
mp-30207,La3GaBr3,41.385,22.985,52.07889220360054,28.599574974692683
mp-3022,TbBPd3,142.81,10.576,155.90375443978178,7.910380106896454
mp-3088,LaBRh3,165.301,62.911,181.2303033560271,69.3958251878197
mp-3105,LuBPd3,148.81,25.344,166.86621343710155,15.447747796268374
mp-31055,Sc3InN,96.711,74.295,117.45546944698609,85.08225191342449
mp-3136,NaNbO3,176.561,100.088,213.55052560576,107.48893614379806
mp-3163,BaSnO3,133.913,89.091,155.6829850034949,96.93028009858128
mp-3183,DyBRh3,183.388,86.089,198.63556773870712,91.84628969797971
mp-3271,Ti3AlC,153.159,103.192,172.22868895987312,99.5937899011215
mp-3323,SrZrO3,152.318,88.002,182.2677851517793,98.98190615765492
mp-33365,CeGaO3,182.932,27.336,210.3251002245094,107.19366136091988
mp-3428,SmBPd3,137.352,3.312,150.0243495461498,5.9186180653165374
mp-3448,KMgF3,74.789,43.567,80.65841599440746,48.61918999170023
mp-3591,NdBRh3,174.728,74.997,188.38457894626973,80.07976212301362
mp-3614,KTaO3,188.716,122.495,224.7227812684232,136.16552655902723
mp-3654,RbCaF3,48.191,26.403,58.22746724877141,29.425671217141034
mp-3686,YbBRh3,161.964,87.207,209.37149332763977,98.9843097090163
mp-3693,HoBPd3,145.69,18.834,159.489794580085,11.062859949628022
mp-3710,HoBRh3,184.167,87.48,200.2804384034209,93.44206376542904
mp-3717,LuBRh3,188.744,90.644,207.82592760426863,99.11141271240454
mp-3834,BaZrO3,148.845,91.419,175.48332476599083,102.28696100920703
mp-4079,Sc3AlC,100.358,84.205,113.15371627566896,86.04193457515235
mp-4126,KUO3,134.466,67.688,162.0118763719705,74.29002468578237
mp-4170,NaTaO3,201.078,111.744,228.5690647532821,122.34321833344332
mp-4230,Sc3TlC,97.309,81.849,113.33361205890284,86.34424684056044
mp-4405,Rb3AuO,15.595,9.399,17.282358286984945,9.544299990467056
mp-4448,Y3AlC,79.684,63.961,85.1876015341872,61.67667627367468
mp-4505,La3AlN,66.117,43.537,73.34816282360319,44.5690554128016
mp-4551,SrHfO3,163.199,99.605,193.08609702361983,110.05332143854
mp-4563,Ti3TlC,148.372,83.571,166.70454561098003,89.93086693840382
mp-4593,Mn3AlC,235.077,130.58,216.64745980016409,124.74697769386314
mp-4950,KCaF3,48.658,25.296,58.326878069046565,27.84759397924978
mp-4982,SmBRh3,175.916,78.41,192.5915299613764,84.58632844654826
mp-504715,BaTiO3,54.646,3.148,59.292214512444424,9.459541034522626
mp-510376,CeBRh3,190.777,56.573,203.4119038065008,60.44853992505365
mp-5200,PrBRh3,169.867,73.418,185.80315786726143,77.63634318718876
mp-5229,SrTiO3,170.929,108.497,201.3645573308685,121.1411423323296
mp-5304,LaAlO3,194.911,129.69,223.19191891672463,144.7207348061898
mp-5323,CeAlO3,191.964,48.718,223.16290078982124,142.09863743340748
mp-541365,LiEuH3,47.287,49.922,49.819439092730995,49.390859705484736
mp-542103,TbRh3C,196.967,77.674,227.09377855517968,86.25484687380289
mp-542112,CaZrO3,155.28,81.711,184.58097152530996,91.24140808275988
mp-5438,TmBRh3,186.37,89.666,203.2902321728687,96.1720473211452
mp-546200,TlIO3,111.81,58.323,134.82864378315705,61.66672856302933
mp-546973,SrSnO3,142.602,88.097,166.45490404977286,97.08953693837611
mp-550008,ScBiO3,148.262,71.889,175.68035408272064,76.57953485366372
mp-554601,RbCuF3,69.734,31.504,79.84815388734323,35.92153336252278
mp-554973,TlCuF3,70.161,25.725,84.32795227880882,27.99149073183389
mp-5566,KCuF3,68.887,30.35,82.83959729269917,35.55405187112168
mp-558189,Ag3SI,44.61,6.537,51.02396605342673,8.607770064977547
mp-560399,NaMgF3,71.171,42.484,84.50474901202374,47.73572691493717
mp-561598,BaPbO3,61.735,17.699,57.28709634631297,19.474198658177375
mp-561947,CsHgF3,49.422,16.764,57.578666421038584,18.557237146693883
mp-5663,BaCeO3,111.403,52.386,127.79479174025022,56.84143533384735
mp-567703,Fe3NiN,203.967,86.951,392.016437680143,88.96456291428538
mp-568005,CsYbBr3,21.39,11.983,30.607967693961083,13.465882608540994
mp-568544,CsCdCl3,29.552,13.901,34.31469140364338,15.199043306002332
mp-569875,ScBRh3,195.322,96.283,214.16135710049036,102.70475026067002
mp-570008,Sr3BiN,43.271,36.36,49.6488648991564,37.7694930709469
mp-570223,CsGeBr3,22.345,12.431,26.276422464184897,12.994361497019227
mp-570290,MnTlCl3,34.353,15.324,38.66924531925227,16.518376444279745
mp-570591,CsHgCl3,27.743,10.092,31.637267581292463,11.63586802052768
mp-570822,Tb3AlC,76.355,58.94,82.50806841608933,57.847709517606695
mp-571330,Nd3AlC,63.965,43.503,67.47624435778393,43.115424131399315
mp-571458,RbGeI3,18.094,10.168,20.417548137828692,10.330040561243733
mp-574239,Tm3AlC,39.315,16.967,41.331669161594256,16.734008634337847
mp-579496,Fe3PtN,206.727,98.815,642.5767205450356,83.9486777007586
mp-580234,Fe3RhN,180.818,82.097,702.6337481124424,60.45892396268382
mp-5827,CaTiO3,176.478,103.379,206.69147626535457,115.15683135307732
mp-5878,KZnF3,71.15,33.286,82.91107701494441,37.48793971770221
mp-5893,CaSiO3,216.044,150.17,245.724299835115,168.47256415995602
mp-600089,CsPbBr3,18.482,7.962,22.19727095141737,8.977161760931212
mp-614013,CsSnI3,15.373,7.428,17.780474378168755,7.904640241545087
mp-627439,Mn3GaN,227.986,132.732,202.6132130880489,107.03063619701624
mp-632808,BaLiH3,16.673000000000002,6.439,19.407328094207127,7.606827276426832
mp-636273,Nd3GaN,38.83,10.717,42.35949240879994,11.312548533590398
mp-637179,Ca3SnN,19.651,9.48,22.75539130950091,9.438182897659388
mp-640266,Ca3Al2O6,64.785,42.746,129.87357006919507,67.74960416718964
mp-644246,EuH3Pd,86.912,38.11,96.61526066407792,40.26233541196132
mp-644483,Ti3SnH,123.281,24.897,128.70455806380374,48.88875875297668
mp-6951,RbCdF3,55.222,22.838,65.22360836589526,25.882517819130538
mp-6952,RbYbF3,56.432,30.807,57.89880113163219,3.092404550104887
mp-7006,SrNbO3,173.24,79.765,209.41440258374897,90.94340681484177
mp-7070,Mn3PtN,179.569,75.462,306.48716347155334,96.84483945760066
mp-7104,CsCaF3,47.44,26.842,57.63137961039023,30.07083557822622
mp-7114,Ho3SnC,41.472,9.405,47.27921351912122,10.7776531313792
mp-7130,ScRu3C,236.198,139.147,262.7153494926377,145.49357806464084
mp-7143,BaPuO3,118.683,56.229,184.43705234588393,63.64313422188581
mp-7159,La3TlC,54.494,36.156,57.1814267645094,33.77323451692865
mp-7223,Ca3AsN,60.583,51.711,71.2506374056383,54.85660427938485
mp-7482,RbHgF3,50.69,14.872,58.90390193302926,16.504689186197854
mp-7483,KHgF3,50.671,12.972,59.677203004329726,14.682267910415453
mp-753781,EuHfO3,165.391,95.032,193.8801027876251,99.24351888695844
mp-754678,BaTaO3,177.458,94.012,218.74045369072053,105.65280669124112
mp-754696,PrTiO3,187.179,68.846,220.5298940743652,78.43412194824538
mp-754892,Rb3ClO,17.011,9.97,20.05810781457482,11.19773821392313
mp-754940,Ba3SiO,39.278,26.756,44.69296977858836,28.64619839033228
mp-758371,YbAlO3,170.465,76.264,229.94279553492595,154.2336318522515
mp-7604,Mg3NF3,108.207,81.341,129.4088150504553,93.20304638748787
mp-771055,EuZrO3,154.842,83.545,186.55876504785329,90.20776267314568
mp-7752,Sr3SbN,45.977,38.116,51.86422032506139,39.187712546537874
mp-7961,Sr3SnO,44.124,35.774,51.83441579741688,38.93208461714545
mp-7986,CaSnO3,149.034,83.207,171.9030225476329,92.0019732001026
mp-8020,LaTiO3,183.62,66.054,217.77500858720296,87.35712551890838
mp-8037,BaThO3,110.875,50.624,129.0499213507319,54.63245752740189
mp-8074,TaSnO3,189.595,22.423,227.8420601788716,52.07613953986338
mp-8218,PrAlO3,197.512,136.42,229.04142085711376,150.2582266206773
mp-8368,Pr3GaC,36.668,13.823,39.60655809248842,12.863759405556404
mp-8370,Ni3GeC,187.015,41.228,211.24562876227537,38.899375440751456
mp-8397,CsSrF3,39.37,20.108,47.9572401398016,22.891688825723797
mp-8398,CsYbF3,57.116,32.481,54.08296606987082,13.47721011080116
mp-8399,CsCdF3,53.871,24.043,63.238084599300635,27.187736784298803
mp-8401,CsMgF3,62.499,36.041,73.71431510276668,40.39855475993696
mp-8402,RbMgF3,66.107,41.94,77.77184573189251,46.33418492232105
mp-8557,BaPaO3,109.369,41.577,132.0492435904892,51.9777519931311
mp-861873,TaTlO3,187.786,104.711,229.308927532362,113.10134478306384
mp-862832,PaTlO3,133.398,57.351,166.9962108944241,62.89195058793186
mp-862870,LiTcO3,194.213,79.846,227.44178827314315,90.78382992182232
mp-864606,AcCuO3,163.571,81.723,191.6273642512156,91.56299400203228
mp-865120,NaPaO3,132.432,57.938,156.04670758268884,61.84195671770756
mp-865181,EuGeO3,167.47,101.809,179.81348002682017,107.6786939283853
mp-865218,YbTiO3,188.205,111.444,213.5088398012041,57.98465928040269
mp-865322,UTlO3,132.86,59.337,169.09401540483074,66.65778848460123
mp-865424,CsUO3,129.135,70.632,164.20722620732474,76.83344633868363
mp-865927,AcTiO3,179.412,77.02,211.40490189819613,94.85266529390448
mp-867195,SrOsO3,185.233,60.942,217.35404032749915,59.69628099135678
mp-9060,RbPdF3,67.565,22.825,76.09228195783686,25.992131095362044
mp-9061,KPdF3,68.848,19.737,77.40897381964538,23.079462836715297
mp-9200,K3AuO,18.66,11.654,21.124579051372823,12.386791449869916
mp-935811,KNbO3,172.61,109.553,213.34069835067777,119.66786278266156
mp-971700,ZnAuO3,98.68,4.182,119.47313010063088,14.157458750254596
mp-971706,ZnBiO3,152.502,59.718,170.1533102303855,62.073958272355945
mp-971975,SrHgO3,102.967,42.81,121.0682430947026,46.96480412126919
mp-971996,SrHoO3,84.713,46.093,107.85121790880464,48.625866461938294
mp-972021,SrInO3,95.953,41.576,117.09410275353304,38.178944092036915
mp-972058,YbTmO3,96.796,45.698,165.70353716635233,72.54730255418521
mp-972066,ZrAlO3,217.28,98.184,249.3916447631028,114.60644874022204
mp-9721,Ca3GeO,58.534,48.427,67.75592933693122,52.929135572154195
mp-972222,TaBeO3,277.307,103.594,320.66250062496454,114.16280139761784
mp-972442,SnBO3,225.06,73.067,244.10074908171975,106.80965501991642
mp-972822,SiBO3,232.445,24.58,266.8050136404256,109.6189062442348
mp-972827,SiBiO3,130.571,76.857,195.42220983722368,104.63063760201462
mp-972839,SiBO3,203.008,53.644,229.79685195091275,99.1684517172082
mp-973068,ScCuO3,186.205,68.294,216.4217387138733,77.15055707313749
mp-973123,ScPdO3,118.718,23.645,132.43379219240967,25.672101297798633
mp-973156,ScAsO3,135.67,45.595,147.15719762467444,57.00054444464355
mp-973267,KTcO3,180.938,111.434,212.4211403949675,120.2465277948848
mp-973269,SbTeO3,125.028,40.829,140.61132658760866,44.701405652601856
mp-973396,KBeO3,92.168,27.945,104.9075883245613,21.79696743755899
mp-973471,KReO3,201.94,119.458,242.3070452409393,125.89376075140493
mp-973536,LuUO3,151.069,85.959,180.92845616263384,82.15607642767189
mp-973613,LiCeO3,156.051,17.775,170.72597440385337,-18.10177102502012
mp-973681,LuRhO3,189.552,28.686,224.58291980378684,30.91585673874418
mp-973830,KErO3,65.414,3.327,80.99529411130823,23.70508715741784
mp-973869,LaCdO3,130.971,44.298,151.68139141919085,50.94897876680424
mp-973977,HoSnO3,90.383,34.59,107.30578415090996,37.38379535093038
mp-974061,KSiO3,178.452,117.855,196.5743668065356,115.32250208738814
mp-974740,NdBiO3,116.027,22.598,119.23642687247774,32.510705974668575
mp-974842,KPtO3,119.312,51.104,141.26903157183665,63.95849368944982
mp-975190,RbTeO3,122.161,88.194,141.1628578200542,92.03466453920116
mp-975206,RbSbO3,117.294,105.897,147.09271439303984,115.84967759167289
mp-975208,RbRuO3,155.247,85.574,179.45329437095415,102.76455114499048
mp-975216,RbReO3,195.873,126.82,232.44872826336675,131.3737971641176
mp-975255,RbPdO3,95.483,47.559,102.71813927962224,52.197490725926656
mp-975284,RbIrO3,141.653,78.796,182.7827310728824,92.18527233178304
mp-975288,RbNpO3,133.382,69.83,158.68262588447857,78.27435115151754
mp-975296,RbHoO3,66.13,7.311,78.50062314678725,25.92730604451237
mp-975299,RbInO3,74.482,11.05,88.16643345963675,17.970286245829506
mp-975347,NdGeO3,149.618,70.624,151.55912890857144,66.81339939121638
mp-975364,RbCuO3,84.711,31.992,88.80233506142756,35.94434181784208
mp-975382,RbCaO3,40.141,9.212,43.54718335462933,6.420222214576163
mp-975394,RbBeO3,84.653,13.871,93.28793056367576,11.62958386199626
mp-975425,RbAsO3,102.651,101.456,124.38774606070128,101.53273108592818
mp-975427,RbAlO3,112.414,41.005,129.05034882898283,43.18203432583254
mp-975443,InCuO3,160.872,55.989,190.0117363030163,67.32715308836478
mp-975463,RbAcO3,61.109,33.337,42.3390610488305,25.992699473315348
mp-975588,PuPtO3,259.08,21.626,208.89558708638657,21.525735704605005
mp-975913,PrNbO3,187.182,34.435,219.41980655022903,23.4206838445323
mp-975990,NaLiO3,49.933,13.061,54.91631353134622,16.151047045301567
mp-976133,NaAsO3,126.053,121.985,161.1377682039975,129.11947654865205
mp-976185,NaBeO3,109.135,30.372,119.8013905701206,32.62351659054335
mp-976727,PrBiO3,114.926,23.371,119.10880740112944,33.8448872969145
mp-976775,NaMgO3,67.537,10.716,79.55967108173871,-1.7126139717848088
mp-976923,NaReO3,211.053,96.474,247.5831774190423,103.79473428460064
mp-976968,NaPdO3,104.533,38.431,117.50384945477232,45.3963965352483
mp-977117,NaTeO3,137.484,78.761,157.64435439583428,84.62817823295619
mp-977123,NaTiO3,138.443,68.649,175.81936520759675,75.64863711181248
mp-977176,NaTcO3,190.453,92.535,224.76399203494353,104.13461129152992
mp-977408,NbTlO3,176.002,93.616,210.76350319268545,101.20026785047268
mp-977455,PaAgO3,140.937,44.187,162.9038731137576,47.98389459942979
mp-978489,SiPbO3,199.931,116.389,237.91036918768788,126.7869353099872
mp-978490,SiPdO3,232.071,87.065,252.00657823625255,70.63366551107201
mp-978493,SiSnO3,203.42,116.859,228.1039973672177,126.07038447616824
mp-978504,SmGaO3,182.901,103.136,210.68071411290975,113.2807522942474
mp-978851,SrAsO3,144.779,86.516,162.20192167901908,90.63258918488684
mp-978926,SmGeO3,145.68,69.014,150.63648474555777,66.07483854085075
mp-978952,SnPbO3,146.405,80.046,166.49803380184355,86.83492545772172
mp-979294,SrAgO3,110.647,45.527,124.26653977748344,51.909815954170455
mp-980058,RbTbO3,60.84,12.55,73.86684197109548,24.85123767612945
mp-981103,Sr3CdO4,89.762,54.665,112.82632464238807,62.73514939053676
mp-981250,SmPuO3,121.889,20.41,137.10179043048808,21.91549235145929
mp-981313,KTbO3,54.299,2.471,74.27127397937366,22.654853940562145
mp-981367,SrTlO3,98.451,43.398,116.69193190858752,47.41668282669834
mp-981376,ScSnO3,112.688,44.097,127.9823484237508,47.247498554201115
mp-981386,ScH4Pd3,141.571,20.16,162.32353195791862,37.82771063780377
mp-981550,RbTmO3,74.212,8.738,85.0457212016439,28.20162140069142
mp-982040,KBiO3,86.685,65.445,100.32454857669072,71.19883858359236
mp-982245,PbAuO3,132.88,48.968,155.01412894531046,54.640823568921995
mp-982558,HoGeO3,142.29,64.149,151.88253412969283,61.76699320092332
mp-982885,KCaO3,40.526,3.548,42.8543242645347,-0.1133374505032828
mp-982975,LiBeO3,112.446,16.251,122.05074814983988,26.40984102706353
mp-983564,EuAsO3,164.961,78.314,160.11676010435477,77.25198136182115
mp-984240,CsCaO3,40.397,10.838,42.64696754774973,9.5375510846481
mp-984357,CsKO3,38.067,33.016,62.64607089636878,35.441009233275445
mp-984553,BOsO3,286.217,59.98,311.8656890729703,5.162847823669
mp-984554,BPbO3,205.691,44.295,222.3753625190449,65.0258230578021
mp-984628,CaBO3,195.881,59.159,218.15783176650592,52.44335927194124
mp-984729,BaSr3O4,79.071,49.114,98.47137153309802,56.64739444808548
mp-985585,Li3ClO,51.628,38.236,57.37060397224557,43.38650113986934
mp-985586,Na3BrO,31.663,21.887,36.851152741471694,24.237636899744516
mp-989564,LaOsN3,243.043,92.446,284.3046799323952,123.38872962290668
mp-9960,Y3TlC,77.491,63.955,84.08582114593646,63.999938722168515
mp-9964,Ti3TlN,153.716,40.969,179.4174974984632,65.1790569060542
mp-998147,TlCuCl3,39.029,17.428,44.418916316256265,19.27157345541683
mp-998196,RbCuBr3,30.662,13.156,34.703139120044604,14.547005764702366
mp-998307,CsPdBr3,33.583,17.108,40.288130180703625,17.77092528159303
mp-998414,CuAgF3,86.522,21.339,99.67855397489257,25.309812891609116
mp-998552,BaHfO3,159.196,102.329,187.07154656836357,113.57136001910216
mp-10046,V2AsC,200.377,115.533,244.4631072096073,128.4053765484689
mp-1018674,DyAlZn,70.298,47.339,80.85013789635364,58.14850442526009
mp-1018685,ErCuSn,76.553,45.507,86.05388807851853,51.86308347605892
mp-1018689,ErZnIn,65.841,40.822,74.9475130842542,50.08693736065146
mp-1018690,ErZnGa,75.136,53.824,86.6582253393942,60.81468431038771
mp-1018714,HfGaCu,125.165,70.481,147.88772342740165,82.49991751573175
mp-1018724,HoCuSn,76.985,46.616,85.46377025460438,51.59592358562158
mp-1018745,LaSbPd,78.626,30.133,84.367529171485,41.77770055062055
mp-1019087,CaSnHg,38.053,15.505,42.54922711442098,22.692465199456965
mp-1019255,SmTlCd,52.82,28.712,61.25390970679255,34.5999709189838
mp-1019279,SrZnSn,37.518,27.358,40.94759273742555,26.70941294380248
mp-1019280,SrZnPb,32.355,24.914,36.378378904854074,22.91602910747122
mp-10200,ZrBeSi,138.583,114.747,156.22358731513356,133.546593571972
mp-10208,NiMoP2,162.731,109.297,214.83095343832196,105.51373874467455
mp-1024955,PrNiSb,88.333,35.539,92.14817897470571,48.41820651055951
mp-1025045,TiGaPd,140.178,44.998,158.69380862082036,59.412294312398544
mp-1025441,Ta2AlC,195.615,126.196,243.50339473664775,141.80391531379647
mp-1025449,TbInPt2,116.677,70.719,131.19702585350407,33.43002359737183
mp-1025455,LiNb2O,112.151,2.313,167.64601446734528,63.32588814930016
mp-1025473,Li2NdGe,43.547,27.258,49.078882893038326,33.13173061377924
mp-1025497,AlV2C,174.748,134.256,221.64267964271187,148.66776013432627
mp-1025524,Zr2TlC,115.186,77.68,151.54530588121474,95.10256280055924
mp-1025550,Ti2GaN,157.125,111.361,189.86310778199064,123.55863550950303
mp-1025557,CoMoP2,212.426,119.819,236.8372849516279,127.00434199091583
mp-1029374,BaTiN2,144.299,90.866,170.90739096990234,93.23236369102482
mp-10366,Nb2Co3Si,225.621,114.307,252.21492553197865,122.83307948434924
mp-10371,Cr2GaN,162.519,79.152,210.5648963834882,110.233174855429
mp-10394,CrCoGe,183.828,74.08,179.62129203094895,85.14990089484716
mp-10485,BaLiSb,30.026,23.278,31.95151120372802,23.114083353750814
mp-10667,SrAgP,55.717,35.283,61.40961096162605,38.080375129162874
mp-10677,CaPAu,69.582,34.179,79.68282205381762,43.24503526174929
mp-10746,Mg2Cu3Si,96.222,54.613,112.65695514012332,68.11762398738907
mp-10749,SrCuSb,47.985,32.93,52.54097400711501,34.75137906632573
mp-10797,CaSiNi2,78.964,41.191,109.9980636897894,46.11882273475291
mp-10892,MnAlPt,102.361,43.816,289.79098303138306,87.10444271112962
mp-10911,Sc2Al3Ru,111.883,67.526,122.7060516548609,77.20104906763589
mp-1095505,Ti3GeC2,173.577,124.059,216.14855066068887,151.39220492062398
mp-11019,GaCuO2,148.405,58.853,172.5024022652572,86.05058218777523
mp-11021,GaAuO2,151.971,54.287,173.6924074486986,79.08204034043261
mp-11022,ScAgO2,122.643,39.168,144.40192069070096,76.89238408574072
mp-11023,ScAuO2,134.634,43.218,155.5292274561409,77.98602271655172
mp-11193,VAuS2,104.417,51.636,128.0623259647424,86.8552943864488
mp-11583,Zr2SN2,159.854,68.795,196.10711986463468,97.77307053714618
mp-11700,BaCuSb,43.743,29.179,47.25238499900819,29.289225488654477
mp-11816,BaCdGe,34.647,23.72,38.60810339102565,23.64392338881555
mp-11818,BaZnGe,39.873,29.175,43.24288056380162,26.81049888694123
mp-11819,BaSnHg,30.976,19.584,34.228129454354274,19.04942344327769
mp-1185209,Li2ZnSi,52.049,42.979,52.442080859410304,45.31964172375574
mp-11977,LiSnAu,58.955,14.507,74.73245993673383,25.11785085507055
mp-12029,Li2CuP,58.571,47.499,70.20481608394968,52.38803343921427
mp-12520,SrNi2Ge,69.921,31.853,91.39325273617148,36.16529544074275
mp-12521,SrNi3Ge2,92.315,27.896,116.4764479935016,54.19198023377075
mp-12537,Ti2GaC,138.904,110.605,175.57666363808144,126.0366724104432
mp-12557,SrCuAs,57.771,39.629,63.16888530798417,41.4344699226792
mp-12571,HfBeSi,147.205,117.352,165.7754988275632,135.43578095081597
mp-12814,Ba3SbN,26.349,7.698,41.19775105390692,25.55696486306826
mp-12990,Ti2AlC,137.103,115.936,172.33015614888046,129.3034794993294
mp-13005,LaCrGe3,87.663,67.377,102.01146772921382,71.60871452419386
mp-13007,PrCrGe3,88.559,62.104,107.91954224842304,67.54328116767655
mp-13070,Sc2AlC,86.185,56.9,104.94162518813164,68.67560321010532
mp-13071,Sc2TlC,80.643,55.047,99.75997129791143,65.50859301683093
mp-13137,Hf2CS,178.939,126.437,211.34301762584704,145.08220515928716
mp-13160,YZnGe,76.81,54.248,85.9274763924996,61.19895591881363
mp-13276,SrLiP,44.645,36.89,49.081662581663416,38.775725914457794
mp-13277,BaLiP,39.363,29.534,41.991032010832704,29.709832879851067
mp-13288,Ba3LiN,12.858,0.547,22.667474579888577,10.704155639803158
mp-13312,ScTlS2,50.088,28.849,65.80748845270647,36.700668507105
mp-1384267,AlSbO3,126.099,57.544,145.7418437775176,36.89827758071417
mp-1392353,AlBiO3,120.35,44.148,139.56625164720302,43.55770154856173
mp-1404877,AlAgO3,157.932,47.729,174.1082041575479,70.73919689710775
mp-1406000,YBiO3,119.883,36.082,136.48008543612076,55.76306768556536
mp-1412082,AlCuO3,187.703,33.469,218.73767200708505,108.0838806064606
mp-1443298,YTiO3,141.445,43.928,188.13011042746473,100.46819326677712
mp-14793,Mg2SiPt,98.07,57.571,114.70999019250593,70.23432802470958
mp-15686,Li2CuAs,51.282,37.96,59.79190568956288,42.377809149824
mp-15695,YAsPt,111.197,47.4,122.93177334961152,56.123401778295936
mp-15819,Mn3Al9Si,114.667,64.797,139.0755608156143,95.16021648252293
mp-16245,CaSbAu,52.219,22.259,59.93895933319785,31.93388754562222
mp-16254,BaCuP,56.726,37.446,65.41913376623805,38.12120688361272
mp-16263,CaZnGe,49.099,37.699,54.49351514697636,39.67131542661564
mp-16266,CaZnSi,54.426,41.666,59.08263708330254,43.085542539695865
mp-16321,SrCuP,65.501,46.074,72.85113635533152,47.71649757796177
mp-16336,Zr2Fe3Si,170.614,93.2,240.71668838548064,96.52707248865028
mp-16481,TiAlAu,130.385,54.244,143.1890126961374,67.58349237605468
mp-16613,AlAuO2,172.084,71.746,194.84367409269,105.05842491801587
mp-16733,Sc2GaC,86.195,53.796,106.05779069059564,68.73999590804348
mp-16764,RbYTe2,26.11,15.968,35.910039816889274,21.33367453265182
mp-19729,EuAsAu,55.073,28.196,72.519537585712,36.835523689964845
mp-19821,Cr2GeC,202.882,80.367,233.4351224720746,104.80766343405467
mp-19835,Nb2InC,161.184,99.016,206.39144676311497,113.2765994332233
mp-20004,Zr2InC,118.251,85.132,152.52516960432834,99.4728846610599
mp-20197,Cr2GaC,183.799,120.232,231.10435682063064,128.59970558274614
mp-20201,NdZnSn,61.258,43.259,69.41189393281006,47.48466727304047
mp-20237,CoNiSn,160.052,49.515,179.0555504614371,61.976993336354184
mp-20329,InAgO2,108.417,31.048,124.82087825049432,56.99000465313046
mp-20495,Na2CO3,43.912,200.977,80.01150894894526,48.766223481557795
mp-20565,MnCoGe,149.075,63.031,232.35524253783063,81.92625197585623
mp-20766,CeCuGe,81.668,43.907,82.52141449452817,43.72349829026965
mp-20987,YZnSn,63.26,42.778,73.5998108266719,48.64919309148503
mp-21023,Ti3SnC2,157.86,116.018,199.68530291707563,134.2923315324498
mp-21040,Zr2Fe3Ge,158.937,87.954,248.53147900581823,94.6359386391941
mp-21090,MnNiGe,116.642,56.472,336.01311502593626,76.32823582645078
mp-22144,Ta2InC,175.354,107.734,225.81808802004724,119.2204203280475
mp-22662,TiGaPt,163.617,61.559,184.73564686845168,67.51208091388376
mp-22707,EuAgSb,40.661,27.11,51.849810557034886,32.37419170928119
mp-22740,CeCuSi,84.581,51.325,89.30606458233372,45.596468789287215
mp-22941,CaCuBi,44.943,26.718,49.73656835099774,30.91550012143008
mp-22950,CsNiCl3,15.269,6.799,35.13781668792552,16.056788485019478
mp-22962,CsTiBr3,13.373,7.225,28.407310982099144,13.70998892955423
mp-22977,CsVCl3,12.85,4.463,31.616575081107445,17.96419634561798
mp-22991,CsVI3,9.676,2.6790000000000003,22.887744698748097,13.321842910988266
mp-23004,CsMgCl3,13.722,4.715,29.001320113599892,15.559496423460466
mp-23029,Cs3Sb2I9,6.9879999999999995,0.965,18.685198545198404,10.272038284993377
mp-23038,CsVBr3,11.692,4.405,28.31116007527775,15.640481538193969
mp-24011,CeHSe,94.096,91.54,74.88381814372472,54.34024455731088
mp-27319,Sc2Co3Si,151.636,79.245,170.40215479835044,77.97025490241136
mp-27409,RbNiBr3,12.959,3.423,31.74377736273237,14.4303496948554
mp-28282,RbTiCl3,16.921,8.008,36.42495248503512,18.60026234406238
mp-28283,CsTiCl3,15.527,9.192,33.68720098569828,17.017785938067984
mp-28553,Ca2IN,50.374,31.593,57.43591113764014,38.764929283562886
mp-28607,UReB3,264.934,191.09,298.3283136658074,196.9616498198217
mp-29076,FeWN2,228.877,128.086,362.1642807089478,199.13612071941137
mp-2918,YCuO2,115.21,35.776,135.3070747594481,72.04491255654318
mp-29750,CsMgBr3,11.461,3.787,24.673774799871342,12.738936054116428
mp-29751,CsMgI3,9.34,0.299,19.981718734723167,9.942426552504724
mp-30251,YAuO2,113.218,29.163,131.7469072708262,66.20058350653142
mp-30451,SrCuBi,40.538,27.691,44.498689948961726,28.630174383859277
mp-30611,ErSnPt2,131.951,48.795,154.08604150958888,61.21666139894505
mp-3098,AlCuO2,178.355,80.28,194.37609753990148,119.89605531108478
mp-31018,SrAgBi,35.76,20.895,40.70593901842203,24.05162370897101
mp-3103,Nb4AlC3,216.088,146.872,269.049655289687,163.38804007407987
mp-31145,BaCuBi,38.096,24.08,41.32497949332925,25.929925228562823
mp-31147,BaZnSi,43.884,31.194,46.8434102520761,28.91475439118743
mp-31148,BaZnSn,34.655,25.518,37.71709908202935,22.707738769000596
mp-3250,Ni2SbTe2,33.489,21.669,94.49261202708014,46.824884310234765
mp-3405,NaAl11O17,152.126,69.533,193.802966399988,129.5313941668392
mp-3469,ZrNi2Sb,145.512,60.623,165.491566064821,78.81308891014503
mp-35143,BaNbS3,47.8,10.702,88.27127121976962,42.25636045936214
mp-3553,KTeAu,27.321,13.392,29.443677092420128,17.828882417384747
mp-3581,Ta4MnS8,62.712,47.917,152.84187016834758,88.69460432621045
mp-3642,ScCuO2,137.545,46.58,157.9695461614813,85.29279426761886
mp-3669,Mn(NbS2)4,27.063,20.553,145.2344663309303,81.99579018514572
mp-3732,Ti2CS,179.75,134.771,210.59024861586775,152.34519897520804
mp-3744,NaNbO2,146.768,99.169,219.53902001036468,134.89019522555654
mp-3747,Ti3AlC2,158.241,128.029,204.62601709061352,150.39442126913482
mp-3802,Ta4AlC3,235.646,150.43,291.1423195335222,178.93150119286173
mp-3803,Ta4AlC3,236.717,145.106,289.94288777451953,156.21276611826087
mp-3871,Ti2SnC,134.1,94.05,168.71945092164594,108.71112334733228
mp-3886,Zr2AlC,125.112,93.417,150.6949506662731,106.14706946068424
mp-3924,LiNbO2,156.667,100.566,251.66572209893815,152.90070093562505
mp-3927,CaAsAu,60.978,27.657,69.92727413685436,37.22267825684755
mp-4001,BaTaS3,48.992,10.165,93.21989740276152,45.21562269659706
mp-4120,CaCuAs,64.433,42.103,70.38526529480052,46.4505039610212
mp-4227,BaVS3,46.423,2.098,84.45690973608195,40.998638203314165
mp-4613,Zr2SnC,126.349,78.073,159.69113504683295,99.99468471054426
mp-4678,Zr2AlN,142.503,97.869,162.99169725405906,102.80524755220868
mp-4798,Sc(AlC)3,166.256,138.55,181.2725871645964,161.05775223563916
mp-4835,LaCuSi,82.111,45.769,86.39422339729778,41.871392463505856
mp-4887,BaCeN2,103.462,41.631,118.54766559770292,49.35632553185647
mp-4893,Hf2SnC,137.648,80.746,175.34585413604034,108.93818659045752
mp-4978,Ti2AlN,156.701,118.851,184.93196208803732,131.72117008922666
mp-4992,ScCrC2,208.072,136.76,258.5712388527261,153.26528898408228
mp-5025,Zr2CS,165.501,114.231,194.27961508608547,136.49650845910256
mp-504708,CsCoCl3,1.924,3.144,38.24920468639295,13.575653928019715
mp-505212,Cs3AuO,7.783,1.091,16.04417259834537,7.811807385772444
mp-510311,BaZnPb,29.868,20.614,33.309407925300306,19.118408356118348
mp-510441,YInPt2,121.073,39.147,139.48127236022012,50.26458577974656
mp-5111,YbCuGe,57.103,37.169,107.03865340715848,63.568515167472086
mp-5137,Zr2SbP,114.043,67.669,127.40652479638356,71.86237803177745
mp-5244,Ti2SbP,114.291,70.239,130.4169028133335,74.55517804183297
mp-540609,CsMnI3,9.466,2.656,21.11036368788104,9.069739286243625
mp-541899,CsCdBr3,10.141,0.275,25.450143259091877,9.07672630201624
mp-5443,Nb2SnC,161.142,81.589,211.84494675413416,90.09401027648516
mp-549158,InCuO2,120.572,35.461,137.17915819961104,63.05663498967571
mp-553308,CsNdO2,67.258,33.706,89.78356112183977,49.3777289959829
mp-561949,GdBO3,117.092,27.567,137.06387035833544,72.43830034498413
mp-5659,Ti3SiC2,183.669,133.36,222.28824519816635,159.09286716577023
mp-567220,Hf2SbP,122.772,69.177,137.9166820998743,75.92293639791134
mp-567666,Ba3BiN,24.629,10.225,39.0350145636451,24.229204288568855
mp-567698,CsTiI3,10.145,3.45,22.717742482536348,12.11134533287518
mp-567767,CoCN2,164.34,68.938,181.813523898606,103.07299765461714
mp-568066,Pr2CBr,65.414,36.834,81.38325427973689,49.94260424325648
mp-568895,BaSbAu,44.396,26.141,49.15085234047623,28.116578933349956
mp-569151,MnGaPt,103.094,38.589,407.5183212079928,66.71907625529032
mp-569458,AlV4C3,218.608,169.943,275.5866459334178,177.37355146967448
mp-569484,Cs3Ti2Cl9,8.691,5.017,33.39471836652343,16.475153553680908
mp-569568,Ta3AlC2,225.648,164.088,276.92114971633725,166.2371765649551
mp-569807,RbTiBr3,14.215,6.05,30.39674961222847,14.544500786582065
mp-569834,LiCu2Sn,75.321,44.076,87.49927185025166,53.9763648529839
mp-570099,RbVBr3,13.233,0.461,29.76990141499768,16.154393744219746
mp-570150,CaAlSi,56.461,39.274,60.40375017819796,48.517869148893375
mp-570713,TiAlPt,161.564,51.204,179.37706754801567,58.25108935160199
mp-570784,Hf2Al3C4,196.908,156.611,220.720748898326,180.05004303240815
mp-571493,YbHgPb,38.302,15.009,60.80115258431443,18.813344705671028
mp-5910,CaCuSb,52.044,33.921,58.17043310112977,38.18023379968155
mp-5933,BaTiO3,139.365,73.886,169.70060665945445,97.89935996390736
mp-675287,CsCuCl3,23.924,30.852,33.28792682490811,44.071199663877415
mp-6954,SrAgAs,48.889,29.294,53.95295301376971,33.40160490399306
mp-7003,CePPd,110.052,48.649,109.90586962239156,50.28636538338414
mp-7288,Sc2SO2,139.478,67.795,162.9557164135151,87.32763312177961
mp-7359,BaAgAs,44.723,28.524,47.76277205163616,28.510756419219508
mp-7420,KHgAs,25.11,14.645,27.098610050125693,17.541383153090408
mp-7421,KZnAs,30.9,21.894,33.13322660733896,23.552437740635416
mp-7435,KCuSe,35.575,21.711,38.50006334078084,24.118242646178103
mp-7436,KCuTe,29.374,17.875,31.59815626556634,20.555089046863134
mp-7437,KZnP,36.508,26.245,39.36368507498554,27.630250524689693
mp-7438,KZnSb,24.441,17.165,27.298315091630812,18.49771898299152
mp-752927,LiAgF2,68.307,14.637,75.57100164544525,22.744257366279015
mp-753799,CsTmO2,80.308,43.86,105.88277133032598,62.72402004964013
mp-754055,CsErO2,80.061,42.918,103.04390440895727,60.83240240696747
mp-754110,SmAgO2,100.001,27.104,117.3887626317858,61.27373193734319
mp-754138,CsDyO2,78.024,40.984,100.56274053900007,58.39329666306086
mp-754154,CsHoO2,79.157,41.192,101.83380908654397,59.72702637754322
mp-754157,AlInO3,181.883,88.934,203.45556673276377,117.02321763427489
mp-754165,ScGaO3,179.215,83.392,202.1873313407017,114.77618776905749
mp-754480,GdYO2,103.674,48.284,117.05008561910348,66.46850266976536
mp-755144,NaLiO,55.978,39.05,59.536602508654745,45.3890237309196
mp-755252,DyHO2,136.012,38.21,149.40633222485695,88.18675984115855
mp-755318,ScHO2,155.028,52.193,174.30583199943814,103.95412651663467
mp-755342,LuGaO3,172.4,80.173,194.1456915836475,111.50617556186086
mp-755651,CsGdO2,76.461,37.118,97.32306508927014,51.68999881208942
mp-764648,LiTiO2,140.834,93.619,205.51579819843832,122.1194521517056
mp-7650,RbScO2,94.252,55.927,119.83456569127584,72.44139208464317
mp-768358,ScInO3,151.834,59.427,170.3407646552243,82.08859817895174
mp-768479,YScO3,152.13,70.113,170.1740526576626,93.48453031274846
mp-768864,KNdO2,69.273,37.8,96.69660477049796,56.90324176230533
mp-774712,LiCuS,53.764,17.871,61.11638385874672,30.513496382461852
mp-7936,LiNbS2,82.755,57.167,131.0162861519305,88.87861456390515
mp-7937,NaNbS2,76.388,48.843,111.80123696452178,74.28847894884026
mp-7938,KNbS2,69.488,46.405,96.36288603627898,64.21666793984014
mp-7939,NaNbSe2,61.06,39.007,91.63743318812196,62.022248589044494
mp-7940,KNbSe2,56.925,37.527,79.60939856294793,53.79977456199223
mp-7964,YAlO3,171.919,82.453,190.93678777110097,118.08348456157223
mp-7977,CsSmO2,71.864,36.15,93.6957020007772,52.55320816060101
mp-8044,V2PC,227.261,151.481,257.0218880236184,156.83786004465304
mp-8098,InGaO3,168.242,74.36,188.45501236933683,99.21633069952053
mp-8122,ErCuSi,97.809,63.774,107.94934822617456,63.37925742364184
mp-8123,TmCuSi,98.396,64.836,109.52595923002843,64.41262627755691
mp-8125,LuCuSi,100.492,65.529,111.44431793898958,66.24674726916275
mp-8126,YCuSi,93.076,60.168,102.98052156061593,60.40742844794886
mp-8432,CaCuP,73.255,50.755,81.65297429964838,54.6434794553247
mp-8456,SrAsPt,72.367,29.338,79.49337189145193,39.546267953101335
mp-864954,MgMoN2,246.262,183.147,296.20039098039587,211.6575697962627
mp-865625,Na2MgSn,22.948,18.808,26.50784910931776,17.573316955394013
mp-8786,Zr2NiAs2,138.277,68.334,151.02177778582754,76.62687239611192
mp-8868,Ba3NaN,1.319,2.319,21.788992623619485,9.717938622755725
mp-9244,LiBC,153.134,133.263,164.28908462986405,134.98427082494
mp-9264,NaTeAu,31.246,9.325,32.83584464279632,14.7411182300648
mp-9556,SrZnSi,49.807,40.121,53.43003154289796,36.67851836172736
mp-9573,NaBeAs,44.531,33.067,48.80069225059458,34.61826122514967
mp-9574,NaBeSb,34.453,23.924,37.16970053303748,25.75674933154266
mp-9586,NbSnS2,68.64,28.417,108.74614972616638,66.06187205164312
mp-9631,AlAgO2,154.008,59.765,177.4640459844693,104.05162376534638
mp-9743,SrAsPd,64.685,27.956,69.76935196848711,33.58272894227256
mp-985439,BaPAu,57.169,33.396,64.56873613380195,35.13921580527114
mp-9873,EuZnGe,52.444,36.396,56.725916348029145,40.02062594216493
mp-9898,BaCuAs,51.12,33.441,56.30821360016802,33.52529786876724
mp-9956,AlCr2C,188.491,140.846,238.3561730101258,142.4604991662065
mp-9957,V2GeC,179.763,104.264,229.58679334844783,122.11653221165368
mp-9958,Ti2GeC,154.628,105.974,188.39680335386265,127.77660759158626
mp-9961,Ti2CdC,112.721,59.737,161.83377986951342,100.25076201039904
mp-996161,Nb3AlC2,200.473,134.763,249.54677153178864,148.9958574665132
mp-996162,Nb2AlC,169.752,112.681,217.06081606664097,132.04774694970928
mp-996965,AgBiO2,88.77,19.323,104.60477796221431,47.25599640196723
mp-997010,TlAgO2,87.57,19.118,98.5943283997654,33.608633673311544
mp-9987,Nb2PC,222.653,130.576,257.55844201902306,152.94939889514626
mp-9988,Nb2CS,194.217,100.032,245.27916831065113,115.99719505586847
mp-9989,Nb2AsC,204.049,116.039,243.40266930580992,132.181533640344
mp-3315,CaPd3O4,161.478,54.739,182.47355200961823,80.23537845523946
mp-542496,Ca6Ag16N,64.172,24.717,72.39255096434383,28.7940459026986
mp-697126,Ca4(H4Rh)3,75.603,40.914,100.7125665601448,51.37080290230318
mp-3050,Y3Al5O12,170.395,103.015,203.32036983309496,127.96351414760338
mp-3384,Er3Al5O12,173.762,105.755,211.90846159497937,133.84990522611804
mp-5444,Y3Ga5O12,166.366,14.871,185.91086797946917,103.57395921676088
mp-570845,Zn(GaNi)3,130.309,65.19,146.09340812027082,72.40889467178448
mp-1001012,Sc2ZnS4,73.999,32.261,90.27962526039973,55.44880570914058
mp-1001019,Mg(ScSe2)2,57.484,20.211,70.1661111062085,40.98009009321023
mp-1029293,CsVN2,105.401,43.204,117.34943150124528,56.20703487291711
mp-10953,Sc2CdS4,69.767,24.821,83.56712827206718,49.02235684653554
mp-12533,La2Hf2O7,160.548,89.983,185.37342968696052,100.27867247976636
mp-13801,Tl2Pt2O7,170.426,83.891,199.20954784054797,103.29941703948536
mp-14069,CsAlO2,92.213,47.586,99.40320584217946,54.033345519095974
mp-14070,RbAlO2,91.475,43.214,98.49061409360938,48.80051973645645
mp-14105,AlTlO2,96.438,34.159,104.76663995212932,43.11677627806494
mp-14476,LiRhO2,124.841,39.318,225.93698573868852,101.79730363864478
mp-15803,Y2MgSe4,51.637,18.906,63.77446723013474,37.15042876874115
mp-15974,Mn(CrS2)2,87.181,34.024,107.06325688203223,60.95604589666447
mp-16267,Dy2CdS4,62.141,22.866,76.93038459761489,44.7234044293944
mp-16293,KSbO3,112.518,73.035,131.27663845903135,84.687070792332
mp-19784,In2Si2O7,230.416,91.928,249.56869512398424,130.3837069035169
mp-20499,Sc2FeS4,71.369,31.493,92.73003392814972,52.67990487540876
mp-22052,Zn(InS2)2,67.671,28.122,82.57752163617768,40.66908782740328
mp-22166,Co3Mo3N,298.478,118.524,304.11388765439995,125.37686315215922
mp-22803,Cr2CuS4,94.549,39.715,117.37232634287948,67.02515201387259
mp-22961,Li2ZnCl4,31.855,15.897,41.27844727809106,21.26625372532065
mp-23341,Bi2Pt2O7,179.413,76.076,201.60478187901165,97.65294801865856
mp-23445,Bi2Ru2O7,178.102,94.649,204.3394062020707,101.88206643022588
mp-27719,Al2CuO4,188.445,33.92,219.628642714053,122.21492262384017
mp-2959,Yb2CdS4,46.567,22.518,82.36446080810425,47.94907191831677
mp-3138,Na8SnSb4,18.677,8.832,24.77783150980794,12.942180744136149
mp-3370,Y2Sn2O7,164.271,91.448,178.02729001517827,103.2982510057538
mp-3536,MgAl2O4,182.861,98.235,215.63955245468077,144.47769419555007
mp-35785,Y2CdS4,61.871,22.805,74.54225880761372,43.30521231772786
mp-3807,Al2CdSe4,63.038,26.285,73.7858355031467,42.9052537653891
mp-3951,Ti2CuS4,100.958,37.972,117.88895331993652,69.20141335857302
mp-4324,Tm2CdS4,64.903,23.205,80.0130905090249,47.11630865557382
mp-4408,Sm2Zr2O7,162.119,87.474,186.97256640283663,103.08038223714652
mp-4590,Mg(GaO2)2,162.924,75.837,197.09308706747152,106.19872259478576
mp-4602,Tb2Ti2O7,205.081,21.568,207.8970653234708,115.2061263468762
mp-4697,Zn(CrSe2)2,72.426,33.234,86.11133529944271,56.09353887306307
mp-4788,K(OsO3)2,129.08,80.552,182.6434361806064,86.2124048123234
mp-4842,Al2ZnS4,84.975,45.424,100.71300287645852,63.673329401688534
mp-4991,Tb2Sn2O7,166.521,91.856,181.3732037497647,105.89789112438044
mp-504543,SnPbO3,106.995,46.81,130.612500712906,60.61968143710855
mp-510619,Fe3Mo3N,184.008,48.139,286.97174123085375,128.84961649351152
mp-5146,Zn(RhO2)2,168.078,56.385,244.8018066612556,116.62345315362802
mp-5302,Gd2Ti2O7,183.909,95.771,201.94472744652305,109.90080522169389
mp-5373,Y2Ti2O7,186.139,98.422,204.02165785243557,112.20932951985908
mp-5472,Nb2Cd2O7,155.314,14.097,195.55490872369128,92.91459192274152
mp-5548,Ta2Cd2O7,155.679,84.063,207.1868517121708,103.1061678509311
mp-558392,Bi2Ir2O7,202.159,15.516,217.30725826374908,110.56787446921882
mp-558411,Y2Zr2O7,161.026,86.846,191.52562881959565,104.49274390215228
mp-559200,Cd(InS2)2,63.647,22.102,76.24471605020295,36.035354312000294
mp-559998,Cs(OsO3)2,134.549,83.735,181.8053279557023,90.03658544769993
mp-5602,Cr2HgSe4,67.353,24.062,76.82817505011084,50.35254949029069
mp-561442,Y2Hf2O7,169.817,95.728,197.96364553430027,112.01852677583112
mp-5639,Mg2SiO4,173.178,116.187,210.28014140167585,151.75938925257887
mp-5794,Zn(GaO2)2,168.278,76.893,201.26996709849203,107.60199923511604
mp-5889,Er2Ti2O7,193.302,102.343,211.08782881217067,116.90610196510758
mp-5977,Nd2Zr2O7,158.964,86.085,183.77500036422097,100.8080281820612
mp-640321,CsNa2Ge17,39.169,24.137,52.1615147334872,39.12625585328555
mp-684031,Mg3(TiAl9)2,79.394,51.059,86.73329951375048,56.35952024469973
mp-722913,Hf3Zn3N,135.395,84.456,158.30732948177553,92.68136617047467
mp-752849,Y2Pb2O7,139.254,70.675,149.65797616181075,82.18676922193401
mp-754596,RbGaO2,78.145,24.897,83.23241028454594,30.45008538401945
mp-754711,Nb2Pb2O7,146.353,77.006,180.7887491655881,89.92566864811046
mp-754826,CsScO2,62.741,14.836,65.86229524488775,22.038351300832264
mp-755450,La2Ce2O7,133.226,60.716,147.58452384670963,68.39921976157763
mp-756297,ZnIn2O4,137.377,58.558,166.42914830348568,80.6557989984419
mp-776165,AgAuO3,123.896,56.909,147.2167656279581,62.695070118173575
mp-8978,CsNbN2,94.476,29.703,100.37854185163312,40.50417918925129
mp-753671,PNO,53.971,22.372,200.82074000482316,123.44866137627214
mp-20940,TiCdO3,146.93,62.805,209.6052370427473,97.9568967029454
mp-28339,CaPPt,95.286,39.105,108.27628861598586,59.779600406130015
mp-4681,NaNbO3,92.741,54.97,197.3657497097858,104.92600823019862
mp-644419,LiHS,21.647,6.659,35.59523952156417,23.685687640743623
mp-978568,Si3MoPt2,193.812,94.134,234.2835577202811,114.75150567128838
mp-1216475,V3ReB4,295.129,218.099,336.29445758755753,242.48457965593107
mp-1216493,V3Cr3B8,293.232,229.65,314.17213182048414,248.60257566238548
mp-1217974,TaB4W3,324.571,194.458,359.6424916706965,220.69664494175825
mp-1217975,Ta3TiB4,266.336,207.503,299.21778996160265,242.53153045062493
mp-1221393,MoWC2,365.494,255.342,435.1713270175089,318.89626158486305
mp-1221519,Mo2CN,353.135,222.816,388.64433355031593,276.4824422917055
mp-2977,CuAgTe2,20.693,10.103,67.17346467705408,26.20675014362277
mp-629458,BC2N,373.876,411.93,413.21248151933946,437.998343392273
mp-1001914,Li2SnIr,85.092,24.121,100.2023708365082,40.534365722182386
mp-1005693,Sm2InHg,56.894,20.934,60.181356904130425,15.15589676655028
mp-1006057,LaPrIn2,51.388,22.228,53.889886695700675,15.870108335274915
mp-1007821,GaCo2Ni,198.722,53.674,218.93571862833045,73.15516769402227
mp-1007924,CrCu2Si,130.299,7.905,110.66977414200925,13.69818333011203
mp-1007961,CrInCu2,93.374,29.914,800.2879628885521,39.36059768950501
mp-1008224,CrCo2Si,222.218,94.391,237.52956219591812,105.60744885964009
mp-1008226,CrFe2Sn,143.331,22.082,224.131704889175,96.43870332319366
mp-1008277,CrCo2As,187.113,76.573,146.2089053690215,2.4827437289199157
mp-1014005,Mn2SiRh,134.27,41.113,179.1676216266976,-6.437154350138674
mp-1018071,MnFe2Ge,213.562,17.647,282.811329757963,87.3009151040162
mp-1018074,GaFeNi2,167.75,27.984,612.5040888734974,49.39626918375927
mp-1018080,CrCo2Bi,137.255,56.721,275.5847432408645,53.92236769543128
mp-1018082,CrCo2Sb,173.777,82.553,160.59724188226144,55.11280056075629
mp-10181,LiSiNi2,149.838,65.605,171.45731907518524,84.09146483403906
mp-1019564,Ca6Ge2O,41.392,37.095,52.58062665434782,41.720018356707016
mp-1025456,CaZrF6,56.574,22.566,90.0739285462077,36.12137969935788
mp-10261,TiNi2Sb,137.552,27.593,171.56288373282237,31.71105970675678
mp-10474,NaPF6,23.499,10.027,96.86709357167102,65.14018207382749
mp-10492,Rb2SiF6,17.072,8.245,71.54310235618972,41.46800962046886
mp-10686,Li2CdGe,40.135,20.058,50.15146185527714,25.16649087733808
mp-1079896,Ca2H6Ru,56.915,41.307,94.89749717878384,58.78471318502104
mp-10872,HfAlAu2,142.057,22.112,152.74676518734296,38.769276228156336
mp-10873,ScAlAu2,114.629,18.822,127.50749999463636,39.17641126045817
mp-10883,AlCrCo2,199.303,96.223,295.3113090829934,120.72488763397116
mp-10884,AlFeCo2,187.706,103.489,564.4343069018815,129.52603086766453
mp-10885,AlCrNi2,160.697,41.844,143.05715965307456,49.33969434406257
mp-10887,HfAlCu2,134.159,56.709,151.44231105072703,74.70824343247943
mp-10891,MnAlPd2,145.343,43.389,109.34789975602466,17.157711689590432
mp-10894,MnAlRh2,185.161,94.704,141.35946059917913,81.38284442732619
mp-10895,Mn2AlV,185.386,96.779,205.27842879895329,119.95286648026696
mp-10898,ScAlNi2,129.687,57.619,141.95031532529808,59.16195403735762
mp-10899,AlVNi2,167.301,55.002,207.9667456849108,60.52808780466496
mp-11234,PrMg2Ag,45.818,17.459,54.41588159532458,29.95961541365413
mp-11235,SmMg2Ag,47.298,17.019,54.24580445325251,29.286856852830923
mp-11236,MgZnAg2,75.529,24.529,86.2887086621734,35.25650782860432
mp-11293,ZrCdCu2,113.193,50.865,126.76832939156576,61.0148485553353
mp-11360,ScGaCu2,107.905,47.008,117.7304170048279,55.624798330275034
mp-11366,ZrZnCu2,121.262,42.491,134.73584856765143,62.11851630800789
mp-11400,ScGaNi2,128.473,50.343,143.27011533924272,52.122441084801224
mp-11490,Li2ZnSn,37.548,27.734,46.85741070891594,18.309505249789108
mp-11492,LuNi2Sn,100.82,40.276,132.3940477291898,57.660798905858925
mp-11512,LiAl2Ir,135.916,52.607,148.9146775159789,87.33779446935793
mp-11519,NiSnRh2,180.244,20.057,207.51425189719544,57.56869956405061
mp-11537,NbAlRu2,230.476,116.78,245.82863552352825,130.06710166442178
mp-11947,LiAlAg2,71.27,32.565,82.17833949033351,42.95909108475808
mp-12128,Li2MgIn,29.856,20.946,34.59781929620434,27.65332349282205
mp-12559,MnAsPd2,130.581,8.795,152.5402492844373,4.767468913001693
mp-12580,Li2CdSn,35.899,23.104,47.59566537200319,21.656719902138615
mp-13254,CeMgZn2,51.635,33.459,61.25805065337202,43.27917530064764
mp-13322,LiGeRh2,168.2,90.626,185.7167536418709,102.96280984881471
mp-13396,LiIn2Rh,90.326,37.101,101.53240917616296,46.74668360209195
mp-13914,LiCo2Ge,154.032,97.165,166.45713488931395,106.08101403044708
mp-13915,LiNi2Sn,112.914,29.525,121.66141099562137,43.87348760439951
mp-14088,Rb2PdF6,12.393,8.333,67.91713950256226,33.447651101543535
mp-15635,TiTl3F6,28.907,1.061,54.518396141755055,12.632079932010592
mp-15724,KNa2Sb,18.878,12.629,21.11880036088576,14.749233910487687
mp-16271,Li2CdSb,36.538,0.834,43.19523796057552,14.847887349935954
mp-16341,Li2HgGe,41.262,4.176,49.87650272029401,17.595674031666192
mp-16349,LiNi2Ge,132.644,46.128,148.33441272845167,60.18356059465492
mp-16358,ZnNi2Ge,150.684,34.806,170.35282329013037,46.08555477977509
mp-16482,TiAlAu2,138.455,26.152,149.79100616246834,36.56672192155006
mp-16494,AlCrCu2,119.908,48.944,117.832532246203,57.43950116420352
mp-16495,AlCrFe2,223.142,92.876,216.59971843123768,152.87109011951478
mp-16497,ScAlCu2,106.697,52.175,118.75908748353532,62.60674675601977
mp-16501,HfAlPd2,156.936,7.228,166.1321394751296,39.01852862883487
mp-16524,ScAlPd2,129.942,41.369,136.67262197675393,39.01804858802638
mp-16548,ZrTiF6,84.573,30.321,107.80444481200186,40.87630976672073
mp-16735,CrInCo2,169.302,60.198,173.93137718850295,78.54437589225304
mp-19850,MnCo2Ge,197.347,93.978,221.27200840546465,87.21892527109247
mp-19877,ZrNi2Sn,146.647,45.056,172.44687373403468,65.10481152473287
mp-19904,ZrNi2Sb,143.863,28.872,165.98032629435355,38.89187991249292
mp-19929,MgInNi2,106.537,41.076,119.55081444312562,47.3903837512723
mp-19946,YInCu2,84.23,39.817,93.72790962000686,48.89169817342231
mp-19963,TiFe2Sn,183.277,108.178,215.54589890160557,118.65353400219948
mp-19971,ZnCo2Ge,179.248,26.3,197.25986288862492,77.47172537090097
mp-20145,TiGaCo2,182.718,87.666,206.7638232163991,94.33772328541971
mp-20228,MnGaNi2,157.338,37.296,247.42453857315985,27.62391639866277
mp-20265,LiIn2Pt,81.018,28.966,97.28393555232076,38.705592652858265
mp-20358,UInAu2,35.525,34.562,101.73279499141488,32.550859349644064
mp-20363,LiGa2Pt,103.688,34.754,112.28019605675604,34.92148219937662
mp-20440,MnNi2Sn,141.181,41.266,350.22923119403174,39.674970225189455
mp-20463,CaPbF6,51.78,19.973,74.81742986913652,30.227668181301837
mp-20481,MnSnPd2,129.866,28.853,949.812571129888,43.823690140256815
mp-20491,LaInCu2,70.523,26.891,79.59816040676118,38.207243681722474
mp-20521,ScInPt2,141.942,29.805,148.2727414698949,21.911326416786338
mp-20567,LiGa2Ru,115.246,46.408,127.41790914309564,53.145801269987
mp-20586,VCo2Si,216.418,94.021,236.06018489365147,80.12609591018324
mp-20730,HfCo2Sn,161.751,81.16,177.2745746664963,85.47448704273042
mp-20744,ZrInNi2,140.627,53.067,154.25594089298764,59.899358109171395
mp-20801,LiIn2Pd,67.719,18.833,78.20583872479284,32.575207616189935
mp-20840,MnCo2Sn,166.928,81.836,214.16612006049735,89.0452715523259
mp-20864,VNi2Sn,122.027,22.62,173.89228560642647,45.864968515943744
mp-20898,DyInAg2,64.011,18.398,84.02044327889355,29.20071290252668
mp-21067,ScInCu2,94.727,47.368,108.60696859523554,53.74013508776198
mp-21171,MnGaCo2,186.181,85.891,272.51946965863135,94.7204744225328
mp-21175,TaGaNi2,192.999,39.868,216.76740119417968,68.20418548768465
mp-21211,InFeCo2,160.068,63.718,390.7536484920024,89.32426749927409
mp-21235,Mn2VGa,187.236,81.286,201.9304845002023,110.26922371506346
mp-21301,ScInNi2,128.198,59.957,133.65795614465776,53.052981401312955
mp-21467,TiCo2Sn,165.425,77.267,181.14987139749232,94.9121005283094
mp-21469,VCo2Sn,178.311,71.09,185.2108100256359,81.03878184551245
mp-21883,VGaFe2,222.851,122.941,244.8052584243302,140.97491123503536
mp-22029,MnNi2Ge,160.744,29.281,935.3848755933196,84.76268897407263
mp-22221,MnCu2Sn,103.969,30.817,118.44162098077685,15.231363947034737
mp-22300,FeCo2Ge,183.305,58.409,156.58583474880376,82.89931756650151
mp-22463,TiInNi2,153.635,50.534,169.44399000238457,60.52987518586302
mp-22493,YInAu2,89.598,21.208,94.0980171133332,26.218144528469267
mp-22503,ZrCo2Sn,153.951,75.173,167.73481599189256,87.01264490052786
mp-22610,Mn2SnW,219.188,105.854,253.41331110748035,123.82465459139166
mp-22673,MnInCu2,103.816,24.622,85.41904253416675,40.773993312885914
mp-22685,TbInCu2,90.141,43.172,98.60770204693095,49.59776716586226
mp-22712,YPd2Pb,93.034,23.095,99.2593518929808,29.753553882148864
mp-22725,TiInCu2,118.564,46.141,130.23866574642565,57.12734745680346
mp-22731,MnInNi2,235.971,89.09,564.4277190431799,19.84947649778672
mp-22790,VGaCo2,199.274,88.046,223.66996745364648,101.20556758939767
mp-22947,K2ReCl6,11.602,6.545,45.95040015908391,21.273417578333632
mp-22975,Rb2TeCl6,9.584,5.213,32.30146675032995,14.856699707790977
mp-23021,K2ReBr6,11.063,5.229,37.16118243659588,17.591093023694196
mp-23036,K2SeBr6,11.09,5.006,27.737251025785135,14.930957323598898
mp-23060,Cs2PtI6,7.331,3.998,26.5083073647897,13.692628201474651
mp-23067,K2PdCl6,12.406,6.418,39.965545130950254,20.596010709247697
mp-23383,Rb2TeBr6,9.056,4.79,26.649687855307377,12.800876583271425
mp-23406,Cs2PtCl6,8.616,4.775,38.47737292527149,20.232420329283205
mp-23425,Cs2PbCl6,8.082,4.508,25.98032178374473,12.783003590771973
mp-23438,BaBiO3,109.77,56.631,128.33076538744504,64.58813378806217
mp-23499,K2SnCl6,11.298,5.661,34.89546616783105,16.927483474252863
mp-23505,K2TeBr6,10.176,4.976,27.74043381575229,12.948330700926029
mp-23513,K2PtCl6,12.754,6.625,45.815730364144386,22.988305172398164
mp-23804,Mg2FeH6,76.609,61.863,121.73134979910152,85.2502505634777
mp-24292,Sr2H6Ru,48.381,32.026,78.77863363278733,48.45565600717289
mp-27304,K2MnCl6,11.197,6.094,37.50145222556791,19.542885034363252
mp-27315,CaTiF6,58.073,25.205,94.48823363506244,42.735269125424075
mp-27632,K2TcCl6,11.33,5.731,42.1359234498106,20.36005047963472
mp-27636,Cs2SnI6,7.069,3.906,19.0065619059498,10.077763338555256
mp-27691,K2PtBr6,12.515,5.95,38.210937722948294,18.811899912474836
mp-27827,Rb2TiCl6,9.65,5.044,37.13949016993553,18.03715368407132
mp-27828,Cs2TiCl6,9.126,4.099,33.54926133737713,16.68302777176004
mp-27830,Cs2SeCl6,8.965,5.067,29.05181137730604,15.25234045811045
mp-27831,Rb2ZrCl6,10.523,5.344,37.56205951829732,17.679391368698774
mp-27833,Tl2TeCl6,11.525,5.702,34.85232580392432,15.238546650973232
mp-27834,Tl2PtCl6,13.744,6.203,46.748951195083265,23.50079885674212
mp-27835,K2OsBr6,12.514,5.247,39.64993357524787,17.219073379422593
mp-27839,K2TiCl6,12.238,5.72,39.45336558631443,18.487450098549655
mp-27882,Cs2GeCl6,8.703,4.521,29.82234569317148,16.29410650555672
mp-28084,Rb2PdBr6,10.289,4.884,31.159657804293634,15.841173874456858
mp-28110,Rb2PtI6,8.577,3.938,28.38301050447284,13.849104815426982
mp-28145,Rb2PdCl6,10.81,6.046,37.47110366632545,19.9430975480806
mp-2927,LiAg2Sn,59.483,23.975,67.62875461646858,26.33164178758997
mp-29398,Cs2HfI6,6.99,4.16,23.935552199167997,11.586053884265
mp-29481,Rb2WBr6,9.727,4.388,35.82852328455689,15.428165336580951
mp-29556,Tl2WCl6,14.578,5.2620000000000005,47.16163320010668,19.0683428686456
mp-29633,LiGePd2,121.813,37.662,134.6652411123245,38.07963220242767
mp-2987,Li2MgTl,27.001,14.225,29.455203731836978,22.872675510274274
mp-30044,Fe2CoGe,158.882,3.563,156.70536662574713,46.76249840838173
mp-30062,Cs2PtBr6,8.763,4.908,32.99983181848386,17.190825199996194
mp-30069,CuNi2Sb,147.435,26.623,163.76709083379106,31.16042494539532
mp-30080,Li2GePd,62.413,22.035,70.61564041542462,23.558078983142796
mp-30227,Rb2WCl6,11.06,4.8870000000000005,43.88454216012159,17.91720745074997
mp-30340,ErInAg2,77.665,25.82,85.00711783269212,28.21515027371455
mp-30342,HoInAg2,77.054,26.089,84.12947877185331,28.7982964208922
mp-30347,ScInAg2,83.809,26.91,92.7103851245791,31.27698974053757
mp-30374,DyInAu2,90.936,22.045,97.02567209487766,25.78348437021499
mp-30395,ScInAu2,101.827,24.732,111.12975813895152,28.722833432865603
mp-30419,USnAu2,25.037,66.09,102.91734955882988,24.25456356293068
mp-3042,K2SiF6,19.56,10.152,80.76038354344185,46.588875415686665
mp-30465,YBiPd2,94.378,6.461,100.42414642965494,18.55051029158208
mp-30551,GaFeCo2,190.304,88.288,299.9325408657514,89.38287816140358
mp-30555,TaGaCo2,195.874,90.532,233.34362101773775,89.62815038226957
mp-30570,CrGaFe2,204.598,105.307,228.62404961966288,134.2483316118485
mp-30586,HoInCu2,86.981,41.739,97.4386257233663,49.15115790726273
mp-30592,CuNi2Sn,149.253,27.073,169.15681803464125,34.377589839771275
mp-30595,CuSnRh2,177.039,63.304,198.41216686818908,79.35755102968483
mp-30648,LiMg2Ga,38.321,26.698,43.3823122328216,19.011365455211266
mp-30657,TiGaNi2,166.368,48.916,190.58727209649905,58.90904574834547
mp-30658,VGaNi2,167.969,38.51,213.8276997969249,51.27942136471614
mp-30661,ScGaPd2,127.531,35.179,133.1053947701737,29.313877297298067
mp-30727,MgCdAg2,69.74,25.347,78.02511552920308,31.919583364585403
mp-30731,HoSnPd2,110.96,20.177,120.04039823433104,37.28368326421871
mp-30758,Li2MgPb,36.254,14.747,36.95772342964711,17.365816962894648
mp-30759,LiMg2Tl,32.073,13.48,34.15329003524296,4.17099063454993
mp-30763,LiPd2Pb,81.931,9.173,98.39342308676108,16.61073024490165
mp-30773,MgNi2Sb,113.99,41.733,125.6844657657798,44.95182957319983
mp-30774,MgNi2Sn,116.057,51.674,127.2316382879652,55.435507364006135
mp-30817,LiAl2Pd,104.819,56.274,116.78623070485146,69.79916342671419
mp-30819,LiAl2Pt,124.378,59.706,136.07622396255906,75.83842980688371
mp-30821,LiAl2Rh,119.342,55.198,133.24254232554125,79.89831788863789
mp-30844,ScSnPt2,142.674,13.402,152.40678505055584,17.797951076302247
mp-31169,ScAlAg2,93.143,31.362,103.09880339676016,40.51838461196403
mp-31170,Cd2AgAu,82.477,13.904,90.24272705812837,25.71971716516875
mp-31171,Zn2AgAu,102.933,25.725,117.21845733081926,33.348949755490075
mp-31173,CeCd2Ag,53.25,17.503,64.14795947241676,27.584078607100594
mp-31185,MnAlFe2,204.228,131.417,219.78307552715412,121.41370688999392
mp-31187,TiAlFe2,184.183,85.502,210.5354096323747,111.63059923349066
mp-31208,LiIn2Ir,103.987,40.176,115.5454301640762,49.99144945092595
mp-31339,ScInPd2,118.985,41.443,125.53368618184246,35.22106027285692
mp-31363,K2TaCl6,12.244,4.805,45.15071358120331,16.590409474441056
mp-3340,TaAlCo2,203.111,103.041,228.6489325221336,99.66048928722356
mp-34023,Ba2NbO,24.277,53.855,29.553736135821143,7.433983092607553
mp-34418,AgPF6,25.022,4.15,85.96123447777603,55.07802697720497
mp-3464,FeSiRu2,232.733,118.341,204.76329213420905,122.9178945346336
mp-3498,HfGaNi2,128.242,22.94,176.23927691485162,58.71967236832733
mp-3499,MnSbPd2,122.697,13.5,106.0823378763168,19.085763148153816
mp-3504,NbNi2Sn,156.967,39.414,195.37324963897217,51.46857223104171
mp-3539,NbGaNi2,186.563,37.235,205.84598915617823,61.85306974929616
mp-3574,MnAlCu2,125.381,47.176,129.63231348388527,56.948558125201245
mp-3576,HfGaCo2,172.836,77.795,191.02017792830537,85.49818463183499
mp-3623,MnAlCo2,188.169,102.715,228.39166716438316,100.4579557090015
mp-3640,Nb6Si7Ni16,218.334,105.841,247.18807254176176,114.92024809633966
mp-3648,Zn2CuAu,112.628,18.83,130.81910633947626,33.08537325978753
mp-3657,TiCo2Si,206.714,96.955,231.35475316255184,99.56111062927432
mp-37153,AgAsF6,25.367,5.244,82.33434909757054,43.26710344136367
mp-3736,ZrAlCu2,127.356,49.2,143.96770326152003,70.368680742896
mp-3740,TiNi2Sn,159.419,36.868,179.22210708277228,60.6933080135836
mp-3791,ScCo2Sn,137.52,75.57,150.308681842969,83.8343705625007
mp-38843,CaTa2O6,203.358,107.446,235.2553811146442,124.8017507759256
mp-3909,ZrAlCo2,162.789,79.114,178.13308570696697,83.64932474405245
mp-3942,TmSnPd2,113.153,28.127,123.82933555139938,38.241201019944214
mp-4047,Cs2SiF6,16.017,6.5760000000000005,61.6235364889796,35.14146998192744
mp-4364,NbGaCo2,193.763,82.303,218.00127619566143,90.58633366409288
mp-4492,MnCo2Si,218.693,111.468,219.80744203682144,97.46244080286728
mp-4536,ScNi2Sn,126.056,50.791,145.23883354831915,61.17802191543159
mp-4552,ErInCu2,88.491,42.728,98.3337295563296,49.45071430725077
mp-4595,VFe2Si,243.627,2.215,266.4399229159646,124.01638399744698
mp-4612,TiCo2Ge,188.455,84.07,213.88460228775713,88.51733336890584
mp-4652,MnRh2Pb,151.048,28.127,175.97833743821937,25.068093145025944
mp-4664,MnGeRh2,189.249,15.755,67.80770826268413,-100.41386117557434
mp-4771,TiAlCu2,134.483,58.316,151.60568880911583,71.67736469872587
mp-4813,NbAlNi2,181.822,49.39,202.83261330973733,66.61412028885337
mp-4828,HfNi2Sn,153.406,48.08,176.07563210451812,65.42858632871715
mp-4897,ScSnPd2,123.983,34.491,134.7317881589786,39.02572899064602
mp-4913,LiGa2Rh,103.896,33.902,117.57859721029284,50.34087104415698
mp-4922,MnAlNi2,158.539,52.165,846.649466648585,78.18395742400487
mp-4955,AlVCo2,195.177,101.019,219.5452508054487,110.63662620124776
mp-4972,LuInCu2,89.584,42.279,101.8446385577086,49.40975201849007
mp-4990,MnSnRh2,169.635,39.345,118.91924130863532,13.669527772741612
mp-504729,Cs2PdF6,11.305,6.937,57.85492630238243,27.4719598192806
mp-505781,MnGePd2,134.593,22.932,154.40055917263476,8.01117706146774
mp-5077,NaLi2Sb,29.136,22.606,33.76766100777704,27.58964927949249
mp-5124,MnNi2Sb,137.829,18.952,1294.3906860794534,72.54709582004712
mp-5149,NbAlCo2,195.157,94.077,213.75794561064197,98.74438795855944
mp-5159,LiGa2Pd,83.371,20.021,92.59591324437484,32.77091773734708
mp-5221,HfAlCo2,172.038,89.886,187.18149783123775,90.42526127241536
mp-5382,Sc6Si7Ni16,159.405,82.144,188.3430769816422,92.4573829755778
mp-5396,MnCo2Sb,174.535,76.297,179.60084256266634,58.497956144420776
mp-5407,TiAlCo2,179.963,98.873,204.15656694616345,98.61374631471588
mp-540957,Cs2TeI6,7.489,3.894,19.560953604059893,10.33731691262825
mp-541047,ZrAlPd2,148.827,52.246,157.37734922028426,34.658760630369834
mp-5419,LiGa2Ir,121.949,40.935,136.8746995354728,54.53058950823838
mp-5436,FeCo2Si,200.083,87.106,598.4256777596073,118.02388401457084
mp-5478,TlPd3O4,139.649,38.327,154.08979724685494,62.32707846719512
mp-5491,MnAlAu2,121.118,15.261,843.3198903919747,55.965676074744
mp-5529,MnFe2Si,237.181,23.421,413.0780203584217,129.7038477827297
mp-5538,YSnPd2,107.794,14.252,115.7746452238976,36.7074646523024
mp-567097,LiCu2Ge,88.21,36.738,100.73613957091813,50.93288874203159
mp-567210,TbInAu2,89.859,22.082,95.91906019347188,25.577968266145675
mp-567389,Li2ZnGe,42.925,25.919,50.82785030734066,21.08330270138971
mp-567787,LiInAg2,60.474,20.019,65.97358081129013,27.12580957510673
mp-567981,CrGaCo2,199.836,78.329,264.43105086275875,101.82185325612862
mp-568139,NdInAu2,81.431,20.018,85.87550777512253,25.001613558298377
mp-568333,K2SnBr6,10.429,4.995,27.557039402423637,13.6866585424305
mp-568537,YbInAu2,66.646,19.356,108.1156035508372,30.114931025667342
mp-568596,SmInAu2,85.394,22.155,89.51992987496529,25.677875672898423
mp-568719,SmInAg2,72.272,24.328,78.75503542503765,30.48848599093511
mp-568880,YInPd2,102.492,30.541,107.04087155325006,31.49092252726687
mp-568914,K2WCl6,12.36,5.031,46.37575294288289,18.635941830046733
mp-568917,LaInAg2,63.889,17.957,70.64407109892889,28.97677081090928
mp-569028,Rb2SnBr6,10.022,4.644,26.540979051569938,13.420587033666346
mp-569066,Cs2PdI6,7.646,3.865,23.35788706177809,11.274330042486453
mp-569149,K2TeCl6,10.788,5.438,33.87074261566097,15.170235374020438
mp-570528,Li2GaIr,87.044,4.657,101.53298862342064,18.730657101240176
mp-570611,PrInAu2,78.371,18.309,83.79580691800055,24.56838783574523
mp-570683,PrInAg2,67.825,21.183,75.24915564497078,29.576206383249662
mp-570826,VSnRh2,179.263,8.617,185.85818214063715,-65.32624674030428
mp-570899,YbNi2Sn,98.691,48.37,135.0636322060389,58.99655065694683
mp-571126,Ti2BRh6,225.583,110.559,256.6868937383223,130.36310475975674
mp-571310,ZrInPt2,160.728,27.431,171.89023879581922,27.66856393147681
mp-571648,Rb2MnCl6,10.441,5.332,34.890697525042214,18.828845384236615
mp-574025,HfInAu2,128.33,28.838,135.3811384771768,32.154020473924696
mp-5748,HfAlNi2,160.645,37.535,173.99702213911868,66.2094157371204
mp-5778,AlVFe2,220.899,137.797,239.97036193975728,154.61129051144854
mp-581024,CsK2Sb,12.368,7.769,14.164940585489008,8.824963832173118
mp-581707,ZrInAu2,122.347,25.139,130.88631199454915,32.762030789482296
mp-5921,TaAlNi2,192.409,53.507,214.14452237149385,75.07942428651718
mp-600125,HfInCu2,120.211,52.466,134.5687385558856,61.34803017388977
mp-608555,Cs2SnCl6,7.82,4.029,30.188055142918813,15.10600580863009
mp-621348,TiInAu2,113.257,16.645,130.1348374963337,27.043626399400384
mp-622041,ThInAu2,99.696,22.021,103.8103122459962,32.43212200410441
mp-623134,ZrInCu2,115.986,51.305,131.022310326158,61.48819915071261
mp-628606,Rb2PdI6,9.032,3.947,25.077484576187015,10.99279815553398
mp-631305,Ga2WSe,100.347,15.888,110.07083847574808,-26.01420823544148
mp-631316,Li2GaSb,35.3,32.36,35.37067240795643,20.16669010009273
mp-631323,HgOsPb2,76.298,5.414,84.06838669276264,-39.443401914313675
mp-631336,LaMgNb2,74.131,8.397,80.18260540665702,4.178336620055883
mp-631362,SiTe2Os,111.294,36.429,122.52739046753184,35.73560885998231
mp-631377,Re2PtRh,293.668,233.098,316.50944100734563,352.2925096228427
mp-631412,NbRu2Cl,167.909,24.724,178.96635128753118,-47.378084326590646
mp-631417,ReRuCl2,146.466,20.711,171.5492258728212,16.905379395944355
mp-631420,CaRe2Si,162.622,1.128,177.4705782798815,39.29707850406371
mp-631425,FeTc2Cl,169.338,87.129,181.4219054207873,100.14918035977136
mp-631473,KTi2Bi,53.236,23.084,30.867977744065747,17.58383175881489
mp-631524,BTe2As,65.801,8.576,72.19184549927296,-2.0625601879039888
mp-631529,BSe2Cl,65.622,63.846,77.41255471977554,-261.1651867337097
mp-631535,BeW2Cl,180.881,15.248,199.01064600701537,97.1216908332718
mp-631536,KBIr2,136.47,27.99,155.87707592207877,20.067527718743143
mp-631547,In2ReB,107.248,3.701,110.81084821300404,59.59001289834052
mp-631571,Bi2OsAu,106.645,65.202,110.23905623495016,-38.89185300852346
mp-631633,LaCoTc2,448.872,68.24,137.62870496683774,55.45926609505436
mp-636212,GaFe2Co,157.963,15.311,155.08628047235993,27.8334188683744
mp-636320,TiGaFe2,190.307,102.391,218.16514913621415,115.72445969362492
mp-636599,FeSnRu2,200.71,88.857,174.44196169354356,95.24627659817878
mp-638729,Cs2ZrCl6,9.79,5.257,34.394291500750775,16.466118081390494
mp-640024,HfInNi2,145.405,57.313,161.682225048034,62.206895959464134
mp-641923,Cs2SnBr6,7.65,4.313,24.729780203009874,12.69796545176642
mp-643002,Mg2H6Os,76.044,56.035,137.32561942274967,81.09337792289139
mp-643101,Rb2H6Pt,13.624,8.42,42.98487482314873,24.27048085059153
mp-643243,Cs2H6Pt,11.873,5.377,36.584324827273505,20.102355526852353
mp-643279,K2H6Pt,15.531,9.309,49.41176041518473,28.834051453774013
mp-644281,Mg7TiH16,63.812,30.422,68.81148400347286,43.76928330709752
mp-644504,NdMg2Ag,46.464,17.132,54.974164403328,30.34602722032503
mp-672259,AlFe2Mo,230.256,52.491,236.71612407756436,119.4010087560406
mp-672340,LiIn2Ru,95.132,41.998,106.6729715814988,49.67629782189655
mp-672374,UNi2Sn,146.821,45.894,158.73696642475588,51.7990168020376
mp-690785,Na2H6Pt,22.335,15.848,71.45187871780163,42.206007522640064
mp-690789,K3ReH6,25.075,8.757,43.08914378588651,23.07654744678559
mp-697030,Mg2H6Ru,75.094,53.259,125.90424401296158,77.51409618518367
mp-697038,Ba2H6Ru,42.322,21.525,63.81113877327903,35.745552068641956
mp-697044,Ba2H6Os,41.59,20.0,70.46048050899732,37.04800597383944
mp-7187,TiAlNi2,164.644,62.108,187.9334358341952,67.38716497883816
mp-7243,LiSnPd2,108.005,25.46,116.02028250291812,32.68130257716251
mp-7473,LiCu2Si,105.396,55.803,118.51726828926888,71.23960366276154
mp-758835,Na(Cu3O4)2,127.552,79.085,130.23400671734532,56.863013755301715
mp-8224,CaSnF6,56.223,22.76,86.76328221085795,36.73131686861046
mp-8414,K2HfF6,15.293,6.037,77.03058613648022,34.387344840910636
mp-861460,AcInTe2,42.162,17.936,45.51184348905469,15.765875189432968
mp-861479,PrYMg2,39.202,22.951,43.008233332146915,21.5833456949941
mp-861481,Pr2AgRu,75.998,22.525,82.40458165388927,29.375011910823833
mp-861483,Pr2IrPd,91.797,28.342,104.03428151608266,29.296607059090103
mp-861498,Pr2HgPb,53.36,18.268,57.17532199052086,15.773396080780763
mp-861499,Pr2CuIr,84.313,24.217,87.0525615782422,25.28461705587804
mp-861501,AgHgPd2,117.832,0.118,137.74159469859913,31.912559080942184
mp-861505,Pr2MgTl,43.757,17.977,47.341344242067585,16.312365074494153
mp-861508,Pr2ZnIr,78.497,24.587,85.22578981299705,30.33856244721985
mp-861510,Pr2SnHg,53.848,19.059,60.05246277309406,17.11203986740148
mp-861588,Pr2CuRu,78.771,27.35,85.29931343375988,31.320443992732724
mp-861594,Pr2TlCd,48.605,17.214,53.14731475317984,13.10250249849319
mp-861600,Ho2ZnIn,60.928,31.772,63.89153706171896,29.133620009316477
mp-861616,LiSc2Ir,99.243,38.644,109.59115131798586,44.412830031734835
mp-861617,LaHgAu2,69.273,3.22,77.02569142120892,23.084924101932344
mp-861624,LiLaHg2,44.988,9.091,49.8057485107659,18.201492422440275
mp-861625,LiZnAg2,65.489,15.67,75.08585098606943,27.918480785585334
mp-861627,Ti2AlMo,150.337,40.787,160.2802543215956,71.43154746738168
mp-861628,Er2TlCd,59.121,24.637,60.45818514954032,22.64264028435554
mp-861629,LiMnPd2,102.805,43.455,72.43693119827655,49.97059210049805
mp-861637,Ti2AlTc,159.815,61.979,179.48453414540833,76.2730287618862
mp-861639,Ti2CoIr,193.269,71.126,209.01550178475097,72.13175868170269
mp-861640,Ti2AlRe,172.0,72.215,191.50029378663191,88.86980731862012
mp-861641,Ti2CoRe,190.189,96.956,223.4479823584204,106.41374450470812
mp-861643,CaLaMg2,29.61,18.121,32.85668701970635,18.847253872870244
mp-861645,Ca2MgTl,28.633,18.831,30.511902259207943,20.7496813525869
mp-861651,Li2PdPb,50.293,20.181,58.56628151802617,26.86229556172701
mp-861652,LiLuPt2,106.05,41.098,115.45648464770328,1.5846561513157438
mp-861656,Ti2CrIr,194.37,78.863,226.7631261401427,102.24295533684624
mp-861658,LiMnPt2,134.07,50.068,113.82004989372908,42.89515302105351
mp-861660,LiNdHg2,48.714,9.543,56.70943325426217,21.27813994710297
mp-861661,LiPr2Ru,61.849,22.364,67.38130962857133,25.318033538166883
mp-861662,CaZrRh2,120.366,34.247,126.9511481743314,44.407534109982066
mp-861663,LiRh2Pb,125.906,52.058,138.09903318005962,69.13538667458374
mp-861665,LiTmIn2,38.577,18.108,48.033944081887,25.83436590368066
mp-861666,LiRu2W,221.989,82.095,234.34436162284905,105.75789700111604
mp-861667,LiSbRh2,149.879,13.887,169.64544650573978,72.81135355339005
mp-861672,Ti2FeIr,191.953,75.782,235.08535475984337,90.2235656650162
mp-861724,Ac2AgIr,67.493,14.533,70.32130839130588,23.14153815417196
mp-861733,LiTePd2,94.385,19.117,103.47555156171208,31.459235789947076
mp-861735,AcMgTl2,39.982,10.424,42.30271082549303,19.48353691371261
mp-861736,LiSbPd2,107.809,33.967,112.74691334084572,37.07891943053641
mp-861872,Ac2HgGe,47.445,14.917,52.140180657188445,13.218213647553092
mp-861875,LiHf2Re,137.66,44.212,148.8023219345598,61.19839215850161
mp-861876,LiAc2Si,39.953,22.936,42.39297911822867,22.537627386175306
mp-861878,Cd2AgRh,104.19,15.442,116.2096921492966,24.157735411032565
mp-861880,AcCdRh2,93.343,27.025,105.05819405756267,29.00269410122845
mp-861881,LiGeAu2,77.804,17.072,96.52647493991428,25.687534825969944
mp-861882,LiGeIr2,206.944,107.147,228.7778487512017,114.86087319327764
mp-861883,Ac2CuIr,68.935,18.099,70.08775327346616,23.49764167050123
mp-861884,AcGaTe2,43.131,14.998,45.56681537950721,15.616612812856008
mp-861896,LiHg2Pd,69.136,11.597,76.22866809819193,22.548648016304963
mp-861900,LiGaAu2,85.118,26.976,96.45397949730216,29.326133181841325
mp-861901,LiGaCu2,86.815,36.374,98.4760479275576,48.39155719015102
mp-861905,LiBiPd2,82.613,15.71,89.78971490527503,22.55446467237272
mp-861908,TaTiRu2,234.152,70.548,253.9478602944106,88.70331454072969
mp-861909,CdGaRh2,160.28,52.518,175.71044380927296,79.15151548330549
mp-861912,TaTiTc2,230.754,101.829,262.9603601832782,115.82455591560668
mp-861913,LiDy2Al,49.683,31.25,50.395547300350465,28.806887471831253
mp-861930,LiPdAu2,102.194,11.699,111.16258914695844,22.692018050025556
mp-861932,LiZnAu2,86.57,0.923,97.53463266789136,24.711816601734625
mp-861933,LiTmHg2,54.296,15.603,59.44158999231674,20.553110958390867
mp-861935,CaSnRh2,116.199,38.677,125.37319652556918,59.396500654824955
mp-861937,Ba2AsAu,36.968,20.318,37.97982890817388,19.674632626932144
mp-861940,Ca2CdSn,34.346,24.541,39.24618293400988,21.701708406551862
mp-861946,Er2MgAl,57.65,36.576,59.14784849240854,37.88422928110904
mp-861947,LiPm2Ga,41.038,25.461,48.4178197572715,21.603641698596736
mp-861951,LiTaRh2,185.431,67.999,203.58919191287129,83.97152939424211
mp-861953,AlFeRh2,193.542,40.729,177.4121361226684,66.51616954664995
mp-861954,LiTaRu2,190.046,66.077,202.71873737450431,91.36672189402417
mp-861955,LiPm2Ge,52.428,26.487,56.79404615541134,29.37481470069555
mp-861956,LiPm2Ir,73.728,28.359,78.35716293215872,30.378741076906067
mp-861958,Ti2MnBe,153.777,55.985,174.59287290196949,75.03990426755759
mp-861961,TiZnRh2,190.201,83.01,204.9411965244861,96.29576644973524
mp-861974,PaCdPt2,145.981,32.81,159.8830627608938,35.58969373656021
mp-861978,Hf2ReIr,213.322,103.795,235.96811448855544,111.62153997368787
mp-861983,Ti2MnFe,184.197,76.543,216.62341544957408,91.74854926464032
mp-861993,Ho2TlAg,63.714,26.76,66.85156774156923,25.89737680390495
mp-861994,Ho2TlCd,59.723,25.452,60.337617970301466,21.778469499727738
mp-862258,Sc2ZnPt,112.221,7.036,110.06650140187313,44.25390478856984
mp-862262,LaCdHg2,52.817,14.129,57.098182557463424,23.830467887580213
mp-862287,BeAlRh2,199.23,102.765,220.37291422989327,132.2160195076394
mp-862288,AlFe2W,238.376,45.537,260.6473040513458,124.55758105247456
mp-862290,LiFeRh2,145.894,65.499,81.56063573177649,75.5457491250586
mp-862291,BeGaRh2,200.601,91.436,222.3605655084885,117.92025345685452
mp-862296,LiAlPt2,151.998,104.435,177.22873497551836,65.72801701152923
mp-862297,LiAlRh2,147.585,66.739,164.8464529900536,83.07167806618527
mp-862312,LiBePd2,124.471,56.945,143.96494760237655,71.32326137687309
mp-862316,LiBePt2,165.822,79.648,193.1684415232504,100.9114773352388
mp-862318,LiAl2Ni,103.846,69.544,117.22686955731945,90.12917232125804
mp-862319,Ac2CdSn,42.615,16.536,47.7790237188245,13.67225044716214
mp-862321,LiAsPd2,108.466,35.687,122.19491259999232,35.105429623734416
mp-862335,LiAsRh2,160.442,59.369,193.5875840143163,77.37402644789181
mp-862338,Sc2CuRu,113.161,46.784,124.68586675449971,51.16987727419251
mp-862339,Sc2GaAg,81.21,41.463,86.24757030246577,36.29510459975689
mp-862340,Sc2GaCu,85.089,45.774,91.19803966571423,44.0859150115384
mp-862360,Sc2NiIr,137.387,49.792,144.06722870101788,57.160254747354735
mp-862361,Sc2NiOs,145.388,62.463,148.0967297459472,64.26176361889009
mp-862368,Sc2NiPt,130.308,7.693,129.39013398640606,48.26799602496721
mp-862372,Sc2RuRh,148.186,63.627,150.47358096901493,73.63588472416922
mp-862374,CdInPd2,115.643,16.611,126.6644171165087,28.09751690567743
mp-862375,Sc2TcHg,109.754,27.74,121.12129697537029,49.2218201830696
mp-862376,Sc2CuTc,107.482,48.992,122.51293380770572,51.42221550436487
mp-862377,LiBe2Ir,139.753,64.707,154.0867108551613,72.84137041882873
mp-862378,Sc2TcAu,124.283,49.234,137.4405524219878,54.77737174658117
mp-862379,Sc2TcAg,108.026,42.33,119.69705767013892,49.39298958915715
mp-862423,Sc2TcPd,123.752,53.036,135.73901605740176,59.275283422918335
mp-862431,Sc2AgOs,123.096,45.47,134.83392390799884,55.365661000411485
mp-862432,Sc2AgIr,120.565,37.764,128.6811508072078,49.3477508377212
mp-862445,TaAlOs2,268.452,143.473,292.7834097606233,156.67521073518975
mp-862446,TaAlRu2,240.988,132.422,255.9937284302881,142.84085976249898
mp-862473,Sc2AgRu,111.847,37.977,119.7860242821921,49.158076142308815
mp-862486,Sc2AlOs,123.137,49.483,135.0395004138655,61.702904814128345
mp-862492,LiErTl2,43.284,21.383,46.520981130798525,27.575715117695182
mp-862543,Sc2AlTc,109.061,43.786,119.59196573448853,53.34090008916809
mp-862546,Sc2AlRu,110.743,39.474,117.95730011325143,53.217916475120866
mp-862548,Sc2AlZn,76.171,45.758,81.29662489734767,47.57158265247523
mp-862549,LiAcTl2,34.711,6.17,38.24757150726088,22.73135851749369
mp-862553,Sc2BeRu,112.509,47.296,123.10918055515508,51.50648406480144
mp-862555,LiY2Al,50.306,33.33,50.12432639834163,30.276891730746858
mp-862556,ScSiPd2,142.61,32.762,150.65807041288767,33.134169082060204
mp-862561,ScSbRu2,181.046,100.408,195.37874949649807,112.5945739731873
mp-862563,Sc2BeTc,105.286,45.33,118.53204407277408,49.65191964970969
mp-862588,LiDy2Tc,68.896,31.932,72.03411110220533,38.42915320277372
mp-862600,Be2PtRh,216.114,113.636,244.4486095019224,133.08645666160126
mp-862602,ScAlCo2,146.391,94.037,158.19076457141907,95.95982707179364
mp-862610,LiHfIr2,174.685,62.733,192.64351199587713,92.57730475825625
mp-862613,LiAc2Ga,33.104,19.764,37.54170986933947,19.30379796645617
mp-862619,LiErIn2,43.83,20.144,48.657069058555514,26.33987162682741
mp-862622,BeRu2W,270.586,117.74,287.26210451938204,137.6496383279176
mp-862623,ScSnRh2,154.264,212.422,171.0693833256926,51.17262333675833
mp-862629,ScRh2Pb,139.016,187.799,154.41604515807416,32.2873426386497
mp-862631,Ba2SbAu,31.487,17.679,33.72535160811516,18.79245306105325
mp-862632,LiCa2Al,29.043,20.041,29.90406113680879,19.404498241986293
mp-862657,LiCuPd2,144.978,37.593,125.58949951150136,48.100637614982666
mp-862662,LaMgZn2,51.066,28.284,57.02322860476912,38.04754147143301
mp-862663,LaPbAu2,71.48,19.936,75.38670512317636,25.35264252826054
mp-862666,DyGaRh2,141.67,47.905,149.45152990535115,64.29744375802079
mp-862667,LiAc2Ge,38.715,20.637,40.454512140987134,20.28198092377591
mp-862669,BeFe2Si,219.307,127.552,270.65593966651,140.06576438496393
mp-862673,LiY2Ru,70.948,29.28,77.43485334053537,35.32152086195877
mp-862677,LiHoTl2,42.546,19.632,46.44211340595863,27.206151109132563
mp-862680,DyMgAg2,65.63,12.356,77.64201880809759,30.814189268234227
mp-862684,LiHf2Os,145.945,59.172,157.02195684836252,69.81024395023006
mp-862691,Al2FeCo,179.509,118.533,203.4021196723848,132.21788035876477
mp-862692,DyHoMg2,43.612,18.839,46.89616380133392,21.85912541005539
mp-862694,Al2IrRh,211.649,97.627,241.33673372354252,120.64985841477572
mp-862695,Al2CoRu,185.345,112.686,208.42510238319085,132.13286821776387
mp-862698,Ac2SiAu,56.494,16.796,61.62784044144359,17.91011598698656
mp-862699,ScTaOs2,235.29,121.918,260.603894202179,131.8553554059661
mp-862700,AlVOs2,270.525,140.544,292.9725888480928,156.09749789029885
mp-862702,Sc2AgHg,79.681,32.127,88.64950816993888,36.24495868770847
mp-862703,Sc2AgAu,91.964,32.821,98.43642070468832,32.54009493041454
mp-862704,ScZn2Pt,123.901,29.224,138.92360185102334,42.274518104874936
mp-862705,AlZnIr2,220.942,108.285,245.33583274335697,125.53190908360487
mp-862706,BeCo2Ge,201.076,80.844,230.03850822776835,108.72538024272713
mp-862710,Sc2CdTc,100.691,31.014,112.78236783949664,48.54845819429848
mp-862712,Sc2CoIr,137.361,60.261,149.90141118636265,71.14488970082708
mp-862713,BeGeRu2,227.447,99.655,254.48036602067376,123.21473673931244
mp-862715,Al2PdRu,180.532,80.631,202.9481133565324,97.12895905544606
mp-862717,LiAlAu2,97.735,36.27,109.29346489645717,42.08852059985801
mp-862719,LiY2Os,80.346,34.286,88.59343556003893,39.72604799555215
mp-862720,Sr2CdIn,26.36,15.966,27.578729685991277,17.779310651435836
mp-862721,Sr2CdPb,27.344,21.316,30.120389846588026,18.96966498114724
mp-862723,ScTc2Mo,207.886,80.503,231.5037336439364,99.25912915315229
mp-862725,ScTc2W,219.455,89.291,244.1350774961939,105.69083484608102
mp-862727,Pm2ZnPb,54.069,19.066,60.879641668948686,20.715866268290096
mp-862728,Pm2ZnRu,78.796,22.938,82.67522953506752,31.060134013237015
mp-862730,LiGaRh2,148.873,59.775,168.19784759537234,79.81707123094944
mp-862733,Pm2ZnSi,64.649,27.683,70.12237195517062,28.070548527228382
mp-862734,Pm2ZnSn,58.086,21.841,63.081228845492106,22.78492555973865
mp-862737,LiHgPd2,97.049,22.7,107.77270390791936,28.89118497745017
mp-862740,Sr2TlCd,25.727,15.711,25.6130328774013,18.14229557604837
mp-862742,Pm2ZnGe,62.046,26.438,68.20689966760479,26.347369811968846
mp-862745,Sr2LiPt,30.834,14.401,35.92520390576895,17.683172536519272
mp-862747,Sr2PtAu,45.405,19.997,51.06861472167876,23.661127717822488
mp-862752,SmBiPd2,92.277,9.574,96.7525495924162,21.11676973556152
mp-862757,PrDyMg2,39.675,23.289,43.90189667269491,21.234398895955614
mp-862759,PrMgZn2,55.055,26.176,61.34792279313704,41.04421751040073
mp-862767,TbMgCd2,54.108,26.564,60.5137478517443,35.0285778165884
mp-862774,LiInPt2,128.499,129.985,138.42633726503962,9.865770860265997
mp-862775,LiInRh2,125.117,36.12,139.84383622354247,61.81485039231744
mp-862778,AlSiRu2,230.759,113.371,254.94865961556155,139.2427798605221
mp-862781,AlCrRu2,230.931,111.317,228.4699747398076,160.42537347355167
mp-862786,Ac2CuGe,54.864,19.11,55.386623550110336,22.89671462458676
mp-862788,Er2ZnIn,61.635,31.697,64.40969763704835,30.282549500423
mp-862790,FeSiTc2,246.944,108.248,313.7654105491907,431.7093330641573
mp-862791,GaCuPt2,185.797,298.985,213.09130182963924,11.95372985048355
mp-862795,CaLaAg2,44.205,19.952,51.390034635308375,22.845764446638626
mp-862797,RbAcTe2,36.494,17.941,38.3970449293171,20.42163201443649
mp-862805,PrSnAu2,80.55,17.514,86.00100169235853,25.778029623406884
mp-862813,PaPbAu2,102.518,14.015,104.87083327174948,17.580491487605283
mp-862814,PaSiTc2,200.716,42.399,194.7176135452929,55.92609938291424
mp-862815,LiScAu2,82.368,15.743,88.09687371498167,31.392036206858844
mp-862821,PaSnAu2,109.742,15.551,117.3191844141582,20.91089035370958
mp-862830,PaTlAu2,99.51,24.885,108.4262105712624,26.63105469192397
mp-862831,PaTiTc2,172.516,49.108,190.4160170432301,55.559003745637646
mp-862837,PmAlAg2,77.247,15.124,85.0730110870133,32.526278552894865
mp-862838,PmAlCu2,86.005,12.642,97.86499810706265,48.79794396944746
mp-862841,LiPm2Os,74.575,31.331,81.40662777735008,32.79419253958374
mp-862842,LiPm2Pt,63.715,20.936,68.0960529425726,26.900998266533477
mp-862843,PaZnRu2,175.731,34.878,187.7759359603664,51.15369487916646
mp-862846,CaLaHg2,44.947,22.0,48.53022694085831,25.692741782359185
mp-862849,Ac2NiIr,71.229,20.391,79.04608226689041,24.23449643959301
mp-862872,PmAgAu2,83.952,10.746,89.31288086615564,23.032348499519347
mp-862873,AcAgHg2,52.065,0.917,58.33953822980926,13.62460265613322
mp-862874,PmAgHg2,66.323,17.984,78.58462242745836,22.00433920196029
mp-862875,ThGaAu2,100.3,11.401,108.42084504016432,28.446390842991853
mp-862879,PmBiAu2,80.185,9.199,86.07204596532975,11.946781971762842
mp-862880,PmBiPd2,90.9,10.223,96.19526367932178,21.34307278816641
mp-862881,CaPmCd2,42.236,22.358,45.40248023262557,25.342234498662336
mp-862882,CaPmAu2,66.309,27.483,72.13412760668453,31.461322417819
mp-862883,CaPmHg2,48.969,24.664,53.039755486597855,29.24502207823431
mp-862884,CaPmPd2,67.273,24.337,73.17921500644175,27.0863132206603
mp-862885,CaPmRh2,83.697,28.891,90.79380127490865,34.39430918945748
mp-862886,CaPmPt2,87.525,34.909,93.2137302903938,32.92050404128576
mp-862887,LiSc2Os,98.86,40.992,110.26107718141854,42.45788346112687
mp-862888,CaPmZn2,44.865,26.906,48.72154384283627,30.04127930544269
mp-862890,AcAg2Sn,60.159,10.533,64.0563946973645,24.905791290392433
mp-862891,PmCdAu2,79.05,6.423,90.2356654721709,29.233852114733665
mp-862892,PmCdHg2,60.32,16.513,63.51074190809137,21.748529200215984
mp-862895,Er2ZnRu,92.632,33.2,98.08854853927988,39.90871220538218
mp-862896,PmCdRh2,111.806,38.736,120.81046690020295,42.21001232282779
mp-862897,PmCdPt2,108.292,17.543,110.55112518914594,11.549504434565163
mp-862898,PmCdPd2,90.071,19.041,92.18925996722152,19.880019177373224
mp-862902,PmDyMg2,40.229,22.558,44.894911659898206,21.275436552946072
mp-862903,PmGaAg2,66.067,11.484,78.65424977693657,24.61594457914668
mp-862911,Ti2CoTc,187.175,91.654,212.85603564004396,100.145542632966
mp-862912,PmHgAu2,80.514,6.17,88.61732511901805,23.335782734470147
mp-862918,PmHoMg2,40.038,22.248,45.0471706596319,21.251542808013753
mp-862923,PmInAg2,71.516,23.111,78.2389627733363,30.21626071667545
mp-862926,LiPmAu2,65.291,67.79,68.96037316974605,24.617864995389436
mp-862927,LiPmHg2,49.81,11.196,58.11014910805507,21.338376386018176
mp-862928,LiPmTl2,41.737,15.462,44.628134075255296,24.52793495813533
mp-862930,Li2PmIn,38.084,30.714,46.69173436454639,36.24082189892518
mp-862934,Li2PmTl,39.836,30.085,45.09799526265814,35.53454779289815
mp-862936,PmMgAg2,60.967,5.559,73.71173966265893,29.300733073665153
mp-862938,PmMgHg2,59.195,24.499,61.67688631056011,30.19625717580776
mp-862942,NaPmAu2,59.173,18.208,63.30868000181275,24.929965884151947
mp-862943,NaPmHg2,43.007,14.658,46.83903818447922,15.132369875978972
mp-862945,NaPmTe2,44.621,12.633,43.63949738006085,16.373431680445673
mp-862948,Li2PmPb,40.01,24.17,45.40865533440018,35.64453000528717
mp-862949,NaPmTl2,36.356,18.771,39.86662515305639,21.284972998576848
mp-862956,PmSnAu2,83.851,17.853,90.22239215928052,24.777520759019843
mp-862962,CaLaZn2,42.467,25.998,44.94566179432811,26.972723101228823
mp-862964,PmSmMg2,39.146,23.357,42.3683364013451,21.98010319951158
mp-862966,PmTlAg2,65.448,18.899,70.55611684195632,24.310893402020724
mp-862969,PmYMg2,39.687,22.085,44.402121027292246,21.62285428338424
mp-862972,AcAgAu2,66.953,280.555,71.49412347446733,18.58710696925247
mp-862974,PmZnAu2,82.867,8.779,89.89082255086346,26.927592174598853
mp-862977,Pm2AgIr,86.836,23.457,90.4211818468307,29.8372661082362
mp-862979,Pm2AgGe,64.38,23.361,67.46052492514082,23.436441292112413
mp-862981,Er2CdIn,60.36,27.973,62.345994054179926,26.211369768711872
mp-862989,Pm2AgPt,78.671,22.251,84.88554860752829,27.38868412589842
mp-862990,Pm2AgSn,61.036,21.122,63.13248973627724,19.77669193711403
mp-862994,Pm2CdGe,58.544,20.724,65.35724480926616,21.623769810328916
mp-862996,Pm2CdIn,52.402,23.145,56.75094171065828,19.145818215529317
mp-863251,Sr2SbAu,37.562,22.936,40.660930466220506,23.26018250070986
mp-863258,Sr2AsAu,42.139,25.646,43.24734466418122,25.181018676501935
mp-863651,Ho2CdIn,59.553,28.777,61.93597130788816,25.349967402112306
mp-863652,Ho2CdOs,97.343,33.714,105.02467588709582,43.933912626155255
mp-863654,Pm2CdSi,62.306,21.073,67.4305446098359,22.41927100826845
mp-863655,Pm2CdSn,56.296,19.511,62.18046615925791,18.84738039452023
mp-863659,LiScHg2,57.209,15.302,63.58701660223598,27.848512999315627
mp-863664,Pm2CuGe,66.228,24.887,68.9893051594524,27.13193689743964
mp-863667,Er2TlAg,64.936,27.903,67.90784800176462,27.32628804847277
mp-863668,Pm2CuOs,92.175,35.405,99.63802786838744,39.5625241292444
mp-863669,Pm2CuPt,80.655,26.778,86.33758285763466,28.54768761209287
mp-863671,Pm2CuRu,83.241,31.005,90.62166539482875,35.780357492929944
mp-863672,ErMgCd2,54.634,25.799,62.026893763805006,35.13345116372081
mp-863673,LiPm2Rh,62.498,22.513,66.96672057833628,26.175022211133797
mp-863674,ErMgHg2,64.404,25.837,69.57069984042884,31.928217261296034
mp-863675,LiPm2Ru,65.347,24.444,70.72634081518123,29.31110382736509
mp-863676,Pm2CuSn,61.633,19.596,63.03716378728961,22.763701601423875
mp-863679,ErTaRu2,185.741,78.278,201.83286404950212,90.0947689991078
mp-863684,Pm2GeAu,71.259,22.807,73.69657919825495,17.987030865010638
mp-863685,Pm2GePd,73.852,21.327,76.33414163318538,18.7134597096493
mp-863686,Pm2HgGe,64.276,21.386,69.26799000412178,20.169464124585566
mp-863690,Ti2MnCo,185.408,83.539,206.0387201075417,90.25692462669228
mp-863696,Pm2MgSi,54.978,23.108,59.110496687305705,23.072176773180164
mp-863697,LiPm2Si,55.755,30.263,59.19182524739082,33.04835455030591
mp-863698,Pm2MgAl,48.974,29.34,50.87851357206598,28.999572701421847
mp-863702,Er2MgIn,54.51,28.117,56.94188497122224,29.23928310009305
mp-863703,Pm2MgSn,50.105,19.158,56.282257305966525,19.179852354558157
mp-863704,Pm2MgTl,45.993,20.753,50.174727835640425,18.69895871859305
mp-863705,Pm2MgGa,48.403,26.907,51.25486045111233,26.02255115572941
mp-863707,KNa2Bi,16.554,10.679,18.40986550133859,12.550874263898084
mp-863710,KAcTe2,37.606,18.514,39.18395930946681,19.409432478164792
mp-863711,ErGaRh2,145.122,52.644,154.0647923008762,69.60501077793202
mp-863713,Pm2NiIr,97.769,34.119,105.13677393880336,34.70130267672183
mp-863715,Pm2IrAu,95.226,26.464,100.65400043603476,33.10728002497858
mp-863716,Pm2IrPd,97.934,32.964,107.68242088163063,33.323027889973815
mp-863717,Pm2NiRu,89.451,28.709,93.49831390164547,27.160652148349435
mp-863724,InPd2Au,135.641,10.065,150.3390458438674,19.99303675034821
mp-863725,Pm2PdPt,89.689,26.998,95.85242693357154,28.682804375346212
mp-863727,LiTiRh2,154.975,60.474,169.16978369814885,75.02775561086008
mp-863732,Pm2PtRh,96.963,33.757,109.1928230884054,32.457398454049056
mp-863733,Pm2RuAu,91.146,28.354,97.22905572700316,34.59196318342773
mp-863735,ErRh2Pb,126.347,158.517,136.92000943120266,31.67652423819621
mp-863736,Ho2OsAu,113.765,42.631,123.009435852755,46.661287250536034
mp-863738,ErCdPd2,101.867,28.245,104.99149238213352,22.71640581728372
mp-863739,ErCdRh2,125.414,51.651,135.6285825412369,56.29852848558002
mp-863740,Pm2IrRu,111.946,38.388,115.26082408509622,42.15841350948353
mp-863741,Pm2PdRu,92.259,28.348,98.88336556304662,29.652028845995005
mp-863743,Pm2SiAg,67.211,25.639,69.54262217715386,25.02501942105334
mp-863744,Ca2PdAu,51.164,22.324,55.75710937291221,25.75256340258464
mp-863759,CsK2Bi,10.835,6.6370000000000005,12.49403254507799,7.753414295534752
mp-863760,CsAcTe2,34.847,16.227,36.15341471605289,20.555700950527655
mp-864597,LiMgTl2,30.009,13.128,34.27796508225369,11.454637289401576
mp-864598,LiMg2Ag,44.769,22.76,52.80608371438315,33.85455577872171
mp-864599,TbSnAu2,88.449,16.179,96.60130292984736,22.10324615145865
mp-864601,LiMg2Rh,66.418,29.172,77.38424380356471,37.79359938416402
mp-864602,Nd2MgTl,44.88,19.556,48.71947724714067,17.40132927903666
mp-864607,ZrCdPd2,132.25,34.849,144.7027951345402,30.870411504059653
mp-864608,NpGaRh2,104.218,20.073,166.69580394785916,19.027944200779856
mp-864610,Nd2MgAl,46.7,27.158,49.034944849640326,27.3975052388713
mp-864611,Nd2IrRh,105.456,22.447,112.6843593839745,26.79804133617229
mp-864612,Nd2MgIn,46.386,22.87,49.43224392363051,21.74129548202388
mp-864614,LiMg2Pt,70.501,34.393,89.154443597878,40.86805263455703
mp-864618,BaHg2Pb,31.615,8.736,35.81787629447912,9.809218141028513
mp-864620,CaSmCd2,42.683,22.585,45.40617997974132,26.168370048278057
mp-864622,Nd2IrPd,94.942,30.569,106.70605856582578,31.207651758533117
mp-864624,HoZnRh2,130.834,47.959,141.8824314048063,59.015649955930826
mp-864625,Ho2IrRh,124.915,34.581,135.04823217906062,44.29049104487608
mp-864626,HoThTc2,121.902,24.383,132.81800896566477,54.13598799768247
mp-864628,Pm2SnPd,67.466,14.374,70.76706398427936,16.512175423350534
mp-864629,Pm2TlCd,52.345,19.813,56.599365987159366,15.09856629513454
mp-864630,LiMg2Hg,42.537,22.643,47.60008708672784,33.212506424539484
mp-864631,LiNbRh2,175.191,56.338,192.71498831714212,70.82499255296901
mp-864633,Nd2SnHg,57.531,19.66,62.2118369244415,17.466025950551295
mp-864639,Ta2NbOs,240.518,104.993,272.0412504734927,108.80182573749008
mp-864640,Ta2NbIr,234.508,108.32,262.8191764433497,110.47059917464108
mp-864650,Ta2OsW,272.496,131.157,304.3436667576163,137.15753939143084
mp-864651,Ta2NbRu,221.392,92.928,248.0147713525788,94.34572345180452
mp-864654,Zn2NiRh,161.838,59.551,176.6859515864847,76.98374699721334
mp-864659,Nd2NiIr,106.997,31.941,104.95072734018974,32.12192926778403
mp-864661,ZnCuPd2,150.032,56.792,172.84137589233265,59.21729342879588
mp-864667,NdTlAu2,69.742,16.502,77.26324202427463,20.751818912000907
mp-864668,NdSnAu2,82.554,18.058,87.98671769778528,25.490460566625373
mp-864669,NbGeRu2,220.427,8.017,247.333525571323,39.05219925489801
mp-864670,Ta2VOs,245.861,94.95,274.22068087401306,108.96634883217244
mp-864671,HfAlRh2,187.174,270.528,201.4241940909218,58.89621520448521
mp-864672,NbSiTc2,245.129,86.818,260.9741152898516,111.84293431733556
mp-864674,Ho2AlZn,65.575,41.214,67.87824780950244,37.893621771952944
mp-864684,Hf2MoIr,189.709,80.044,212.1218572042247,100.82933688069475
mp-864715,HfInCo2,206.086,107.967,168.22228029924432,84.17674281768646
mp-864732,Yb2CdGe,40.172,26.401,71.83640598245843,19.05966787964519
mp-864734,HfInPd2,141.693,35.064,156.3832547039876,39.20061155048504
mp-864741,Yb2TlPb,33.91,16.655,60.288647544807475,-6.3168764690709835
mp-864743,Yb2TlCd,33.659,19.632,64.29097566463949,19.896389271502965
mp-864744,HoMgRh2,113.756,50.305,123.0646636400484,57.28515436003483
mp-864747,HoMgTl2,47.359,10.455,53.08895915025637,19.712143869521057
mp-864748,Gd2MgIn,67.859,21.207,73.2420452088519,28.05543889832762
mp-864756,Yb2MgIn,30.524,17.477,62.51900921479755,28.046851675176285
mp-864761,Ta2MnOs,249.914,79.922,286.23358517431376,107.54270660805052
mp-864762,LiMg2Zn,40.259,26.795,46.39307327995894,39.40613440453503
mp-864763,LiYb2Rh,41.92,20.811,82.96280656870499,38.05650097639323
mp-864764,Ta2FeOs,247.114,83.08,312.5781950068926,91.42824995115711
mp-864769,LiYb2Tl,25.992,16.634,51.83662303006778,18.88469630896216
mp-864770,Ta2MoOs,265.254,131.074,293.36587762947704,137.88420290005473
mp-864771,LiYb2Pd,33.235,15.65,70.21223721175198,38.40162048332507
mp-864772,LiSc2Au,74.156,36.814,79.36445638709444,42.96305464271589
mp-864775,HoAgHg2,70.325,16.174,82.41483780720608,17.604984831454704
mp-864780,PaAlAu2,123.458,11.963,126.86693588303528,37.424596775905314
mp-864782,Ta2MoRu,246.749,118.496,270.7621361665001,124.83350050579836
mp-864783,Yb2SbAu,49.015,29.746,81.01350204481656,6.527070954193028
mp-864784,LiSnRh2,142.707,67.926,156.84102063774392,86.61888185330028
mp-864787,NpCdPt2,56.084,47.324,384.0871436264396,33.44020782254089
mp-864788,NbInRu2,210.794,96.619,224.1689999983327,109.73461278680614
mp-864789,Yb2SnHg,39.222,30.672,70.56616859869268,13.256771014814236
mp-864795,Ac2SnHg,45.028,15.851,49.50140500941959,12.170308265965488
mp-864796,EuCdHg2,37.559,11.896,43.27206196067399,12.381081051125538
mp-864798,HfZnIr2,211.726,86.11,227.67045541366656,93.0221128744173
mp-864799,HoLuMg2,43.429,22.812,47.32033787449721,23.322548385847615
mp-864800,Yb2PdAu,55.635,21.308,108.4475305211022,37.1825251243276
mp-864804,LiTbHg2,52.714,4.747,58.55736578862356,21.38581218606497
mp-864805,Nd2CuIr,86.254,26.005,90.6566416985061,27.612135770461215
mp-864807,HfZnNi2,150.532,43.706,163.7512713772416,44.64029362148224
mp-864835,Hf2CoIr,184.201,26.08,190.7460912162676,63.99918107062243
mp-864837,Nd2CuRu,81.88,29.061,87.81064622467709,33.33059637958582
mp-864839,Zn2PdRh,156.281,66.416,175.66164860893684,77.00640587463852
mp-864840,NbZnRu2,218.128,77.859,227.76359049417843,100.35781169548513
mp-864857,NbZnCo2,192.655,69.361,213.588171132791,78.15219313386707
mp-864877,Hf2CoRe,177.868,87.341,198.9634599644803,93.44074208362508
mp-864878,ZrAlAu2,135.096,19.536,144.43946185992758,36.217044503338
mp-864883,MgSnPd2,112.134,33.55,123.13728934788844,41.247317265949114
mp-864884,DyCdHg2,63.398,20.259,68.89790279832435,19.570779064719886
mp-864890,Hf2FeIr,180.435,67.035,207.48997001192632,80.5401279151134
mp-864892,NdAgAu2,81.37,9.329,86.7921882375787,22.87915989213809
mp-864893,NdAgHg2,64.746,16.75,75.82658153687154,21.54870667585635
mp-864895,Be2NiRh,194.531,107.76,218.8581265136727,132.28538922306305
mp-864896,Zr2CoTc,93.62,69.086,177.57976933696898,70.19278685358793
mp-864897,Zr2CuOs,162.384,48.901,177.3055820502394,50.538075047638955
mp-864898,Na2TlBi,22.587,16.745,24.60389408263576,15.707509575537
mp-864902,MgTlRh2,131.037,56.136,143.3358787768563,71.0415483435591
mp-864903,MgTaRu2,198.121,91.46,210.43909259129111,105.79802163342306
mp-864904,HoCdAg2,73.061,16.491,82.00959726464784,25.00364041832136
mp-864907,MgZrPd2,121.633,41.79,131.3984429644255,37.97692741593138
mp-864908,MgTiIr2,191.279,107.865,218.53903863582337,115.7150112802646
mp-864909,HfAlRu2,195.913,81.051,208.8818208500587,110.94666449698056
mp-864910,MgZrRh2,149.687,63.086,164.6447836623471,74.08537041497264
mp-864916,Hf2TcRh,187.509,87.375,207.45637414477864,94.55086606709504
mp-864919,MgTiRh2,161.554,76.667,178.8179357495406,91.47154451507652
mp-864920,MgZrAu2,114.52,36.177,128.38101420608976,45.65858073961172
mp-864921,MgZrIr2,178.265,83.49,199.53717567047352,89.15260995936899
mp-864922,MgZnAu2,94.828,25.037,107.53131262588556,30.134480891063877
mp-864924,NdMgHg2,58.214,23.305,60.03082940326051,29.156924002581327
mp-864925,NdMgZn2,56.12,32.136,62.54132708477437,42.49200147335918
mp-864926,HfPaTc2,171.303,46.246,180.714244389601,50.41615285437472
mp-864927,Hf2ReOs,217.65,103.317,242.75254387396947,111.83562333295852
mp-864930,LiTiIr2,190.484,77.224,206.688857617478,103.95404301775903
mp-864932,Mg2AgPt,84.193,30.478,103.7746273975766,37.262290560464514
mp-864933,Mg2AgRh,88.2,20.608,100.901221273164,37.04075408637908
mp-864936,MnGeRu2,227.345,109.437,255.15659967439217,118.01315436577671
mp-864939,Hf2CuIr,160.206,49.295,178.95917051590618,40.90103499109203
mp-864940,Mg2PtRh,120.332,58.45,133.77572913447128,72.55255109055712
mp-864943,MnBe2Ir,193.511,108.004,174.99280318170483,108.5481448066334
mp-864944,MnBe2Pt,139.445,27.168,279.47812359015245,80.53833291031677
mp-864945,MnBe2Rh,171.181,98.352,142.39851763390877,90.0095093850738
mp-864946,MnCuPd2,143.606,48.766,64.94274973527652,32.763804014356545
mp-864949,MnGaRh2,188.351,86.0,168.59847589173717,74.89532461581723
mp-864950,MnAlIr2,228.585,102.886,1563.802959908259,238.52239928665625
mp-864953,MnV2Cr,231.986,93.042,261.30279709936116,102.36138735096756
mp-864955,Mn2CrCo,153.099,93.542,156.69054538826893,134.84408479684538
mp-864957,MnSbRu2,200.874,93.704,181.4431033074979,82.42998750878583
mp-864959,Dy2CuOs,103.481,44.291,112.69674393588788,48.375151798555656
mp-864961,Be2PdPt,194.226,42.134,223.4700506929841,92.14423516977168
mp-864962,CaAcZn2,38.641,23.217,40.00244043391173,26.359541110338988
mp-864966,MnSiRu2,247.412,124.181,221.1785424631832,131.54910516649915
mp-864968,MnInRh2,155.882,66.691,105.42794228802217,68.58353282968076
mp-864969,Mg2PdRh,106.207,58.013,118.64642382566733,63.577835074703735
mp-864970,MnSiTc2,252.159,102.98,805.6591524040157,895.305822043371
mp-864971,MnSnRu2,176.935,80.201,230.03573116238644,110.0035260308004
mp-864972,Mg2PdAu,88.039,26.291,100.3123367141399,33.14342855650655
mp-864974,Hf2CuOs,175.345,56.988,192.49796126487232,65.24385863275737
mp-864975,Mg2PdPt,106.503,6.267,121.66259617697024,40.765291093740515
mp-864976,Mg2AgIr,99.15,31.582,113.93645640715285,42.34029148598139
mp-864977,Dy2AgOs,101.086,41.391,109.083505185465,45.52667443283367
mp-864978,Mg2AgAu,73.054,33.934,86.8903841019065,38.250514048556795
mp-864980,MnAlRu2,218.933,130.613,220.83621143871025,172.33570196588977
mp-864981,Dy2AgIr,99.317,32.495,104.74054325045148,39.209091782605675
mp-864983,MnVRu2,228.444,98.864,170.57867042891957,86.52790283948569
mp-864985,MnZnIr2,226.37,78.633,262.89073032441223,100.51903844131338
mp-864987,MnZnRh2,168.969,55.119,127.63240670367074,75.60626623336084
mp-864988,Mn2AlCr,193.97,102.349,159.72261433071762,117.25884242827416
mp-864989,Mn2AlRe,255.756,128.084,270.8087706205771,148.88321527526438
mp-864990,Mn2AlW,237.182,126.511,261.61620249084933,136.26137731852117
mp-864991,Ca2AgPb,37.203,5.626,39.70991104533353,19.47781358461872
mp-864992,MnNbRu2,218.17,89.826,181.01608153417783,80.50672684892552
mp-864997,LiSiPd2,139.601,50.183,156.3002797311944,56.09899591263736
mp-865000,HfScIr2,182.895,90.315,197.08412711150297,60.17238584192215
mp-865001,HfScOs2,197.703,93.516,221.2971684350958,105.16539081542022
mp-865002,CaYRh2,89.209,34.602,97.63545030083368,40.84727360309453
mp-865003,Be2IrPd,214.003,111.931,242.2516205865585,127.30157415136406
mp-865006,Dy2MgAl,55.262,35.437,58.02393947112453,35.69313859391764
mp-865007,Dy2MgIn,52.775,27.596,55.84468544770579,27.713389619111876
mp-865010,HfGaRu2,197.202,78.797,207.06787585819055,104.04084922927228
mp-865011,Mn2NbAl,195.796,100.021,208.08019484884224,118.20183310051566
mp-865015,MnSiRh2,208.501,21.435,1258.2146728464068,133.42763995634576
mp-865019,HfGaRh2,183.393,118.314,199.831415112151,43.35674260107231
mp-865020,HfMgIr2,187.046,99.508,207.189708316921,98.50940424184124
mp-865021,Be2RuPt,219.105,107.454,250.92392654287147,126.3947482335328
mp-865023,HfTc2Sb,201.069,95.257,219.3906830900793,98.39557999982154
mp-865025,HfTaRe2,244.954,109.351,275.7751631545651,119.5215646824278
mp-865026,Mn2VSi,242.884,131.761,264.50302869698425,131.7756350367214
mp-865028,AcTlTe2,41.684,19.533,43.728101914061696,16.88873039453244
mp-865029,LiPaRu2,146.833,9.708,158.3645176876252,40.48614937431043
mp-865030,HfScRu2,172.957,80.426,186.8865810953535,92.00515775520628
mp-865032,Mn2PtRh,174.551,77.815,94.60279450907866,2.0688963531705187
mp-865038,HfTaTc2,222.224,99.455,252.72732581017007,109.15060465427229
mp-865039,HfTc2Sn,187.383,73.235,209.8073643973889,82.74674402475452
mp-865043,MgInPd2,109.21,28.094,119.30487934381496,35.53984462956748
mp-865044,MgInIr2,165.085,79.164,184.7404268431328,91.0467310283312
mp-865048,TiZnIr2,226.509,104.561,243.81207722099205,111.07974447042152
mp-865049,HfMgPd2,128.55,39.982,139.61386005603867,40.33052494553823
mp-865050,HfMgRh2,154.665,68.281,173.30835892402914,82.27789574885257
mp-865051,NaCa2Tl,22.925,14.702,23.351030492611585,14.065661338981103
mp-865066,HfInRh2,172.181,244.174,188.330031036302,49.034787587130594
mp-865067,Li2EuGe,34.651,23.508,45.555916793988274,38.28745829999587
mp-865076,NaCd2Pt,69.41,22.098,78.18913943080513,27.279386018378737
mp-865079,TiZnPd2,150.486,29.824,161.11136483341454,22.90519127887007
mp-865081,NaAcTe2,40.126,10.792,41.60915611954693,18.797084519561288
mp-865082,NaCaAu2,41.303,20.408,45.20641878430993,18.161512180423315
mp-865090,NaAcTl2,31.125,12.636,35.93450766135748,20.770138866984635
mp-865091,HfMnRh2,175.043,62.602,140.55571145253248,54.59353910744122
mp-865092,MgGaNi2,116.982,40.522,134.54015340866027,55.47040105875453
mp-865093,TiZnNi2,160.513,55.791,176.9596906629803,45.805459526803475
mp-865094,HfNbTc2,218.707,90.767,244.7105523814163,102.38746148564718
mp-865096,NaHoTl2,38.106,23.742,40.884140498551645,23.62826927340968
mp-865097,NaHgPd2,80.025,24.87,86.98228020922946,24.18276820087275
mp-865098,NaLaAu2,55.109,16.143,57.28495045158105,21.442603175904026
mp-865100,NaInHg2,25.727,9.66,30.41051719194675,4.170429316871065
mp-865107,NaMgPb2,15.404,7.06,33.35143243442693,10.029394708613198
mp-865108,NaSmHg2,43.362,14.613,45.92622400848217,14.813646602293286
mp-865109,NaSmTl2,36.766,19.687,39.832499704631715,21.791092706062265
mp-865110,NaMgTl2,24.965,13.0,28.39921835079387,10.81722096287046
mp-865111,NaSmAu2,59.904,18.192,64.39062428653986,25.221340135499013
mp-865112,NaPrTl2,35.668,17.268,39.19895202194673,20.315799931030572
mp-865113,NaNdAu2,57.865,17.696,61.777675900686354,23.911782912779714
mp-865115,NaNdHg2,42.221,14.872,45.519179707411816,15.35758318071688
mp-865116,LiSmTl2,41.722,15.962,44.95033362003743,25.271078478164533
mp-865117,NaErTl2,37.926,23.846,40.8868055168038,23.902669653736403
mp-865118,NaPrAu2,56.68,17.065,60.450516768280146,23.154527017885822
mp-865119,NaPrHg2,41.671,14.842,45.2980007054922,15.951806473258754
mp-865123,MgGaPd2,120.303,31.091,131.00739393758633,37.52765255780947
mp-865125,MgGaRh2,155.284,80.766,168.74143601747215,95.32381941168028
mp-865127,NaTl2Cd,23.718,7.617,27.985132923376113,9.000292258120918
mp-865130,Hf2MoRh,173.159,75.907,193.9927383734314,85.54637178102818
mp-865131,Hf2OsRh,201.65,55.152,215.23606371935173,78.907619598687
mp-865138,Hf2MnIr,192.899,88.412,218.1331441215384,100.83111422114814
mp-865145,NaTl2Bi,27.25,8.941,31.78987906533416,6.506619605685639
mp-865147,Be2CuRu,182.617,96.573,209.68705005169497,110.63069004212792
mp-865148,PaAlTc2,181.984,42.333,184.22127025714897,70.9269231782212
mp-865149,PaAlRu2,178.546,15.527,178.1318383102297,46.9735010084681
mp-865150,MgCdAu2,86.378,21.743,96.90949630841332,26.611659814922294
mp-865151,YbNdRh2,87.977,27.617,116.95660786254842,27.76769404987429
mp-865152,MgAlPd2,124.171,40.012,135.60221325707346,49.699696132361545
mp-865155,MgAlRh2,155.745,85.611,169.4461543978699,102.28697410279632
mp-865156,Dy2ZnGa,65.862,39.796,69.34594165736978,34.105456460004646
mp-865158,YbNdHg2,49.525,23.048,64.39376338262446,14.851002950573188
mp-865159,Dy2AlZn,63.933,39.898,66.88433564049993,36.447506226112694
mp-865160,MgGeIr2,184.958,79.79,218.66267869953936,86.55801895875976
mp-865162,MgGeRh2,162.451,58.759,181.59915011757215,80.68959840442348
mp-865163,HfBeRh2,189.784,67.567,200.22656861154096,93.0849348784922
mp-865165,HfScCo2,138.178,69.939,145.1391962593978,66.30844725490645
mp-865167,Ca2CdPb,32.385,21.831,36.61638497988344,20.65411275915592
mp-865172,YbTaRu2,171.591,73.821,197.34118986601416,94.06865648687292
mp-865174,HfCdRh2,169.501,60.425,183.10949792386256,75.0304483103574
mp-865178,Hf2IrRh,191.166,11.426,205.0974104969196,43.75139809655182
mp-865179,Hf2FeOs,201.248,95.692,222.4725174071714,102.44408973102507
mp-865183,MgGaAg2,68.65,15.528,82.80308747658401,24.47938473970298
mp-865186,MgGaIr2,187.256,96.083,207.05179365788948,108.25258075864996
mp-865187,MgFeRh2,154.144,73.504,140.67352300415146,84.68691045181467
mp-865191,FeGeRu2,223.605,101.794,186.59465456063288,101.58478510057166
mp-865195,TmGaRh2,147.294,55.923,154.0125979015763,70.32159442595541
mp-865202,TmCdPt2,123.512,20.588,128.17778539616052,9.996294061844514
mp-865206,TmCdRh2,127.101,52.847,134.97037994575942,57.04875260699684
mp-865209,TmHfOs2,182.794,86.548,204.06623497901825,98.5567068624736
mp-865210,TmLuMg2,45.134,23.143,47.37261752858748,24.033204460794728
mp-865211,TmInRh2,134.846,40.486,143.90115622847676,64.33331204836773
mp-865215,TmHfRu2,161.823,73.726,170.78390449307963,84.40354229257767
mp-865216,Dy2PdRu,104.247,37.091,109.80928784363196,35.91214334283098
mp-865219,Dy2IrRu,125.9,53.425,135.0689012490745,61.09002280244295
mp-865224,Th2BiTe,80.336,50.256,83.26294473605056,50.93505281884434
mp-865228,LiScPt2,116.125,61.788,126.74815119924206,12.231475034703976
mp-865229,Be2NiIr,231.437,114.747,241.91876589195832,144.53941735770772
mp-865230,TmMgRh2,116.23,52.742,124.1729701236122,59.96402048030227
mp-865231,LiScTl2,44.718,22.125,50.063093243999795,27.03610249798472
mp-865232,TlPd2Au,124.074,6.664,140.04270662149875,15.04072278864157
mp-865234,TaZnRu2,226.089,85.139,233.19636042089363,111.14185744092136
mp-865235,Ti6Al16Ni7,128.39,89.296,143.39096281826687,100.96185051867856
mp-865237,Tm2ZnIr,100.748,38.748,109.17747222522542,46.67136233498028
mp-865240,Lu2MgIn,55.4,32.495,57.579963684726536,28.545710167142428
mp-865241,TmNbOs2,205.913,90.483,230.6283150728123,104.23729468434408
mp-865248,TmNbRu2,179.898,73.733,195.4650750852989,83.63519570795034
mp-865249,TmSnRu2,153.366,68.88,164.7680012678054,84.6757067923727
mp-865250,TmTc2W,202.895,78.138,227.55468224507104,97.68104684623984
mp-865252,TmSnRh2,141.544,187.815,154.1333382793053,45.86637381384008
mp-865254,TbYbHg2,52.205,26.236,71.342186552443,20.406364754956737
mp-865255,LuNbRu2,182.535,79.038,199.95196826058373,88.50194704476253
mp-865257,DyZnRh2,129.806,45.355,139.659765409203,56.52647268907324
mp-865262,TmTaRu2,188.12,80.951,203.5411699794369,92.79896876481511
mp-865273,TmUTc2,108.871,80.134,147.6865962927319,29.545461569034316
mp-865278,NbAlOs2,260.723,129.33,282.4666000016199,144.5736893953437
mp-865280,NbAlFe2,209.082,126.798,238.12936441893697,132.85632620878857
mp-865281,Tm2AgPt,96.269,34.96,103.77292243379898,41.237517906669
mp-865282,Tm2AgRu,96.69,38.929,103.38261425069274,43.766000575057454
mp-865284,Tm2CdOs,101.396,37.595,109.2591075834042,47.128696645110786
mp-865297,Ho2InAg,65.284,29.025,65.60646950433927,26.01629495285903
mp-865298,TmZnPd2,108.889,15.796,111.79211090552248,16.26235415227468
mp-865299,TmZnRh2,135.447,52.839,144.8176410820373,62.49301953634775
mp-865308,Be2CuRh,171.518,52.236,198.51900356680835,96.00962962746549
mp-865320,Lu2PdRu,115.779,46.14,120.88788541198925,43.421465515461946
mp-865321,Lu2IrRu,137.722,66.037,150.81699345759074,76.59778608812017
mp-865325,Lu2CoRu,118.848,56.419,121.95798152862189,63.16103472309947
mp-865329,Lu2MgTc,79.162,27.045,88.62697645899048,41.26960433950091
mp-865338,Tm2ZnPt,93.112,39.448,94.2689611021354,35.77555300121455
mp-865340,Tm2HgOs,106.578,35.412,113.82953711400263,43.80442431311711
mp-865356,Tm2MgAl,58.554,38.344,59.856414533434126,38.949444326323835
mp-865360,Tm2MgIr,87.72,26.832,93.3585901086002,45.05225804258179
mp-865361,Tm2MgOs,89.938,29.624,99.94363398084818,46.949909434811374
mp-865364,DyTaRu2,181.822,68.958,195.00020921627737,83.30553428174514
mp-865378,LuSnRh2,142.714,236.351,157.90312474267532,47.74668380122985
mp-865379,LuSnRu2,156.439,71.105,167.7192641256074,88.52734713372635
mp-865406,Lu2ZnAu,80.916,38.614,90.3370802685614,42.667951730927896
mp-865421,UGaTc2,191.62,23.041,200.1963760486222,64.12782887286983
mp-865426,YbNdAg2,50.84,19.85,66.79174075988749,22.80304025775664
mp-865432,Y2NiIr,106.626,42.924,114.0464940390136,45.16985632862746
mp-865433,Y2MgRu,74.058,20.648,79.27910894706638,37.68494767352004
mp-865434,LuZrRu2,156.979,72.197,166.9353766806158,81.61722753103058
mp-865441,TiAlPd2,158.18,28.706,170.20887866128007,36.55800281499708
mp-865442,TiAlOs2,244.229,113.141,265.7063236238977,132.18062009357894
mp-865443,LuRh2Pb,129.632,168.188,141.68010971685507,32.82357176825188
mp-865444,LiSc2Pt,89.908,37.52,96.49529167089936,46.30372230523797
mp-865446,Lu2AgHg,73.413,29.755,83.65782729970188,35.017067169234096
mp-865448,TiGaRu2,212.674,87.343,220.74432669194888,107.60416321618028
mp-865449,Tm2MgTc,77.305,27.589,86.32486071885383,39.8481014297366
mp-865459,Lu2AgRu,98.781,39.928,107.57255240903416,45.244159702664824
mp-865462,MnV2Os,265.263,115.151,287.1137046726743,134.60982771156586
mp-865465,VCo2Ge,197.789,81.715,217.6558723285644,64.87745445266879
mp-865467,Pm2SnAu,65.878,19.943,68.0478317609097,14.80937362463284
mp-865468,Pm2SiPd,75.342,23.479,77.47959261030948,18.849384429262635
mp-865469,Ti2MnRu,193.143,78.85,220.172678316516,97.07410073216882
mp-865470,Ac2CuSn,46.296,13.564,49.63021931400338,20.25127853965861
mp-865471,VGaTc2,229.778,78.962,249.62333954325013,97.04395006435104
mp-865472,VSiTc2,258.765,107.994,275.1905310465892,126.42918838605172
mp-865482,VTc2Ge,243.003,96.105,262.825416182238,108.74516944191262
mp-865484,V2CrRe,253.319,112.266,287.79676070326144,123.00145425317588
mp-865485,V2CrOs,261.007,118.265,292.2548851049931,139.9766367033547
mp-865486,VZnRu2,225.829,79.087,232.89973661002648,107.27559958541327
mp-865487,VZnRh2,203.686,18.666,222.1247915439593,55.65631610359438
mp-865490,V2CrFe,231.816,102.939,256.610758372297,108.30478654950429
mp-865494,V2CrRu,241.192,103.536,261.6626483003817,119.78783306275037
mp-865495,V2CrTc,238.066,95.291,266.93998843775915,112.73621288134385
mp-865497,V2ReOs,289.662,136.853,318.2630122484584,146.91582246746518
mp-865499,V2TcOs,275.44,129.105,302.4936474429558,137.35980477418494
mp-865501,V2TcRu,254.239,109.902,275.17502574002737,118.1086735261742
mp-865502,YAgHg2,69.569,17.156,78.97908919086952,18.86993898977665
mp-865503,YCdAg2,71.324,15.786,78.78823336969253,25.520732537242353
mp-865504,YAlAg2,82.71,23.742,89.62506569668123,34.70784147774316
mp-865505,Lu2InAg,69.509,32.13,69.84343775493824,30.458096467492226
mp-865506,VSiOs2,286.547,125.357,311.6183371675711,131.65083298285916
mp-865507,VSiRu2,250.046,119.671,272.0241904475687,104.97779380778626
mp-865512,YMgCd2,53.873,26.509,59.55719407081212,34.54128203246819
mp-865515,YMgZn2,59.874,36.417,65.57700157925288,45.80205426473137
mp-865517,YZnRh2,126.817,44.737,133.69203298172752,54.95156562021131
mp-865519,YTaRu2,179.127,69.742,192.016618443114,83.94051419230732
mp-865520,YCdPd2,97.382,27.819,100.11722712869194,22.50148856009152
mp-865522,YCdAu2,87.395,21.097,97.36574821221448,30.169058824138627
mp-865523,TiMnRh2,183.807,75.228,127.73184444688778,36.67219185385704
mp-865524,YCdPt2,116.26,20.954,119.24363657165728,9.856628835302851
mp-865525,YCdHg2,76.015,19.287,67.62576122299672,19.451629834195156
mp-865529,Ti2NiIr,190.543,7.109,208.8626203900117,36.73128751372507
mp-865530,YThRu2,124.42,30.249,126.93503081763808,38.03520612995303
mp-865531,TiMn2Al,159.093,83.1,193.2358453300524,95.9284781679652
mp-865533,Ti2ReOs,240.23,110.684,275.79950354230914,128.81165276385747
mp-865536,YbZrRh2,127.688,30.229,158.57244391653973,49.96919694787272
mp-865537,TiMnCo2,168.613,77.429,235.72342400386603,94.76208710502036
mp-865538,Ti2RePd,193.113,72.804,209.9792987451129,85.52848753050309
mp-865545,Pm2SiAu,74.428,22.913,75.20442104448038,18.488578029327524
mp-865546,Yb2AgBi,38.939,24.271,64.02347027483317,-21.515475252550505
mp-865547,Pm2CuSi,68.269,27.721,70.80515451866765,29.922950787787094
mp-865554,Mn2VGe,224.329,110.157,241.05306119502305,109.21481459327906
mp-865560,Y2AlZn,62.953,40.862,65.18621648057363,38.90834004049725
mp-865561,Y2AgRu,90.313,35.774,94.78033986498832,41.593260877816554
mp-865563,LuZnPd2,111.102,18.066,114.59065398611364,17.677706186137204
mp-865566,LuZnRh2,138.683,56.941,149.72543903404326,67.73388157878318
mp-865569,Ti2MnIr,212.034,97.188,240.9874774249776,118.40133369480898
mp-865577,Li2CdAu,44.869,12.122,50.91146440449583,20.642850219458705
mp-865578,LiNd2Ga,43.608,24.558,46.919703961760305,20.64594920376797
mp-865582,Li2CdPd,50.434,7.951,55.940875518516975,19.236945966180738
mp-865585,VGeRu2,236.881,105.622,252.84051950504545,92.48574517377529
mp-865586,VGaRu2,236.904,112.122,254.2465895408932,122.54000259780244
mp-865587,Y2CuRh,88.993,33.634,93.20143362581614,37.94213365455708
mp-865588,Y2CuRu,92.142,40.684,98.063062086655,42.41305775480887
mp-865591,Ti2NiMo,170.681,76.912,189.1733019041613,85.19343389305432
mp-865592,Y2ZnRu,87.008,30.47,90.72518832449649,37.37855317804368
mp-865594,Y2CuIr,99.876,37.98,104.75762418594113,41.04821914068132
mp-865597,NdPbAu2,75.68,19.233,81.11250571038785,23.81533378118434
mp-865600,Y2IrPd,109.327,42.364,118.618515066102,43.746273415354345
mp-865602,Y2MgAl,54.789,36.348,56.67901565290056,37.927678530455886
mp-865603,Y2IrRh,119.564,33.326,125.30280611131988,41.52762728168819
mp-865607,LuGaPd2,115.558,18.845,119.95732916888556,26.038946237360648
mp-865609,LuGaRh2,149.694,60.379,158.9072475450219,75.39012146055602
mp-865615,GaSiRu2,228.828,88.656,247.856911243228,110.14423141622764
mp-865630,Yb2AgGe,46.404,1.24,79.72228456714313,23.460349831264313
mp-865640,TiGeRu2,228.106,116.587,244.2568659201934,126.59639180206506
mp-865641,Y2NiRu,104.846,40.076,103.0414308249693,39.724670508747934
mp-865648,Yb2CdPb,33.75,22.062,64.5722892901479,13.610524787333494
mp-865649,Ti2TcRh,203.459,95.495,224.3672971072211,107.99360879028224
mp-865650,Ti2TcRu,208.121,94.372,237.34848544748797,105.83022937372192
mp-865652,TiMn2Si,207.779,105.768,246.2808747551875,117.87737301128716
mp-865653,TiNbRe2,250.96,111.453,283.03660579188545,122.27800139138988
mp-865655,TiNbTc2,223.438,94.868,255.15087702391844,109.8672897900448
mp-865656,TiMn2W,243.092,113.185,274.354392091446,127.58663756335734
mp-865659,Y2ZnIr,93.884,35.758,98.76512124157124,41.50217341205934
mp-865660,Yb2AgPt,56.533,22.834,109.58087497546173,39.65670789101067
mp-865661,YbMgCd2,38.38,17.587,63.07053913696833,34.752297694836585
mp-865663,YbLuRh2,100.492,38.627,134.48420255514634,44.39275067665386
mp-865664,TiRe2W,287.241,142.198,314.46410279516397,151.96605364708438
mp-865665,TiReTc2,271.275,125.232,297.07435748669633,117.78276526837207
mp-865666,Li2TlAg,32.933,17.026,38.995240713017026,20.721717817548296
mp-865669,TiSiTc2,228.921,85.424,253.20561116731233,103.36155918031326
mp-865671,Y2ZnIn,59.596,33.082,61.1348016567446,30.824303897507416
mp-865678,TiMn2V,195.509,76.292,231.55601849956315,98.75637594067464
mp-865679,TiSnPd2,146.595,3.057,160.35107780809233,27.42254732201201
mp-865680,TiSiOs2,283.881,134.466,300.77887007671296,151.25952040260492
mp-865681,TiSiRu2,244.997,129.794,261.29979762242226,145.511886476133
mp-865696,HoGaRh2,143.634,49.846,151.76679324246086,67.06933060124456
mp-865708,LiSm2Ru,66.47,25.565,72.74607594294031,31.900907835753195
mp-865712,Ti2MnNi,173.551,66.646,193.43257558989689,72.34769318122609
mp-865713,Li2TlBi,30.009,22.827,33.32521810965679,17.763650567464932
mp-865714,Li2HgAu,40.536,7.09,49.89604584896196,20.43089013011987
mp-865717,Ti2ReIr,234.973,118.676,264.8741578061998,135.84826933190814
mp-865728,Ti2ReNi,194.083,80.092,212.88999501836471,87.83145129177271
mp-865730,TiZnAu2,133.602,28.603,148.28590386901476,42.876811151541595
mp-865731,Li2HgPd,52.245,13.98,57.44099191346397,19.985117997776264
mp-865735,Li2YbGe,38.24,30.808,55.4400549236547,40.4653092406555
mp-865737,Li2InSn,35.36,14.569,41.411054432022354,16.187118175249225
mp-865738,LiPrHg2,47.688,9.986,55.358631189203585,20.876263428502476
mp-865739,YbCdAg2,53.798,15.429,88.16353601652594,27.95065888136187
mp-865742,YbCdHg2,41.342,11.442,72.1041411955834,26.01922769234723
mp-865743,Ga2IrRh,198.415,48.354,227.6395984972523,71.56090597686298
mp-865752,YbGa2Ir,119.704,390.759,136.04001984984777,32.38859088433248
mp-865753,YbErPd2,79.277,27.507,106.1774160357882,38.24844013105919
mp-865756,YbGaPd2,94.214,9.818,124.49700267929788,23.464568886414593
mp-865757,YbGaRh2,130.602,55.665,161.6461061353869,71.93865391131995
mp-865759,YbHfRh2,134.565,38.75,159.9548630027299,52.61588132753111
mp-865768,Ti2MnOs,210.074,88.015,245.9329996557127,112.48343285994058
mp-865779,Ga2CoRu,188.326,88.172,207.32862789303985,98.0965160387493
mp-865780,TiMn2Ga,160.207,76.368,195.83976558960225,98.88845350742872
mp-865785,YbHfIr2,159.762,176.796,186.10203480228623,53.927316145990055
mp-865789,YbInAg2,55.757,21.769,91.58158383033894,30.710947303269684
mp-865790,YbInHg2,40.699,8.103,66.53524938030893,18.62610518659206
mp-865791,CrSiRu2,253.029,138.001,332.38528289002244,159.03278633899137
mp-865792,BeSiNi2,196.801,75.961,224.06713968654773,91.76041015602118
mp-865793,LiSc2Rh,85.14,30.034,92.04467273731248,37.53715105512404
mp-865795,LiSc2Ru,87.654,34.245,96.60162377778865,38.03458021690765
mp-865796,LuCdRh2,128.593,53.675,139.07664401370346,61.277888133577946
mp-865797,LuCo2Sn,127.341,69.17,135.9903179162048,75.93184847539838
mp-865799,Yb2AsAu,55.734,36.046,89.63562295909513,8.272809626667783
mp-865800,Yb2BiAu,45.488,26.674,71.81050888381675,-0.4864079168164852
mp-865803,Ti2MoPt,194.966,87.695,215.57217582189492,111.51087993638596
mp-865805,TaZnCo2,201.21,81.324,226.74563572756185,82.92315088085375
mp-865806,LuGaCu2,94.234,31.195,109.6507487337946,49.83266860776774
mp-865807,Ti2MoIr,208.29,83.939,234.3287871079296,107.13694419953524
mp-865809,TiTc2Sb,210.128,97.116,230.75706609679816,104.26070484679462
mp-865810,TiTc2W,257.893,119.069,284.8360723366425,140.10114658284274
mp-865811,LaYbAg2,46.367,16.211,61.7907198861255,21.40527156957012
mp-865812,LiSmHg2,50.518,10.941,57.65095421596737,21.49260884895083
mp-865813,YbMgTl2,35.189,17.094,54.45545487194338,20.74836257369085
mp-865814,YbMgHg2,42.899,18.79,69.32785892445764,36.03292873398136
mp-865815,YbPd2Au,104.932,24.769,143.90046316048333,-0.3877914747313767
mp-865840,Ti2TcIr,223.944,110.73,249.99236249501865,131.23766461625365
mp-865841,YbPaPt2,118.801,28.281,146.46107881272732,26.653292101308217
mp-865842,Ti2OsRu,231.602,119.766,259.68871989444045,129.67472657172948
mp-865845,Yb2CuIr,69.855,33.64,123.81703436774583,46.50163758851117
mp-865846,LuHfRu2,163.884,74.76,176.27625492034556,88.92184479529284
mp-865847,Lu2CuPt,101.128,42.41,112.906253258127,47.60895940980047
mp-865854,Yb2CuRh,54.848,25.194,109.44273872674624,41.60336613351845
mp-865855,Ac2SiPd,57.83,17.435,60.949819704923875,20.81139235581078
mp-865857,YbNbRu2,163.841,66.692,189.5872512375174,86.0603217369024
mp-865859,LaYbCd2,40.401,20.338,54.14411310568198,14.830452831035467
mp-865863,Li2TlPd,48.609,13.18,55.35308581075601,21.248934990312897
mp-865866,LiZrPt2,139.016,27.199,143.59117180937915,14.341936854498412
mp-865867,Li2YTl,41.319,32.362,46.669880972903854,37.108554754826166
mp-865868,LiZrRh2,137.351,45.895,150.4023226942288,60.42816097917271
mp-865869,Be2CuPt,173.915,70.542,198.38609683198,82.51693002570704
mp-865870,LiZr2Os,134.753,47.3,143.64881066524626,53.86324748637646
mp-865871,Li2ZnAu,46.741,4.542,52.93141733731073,15.048439895042195
mp-865872,LiZr2Re,126.874,37.587,134.05565966970238,44.93609309285693
mp-865874,Li2AgHg,37.398,9.484,42.980119714419715,16.942625269643777
mp-865876,Ti2TcOs,225.088,99.119,261.0519428405852,121.7329944470264
mp-865877,Ti2RePt,212.512,77.792,233.80496201253257,94.56295083342188
mp-865878,Ti2TcNi,168.312,73.802,202.67558410044157,77.41338270041419
mp-865879,Li2AgAu,49.503,17.539,52.335265893044294,19.709864270012023
mp-865884,LuInRh2,138.075,43.403,147.8405870199779,68.0002514769192
mp-865888,TiSnRu2,205.955,106.326,223.99617871196392,124.5342922708126
mp-865893,LiZr2Tc,117.351,26.476,124.71635151178634,40.67942521894335
mp-865894,YbPmAu2,68.459,25.776,89.09221324579293,25.44677868916762
mp-865895,GaGeRu2,203.806,74.202,224.2030240101514,85.13267857762662
mp-865896,YbPmAg2,51.003,21.554,68.26413054143555,23.86666910263573
mp-865897,Li2AcIn,35.03,19.316,38.58663261597189,30.08769712110462
mp-865898,TiZnCo2,180.042,89.75,189.08619516428033,104.38101415742344
mp-865901,BeCo2Si,226.523,132.598,259.4095609594186,149.3583997887071
mp-865903,YbPmPt2,91.912,34.918,121.6443036749783,38.67070819870775
mp-865904,BeSiIr2,268.28,105.257,314.74531132981997,119.03251112604904
mp-865908,Yb2HgPb,37.023,28.619,65.16031786619521,9.04230981255863
mp-865909,Yb2HgGe,44.342,32.244,75.00755687501203,15.336238121699584
mp-865912,LiZn2Rh,102.513,37.415,112.24213456354651,41.43953183494515
mp-865914,TiVTc2,226.153,95.113,262.0434288513516,120.04837575537869
mp-865916,TiVRe2,257.696,111.69,294.3356089644544,136.3400613323632
mp-865918,Yb2CdSn,36.108,25.303,70.10443920793979,17.238416142294387
mp-865919,MgAlAg2,80.359,21.024,91.00840259999994,39.63814434338829
mp-865920,YbPmZn2,45.614,29.381,61.38277686693911,19.91543505532222
mp-865921,MgAlIr2,188.646,106.717,209.6126197436356,124.44984352719575
mp-865924,LiZrAu2,103.353,5.343,112.77037033055072,37.923099233522
mp-865925,LiZrIr2,164.912,53.838,187.37407945065212,81.99672324431924
mp-865926,Cd2PdRh,123.024,48.221,137.93363535115276,50.91970630864231
mp-865928,Ti2TcPt,201.234,72.828,219.5725300109169,85.80991102311877
mp-865929,Cd2PtRh,136.955,44.683,150.4485154477095,50.74987786965924
mp-865930,TiZnCu2,130.031,52.34,144.3763404633996,64.24757184495076
mp-865931,Ti2TcPd,182.368,65.713,196.30317758469872,75.09320833701555
mp-865932,Li2CePb,46.894,33.556,43.35593853699763,35.1880549575642
mp-865933,LiSiIr2,230.966,127.917,261.36709247802554,142.09668263742995
mp-865935,Li2MgSn,34.883,21.546,41.62337160970714,21.993873613337456
mp-865936,LiSc2Tc,82.734,32.676,88.90865486547581,40.16074039344107
mp-865940,LiThAu2,83.821,9.884,89.53851045466354,27.509202436398347
mp-865944,ThSnRu2,152.686,51.878,157.14439546876932,59.36031891262405
mp-865947,YbPrAg2,54.172,18.108,65.52588648939755,22.241919719379386
mp-865948,Ti2ReRh,213.72,102.659,235.24096517086332,112.112863366071
mp-865951,Ac2IrAu,75.286,17.573,78.25404461910226,24.246279359508875
mp-865952,AcTlAu2,59.76,10.319,64.73145032694656,19.407002311166888
mp-865957,AcSnAu2,70.36,14.645,75.88653100149853,26.561071950882205
mp-865963,LiGaAg2,66.916,27.563,75.9070490412927,34.18296919136022
mp-865964,Li2CaSn,34.099,27.664,43.59757752848842,32.036479134897604
mp-865965,Li2CaSi,40.875,29.73,46.612262130566464,41.409236075148705
mp-865966,BeAlIr2,237.931,124.518,266.5916901958425,152.9304555819223
mp-865968,CeAlAg2,68.397,13.835,79.97774815344783,33.901640194363125
mp-865969,LuReTc2,218.979,90.915,236.71045881828857,122.1416414085807
mp-865974,TmNi2Sn,117.1,32.569,129.1105086412035,56.89042179425614
mp-865978,YbPrHg2,48.488,21.802,62.63501373490471,14.431739075130531
mp-865979,AcMgCd2,43.051,14.378,46.016584807262845,26.46393791467832
mp-865982,TmCdPd2,102.769,28.97,106.54753603532922,22.730256245788546
mp-865983,TmCdHg2,64.458,20.768,72.8860272200392,18.299786847784254
mp-865984,BaTlHg2,26.909,8.57,29.937839307643102,11.93697883495199
mp-865986,Li2CaGe,37.315,26.755,43.05243821872694,36.31899337373024
mp-865987,Li2AgPd,56.116,10.22,64.30668497224872,21.780395469906853
mp-865989,Al2IrRu,218.535,127.182,242.36503169920445,142.4695922844249
mp-865991,YbSmZn2,45.837,29.126,62.79276651998879,21.16768974060882
mp-865992,YbSnRh2,126.934,36.271,157.7905668575375,37.3873780054597
mp-865993,YbSmRh2,90.68,29.843,121.35292645809676,31.18622971920396
mp-865994,YbScRh2,108.619,40.561,141.35478735039877,48.484991090666526
mp-865995,YbSnAu2,70.05,15.34,112.0757913944282,22.335665838976883
mp-865996,YbSbPd2,91.016,23.938,128.30297099297633,17.226828403123488
mp-865997,YbPrZn2,43.874,28.411,58.8208198696676,20.089657781679676
mp-865998,HfGaIr2,212.925,67.428,227.9939416850122,-26.075919513650383
mp-865999,YbTlPd2,82.283,15.978,111.42109342661132,22.741939101614097
mp-866000,CaLaCd2,40.129,20.861,41.897412151645455,22.67790414417039
mp-866001,AlVRu2,236.108,125.212,251.82861454478137,138.19872593890204
mp-866002,YbTl2Cd,34.091,11.787,56.69596065723371,14.136141224688258
mp-866004,Er2InAg,65.736,30.299,67.05565022690517,27.607354261829094
mp-866005,Dy2TlCd,57.964,25.723,59.64640591136987,21.152053168030967
mp-866007,DyMgTl2,47.333,10.569,52.88661888533915,19.377692909492996
mp-866008,Dy2TlAg,61.975,25.22,65.95968181335968,24.34933313683956
mp-866012,Hf2ZnRe,160.36,60.682,176.0819206468809,72.88450744631167
mp-866014,CaSmHg2,49.261,25.27,52.92074135096315,29.185718895278185
mp-866015,CaPrZn2,43.686,26.267,47.32927498371789,28.641154053036335
mp-866018,Ac2ZnGe,47.092,21.003,51.79229763776811,20.616207343564422
mp-866020,YbSmHg2,50.682,25.265,66.99631273474623,16.4801748671234
mp-866024,Be2RhAu,183.765,27.888,214.57897619874808,87.49939414658091
mp-866026,ErNbOs2,202.723,87.3,227.49188088643433,101.44338218869774
mp-866031,Al2FeIr,203.229,110.178,228.44340738627795,129.86683917155526
mp-866033,AlZnRh2,184.832,92.448,203.57096186011697,110.26848639083532
mp-866037,GaNiRh2,173.642,64.205,227.80701569201625,76.97355598919546
mp-866051,HfFe2Sn,183.726,107.986,204.90799595148937,110.3229412678775
mp-866061,CaSmZn2,45.189,27.213,49.12813075247968,30.98178773468698
mp-866062,HfSiRu2,228.517,106.888,243.40129443766835,130.3855842557415
mp-866063,NdDyMg2,40.013,22.984,44.50929726746692,21.352579550384643
mp-866067,Nd2CdIn,50.858,21.146,54.97781221047798,17.48835604722628
mp-866069,MgScRh2,127.869,60.221,138.92009208222177,70.21095447949588
mp-866071,MgTaOs2,228.974,100.834,246.48641365303263,120.99441203515688
mp-866073,MgSnRh2,147.583,26.257,163.14324187056494,71.59569214614582
mp-866075,MgTaIr2,216.134,183.204,238.69455122485724,41.497262079892536
mp-866077,MgSc2Cd,57.839,33.262,63.39557454454737,31.761844442505648
mp-866079,MgSc2Ru,90.878,16.985,101.3478327153699,43.55868295040177
mp-866080,MgSc2Tl,58.309,23.613,63.48862955241659,28.36957452820236
mp-866081,MgSc2Os,105.142,25.439,116.8935973225318,48.98973151496062
mp-866082,MgSc2Tc,88.439,22.204,98.37796632003338,40.82687332085311
mp-866086,MgSiIr2,213.993,97.486,245.07862844278227,108.96846097112184
mp-866087,MgSiRh2,179.203,75.943,204.1803633051584,99.55557754785944
mp-866088,Hf2CoTc,177.082,84.695,192.36839499998,88.87550020584064
mp-866094,HfZnCu2,129.32,43.166,143.50255655597093,62.43615945240788
mp-866103,Ac2MgSn,38.111,15.688,42.99838888548679,15.74185123230308
mp-866104,CaCdHg2,38.807,11.995,43.31524867030441,7.089220105141946
mp-866107,Ac2IrPd,77.317,20.378,81.50771451034845,23.421311032653517
mp-866109,HoNbOs2,200.406,84.188,223.71156709758927,98.28408650454628
mp-866112,HoNbRu2,173.786,66.781,190.3688467691956,78.71936433843304
mp-866114,HfTc2W,246.139,118.179,269.536610393074,133.18848964682317
mp-866115,Be2PdRh,193.549,99.772,218.199784432918,117.04897103343902
mp-866116,HoTaRu2,183.596,73.942,198.44917815241723,87.03358501302351
mp-866117,HfZnAu2,137.013,16.877,151.78911832404637,39.611952722748455
mp-866120,Tm2TlAg,66.273,29.296,68.43643899635852,28.202819704793743
mp-866125,LuTaRu2,190.885,87.342,208.5656398658616,97.71929327233627
mp-866127,LuTaOs2,218.717,102.576,243.14045719349497,118.427104488556
mp-866128,NaTmTl2,37.535,23.164,40.798643613076706,24.065107834632453
mp-866131,Lu2TlAg,65.545,29.72,70.22702994595612,29.163345450517284
mp-866132,Na2TlSb,24.55,18.578,28.067053110005705,18.07637947534833
mp-866133,Lu2TlCd,60.239,21.558,61.05645886586836,22.022407358713945
mp-866138,LuSbRu2,168.296,88.091,181.84453508185575,100.81091301396002
mp-866139,TiBe2Ir,189.33,65.793,223.13412170566187,88.595081260648
mp-866140,TiGaPd2,155.629,18.4,167.15152720044082,24.4842526058931
mp-866141,TiFe2Si,230.374,146.521,264.3545206809786,161.83503524248238
mp-866142,TiGaIr2,227.636,85.752,247.11293816820495,8.449842516079572
mp-866143,TiBeRh2,203.582,98.384,220.83583653388308,110.69889240798108
mp-866146,LiSm2Ir,74.686,30.036,79.81391045789259,34.603036956244914
mp-866150,LiSm2Os,74.266,31.695,83.29582055018292,35.466890289078016
mp-866152,TiBeCo2,191.214,104.999,208.29625418763524,119.92942604837818
mp-866154,TiBeIr2,241.903,121.444,265.1148103043019,139.89460728514268
mp-866155,TiAlRu2,209.627,91.984,220.29549649826444,113.84676159849106
mp-866156,YGaRh2,138.306,44.976,145.00508233740524,63.66402455541023
mp-866158,YLuMg2,43.556,23.614,46.62577940852973,23.322427864267063
mp-866159,YZrRu2,147.893,65.206,155.08971542987484,70.47739126602207
mp-866160,Y2AgIr,96.832,32.475,102.23869585493932,39.972674587627765
mp-866162,YMgAg2,64.686,13.385,74.84450876304872,30.51695044430864
mp-866163,YInRh2,127.682,37.6,136.12173101822933,59.32216333080332
mp-866164,YMgHg2,61.585,26.818,65.62348683947896,30.940771330851803
mp-866165,YMgRh2,109.638,47.658,116.81841300308336,53.682667057504254
mp-866166,Y2PdRu,102.15,37.213,105.63012991839008,37.01334763474421
mp-866168,TiInPd2,125.716,22.501,155.2498698008513,34.413595822945716
mp-866169,KTl2Bi,22.656,5.834,25.156189908645754,5.259489766382601
mp-866171,YMgAu2,83.086,20.128,94.14724763531213,36.63262300121555
mp-866173,Y2RuRh,111.433,46.33,118.64079942498869,52.50049741862417
mp-866174,ThSnAu2,99.611,17.763,107.67843639725788,21.63691711561383
mp-866175,Yb2CdIn,34.611,20.71,68.5790687448755,24.132331891482625
mp-866176,Li2PdAu,68.175,23.405,77.70602202032289,26.665442863267895
mp-866177,YbAgPd2,91.195,24.979,127.90303429269736,-0.7843267030443076
mp-866178,Li2NdAl,42.611,29.333,47.04875479838864,36.41269380511075
mp-866179,Li2NdTl,39.457,28.708,43.80856674511572,34.88243952316792
mp-866180,Li2YbPb,28.662,23.4,40.45577620798529,26.129494850226394
mp-866181,Li2NdIn,40.663,29.888,45.22164816374132,35.118967354464
mp-866183,Ti2ZnRe,168.977,62.502,187.5505066449504,77.37820708879534
mp-866185,CeCdAu2,74.979,2.402,85.3939896492795,28.69795901699971
mp-866187,Ti2ZnTc,158.023,47.873,175.00290084215072,66.28666998322709
mp-866188,TlCdRh2,137.541,51.879,149.34415786763455,60.912818074727575
mp-866191,Li2YbSi,42.316,33.395,62.05912275483665,48.42961248960311
mp-866192,Li2YbSn,34.107,29.306,51.073774638325965,37.28987003937275
mp-866193,Li2LaIn,37.747,26.277,43.472151867432096,33.261752169551215
mp-866194,Li2MgCd,28.998,20.86,32.62439227127538,21.172757316566152
mp-866196,Li2PrIn,38.333,27.925,44.6069355517644,34.598843168283764
mp-866202,Li2SnPt,67.708,29.364,81.75534100910818,35.61413235166831
mp-866203,AcYbHg2,42.483,17.216,54.744727032599314,15.26974970068567
mp-866204,Pm2SiHg,66.613,21.006,70.99215781259761,20.69378844844679
mp-866211,Lu2CdIn,59.863,20.582,63.03344123545244,25.764949618381262
mp-866213,TiTc2Mo,248.307,122.887,266.4745056262433,123.76053268790442
mp-866218,Ti2MnRh,191.897,80.041,213.12634113100853,98.66842414386686
mp-866219,HfSnRu2,199.577,107.6,216.8981548282613,119.94048489703854
mp-866220,CaNdZn2,44.441,26.537,48.231042900487886,29.531852514165593
mp-866223,CaYHg2,52.306,27.182,54.51558454545609,31.226071304611423
mp-866224,Be2NiPt,197.731,63.503,227.69490961499733,111.96660156198196
mp-866225,AcMgHg2,48.779,13.617,50.44821905408143,24.571712401092103
mp-866227,CaNdRh2,82.434,27.763,88.8893300337862,32.54213926323812
mp-866228,CaDyHg2,51.03,26.726,55.51750336366062,31.54401248821219
mp-866229,Ca2SnHg,36.778,28.384,38.40995428944764,22.854317430838485
mp-866279,CaCdPd2,75.884,15.863,81.80583607892295,18.05650283063507
mp-866284,Al2IrOs,233.311,130.885,264.6204961103055,146.36153605230857
mp-866285,ErSnRu2,150.594,66.736,163.38820433602493,83.87897380591649
mp-866287,DySnAu2,88.94,15.162,97.42519315570092,21.627109909504068
mp-866288,BeVCo2,44.835,57.185,239.77692703500873,90.59893222003096
mp-866289,Ac2ZnSi,48.815,23.997,54.44623026881203,22.573008650808333
mp-866295,DyLuMg2,43.506,22.533,47.04338463681777,22.841646813684942
mp-866296,AlCuPd2,161.409,15.865,175.10020497125183,41.560205663926574
mp-866299,ErTaOs2,212.608,95.013,235.17085096755997,109.40314768857569
mp-866375,TiFe2Ge,210.464,127.259,252.63076209641451,139.3435561860459
mp-866376,TiMn2Ge,191.642,85.453,230.5932335179858,105.74452271604426
mp-867107,BeSiOs2,286.259,149.646,337.5796509385033,163.61037200754873
mp-867109,ScZn2Ag,84.013,35.169,92.13545498693456,40.508202093223176
mp-867110,Sc2CoOs,137.844,64.672,152.0838355061249,70.23744848335406
mp-867114,TaBeRu2,234.983,73.87,241.47275082876757,114.967638358444
mp-867116,BeGaIr2,238.142,107.436,268.0269782430514,129.70853049772134
mp-867117,Sc2CuPt,112.788,44.091,119.98811095850158,48.04107644274045
mp-867118,LaSnAu2,77.314,21.755,81.92246645233838,27.54975797656856
mp-867119,LiHfPd2,117.376,19.867,125.39023616857196,25.785698547469693
mp-867120,TaMn2Al,201.123,107.903,233.5066027646373,128.96167506017582
mp-867121,LiY2Pt,71.412,30.073,75.11671504165247,39.48169680358281
mp-867123,TaTiOs2,267.946,94.516,303.67077654213574,114.4905197395926
mp-867125,Al2RuPt,201.068,97.729,231.7932406669414,110.91313930284856
mp-867127,ScCdAg2,80.644,26.055,86.87077481206396,26.30905685842003
mp-867128,Sm2PdRu,94.638,29.904,101.07859379299175,30.644418501985363
mp-867130,SmHoMg2,40.49,21.549,45.397886601463064,21.471579088199363
mp-867131,SmMgCd2,52.617,25.367,57.286524723839456,33.390392743757474
mp-867135,ScZnPd2,117.696,13.032,126.3330985488858,21.394263325043458
mp-867137,ScVRu2,194.203,87.109,214.73086325988643,102.96483614255882
mp-867144,CaMgHg2,40.504,17.74,44.04784838580658,15.47469114403261
mp-867145,LiHo2Ga,54.046,34.678,55.58130581731138,30.96573950980962
mp-867146,ScNbRu2,196.752,92.83,214.78317999632316,96.50074909516152
mp-867147,BaNaHg2,20.768,2.7,23.606555945571653,10.917856009719303
mp-867148,LiHfRh2,145.866,55.025,158.1975906758554,70.13858343547446
mp-867149,Sr2CdSn,29.052,22.989,31.57966133159544,19.445382770699233
mp-867156,ScGaRu2,167.594,62.044,181.00585450895724,76.82831323923722
mp-867157,SmCdHg2,60.568,13.446,63.86040720271429,21.57393675840236
mp-867159,SmDyMg2,40.294,21.856,45.19028997908286,21.49875199842361
mp-867160,LiCd2Au,64.741,16.546,71.05390113874796,27.69404283698788
mp-867163,Sr2AgPt,39.938,16.759,44.52246150943383,20.626473383207973
mp-867167,LiCa2Tl,26.242,14.441,27.39645846918965,18.880626781037854
mp-867169,Sr2SnHg,30.248,23.267,33.26113355177548,19.84036655271226
mp-867170,LiGaPt2,151.641,153.628,171.64397482537854,45.397209126133205
mp-867171,SrLi2Sn,30.554,21.366,36.74992292775681,27.89470273772493
mp-867172,SrMgTl2,29.945,8.433,34.240561934209985,19.43292392305004
mp-867177,PrCdHg2,57.938,18.366,60.37008562191027,22.36467251005001
mp-867178,PrMgCd2,50.25,23.368,54.495022047603925,31.096360935094665
mp-867181,SmMgHg2,59.687,25.006,62.24656836215474,30.178409363637034
mp-867182,Sm2ZnIr,86.846,30.325,92.91368323655338,36.72490956544319
mp-867186,CeZn2Ag,58.884,25.752,76.82629983397237,38.9929319397723
mp-867187,ScInIr2,175.784,79.491,187.156621622376,80.67999038989043
mp-867191,Sm2TlCd,53.486,21.025,56.826529688294066,16.65631788298888
mp-867193,Sr2BiAu,35.078,20.738,38.438932987268124,22.0106835778634
mp-867196,LiCd2Pd,71.539,22.13,78.60294646365519,27.19176598690084
mp-867206,LiCd2Pt,84.2,23.689,92.874766963676,30.37876402650859
mp-867207,Sr2HgPb,28.446,21.909,30.56570898756985,19.875153690175942
mp-867210,LiCa2Hg,26.023,12.698,27.540406657641668,13.745379840662729
mp-867211,LiCa2In,27.505,18.813,29.307111033717277,19.220252090573705
mp-867213,Er2OsPd,117.96,47.096,125.22408884840014,45.81789598578126
mp-867214,Er2IrRu,130.801,58.373,141.00334835673868,67.92436324018776
mp-867216,TaFeRu2,238.287,104.493,419.615453027453,125.93521222234892
mp-867217,CaPrHg2,47.326,22.66,51.43288416678992,27.723467677333193
mp-867218,SmAgHg2,67.274,18.217,77.98382632869681,20.95740135390739
mp-867222,LiCa2Ir,48.032,26.111,52.3601009990571,29.143232412979557
mp-867223,LiGa2Ni,90.52,42.228,102.54095353206942,59.09757829387903
mp-867224,CaNdCd2,41.739,21.903,44.52639069850945,24.59178551006192
mp-867233,Sc2ZnIr,119.005,40.989,125.54580692249054,52.73488544949879
mp-867234,TbMgHg2,61.719,25.823,66.67588242887999,30.846036989076005
mp-867235,LiY2Ir,80.823,32.546,86.16524316027912,41.37257244157061
mp-867241,Ac2GePd,56.205,16.817,60.60091261754933,20.661659425039264
mp-867242,Sc2ZnGa,78.569,46.4,84.10914285319316,45.54830059973643
mp-867243,Sc2ZnOs,120.86,45.33,135.21265513694735,56.390702464463715
mp-867245,LaAgHg2,59.426,11.582,69.53309946284159,19.881489359636003
mp-867249,TaAlFe2,219.675,139.325,247.90848915472813,145.15834859789993
mp-867250,LiZn2Pd,87.893,26.455,96.06229805029938,31.61389389502917
mp-867251,LiZn2Pt,104.433,31.667,115.28312546270338,38.72362729661236
mp-867252,LiZn2Ni,41.35,35.747,100.26010776989072,44.79814175656538
mp-867253,LiZn2Ir,116.817,40.679,129.67833409668268,48.31447740218102
mp-867254,SmAgAu2,84.99,12.155,92.43135059734432,23.21444300275344
mp-867255,LiZn2Au,80.793,20.303,90.51015326735865,33.04803034362052
mp-867257,CaPrCd2,40.978,21.552,43.89436599830566,23.8967704653976
mp-867258,LiZnPd2,109.393,50.885,124.26330765534806,55.92828032075451
mp-867260,CdAgPd2,115.666,10.784,134.39948100968138,35.45839823885006
mp-867263,ScCdHg2,68.137,23.311,77.06351529387182,22.970489843652455
mp-867266,CaMgTl2,33.477,10.983,37.943842285736714,18.96230987814252
mp-867267,LiHo2Pt,74.476,31.91,78.93963411199809,40.47741227577299
mp-867270,Be2CoPt,207.943,111.666,233.97768701962497,140.36504028648926
mp-867271,Be2CoNi,194.115,125.949,216.1043983433183,144.86984096652506
mp-867272,LiAlCu2,87.133,53.421,99.68827528625728,54.96393721443846
mp-867273,Be2CuIr,210.143,67.75,215.41111363119273,102.30146492430184
mp-867274,Be2CoIr,219.36,113.398,244.20580732666707,137.91490095832373
mp-867275,BeVOs2,276.013,123.705,296.88333891221737,141.71731977726222
mp-867277,Ho2MgAl,55.443,36.114,58.7150981625118,36.944518672699175
mp-867280,Be2IrPt,238.159,125.302,272.3038138714739,144.0658264507695
mp-867285,LiTb2Ir,81.503,33.159,86.69879634428786,40.47607099659846
mp-867287,LiInAu2,76.048,20.793,82.78135349839586,22.400801960588872
mp-867292,Ga2RuRh,199.112,92.754,213.9427518823088,96.84153549150304
mp-867293,LiCo2Si,171.867,117.437,190.7281077910415,129.3896221024975
mp-867304,BeVFe2,212.177,107.484,231.2682192616122,127.80207930334726
mp-867306,AlCuAu2,134.721,18.751,154.53105913248694,35.920862999975895
mp-867307,Be2RuAu,193.573,99.781,223.61246236385745,110.23292694768048
mp-867308,InCuPd2,148.622,3.839,151.15184057888888,21.99302851729672
mp-867313,LiTmPt2,103.456,37.47,110.89234593279946,-5.0590722270097945
mp-867319,Al2CoIr,199.848,93.491,228.2513578058284,119.47122962011392
mp-867326,Al2RuRh,200.128,119.809,219.61282873300337,133.9309927365636
mp-867327,Hf2TcRu,193.02,91.598,213.3365714284373,100.05854810722136
mp-867330,Al2FeNi,163.496,89.022,192.75063050769836,115.87386357330476
mp-867338,AcCdAg2,52.821,4.795,60.18035554290369,21.453241226562444
mp-867346,ThCdHg2,72.453,16.677,82.82451850959653,34.70395862175537
mp-867349,Dy2MgTl,50.473,21.635,53.461765206297784,22.42681061632707
mp-867350,Ca2MgIn,30.387,20.709,33.225163113205625,21.22701712042844
mp-867353,ThCdAu2,99.567,19.368,109.41146013630956,30.275101509572345
mp-867361,CeTlAu2,83.944,20.109,79.16167593788477,24.088674830205942
mp-867372,ThCdAg2,82.451,19.287,89.53228007498693,30.545249176516727
mp-867422,AcPbAu2,65.405,17.124,69.43252040034447,23.281184166676063
mp-867507,TaGaFe2,222.56,126.478,253.32671935901575,137.55544442826826
mp-867748,ScSnRu2,169.616,80.239,179.0725680088566,95.42120644104926
mp-867751,Ca2AgSn,39.951,2.711,42.733171940043775,21.618152154677393
mp-867753,CuSbRh2,187.6,192.924,203.21379964773004,42.2295849104413
mp-867756,Sc2CuAu,97.087,36.068,103.5263408533052,37.39448349722512
mp-867761,Sc2CoRu,135.073,59.335,136.54736526066887,67.30571279835216
mp-867762,DyMgAu2,84.578,20.809,97.29192450150208,36.71951315200518
mp-867769,ScZnRh2,151.149,60.401,159.57868039617958,74.1806801985141
mp-867771,TaCuRh2,224.467,40.955,243.7330897301057,77.39106167919422
mp-867773,DyMgCd2,54.341,26.236,61.12490014739225,35.27121215426768
mp-867775,Al2NiRu,180.486,83.722,202.8412283702309,105.8334078018544
mp-867779,Ta2CrFe,231.932,99.304,266.3256591276747,105.03694349868798
mp-867786,ScNbOs2,220.674,108.258,254.00578579770485,121.13279362124052
mp-867788,TaGaOs2,268.88,122.335,290.2642753550984,133.5772952659377
mp-867794,Sc2CuIr,129.422,46.495,134.94323585604403,52.763051638727205
mp-867795,ScNbTc2,186.133,66.322,210.91308647174608,71.50635182247629
mp-867798,La2AgRu,71.667,8.445,76.86224591769172,25.01521308924143
mp-867799,Ca2BiAu,42.058,24.891,43.27436785798828,22.73462603967105
mp-867801,La2AgSn,49.213,17.588,54.97480916905852,16.844086967650043
mp-867802,Sc2CuOs,127.176,53.734,140.46505616169344,57.275140440943865
mp-867803,LiCa2Cd,23.718,11.67,25.16553830895911,12.468342916315912
mp-867805,LiCa2Ga,28.548,20.928,29.987974247322843,20.64679832976621
mp-867807,LiYTl2,41.8,16.305,45.67388586390803,25.934399075326567
mp-867810,LiYHg2,52.184,12.474,57.92332803609832,21.723578784208197
mp-867812,LiAlNi2,117.454,4.832,131.67123504118177,61.85240399563413
mp-867821,TaTiMn2,207.781,83.607,241.84838760710625,98.64470508580274
mp-867826,DyMgHg2,62.879,26.307,67.68915810093223,31.538576192788973
mp-867828,BeNbRu2,227.135,69.434,236.98330089718883,104.32422967397684
mp-867829,LiVRh2,179.191,80.647,201.35882675249255,86.02729161302334
mp-867834,LiHfPt2,146.996,23.595,153.43200800786465,21.40090143030381
mp-867835,BeSiRu2,247.221,122.52,279.9531093696761,151.44975985139698
mp-867837,BeCrRu2,254.421,103.767,283.93415230614676,119.13628194219972
mp-867840,BeFeRh2,206.038,87.815,151.5987128416539,97.1792746553046
mp-867842,ScInRh2,149.145,70.882,158.10774959276847,75.68101785459736
mp-867846,TaTiRe2,257.421,116.994,288.1846579731277,128.8560769805597
mp-867847,La2ZnRu,69.985,3.618,70.27286938541837,25.466209978413364
mp-867849,Ca2TlCd,32.155,19.163,32.905324930189856,20.5861037650967
mp-867850,ScMnRh2,149.04,62.195,118.31334342445535,70.30981074725868
mp-867853,SmCdAg2,67.735,8.012,74.57869627029751,24.518007000159503
mp-867854,Ca2ZnRh,48.691,21.138,53.07933320350943,25.310982148588455
mp-867859,Sm2IrRu,114.186,41.151,119.33539966904056,46.24131801758128
mp-867861,SmYMg2,40.002,21.373,44.88490370214447,21.95839307192749
mp-867862,SmMgAg2,62.849,6.665,73.40340300172227,29.14430996012538
mp-867867,SmMgAu2,78.669,0.457,90.9036150800919,34.43834659464434
mp-867868,Sm2AgIr,89.778,25.511,93.7934268423726,32.640582221370806
mp-867869,Sm2AgRu,83.326,27.293,89.47049904036085,35.13925003276724
mp-867872,LiCdAg2,58.234,8.994,64.37942287908275,17.916804598069973
mp-867873,LiTm2Al,53.804,35.568,52.716060319340755,34.37704260244886
mp-867874,BeVRu2,241.663,90.582,248.048507713234,118.14801604541135
mp-867876,SmTlAg2,65.15,19.196,70.99313997395689,24.67140903627817
mp-867878,AlFe2Si,214.474,123.796,245.79096335157425,144.91263617023654
mp-867881,ScTlRh2,143.099,59.512,153.6624779941568,62.701405256667115
mp-867882,SmCdAu2,82.573,7.809,91.70197264450138,29.17354210338897
mp-867887,Sm2CuIr,89.382,30.369,97.14257468297124,33.42539277334375
mp-867894,Sm2MgAl,50.087,30.872,51.82845291930304,29.9842554150287
mp-867895,Sm2CuRu,84.831,32.134,93.12476969954992,37.61549400330958
mp-867896,ScZnCu2,99.218,28.575,106.50109463422284,38.06643456057768
mp-867897,ScTaRu2,204.892,102.073,223.2257410401585,107.04289544032464
mp-867899,Sm2IrRh,110.279,24.382,120.01131390846048,31.868937632873468
mp-867901,ScTaTc2,194.629,73.091,217.1297742361888,75.42434548625071
mp-867902,LiSiRh2,186.513,102.23,208.39152778787656,119.8625216223832
mp-867904,AlGeRu2,214.114,94.027,228.804059371262,109.84452579603708
mp-867908,LaBiAu2,73.505,12.425,78.2664288225573,15.035824627975495
mp-867909,ScCdRh2,139.152,50.956,146.7172357655919,63.14909938578318
mp-867911,ScCdPd2,113.454,22.942,119.60603012814649,23.64896370696772
mp-867915,ScGaCo2,149.332,87.694,160.1470881486639,93.25130788541334
mp-867916,ScGaIr2,192.627,94.927,207.5476003637056,100.07442915964737
mp-867917,CuGeRh2,199.92,66.761,225.26279108010704,85.31535840727611
mp-867919,ErNbRu2,177.241,70.762,193.5211454555706,81.5015522436828
mp-867921,Sm2ZnRu,81.483,24.579,86.69910731094429,32.903078486723096
mp-867922,ScAlRh2,163.077,82.681,178.9656143844295,95.19320907001205
mp-867923,ScGaPt2,151.349,0.02,158.64079428486022,2.7036035770359086
mp-867924,LiCdPd2,93.448,30.879,103.6959842094783,35.07349818173753
mp-867925,SrAcHg2,37.418,18.913,42.58580128324669,22.40557370617083
mp-867927,LiVIr2,223.046,108.216,253.05657002073255,123.94186901406222
mp-867928,ScGaRh2,163.021,75.808,173.494605937324,87.80504346367775
mp-867978,SmInRh2,121.874,38.283,129.97417474950242,50.805228967485114
mp-867979,LaInHg2,52.025,11.561,59.88148765409008,22.858256658806255
mp-867985,SmPbAu2,77.954,18.567,84.25337344291619,22.672905418296025
mp-8812,Rb2GeF6,17.736,7.65,66.02777268134909,34.8204568676995
mp-9262,Cs2PtF6,11.837,7.232,65.78568553658685,27.858022035937953
mp-9472,LiAg2Ge,64.676,17.417,76.00608848085022,31.575681298957505
mp-971702,YbNdCd2,42.101,21.937,58.491099070261306,16.31199742735268
mp-971705,Tm2MgTl,51.653,19.59,53.83408245070646,22.77372951876814
mp-971738,ZnCuNi2,155.672,56.716,183.3247647908144,63.898237331907055
mp-971739,ZnCuPt2,183.726,55.834,212.74639708981076,61.392216250987566
mp-971799,DyYHg2,66.15,27.672,71.69792626585797,23.67320136563489
mp-971827,Zn2CuPt,142.949,3.265,154.70709372411264,26.42916408954674
mp-971836,Zn2NiIr,176.569,56.286,192.28073551737936,75.59646776963164
mp-971891,Zn2PdAu,128.444,18.995,140.17314244988916,23.12169595271744
mp-971922,DyYAl2,65.046,36.907,68.25946793217409,34.74961828247923
mp-971924,DyYAg2,67.395,33.808,68.48697683137868,24.88684525133523
mp-971979,Tm2ZnAg,68.975,31.805,74.95895862227222,36.01174934953414
mp-971985,TbAlCu2,92.528,23.388,105.8585971140707,53.60225711217503
mp-972062,YbTmHg2,53.312,25.438,74.49866644122069,25.136061890817764
mp-972119,SrCaTl2,28.313,16.901,30.003856385265543,13.09123293413586
mp-972180,YbMgIn2,37.737,17.921,56.93453744771429,19.125801213071075
mp-972183,ZrGaPd2,146.226,5.176,155.007002178886,26.19048946176035
mp-972205,V2MoOs,263.582,116.67,290.3538357291336,138.55395953173425
mp-972209,Ta2TcW,250.356,104.672,283.2594726114666,113.69674496854276
mp-972217,Ti2CuTc,167.17,52.288,187.0235287285591,64.45810700909581
mp-972238,Ti2VIr,179.691,84.534,195.71124238998743,89.99785683230826
mp-972241,Ti2ReTc,217.331,83.786,246.8953449505057,87.95761415789782
mp-972244,Tm2ZnGa,68.836,41.351,72.12368463790668,37.4792676400963
mp-972274,Tm2ZnHg,68.285,32.424,71.56764006983987,27.356080083398368
mp-972275,Ti2ReRu,219.69,93.59,252.1841864867571,113.76801042242047
mp-972323,TaNbTc2,251.053,123.911,273.22764046536923,126.4217537614814
mp-972337,Ti2IrW,216.082,92.111,243.14165984025183,110.84254540791522
mp-972370,Yb2InHg,36.324,18.49,69.61171620424267,19.291094750965605
mp-972396,Ti2MnRe,230.659,71.729,222.22184511394997,88.93925166052865
mp-972415,YErAl2,65.872,36.138,69.17005730551705,35.52306454658694
mp-972420,YErAg2,68.674,35.034,70.1468574485888,25.4514491846272
mp-972455,TmLuIn2,57.35,15.051,63.618579853123514,15.618119699801175
mp-972504,Sm2AlZn,56.309,31.189,59.69007881632646,29.92153169710928
mp-972511,Sm2AgSn,62.377,21.731,63.92924614626613,20.250435134437527
mp-972522,SmTmZn2,58.598,27.032,66.53154028765233,24.47395122948648
mp-972526,SmSnAu2,84.809,17.723,92.21526937471614,24.403323874108004
mp-972528,SmYAg2,63.294,27.002,64.46284419483865,23.400720051026955
mp-972530,Sm2AgRh,79.206,21.569,83.8786258262913,29.561017586240077
mp-972536,Sm2TlAg,57.182,18.836,60.05182029860239,17.41002319710719
mp-972540,SmYZn2,59.049,27.058,63.47442482639739,23.600518995018067
mp-972541,SmTmTl2,52.625,15.513,58.38036465065406,14.786451658120804
mp-972601,SmLuMg2,40.91,22.235,45.91873145646694,22.18240954151513
mp-972623,SmHgAu2,83.971,11.832,89.80468495382515,22.622478813175828
mp-972635,SmErHg2,62.653,21.019,70.49794281418575,18.74156968285743
mp-972640,SmDyZn2,57.307,27.83,66.11074741922432,23.703640520742297
mp-972641,SmHoIr2,127.431,124.147,137.3788589638717,39.190696247144245
mp-972653,SmHoTl2,52.516,15.194,59.06417019422702,14.81052391678194
mp-972657,SmBiAu2,81.328,9.128,87.56562700781078,12.673945886399045
mp-972810,SiTc2W,286.173,99.977,294.8399144300594,113.27619641167034
mp-972861,Sc2TlTc,103.541,32.002,114.8190651512727,50.78845846031329
mp-972866,Sc2PdAu,107.16,28.725,112.76288111861362,42.236971785433155
mp-972869,Sc2GaPt,107.133,36.88,112.08766748869284,35.839544993699086
mp-972877,Sc2AlIr,117.54,51.8,122.75952063816489,54.134039190131936
mp-972879,Sc2RuAu,125.306,30.673,133.57851539475664,50.31219535066849
mp-972882,Sc2CdAg,72.853,31.094,79.71651694297827,34.21303189897341
mp-972884,Sc2AlCu,81.231,38.357,87.51416873711254,42.10766019466277
mp-972898,Sc2GaAu,90.144,35.177,96.2601860692727,31.421415255702183
mp-972899,Sc2GaIr,118.555,47.121,125.23600189963084,51.373420683538775
mp-972907,Sc2AlAg,78.735,34.736,83.15551484245468,34.380598400609415
mp-972914,Sc2AlCd,72.984,37.11,77.68669847481988,39.9917569340852
mp-972925,ScZn2Au,98.751,37.129,113.48327068009414,46.22258243922417
mp-972945,HoErAg2,69.968,35.826,72.19991204899463,26.26626919461457
mp-972949,LaSmZn2,49.862,26.851,55.79244676614476,22.285649866519663
mp-972957,ScTiRu2,177.267,77.929,193.9423457091924,90.958630655634
mp-972960,La2IrAu,86.527,12.239,87.43765063504713,22.049172925130804
mp-972961,Sc2NiRh,118.07,40.973,127.75627244324625,49.769222895181855
mp-972966,Sc2OsAu,135.881,36.621,148.60961891414368,56.23824469061264
mp-972970,ScSiRh2,179.189,40.67,193.21301344615273,52.27093739956943
mp-972984,HoErAl2,67.462,36.47,71.14937675472314,35.43728162093532
mp-973056,Na2CdHg,17.144,7.485,18.38738610995514,4.73208400023655
mp-973058,LiLu2Al,54.59,35.495,53.280419634797866,36.456716064526184
mp-973066,ScGeRh2,172.9,161.339,179.6748528950446,39.18002001932321
mp-973067,ScGa2Ru,128.767,23.656,144.20351033402042,41.10760784036692
mp-973088,MgInAg2,68.284,19.238,74.65856730923585,21.39698921024021
mp-973109,NdYIr2,120.551,64.194,126.74990251591436,33.92779957205959
mp-973133,ScCuPd2,127.319,285.597,136.542825218862,13.200181583250894
mp-973141,ScCdCu2,90.97,37.258,99.03327616954292,37.86378935806584
mp-973142,ScZn2Pd,104.061,33.304,113.00979564624814,33.10362301496277
mp-973153,ScAlPt2,157.156,14.097,165.366616861364,26.835434089022435
mp-973256,LaMgTl2,44.465,15.15,46.70535184377999,19.713149901581897
mp-973270,Ho2RuAu,104.31,35.688,111.50558147614971,41.84306174225319
mp-973276,HoLuCd2,59.674,28.768,64.85072613553359,26.69990602805811
mp-973325,Li2MgGe,38.78,25.839,44.49037631549474,29.24609729873539
mp-973343,Li2MgHg,30.915,18.917,34.68237751746014,21.078779394446993
mp-973432,LuScRh2,130.571,46.272,138.03469016169956,56.364763194559835
mp-973434,Hf2IrRu,199.022,376.325,215.1436963787508,72.26560613288217
mp-973442,Lu2AgPt,99.763,35.918,107.0090859097848,44.96112436806262
mp-973443,Hf2ReTc,199.747,79.557,220.17555807195905,83.83266264491546
mp-973538,Lu2AlZn,67.89,40.238,72.5643718693864,41.62078857805833
mp-973561,LiCe2Ru,65.477,6.7,71.96079570445958,19.329249056343233
mp-973564,La2TlZn,45.039,16.18,49.160832850712985,15.499183023084845
mp-973572,La2TlHg,48.249,17.844,50.728654935296326,7.522028063430202
mp-973606,Nd2IrAu,92.21,24.25,97.89061342777448,30.678053274832823
mp-973636,Lu2ZnGa,68.94,40.108,74.67510580515125,39.449738575714875
mp-973646,Lu2ZnHg,70.073,32.936,75.78553862392621,31.662356989491915
mp-973653,Lu2ZnAg,69.957,32.871,79.3899282025995,38.577476625099145
mp-973734,Lu2InHg,65.863,24.399,67.15311385046543,21.075064567559735
mp-973771,Lu2MgHg,57.128,25.804,60.23179212554449,25.91509734408345
mp-973826,LiHoSn2,46.456,79.056,50.06872665790044,-4.999897391572257
mp-973841,LiHo2Al,51.616,33.455,51.37011254856125,30.284352711180937
mp-973847,La2ZnGa,47.145,25.569,52.33067982553346,24.41739589275407
mp-973874,LiLa2Al,36.572,21.112,39.39057822803645,20.15341692274098
mp-973887,LaPrHg2,51.146,17.531,58.31008605505927,11.940773943500616
mp-973890,HoHfRu2,157.415,71.534,167.56462181229773,80.82866717967944
mp-973893,Lu2TlHg,63.57,21.382,67.02412951268826,20.6775078740764
mp-973894,LaNdZn2,47.768,27.055,54.9853826270986,22.86136632731278
mp-973910,PaAlCu2,112.124,27.647,125.83713910938413,56.86575610551203
mp-973956,Lu2CdAg,66.319,28.195,74.57486358177583,34.44148080484018
mp-973957,La2ZnAg,48.916,16.435,50.28442842918614,18.0156455211106
mp-973979,LiFePd2,119.616,34.793,155.7643540707008,36.06120652592401
mp-974063,HoScRu2,130.162,51.077,135.99875717749933,58.44122195759726
mp-974221,HoErTl2,52.564,13.122,59.1886447009166,15.54613700898249
mp-974253,HoErZn2,62.845,30.971,70.52250976557677,28.254116988235648
mp-974387,Nd2AgHg,56.88,17.033,60.06353837981701,20.728101450038096
mp-974517,NdErMg2,40.097,22.854,44.98647655513985,21.510234790218497
mp-974523,NdErTl2,51.522,14.981,58.36409054734243,15.104707625294846
mp-974527,NdSmZn2,53.007,28.981,60.80606790955331,23.297361060334588
mp-974583,NdSmIr2,116.681,217.193,124.70150110449366,29.835835609258723
mp-974638,NdErZn2,57.029,27.584,64.1472927941705,23.342102110954077
mp-974642,LiAg2Pb,47.164,8.871,55.32920378372869,13.954301262185858
mp-974708,NdTmTl2,52.034,16.032,57.77735993867558,14.883859809705823
mp-974782,NdTlAg2,62.88,18.307,69.86789818318995,24.91449037795483
mp-974943,HfZrTc2,182.079,71.432,207.25783637656664,71.23803204006461
mp-974973,HfZrZn2,109.761,49.601,122.61734581682988,40.77231443453972
mp-975049,NdSmHg2,57.477,18.171,64.55982909292803,12.268577690458738
mp-975176,Rb2HgAu,10.354,4.825,11.303184476235966,4.863792525137101
mp-975275,RbNa2Sb,17.884,10.261,20.401089533379047,14.435389936357549
mp-975368,LiCa2Mg,20.611,9.154,22.62538332954338,9.94000962491212
mp-975515,NdLuMg2,40.599,23.058,45.54202596273862,22.159634267785073
mp-975518,NdLuIn2,55.675,20.488,60.99631493436796,18.341395425479295
mp-975522,NdLuTl2,52.906,17.653,57.71667760921257,15.53751281936912
mp-975608,Li2TlPt,56.12,17.316,65.56808047050154,25.93492835140412
mp-975609,Li2TlPb,29.094,2.173,35.143695237663,12.852182720153875
mp-975650,Pr2ZnHg,52.434,21.09,57.89841139273147,15.110810251106276
mp-975656,Pr2NiIr,62.475,28.516,102.12845676862857,29.47021288998654
mp-975769,PrYZn2,55.032,27.633,60.12645772942652,22.668700793110087
mp-975788,Pr2AgHg,54.491,17.233,57.93606723287063,19.577635028260907
mp-975793,PrTmTl2,51.881,16.163,57.67983335295029,15.366407814141738
mp-975801,PrTlAg2,61.809,18.365,67.65265857486116,24.02961415286311
mp-975822,PrNdZn2,51.524,27.862,58.03759578171911,23.77022507947928
mp-975848,PrNdMg2,37.416,22.948,40.032839486499135,21.86094942010693
mp-975880,PrSmMg2,38.321,23.158,41.01068316748098,21.882550084502284
mp-975883,PrNdHg2,55.153,18.684,62.809103810025306,12.47791808159608
mp-975896,PrNdTl2,50.892,16.497,55.63109710698946,11.3555955666008
mp-975920,PrSmTl2,51.835,17.144,56.88679125471237,12.644218235557336
mp-975932,PrLuIn2,55.104,20.724,60.33064111245827,18.97452257074916
mp-975933,NdHoIn2,55.325,21.051,60.308078285880526,18.03579046532632
mp-975972,PrLuMg2,41.51,23.46,45.20979079676458,22.079120173599172
mp-975997,NaLi2Pb,22.028,13.808,23.800649191216504,16.42915056200024
mp-976008,NdTmMg2,40.406,22.702,45.21055058349009,21.592002557631034
mp-976030,PrHoMg2,39.674,23.12,44.15343810705695,21.32664161211864
mp-976076,NaAc2Sn,33.683,15.328,37.92115481254628,17.7940972605961
mp-976082,Mn2GaW,240.29,114.133,262.75050786512935,126.91306050869392
mp-976114,Li2CdHg,30.724,12.342,37.203308663628945,21.866934407000112
mp-976125,PrGaAu2,75.216,152.053,83.84767373797506,18.60314093694868
mp-976129,PrErZn2,55.889,27.557,62.723094595199655,23.154654218059964
mp-976142,PrDyTl2,54.819,16.048,58.11082797183008,14.969299263507738
mp-976151,PrErMg2,39.817,23.028,44.525426053122175,21.479218897756
mp-976159,PrErIn2,54.562,20.646,60.02431973128472,18.92351391889837
mp-976220,NaCdHg2,24.122,8.211,28.60746892522402,6.969428211391654
mp-976236,NaCaTl2,24.373,11.459,25.323595413248256,13.919584478296365
mp-976259,LiTmRh2,103.934,38.993,111.63316087162204,47.23927144743871
mp-976260,LiTm2Au,64.88,35.495,65.78488276816297,31.97328760074405
mp-976261,NaCa2In,24.704,15.823,25.36069092737241,14.584498832713397
mp-976265,Hf2OsPd,187.278,51.58,198.37913124657732,63.793868765700225
mp-976289,NaCd2Au,49.057,7.419,54.75680640246943,16.76140782429241
mp-976330,LiZr2Ir,131.667,40.126,137.39432388924746,46.768658126321775
mp-976333,Li2AcTl,33.082,14.653,37.27388367251248,29.630248681675543
mp-976341,Nd2ZnAg,54.104,21.056,57.16475019319008,21.4583310884755
mp-976343,HoErPd2,92.604,26.844,98.4893018960471,37.01176712929953
mp-976344,Nd2ZnGa,54.936,26.014,58.719857009604446,25.550885958160507
mp-976426,LiLuHg2,54.534,16.026,60.1904224439612,20.074261694409277
mp-976596,LiLu2Ga,56.068,37.55,56.01160261915963,36.90637850061757
mp-976598,LiHf2Ir,142.948,57.973,150.39354684532918,64.86836048047924
mp-976600,LiHf2Tc,127.886,38.137,137.53981486553283,55.985765072646714
mp-976744,LiEr2Tl,50.836,28.817,52.19134443393455,23.422435476798224
mp-976793,LiEr2Ga,54.254,36.081,56.062877582735375,32.33703855885789
mp-976884,PrBiPd2,88.095,11.465,92.23892430474928,22.441058733892273
mp-977110,NaSnPd2,80.165,24.056,95.60261867767822,29.527156279133106
mp-977143,LaDyRu2,101.916,33.847,105.71853717886157,41.07939915702804
mp-977187,La2MgTl,40.649,16.716,43.724329023755296,14.751517390648948
mp-977352,ThMgZn2,67.816,23.653,70.5954246080995,47.92281197770203
mp-977353,Ta2ReMo,256.583,110.354,287.06699497538415,119.83369571661372
mp-977354,HoTaOs2,210.79,91.004,231.40946864789208,105.9281273030481
mp-977356,ZnGaIr2,216.901,92.854,243.6184833397737,105.0361136244938
mp-977358,Ho2AgIr,101.795,33.565,106.3772655468079,40.19893561107891
mp-977362,ZnGaRh2,177.634,83.13,202.21703299702108,97.0435375843374
mp-977363,Ta2TcMo,242.63,102.984,276.37545357893856,114.00106419568012
mp-977367,CdInRh2,144.382,59.398,157.89322943117335,72.31401052319747
mp-977369,HoMgHg2,62.805,26.252,68.7231179514526,31.966634642555597
mp-977372,Pm2SnHg,58.633,19.612,64.22111903848855,17.96336691375237
mp-977374,LiLuPd2,84.798,0.971,89.04617974900496,15.139810700400671
mp-977376,TbCdAu2,87.541,21.331,98.71046841834584,29.461832225841952
mp-977380,LiMg2Pd,57.675,25.898,70.76712897042135,32.464590615366184
mp-977382,Ta2VRu,227.823,82.513,250.87906261020987,96.50947480454109
mp-977384,ZnSiRh2,204.49,66.124,237.0822631330332,81.85590939522415
mp-977391,LiNd2Os,73.027,30.528,78.20739536551805,30.681433509672544
mp-977392,Ho2MgIn,53.469,28.17,56.7159816874828,28.71351221429615
mp-977396,TbMgRh2,113.246,45.839,119.75287934011958,52.63685012062499
mp-977398,TbCdAg2,71.476,11.975,79.90754094634633,24.44888473590361
mp-977399,LiMgPd2,84.673,40.498,96.19468135365616,41.89475348652466
mp-977401,NbGaRu2,233.221,106.447,245.64548799999557,119.19567653571389
mp-977404,Nd2AgIr,83.856,20.958,87.51433594067551,27.3030951571099
mp-977407,Hf2ReRh,197.44,92.43,213.8479231251557,97.1861844825846
mp-977415,HoCdAu2,89.835,22.834,101.06124347545544,29.74035850329393
mp-977416,Er2AgIr,103.391,34.938,108.2181916678095,41.59208962894042
mp-977418,LiMgAu2,68.967,18.185,76.765230519458,24.852629278089392
mp-977421,TbGaRh2,132.553,44.279,147.43639455124904,61.51909228065637
mp-977425,Ta2CrRu,243.884,104.198,272.59760767837224,116.70720737558771
mp-977427,Zn2PtRh,174.554,67.06,196.75500224318213,84.53019854784898
mp-977430,MgNbRu2,188.842,81.355,203.91233930846715,96.8145673817682
mp-977435,ZrAlRh2,179.07,249.566,192.60629979273284,53.9524654530513
mp-977436,ZrAlRu2,188.517,75.849,202.14040269757336,104.69698790934696
mp-977438,MgInRh2,136.968,68.715,150.57507772850943,82.50521360304813
mp-977439,Ce2ZnPb,35.63,16.368,50.76294977394559,9.486454379632944
mp-977440,LiTiPt2,148.971,47.643,166.49200813938396,19.44814783033028
mp-977442,Yb2ZnGa,37.583,26.477,75.35107180547308,39.41123694406876
mp-977443,ZrGeRu2,205.066,90.314,215.9747990729472,108.15249026628337
mp-977444,PaAgAu2,121.198,16.372,130.92078573893463,31.56896839461482
mp-977445,Nd2ZnIr,80.699,26.458,87.5071125826667,32.416975929221465
mp-977462,ZrCdAu2,121.203,33.045,138.43779750385136,42.90353337194603
mp-977463,MgMnRh2,136.68,56.653,158.66512161632667,94.49322758085928
mp-977534,ZrNbTc2,203.512,77.459,235.7244519359189,98.08473363459346
mp-977537,ZrCdRh2,161.156,52.302,175.61894582002557,69.82255881786227
mp-977541,Hf2TcOs,206.099,92.747,231.27590550303503,109.082924628177
mp-977542,LiTbTl2,42.072,17.115,46.008785739286566,26.67803625556858
mp-977545,ZrTc2W,238.342,113.467,260.2276196300157,125.2003035677512
mp-977546,Pm2ZnGa,56.628,28.549,60.73684101812939,26.459498993510422
mp-977547,MgZnRh2,140.599,62.854,153.96648597373851,72.66126223923003
mp-977549,Zr2OsRu,196.255,91.155,215.7432527675158,92.04621715197185
mp-977550,ZrScOs2,188.108,91.242,210.33105535446057,98.00666902183616
mp-977553,Yb2PtAu,63.365,20.657,119.95137751980712,40.123653796206874
mp-977554,MgScAg2,72.567,28.927,81.94569119740706,33.33526232033517
mp-977561,LiTaIr2,222.448,100.908,244.77787104043077,107.3817053744271
mp-977562,NdCdAu2,79.109,0.078,87.78584000232951,29.0713310221197
mp-977563,LiNbIr2,209.556,85.649,236.0636165931863,92.74211276709956
mp-977565,NdBiAu2,78.758,9.338,84.2407389498336,13.113243807198314
mp-977566,MgScPd2,101.961,30.299,110.49033492031776,33.30151714024164
mp-977568,ZrSnPd2,142.057,14.39,154.51744013522705,30.637901066789393
mp-977570,LiPr2Os,70.817,28.583,76.06667472606591,29.050539250311015
mp-977572,Hf2MnRh,175.266,73.696,196.4123402558127,86.01820685300856
mp-977578,Zr2TcPd,159.375,52.852,173.32611536330003,59.27720202635232
mp-977580,MgSc2Al,64.52,43.212,69.21962345772674,44.98700106276988
mp-977582,ZrZnRh2,172.759,59.624,185.89234015399484,78.42683158722066
mp-977583,LiNpIr2,183.332,197.522,207.33715957992456,20.73372580566041
mp-977589,Tm2TlCd,60.245,24.389,60.45206646947625,22.230127268896304
mp-978083,Pr2ZnAg,52.345,20.487,54.32371528122328,19.99131464435263
mp-978085,Pr2TlAg,52.072,15.917,55.01009144466668,13.627294864333432
mp-978089,Pr2IrAu,89.437,21.893,94.96078416268232,28.267054524860537
mp-978095,Pr2CdPb,50.071,18.011,55.553582665726466,16.852333140271718
mp-978100,Pr2InAg,51.212,15.684,54.06259541105766,14.432540062464383
mp-978256,Mg2TlPb,35.144,4.9350000000000005,40.434726390905325,1.2346902741442751
mp-978261,MnBe2Co,172.297,95.017,312.1452397939229,92.2947017562156
mp-978265,Mg2ZnPd,72.28,25.948,86.33948295502898,37.37978062036078
mp-978267,Mg2ZnRh,84.27,29.257,96.12432248009036,34.50607706135453
mp-978500,Si2TcOs,264.313,95.512,296.0485509614243,127.49062007109656
mp-978513,SmErMg2,40.708,21.424,45.48596876052868,21.507083485571492
mp-978515,SmYAl2,61.458,35.85,65.8024893592198,32.67948384352271
mp-978519,Sm2AlCd,56.287,28.563,58.60512909245487,25.516275229373516
mp-978523,Sc2ZnCu,81.396,42.953,87.78310005664274,44.59625258293179
mp-978527,SmDyTl2,54.144,16.825,58.8993139611007,14.794135824931988
mp-978529,SmTmHg2,63.549,22.229,70.06482074274176,19.62107483182874
mp-978537,SmHoZn2,57.325,27.18,66.27351873728621,23.764997691194676
mp-978542,SmErIn2,55.814,20.911,61.48848023999575,18.176087517411556
mp-978543,SmErTl2,52.76,14.781,59.02259201022411,15.169027325791854
mp-978545,Sm2AgHg,59.622,18.699,64.8982184050578,23.800152846388972
mp-978547,SmLuIn2,56.065,20.047,61.75581924141896,17.757887515377757
mp-978549,SmLuZn2,59.305,29.737,66.33664693354969,26.0458505170609
mp-978555,Sm2CdIr,83.241,23.106,89.00102725966444,34.61197734623108
mp-978557,SmDyHg2,61.688,18.658,69.33481594638182,16.819695405889927
mp-978563,SmHoIn2,56.394,21.466,61.16098010260653,17.8985609736232
mp-978564,SmYTl2,53.46,17.948,58.10432571640949,15.539001519382968
mp-978624,Sm2MgIr,75.698,18.839,79.93507466625016,32.87808137362895
mp-978625,Sm2MgTl,46.667,21.479,50.41454775820025,19.858142980578904
mp-978796,SmDyIn2,56.106,22.203,60.81639916737884,17.694006387604563
mp-978807,Sm2TlHg,57.031,20.78,61.08472155785549,13.78331759254622
mp-978808,Sm2ZnGa,58.628,30.881,62.498628807550595,28.0543301023796
mp-978815,Sm2TlZn,55.425,22.421,57.73332172604239,19.94339765019288
mp-978824,Sm2RuAu,93.022,29.788,100.51380400773908,35.905855393466354
mp-978833,SmYIn2,55.99,22.726,59.665549221170686,19.104817623643044
mp-978907,TbTlAg2,68.02,20.09,75.54540261231227,23.666571502595502
mp-978911,TbYHg2,64.962,27.122,70.8790683627837,22.754623375881007
mp-978929,SrAcZn2,34.157,22.956,37.3579181029617,23.49591421852888
mp-978950,Sm2ZnIn,55.434,26.257,56.881831293085234,23.361070867339173
mp-978953,SrAcTl2,33.088,16.505,35.948854281801715,10.159071856699912
mp-978973,Sm2ZnHg,56.78,20.46,62.1163152771161,14.309476462931627
mp-978975,TbYTl2,54.245,16.993,58.293079412798086,15.718275028376787
mp-978976,Ti6Al16Pt7,131.544,38.65,157.85386251660026,89.42228782185734
mp-978988,TbTmHg2,68.08,27.068,74.0130327486395,24.687417350958125
mp-978995,TmMnRh2,135.403,49.453,217.2315110128303,66.3603420110185
mp-979044,Tm2CuAu,86.553,40.594,86.59452231369707,30.689143518285427
mp-979057,Sm2ZnAg,57.911,22.245,61.9782100726944,24.40490190481144
mp-979073,TmMg2Sc,46.104,24.536,49.6339568484515,23.36816681247291
mp-979176,Tm2AgHg,71.509,28.734,78.99054310536724,33.57294827749546
mp-979258,Tm2CdHg,65.115,28.297,70.68090727927641,27.04573834686296
mp-979267,Ta2FeMo,231.554,107.068,260.0159416426791,116.68138928229494
mp-979270,Tb2AgIr,96.964,31.058,102.00032785344818,37.76339762123237
mp-979287,TbLuHg2,67.917,26.88,76.37048395141025,26.9334828805868
mp-979417,DyYCd2,56.229,24.488,60.63449052435806,22.333254570457772
mp-979421,YErZn2,61.225,31.495,67.33653635091444,28.31118006330944
mp-979422,YGaAu2,85.925,3.029,94.04276323432082,20.997057106504336
mp-979424,YErIn2,57.035,21.058,61.50785654219223,17.933483529660162
mp-979425,YHoAg2,68.344,34.495,69.33943886025372,25.16662361776959
mp-979427,YHoZn2,60.525,30.364,66.94605851391329,27.25832310418189
mp-979429,YHoCd2,57.371,26.801,61.23732142930249,23.612776377508503
mp-979430,YLuTl2,55.052,16.293,58.54531779267478,15.535214067908042
mp-979431,YLuZn2,62.844,35.072,69.10804781975304,31.114044106534628
mp-979434,DyYTl2,54.087,16.268,58.44572896447889,15.54633576544404
mp-979435,YMg2Sc,44.842,25.076,48.3972268761672,22.7963122136798
mp-979712,DyYZn2,59.82,29.032,66.76311331761543,26.599517057393772
mp-979715,YHoAl2,65.616,36.683,68.65825708865057,35.24705804463501
mp-979751,TaTiFe2,211.21,80.366,240.46927039916577,89.85839991739498
mp-979910,VCuRh2,218.716,37.09,250.1440148577161,79.69396265938751
mp-979931,YNbRu2,169.646,62.863,186.97415958786323,76.94473267496267
mp-979934,YErHg2,63.799,28.694,73.43396283530116,26.31590567258465
mp-979950,AcYbMg2,27.943,16.494,38.02161126612689,20.377269198541978
mp-979961,Yb2AgHg,38.785,18.393,77.55307046113859,29.08714108150776
mp-979962,AcYbCd2,36.361,18.723,48.18467184426393,16.942036725504536
mp-979965,YbSmPt2,93.151,35.89,124.266288515286,40.01110508685146
mp-979967,Yb2GaHg,39.597,23.271,73.92088506680952,24.423931908596504
mp-979968,Yb2CdHg,34.65,17.672,70.0329159391844,23.574598608175304
mp-979987,YbThPt2,106.657,30.747,131.045051247497,33.441743906940204
mp-979989,Yb2AgPd,47.651,18.544,93.61143338607758,36.08448471097495
mp-980044,YbPrCd2,41.352,21.5,57.207671592977775,16.238801178339305
mp-980053,YbPrAu2,64.929,20.684,85.50902334459178,23.762288052442305
mp-980054,YbPbAu2,62.462,14.993,96.56612685935312,17.27326266776429
mp-980055,YErMg2,42.167,20.656,46.29820289853659,22.547105805368076
mp-980059,TbPmRh2,102.32,15.253,110.65877575708171,28.42145843480428
mp-980062,YbErZn2,48.824,29.049,68.86198779002873,28.055102369984457
mp-980064,YbErHg2,52.673,25.653,73.98274852490621,23.794941588437467
mp-980068,YbSmPd2,71.092,20.256,101.04507527390707,33.01964626316411
mp-980191,BaSrYb2,11.948,6.437,20.141649348532276,12.447332434644036
mp-980199,YbDyHg2,52.438,26.151,72.97481934530553,21.419816233642216
mp-980206,TmScRu2,132.156,53.361,138.53876497588556,59.300681912067965
mp-980392,TmScHg2,72.216,28.405,81.67609410349236,33.31575753391109
mp-980662,YTmAl2,66.272,35.136,69.76170991725478,35.45603553784751
mp-980665,Zn2CuIr,158.591,13.058,172.98395373232202,35.86032928222668
mp-980669,TmLuCo2,209.285,47.005,103.15307791709743,55.08857935860362
mp-980749,VFeRu2,232.744,108.03,214.7213704173869,95.89412414349052
mp-980942,YTmMg2,42.606,21.693,46.37384797099918,22.919024022933584
mp-980947,SrCaHg2,31.022,16.275,33.725378436976094,14.789804799828689
mp-981234,Yb2InSn,35.777,16.544,68.77021233094207,4.241113733369338
mp-981311,SrTlHg2,29.409,5.404,32.07003404532035,9.855325645076624
mp-981312,ZrCu2Hg,122.147,47.151,141.28749120928887,62.79636332761978
mp-981365,V2ReRu,268.222,126.088,288.52089014539945,127.81999203203137
mp-981393,Lu2HgAu,82.566,32.929,94.85997733939922,39.65875876481148
mp-981397,YbPrMg2,30.717,18.446,43.19474280260245,22.182666331002196
mp-981530,YbPrPd2,64.73,12.754,95.67404382133962,28.76501692030821
mp-981548,YErTl2,53.212,14.644,58.497173755209175,15.886912607662277
mp-981933,NaPd2Pb,72.915,14.516,76.35151840105766,18.301204578842107
mp-982009,Pr2CdSn,54.037,19.655,58.27705400655369,18.215319641075617
mp-982010,Pr2CdAg,50.574,17.421,52.07117071359429,18.59345583680372
mp-982015,LaDyMg2,38.201,22.827,41.132308434169005,20.286385691908972
mp-982017,PrYTl2,51.765,17.376,57.04405724836189,15.583570038812736
mp-982387,Pm2ZnHg,56.196,20.8,62.16936184366962,14.17265605369018
mp-982388,HoTmMg2,42.853,20.63,47.09254522586885,22.679605344907937
mp-982393,Pm2ZnAg,56.992,21.588,59.389404069872846,22.936241168355973
mp-982613,Pm2InHg,55.365,19.899,59.61406216255171,12.95850680246155
mp-982666,LiAl2Tc,115.85,61.853,129.4424646322013,65.07675977405424
mp-982667,LiAl2Os,136.0,67.515,150.1092081334696,79.36984331121556
mp-982724,HoTmTl2,53.76,14.109,58.91151621860121,15.08692638412058
mp-982725,Nb2RuW,237.553,106.444,258.91369631888193,104.17495582300532
mp-982739,TmHfCo2,111.695,58.693,127.48462843915,59.631793573916056
mp-982772,Pm2PtAu,87.278,24.629,95.09975541230985,31.895098833467493
mp-982869,PmYAl2,60.622,35.164,65.15931063316638,32.72412102213268
mp-982870,HfAlIr2,214.618,81.996,233.12675954558372,26.473915128081753
mp-982974,LiBeAu2,105.456,34.74,123.26341610272767,43.44362369907521
mp-983063,PmSmHg2,58.175,17.81,66.96976610968866,12.77721172898774
mp-983123,HfMgAu2,121.119,33.178,134.67924942792027,47.007973589295496
mp-983126,HoTmZn2,63.012,32.116,70.89508220250578,29.05534082966449
mp-983154,Pm2ZnPt,75.923,25.95,77.41788761350843,25.049922044932327
mp-983229,Pm2ZnRh,74.896,24.411,80.16722912078248,32.538582718397464
mp-983236,Pm2ZnOs,87.655,28.611,92.07120767097442,33.99417863490768
mp-983358,HfAlFe2,172.287,92.953,196.78177956916127,108.6782803349129
mp-983425,Li2PmGe,50.35,26.433,56.34030377570264,48.422620867337216
mp-983427,PmDyHg2,60.869,17.988,69.17911484781493,15.519102803163427
mp-983428,PmDyIn2,55.936,21.872,60.65247294960073,18.169719997377022
mp-983430,HfZnPt2,175.442,6.555,182.07746879641311,4.4322369994054265
mp-983555,Er2PdAu,94.432,33.306,100.134539123387,39.74309334282773
mp-983556,Er2MgTl,51.119,19.866,54.02106461664663,23.448440344462885
mp-983566,Ca2AgGe,43.252,8.029,46.16817591063134,24.50868941398707
mp-983583,Er2ZnCu,68.856,33.579,78.77239384371657,40.94270797603662
mp-983586,Ac2SiHg,49.655,16.682,54.25850335003727,13.517839693868623
mp-983587,Ac2NiGe,54.432,13.482,58.43803344351287,24.24449954409832
mp-983908,Er2ZnAu,77.836,35.198,85.1707043250147,37.75969727191594
mp-984104,Dy2IrAu,108.554,34.691,116.41907002139436,41.46427691469611
mp-984352,Al2CoOs,203.003,111.008,226.84416457925985,134.3605465213509
mp-984544,Dy2ZnIr,95.673,36.14,102.82014861089937,42.42045942741624
mp-984551,AcTlHg2,44.138,7.739,49.44489771610569,12.88103735264326
mp-984627,Dy2ZnHg,63.653,27.597,68.75432581197708,20.545822538036212
mp-984702,CeDyZn2,51.683,30.59,59.06548849473007,23.83831448392609
mp-984721,BeGaCo2,189.356,99.193,206.6635075527468,129.89560300448326
mp-984767,DyHoIn2,57.572,21.948,62.54365546705456,16.788898621697378
mp-984791,CaTmCd2,45.017,24.297,49.2041770342109,30.40772594653714
mp-985438,Ce2CdHg,77.089,16.069,48.02603616595364,5.559539138009039
mp-985450,CaAcIn2,37.832,17.546,39.929961146894954,17.217633374591674
mp-998965,TiInFe2,246.765,130.828,162.25573895374006,91.01526398432468
mp-998970,TiFe2Sb,187.429,27.731,201.0232342536703,86.18549763212454
mp-999002,TiFe2As,207.251,178.915,214.2463222312788,67.97214624972962
mp-999257,Sc2MnC,113.031,46.178,118.76321231065388,50.10647414996191
mp-999258,Sc2MnGe,81.341,32.765,64.09253058571927,40.38820761295471
mp-999508,MnSiNi2,170.737,22.904,243.9076273257356,32.66014688115533
mp-761842,Hf3SnO8,182.505,77.664,229.18468786772644,116.99175692084307
mp-20817,GePtSe,120.097,66.408,146.4985747446079,85.4149614867142
mp-27198,Cd(NO3)2,24.793,12.29,133.01615690481938,69.30358388615025
mp-27367,SeOF2,8.58,5.136,82.01870636021908,45.01990998949984
mp-4627,CoAsS,135.022,105.649,164.03528691105282,123.50679871261175
mp-9270,SbIrS,142.102,87.554,177.37944376266688,115.19089832128688
mp-13725,Li3PO4,70.982,43.757,144.24719846204485,101.95401594084392
mp-17287,TaTe4Ir,17.614,12.492,96.02381536647292,48.83601848696809
mp-23803,GaHO2,132.704,86.963,204.3380515615926,114.30162311060144
mp-23807,AlHO2,157.945,134.235,235.7733435787967,166.05670201431116
mp-2724538,LiCuS,25.653,20.946,62.50138011256791,37.80466053928558
mp-3345,Cu3AsS4,72.969,33.161,85.9729564194919,48.40521717242996
mp-35082,BH6N,8.054,4.31,76.80497882494713,63.24675674785953
mp-3934,Cu3PS4,78.018,35.591,96.2351441233052,57.40747386919155
mp-4962,CoSbS,113.942,77.053,130.58019508890564,91.47356178276458
mp-510346,In5Se5Br,26.65,13.917,51.15453936157691,25.772496466697092
mp-510347,In5S5Br,30.845,16.474,59.04675925025862,29.554944465854973
mp-553946,CoAsS,142.377,99.452,154.2719462583356,113.48643852335076
mp-5540,SrB4O7,147.126,118.908,245.94439400013312,165.97000413313896
mp-5756,Cu3PSe4,62.703,27.883,75.67334611965012,43.35359490881847
mp-755543,HoHO2,107.968,59.121,154.1387488241245,88.56450061370694
mp-769365,ZnSeO4,71.196,28.639,157.5622314576317,87.46529067454514
mp-777422,DyHO2,106.131,56.792,151.48888367944994,86.25712617180841
mp-9711,Ba2Si5N8,159.326,99.809,194.6658504746966,142.8214659137327
mp-4117,Li2Si2O5,78.037,49.052,160.3058246989019,105.10705515232364
mp-23558,Ag2BiO3,99.447,20.823,115.8997485708938,49.24720688062841
mp-1016108,TiZnN2,154.329,55.654,192.51803302017117,91.08719120502448
mp-1019550,BeGeN2,189.429,145.289,229.0384568280582,186.09849607762985
mp-1029469,ZnSnN2,131.461,65.055,153.28655558735346,101.91436845513644
mp-1029633,CaSnN2,95.413,36.268,119.25656246359328,71.69509377952639
mp-1029791,MgSnN2,119.793,61.364,144.12739516345448,99.77117353444535
mp-1029932,LiVN2,80.75,46.341,179.33029825549838,85.5739313284614
mp-11582,LiGaSe2,34.67,17.624,51.60246917775004,33.522658644912234
mp-1189451,BeCN2,310.237,292.421,363.7340102485062,328.4102792353951
mp-20310,LiInSe2,29.929,13.618,45.89416510651914,28.652895498658314
mp-2979,ZnGeN2,161.837,95.434,190.65888522002996,134.54765693249013
mp-3606,MnSiN2,184.321,91.55,195.32607541983216,134.25537864375633
mp-3660,LiB3O5,83.932,47.464,194.2118935153865,128.61605777291825
mp-3677,MgSiN2,173.274,105.134,209.1889965543139,154.70731887001438
mp-7798,MgGeN2,146.174,84.791,174.80612066883432,125.62286377737792
mp-7913,BeSiN2,220.956,174.122,264.63220057254887,223.74385894409392
mp-862754,PrBS3,52.732,22.607,89.20031736469224,47.438071353893065
mp-1020059,LiGe2N3,122.768,86.576,178.5614006952315,132.60342399861145
mp-1029257,Zn2ReN3,132.827,19.372,213.88070721961697,86.60335389075281
mp-1029262,VZn2N3,152.958,60.484,194.0301373406898,97.96520123018684
mp-1029294,LiSn2N3,83.514,48.959,133.20231037434354,92.45561332911603
mp-1029334,Zn2SbN3,129.688,64.008,157.95528895424462,103.4089364311045
mp-1029368,Mg2VN3,128.676,54.099,174.57108897691018,99.94951421730732
mp-1029378,Mg2SbN3,114.786,58.969,145.06878093921767,101.47881058511264
mp-1029403,RbGe2N3,129.861,83.772,151.4214434323941,106.56735143821264
mp-1029404,KGe2N3,135.298,78.625,156.19206011561485,108.00887809666769
mp-1029408,Mg2NbN3,118.753,50.692,174.2736623164337,95.16787327243208
mp-1029422,NbZn2N3,138.984,52.641,191.74585255627383,91.61637192340694
mp-1029442,Mg2TaN3,122.385,53.646,181.23556784316492,101.12041759167774
mp-1029458,Zn2CrN3,154.566,59.218,194.28303225729857,96.91619119838997
mp-1029520,Mg2CrN3,124.288,51.678,174.72317517256627,97.64787791142676
mp-1078233,H3CCl,3.07,18.317,48.4398337234686,33.69159277639699
mp-12268,BaCuF4,53.979,15.813,85.67654981869973,28.61597905790632
mp-13542,ZrGeTe4,13.848,10.867,57.91934068422184,33.003454753557484
mp-1374018,Ca3Sn2O7,128.105,63.424,150.42692971276887,84.91176695397898
mp-14433,NaGe2N3,134.959,77.934,165.89421447284926,116.50163447806864
mp-14568,BaMgF4,59.463,29.668,80.73620746413057,41.50788656582789
mp-20257,AsPd3Pb2,87.148,28.112,109.4746948742695,37.873749496012
mp-21521,Cs2PbO3,35.148,13.531,56.38393225398875,25.54532112906147
mp-22756,K2PbO3,39.098,17.293,66.28539089162693,33.37259274458125
mp-28264,RbH3O2,23.952,10.843,55.687293469568466,27.929175958636424
mp-28369,GeH3Cl,1.243,0.967,35.02837978875995,22.14165004973135
mp-3258,Ca3Ru2O7,148.022,60.41,180.23426147265585,85.03881190761277
mp-3281,Al5BO9,159.267,78.213,192.3217153423365,123.69181586254116
mp-3451,BaVS3,64.505,8.829,80.78854650911396,40.25834030337869
mp-3881,BaZnF4,57.665,23.691,84.44243950998123,33.85223197982487
mp-3933,Mg2PN3,149.391,87.587,192.16790202908345,146.00271728913975
mp-3998,LaTaO4,122.275,67.187,212.43433915661697,108.7399841495518
mp-4163,Ca3Ti2O7,129.623,65.502,177.93075925824073,105.2379673265523
mp-4187,Ge2N2O,84.757,60.474,171.6683961527845,116.37695678727104
mp-4533,Na2SiO3,61.337,35.839,120.5691242060885,78.54298239879985
mp-5012,Li2SiO3,76.805,51.443,150.91192398823685,104.74878380670609
mp-567817,HfGeTe4,13.342,10.704,59.098304180888825,33.75951347605186
mp-569106,Yb2CdSb2,32.654,21.329,67.59951042843612,30.14542643081781
mp-570172,HgIBr,2.114,1.935,14.433319432671704,6.841643649441224
mp-5784,Na2GeO3,53.912,28.066,101.98546482311606,63.93858744011567
mp-5853,LiSi2N3,158.088,121.468,228.33703280955964,175.71252998294818
mp-625054,AlHO2,106.355,79.123,205.03802496378185,140.28004774436965
mp-625136,CsHO,24.052,9.372,35.12406338307746,15.55831990951421
mp-625150,ScHO2,82.391,49.224,160.26052227811218,93.76103664861124
mp-626620,RbHO,26.262,13.038,41.46621473482481,19.661034879113128
mp-626785,KHO,30.922,17.006,46.355333866112154,23.1810962923283
mp-643009,SrMgH4,37.878,26.867,47.625957035068325,36.33209779462001
mp-685935,CdGeO3,60.062,35.545,126.6222587078964,63.60373555497301
mp-753798,Rb2SnO3,43.223,18.638,74.66389277874336,38.70403642833003
mp-754150,La3GaO6,114.302,44.069,140.5628555762861,66.3796435458683
mp-754718,NaCuO2,59.984,20.992,107.97016021315444,60.501699198294666
mp-8973,NaSi2N3,186.672,116.13,217.1596367507012,159.5250629129409
mp-9248,Cu2SiS3,78.911,36.107,98.46484920820517,58.96809651534501
mp-3094,SrAl2O4,83.129,45.935,141.01434174094297,89.16947111747487
mp-5724,AlPO4,26.709,29.63,153.0475368737664,98.39663754804572
mp-644271,LiHS,21.446,7.822,34.653000908938864,22.25169425241746
mp-1016442,SrMg6Ga,29.542,19.932,36.0276054765212,20.681420348951946
mp-1016601,Mg6NbC,44.097,24.745,63.72592069139467,34.69613104615139
mp-1017377,Mg6SiB,46.07,21.502,55.76523814531794,26.034693941382525
mp-1017387,RbMg6B,28.187,8.551,32.5901260438137,16.0529747548349
mp-1018048,LaNiC2,135.707,77.026,165.77571784735207,90.55305295556906
mp-1021779,Mg6VB,40.719,125.594,58.10763127930954,25.867840498864226
mp-1022051,Mg6CoC,46.621,21.126,61.84920344960795,31.75513788357336
mp-1022116,Mg6CuB,46.163,15.92,55.612116187444435,29.07753901233967
mp-1022207,Mg6FeC,46.323,19.814,74.80794854660304,32.323094108410146
mp-1022553,Mg6ZrC,41.717,18.43,57.17681205037651,30.38147288320494
mp-1023319,CaYMg6,34.78,13.092,40.35328114084588,21.48451506034101
mp-1216295,VRe11B4,354.771,132.178,402.6752857087851,197.05525417204183
mp-1216398,VCrB2,279.569,219.064,318.5440954259695,255.2483173553215
mp-1217965,TaB2Mo,296.676,188.191,323.3736971675797,231.7811392638834
mp-1220383,NbB4Mo3,297.126,188.514,327.61033240780563,217.97379616619477
mp-1226242,CrB2W,301.097,201.556,345.272172143992,230.764122757968
mp-13501,ErCoC2,177.407,98.793,205.9350727292665,115.89608376970894
mp-13502,TmCoC2,172.008,100.095,207.01347602681628,116.31155018768884
mp-19741,CeNiC2,129.653,71.17,175.09380671629648,94.27767171707018
mp-20337,ZrPbO3,118.685,34.182,170.84130710220825,80.61023586576005
mp-2420465,RbHS,28.078,18.076,32.97902852020848,15.9361645699584
mp-3061,TbNiC2,145.7,95.952,190.0150172443041,112.94663683847742
mp-4037,TmNiC2,170.384,100.038,198.18915588042563,118.20866734416524
mp-4248,YCoC2,164.762,94.828,196.66185478552777,111.40206778193571
mp-5106,TbCoC2,175.952,95.326,199.18993856839236,112.33604360550936
mp-5154,HoNiC2,166.911,98.467,194.1200239035556,115.84045483218186
mp-5246,KNbO3,103.853,50.363,192.71929508537255,107.30197825939052
mp-5383,NdNiC2,145.636,86.592,176.8791348305649,102.69273402829022
mp-569450,LiB6C,196.324,184.076,231.38535926891103,232.32632400508612
mp-5777,BaTiO3,97.867,51.278,176.77678547689283,105.02982042050422
mp-644497,BaTiO3,22.363,23.855,67.75133497815472,77.29657947878579
mp-752415,NbO2F,139.921,52.116,191.94119436599527,86.46112355361433
mp-8540,NdRhC2,146.188,69.882,174.88145097672333,84.37865920758058
mp-8758,SmRhC2,149.588,71.025,178.55636864444787,86.5469585589658
mp-9312,PrNiC2,141.136,84.913,173.80702572166626,100.19248733478922
mp-989613,TiPN3,178.71,62.581,199.62398875124524,126.77268547343049
mp-999088,ThCoC2,180.213,93.646,216.4860321170871,110.16079472704668
mp-999190,SmCoC2,151.847,90.299,192.13436457220303,107.13097424980842
mp-999287,PrRhC2,143.047,68.759,173.8385413903059,83.56030643799076
mp-23427,Ti3(BiO3)4,81.207,20.723,185.62627626146244,89.99838867903736
mp-30161,Si2CN4,134.468,25.701,186.26381402955903,120.45110601296692
mp-760411,Bi2CO5,99.855,43.642,148.4102416002581,68.36346797635308
mp-770118,Ba3Ti2O7,86.219,47.62,149.80186117553538,85.73982628293022
mp-22966,C(ClF)2,2.89,1.303,56.75559626934684,31.94956783312116
mp-25886,CuPO4,59.509,44.354,166.4549248263473,105.4695032666903
mp-28896,CuBIr,195.576,67.035,260.28639706415754,102.55777894107332
mp-28897,BIrPd,236.227,73.014,279.2498549462172,94.87627898704564
mp-675531,NaBiS2,27.308,21.644,60.43036651110801,31.968403378602492
mp-11560,TiSiRu,203.131,103.155,222.07194678109715,121.55392069205034
mp-560530,Nb2Cd2O7,117.943,7.723,196.6735844516053,92.4048077674068
mp-8648,TiFeSi,187.835,113.376,202.86813756155897,136.44947886072478
mp-10443,YbSiAu,80.541,46.731,124.4424558048342,66.26123581796688
mp-1105595,Zn2SiO5,89.508,31.475,138.09067591074893,81.37603199987723
mp-11752,Lu7(NiTe)2,66.909,35.549,73.94539726737415,41.97085513274251
mp-1189355,Zn2SiO5,91.797,31.336,137.95165163761786,81.13596418104545
mp-12806,Cu2GeTe3,49.734,21.715,54.86608398087043,29.22882970734651
mp-13089,Cu2SnTe3,46.933,19.796,51.36467831720124,26.67459900070698
mp-22065,UGePt,124.931,36.408,152.6026853146901,54.40461540685789
mp-2220557,Ta2CuO6,133.739,76.212,240.90464591506165,121.1613803734175
mp-2626703,BaCO3,50.172,19.045,89.40348632195375,46.27990727681318
mp-28945,Si2NiP3,108.208,56.276,115.9681972293792,72.93145942752169
mp-2964,NaNO2,23.903,13.819,63.71569671310996,34.15067784996103
mp-29761,UCO5,38.531,24.118,177.98336827492795,66.99819185412682
mp-35035,KCN,15.286,7.891,36.647722743562845,21.40805561206639
mp-4276,NaSi2Pd3,105.869,46.48,130.02528125358774,57.86524518431888
mp-4728,Cu2GeSe3,59.424,26.243,67.71807807593517,34.971490594127516
mp-567278,Sr(Si3N4)2,148.737,99.896,213.219262204706,157.02305157757195
mp-567771,Ba(Si3N4)2,157.981,105.514,210.4561900676188,155.17009760377883
mp-753081,Li3(CuO)4,61.32,23.563,83.82608549382692,42.14122351533454
mp-867701,Li6CuS4,33.107,11.558,51.64261501178381,31.681711466049254
mp-1018699,EuZnGe,46.265,37.428,53.63935869387304,37.64117559672173
mp-1224184,HfZrB4,244.894,237.314,270.9115573221373,258.78380497546317
mp-2349989,NbAgO3,117.29,40.927,194.4349912025718,79.37309325888577
mp-2488451,Fe11MoC4,201.371,86.946,292.3410519049151,90.69908713935624
mp-27418,KAuO2,46.429,18.352,72.27880205816733,36.340626671725616
mp-637575,AlCr3B4,248.749,182.763,283.4985406324749,202.99572759281585
mp-996954,CuPtO2,172.104,33.467,191.52374284961536,63.2492950755726
mp-996971,CuPdO2,155.3,28.501,171.54680707246803,53.43284284217726
mp-996975,CuAgO2,111.192,14.729,122.76368668603092,27.314956513206212
mp-996988,LiAgO2,75.626,6.182,103.5340496286947,11.07695764058178
mp-997084,RbAgO2,40.617,18.339,58.499841568762704,29.341709086172337
mp-1019509,B2S2O9,32.078,30.371,178.94537663705069,114.06076749286449
mp-23349,Bi(BO2)3,51.828,25.333,162.6132392025461,79.03200688277653
mp-25317,Li3(CuO2)2,69.336,33.635,94.78061106745034,50.54916620447701
mp-549720,NbI2O,12.477,8.811,75.93419698980043,40.313798489912664
mp-550070,NbBr2O,15.153,10.177,87.20605500606183,45.54608865963945
mp-768241,Dy2Ge2O7,125.554,48.501,163.02365937224246,86.66033060346975
mp-768680,CrP2S7,11.204,3.779,60.43454568459429,36.46308567488529
mp-996960,AgNO2,19.738,8.52,54.02248318435723,25.61592650996208
mp-17129,Sr3(AlN2)2,85.441,45.483,112.27059136039794,73.77855496531778
mp-1018702,EuZnGe,42.42,27.809,52.52592165769181,33.813291503189426
mp-13504,CeAl4Co,88.552,64.222,106.2216393210059,72.1705061445995
mp-16053,CuSiO3,31.454,19.986,152.1940275828128,76.90890438328218
mp-19955,Co2CuGe2,157.602,75.992,187.45769224444615,85.12145843856416
mp-2619433,BaCuO2,79.134,26.205,104.20788529068533,43.78395706714088
mp-29015,CaThBr6,9.879,5.456,40.939354824222505,18.111162716541344
mp-561033,CsCu5S3,34.94,13.442,73.17684318391738,30.026423696310445
mp-573755,CsTeAu,9.36,3.5869999999999997,21.977358794062603,8.584279878676847
mp-759636,Nb5O12F,177.534,52.642,256.64901767799824,112.00386192746136
mp-996964,CdAgO2,111.634,32.744,140.96159116792649,41.57362795255054
mp-997085,SrAgO2,80.968,31.012,101.37852930944088,47.51483811456244
mp-31043,H5NF2,30.335,11.003,86.43976213240941,55.0519896810729
mp-996980,AgAuO2,91.988,45.731,107.43729315255482,31.85662592633269
mp-997012,CuPdO2,136.396,35.461,163.2011529050536,53.35220285804255
mp-997098,CuPtO2,78.908,21.439,188.03880041131916,65.0054270269659
mp-24834,H4N2O3,24.063,10.798,125.25658924208372,84.95028194816597
mp-1047601,Zn(CuO2)2,105.439,49.916,178.94148262577104,78.99739192438983
mp-3671,NaNbO3,101.993,59.156,198.8773740724858,106.6304823500518
mp-504741,Hf(FeSi)2,181.136,91.29,217.4968354583177,127.03686866357168
mp-505554,Sc(FeSi)2,172.302,111.219,192.28572861722617,124.7488318215658
mp-5611,BaUO4,90.551,40.544,146.81015693336417,66.7941194373076
mp-571039,CaAlPd,62.104,28.522,77.36582824713282,32.5718924550584
mp-768342,SrNb2O4,147.015,72.302,213.98234214373568,129.38317037456295
mp-1191244,YbAlB4,163.313,141.6,205.83938391349744,180.3065047547921
mp-1191390,TmAlB4,181.007,153.686,204.31626672559975,177.98150331655182
mp-1191630,ScCoB4,223.874,172.568,249.21771700505545,188.7952284102659
mp-1196116,Sc2ReB6,226.401,195.537,243.7217858202395,200.7013192904262
mp-1210846,LuCoB4,218.149,174.986,241.93654662202132,191.3306269350964
mp-20944,Sr2PbO4,91.606,44.253,109.41319855186713,57.41068560616308
mp-23426,Al4Bi2O9,107.974,70.056,179.7538029262768,110.51709953104913
mp-27321,Na3(CuS)4,41.123,18.701,68.11634008045306,32.73954992704586
mp-27693,Sc(BC)2,190.279,150.727,205.4597052699046,168.7426992868971
mp-28954,Tl2PdSe2,31.919,8.703,49.30171205103636,14.88981619043282
mp-510306,Sc2CrB6,208.603,203.456,223.72371533045407,209.93188823233868
mp-542903,ZrPbO3,111.123,61.413,168.75738618601008,81.69493718954165
mp-649479,Ca5(InSb3)2,35.751,19.61,44.16278152880669,26.814731942838364
mp-8439,Ca5(AlSb3)2,39.186,22.791,47.439728597270374,30.070881144470903
mp-8631,LuAlB4,182.221,153.632,205.8751901955094,178.341446716161
mp-1079629,Mg(BC)2,145.308,118.054,177.80829388773313,135.70113758703536
mp-2514049,Tm(CuTe)3,54.308,29.553,69.54365260039884,42.72893595403412
mp-2717767,Er(CuTe)3,53.642,29.57,69.09608668755538,42.58453966775028
mp-27891,Bi2SO2,43.238,25.849,117.449072790226,56.81794986427636
mp-28254,LiRuO2,196.978,103.758,245.58583184126675,138.21872833156124
mp-4753,Al2SiO5,142.634,88.811,209.7901076157578,137.94267895582465
mp-766486,LiCuS2,46.834,21.639,68.98372389556492,30.53885863576263
mp-996987,LiCuO2,78.449,43.139,141.59847154048302,75.89786437621747
mp-676586,Na(VS2)2,43.286,17.426,77.65785315333439,45.96276111066617
mp-1029474,Ca7SiN6,79.323,54.329,106.605339469452,71.97779195656433
mp-17177,Nb2ZnO6,143.453,58.521,233.5450017752661,108.0428728003472
mp-28364,Rb2CdO2,36.278,14.225,48.2220854652953,23.03220696437698
mp-4643,Nb2CuO6,105.183,54.339,236.80462176762745,109.29218164864012
mp-15960,Li5AlO4,80.916,54.227,106.37506338300788,78.15766429168451
mp-5525,KAlO2,65.943,40.349,112.58437734931012,66.9779528584029
mp-5881,CoSbS,118.332,79.673,135.8003354886459,94.3202335934474
mp-657338,MgSiO3,67.946,54.694,179.118720257413,117.53778302237978
mp-1029448,Li5OsN4,70.247,38.982,136.29638691219014,79.7863643897335
mp-1029574,Na5OsN4,39.663,14.17,92.47702327512526,46.92997391800637
mp-12759,Zn2CuAu,112.113,31.739,134.6827626681643,40.91112150466636
mp-22992,TiClO,22.827,12.826,112.90869993382368,52.32930953475688
mp-23002,TiBrO,25.612,14.541,104.9694034996394,46.1295857838175
mp-23052,ZrIN,19.161,15.301,90.03898518462267,47.05629312272347
mp-27226,MgCu2O3,98.437,54.6,160.97918961297046,77.34765928214625
mp-27246,LuSBr,11.68,5.042,51.628262534205774,27.940176451449364
mp-27454,BaLi2Si,27.21,16.167,31.067528160866814,21.74503726015994
mp-27848,TiIN,24.065,17.04,95.63109763937796,51.19544005617239
mp-27849,TiBrN,27.742,19.671,108.01290564326072,59.73032238767136
mp-27850,TiNCl,30.511,21.367,120.14964783756918,68.42670961625596
mp-27863,AlClO,32.289,20.406,113.39855522326484,71.16768752094765
mp-27989,CBrN,3.927,2.16,30.36223796975556,17.856285752110736
mp-28929,DySI,10.461,5.307,43.10821815781946,22.162007566954134
mp-29898,Tl2Au4S3,18.684,7.562,62.22078888713459,19.99595784455066
mp-30053,NaCN,18.145,11.602,54.49133137334535,31.724147750832337
mp-3205,CaCO3,66.245,8.308,120.80412599402064,67.63100908974862
mp-3255,SrCu2O3,96.392,42.367,110.2901942805246,54.99690743080712
mp-3838,Li5ReN4,71.86,46.271,141.00218752866573,89.30715341327382
mp-546279,ScBrO,22.781,13.41,85.14911057138403,44.92195316356579
mp-568346,HfBrN,25.147,18.845,107.7807113627134,61.32828457534227
mp-569299,Be(BC)2,194.761,153.362,214.8077529480767,167.86665106724809
mp-570157,ZrBrN,22.365,16.412,100.7996953136237,53.88315853972441
mp-605028,Te2Pd3Pb2,33.635,16.154,83.20574318472465,28.189593013942375
mp-7466,CaCu2O3,77.591,29.185,115.87771847066534,57.83717029986533
mp-753059,TiOF,38.582,27.664,163.3990285934526,72.3404421922907
mp-754010,ZnCu2O3,90.85,35.895,155.65879630149874,61.570014143161565
mp-754113,TmClO,17.642,13.897,83.95686389643805,44.86073925131899
mp-754978,CdCu2O3,75.269,27.57,126.83725115052005,51.56966966451455
mp-755689,ErClO,19.511,12.683,81.9769036970696,43.30644492698473
mp-1022726,Ba2CuH6,30.978,23.505,48.80301988020987,32.011386704418
mp-1029711,NaVN2,46.808,10.582,134.48672872850264,59.17254607584963
mp-1029832,Ca2NbN3,81.221,41.117,135.18443166980947,74.07589527032903
mp-1029923,Sr2CrN3,88.705,46.392,129.2918025562185,73.33424966738087
mp-16115,Pr2CuO4,124.593,50.075,168.4556279016557,73.33759559701058
mp-3582,Mg(BC)2,157.751,104.546,173.15119054962415,125.8739148435871
mp-36480,La2CuO4,120.072,51.158,159.0441796735945,66.81579054302652
mp-559612,KLiO,31.925,20.733,41.95915749113509,23.83578672328455
mp-1025309,Pr(Re2Si)2,165.622,103.392,246.36641175750003,128.61918921377415
mp-10284,YSi3Ni,120.066,85.329,132.72079011374387,96.3898300615843
mp-1070857,NdSiNi4,167.643,62.88,168.58281642207086,70.72234514265591
mp-1070859,TbSiNi4,151.371,72.048,178.82911727210725,78.8610664581836
mp-1102585,UReB4,276.868,213.715,312.1189097396331,214.8251683987544
mp-14344,Yb2(NiB2)3,166.869,119.842,216.99184133450592,145.87173590883688
mp-21139,Mn2SnS4,42.268,29.863,78.84500223877757,44.628145262840455
mp-2224869,CuTeO4,67.337,37.194,144.156974236251,85.32815378580275
mp-22967,Li2FeBr4,25.291,16.303,84.21906541095487,14.069709390082869
mp-22980,Li2CoCl4,8.956,1.69,44.696659003920665,21.76588496699835
mp-2724101,Li2HfO3,124.693,45.772,188.86800128849177,120.50423814008488
mp-27861,Ce(Re2Si)2,177.68,97.153,254.68519684381343,137.3518346164499
mp-28250,Li2MnBr4,19.113,11.927,111.24366691030762,9.491564494624638
mp-29009,Li2MgBr4,19.912,12.262,33.88104787211385,18.57005904564971
mp-29674,Al2B2Ru3,230.449,103.58,271.8166322108922,111.1450585039742
mp-29896,Y2B3C2,149.778,37.797,181.95612685330968,126.35797136658616
mp-31136,Lu2NiSn6,65.165,38.649,74.76984546747529,37.5612772795022
mp-3398,Ho2Ni2Pb,74.964,28.014,92.4726386886304,34.515112823229984
mp-3805,Al(FeB)2,224.5,133.097,272.2259666788494,154.5776241597519
mp-3988,BaCu3O4,77.551,32.974,85.6377737778356,39.74854074845269
mp-4071,Er2(NiB2)3,194.285,139.105,215.4346174518262,144.3579218186545
mp-5446,Li2PrO3,73.939,21.617,96.18533646719516,42.14502829391673
mp-545598,UCdO4,114.796,40.843,167.30490036554758,54.93722250266524
mp-546142,Na2UO4,42.279,24.83,105.4171693694362,47.526073470718735
mp-568624,Tb2B2C3,152.212,43.587,193.15142302796008,130.77595800480248
mp-569496,Ce(SiAu2)2,94.876,27.788,131.21151856944786,42.416276061886
mp-569523,Y2InNi2,77.414,40.912,91.29486693511632,38.46602112456464
mp-570272,Tb2Mg3Ni2,48.67,23.537,69.3743916538553,25.476200080411452
mp-5938,SrCu2O3,96.447,44.756,111.89078384877052,53.760066165893946
mp-603719,AlPO4,233.171,172.168,288.6178795202027,214.24418576969603
mp-643273,NaH2Pd3,108.766,34.066,124.97326765017162,34.63465169963542
mp-643945,TiFeH2,176.085,73.984,184.60112932260196,59.49792210986691
mp-675025,SbRhO4,187.689,94.281,223.49867848985127,122.0347958535907
mp-675172,TaAlO4,208.145,120.083,280.31008912036026,159.78160692166958
mp-676861,AlSbO4,197.857,120.349,237.80619005764993,142.12439894259217
mp-752843,Li2CuF4,42.328,15.213,79.44844151997613,61.52115501277833
mp-752953,ZrTi2O,133.961,72.906,166.05844974141036,93.9699735666698
mp-753315,Mg3ZnO4,155.464,99.01,177.8993660413156,110.84117842219024
mp-753459,Nb3O7F,212.133,90.785,255.54204545880623,116.96200548799747
mp-753495,Sb3O7F,169.58,105.424,205.61389960784163,120.49050506916184
mp-753747,Ta3O7F,233.926,118.214,274.87239663905,133.99507172177587
mp-753823,CeTh3O8,184.155,82.439,208.739212566514,91.06905880805222
mp-754478,HfZrO4,204.4,98.032,238.2975641262749,120.8451041438612
mp-754534,Li2CeO3,95.497,38.795,137.84364359462566,62.982509331792066
mp-754631,NaCu2O3,69.185,36.587,91.85486650494366,41.44629837957939
mp-755287,Ca3CdO4,109.381,63.525,126.32866983467684,71.2766405788155
mp-755594,ZnReO4,150.108,65.836,251.5359085881636,118.34728108941222
mp-760401,Nb3O7F,188.369,60.171,220.9346214438056,99.023455065731
mp-760403,CaCd3O4,120.187,49.517,137.4573284386272,55.00500053778048
mp-7692,Al(CrB)2,227.31,178.062,265.9339380704049,196.347253999306
mp-7892,Mn2AlB2,199.942,155.272,275.1558314492576,181.15941831397785
mp-8207,Zn(PtO2)3,193.672,63.614,241.77132317705815,117.85648534687114
mp-8208,Mg(PtO2)3,187.744,69.992,235.97943107709943,122.19562342866428
mp-8212,Cd(PtO2)3,192.406,71.033,232.2812936864925,108.434666436877
mp-866818,Ca2SnS4,42.206,26.896,63.338152986537,33.7436120660381
mp-867744,LiTi3O4,193.852,81.153,237.9885418121242,111.80955106895614
mp-8771,Lu2(NiB2)3,202.613,141.073,219.14552767998953,147.07569780675544
mp-973540,LuAlB4,181.461,150.52,206.9355979671705,178.88685488898253
mp-976271,KTi2F7,83.985,38.463,117.9602802979335,49.07129778228348
mp-980004,SmGa2Co,93.932,39.1,105.54464620641971,49.56633305128323
mp-997005,CaAgO2,97.227,39.248,129.2035591576662,54.45794307313927
mp-997037,CdAuO2,113.831,28.905,132.22238281221166,43.214856445587216
mp-10057,VCoB3,296.493,203.341,319.30418519315646,223.46355194666504
mp-1014227,Ti2ZnN,147.64,95.909,197.19970370992783,110.48039155714818
mp-1014252,Hf3ZnN,149.253,92.143,177.78716319589478,108.01170081400936
mp-1014257,Ti3ZnN,145.73,94.61,183.22071759647903,114.35300936257929
mp-1025105,LuAlGe,84.386,58.396,97.74834610977064,63.14836590634352
mp-1025390,LaSi2Ag,87.646,55.061,96.93080689335864,57.81722598474049
mp-1025393,TmSi2Ni,116.907,64.624,143.940040729081,85.41802672340594
mp-1025408,TmCoSi2,123.961,57.852,149.95736573091392,76.03063404742714
mp-1025413,ThSi2Ni,132.143,76.034,146.73401542172738,89.00037886179405
mp-1025420,SmSi2Ni,101.226,68.458,132.0187519074208,82.31152613616432
mp-1025453,SmSi2Rh,122.727,44.065,142.42434334095927,59.34533012181793
mp-1025504,TmGa2Ni,100.012,56.193,114.16429236196932,62.25165391773582
mp-1025552,LuGa2Ni,103.459,57.495,117.01589300701544,64.10205478224468
mp-1025554,PrSi2Ag,91.203,56.773,101.16051752648303,59.4935662694675
mp-1029338,LiV2N3,147.437,66.596,246.18523467051057,110.73744674861734
mp-1029424,LiTi2N3,134.345,71.603,213.785531821447,115.8293757759088
mp-10381,K2CuSb,17.39,8.653,25.247470175617373,12.244507851692658
mp-1078497,YbGa2Ni,69.78,36.326,115.89824594231816,63.59902338506319
mp-11392,TmGa2Pd,100.437,49.426,112.73757746838662,56.24875946759552
mp-11401,ScGa2Ni,101.551,60.478,124.31833790919414,67.28559748413446
mp-11431,CaGa3Ni2,90.845,38.686,104.7839106055152,56.832622706035465
mp-11444,YGa2Ni,91.18,51.773,107.97421156070504,58.868596218457526
mp-11486,Y2(Al3Co)3,106.898,76.465,121.31382441938784,91.5361547914764
mp-11788,YbSmSe3,51.516,16.855,75.25836358303232,41.55655568134849
mp-11957,CaSn2Ir,75.338,38.941,98.46725069623356,44.93225207138172
mp-11958,CaSn2Pd,58.694,22.729,71.2065956983199,26.159374276955912
mp-11959,CaSn2Rh,66.913,32.392,86.1300821561193,38.6582408031752
mp-12382,ErSi2Ni,126.591,65.384,143.24964097336365,85.70491729840482
mp-12630,MgSeO4,60.907,39.538,148.4239306357358,89.41400322637813
mp-12781,ScAl2Ni,95.155,65.059,123.15792073349252,70.36990659796517
mp-12782,YbAl2Ni,63.701,42.116,114.53221293316564,66.75403122545626
mp-13094,YAl2Ni,93.804,57.961,106.69400811878288,61.73115755802437
mp-13512,CaNiGe2,74.289,35.772,88.23468252123345,47.50414160095855
mp-13513,SrNiGe2,66.576,37.748,80.45132995421471,45.793714063221934
mp-13520,Na2ZnGe,23.139,15.794,31.27733331292686,18.96880488553721
mp-13572,ScSiPt2,173.75,72.253,193.4973601383191,84.65130731171548
mp-14763,Ca3MnN3,88.138,50.938,125.76538728870496,73.35507109645225
mp-14815,TaTe5Pt,20.983,12.991,82.2624242827203,40.90366778688911
mp-15120,RbFe2Se3,20.081,8.887,35.883351363705174,27.269352706045023
mp-1524357,BiPO4,71.431,40.169,177.60616641419765,87.61677077652793
mp-15316,SrMgF4,54.98,27.75,83.68960632200621,44.04373144741458
mp-15684,K2CuAs,22.329,9.944,29.4652669416416,13.902948182093477
mp-15685,Na2CuAs,31.898,18.43,42.83723954769696,22.18915356003565
mp-16493,YAl2Co,93.21,44.624,107.38708299943926,52.73239336379993
mp-16503,HoAl2Ni,97.439,57.089,110.3743094695683,62.40817182799881
mp-16516,TbAl2Ni,90.658,55.21,107.65630976125456,59.6330283552089
mp-16517,TmAl2Ni,100.232,59.378,112.84296783619835,65.29347013536746
mp-18468,Mn5SiC,205.196,116.345,248.17148546808627,130.83997092829478
mp-19968,CaIn2Cu,45.357,32.042,59.30003127054841,33.62397190946055
mp-19991,SrIn4Pd,47.85,24.856,59.304483753266375,26.93018874493667
mp-20343,NaAuO2,40.105,13.28,70.55576364889141,32.745486591639484
mp-20479,SrIn4Ni,47.444,27.899,59.311989717500325,30.305252263231385
mp-20497,SrIn2Ir,58.263,26.933,78.07117201146191,31.177655888713023
mp-20533,SrIn2Pt,55.359,26.311,71.17875697105222,30.8732052945713
mp-20754,LiCeSn2,47.381,27.191,54.907656745873574,38.2724691573541
mp-21024,SrIn2Pd,47.596,23.163,60.64263093169111,25.943012071732696
mp-21027,CaIn2Pt,66.9,26.547,80.45629860367315,33.98956537799564
mp-21124,SrIn4Pt,52.456,26.341,66.91948560649183,30.73151038952605
mp-22056,YIn2Ni,84.822,40.977,93.42665661649887,46.31557753106802
mp-22717,CaIn2Pd,59.191,25.46,69.34187323988647,29.398093414763466
mp-22739,BaFe2S3,56.257,27.532,67.1709617252739,45.4942929558778
mp-23431,CsCu2I3,8.359,3.14,25.142739602946115,8.309924122224752
mp-23891,NaHO,33.109,24.155,58.06113604753797,32.378993479214884
mp-23918,NaGaH4,13.991,8.089,36.573843374634095,23.56410131199233
mp-2654140,CaSn2O5,122.592,44.726,149.38695505974428,82.52989151193705
mp-27360,ReBiO4,136.128,63.278,215.19608594692792,99.12140985822876
mp-27388,Ba(SiNi)2,62.603,37.793,89.1466395676295,48.84546019332235
mp-27768,Co(BW)3,331.967,203.68,374.1912246313176,222.16108784641355
mp-27769,V3AsC,190.279,76.549,238.73505857539547,112.75199647964692
mp-28232,MgTi2O5,162.509,72.047,207.95786728156287,107.9955900746924
mp-29111,Al2Fe3Si4,173.637,105.494,201.16451833039565,123.59797761142084
mp-29175,Ca2AuN,59.67,26.965,73.6621093374347,39.39915408641534
mp-29658,ZrNiH3,166.689,69.397,179.12291033528197,85.3385531164061
mp-29736,YAlGe,81.107,56.76,90.2377592478928,58.25122998408858
mp-3034,MgAl2Cu,76.205,48.745,88.99328929320589,49.5179990585087
mp-3047,MgGeO3,161.312,45.242,214.0397481733073,134.5652769454483
mp-30598,SrCuSn2,47.714,24.239,55.08278973199232,30.85251980642279
mp-30750,CeAl4Ni,89.025,64.291,102.11853207419657,71.5266860474579
mp-31080,YAlSi,87.972,63.155,99.05828966399795,66.73586981282497
mp-31182,ErAl2Ni,93.639,57.442,111.64562351006346,63.621590462106205
mp-3128,ErCoSi2,124.346,59.572,149.00508426965928,75.90381065136924
mp-31368,KClO2,17.963,7.959,38.69062356446387,19.396336086492937
mp-3143,Na2SO4,42.966,23.265,119.69024078502542,76.23784513676644
mp-3521,NaBF4,28.014,12.385,95.06273171889616,51.360002609776814
mp-3602,YAl4Ni,92.48,59.11,102.60083079577824,69.47158697199151
mp-3982,KCuO2,34.178,17.182,54.50215711954295,31.45617998798571
mp-4009,BaPdS2,39.963,12.375,67.06580984831187,34.49177884229498
mp-4171,DySi2Ni,111.364,66.451,141.10727556832376,85.30070703646591
mp-4196,NdFeSi2,113.322,81.325,131.71758944312916,88.44735380558993
mp-4243,CaIrO3,154.842,70.601,218.95406346535157,106.10929647346804
mp-4253,V(CrC)2,292.334,44.953,338.17696824837657,183.7793443704548
mp-4283,LaSi2Pt,117.105,61.786,134.02699932890113,69.16765677335424
mp-4288,TbNiGe2,95.826,42.414,115.56063278478064,60.35965193644034
mp-4391,MgSiO3,199.288,108.878,258.7323883653741,180.80773382536572
mp-4406,CaSO4,64.243,31.298,151.26030374363006,90.19379833189224
mp-4472,BMo2C,316.049,172.69,369.53604139731175,190.99583340617824
mp-4673,SrHfO3,154.945,91.224,191.26262846479932,114.85357729264588
mp-4699,NaTaO3,127.767,47.441,229.7904307249351,129.44026851312023
mp-4784,CaPtO3,147.319,68.474,197.8902003182464,104.83495249009836
mp-4930,TiAl2O5,184.787,94.223,232.35224053262385,135.81612153229992
mp-4969,TbCoSi2,125.927,61.752,142.7331167644659,74.28745929770594
mp-510086,Ca2InN,44.387,30.063,61.4346732123968,37.34527807332045
mp-5150,HoSi2Ni,128.804,66.265,142.185483340854,85.45935901886354
mp-5170,NdCoSi2,119.87,62.859,131.13547387863173,68.96894576589887
mp-5215,NdNiGe2,100.569,47.553,108.3979112901706,60.256384216814624
mp-541037,CsCuO,13.66,6.941,39.20292457485357,16.311901969123955
mp-548658,RbPO3,23.454,14.52,91.72780013613136,56.366487053061086
mp-5493,PrSi2Ni,106.474,68.41,125.107268521196,78.53046555185195
mp-553310,CsCuO2,29.967,12.092,45.62173142583581,23.76847687355611
mp-567229,LuAlSi,93.387,65.957,106.7816196118094,71.21047421584453
mp-569385,DyAl2Ni,92.155,55.971,109.14893591605016,61.11048481144691
mp-570303,KTmI3,17.864,7.948,29.13534478121641,14.088681346061906
mp-571506,TmAlSi,92.341,65.876,104.76159343528018,70.18380249683588
mp-574599,CsAuSe,10.009,4.7620000000000005,27.65517691138874,9.027417832535471
mp-5787,SrCuO2,86.243,41.969,107.00876904732174,55.61170868291871
mp-5821,TaAgS3,82.882,36.596,122.76833160416712,60.55321118307923
mp-5839,TiPO4,102.75,63.424,209.32565179647952,133.40128914247148
mp-643718,BaMgH4,36.372,28.352,44.7048605279868,34.95280106994692
mp-7077,KAuS,13.02,6.053,37.13446789616794,14.604127317531916
mp-7276,ScUS3,79.572,39.135,94.47087168308992,54.539108018729515
mp-7472,RbAuO2,28.089,12.606,47.33013985792896,26.82009265492045
mp-753490,TiCuGe,127.282,71.103,148.27739332552233,74.78045290746955
mp-754358,ZnSeO4,63.922,30.51,151.18921566458934,75.37360909294526
mp-755646,LiCuO,28.615,17.231,86.13964511848164,38.91113379890329
mp-755920,Ti3NO4,183.115,75.836,236.11990171109747,115.7217107297888
mp-7572,MgSO4,72.292,48.378,175.38797657422452,117.03003171792508
mp-7574,AlBMo,211.148,134.6,247.75588147555672,167.6237993682186
mp-758302,LiAgF2,54.712,112.431,60.96665310448032,20.03005212902252
mp-761036,CdSeO4,52.257,20.744,128.17437789188247,64.41093122384659
mp-7639,Na2CuP,34.554,20.74,47.927074275390375,24.736681360530497
mp-7643,K2AgSb,17.264,9.354,23.80262838613077,11.745463022069693
mp-8215,LaYbS3,54.948,19.623,85.53201792514896,47.11949570117828
mp-8446,K2CuP,21.887,10.978,33.434657113059544,15.508415619747083
mp-8459,CdSO4,62.326,26.036,148.90024701297293,85.20872775043792
mp-862750,SrNiSn2,57.57,27.429,65.68727910282504,36.35185842297198
mp-863757,K2SbAu,16.33,8.023,26.51029519096732,11.295507718693427
mp-8670,Ca3CrN3,85.654,51.84,120.96220232503312,71.0504425683631
mp-8742,DyCoSi2,127.501,61.207,143.71650928444703,74.41631402426484
mp-8911,CuAgS,46.958,15.031,80.25895853199525,31.653049507421112
mp-9010,RbAuS,12.48,6.133,34.44120579435298,13.135432450160469
mp-9029,Ca3VN3,87.062,50.486,122.81932830465972,71.60970845953817
mp-9172,Li4TiO4,79.937,43.617,122.97218206449377,69.57641430951492
mp-9527,NdMnSi2,106.828,74.2,129.2937062817993,85.57204875625756
mp-9672,K2NiP2,20.879,13.474,49.38393980320421,24.682468864342376
mp-9687,K2PAu,21.569,9.22,34.68260871552443,14.134823410875264
mp-972406,YbSi2Ni,94.349,57.765,145.1403616504858,86.33753152326166
mp-9731,RbAuSe,10.503,5.168,30.8615518845916,11.168630193755574
mp-973633,LuSi2Ni,128.819,63.787,146.7774573660991,85.75410134140962
mp-9768,BaSb2Pd,54.789,21.62,64.77845162015772,27.021004022190645
mp-9778,K2AgP,22.143,11.106,30.43865575803129,14.452992670594298
mp-980760,SmNiGe2,99.958,44.624,110.31375655297468,60.01915324242648
mp-982511,HoGa2Pd,97.878,48.755,111.054927945933,55.31952822292116
mp-9881,KAuSe,13.45,5.715,33.57777956920221,12.159940705051676
mp-989554,LaMnN3,135.546,49.111,184.05449553303657,73.59301152418048
mp-989609,YWN3,144.802,69.624,223.78736734785497,112.85348754541648
mp-996979,BaAgO2,67.271,27.745,80.92399721261053,37.37731275298626
mp-997024,CsAuO2,25.856,10.8,42.74613409198345,23.350327211902705
mp-997034,BaCuO2,76.627,34.529,95.19419952388608,46.041779960869135
mp-997041,NaCuO2,48.702,22.051,73.78130716650266,39.37020895402963
mp-9985,NbNiB,230.082,138.977,269.6170250709459,163.9904466558211
mp-997004,CaAgO2,97.491,51.187,124.44740646346318,52.35534075909055
mp-997031,MgCuO2,136.108,63.634,182.97544173357204,86.07988241392452
mp-615141,Pb(ClO2)2,16.556,9.506,70.79093976185558,32.9079509074272
mp-29541,GaTeI7,5.463,2.9619999999999997,21.861251737382627,12.173972651719192
mp-675009,Y4CuTe8,48.972,11.154,63.76814284331288,33.349895121686906
mp-1012551,BaBrCl,29.178,12.482,33.43028696127552,15.354455582093374
mp-10240,ScNiP,147.371,92.423,167.925098812381,102.47079167550018
mp-1029251,LiRuN,104.541,58.104,206.96164943247717,101.61462611526758
mp-1029336,KZnN,36.495,12.387,48.83441517910202,26.88290052031096
mp-1029420,RbCoN,39.714,18.619,72.15408009358559,35.76803905357747
mp-1029444,KCoN,43.832,33.031,77.08761055018738,39.77906924557058
mp-1029466,NaNiN,60.312,29.1,88.54210190650515,49.29359858041349
mp-1029491,CsCoN,24.172,11.342,64.96572992014018,29.66742974126768
mp-1029536,MgZrN2,149.501,69.353,190.2011050270602,110.9068420658694
mp-1029605,Na2MnN2,44.14,22.139,86.75201508469574,43.49855873050011
mp-1029702,MgTiN2,161.671,77.978,207.43277485677305,121.89834119341202
mp-1029834,HfMgN2,157.33,75.632,201.76881605867067,122.51104034288504
mp-1029903,LiNbN2,110.992,59.002,210.4488125773902,104.97645312744888
mp-10456,HfSiPt,192.495,100.864,221.18196540271296,114.12384954008004
mp-10457,HfSiPd,169.282,93.146,190.49138891680556,100.57695562517846
mp-10469,NbSiPt,215.103,82.355,252.63375387507324,111.77426749440323
mp-10470,NbSiRh,221.086,113.62,252.5693156434563,131.4842802705039
mp-1102762,SmAsS,79.756,52.875,90.47806418146476,57.2764125040491
mp-1105765,NaNbO3,111.184,84.477,206.35906685726343,111.64043107324233
mp-11649,Ca3SiO,58.542,46.042,67.57903367839997,52.685131760375285
mp-12480,ScPPt,149.536,69.61,178.67838071145383,84.21859865972847
mp-12613,LaNiSn,73.286,31.135,88.80923660076503,43.18934132955921
mp-1340758,YCuO3,118.951,56.266,183.03852358213263,85.47291788284964
mp-1345518,CaTi2O4,155.411,86.945,202.48445185225987,103.0780383931638
mp-13459,NaCdSb,32.293,13.704,38.70404497830691,16.169228103533108
mp-13472,HfSiRh,189.725,98.602,212.23685143588273,112.79049171714564
mp-13916,LiCaSi2,47.84,36.127,56.167945692506485,46.18261293648474
mp-15236,CrSbSe3,31.363,19.498,73.89226106223299,41.1422092801512
mp-15641,CaMgGe,46.805,37.809,51.432717956175395,41.84670230981218
mp-15642,SrMgSi,43.089,33.218,48.23984304877424,38.15588564510104
mp-15643,SrMgGe,39.991,31.634,44.77153803702793,35.42068887920716
mp-16253,BaCaSi,31.094,18.718,35.26876739166748,23.97036541574012
mp-16356,TiNiGe,158.126,83.324,180.34537951031928,105.02299122884038
mp-16646,PrMgRh,72.105,27.733,80.48668999732344,32.74660633445932
mp-16919,Y2HfS5,85.427,45.222,108.72492943491092,59.41814091930293
mp-17275,SrY2O4,112.287,62.641,141.9046387117213,83.31615070687998
mp-17546,Cs2RuO4,18.521,7.793,71.72960841753022,34.8185425325388
mp-17612,Ba2SiO4,71.162,30.552,120.54577032556128,72.67368220737887
mp-18300,Ca3AlSb3,37.606,23.128,46.68541753007658,31.111109066686357
mp-18513,Ba2MnSe3,35.573,19.958,45.5412129501667,26.28098399998881
mp-19727,PbCN2,22.297,6.787,91.1085637385954,51.41523200374391
mp-19728,YSiRh,124.598,62.797,148.17032555674177,72.78572645791935
mp-19809,MnCoSi,160.562,85.796,271.20094921073223,114.76232972754464
mp-19893,PbCO3,57.971,21.437,105.9288115595524,56.58502010709599
mp-19967,LuMnSi,103.621,55.573,141.23465291357817,73.56072551884137
mp-20001,SrSnPt,69.787,28.578,81.32262591337026,32.349606949854106
mp-20007,MnNiGe,142.033,60.689,264.28043864021475,78.15975579933057
mp-20043,ErGeRh,122.853,56.481,144.65129118561063,69.8144387459407
mp-20059,ZrMnGe,81.216,68.296,166.720192981776,99.86025379198338
mp-20083,ScCuSi,110.432,61.217,127.77657879415678,81.99057777488218
mp-20144,NbCrP,214.246,115.435,240.4494893911844,115.10859953477286
mp-20147,ZrMnP,174.291,111.101,198.32579793784495,122.2621844095046
mp-2015815,PCl3O,2.568,68.257,46.78406752617177,24.997793290485177
mp-20192,HfMnSi,163.306,85.586,213.7909818202608,114.6978142589842
mp-20203,MnCuP,104.956,25.421,129.2891766301857,58.735480485127
mp-20249,MnCoP,201.268,108.089,230.94781112585864,114.05547944690258
mp-20255,TiCuSi,147.728,77.37,167.91283273630555,103.0962628098618
mp-20268,TiGePd,150.678,68.935,172.307479384559,82.36030948101117
mp-20281,DySiIr,146.12,72.446,172.60759488512696,88.2789182401961
mp-20335,MnNbP,227.683,277.419,242.11579939234085,127.20757386174124
mp-20395,VAsRh,183.377,76.499,202.33287468825552,94.31153699192778
mp-20436,TaSiRh,234.349,118.177,268.44433098661807,137.63639196950842
mp-20489,SrPbO3,105.376,50.244,119.2122511571448,62.44018156037874
mp-20490,NdNiSn,82.249,33.482,94.53736971597677,45.74338869009365
mp-20492,ScSiRh,147.712,73.9,173.75672180595322,90.69734018504892
mp-20525,CuSO4,63.477,28.551,169.99196117201902,106.49745629653204
mp-20557,YSiNi,104.111,62.677,127.8171271752228,67.72849183174718
mp-20697,ZrNiSb,133.345,55.766,153.09963704812756,78.21516059244955
mp-20733,ErSiIr,151.348,78.089,178.1820217473836,93.33263788187902
mp-20777,SmCoGe,100.361,52.148,120.01011482330333,61.11737681371507
mp-20892,ZrFeP,195.86,119.784,215.73920180977163,140.0035907948248
mp-20932,NbNiP,215.347,97.397,249.4872295033732,110.12297916275249
mp-20949,MnSiNi,162.799,86.46,259.7997448503076,99.3781060338692
mp-21003,Y2ReC2,122.595,74.404,176.83821427637483,96.39138019960696
mp-21069,YSiRu,131.731,50.299,153.67102951083876,65.863862905222
mp-21157,TmNiGe,108.787,61.869,126.4946218177513,68.60306627482231
mp-21248,NbSiIr,244.124,121.83,277.0177322418479,145.5089306490581
mp-21286,MnCoGe,145.917,63.269,268.76337420028545,92.22366330167368
mp-21306,TiCoSi,185.534,100.664,208.9000329970323,129.6811333929386
mp-21316,TaSiIr,258.184,125.054,293.34532322340726,150.014367661384
mp-21336,TaFeP,254.448,143.287,298.0088919516164,166.66072036104666
mp-21340,HfGePt,176.04,79.095,203.96546440630777,95.01626868447488
mp-21347,CoBMo,299.575,177.92,345.14606060280454,181.91026584426055
mp-21371,VCoSi,216.773,113.415,238.6545910051911,141.3331580257776
mp-21449,NbCoP,233.807,118.544,268.3701054639612,141.41407372823772
mp-21455,EuAlO3,177.251,105.877,205.19243886548512,123.9074304098818
mp-21464,CoReB,352.135,122.896,395.41231655539974,163.75372612251826
mp-21490,CeSnPd,77.982,32.062,93.57847130746676,42.81494936128524
mp-21495,CrFeP,238.171,144.123,241.99148230570916,155.4317960937464
mp-21609,SrCuN,67.221,34.378,89.9738512199546,44.51862550341078
mp-21851,MnSiIr,163.928,77.404,305.05374009185203,106.44764811997324
mp-22036,ZrSbPd,129.477,35.872,149.8537706694469,63.31170731304951
mp-22174,Zr3NiSb7,88.746,53.506,105.7868657144624,61.4677970348179
mp-22206,TbCoSi,110.589,62.194,135.8337110917766,74.07842874987313
mp-22212,NaSbO3,128.735,94.186,171.37664077641043,115.56445952798646
mp-22220,LaLuO3,146.049,71.956,164.7470642348979,88.9040513538413
mp-22227,ZrMnSi,146.187,81.493,207.4067742330566,107.98206434944616
mp-22258,HfSiMo,188.59,103.44,209.8938364950837,134.41754357655935
mp-22262,CoMoP,244.767,123.348,298.764773435185,141.34357619103542
mp-22268,ZrPRu,208.218,108.505,231.42887349240587,125.11147954169822
mp-22275,YSnPt,108.198,41.035,122.36011769689613,56.04205294347046
mp-22284,SrInPt,62.337,26.962,71.70097056049427,28.14680640598569
mp-22287,NbGeIr,223.174,94.126,257.340870170246,121.24990606318713
mp-22302,ZrVP,177.538,107.666,194.18710338195137,134.94345028142658
mp-22307,ScSi2Rh,140.355,85.12,173.8403007078618,101.87869844962805
mp-22390,SrRuO3,166.165,71.269,188.85653676952217,84.31744218805063
mp-22414,CuSeO3,27.12,28.384,144.9429605825125,67.6203624022937
mp-22426,ScSiNi,134.315,71.704,152.96984461266294,81.91414233516358
mp-22428,SrCeO3,113.27,51.662,133.23115395668356,61.59818757736443
mp-22434,HfFeP,216.434,126.335,231.68909327375937,147.48503953854507
mp-22440,LuSiIr,158.407,84.508,187.05762468487444,100.10701484614592
mp-22489,HfCuSi,153.001,87.244,170.98775199384212,102.26460665470276
mp-22522,ZrCuSi,145.249,85.05,162.46941500007247,99.16905191585884
mp-22546,CoAsRh,195.109,63.555,227.82542522528615,79.37766739902627
mp-22565,MnSiRh,154.446,70.41,281.283996314298,91.74705636472692
mp-22617,YNiSn,88.056,43.823,103.5747404241431,56.0111774024539
mp-22636,TaNiGe,196.746,73.151,228.85559537587304,116.3085508523262
mp-22637,HfNbP,179.549,100.086,198.04524771291153,126.80829181814912
mp-22670,HoGeRh,120.656,55.178,142.58146701813936,67.80116412820593
mp-22701,ScFeSi,126.32,60.573,164.122308739658,80.82109358947784
mp-22722,NbSiPd,194.818,82.78,224.94643098388735,106.6402275417514
mp-22759,CoBW,325.769,195.015,372.3319279146291,201.90771752817665
mp-22801,LuSiRh,137.113,70.8,162.89894854106743,82.79890023529215
mp-22971,SbSBr,7.311,3.768,49.21073245348701,27.895198689481063
mp-22982,CuBiS2,49.799,22.669,78.23094596132164,37.82960537246817
mp-22996,SbSeI,7.09,5.167,41.544967877261065,24.4766984599365
mp-23013,U(ClO)2,24.898,15.1,94.1582911110254,37.57714188677261
mp-23041,SbSI,6.858,45.967,44.820789198803986,25.9661453900544
mp-23514,BiSI,7.175,20.538,45.114886297326585,24.176262222787845
mp-23526,KClO4,16.231,8.709,88.11903058169129,60.79179367749529
mp-24290,HS7N,1.828,0.961,46.2997961493885,25.552946688207943
mp-2719342,Ca2SiO4,99.117,45.967,147.6792157371073,90.35368352044436
mp-27381,CsSnI3,9.875,4.784,18.091820643788147,9.075025158912489
mp-27425,Sr(HO)2,41.76,25.359,85.79468274045601,47.4360277901198
mp-27865,KMgCl3,31.053,15.706,37.14092018389627,20.03729542363215
mp-28024,YSiPd2,126.394,50.1,143.05349708533836,61.79470553985056
mp-28049,BaBrCl,15.233,5.971,30.094698352092458,13.3361146209805
mp-28270,KCuS,16.721,5.768,31.81966931953747,14.868246704099656
mp-2878,Li3PO4,70.849,42.146,142.19260149167383,100.49155990949475
mp-2879,SrSnO3,137.515,74.953,156.61667293682086,91.00136827892749
mp-2892,BaNd2O4,97.689,48.593,125.70465621438784,66.59574661185486
mp-2895,Mg2SiO4,119.124,74.609,178.97322557937323,121.39232610555328
mp-29356,NaTi2O4,143.935,77.985,205.29666995266825,107.4708116565346
mp-29374,KGaSb4,21.147,13.849,39.722716821122,26.62310624609415
mp-29476,Cu3SbSe3,51.967,17.901,74.03189953406914,33.711610886426264
mp-2955,NaMgF3,69.146,41.752,86.46061341540371,50.34133507594994
mp-30057,LiCN,23.889,8.104,50.50140912685226,24.19303810880987
mp-30156,LiMgN,96.016,79.534,108.12304973311744,90.83029420579686
mp-30206,CsClO4,12.446,5.747,69.33684273299798,47.88474132098319
mp-30209,LiBH4,15.533,7.936,54.70681180338988,43.162819033631195
mp-30301,LiClO4,30.023,18.037,119.13720172954844,89.19711637935885
mp-3031,BaSi2O5,58.4,34.2,140.26825868907167,89.93246701786761
mp-3032,RbBF4,16.78,8.554,72.1348506373298,40.93562702303043
mp-30437,CaSnPd,66.403,24.277,77.51311700794318,31.146810364483375
mp-30528,MnTlCl3,34.135,12.796,39.69006511282193,16.804376727688457
mp-3081,BeAl2O4,214.562,147.365,244.09427367368076,171.89057171910815
mp-3102,TaCuS3,39.914,25.486,117.06227702322772,62.61395687695992
mp-31116,LaScO3,153.924,79.013,176.61354370457818,94.51636500122731
mp-31118,SmScO3,162.11,81.837,185.17449082004111,102.4643567510746
mp-31119,TbScO3,163.461,82.231,189.1046795090819,105.56589997306035
mp-31120,DyScO3,164.678,82.262,189.84756602324217,106.23856398143155
mp-31152,CaGaPt,81.877,24.132,92.4661707392588,30.99351236874937
mp-31153,CaGePt,89.711,35.644,102.26709212696154,38.82146099833134
mp-31468,LiCaN,69.668,40.787,76.40456961903378,47.76211151606136
mp-3164,BaSO4,51.775,20.306,128.62892654914933,82.7312806142059
mp-3196,NdGaO3,161.789,76.582,199.64227768360507,96.63104295757395
mp-3204,YbSnPd,69.65,25.619,110.09353823740756,49.07103781023622
mp-3372,Rb2SO4,25.157,13.378,84.85059425216656,56.89374185047561
mp-3378,SrHfO3,155.349,92.483,185.4212496983549,110.91325562356133
mp-3472,PbSO4,38.265,20.584,142.143235742256,84.25749168179983
mp-3733,BeTl2F4,24.832,8.47,52.82856573919163,24.447768870294016
mp-3792,YAlO3,190.06,111.803,222.30761158213505,132.77790068608607
mp-3795,NaZnF3,68.824,30.263,91.2377680203662,37.968710828284586
mp-3822,SrCO3,60.547,29.338,108.94329433829633,67.88248875416066
mp-3917,Cd2GeO4,99.731,33.82,137.44674632311808,63.72239701913874
mp-3952,BaY2O4,113.773,59.353,135.49795519233393,75.60487194153173
mp-3991,UMoC2,255.507,145.732,293.5364052336989,151.93533618635058
mp-4019,CaTiO3,172.274,102.365,202.39299208778317,120.56129589309091
mp-4054,YAl3Ni,96.501,59.711,107.65265102005668,71.88794441911782
mp-4056,CaSc2O4,144.156,82.699,175.53101440701593,105.97940128354728
mp-4112,Tl2SO4,23.802,8.835,86.34105667885153,50.44463234080294
mp-4192,Ca3AsN,59.9,45.452,67.36358818552313,51.283542828250354
mp-4308,PrAgAs2,74.255,42.754,87.24313210324988,48.11815417914363
mp-4355,YTiO3,184.267,77.988,211.4142185941888,97.66845459659557
mp-4387,SrZrO3,145.804,82.978,173.723906699109,100.79140729742537
mp-4438,CaSnO3,143.373,77.611,165.54434613048596,93.49405870424256
mp-4468,CuSbS2,46.586,26.263,80.59521317937465,41.78479449404704
mp-4471,ScAlO3,205.767,116.509,239.45719687657896,140.50573045550172
mp-4481,Ca2SiO4,89.257,49.717,136.63832099487425,88.366111024775
mp-4499,MgAlSi,67.736,39.357,77.6081090641714,32.431041423197044
mp-4500,ZrNbP,173.675,100.233,189.5346482422824,122.23726135341474
mp-4529,K2SO4,28.688,16.186,95.66270579419634,63.50672829162039
mp-4571,CaZrO3,149.043,85.19,183.3301889753729,105.14025179438195
mp-4626,CaCO3,71.259,33.183,129.22767170923044,76.66828633232451
mp-4789,PrRhO3,178.185,61.536,213.09866016857336,95.22361878372084
mp-4864,CaMgSn,40.739,28.662,45.58218152251465,32.66313876974742
mp-4934,Al2SiO5,176.285,183.311,217.32535551432392,135.99272265019778
mp-5014,CuAgS,43.849,16.322,83.2052864274825,31.173670677849795
mp-504935,K2PbO3,38.231,19.096,66.68273655018525,34.076986384400406
mp-505206,Ta3SiTe6,20.916,15.495,92.3333268229038,58.35444691206569
mp-505282,CeGeRh,109.376,29.558,126.56358985167692,41.87378865455254
mp-505540,TiAsRh,176.642,76.463,210.3097261664909,99.06499883637628
mp-5056,Mn2SiS4,57.588,26.202,81.03528660028356,42.19949879740016
mp-505782,Cs2SO4,21.231,10.568,73.4646878435421,48.370882991963704
mp-505822,TiSiRu,189.963,75.142,220.04163916685135,113.0115872641606
mp-510152,DyNiSn,22.797,5.475,105.66396773495616,54.88346196916616
mp-510409,TiSiNi,176.474,104.824,196.88157927048243,121.2070904730842
mp-5126,ZnSO4,71.11,32.925,174.86132647279058,109.76593175174996
mp-5158,KNO3,17.312,8.418,55.670786080315615,34.16545330012536
mp-5163,LaRhO3,173.36,58.779,205.8784735397215,88.62505448372255
mp-5186,ScNiSn,93.391,38.313,117.21999691245423,62.864542729240085
mp-5193,SrZrS3,69.284,36.069,83.99426510486678,48.520137498005475
mp-5223,GdAlO3,184.501,108.981,217.55584326664697,130.71875552309848
mp-5251,Ca4CN4,66.517,33.929,98.68418059765608,58.835435021697265
mp-5285,SrSO4,60.595,25.048,145.98595236618362,93.81662709774604
mp-5305,CuAsS,66.107,30.222,80.69479788424712,43.91302972667185
mp-540771,BaZrS3,69.975,33.616,80.04957847990072,45.72975796983096
mp-540839,CsPbI3,9.811,4.607,17.87982814988538,8.797228531859156
mp-542172,YbMgGe,48.382,40.06,75.19519027406879,48.3605484828408
mp-5473,CaMgSi,50.491,40.749,54.49065094043751,44.4109473111973
mp-5504,BaCO3,51.872,21.914,89.63665528072222,55.864271607515136
mp-553939,CaCO3,72.622,29.508,127.9479736668353,80.27099655978633
mp-556075,SrDy2O4,113.78,63.877,146.46499859541723,86.31914506332238
mp-556084,KClO3,15.73,8.247,63.592729181447055,40.672397469521506
mp-557753,K3PO4,36.838,19.669,83.16275058828745,50.559900071450286
mp-560445,SrEr2O4,120.303,68.24,150.0882551004198,90.1532241737636
mp-5637,SrZnO2,92.231,50.077,115.78881467992228,64.14792719564652
mp-567601,Sr4CN4,52.92,25.037,78.42499971111877,44.653665216546784
mp-567681,CsPbBr3,11.602,5.511,21.87555707668454,10.033673344588715
mp-568424,CaAlAu,66.363,29.879,75.93902790409226,32.01312436868104
mp-5690,GdScO3,162.616,80.921,183.98835305927463,100.98504754281218
mp-5692,TbRhO3,185.684,68.207,228.23244619368592,106.69355873416664
mp-569267,Ca2CdSb2,28.687,19.747,43.97015955127798,29.5353148989576
mp-569511,NiTePd,120.245,37.576,137.58033328470103,47.18369190042426
mp-569628,CaCdAu,53.32,22.156,58.74997091994977,22.94374225802239
mp-570689,CaInPt,72.999,28.849,82.78793000255432,31.85513042368457
mp-571440,K2CuBr3,15.253,7.497,23.482354812349993,11.485214714498149
mp-5788,NaUO3,83.733,53.954,163.95122883593166,70.03729402350636
mp-5900,Ba2ZrF8,48.085,23.193,99.00532752981368,42.800391953953486
mp-5915,TlNO3,21.657,8.29,91.21568119589216,48.150661837826085
mp-620571,CaInPd,60.927,22.758,69.04040397523913,26.561854807825668
mp-625152,AlHO2,144.446,113.213,224.2845594758479,154.0017971935604
mp-672645,TiSiRh,187.886,89.044,213.5926209740801,110.69043298414834
mp-695998,K2ZnH4,16.778,11.148,27.859761426790516,21.440413196320268
mp-7066,ScNiGe,124.163,63.254,140.21128351846698,75.19926296874675
mp-7352,MgCuP,91.308,48.485,109.44687860308098,55.81275695518679
mp-7405,SmAlO3,179.771,110.879,225.1959244667761,135.66907740351365
mp-7427,Ba(ZnAs)2,51.414,28.814,59.256694634216,36.47750300486516
mp-753360,BiOF,44.218,27.419,129.37375307576002,55.52706692210127
mp-753508,LiCuS,38.109,15.988,53.43991083027256,33.53431429374343
mp-753605,LiCuS,26.248,16.527,57.93467100726192,27.58864283422079
mp-753656,SbOF,19.518,13.074,109.40243970207224,51.18845903065269
mp-756630,DyAlO3,191.925,113.32,230.6800280266613,136.51019543575163
mp-770771,SrSc2O4,141.067,81.465,167.36606741982462,99.45918370744344
mp-777413,CeScO3,160.352,87.319,173.7121449309513,91.15662733854376
mp-7781,CaZrS3,68.832,36.572,88.8291285893781,51.37816420339936
mp-7899,BaCdO2,78.484,36.031,95.14449215528522,42.73848755279007
mp-8418,ZrCoP,199.308,115.332,215.8560501171684,132.99386280975204
mp-8487,CaSbPt,81.669,35.587,95.50759056483471,46.18875733373552
mp-861738,CaMgPb,36.51,25.863,41.40135430086989,28.05379113590032
mp-864645,YbSiPt2,128.857,47.427,185.5119547240607,77.22131880702213
mp-8754,NaLiTe,24.832,15.62,27.17531383280455,18.230155117946055
mp-8983,CaSiPt,102.152,40.756,116.77105827009056,44.12747803249417
mp-9225,ScSiPt,149.146,61.333,172.2221031458347,77.54662413439307
mp-9440,YbAgSb,53.668,25.323,82.34143456292621,33.428802869733225
mp-973217,SbSI,6.279,1.942,41.3859317267882,23.67862872684296
mp-9801,HfCoAs,177.383,92.377,206.4450818986031,111.92513127237574
mp-984714,AgAsS,46.738,14.032,60.64884229664727,28.679484592459204
mp-985583,Li3PS4,22.427,11.673,55.08947953261394,35.39589756491578
mp-11694,Cs2Pd3Se4,15.031,5.749,52.48800279280954,24.424219880951455
mp-11695,Rb2Pd3S4,18.72,7.235,64.90836515290982,30.28382060068328
mp-13992,Cs2Pt3S4,20.277,6.76,71.70736690293498,32.37688117462368
mp-14336,Cs2Ni3Se4,13.155,4.317,53.01610082819946,27.127989008627186
mp-14338,Cs2Pt3Se4,15.169,6.519,63.26588526414956,27.878933656100894
mp-29752,NiGePt2,195.587,57.888,234.65113071791868,74.72864011015636
mp-4030,Rb2Pt3S4,22.197,8.082,77.51746852944663,34.21387168178746
mp-510268,Cs2Pd3S4,18.92,6.469,59.86498305758194,28.3063098488217
mp-8895,Ca2B4Rh5,156.278,81.829,194.22800669959048,99.20335460293252
mp-8896,Sr2B4Rh5,146.854,79.667,182.15372412082348,93.18673177857828
mp-15999,Li3AuS2,40.186,20.397,51.982082471888106,26.642237019653056
mp-20618,Y2Co3Si5,142.289,61.852,158.66942304260118,95.3017142410927
mp-27227,LiAg3O2,66.519,19.457,95.4993259628088,27.654282738865753
mp-2884,Cs2Mn3S4,24.479,11.784,30.652693686216203,20.85831892227348
mp-3527,Na3AgO2,50.007,27.831,60.240115893781535,32.073045292526864
mp-5122,Na3AlP2,28.353,15.648,44.78728852888018,27.351542233760757
mp-561830,Cs2CoS2,17.491,5.807,29.894489241489428,15.477969331105824
mp-6960,Rb2SiAs2,17.864,9.887,34.59897764647627,21.96688309972204
mp-754352,Na3CuO2,50.896,26.427,65.11424541789776,36.68184555317928
mp-8187,K2ZnO2,42.145,9.082,62.95531681084753,31.511887542441293
mp-8543,Na3AlAs2,23.337,12.749,39.01614728708037,22.87637864897086
mp-8932,Cs2SiP2,15.288,8.595,36.03310566404021,22.530469680259664
mp-13109,SrHfO3,157.502,87.118,184.52323247380784,109.69499604517104
mp-13475,CeSi2Ir3,195.504,103.095,225.56802359424628,109.92328039301346
mp-2923,Ca2Os2O7,157.29,79.679,208.9144027806532,98.37955507147734
mp-5391,Mg2SiO4,156.143,102.589,200.24963390420953,137.48279255128304
mp-5392,Mg2SiO4,111.352,65.679,176.54290073479828,118.29955734700596
mp-568803,Mg(B6C)2,228.181,213.484,270.93822865356503,270.2729998314573
mp-675464,CdIn2O4,132.026,41.566,146.4309366155289,66.06754376897396
mp-8204,LiAlB14,194.262,188.166,239.59090317817143,235.05893702322817
mp-8535,ErSi2Rh3,171.529,93.249,201.2294121373805,104.36478035058812
mp-1190619,Ca(BH4)2,19.985,4.36,60.1527008746064,46.98820032264729
mp-14622,Y(BIr)2,197.034,43.85,228.21152575685832,90.96253719479104
mp-23850,NaH2N,13.017,10.054,50.26419021609681,32.33325724167068
mp-27175,InOF,135.341,57.034,150.22164500048635,70.62306337747152
mp-3348,LiBIr,163.719,69.518,188.28912399525413,87.04245141103759
mp-4770,Na2SO4,42.716,21.97,115.33544653969354,76.52582541363385
mp-5141,Na2SeO4,37.641,21.775,97.9999252675204,59.030806615130444
mp-5625,Ag2SO4,48.044,11.243,114.06705192069823,55.0480791422483
mp-6939,Sr(BIr)2,165.802,67.481,189.3074547744364,84.68671143783007
mp-754084,Cu2OF2,24.57,10.449,49.29370069045911,19.15853007553886
mp-8431,Ca(BRh)2,151.502,52.405,174.84360071535733,74.16273868676922
mp-853967,LiCuS,42.412,15.398,58.54124103989206,27.070196807137773
mp-10055,Co2B4Mo,312.139,184.439,336.26941910638055,188.52909877787485
mp-10076,Hf3(NiGe)4,157.766,87.552,181.52435778563577,97.14818760265744
mp-10244,Zr3(CuSi)4,148.032,84.654,168.2508559754349,96.76425067408672
mp-10245,Hf3(CuSi)4,155.079,84.106,172.66037646672464,96.01173552448437
mp-10247,U2CrN3,225.315,98.863,256.66590272070204,129.9980973235327
mp-1025183,Ho2B4C,165.827,135.007,191.0561887922973,147.53210337949872
mp-1025246,Er2B4C,167.373,137.312,193.13400810208776,149.78487891346523
mp-1025379,Tb2B4C,160.424,128.824,185.9520731580268,140.96439334453564
mp-10527,Y2AlSi2,84.925,53.174,94.38772800150932,70.74482261868347
mp-10528,Ho2AlSi2,88.264,54.353,99.40881484694368,72.26133025942865
mp-10669,Ba3(AlGe)2,33.114,21.056,37.59842369137064,26.71453847127027
mp-10670,Ca3(AlGe)2,45.848,34.119,52.56026878529737,39.27306350520896
mp-10671,Sr3(AlGe)2,40.325,29.986,45.12872858141556,34.396589442366334
mp-1087505,U(FeB3)2,201.105,194.582,294.0074826353881,214.2160559268919
mp-1101850,Ho3(CuSn)4,82.772,121.332,96.9208747550123,58.60861306794509
mp-11113,TiTeAs,77.175,60.194,105.22162516496566,67.74566528834738
mp-1220650,Nb4B20Mo11,303.254,195.691,331.1728106025412,209.54088164018864
mp-12414,K(USe3)2,36.136,22.025,63.21724874314695,32.840533759090434
mp-13431,Dy2AlCo2,82.859,30.594,104.8028237081008,39.076927505906234
mp-13535,Tb2ZnNi2,70.66,31.218,97.57114756559156,35.801358398336205
mp-1394400,YSnF5,55.059,20.038,75.47579874958724,26.61695900997711
mp-15722,Fe2B4Mo,322.925,169.103,331.65920487127613,199.00568969365972
mp-20054,TbGe2Pt,111.302,52.781,132.52710512930958,72.73628566564966
mp-20844,Dy3(CuSn)4,81.322,17.296,96.3634816444732,58.33780788762821
mp-22313,Na2PtO2,73.912,27.803,106.01136527273684,49.75975928550819
mp-27471,NbPS,139.088,72.998,159.30951151606936,87.39000252179719
mp-27562,Na2Pd3O4,94.869,34.888,138.7665301170372,63.63468578793494
mp-28683,Ta(ICl)2,3.984,2.594,48.407272091020424,26.89741874994575
mp-29025,Li5Br2N,26.516,16.903,33.528434647884325,23.488424235451536
mp-29133,OsCl2O,36.377,22.51,110.40815802227708,56.86279100667811
mp-29352,Ba2PdO3,86.049,44.286,107.00834557446451,50.06829166326367
mp-30472,Ca2GaCu2,53.652,25.146,56.303120453307606,27.024302928447625
mp-3155,Sc3FeC4,174.3,121.834,206.3627449252405,131.15873298376678
mp-38818,HfNbB4,268.54,221.748,288.31999840731874,244.60753331510685
mp-3923,Th2MnN3,197.985,101.138,190.59211571462424,110.7870973095085
mp-4359,Sr2PdO3,97.839,55.987,118.22230303832676,62.08435603261913
mp-4711,Li2CuO2,84.8,43.976,114.13389538739932,60.62803382914484
mp-4817,CeAl5Ni2,96.912,61.918,113.55939719979824,73.39043900945924
mp-5075,Sc3CoC4,177.226,121.093,213.11156343057624,133.94393123334328
mp-510076,Rb7Au5O2,14.598,7.755,21.12803773254043,11.203267659656364
mp-540584,K2PdO2,54.425,17.436,74.68610516743341,35.468080283173784
mp-5456,Sr2CuO3,96.649,53.877,117.1991941913195,62.449894241905206
mp-5495,Ag2PdO2,84.084,16.27,141.39588542763113,34.789758024152576
mp-556953,RbPS3,8.701,3.385,41.92902950212659,22.396781054496955
mp-568541,Dy2B4C,164.005,132.338,189.171307676068,144.54455370132624
mp-571420,Ba(NiP2)2,93.31,49.484,109.5106088623524,71.05989318269293
mp-5869,Ca2CuO3,112.399,61.191,131.5376743633198,70.11711819371033
mp-604516,Y2AlNi2,68.417,34.404,99.65928781203998,38.966021390250695
mp-7068,Sr3(AlSi)2,43.146,31.93,47.85145212583469,36.53539776402767
mp-7376,Sr3(AlSn)2,36.254,25.252,40.87599084542547,29.25489086755096
mp-7377,Ba3(AlSn)2,31.429,20.566,34.91124317839789,24.72939154287649
mp-7524,NbPSe,127.788,74.558,142.63012502633464,82.99452812923327
mp-755974,Na2CuO2,67.632,24.372,84.7936657283205,37.01463806009676
mp-7573,Co(BW)2,335.374,208.11,365.4184315590592,215.3528963938352
mp-7608,Li2PdO2,91.447,43.646,125.59692608193885,66.2272965399094
mp-768197,Li5SbS4,38.444,24.406,50.12934127911191,32.92574083785378
mp-7928,K2PtS2,35.048,17.968,52.79265108643087,26.27011367701841
mp-8249,TlPS3,10.753,5.047,48.87394123458333,25.09324814559444
mp-8267,KPS3,10.254,4.41,45.37618122895898,23.754628064741866
mp-8621,K2PtSe2,28.157,14.58,45.136761249956365,22.10906515470101
mp-8622,Rb2PtSe2,27.207,13.652,42.272756810904035,20.742521221556977
mp-8623,K2Te2Pt,22.506,10.459,36.9665589722499,16.92526115948946
mp-8790,Ba2CuO3,77.113,39.302,104.47700760744308,46.03925247571328
mp-882700,KTiF4,35.497,13.954,74.37496071488289,29.298850613450515
mp-8996,Sc3RuC4,182.544,108.952,215.2490372418172,129.695601994441
mp-9523,Rb(ThSe3)2,36.343,19.856,62.10876138012343,31.073535760153938
mp-9577,Ca3(AlSi)2,49.839,35.571,55.233794283743215,41.92329484005847
mp-9578,Ba3(AlSi)2,35.047,21.934,39.86602646229733,28.035148925453296
mp-975640,Pr3(CuSn)4,79.671,48.022,86.54715437384954,52.81783813351814
mp-997055,CuBiO2,73.064,21.79,112.55157447499252,47.2262936164761
mp-9999,Ni(BMo)2,308.058,179.014,330.17753475734474,202.18469388536505
mp-2051619,Cd(HO)2,57.133,21.765,112.22671856052642,49.658454051486494
mp-2458726,Zn2MoN3,148.381,59.017,202.8871294194647,94.92631636746005
mp-30461,BiPd2Pb,83.365,23.445,99.8053464829213,27.848714439656828
mp-34579,Na3HfF7,39.246,16.325,89.51236431310153,44.55959304431256
mp-34857,KNO2,14.294,8.844,40.55889204023924,21.43988310778999
mp-675755,TiCu3O4,79.739,26.249,149.07705383852124,67.30849725425475
mp-761034,Hf5N5O2,237.818,124.731,275.1256657037049,166.01481130783012
mp-773044,LiCuO2,57.048,22.461,96.97672797164032,48.83374777873519
mp-850251,Na2Ti9O19,125.464,20.715,206.63136517722916,105.09898885803604
mp-1181812,Ca(BH4)2,15.864,10.493,61.44313663040968,48.27220050905653
mp-560340,La2Pd2O5,128.177,49.329,166.7477024470223,75.30357867124675
mp-1025331,In2AgSe4,21.185,6.531,49.44200928593258,18.05786352338781
mp-10955,Sn(HgSe2)2,23.898,13.331,47.834141287220646,24.277857979032913
mp-13949,Cd(GaTe2)2,25.359,15.703,41.157424334569306,24.03453223935878
mp-15776,Zn(GaSe2)2,36.647,24.208,58.35362602271456,35.29024250601824
mp-15777,Zn(GaTe2)2,29.631,19.075,44.074462467413575,27.586696558156117
mp-16337,Ga2HgTe4,25.141,15.716,41.33060242578135,24.174949739131694
mp-19765,In2HgTe4,20.25,12.565,37.032533537069014,20.301076726238858
mp-20025,Mn(GaS2)2,38.003,22.73,68.98984314101354,36.07801195370815
mp-20261,Mn(GaSe2)2,32.669,19.199,59.05063104789632,30.60827567377016
mp-20731,In2HgSe4,23.239,13.929,47.210388458147285,24.403780738063848
mp-20790,InPS4,15.077,11.744,57.72542221922822,31.189374726844584
mp-20832,Zn(InTe2)2,23.091,14.549,39.24459495501137,22.797218341724054
mp-21374,Cd(InTe2)2,20.89,12.794,37.044276696307655,20.4089148525885
mp-22304,Cd(InSe2)2,23.569,14.371,47.539549579976686,24.69678019473721
mp-22607,Zn(InSe2)2,27.992,17.561,51.26726625840109,28.262150077879785
mp-23485,Ag2HgI4,10.806,5.389,24.722267589197145,9.394043436459462
mp-23702,LiH2N,28.876,21.892,78.86709988479252,57.20520275997105
mp-29403,GaCuI4,8.702,4.898,25.77495081782508,11.825177421319363
mp-3038,Al2HgSe4,31.433,19.26,55.924540504368025,30.40960325835171
mp-3159,Al2CdSe4,31.918,19.435,56.35838073907053,30.473361571383748
mp-3277,BAsO4,52.254,42.303,175.7384100971217,95.98828612876056
mp-3589,BPO4,59.735,60.977,219.0716319588244,126.76742108276363
mp-36592,Nd5AgSe8,60.875,28.881,78.22422156161298,41.109024662490704
mp-3772,Cd(GaSe2)2,31.353,18.984,53.76884672972713,29.965769553213217
mp-4152,Ga2CoS4,40.307,28.303,74.34908745923445,39.86527730399876
mp-4452,Cd(GaS2)2,36.683,22.088,64.78879944508641,34.52264714949347
mp-4730,Ga2HgSe4,30.818,18.665,53.37196409531586,29.74910869957418
mp-4809,Ga2HgS4,35.968,22.015,64.25169813157714,34.30712188291136
mp-5046,BeSO4,37.858,34.279,161.54864318113496,98.98505951089378
mp-5350,Zn(GaS2)2,41.892,29.034,71.32597003899741,41.63349224691931
mp-540284,CuPO4,43.445,29.816,152.27463807980112,95.1845833668742
mp-5928,Al2CdS4,38.504,22.514,68.7802758299636,35.12128091779353
mp-677335,GaPO4,29.965,19.522,142.75503906425635,75.5275923418545
mp-760410,BePO4,31.26,25.169,135.01598330659704,62.075377733760554
mp-7848,AlPO4,23.763,24.692,148.0103944997388,81.38553660520873
mp-7849,AlAsO4,23.997,18.753,127.91880908978884,61.62631813443502
mp-7906,Al2HgS4,37.528,22.148,68.30425171904984,35.124647080300456
mp-7907,Al2ZnSe4,36.886,24.465,61.0471974751636,35.55234082989059
mp-7908,Al2ZnTe4,28.836,19.161,46.17959221824463,27.838094248311215
mp-7909,Al2CdTe4,25.418,15.84,43.12688719430052,24.47937574110538
mp-7910,Al2HgTe4,25.112,15.86,43.10182083283065,24.626409841903545
mp-15922,Gd2ReO5,136.02,59.655,202.93124545358796,98.31691869430216
mp-1105839,Sm(CoB)4,203.871,115.136,241.65450580670336,133.68877777976135
mp-1106404,Nd(FeB)4,216.78,121.151,244.58768832785316,155.48148424709635
mp-13967,Nb5(CuSi)4,180.208,99.478,202.505596545002,115.4613430912666
mp-27660,Ba(FeS2)2,41.504,18.92,65.53210712384072,33.664276321570995
mp-28698,Na4IrO4,41.96,21.927,96.81241297961265,51.98961431815678
mp-5327,Na4UO5,46.607,31.019,122.13750497737205,62.4530683867244
mp-755298,Li4NbO4,73.687,37.488,125.7063103494772,79.56906081461747
mp-7714,Li4UO5,85.449,52.804,160.386488178416,84.12041023486816
mp-867568,CsTi6O12,116.019,52.941,196.3397506052557,101.97889814662192
mp-10519,Cu2SnS3,66.366,27.459,78.36186893230607,38.3449103746524
mp-11658,Cu2SnSe3,55.604,22.247,64.85976669327992,31.45282435732136
mp-15252,Cu2GeS3,72.817,33.867,85.74586013080082,45.31133919135527
mp-15895,Cu2SiS3,78.369,35.964,98.05120513343194,51.38180277096853
mp-15896,Cu2SiSe3,63.392,28.611,76.87998876596923,40.4491171972164
mp-18163,Cd4GeSe6,28.173,15.493,54.453801746327926,31.475520165359935
mp-20753,CeCoC2,171.563,77.456,201.50040636994203,101.41560792837002
mp-36066,PNO,53.348,54.638,201.80047872711805,121.02505785778337
mp-5151,Cd4GeS6,33.377,17.369,64.94692740658006,36.982669628057735
mp-674953,Cu2GeTe3,49.179,21.681,56.53446984438986,29.924260742283025
mp-675120,Cu2SiTe3,51.832,24.981,62.07096496803485,34.093024445576866
mp-675880,Cu2SnTe3,45.399,19.187,52.83837155605685,27.312964120943693
mp-677105,Cu2GeSe3,58.829,26.47,69.5297529031258,35.67795311599981
mp-685991,Li5SiP3,35.658,27.044,51.77653750927297,39.6806153862428
mp-752401,Rb2ZrO3,35.661,13.136,76.79085747411784,36.74738868931309
mp-752467,NbO2F,94.407,57.843,172.51449483203186,77.82485707279953
mp-8761,NdCoC2,161.032,81.561,193.01353670784172,105.99223438762048
mp-11736,ZrSiO4,222.449,101.928,264.47711239007793,147.9839572581159
mp-12523,YbPO4,100.063,48.444,226.96745392351465,136.60492659395132
mp-15051,Nd(PdO2)2,147.983,47.35,194.9111219303645,73.13297774274986
mp-15053,Y(PdO2)2,155.622,61.345,207.7267572477853,85.58603426762043
mp-23034,SrZnCl4,32.01,12.913,41.67765278485212,19.782767148363543
mp-23562,KIO4,20.199,10.494,86.29642335855003,44.96394074263189
mp-23704,NaAlH4,19.606,13.109,43.03020530980241,29.615129605226237
mp-28567,LiBiF4,75.053,26.886,102.2857920462399,40.71490899194231
mp-28995,Cu4SiP8,89.914,54.3,108.0866346219848,74.6334408320961
mp-3700,LiYF4,79.743,31.762,102.62045812576112,49.18301269367939
mp-4757,KReO4,18.263,11.252,125.03854340796649,55.29212204959677
mp-5078,SrZnF4,61.603,22.407,82.43369943679438,37.854995010322185
mp-5104,CaZnF4,69.912,23.473,93.832127043883,44.14710408328037
mp-5558,NaReO4,21.527,10.392,155.69892476993394,69.91331747546025
mp-559598,LiScF4,86.711,31.055,119.17734924590384,57.16839833463502
mp-753911,GdAsO4,138.263,59.557,185.80674338833637,101.86836827465667
mp-759541,Ba(PdO2)2,65.978,24.505,135.33886129663202,44.82714381404213
mp-7621,KTcO4,17.135,10.609,107.09336133012918,49.19767540684799
mp-772099,Cd(CuO2)2,127.189,48.069,173.07756332081894,70.88335982715397
mp-8042,ZrGeO4,202.683,86.908,236.1555911302967,128.61655506342925
mp-9755,HfGeO4,213.567,93.452,250.1128515153467,139.3232856721668
mp-9756,ThGeO4,172.653,65.809,205.4679793152439,97.09173113376764
mp-976291,LiAlH4,24.716,16.29,54.85112084799298,41.62637427123104
mp-757031,Mg2TiO4,146.153,71.912,186.1959595404288,113.49031295604664
mp-33880,Sr(GaTe2)2,22.92,13.8,41.02330195244714,23.62022840687759
mp-37091,Sr(AlTe2)2,23.229,14.651,42.86575138877306,23.99498346549617
mp-38394,Ba(AlTe2)2,21.215,13.061,40.010728415989114,22.0989720942483
mp-677072,Ca(InTe2)2,22.877,3.435,40.67269498165397,22.94485121777976
mp-28273,K3CuO2,27.774,13.205,41.39089682076906,21.510348106483853
mp-3427,LiAlO2,92.356,52.968,151.18661532094828,101.72116968380928
mp-8537,S(OF)2,3.686,1.6760000000000002,88.31267730709507,64.56619804085317
mp-29816,Ag2HgO2,39.693,12.451,83.37976993255921,30.197489166161787
mp-11596,PrBPt3,167.556,61.066,192.81930382763184,63.50283491856228
mp-11597,NdBPt3,170.929,60.983,195.56426250116536,64.84677728865434
mp-13108,SrHfO3,156.926,91.657,192.36413530312032,112.318144738851
mp-1391774,Ti(BiO3)2,35.72,246.489,127.52075505671752,52.40983365853816
mp-20459,TiPbO3,65.557,40.241,167.44151195078257,74.66618871959571
mp-22435,CeBPt3,174.986,62.475,203.87697227285136,67.12998385722202
mp-2795318,RbCaCl3,24.006,12.606,27.143417700851533,13.678957572600895
mp-4342,KNbO3,109.845,60.647,199.1754977138821,111.73380892740768
mp-5986,BaTiO3,107.183,49.773,181.6051749011724,109.350197722885
mp-760376,KTiO3,52.449,24.293,119.38038407035076,33.29743143345167
mp-1019573,CaAl2SiO6,126.05,71.871,199.260889798045,129.2307860767567
mp-24390,CaPHO4,72.678,39.173,161.29068800546378,105.42129235245528
mp-6081,Ba2Ti(SiO4)2,81.257,35.951,144.19950132752277,83.53440989591714
mp-1025276,Sm2AlNO3,177.684,110.244,204.78973768513444,130.2800189738762
mp-1025277,Pr2AlNO3,171.663,102.849,196.29328367967955,120.81138655397471
mp-546679,Nd2AlNO3,174.661,105.689,199.50103987046376,124.28884901222496
mp-557950,TiZn(BiO3)2,83.663,70.619,162.24579733621815,75.60969375055113
mp-19949,Sc2Cu2Ge4O13,70.626,35.69,161.70391671491498,85.64772107987577
mp-6384,RbSO2F,14.178,7.871,49.37182390280521,30.566977515026725
mp-6560,KSO2F,17.575,8.399000000000001,56.16225637592272,34.226327612563644
mp-6781,AgCNO,8.598,4.82,55.68384413985354,28.9225425967026
mp-559691,Ca2Al2SiO7,101.962,53.471,157.89288262387714,100.7840341441462
mp-6094,Ca2MgSi2O7,86.507,35.75,148.2344306826555,95.6401459829322
mp-6564,Sr2MgSi2O7,86.466,43.679,138.81261734348203,89.45362395602992
mp-754213,Li2ZrCuO4,114.265,58.508,197.05350141471868,98.7456330930303
mp-754238,Li2CuBiO4,90.724,55.545,145.48440006100208,74.28794794111629
mp-23996,BeH8SO8,39.315,14.245,106.98235399375716,66.7302366883398
mp-1025500,ZnCu2SnS4,63.497,28.999,72.97109340741851,38.488167192425166
mp-10824,ZnCu2GeSe4,55.144,26.528,63.39794726696601,34.61936070226661
mp-10952,Cu2HgGeS4,64.58,28.359,72.15255669259253,37.22117284483046
mp-10967,CdCu2GeSe4,50.594,22.751,59.63831967023863,30.99186685405656
mp-11770,CoCu2SnS4,68.316,27.976,75.04224748622173,36.70780503201091
mp-12015,KAg2AsO4,55.676,19.499,91.3542500722671,42.1967326385955
mp-12532,KAg2PS4,36.776,13.319,53.64408920999187,25.80569216606482
mp-12854,ZnCu2GeTe4,47.476,22.69,50.22349728940405,28.471337207900056
mp-12855,Cu2HgGeSe4,53.306,22.713,59.16660880594264,30.195322022142463
mp-16565,CdCu2SnSe4,49.675,20.463,56.46935601658678,27.995848818665003
mp-16566,Cu2SnHgSe4,49.545,20.154,55.81712811886196,27.212754493796
mp-19722,MnCu2SnS4,64.725,23.957,74.97368704349252,35.79652437859652
mp-19896,Li2GePbS4,41.491,19.979,58.65458321320008,32.23591126629164
mp-22053,FeCu2GeS4,71.55,31.294,88.51318287355227,41.35954248304312
mp-22400,MnCu2SnSe4,50.85,19.337,108.35025955266082,32.53260083633803
mp-22648,FeCu2SnS4,70.285,26.429,89.70625700049327,35.63503445695309
mp-6408,ZnCu2GeS4,68.717,33.762,78.5211563965624,43.58683120599324
mp-6498,CoCu2GeS4,72.689,32.065,80.49267723470086,42.20538326159593
mp-9490,KAg2SbS4,30.86,10.721,45.83879080413763,19.58913581832109
mp-1025205,Y2Re2Si2C,142.796,72.317,183.93406403006676,91.33537792233368
mp-1025262,Sm2Fe2Si2C,110.881,72.64,152.1747851728162,90.4295817582411
mp-1025285,Ce2Re2Si2C,114.211,59.756,174.07587829185658,74.85929849046225
mp-1025316,Ho2Fe2Si2C,132.603,82.417,167.83546985527718,102.2532205678244
mp-1025339,Y2Fe2Si2C,124.98,81.239,162.56958454766465,100.64172046400984
mp-1025354,Er2Fe2Si2C,131.673,83.433,170.35392059906178,104.1157248932956
mp-1025357,Lu2Fe2Si2C,141.073,84.313,177.28091129257763,107.42793157527716
mp-1129406,Ca2Mg5(SiO3)8,79.469,53.835,173.94693577963372,115.85679125804452
mp-11705,Dy2Fe2Si2C,129.258,81.477,165.7267283177126,100.27187152144622
mp-1542940,TiTlPS5,9.808,4.58,61.07977656850392,33.81175420203563
mp-541275,Cs2U(Cl2O)2,12.286,5.649,41.29333770062564,17.9825498485619
mp-551092,KLiZnO2,58.328,29.535,81.83791184960927,50.53750833894999
mp-556536,Na2Zr(CuS2)2,49.275,19.957,81.98950620111835,44.07372899903948
mp-561079,CdBiS2Br,31.738,16.051,62.69279642444417,27.62577703542532
mp-567655,Sr2C(NCl)2,42.78,18.993,62.03603792771183,35.14876656373561
mp-6167,Ba2NdNbO6,124.323,48.803,147.580064793854,79.53198544792755
mp-6624,Tb2Fe2Si2C,127.515,80.136,162.24454959254308,98.31692013804968
mp-9211,Tm2Fe2Si2C,139.272,84.491,171.9469668675081,105.2221953656498
mp-5990,CsLi(B3O5)2,30.297,17.192,111.11028581250628,79.1140248776658
mp-696752,KP(HO2)2,26.171,10.626,112.79077381496772,79.80154301466101
mp-703470,AsH6NO4,29.325,4.705,110.40476740307284,73.1617105341436
mp-557862,BaAg2(HgO2)2,45.872,17.366,83.22999247306768,29.8697080257266
mp-571594,K3AgSn3Se8,14.728,7.569,38.8017233857723,20.994847696343967
mp-1002069,NaLiICl,20.106,11.883,23.6446260518027,13.602049233617429
mp-1002081,KNaICl,14.528,8.011,16.83381552051444,8.88663979025335
mp-1002083,CsKICl,10.751,5.533,12.082348338107924,6.1651523435421245
mp-1021327,KLiICl,15.287,8.606,18.07386720654702,9.635737769659428
mp-1021431,CsNaICl,11.698,5.876,13.538255727443063,6.582716923814077
mp-1025437,CeBi2SeO4,95.872,30.437,137.990475897857,60.15353737716174
mp-1046056,Ba2TlBi2O7,27.729,8.573,87.6139957117463,35.34182384297541
mp-11147,Na5CuSO2,35.442,18.576,45.88623564040192,27.96518110500456
mp-545344,NdTe2ClO5,56.269,17.613,135.65763386172569,68.7634741983566
mp-545529,NdBi2ClO4,61.877,27.064,118.93780961685552,60.852513951279114
mp-545788,Ba3ZnN2O,58.353,29.13,70.45924251173626,37.53389351644372
mp-546152,SmBi2ClO4,63.228,28.016,120.90357349360218,62.61912619870459
mp-546266,DyBi2IO4,67.212,36.507,113.19886240769678,59.470833256054554
mp-546350,TmBi2BrO4,69.604,37.545,121.7769580484114,64.31076042711929
mp-546621,ErBi2BrO4,69.714,36.579,120.55080995245072,63.67082791420173
mp-547125,TbBi2ClO4,67.575,31.122,123.50112876763784,64.66355861340237
mp-549475,TbBi2BrO4,66.169,33.63,118.9699800994977,62.403498429437995
mp-549490,KNb4O5F,139.204,85.723,222.52659838007312,112.87249572086428
mp-549709,ErBi2ClO4,70.382,34.205,125.56850162068191,66.15579290753273
mp-550111,SmBi2BrO4,64.294,31.398,116.248068120172,60.34124209695256
mp-550437,GdTe2ClO5,61.076,20.662,139.75163593682694,71.62499260975409
mp-550566,EuBi2ClO4,58.82,30.184,112.95544607425214,56.96357119294056
mp-551101,HoBi2IO4,66.034,37.166,113.81455920997742,59.838601791096075
mp-551250,ErBi2IO4,66.464,37.804,114.14837628309624,60.31194601204423
mp-551900,PrBi2BrO4,60.739,28.69,113.59257255896108,57.8509191340515
mp-552008,DyBi2ClO4,66.798,33.28,124.25959775722312,65.19878558485749
mp-552016,YbBi2BrO4,60.024,25.112,121.6082851970434,64.2488734015834
mp-552292,SmBi2IO4,63.113,34.12,110.37402331904238,57.22741277282662
mp-552738,TmBi2IO4,68.302,37.095,115.22928848571615,60.84368575030515
mp-552857,TbBi2IO4,64.933,34.827,112.69966333569278,59.04458945291103
mp-552992,DyBi2BrO4,67.393,34.704,119.49997819243713,62.80388910619797
mp-553243,YBi2BrO4,66.252,34.566,116.77450803763524,60.69214083233694
mp-553248,CsLaNb2O7,71.326,36.293,167.8012136174501,81.50338454822929
mp-562809,GdBi2BrO4,57.14,36.117,115.09570142842072,59.31587213296864
mp-620290,Sr2TlCuO5,108.842,50.601,126.71008179410784,60.347916387962755
mp-6562,Ba2CuHgO4,66.455,24.898,88.68805218189605,41.863447713972874
mp-1019584,CaAl2SiO6,125.948,71.471,199.2243451639135,129.33251093450744
mp-6442,LiAl(Si2O5)2,63.864,44.628,170.19425464911828,101.88570411574452
mp-6127,BaCu(Si2O5)2,84.902,31.781,160.7468037332217,99.09320987807456
mp-552454,SrTaNO2,178.247,121.168,221.94822052764337,135.87898163318823
mp-6468,BaNd2ZnO5,115.481,61.928,138.94897259594657,73.42421446299105
mp-1022723,Ce2Cu(NO)2,145.569,60.588,177.082597662637,79.01282786362138
mp-1024963,TbCo2B2C,171.359,66.442,221.1952063154084,105.49345152012975
mp-1025123,UNi2B2C,242.745,91.914,227.2903013618283,105.24580547392836
mp-1025127,UB2Rh2C,216.199,53.324,247.84893699030908,97.53778287435242
mp-1025280,Sr2Cu(OF)2,89.884,45.094,106.4148744403016,54.26828197729389
mp-1025321,Rb2Cr(BrCl)2,19.075,7.49,27.982786904695033,14.178101565859718
mp-1025360,Na2Ti2As2O,59.913,26.878,89.3857513547829,46.77480769337406
mp-10960,Tb2Ti2S2O5,136.183,61.451,166.76417616262708,88.96297160928589
mp-12736,TbB2Rh2C,202.448,51.366,226.78513015752523,85.85519035348159
mp-12737,YB2Rh2C,201.495,52.887,222.96923377072065,85.04769251370196
mp-12985,PrCo2B2C,205.885,65.201,206.51250168855492,96.72014942386
mp-15901,Li2LaTa2O7,107.176,69.73,214.9211772889473,104.87461603826873
mp-21445,Ba3In2O5F2,84.511,35.548,104.73232040029104,53.442836869283326
mp-23085,Ba2Cu3(ClO2)2,45.518,22.391,61.38965875205391,29.24870609993591
mp-23095,Ca3Cu2(ClO2)2,53.19,36.986,99.56859868483272,49.48368797064134
mp-23102,Sr2Cu(ClO)2,45.573,29.537,76.98158198698941,39.405254455233454
mp-23143,Ca2Cu(ClO)2,41.495,26.242,82.71246806682403,39.40403783251091
mp-543024,Cs2Pd(IBr2)2,11.422,5.269,26.09789030842718,11.495214623679066
mp-545481,Ca2Cu(BrO)2,27.645,16.752,67.29236564824618,32.9163796525644
mp-546898,Sr2Cu(BrO)2,20.99,14.909,62.97879431781583,33.96371432598761
mp-549487,Sr2Cu(IO)2,15.256,10.073,53.93005384455899,29.100269900908614
mp-552028,Nd2Ti2S2O5,127.005,54.774,158.96471294670417,85.96657592473547
mp-552802,ErU2S3O2,89.139,35.678,126.31192294765852,59.10593123088184
mp-556004,Ba3In2Br2O5,38.546,25.265,84.27659235573002,45.18734334851662
mp-567948,Rb2Pd(IBr2)2,12.107,4.31,28.030168843546093,11.492375481760496
mp-568083,LaNi2B2C,175.52,68.222,186.29569663963989,84.02907308019742
mp-571041,DyB2Rh2C,204.223,50.0,227.61550118201308,85.22730471113368
mp-5999,Sm2Ti2S2O5,130.487,58.295,162.1260069446822,87.34531775758927
mp-6092,TbNi2B2C,174.217,71.075,210.407273483764,106.59795783326769
mp-6098,ErNi2B2C,170.408,72.989,211.2194423038156,107.33955933822524
mp-6102,NdNi2B2C,185.091,66.271,201.7032846861705,99.32071601941854
mp-6223,DyNi2B2C,174.721,70.588,211.26107813479695,106.68374133250828
mp-6328,Na2Ti2Sb2O,52.503,29.889,77.9591264581788,37.91018265857251
mp-6646,HoNi2B2C,157.954,64.68,210.18349527590797,106.29431000142772
mp-6754,TmNi2B2C,154.321,73.834,212.44800331312797,107.76514053473733
mp-6794,LaB2Rh2C,185.956,59.085,207.96118037692983,78.11563956523437
mp-6982,ErB2Rh2C,204.567,48.692,229.10036633393153,84.21417810271411
mp-7112,Sr2Cu3(SO)2,63.77,41.762,98.46101541704957,46.98766162146169
mp-990430,SrTa2H2O7,75.39,44.35,200.1949133281933,109.68573622856002
mp-1105147,Sr2YOsO6,138.817,66.968,168.08165696515078,90.29917983117518
mp-16796,Sr2GdRuO6,132.861,64.717,156.72245212308454,86.26846731231515
mp-23733,Cu3H2(CO4)2,41.379,20.925,147.67116093232494,78.02497826438383
mp-23780,Na3H(SO4)2,35.743,19.094,116.82513563139646,82.14866376292854
mp-24141,CsHSeO4,15.292,6.873,70.9203460020933,42.87837346028541
mp-504600,NaH4ClO2,19.203,10.767,55.50414710892096,34.89591321043764
mp-540554,NaH5SO4,22.716,11.199,86.37620489301116,57.04165661727901
mp-541627,K3Fe(CN)6,18.725,8.879,84.20089429736583,37.91677284913128
mp-557713,Ba2LaTaO6,121.346,48.516,148.9292933652651,78.24552508423727
mp-6099,LiSc(SiO3)2,92.293,59.882,193.30279320179935,124.2372968872959
mp-6109,CaTiSiO5,115.567,68.582,195.58925396149723,119.21383838882072
mp-6152,La2ZnIrO6,151.657,41.096,196.4899843529115,67.76956418572239
mp-6241,LiGa(SiO3)2,96.585,60.422,206.48612606015803,132.32097870768706
mp-634431,KHCO3,23.521,11.61,66.29377526527134,40.94636056018763
mp-6353,Y2Si4CN6,167.246,102.676,215.86797765288208,157.335324557813
mp-6362,Sr2TbIrO6,138.501,61.191,167.9770285133848,83.4661308417632
mp-6676,Sr2HoRuO6,137.633,68.552,164.027516018263,91.67037078615051
mp-6726,CsLiSO4,30.843,15.01,91.31382804580824,61.960665306209094
mp-6772,CaBe2(PO4)2,84.663,51.832,183.2226499471137,121.29020325732978
mp-727932,BeAlSiO5,144.449,77.839,204.70913937482723,129.51988792083637
mp-39681,NaTi2BiO6,103.839,32.797,185.9301142771851,95.02964816746172
mp-6628,CsCd(NO2)3,27.837,12.769,98.08212762687673,45.29752611516397
mp-1020011,Li14P2(N2O)3,83.023,68.471,122.558274522976,101.77631819740368
mp-554822,CsSb(PO4)2,28.723,27.719,133.37721929553564,91.86423278784088
mp-1412249,La2MgTiO6,145.937,73.976,188.05995429395813,101.74620794327468
mp-14398,CaSn(BO3)2,111.164,53.909,161.18657527978283,101.21815682172044
mp-550081,Ba2LaIrO6,122.823,38.399,144.4569639856916,64.49915761975596
mp-555477,Ag2H3IO6,86.697,22.067,131.8489632228819,81.62635982560232
mp-568428,KNa(BH4)2,16.079,8.573,45.54328930514103,33.03597193049186
mp-6122,Ba2NdSbO6,120.71,45.988,137.2741223759342,79.06340564199596
mp-6459,CaMg(CO3)2,88.959,41.324,138.89771029812937,87.99246827979995
mp-1190751,Cs2H2C2O5,18.333,0.288,62.391192463431175,38.7563960729503
mp-20605,PbC2(SN)2,26.314,10.896,64.20443929516011,34.22355516413422
mp-23684,NaHCO2,25.163,12.017,70.87167027044383,42.07538115147452
mp-560767,KNaTiO3,58.009,27.905,110.56779080566108,56.49017433076327
mp-561536,NaMgBO3,97.556,33.187,134.5874446897178,83.08688734982192
mp-562517,CaMg(SiO3)2,76.691,49.081,165.08220015509295,101.35215853871412
mp-6333,NaIn(SiO3)2,98.189,51.456,181.03795873542032,112.84523101560524
mp-6340,LiAl(SiO3)2,132.634,77.257,217.6434138946879,144.39468032327778
mp-6553,LiSc(SiO3)2,105.957,64.604,192.86469135046136,124.0130693648666
mp-6693,CaZn(SiO3)2,97.63,52.483,185.91305378493308,111.60686466039478
mp-6745,LiGa(SiO3)2,110.559,60.904,205.47014374830505,131.3856740581304
mp-6766,CaMg(SiO3)2,102.013,65.007,184.3889412915981,121.94300113651845
mp-6822,NaGa(SiO3)2,169.061,16.845,200.53701967647035,128.57770456843735
mp-6824,Na2ZrSi4O11,89.399,1.261,167.99322240718692,106.9747304115952
mp-9844,BaAl2B2O7,88.056,30.704,131.5750353399108,71.55577651174373
mp-1008506,BaGaSiH,48.357,37.37,55.233085954012985,40.808603725063655
mp-1029037,MoW3(SeS3)2,19.986,14.183,102.04192486173004,67.55702003602563
mp-568177,CaAlSiH,54.38,39.121,68.39923754557589,49.85831278874684
mp-570485,SrAlSiH,51.695,40.529,63.79902628131552,48.49451892212202
mp-624929,CdInGaS4,40.615,19.038,55.61791827947845,27.55646409926691
mp-23764,Mg3Si2H4O9,63.515,35.137,156.58580090959558,100.55285473446972
mp-10316,CeCdAsO,70.396,27.351,96.42628555784891,39.59460306982107
mp-12444,SrCuSF,65.563,32.756,82.17805767606171,36.35858245940261
mp-12516,NdZnSbO,62.385,23.131,88.72346471187632,37.55474127133587
mp-21372,CePRuO,119.689,66.587,174.49653289050028,92.11765778150986
mp-22620,CeZnSbO,67.523,9.095,85.83957288798946,33.6495998799837
mp-23116,CuBiSeO,72.93,30.493,110.7539309001097,45.86792807569045
mp-546011,YZnAsO,74.762,33.473,107.84304613313166,50.34250310177803
mp-556194,SrSbSe2F,43.286,122.464,60.66952767047809,32.384991396689834
mp-559470,AgPbBrO,12.127,3.395,43.72132784079525,15.162701881056256
mp-604496,CeSiHRu,84.663,65.472,142.02201657969368,78.3365536271778
mp-6088,LaCuSO,79.381,40.612,114.17092234967215,49.546450492643054
mp-6228,Na2TiGeO5,82.829,43.09,140.29503603211268,78.16630136169833
mp-6521,LiLaTiO4,122.869,53.816,173.85609205612812,90.33143459358912
mp-6625,LaAgSO,70.603,34.38,100.45182288747196,42.24196093875158
mp-9194,SmCuSeO,74.998,35.782,113.90814607495749,50.84167153342329
mp-9195,BaCuSeF,52.129,13.895,65.11214371614878,26.756118409179745
mp-9304,DyCuSeO,82.277,38.336,119.5379291951585,54.03931994588719
mp-974307,NdCuTeO,73.474,16.667,96.68418571348042,44.25340856909336
mp-975646,PrZnSbO,61.109,17.24,87.47723266051533,37.07206711239859
mp-983603,ErZnAsO,75.818,34.846,111.9554683708196,52.44402751826122
mp-9929,ZrCuSiAs,121.166,76.784,139.6480208098223,88.05020246571385
mp-546500,NaCNO,27.617,12.586,67.75720781793802,39.81303188830339
mp-542136,Na3PSO3,38.66,22.051,88.09636961269025,58.142374954969995
mp-554041,Na2Al2B2O7,61.102,33.783,137.59161606486973,78.64467843919543
mp-6134,LiCaAlF6,66.385,37.152,101.05980139292748,55.74321480750209
mp-13041,Yb2C(NO)2,64.282,104.473,172.69308171410313,97.316448036615
mp-560620,BaZr(PO4)2,65.107,41.188,155.3835982827668,85.90583065609768
mp-643264,BaMg2FeH8,51.372,40.431,75.77799837988763,59.53886627977637
mp-6474,Ba3MgNb2O9,127.395,78.056,168.9959471817985,96.90179416027765
mp-6654,Cs2LiGaF6,23.035,9.426,55.20220692657937,27.8587719335442
mp-6150,Na4Zr2(SiO4)3,91.312,47.588,157.58166443189617,96.9386231935537
mp-6723,Sr3ZnIrO6,107.808,22.835,147.23684274021835,62.695094776770254
mp-550820,SmZnPO,98.485,54.698,120.89917451381488,70.82087593405434
mp-552934,Ba2CuBrO2,39.984,14.478,54.347623404892595,22.44409338744907
mp-569396,BaLi2(MgGe)2,36.665,27.584,39.64935402616659,29.18234230849898
mp-570771,BaLi2(MgSi)2,39.487,29.927,43.16749816203568,32.04013794896842
mp-6494,K2Ca(CO3)2,46.261,21.788,85.32603799024862,54.25355987907488
mp-6504,BaMg(CO3)2,73.809,30.686,116.44707103745752,70.52920291690884
mp-8891,K2Zr(BO3)2,64.928,34.028,123.54377670606274,75.81721671411418
mp-6179,KLiSO4,36.141,20.883,104.67873932091952,72.64248127478115
mp-23121,Sr5P3ClO12,66.189,38.059,132.7069031214884,84.08752103711137
mp-23141,Sr5P3BrO12,64.465,35.671,129.91429005799606,82.23436097373269
mp-504748,P3Pb5ClO12,51.897,10.688,128.96817862459548,71.20700768366852
mp-6473,Ca5P3O12F,83.004,46.252,155.32607476929294,99.41237347227931
mp-6669,Sr5P3O12F,75.339,40.323,136.3282035206472,86.60895180011318
mp-6326,LiAlSiO4,114.023,45.755,149.4104746096546,83.17672990163202
mp-6661,BaTi(SiO3)3,108.915,57.615,173.0347625961904,110.62703502712532
mp-12388,Er3Al3NiGe2,85.284,61.119,101.09471060153491,67.39232139431961
mp-21038,Dy3Mn3Ga2Si,75.386,40.184,85.92949765409105,53.742969250489686
mp-567416,Ho3Mn3Ga2Si,81.648,44.054,90.27464703035476,55.86124181939702
mp-568631,Lu3Mn3Ga2Si,92.061,53.078,120.55064583156224,63.3114312760132
mp-981207,Yb3In3Ge2Au,54.772,37.631,80.87174201442211,27.18832006577054
mp-23797,LiH6ClO7,20.3,13.733,100.91394756237754,68.08594485742294
mp-24066,SrHClO,40.872,18.806,54.72019201447176,30.287432399744077
mp-559044,CuCSN,47.668,19.3,78.2595293624203,45.28168761603497
mp-6606,SrYSi4N7,170.189,102.31,207.14439069680589,151.97546693597067
mp-7204,CaZnSO,70.349,33.123,88.93478636654498,51.91993189102935
mp-23934,PH6NO4,31.399,10.701,122.25093387877476,85.77723402073973
mp-20288,CeCO3F,97.559,15.484,170.75452882045826,91.99502036660452
mp-6030,Be3Al2(SiO3)6,170.348,72.955,194.1894958521035,129.855060066616
mp-22352,Ba3InRu2O9,201.204,33.35,154.8817953792441,75.52889925010085
mp-6345,Ba3TbRu2O9,118.047,44.573,153.49582746990765,77.84416160785493
mp-1201205,Li4BH10N3,20.395,12.493,71.27336665967377,54.86798079166475
mp-1195282,ZnH6Cl2O3,14.375,7.765,62.53767987209697,35.148570399809714
mp-1196039,CuH10SO9,31.174,13.415,123.98725138351465,81.06797523819954
mp-1198750,MgH22SO15,27.639,11.1,101.248574965833,65.72337908473288
mp-2932665,Cu2Hg2SF6,16.664,2.623,87.22847695848152,30.62059026841337
mp-555576,KNaS2O7,23.283,12.267,110.86458054261682,74.92365438854877
mp-6097,Li3Al(BO3)2,66.385,39.258,129.9877829405465,87.49784902285401
mp-696497,Mg3Si4(HO6)2,54.317,30.348,176.27481719765052,116.09842374458457
mp-697670,KAlSi3O8,60.988,31.661,157.29869193782662,97.08058010693529
mp-758658,CaAl2(SiO4)2,84.622,42.222,165.75462319144913,101.88654088238512
mp-765294,SrP2(H2O3)2,25.933,16.32,116.13972995873772,76.23287946680131
mp-973966,LiIn(IO3)4,29.761,21.039,119.83706143083153,65.13179533971267
mp-10413,AgB(CN)4,32.863,2.992,93.3200508131218,32.924419871877234
mp-13590,LiB(CN)4,28.204,6.383,102.63672440940518,37.26687374586336
mp-644264,Ca4Mg4Fe3H22,57.274,44.04,89.90154666189802,66.77733565442524
mp-1008530,AlVFeCo,204.053,82.704,228.29427056422944,111.74729944406172
mp-1018012,TiFeCoGe,197.425,72.561,231.5397767117811,94.79604193091131
mp-1018024,MnFeCoGe,205.404,88.054,435.36851483098826,104.1973416390642
mp-11806,LiMgSnPt,86.934,37.269,98.29412264440244,51.324955412447686
mp-7554,LiMgSnAu,61.1,16.802,71.05064222492923,9.743482077891366
mp-7555,LiMgSnPd,73.754,33.072,83.91115610049692,45.97421561843423
mp-998964,TiGaFeCo,192.595,113.059,211.32778344274325,126.65348585331388
mp-998971,TiFeCoSi,215.232,90.291,245.133481552809,108.11704195313756
mp-998973,TiFeCoSb,170.979,68.732,197.20680473934175,87.69750104647349
mp-998974,TiFeCoAs,187.342,52.824,208.19845488666775,77.08897931411198
mp-998980,TiAlFeCo,189.547,126.046,212.0238574021128,133.22482251871742
mp-542090,Na4Al3(SiO4)3,24.097,28.081,115.61195917713192,72.631862744319
mp-997590,La8MgAl7O24,183.604,99.276,208.0582286398318,125.09304019167824
mp-1023127,Ba4Cu3PbO9,97.683,44.106,108.1906433399959,56.004732504034706
mp-643409,Ba4Y(CuO3)3,103.322,50.961,117.30488517809384,61.708149121298234
mp-20623,K2Cd(CN)4,14.761,5.221,56.86451024883573,24.60372068939939
mp-22592,CaTi4(CuO4)3,202.999,107.341,232.65035490110327,118.72433597678696
mp-555166,BaAg2SnS4,31.441,13.867,54.516289692313926,24.629186491547458
mp-569114,BaAg2SnSe4,28.003,11.553,46.46415190535896,20.680939170161498
mp-6008,Ca3Al2(SiO4)3,153.627,97.534,205.81191355848745,138.65825144048117
mp-6073,Mg3Al2(SiO4)3,158.13,84.574,221.1603662421664,143.82951767834257
mp-562854,CsNb2BiO7,53.728,31.983,162.53139968898898,78.06435235615834
mp-23087,Mg3B7ClO13,133.058,94.309,208.3348797262477,144.21379548875453
mp-6706,TiTlPO5,79.378,46.869,154.70230767491316,96.82897311636113
mp-13982,CdCu2GeS4,68.712,27.986,79.35278928963804,47.60439320830517
mp-20474,MnCu2GeS4,70.597,27.746,84.19236560415075,49.680524254912875
mp-1020019,Li2PNO2,87.664,60.241,167.18980379060918,123.45146378541293
mp-11738,Na3PS3O,25.786,12.971,60.60044771214404,38.57801066260451
mp-23089,SrTa2Bi2O9,86.266,65.455,192.64751231029072,105.1266861536874
mp-1188121,CsP(HO2)2,21.448,10.388,93.35808393020132,55.499616483244615
mp-556609,KSb(PS3)2,10.832,6.848,58.01154540259512,37.32060115290726
mp-1217964,TaB2Mo3C2,315.136,199.102,367.72902754182905,210.7298279264965
mp-559847,Ag5P(S2Cl)2,40.593,10.303,60.59106286846664,26.313093597520325
mp-1196695,Na2Al2(SiO4)3,46.316,26.647,125.10642548583684,80.27888205705857
mp-23959,KP(HO2)2,24.639,16.417,109.22338265451133,76.8337251334829
mp-20674,Ba2YCu3O7,107.52,55.659,140.29976827678578,69.60493351200643
mp-20897,Ba4Y2Cu6O13,93.404,48.754,131.43679434297178,62.87479554005875
mp-22719,Ba2NdCu3O7,107.725,55.03,139.0410638265969,69.36111440982086
mp-552663,LiScAs2O7,88.172,46.083,159.80615544024573,91.58544287090872
mp-6543,VAg(PSe3)2,10.516,2.107,60.82226021324842,31.882167035369942
mp-7079,CaZrSi2O7,139.562,61.97,188.92413510142904,109.471385142852
mp-643754,HgH2NCl,29.989,10.733,66.97305028345203,31.393213121655737
mp-23875,CuH4(ClO)2,7.042,5.065,45.7867893973068,26.434053906715853
mp-557687,TlHCO2,7.668,3.731,46.471459208220864,25.09296104314845
mp-8871,CsNa2BO3,47.016,21.559,74.1605457147342,42.3414201019597
mp-1012640,CrFeCoNi,191.177,97.13,251.63914116599304,132.09716183941208
mp-6511,KCSN,15.519,8.426,42.92038156656221,22.61163762639555
mp-558137,AlBPbO4,65.18,45.16,159.56243872953877,95.86119281372144
mp-866314,Ca5Al2(SiN4)2,125.918,75.063,153.85515493429878,108.51609134938332
mp-1192758,CaAl2(SiO5)2,106.023,64.802,185.7557230110518,114.06113865404885
mp-23084,BiPbClO2,43.224,17.959,85.26238491883007,38.93248893546125
mp-23138,SbPbClO2,46.555,21.923,85.30035104574374,40.29380816798353
mp-23906,LiH6NO6,24.827,10.563,83.89254521823501,45.59491475791558
mp-547244,SrBiClO2,38.621,2.055,76.64619453618836,40.27632313327631
mp-548469,BaZnSO,59.92,35.008,77.89170202129026,42.68348020322382
mp-554238,CuBiSCl2,44.718,18.654,61.654768685722,26.738742038408873
mp-556094,AgBiSCl2,36.771,14.436,56.32421028571054,23.341987891386832
mp-570102,HoSiRu2C,185.265,76.705,214.82762330941048,98.3223273703853
mp-643989,KHCO2,18.439,10.788,57.913912565282686,32.18584676778524
mp-9318,KZrCuSe3,30.478,18.801,67.32097921788827,37.80364541162506
mp-9503,BaDyCuTe3,36.445,14.922,49.25206013703955,28.44249575447717
mp-10584,Ba2LiOsO6,82.233,43.765,162.32396264575223,77.49108242983175
mp-1079630,Ba2TaInO6,140.02,78.541,173.9399409586166,96.95864651012192
mp-11734,Sr2MgReO6,131.312,74.578,191.4922135182729,90.02857212397777
mp-13190,KRb2GaF6,35.653,15.358,60.22545670295774,28.969980102631062
mp-13797,K2NaCuF6,42.815,24.134,69.2788656375022,35.48053244117451
mp-13798,K2NaTlF6,37.066,18.04,59.00610969387442,22.976844656224216
mp-13799,K2NaYF6,36.926,19.851,60.90907001419925,28.747944608851306
mp-13811,Ba2MgUO6,104.102,57.23,145.17335528841926,67.80619317548545
mp-13815,Rb2NaErF6,34.753,19.848,64.08302088497739,31.941469826432833
mp-13816,Cs2NaErF6,31.129,17.633,60.9676602192467,31.119823458566746
mp-13925,Cs2NaYF6,32.42,16.618,57.25947261350677,29.08061954483388
mp-13937,Sr2TbReO6,142.094,43.535,175.11365823844315,77.75843410678671
mp-14038,Rb2NaRhF6,40.086,21.126,75.23002894129681,37.075463286440566
mp-14039,K2NaRhF6,43.639,22.615,78.05578838089748,36.344827385089445
mp-14223,Ba2YbSbO6,57.328,4.985,71.792736391297,9.572398245234018
mp-14226,Ba2YSbO6,50.889,1.073,72.48701066219945,10.655261817677165
mp-20841,Ba2CaIrO6,108.746,57.48,147.98611402781444,77.8848789150554
mp-21309,MgTe(PbO3)2,122.031,61.486,163.9611021116337,97.47401752201064
mp-21879,Ba2CePtO6,137.231,62.307,160.5514334881745,76.34312188739834
mp-22441,Ba2MgReO6,121.859,68.97,179.64661936044456,90.4359823574728
mp-23137,Ba2YBiO6,113.974,68.485,129.54959951261827,75.19402589428732
mp-549970,Ba2ZnReO6,124.748,53.073,180.25566666111052,81.4562941915216
mp-560037,Rb2NaBiF6,32.377,16.405,58.36872766330383,25.70348078343758
mp-567652,Cs2LiYCl6,19.256,9.676,31.72660372776445,17.463386026120148
mp-570379,Cs2LiLuCl6,19.84,9.195,33.81639636141156,18.97877064978966
mp-571124,Cs2KScCl6,16.957,7.863,27.908172460177862,13.68497018583389
mp-571467,Cs2NaYBr6,15.187,8.079,24.027418097366745,12.028930818289703
mp-6058,K2NaScF6,41.223,23.479,68.74333603092906,34.49427598937652
mp-6065,Sr2GaSbO6,147.444,88.417,178.5884018161796,110.69480077577452
mp-6074,KRb2TiF6,34.699,22.332,59.14515372685363,18.13304541298688
mp-6204,Cs2NaScF6,34.148,17.639,63.001139048587376,33.15265665238298
mp-6270,Ba2LiReO6,84.792,43.501,165.00447524570748,90.31658298979944
mp-6492,Ba2YSbO6,129.55,78.167,150.73801723874126,90.7966098510632
mp-6586,K2NaAlF6,45.766,27.366,76.59014348953845,44.55403026512523
mp-6613,Ba2YTaO6,137.826,79.834,167.30455941877722,95.10851979144456
mp-6686,K2NaInF6,39.509,20.537,65.8741429225161,29.75138652774557
mp-6968,Cs2KCuF6,34.359,16.596,53.88562624446349,26.897204203706437
mp-7251,Ba2YNbO6,133.322,75.75,161.25855203174626,89.74025042881199
mp-7889,Sr2YReO6,142.445,51.221,173.618988530349,78.00807914922325
mp-9349,KRb2ScF6,33.983,13.221,57.254065353053896,27.05460755410158
mp-9839,K2LiAlF6,49.406,25.226,84.6014631436084,51.21363535900975
mp-989388,Rb2SCl6F,18.336,15.863,36.25832488127365,17.40150359984165
mp-989399,Ca6Al2NF,42.035,17.548000000000002,51.84211787965676,32.76746674840399
mp-989402,Sr6In2NF,31.841,11.569,38.257873496409175,23.264300341062174
mp-989404,Ca6In2NF,40.468,13.77,49.20400836024753,30.48285362345534
mp-989405,Cs2LiInBr6,16.592,8.914,26.12471264318014,13.63940647210956
mp-989504,Na2LiNF6,59.139,30.306,81.79704525920857,43.91701198735864
mp-989512,LiTl2InCl6,22.841,10.42,35.64611071985509,16.46814548572926
mp-989514,Cs2NaSbCl6,17.435,9.454,28.46869634188324,13.241718141853164
mp-989516,Cs2ICl6F,14.69,4.966,33.30175817869422,14.874797220813091
mp-989521,Cs2SCl6F,13.044,10.592,31.762785715503107,16.744071975952558
mp-989523,Rb2NaAsF6,36.315,19.293,61.36321232896401,27.23937796804521
mp-989527,Cs2NaNF6,35.858,18.173,56.89259481079017,28.900643298826814
mp-989528,Rb2AlInH6,23.765,14.191,32.96740659013324,21.683977951006927
mp-989533,NaTl2InF6,39.944,17.814,66.67260440438658,27.32461665097857
mp-989535,Cs2AlInH6,23.35,15.191,31.575645049479565,22.811806955028896
mp-989537,Cs2TlInF6,31.424,11.015,51.059059171120126,20.725903925950448
mp-989538,Cs2InBiF6,27.515,10.349,47.84911222321453,18.227321778712625
mp-989539,Rb2AlTlH6,23.369,14.582,31.952014062955374,21.21266508329713
mp-989540,Sr6Sn2NO,43.347,28.342,50.549105485197,33.09612441224927
mp-989541,Rb2NaSbF6,33.711,17.354,56.38335815229821,24.120051604401706
mp-989542,Ba6Tl2NCl,22.374,11.356,27.56254353058975,14.188970851217336
mp-989544,Cs2SeClF6,11.517,0.447,41.86429426862185,16.15963186112709
mp-989545,Rb2NaSbCl6,18.041,9.127,29.137636206906315,12.708613218448097
mp-989548,Rb2NaTlF6,34.898,17.791,57.33661063429831,23.8423956556124
mp-989550,Rb2TlInCl6,17.779,229.284,27.384004290040966,10.668307017953529
mp-989551,LiTl2InF6,41.494,13.628,73.5155098110174,31.46453629678389
mp-989553,Cs2TlGaH6,22.583,15.57,30.88180060170538,20.453217707726463
mp-989560,Cs2TlSiH6,16.605,10.145,30.3868201574049,19.99258350437695
mp-989561,NaTl2GaF6,42.375,18.37,72.00982156167035,32.1864145965996
mp-989562,Cs2LiTlF6,33.191,8.613,59.28858608188789,27.17174271554524
mp-989563,Rb2NaTlCl6,17.958,8.845,27.28267169548847,11.948965458140975
mp-989566,Rb2InGaF6,37.52,10.4,58.45864813293431,25.332333867363033
mp-989568,Cs2NaMgF6,31.063,12.854,47.01784966064103,21.583440151545755
mp-989570,Cs2CaSnCl6,23.328,11.223,27.32183829243664,12.280578646023969
mp-989573,Rb2BrCl6F,18.72,8.094,33.22919298631647,16.05659767386544
mp-989575,Cs2AlTlH6,23.081,15.28,30.672629584661863,22.12887985315388
mp-989578,Rb2NaInF6,38.727,20.572,63.81381116999798,30.27292145434108
mp-989579,Rb2LiTlCl6,19.666,10.376,29.90723976982179,14.132474679768016
mp-989580,Cs2KNF6,34.612,17.281,51.70165823725814,26.581699266460816
mp-989583,Rb2LiInCl6,20.952,10.025,33.9031292643981,16.994448015321215
mp-989585,Cs2KPbF6,26.386,13.579,41.97901383484593,18.689821432686
mp-989590,Ca6Sn2NF,45.559,37.923,55.833054480185965,44.38330915167195
mp-989592,Sr6Sn2NF,37.078,29.733,45.4423174917989,34.315987585367594
mp-989605,Cs2RbInF6,28.556,9.87,49.52941364494869,20.947116441113064
mp-989608,Cs2NaAsCl6,18.551,10.352,29.638752442753617,15.56930318818676
mp-989642,Cs2NaAlH6,23.548,15.331,32.83387700998129,25.89017231853542
mp-989644,Cs2NaCaCl6,16.182,4.943,21.032651199780293,6.089753554115178
mp-996944,Cs2TlInBr6,14.846,4.623,22.358172763975382,9.38043782826822
mp-556125,Na2BHO3,47.14,18.023,86.40914127752664,52.035986644137665
mp-559276,AlBPbO4,74.458,45.124,160.64289090930822,95.26285894088406
mp-601257,DyCuPbSe3,45.811,23.788,69.06119547665341,35.34478875016775
mp-614311,CsCSN,11.126,4.588,34.49085982080333,16.607832562121963
mp-6224,LiScSiO4,109.06,64.49,182.32119438346848,114.03491962530236
mp-643727,HPbBrO,28.159,8.568,55.85539492612121,26.9498328433978
mp-6493,CaMgSiO4,100.479,54.985,153.2505514541368,100.44743603209297
mp-6633,NaCSN,18.759,8.919,47.981299227416,27.889311733552145
mp-6668,LiTiPO5,97.252,58.853,201.9651328543229,120.07376393499376
mp-6812,KBaPO4,55.459,26.743,114.3873127772877,72.89611668027538
mp-721314,NaH2SO4,25.943,14.764,95.40022654790066,69.91279182117981
mp-866650,La2Si4CN6,151.815,83.776,206.73521057341665,141.8843997732884
mp-23662,LiB(HO)4,41.323,27.904,136.1188333257018,92.6755025380118
mp-23685,CaH2(CO2)2,23.946,12.259,115.44336233942155,63.37285202117281
mp-541431,Ca2SiH2O5,71.587,36.758,130.79956428711094,81.67271642333307
mp-558432,Na3P(SO)2,27.644,14.486,71.67590397107278,46.13522448093826
mp-1023132,K2Cu(ClF)2,19.095,10.273,43.2094413446718,19.950012414885126
mp-571638,Rb2Cu(BrCl)2,12.111,6.631,25.81047963014485,12.028772007615029
mp-9719,Na2LiAlP2,40.227,27.656,53.49838319238206,37.92920021569844
mp-6205,Ba2Ho(CuO2)4,104.048,39.752,140.32638914035766,67.21932719092175
mp-6779,Ba2Pr(CuO2)4,102.385,40.374,134.7643420468249,65.69637627437598
mp-6174,Mg2Al4Si5O18,123.273,50.367,165.00087984392007,108.04894422211116
mp-555229,H5CNO2,18.19,6.13,87.48291788364023,54.038476911063206
mp-6391,Na2ZnSiO4,77.843,34.457,128.0627836133624,77.29525501088466
mp-756088,SrTaNO2,151.127,92.324,213.08535961432665,127.78674375696764
mp-24148,LiLa2HO3,125.243,72.439,141.49452641215504,77.96864327840056
mp-24149,LiCe2HO3,123.514,67.366,149.95664129222595,85.6857029956906
mp-24150,LiNd2HO3,133.492,86.992,154.81679876705988,92.20403587463598
mp-555056,SbS2NCl6,4.891,1.901,42.89164619625274,21.602547911252127
mp-9068,K2NaAlP2,24.93,16.531,40.11035049040959,26.090291147537087
mp-9069,K2NaAlAs2,22.098,14.515,34.74857568304625,22.458825111501252
mp-6319,Na2MgAlF7,64.198,40.586,93.0518541426029,53.03907960471546
mp-1020703,SiGeN2O,117.612,76.296,199.7640408597258,137.61156453995568
mp-2665147,MgNb2(PbO3)3,76.292,44.811,170.4058222911901,83.49608880431664
mp-11175,LiZnPS4,31.32,15.461,59.737937107089834,33.3720351458207
mp-2831941,Na2CdSnS4,30.022,9.886,40.575688742300336,18.143063766906177
mp-632402,LiCaUF8,44.136,14.907,107.41967893602842,46.055525969687125
mp-8873,LiGeBO4,89.133,60.304,171.96013474520225,101.4452722746096
mp-8874,LiSiBO4,94.759,73.016,198.00786580787332,118.66012281933274
mp-12385,Ba2YTaO6,135.914,80.852,162.35224685950365,93.99300715237624
mp-12427,Sr2TaGaO6,159.165,88.394,196.5472806396212,112.70842652165062
mp-15318,Rb2NaHoF6,34.367,17.647,60.10098090469063,30.38725839248822
mp-6304,Sr2GaSbO6,144.046,47.009,173.16604960347502,106.26204940089023
mp-40143,Cs2KZrOF5,29.868,16.081,60.185796218088754,29.501719430110786
mp-40204,KZrTl2OF5,31.533,7.198,64.1711446402039,26.770966564856845
mp-42022,Cs2RbZrOF5,28.677,13.976,56.27725781754324,26.378492417539327
mp-1219652,Rb3H(SeO4)2,19.292,8.997,77.72630507052602,46.09235548366457
mp-1226195,Cs3H(SeO4)2,17.551,7.136,68.61865620523608,40.236962182541944
mp-6598,K2Cu(PO3)4,34.223,20.176,137.25152624024753,93.48692183081832
mp-950995,Li6PS5I,26.78,13.335,46.66568567743343,30.9549712842662
mp-556856,BaCSNCl,26.639,11.927,48.28911820005336,25.91542310100735
mp-866298,BaNaScSi2O7,88.541,48.571,153.84972361236075,94.34181935490396
mp-550306,YCu2Bi2(SeO2)2,61.482,33.01,115.39063599197682,55.44216596969088
mp-9453,Sr2ZnCu2(SO)2,82.152,42.477,94.46543616573238,46.64358087845768
mp-571384,KMnAg3(CN)6,34.471,16.27,62.78248405414256,34.269461883024135
mp-1021669,Ba2CuC(NO)2,68.126,11.095,105.80853238626892,49.64219399926649
mp-1021672,Sr2CuC(NO)2,76.475,35.049,117.20190173795731,56.45576593539727
mp-6847,KY2Ti2S2O5,73.072,31.84,128.16764374403814,61.41807047832253
mp-6879,Ba2CaCu2HgO6,73.578,34.342,104.29437369412,49.00640817823132
mp-24214,KPH3O4F,19.525,10.781,100.57891029757708,68.1920145307899
mp-24366,K2ZnH12(SO7)2,27.544,12.739,107.23862209895832,70.45327564773318
mp-706284,ZnH20S2(NO7)2,27.358,12.5,120.63150373161044,81.55528043890335
mp-16136,Sr3TaGa3(SiO7)2,93.461,46.289,163.08208009522218,96.26706488273732
mp-6870,KBe2BO3F2,49.645,34.42,109.95679799906104,68.01419267226755
mp-1030827,Te2Mo3W(Se2S)2,16.34,11.578,84.62612611836431,54.38468937946498
mp-1019551,BaNa2Mg(PO4)2,82.728,46.497,148.4822761120569,93.56604643942092
mp-556562,LiAsH6(OF2)3,16.616,9.562,90.0608308423076,61.4659197931707
mp-40251,BaLaMgTaO6,141.408,37.417,192.15408270050588,109.51659774096105
mp-6867,KCaCO3F,51.664,29.357,96.84931863242372,53.85039320128807
mp-23145,Na4Al3Si3ClO12,56.124,31.02,118.3511774134962,73.99019883266345
mp-6884,Cs2LiCo(CN)6,25.8,8.334,99.49664293256484,38.72038060658254
mp-977012,H6PbCBr3N,13.813,5.918,47.53130978204843,31.2257804219809
mp-977013,H6PbCI3N,10.549,4.636,38.8542779272316,25.629394372076213
mp-23915,Ca2Al3Si3HO13,118.621,64.867,202.4440810908634,132.56955113318006
mp-722270,ZrH7CN4F5,19.43,3.138,119.3193635354164,62.61576974852679
mp-643431,AgH4WS4N,8.86,6.91,76.67169059847247,38.40779128616577
mp-707746,CaAl2Si3H6O13,57.584,34.407,145.27867338342665,95.1231365323648
mp-1042151,BaYCuSbO5,78.076,35.946,134.71729716536527,60.37084641877281
mp-1200331,MgB2H4C8(N4O)2,27.179,11.096,113.50268532161894,51.938889425466776
mp-977011,H3PbCI3NF3,9.507,5.147,49.52721765078292,29.86354036479979
mp-542264,BaNaCe2C4O12F,74.92,34.761,133.12704077416083,71.61206573009534
mp-541025,Ca3SiH30CSO25,40.697,7.629,114.04234777671536,75.8812824864415
