{"temperatures": [0.0, 75.0, 150.0, 300.0, 600.0], "free_energy": [73.471322922506, 63.227382915908244, 30.517677601054167, -77.94143362708635, -397.3700902572615], "entropy": [0.0, 304.4587053427141, 551.8536416707151, 867.6376242921982, 1225.1179068347858], "heat_capacity": [0.0, 302.14655379154965, 410.24395943340903, 493.64533107502587, 531.2403780258322]}