{"temperatures": [0.0, 75.0, 150.0, 300.0, 600.0], "free_energy": [38.843550838341784, 36.489024499029284, 26.67658191796412, -11.028226414914009, -132.11377967129215], "entropy": [0.0, 81.02150034726921, 177.31071823167417, 315.12257936038714, 475.87699254500484], "heat_capacity": [0.0, 105.56312642803564, 172.10823160083046, 220.2828368816936, 239.92507851152408]}