{"temperatures": [0.0, 75.0, 150.0, 300.0, 600.0], "free_energy": [6.406040502900503, 4.527492628142538, -2.7695202319141474, -27.03500185681034, -95.94213459866448], "entropy": [0.0, 64.58392045684022, 124.84784614361384, 191.56498344924253, 260.09729907016606], "heat_capacity": [0.0, 77.70878448989382, 93.3921173127531, 98.11400000362713, 99.35454425511467]}