{"temperatures": [0.0, 75.0, 150.0, 300.0, 600.0], "free_energy": [136.66164858481454, 135.08270109863594, 126.85667946488769, 89.57466447828143, -50.76225086143555], "entropy": [0.0, 60.37710336124563, 158.53678820548478, 332.71999029264845, 584.1742222943969], "heat_capacity": [0.0, 97.2298196922371, 191.272688141042, 312.954155882036, 401.8875115912608]}