{"temperatures": [0.0, 75.0, 150.0, 300.0, 600.0], "free_energy": [55.78439752849005, 54.869225341168296, 49.593738501290424, 24.753816666102583, -66.9241522630356], "entropy": [0.0, 37.19901741523493, 103.8780039081809, 221.79212178534954, 375.4914231352048], "heat_capacity": [0.0, 63.763764562659446, 133.07970016228126, 202.33378079633226, 235.48999731148461]}