step,energy,fmax
0,-7.8284878903739505,0.08153302947302324
1,-7.828761239186781,0.07516408084203575
2,-7.830284679328318,0.00178528450018609
