{"temperatures": [0.0, 75.0, 150.0, 300.0, 600.0], "free_energy": [75.1855941464185, 71.79199312336237, 58.82930150064012, 14.445330575380162, -117.65452328672343], "entropy": [0.0, 113.97599495265395, 223.76663373053682, 356.09021290101583, 510.96486799981045], "heat_capacity": [0.0, 135.8669701960009, 176.86177055435715, 205.61034982256362, 241.12741447321054]}