{"temperatures": [0.0, 75.0, 150.0, 300.0, 600.0], "free_energy": [139.4879591126587, 130.1017522083656, 95.43731209504315, -33.3348784485475, -445.374391536074], "entropy": [0.0, 301.729184451162, 612.5280534281557, 1072.623306819467, 1619.8067979204936], "heat_capacity": [0.0, 343.77438467447666, 562.759565807607, 745.5276123439637, 819.3957330314112]}