{"temperatures": [0.0, 75.0, 150.0, 300.0, 600.0], "free_energy": [18.354736304490096, 14.470416355611171, 1.0109564973630114, -43.6034714775792, -172.358712342122], "entropy": [0.0, 123.08665120642671, 228.28371484074324, 354.4087930799576, 489.2385285875317], "heat_capacity": [0.0, 130.9606241139282, 170.17171942877135, 190.52044923087539, 197.15348523953574]}