{"temperatures": [0.0, 75.0, 150.0, 300.0, 600.0], "free_energy": [53.84139325936859, 50.121942106041615, 39.387439056403714, 3.453208291175244, -106.92170534320341], "entropy": [0.0, 102.39068803850931, 180.17463619559527, 291.7894554536566, 431.44760535201306], "heat_capacity": [0.0, 90.53264104518149, 135.88470255976887, 184.59253539260504, 214.70614158990077]}