Polymorph,mace_mp_0b3_D3
Ih,-946.4411793230827
II,-915.2777441083017
III,-916.9173503080455
IV,-884.8060958432064
VI,-887.255788689787
VII,-826.6943068521701
VIII,-839.524960924356
IX,-920.8075820592096
XI,-951.1284624938377
XIII,-907.7981053207864
XIV,-895.8194924013299
XV,-884.6594200294096
XVII,-931.3661825483965
