Polymorph,mace_mp_0b3_D3
Ih,-946.4411778625195
II,-915.2777456630137
III,-916.9173556075041
IV,-884.8070492552456
VI,-887.2558006701397
VII,-826.6943078398015
VIII,-839.524956912614
IX,-920.8075850504027
XI,-951.1294171430436
XIII,-907.7991948585495
XIV,-895.8194946626197
XV,-884.6594290273639
XVII,-931.3687305708971
