Polymorph,mace_mp_0b3_D3
Ih,-946.4411884003052
II,-915.2777575288607
III,-916.9173892943139
IV,-884.8051472452365
VI,-887.2573317832816
VII,-826.6969350820385
VIII,-839.526009564878
IX,-920.8075954506825
XI,-951.1275425951045
XIII,-907.7992438617581
XIV,-895.8169858788362
XV,-884.65641275236
XVII,-931.3662009259626
