Polymorph,mace_mp_0b3_D3
Ih,-946.4411848277691
II,-915.2777330664445
III,-916.9173560810985
IV,-884.8079986872079
VI,-887.2573262606842
VII,-826.6943083687171
VIII,-839.5249575321913
IX,-920.8075799476543
XI,-951.1294126448089
XIII,-907.798106316724
XIV,-895.8194940248543
XV,-884.6579034849391
XVII,-931.3687296250616
