step,energy,fmax
0,-2.078440596759885,0.04139580788609732
1,-2.078511520797711,0.03983374387138996
2,-2.079300329479877,0.010588182416031008
