{"temperatures": [0.0, 75.0, 150.0, 300.0, 600.0], "free_energy": [0.44532726179276133, -1.0542080175786717, -4.311669924602465, -12.97304768466729, -34.61693842045287], "entropy": [0.0, 35.553823090751045, 49.73972139812305, 64.11191297612774, 78.5315318958883], "heat_capacity": [0.0, 20.168056149498216, 20.657688655962637, 20.783699072652155, 20.815433371293953]}