{"temperatures": [0.0, 75.0, 150.0, 300.0, 600.0], "free_energy": [17.8125741843537, 13.924113478305047, 0.38048590911589386, -44.55354967314854, -174.086323810946], "entropy": [0.0, 123.56287466735328, 229.93036045498886, 356.8261750949906, 491.9216764343684], "heat_capacity": [0.0, 132.41192080365028, 171.75651190810456, 191.1808534834698, 197.34348713427644]}