{"temperatures": [0.0, 75.0, 150.0, 300.0, 600.0], "free_energy": [113.58460272797684, 111.6346312950605, 101.73345026551556, 59.781132175903046, -86.14246094858312], "entropy": [0.0, 75.19768757955332, 186.7217659347836, 362.56342786371556, 591.1444513523263], "heat_capacity": [0.0, 115.99400062376026, 208.19580434079325, 296.04660369195915, 358.00634697323824]}