Reference,Predicted
49.35604807932862,49.31482021922628
190.29314047560442,190.90404162003964
93.33287677074617,93.43110299206602
454.8356274669954,465.4908679060955
400.0063988624852,403.8470655474186
