Reference,Predicted
49.35604807932862,49.31478830502468
