Reference,Predicted
-16.668626471581156,-15.924740326470697
-41.9757112647533,-40.742611536466896
-6.08630031563534,-6.361528895880134
53.97177339907461,40.10615540518363
59.727117049133426,55.55607955341876
