Reference,Predicted
-16.668626471581156,-15.92410717256616
