Reference,Predicted
3.3180075845953856,3.3401789549635206
10.534772370327735,9.93409465067158
9.752476356053446,9.612244607441864
17.551764746273093,16.6786781671819
22.59080549719326,21.809232249406474
