Reference,Predicted
3.657122584777909,3.6816320497748554
