Reference,Predicted
0.006649352200582881,0.006693728752018124
-0.05030157706731209,-0.03681662889319637
0.019544068914600476,0.019262844137938107
0.03517379627129191,0.033424073312778635
0.04527203414748948,0.04370569007260272
