Reference,Predicted
105.982577404969,103.54455931960383
349.2024867952203,344.4075077521262
126.74413648332508,127.55591794833629
476.00762624893446,508.89877074030596
419.48927332015876,427.4660996029084
