Reference,Predicted
105.982577404969,103.54248098408306
