step,energy,fmax
0,-12.446798219731072,0.02860854945011419
