{"temperatures": [0.0, 75.0, 150.0, 300.0, 600.0], "free_energy": [18.641504035087245, 18.134307065907848, 15.317584199515093, 3.0580152537363468, -39.18176941425106], "entropy": [0.0, 20.450032755874386, 54.05306933588953, 106.05969870755895, 169.41503352290582], "heat_capacity": [0.0, 34.53224118700124, 62.63963901051023, 85.41539566329595, 95.59566651336392]}