{"temperatures": [0.0, 75.0, 150.0, 300.0, 600.0], "free_energy": [15.428981412969009, 12.72820004665936, 1.8596717805923486, -35.70736684764212, -145.66881947692212], "entropy": [0.0, 93.8878922136042, 188.95844627577995, 300.83105399648, 419.22610925158466], "heat_capacity": [0.0, 117.93027285852784, 152.49350755235227, 167.80894648909174, 172.79127436920112]}