{"temperatures": [0.0, 75.0, 150.0, 300.0, 600.0], "free_energy": [164.9161813352898, 163.80752526960572, 157.52294168727758, 127.19871768810182, 7.233189126462008], "entropy": [0.0, 43.824892458342795, 124.4741155957535, 276.0333166710384, 509.026654506442], "heat_capacity": [0.0, 75.84609502745025, 162.20125508308575, 279.45985021393824, 383.79117492746246]}