{"temperatures": [0.0, 75.0, 150.0, 300.0, 600.0], "free_energy": [50.079356118843585, 48.90027098668796, 42.461861118606734, 13.965861775324996, -85.75027654595829], "entropy": [0.0, 46.51576352054081, 124.29298747042081, 248.15156424992236, 402.155209605627], "heat_capacity": [0.0, 77.89689056442054, 147.3539541640262, 205.66154360884408, 234.03020388839906]}