{"temperatures": [0.0, 75.0, 150.0, 300.0, 600.0], "free_energy": [92.07040554563316, 88.81776990464542, 75.26976630283113, 23.095273474046422, -147.6386828046904], "entropy": [0.0, 112.16361777170638, 244.5433770242504, 438.1698902704622, 678.4101172367122], "heat_capacity": [0.0, 145.40333774617366, 237.16811631334053, 317.8461245649691, 369.55491458667694]}