{"temperatures": [0.0, 75.0, 150.0, 300.0, 600.0], "free_energy": [3.715966127010335, 1.6896464335786403, -5.059519861581908, -26.015167367011554, -83.31999693882143], "entropy": [0.0, 63.836455083684086, 111.53197139920321, 162.29622395755104, 213.88447228716308], "heat_capacity": [0.0, 64.18737651902006, 71.92026167958709, 74.0854567162764, 74.64294237410652]}