{"temperatures": [0.0, 75.0, 150.0, 300.0, 600.0], "free_energy": [35.187751547787144, 34.66154888051688, 32.04368487743952, 21.135540267257813, -15.666886278898708], "entropy": [0.0, 19.71316335487142, 49.34407031717565, 93.10099577294153, 147.5452503328006], "heat_capacity": [0.0, 30.887936155822082, 53.86355231269558, 71.5447043156172, 85.00207210176788]}