species,reference,predicted
AM2-AD2,1.34,3.0580156909129528
AM3-AD3,1.99,3.152731838413274
AD4-AM4,2.89,2.5919017122510013
AD5-AM5,3.78,1.6384986170442062
AD6-AM6,4.6,0.6657679609261322
AD7-AM7,5.55,0.19710169903282804
