species,reference,predicted
AM2-AD2,1.34,3.0580154443596257
AM3-AD3,1.99,3.1527312360490214
AD4-AM4,2.89,2.592253471845652
AD5-AM5,3.78,1.6388502917179721
AD6-AM6,4.6,0.6657680736889233
AD7-AM7,5.55,0.19710058780856343
