species,reference,predicted
alh3-al2h6,38.5,32.06535738149216
al2f6-alf3,51.6,62.74083609137938
al2cl6-alcl3,32.5,36.400608133490664
alme2-al2me4,38.4,32.64271681511627
alme2-alme3-al2me5,31.2,26.018785742688124
alme3-al2me6,23.1,16.73130735792438
