species,reference,predicted
alh3-al2h6,38.5,32.065445123554355
al2f6-alf3,51.6,62.74118802757755
al2cl6-alcl3,32.5,36.400607608423456
alme2-al2me4,38.4,32.642892532096084
alme2-alme3-al2me5,31.2,26.018873571090808
alme3-al2me6,23.1,16.73077909804715
