species,reference,predicted
ed1-ts1,25.65,16.51087126204311
ed2-ts2,56.9,66.684024454775
ed3-ts3,36.53,36.46855529903496
ts4-ed4,96.17,64.8952084350451
ts5-ed5,15.94,-11.551678668048226
ts6-ed6,13.64,-1.7064677934022257
ts7-ed7,27.49,27.47352200514092
ed8-ts8,50.24,27.546306718326377
ed9-ts9,65.84,53.49050231088722
ts10-ed10,64.93,70.31958893654428
