species,reference,predicted
ed1-ts1,25.65,16.510695463806314
ed2-ts2,56.9,66.68402478080179
ed3-ts3,36.53,36.468203585205174
ts4-ed4,96.17,64.8952082948606
ts5-ed5,15.94,-11.551854659975106
ts6-ed6,13.64,-1.7064681938998092
ts7-ed7,27.49,27.47387335120925
ed8-ts8,50.24,27.54648282229391
ed9-ts9,65.84,53.49050237495112
ts10-ed10,64.93,70.3195888178335
