species,reference,predicted
1-2,37.4,33.54635900835092
1-3,56.87,49.91956250639305
1-4,56.89,50.3426327045745
1-5,69.89,50.99100949287822
1-6,100.48,74.68278648447267
1-7,111.72,84.80147540843245
1-8,142.18,113.44971379518756
1-9,143.96,119.75663658886697
1-10,164.88,151.98039729349875
