species,reference,predicted
1-2,37.4,33.54494345931744
1-3,56.87,49.91955420483828
1-4,56.89,50.34122837771065
1-5,69.89,50.989600067796346
1-6,100.48,74.68278303479565
1-7,111.72,84.80007129658952
1-8,142.18,113.44970657165868
1-9,143.96,119.75382487872957
1-10,164.88,151.9775838592377
