species,reference,predicted
1O_A-1O-1O_B,5.37,6.140365338890604
2O_A-2O_B-2O,6.047,9.011123985276868
3O_B-3O_A-3O,2.421,5.729878957109349
4O-4O_B-4O_A,9.967,13.16085044587794
1N_A-1N_B-1N,2.357,4.798532686457747
2N_A-2N-2N_B,3.021,6.663779199474789
3N_B-3N_A-3N,1.205,5.628887870233825
4N-4N_B-4N_A,4.177,9.706395066890309
1CL_A-1CL_B-1CL,7.839,12.91197871414613
2CL-2CL_B-2CL_A,10.483,16.944618853900266
3CL-3CL_B-3CL_A,3.241,7.192849979094774
4CL_A-4CL-4CL_B,16.296,16.946070531301558
