species,reference,predicted
1O_A-1O-1O_B,5.37,6.140387296093593
2O_A-2O_B-2O,6.047,9.011035872814318
3O_B-3O_A-3O,2.421,5.729879033586599
4O-4O_B-4O_A,9.967,13.160476758936511
1N_A-1N_B-1N,2.357,4.798576659934042
2N_A-2N-2N_B,3.021,6.663734935784873
3N_B-3N_A-3N,1.205,5.628887754233801
4N-4N_B-4N_A,4.177,9.705999402984162
1CL_A-1CL_B-1CL,7.839,12.911923709847144
2CL-2CL_B-2CL_A,10.483,16.94464068668526
3CL-3CL_B-3CL_A,3.241,7.192827994496952
4CL_A-4CL-4CL_B,16.296,16.94605951139323
