species,reference,predicted
ant-antdimer,-9.15,31.05340418603555
pxylene-h2-pc22,-60.28,-73.59377774328914
octane2-octane1,-1.21,19.6010737091392
undecan2-undecan1,9.1,44.47790226152756
F14f-F14l,-3.64,-8.841061185314175
F22f-F22l,-1.96,-13.5662890659205
