species,reference,predicted
ant-antdimer,-9.15,31.053407706946928
pxylene-h2-pc22,-60.28,-73.5937559048416
octane2-octane1,-1.21,19.60177860348813
undecan2-undecan1,9.1,44.478606691593995
F14f-F14l,-3.64,-8.841765236115862
F22f-F22l,-1.96,-13.566291160830588
