species,reference,predicted
1a-1b,4.3,5.1650027502385
2a-2b,6.56,0.9957631180318458
3b-3a,-5.44,-13.237781549940337
3c-3a,5.25,5.241627272852838
3a-3d,13.03,10.907621606359953
4b-4a,0.93,-7.751898930941479
5a-5b,0.74,-2.7782986319002703
5a-5c,1.45,-3.326082960036274
6a-6b,-0.17,-5.272745240689801
6a-6c,-0.87,-5.567328463146623
6a-6d,2.85,1.0318787480018727
7b-7a,2.15,-2.0541120796149244
8b-8a,0.55,0.35839316190799764
9a-9b,0.95,9.376413809837004
10b-10a,-0.45,-4.3239478246493945
