species,reference,predicted
1a-1b,4.3,5.164474669800711
2a-2b,6.56,0.9957631551289978
3b-3a,-5.44,-13.237605718904888
3c-3a,5.25,5.24180278044787
3a-3d,13.03,10.90762164395619
4b-4a,0.93,-7.751898909253896
5a-5b,0.74,-2.7782985994756473
5a-5c,1.45,-3.326258804609097
6a-6b,-0.17,-5.272921698864138
6a-6c,-0.87,-5.567504760911561
6a-6d,2.85,1.0315266102657006
7b-7a,2.15,-2.054200141283218
8b-8a,0.55,0.3580416131608217
9a-9b,0.95,9.376413787008005
10b-10a,-0.45,-4.323771844279236
