Reference,Predicted
49.35604807932862,49.318950054022174
