Reference,Predicted
49.35604807932862,49.31897112116034
190.29314047560442,190.5204736562745
93.33287677074617,93.36658598376489
454.8356274669954,454.5426545901674
400.0063988624852,401.57512258040026
