Reference,Predicted
-16.668626471581156,-16.02309020393607
-41.9757112647533,-43.604205675642106
-6.08630031563534,-6.233444521446534
53.97177339907461,54.35944835895149
59.727117049133426,56.95816497535111
