Reference,Predicted
-16.668626471581156,-16.022704822468715
