Reference,Predicted
3.3180075845953856,3.31605464765233
10.534772370327735,10.530174157245899
9.752476356053446,9.422987714151589
17.551764746273093,17.306270129958705
22.59080549719326,22.840890835992766
