Reference,Predicted
3.657122584777909,3.655041016439469
