Reference,Predicted
0.006649352200582881,0.006645318642615028
-0.05030157706731209,0.007352959913988988
0.019544068914600476,0.018883624480230288
0.03517379627129191,0.03468173066967006
0.04527203414748948,0.04577313082311063
