Reference,Predicted
105.982577404969,103.86694574826195
