Reference,Predicted
105.982577404969,103.86820906522105
349.2024867952203,354.4112150468401
126.74413648332508,127.20020880248207
476.00762624893446,475.08681484482287
419.48927332015876,426.8030824316961
