step,energy,fmax
0,-5.831542892785649,0.2284062417299369
1,-5.832801931017645,0.04375846580290361
2,-5.832853275652919,0.0010754863119540842
