mp_id,formula,K_vrh_DFT,G_vrh_DFT,K_vrh_mace_matpes_r2scan_cpu,G_vrh_mace_matpes_r2scan_cpu
mp-1120447,Si,67.85,28.045,75.62484277371406,38.48316078762102
mp-644693,Si,49.084,20.284,76.68110913024935,44.38222397305329
mp-1008395,C,401.484,421.283,434.532278182042,454.70695666715415
mp-1010136,Cu,137.832,92.026,153.7637218525884,-207.7530736437449
mp-1095534,C,149.065,64.776,206.7790605593929,125.99270882017574
mp-140,Ga,49.645,8.836,45.03656617263981,6.732955788421908
mp-166,Ca,16.881,3.229,19.88474416418267,7.693314587922775
mp-55,Sn,46.694,5.892,49.13179734948279,-15.337015797181614
mp-62,Pa,96.151,11.45,106.0617575149533,28.183263426197545
mp-999200,Si,81.337,46.823,91.24760415436984,61.41487972145865
mp-1064933,S,10.987,3.458,60.48360377711412,15.112803608374866
mp-23157,Bi,43.62,11.548,56.6530887071333,13.663221760777288
mp-570459,Te,42.656,20.96,62.33300120673248,13.132323770083854
mp-542461,Se,1.09,0.5650000000000001,35.16474494177171,14.736123010485048
mp-557559,S,0.876,0.398,32.544232486686006,14.752659229347335
mp-42,Ta,195.555,60.284,204.43699874209833,60.4899153222897
mp-128,Ge,55.811,40.309,66.82938069837725,47.525080278645355
mp-147,Se,4.152,4.031,35.863943341631455,14.198631086205609
mp-571520,Si,79.59,60.71,101.00602704799292,69.14373355924539
mp-7,S,1.874,1.075,27.77423075269943,12.27704711213257
mp-567308,Sc,45.528,30.675,54.82525011243944,26.451630067814826
mp-78,Ge,69.319,39.008,84.73668584114776,41.640846239840826
mp-84,Sn,47.261,25.121,49.131428422548254,17.89686318152562
mp-92,Si,107.613,62.896,109.17042238337136,56.40555794277047
mp-14,Se,4.123,10.032,48.37635943426908,14.117863469038436
mp-19,Te,19.355,14.952,44.31550338723868,11.143917844413204
mp-1014111,Ni,15.039,9.808,56.79337719406658,21.615024113723297
mp-555760,S,6.378,4.006,31.045590152086227,14.164918176215089
mp-567313,Te,19.198,15.001,44.37593484824816,11.150587722819502
mp-1018122,Tm,43.971,28.525,20.7221397497675,17.50628187762625
mp-1018134,Li,13.804,4.151,15.408950746973364,6.985479200735574
mp-104,Sb,32.445,20.273,57.91638688127818,26.54000882296892
mp-10658,Dy,41.039,27.353,9.782605134951291,17.414895125968805
mp-10659,Ho,42.255,27.815,15.638935033550275,10.930456395508765
mp-11,As,31.388,20.3,74.45092851280714,36.31313613745106
mp-11698,Tb,40.128,26.556,25.010714716470467,19.49193317133537
mp-1184569,Hg,11.457,2.516,15.006962823640665,6.992593841793973
mp-130,P,49.335,39.838,72.34364416460298,52.09397361663525
mp-160,B,210.223,172.392,260.11423860068453,218.56389111668724
mp-169,C,115.697,80.084,132.99328803833038,95.32873264607385
mp-23152,Bi,27.767,8.365,46.136558007747674,18.156961956353353
mp-2516584,C,113.32,87.786,128.10942065624906,93.6535710235599
mp-2629196,Hg,7.622,3.832,4.594929727252287,0.7096279256464876
mp-569007,Ga,47.111,12.714,50.92284054440495,13.548152130743658
mp-569416,C,95.263,62.899,107.0223790577305,77.06194804074248
mp-86,Sm,36.407,23.389,6.943612101196029,12.52949620979525
mp-972364,Yb,14.69,9.767,19.43249718193356,15.16060761053913
mp-973571,Lu,44.851,28.755,48.93772653922838,32.549164046912416
mp-975065,Re,365.253,182.644,389.2702355813826,118.98309674271496
mp-1063005,Li,13.65,5.187,15.628318639690107,7.153894023636993
mp-10861,Hg,7.842,1.6800000000000002,8.60276269500946,2.084450697029675
mp-34,Si,106.499,56.749,102.16612125551828,53.077048662888416
mp-568806,C,112.835,71.286,127.98288658189432,96.83183802335247
mp-72,Ti,112.881,62.245,119.16947959000214,51.05122201525457
mp-1007760,Ge,59.529,45.231,71.50198675439202,50.42815994446023
mp-1008634,Au,120.075,12.694,164.0205934723804,30.108023072686866
mp-10172,Na,7.777,4.588,7.403955521837217,3.606404920856694
mp-10173,Li,14.344,7.956,15.64842815948053,7.782485646086452
mp-10257,Ni,197.345,80.204,228.6961497504215,87.94439628951699
mp-103,Hf,108.287,56.604,128.9022026427428,58.94241164690663
mp-1059256,Pr,32.605,13.525,98.28078907896284,-214.3614000000462
mp-10597,Ag,90.122,33.559,105.4646912741339,33.59307102362581
mp-10649,Si,87.289,64.435,57.096475136701464,-1.3428823533515986
mp-112,Y,41.717,27.122,38.130325797404865,22.52476506033459
mp-113,Tc,296.007,145.8,300.47133529299083,111.094344630228
mp-1184554,Hg,7.877,3.948,4.489756129207381,0.7983415483452228
mp-1184755,K,3.576,1.623,3.651455538264075,1.8979214623504048
mp-1186901,Re,364.898,196.072,389.3394590264532,119.72841718127589
mp-123,Nd,33.844,21.438,12.44425754040815,10.893720147152727
mp-131,Zr,93.831,33.105,112.1693395364588,40.84203872940384
mp-132,Ca,17.349,10.874,18.680439975356215,10.265583860094884
mp-136,Fe,295.605,180.477,206.0810177152746,105.7730591556154
mp-139,Sr,11.529,7.697,12.144602501633273,9.298989483009857
mp-141,Yb,14.467,12.032,20.128997881414275,15.953381862797984
mp-143,Tm,45.516,31.32,20.39454253192582,17.8611125925712
mp-144,Ho,43.126,28.414,15.157989280824756,10.652779476839164
mp-153,Mg,36.448,24.389,41.46954630434409,22.088422815971953
mp-165,Si,88.815,61.322,94.37141030906363,73.81583303576011
mp-18,Tb,38.449,23.903,25.483919892545956,18.16045778599327
mp-20372,Ce,34.679,23.828,65.81656944012386,25.4327558385992
mp-20736,Ce,31.937,32.268,63.35821737252135,21.54252808926119
mp-20745,Pb,38.724,11.459,52.29016614505068,9.65756501722286
mp-26,La,25.86,16.922,29.070169009902852,18.378461959259575
mp-33,Ru,310.062,193.869,359.4289448080429,194.2702700061911
mp-38,Pr,32.216,19.899,96.90169690066716,40.01913212808008
mp-46,Ti,112.944,48.257,118.34919913631563,53.32611756157831
mp-48,C,115.976,89.734,131.87542468272508,95.41718131606122
mp-49,Os,400.41,244.666,453.6696844128955,278.92612273754736
mp-56,Ba,8.259,4.782,9.83527879657318,7.110181765119799
mp-571249,Tb,40.022,26.483,23.967176636412805,20.88386118786754
mp-604318,K,3.566,1.596,3.639421155480111,1.87027958301492
mp-67,Sc,54.533,32.26,63.514499559003234,34.79969867123396
mp-68,Sm,35.412,19.245,7.864383964167155,13.25209160129582
mp-69,Sm,36.692,24.026,7.453663660160819,12.619354392826631
mp-8,Re,365.046,168.04,389.22733263123826,124.02777673897828
mp-82,Tl,26.378,11.153,28.579382889840943,4.551723820733776
mp-8566,Ag,88.449,32.087,103.57934556809184,33.033680989014954
mp-862690,Ac,24.648,17.221,31.07706288062704,24.082300680999847
mp-867200,Pm,35.282,22.869,19.091229257766464,12.754664848486444
mp-867202,Sr,11.444,6.8870000000000005,12.180413822982302,9.079471836699213
mp-867351,Tc,299.67,149.971,296.5706882665331,105.36739223175846
mp-87,Be,120.019,133.872,126.69642133045458,142.3386638726515
mp-88,Dy,40.246,26.543,8.506675408553633,17.852019432484514
mp-94,Cd,41.91,13.413,45.02149214380343,11.3028978591416
mp-973364,Mg,35.997,24.167,41.05720595437059,21.14142461626878
mp-973986,Ho,42.273,28.439,15.257197523077927,11.382381101014303
mp-976411,Li,13.866,6.849,15.458174950659558,7.5022077133720275
mp-982370,Na,7.773,3.678,7.458263695555203,3.6847935488011374
mp-989695,Cu,132.163,65.761,160.1158710391817,58.608045234669255
mp-99,Er,44.76,31.02,21.16290008001823,17.286780348180717
mp-118,P,0.973,0.503,33.45974120454423,24.101765012632935
mp-168,Si,86.24,62.471,90.09015814969786,67.97971498919463
mp-542909,Mn,248.693,81.197,195.64511699360827,87.43679895475904
mp-971661,Si,79.715,47.329,77.59315478039848,64.77375773797954
mp-569423,Ga,62.324,38.547,50.81648351784315,11.138411151082463
mp-11334,W,298.22,134.395,333.5937242965991,80.9297251911632
mp-17,Cr,252.155,116.144,267.89901208265326,91.20415165992156
mp-971662,Si,75.91,45.957,74.33815343348157,64.80649012263045
mp-10,As,79.731,32.38,83.34093103520601,39.5609025491495
mp-10654,Te,50.533,5.86,63.134085805833806,14.505542502964436
mp-133,Sb,56.475,22.101,67.03514276114515,26.90107538016094
mp-567597,Bi,46.757,16.698,59.062677178897864,17.34045943775289
mp-7755,Se,70.526,4.975,82.69526621919032,19.01740727580707
mp-998866,C,355.313,470.461,122000.93846433764,18995.8356970255
mp-105,Te,34.252,11.377,61.265426109806334,13.691704181543972
mp-117,Sn,35.858,22.399,44.49455646377798,22.225414208246637
mp-149,Si,88.916,62.445,87.20764553385136,58.9607990795226
mp-16220,Si,61.244,37.17,69.96384382594678,44.90437950956364
mp-32,Ge,57.916,45.07,64.9915816456853,39.84079789659988
mp-10018,Ac,23.574,13.226,28.301695656618897,21.289465784789144
mp-1008669,U,110.797,58.014,77.48185163600446,18.76687868340305
mp-101,Ir,345.128,208.901,483.8234686272063,217.44156825488383
mp-10157,K,3.578,1.235,3.52159413840155,1.6148681899079729
mp-102,Co,200.587,120.256,229.57968907362425,104.95009439818143
mp-1022725,Sn,46.107,15.269,50.52467543408011,6.210537466789197
mp-10740,Pa,94.772,50.133,130.32621854192024,9.81060680068542
mp-10750,Dy,41.225,26.058,10.93362491247219,15.25968392627073
mp-10752,Er,42.186,26.865,23.673028925815995,15.209024636864424
mp-114,Pu,34.9,17.687,45.02760133076477,1.787628736337494
mp-12093,Ge,63.414,27.414,72.17163005383107,4.070427501134321
mp-124,Ag,87.692,13.21,97.46744172896378,25.898587351512816
mp-126,Pt,248.014,49.52,314.28979349616975,50.69719026088447
mp-156,La,20.188,14.36,29.36024149335098,18.66017483430067
mp-159,Nd,31.862,18.911,11.631816257702726,10.37122576816427
mp-162,Yb,14.766,8.32,20.079050684824512,12.363714140499754
mp-2,Pd,166.982,48.469,194.69530745487253,50.235179459384625
mp-20483,Pb,39.516,11.204,51.30879682357266,9.796064130003808
mp-21377,Sm,36.46,22.798,10.29928870145342,12.650182087494793
mp-23,Ni,173.808,91.592,230.57095393347475,82.99712649533681
mp-28,Ce,39.338,33.95,69.8045643473258,28.451377461847105
mp-30,Cu,151.394,49.843,156.07535537830114,49.995419626396504
mp-36,Sc,50.651,22.413,50.704507115233085,25.130944068505645
mp-37,Th,55.005,39.908,68.90246713299969,31.634266431783793
mp-45,Ca,17.224,7.495,18.938135743501395,7.843006142806991
mp-51,Li,13.874,3.618,14.950332840111924,4.484008904937539
mp-6985,Ti,108.54,37.093,115.60671936382988,40.8589102230743
mp-6986,Ta,191.164,219.943,209.15786801166945,32.159581334843686
mp-7163,Tb,40.344,25.572,22.315477134361856,20.084565985580323
mp-74,Rh,252.9,150.16,309.62054204223864,142.7129857192547
mp-753304,Hg,6.758,3.256,5.117352066800226,-0.3518479409126882
mp-76,Sr,10.978,5.411,11.91734455125895,6.483929193665204
mp-85,In,35.245,11.555,34.899698657039515,6.2223653000889465
mp-8634,Mn,280.959,120.902,182.7235008810323,63.47655243457759
mp-8635,Zr,89.974,29.84,113.46320416079082,21.91888661344894
mp-8638,Tc,298.021,140.215,287.95514742632554,94.13776554718058
mp-8639,Ru,303.897,198.805,338.4140452428836,206.8654726672169
mp-8640,Hf,102.549,45.446,139.63768504078547,40.21275149192564
mp-8642,Re,363.048,195.364,369.6503239856396,104.11268170925484
mp-8643,Os,394.005,247.391,428.48369802850414,297.28389675018565
mp-9,Y,39.59,23.2,32.733845574356934,20.614634797610055
mp-97,Pr,32.21,16.891,120.10625663442188,67.28767227202255
mp-974558,Na,7.76,2.856,7.49727691605729,2.7748719926380065
mp-1017981,Hg,24.448,2.877,9.833196284088984,1.049578921542967
mp-10641,Sc,53.18,10.981,49.00232412479158,14.07060478786328
mp-110,Mg,36.66,9.504,39.196314663347096,12.23250933700307
mp-122,Ba,8.934,5.667,11.848621443435508,4.412839859122964
mp-127,Na,7.808,2.099,7.676715018798977,2.9542719580926584
mp-129,Mo,262.529,117.048,309.84027399869507,104.40468992379026
mp-13,Fe,207.093,67.563,262.87493166472296,94.44020421675494
mp-135,Li,13.87,3.745,16.119739777274997,7.029893512148332
mp-146,V,181.232,40.746,202.21318800058737,23.691819163345873
mp-20,Be,125.076,111.454,111.31102922426273,109.2350707661477
mp-22692,Pb,37.674,17.212,50.90652458173968,4.331151865065468
mp-39,Tl,27.941,3.464,28.625968736931824,4.175905933951482
mp-4,Nd,30.908,11.48,9.656762777301088,-5.269429357823816
mp-41,Zr,88.4,1.932,92.62921835952976,-31.483315139163597
mp-50,Ta,194.527,64.83,232.00453567929665,54.692270841664225
mp-568610,Bi,52.755,16.667,56.3907284157493,4.984566540122457
mp-570002,C,311.258,219.493,379.77692775821333,295.3489131406303
mp-70,Rb,2.79,0.8200000000000001,4.012382972311338,-0.4929266209699485
mp-71,Yb,15.868,10.038,22.430928880260826,11.800024916856689
mp-7162,Sn,46.763,11.057,52.22661169455638,4.689930248056968
mp-75,Nb,172.05,25.854,194.97059570321792,32.786858255100434
mp-90,Cr,233.652,76.972,308.31304123149584,101.57638258056367
mp-91,W,302.264,148.152,359.04598116597384,127.42631415529225
mp-95,Sr,12.611,7.209,13.813645744767426,5.816165763191449
mp-998860,Al,70.361,48.263,47.63524633995348,4.708552872395822
mp-998883,Ge,61.324,19.966,75.95721293895586,-6.526598600998621
mp-998890,Cu,139.175,19.372,154.23459710654524,28.852057543535427
mp-11534,Np,166.958,112.037,199.9590214817713,102.06119101009668
mp-10021,Ga,55.429,46.698,52.07567931832143,11.389762564277
mp-1009757,Se,21.351,4.74,44.119411134845095,13.56654936393861
mp-2351841,Si,82.314,205.333,91.72468137673576,19.85526000267632
mp-44,U,147.81,113.597,166.91543439753275,92.919109817133
mp-567540,Ga,49.491,2.943,53.6326095336399,15.453752622625352
mp-64,Ce,44.169,32.576,50.191499435294375,25.305571497413908
mp-1079020,Ge,61.934,17.699,69.0994186196522,15.149404785594031
mp-142,Ga,50.024,30.01,51.87351417723991,25.26105629714609
mp-1546032,Hg,6.181,3.265,4.453260766290646,1.3670518544437176
mp-157,P,20.688,12.609,80.53290933318617,53.6178066288168
mp-23153,I,4.837,3.174,13.65500798402054,5.598098486777893
mp-23154,Br,4.11,2.895,14.41116978640144,7.8544168281298035
mp-1008374,C,311.565,215.557,354.429905905708,300.21024015692484
mp-9924,Te,19.866,13.84,30.375564524580025,8.297946788784731
mp-568286,C,118.035,88.909,133.82450602235818,98.08057670168056
mp-109,Si,96.905,70.562,103.35024514087556,53.07324655345875
mp-937760,C,118.816,91.861,135.49047619603428,99.34407289189016
mp-1077723,Zr,88.774,28.123,105.32732444754036,42.374603256524544
mp-137,Ge,53.667,42.715,70.67564579244623,45.83211892331112
mp-20466,Sn7Ir5,135.271,57.92,158.11409075151394,70.80373867465715
mp-7591,GeAs,68.076,36.685,73.02297473183751,31.146174308524767
mp-2637304,Al2O3,89.312,49.715,149.86607738170196,90.8011906897263
mp-567345,NbRh,217.831,60.562,235.1923321971508,72.28468421068828
mp-569073,LiSn,34.696,19.881,39.73764620343266,19.481880535384143
mp-1019086,CN2,84.186,92.215,201.94769554716075,230.55221100924012
mp-20683,Cu3Se2,73.545,16.086,93.39315587622644,34.86210578491677
mp-239,BaS3,33.079,19.508,57.22976898249624,27.454816159712063
mp-1936,TaAs,175.774,92.363,214.8628670577416,132.7519858465024
mp-2059,NbAs,161.259,85.622,178.07582850299423,113.79751967408772
mp-28978,Ba2S3,33.026,13.188,51.74879569040856,26.89464937123777
mp-9339,NbP,185.947,104.288,212.55863745505033,134.96739527972403
mp-28056,P2Rh3,209.142,60.797,247.95096779246035,72.34065691746687
mp-570922,MgCl2,5.603,3.946,32.29693578666787,11.83149831845678
mp-632311,Ta2H,202.519,64.761,219.11472785856336,81.73275607549535
mp-23195,Bi2O3,20.242,25.082,112.44821918759718,51.973810576325505
mp-27519,SeO3,5.11,3.287,91.74150612919432,55.83283609521479
mp-20191,Si3Ru2,200.155,115.548,223.05634752646665,131.3584237743201
mp-680677,Sn3Ru2,125.829,58.454,148.71804099791592,82.12208633866172
mp-1048,TiNi,146.751,40.28,162.30514653618647,49.74560424120685
mp-10636,SrSb2,29.551,13.043,41.9651844767962,24.266213337939437
mp-12700,NbPt3,249.254,101.745,303.8755853379987,111.66450050708856
mp-1399,AlAu,92.438,26.205,126.6130168699188,43.099626907751464
mp-15622,HfSe3,14.39,10.616,90.83955384962898,45.445830232282354
mp-1627,Mo2S3,98.313,62.627,178.897115865491,97.81444164585844
mp-1683,ZrSe3,15.158,11.664,86.04167113591502,41.906781345049495
mp-2025704,Ag2S,9.903,6.9190000000000005,48.76056247590456,21.557379821452955
mp-2089,ZrTe3,19.908,10.753,65.68815746940516,31.33440989573344
mp-2234,Er2S3,69.36,33.204,78.57959414740041,44.25816779967187
mp-2330,Nb2Se3,68.479,42.182,129.11821687466937,65.96291875934368
mp-2475638,LiBe,34.988,27.752,48.7712717241544,25.792353529918092
mp-29652,TaSe3,19.248,13.686,104.3482001831975,46.76049266916875
mp-29661,Si5Pt6,180.761,70.297,223.63885185349213,86.0107152218038
mp-30768,Li7Sn3,30.336,23.766,34.323433465872675,20.098020703944822
mp-368,P2O3,2.982,0.877,95.75369129105184,53.76529909058844
mp-541289,Y2S3,65.707,30.591,84.2756962083681,44.684847401795594
mp-568792,Si5Rh4,181.55,90.151,210.25030610123343,105.68065833364466
mp-571279,ZrI2,10.245,7.71,51.03480301141554,30.64782364905519
mp-624668,BaSb2,28.581,15.19,38.74024362242377,22.49516684206782
mp-684679,Sb6O13,119.442,70.699,162.2047300492802,92.24621515017408
mp-7459,Te2Mo,18.341,10.737,84.08739343685252,43.9947268898508
mp-7493,CaSb2,34.216,17.996,48.11209259702582,25.391326666466583
mp-775907,Y2O3,128.193,63.43,162.4108447897215,89.12218034351683
mp-776456,Ti2O3,206.646,108.773,241.5420952842251,108.06994814952232
mp-9850,DyP5,66.326,42.871,90.904036522477,54.10523412709902
mp-9853,LuP5,68.608,46.754,99.12146837393752,59.633300336522446
mp-9920,TiS3,14.85,8.458,95.0141929638868,49.36968962909565
mp-9921,ZrS3,18.634,11.217,100.03149028777894,51.57755463831789
mp-9922,HfS3,16.695,12.408,103.54448917565402,54.1376115999079
mp-9983,Ta2Se3,70.995,45.809,142.59766247564372,74.1783165795946
mp-1009818,CN2,397.571,291.21,398.5408283879737,285.90941658904177
mp-2362466,GaAs,65.249,23.295,76.6491613349245,34.24771309745968
mp-632219,ZrH,112.984,169.416,127.1180891352742,12.118282536835268
mp-530074,B4C,219.382,186.743,278.03299190641235,237.8011749703846
mp-556788,SiO2,42.63,38.011,194.19985631094065,129.70977915360402
mp-632442,Al4C3,137.887,86.229,178.57142662857214,103.10942605764508
mp-633538,B9C,193.287,107.233,245.75640515238223,171.60033929339303
mp-676241,FeCl3,6.185,2.166,25.094635180878832,12.879617707548814
mp-684591,Al2O3,141.633,83.335,220.52081696001417,145.1445830249619
mp-752826,Al2O3,166.16,81.144,218.49077003956404,142.55580494727175
mp-32829,CuCl4,1.099,1.644,27.34444372688724,1.5726970619763578
mp-33107,SF4,5.902,0.27,76.14428682465059,45.23428071884372
mp-10074,GeSe2,13.587,10.677,45.640784474134755,23.71601573118284
mp-1042098,TiS2,6.954,8.086,62.7422022316098,19.619895783387793
mp-1042127,BiS2,1.723,0.5760000000000001,24.271901002549516,7.47456163159462
mp-22909,ZnCl2,6.868,5.593,37.402521844485385,14.640247577147363
mp-546794,SiO2,35.06,33.443,161.43410506615396,84.7736823773485
mp-7582,GeS2,17.991,13.525,59.19764165152284,32.032444823640404
mp-7583,SiS2,27.416,18.786,75.34463248280964,40.519767362396166
mp-10048,GaAs,64.687,22.978,72.551737207767,26.55201685448152
mp-1009223,NaAs,42.172,26.894,47.22473180264955,25.058898981065063
mp-1018140,MgNi,88.25,39.279,90.64680377422395,43.2122178222288
mp-1039124,MgCd,41.638,12.967,44.86974290278012,14.732994995491774
mp-1039141,MgAl,55.516,34.684,59.65120521740187,28.79528495714976
mp-1065811,SnO,87.558,47.731,114.59046337521524,50.6047418052408
mp-11359,Ga2Cu,70.807,30.62,93.73426742202749,38.22289851275916
mp-11470,Hg2Pt,82.793,25.105,99.9646792390423,25.08873522812242
mp-11841,CeAg,39.055,26.525,30.179698434558464,10.869558483991272
mp-11870,Hg2Rh,88.269,38.861,100.59212901615446,38.14833121064019
mp-1194,CdPt,139.891,49.526,160.61661039379896,53.44090567543074
mp-1235,TiIr,227.385,82.089,217.1345720310341,69.51703879716102
mp-1251,VRh,232.563,101.713,248.64400114706768,96.355676213109
mp-12581,CdTe,34.687,5.92,45.5350759100544,10.69633074823962
mp-12794,Al2Cu,99.432,58.974,102.69399879068652,45.01639908644925
mp-1281,VIr,273.207,126.573,282.33118421528565,131.6574677518654
mp-1359,NbIr,258.818,109.754,276.9525056420337,103.59054256826064
mp-1526,TiHg,104.414,47.479,112.17454868358594,38.50280615599974
mp-1601,TaRu,253.312,75.517,259.89200538788504,44.76594041695974
mp-1652,ZnPd,140.545,58.525,152.4756563082627,48.98302331208577
mp-1670,MnPt,166.177,69.08,187.27502384236325,77.29953300985571
mp-1696,CdPd,111.855,45.078,124.53523987494644,38.66177296982993
mp-1953,TiAl,113.483,68.456,125.69384714026025,72.37497988577559
mp-1961,TiAg,98.421,40.299,130.16636278796688,46.045719490578605
mp-1963,NbRh,227.229,76.178,227.45389672510572,75.06601699019706
mp-19889,ThPb,68.606,58.614,83.41355361470515,-22.720300200066948
mp-20034,CaPb,34.167,18.789,33.2586548377117,18.261984395979223
mp-20055,NpSb,70.61,31.362,83.99256109270507,24.676494360631867
mp-20738,FeSi2,185.12,124.055,209.847739680496,135.0168707326367
mp-21098,UPb,58.263,16.258,71.47348743199315,3.138184314555111
mp-21468,PuIn,48.478,11.144,68.48137555705846,24.257067997665512
mp-2213,FeNi,184.902,87.323,183.1584442664361,83.450819629952
mp-2260,FePt,200.39,92.583,228.9969594233355,100.19383733204866
mp-22924,NaBi,29.484,12.854,30.07863592800815,13.444288361287065
mp-2313,MgIn,38.92,14.062,40.69265544279781,13.0715932216627
mp-238,MnPd,131.6,42.263,151.60561735814798,56.749645175235734
mp-2556,TlSn,35.834,4.601,42.45759382767736,8.545215672878578
mp-2583,TiRh,187.501,51.647,197.03216378278617,44.5649300485249
mp-2673,YbPb,36.103,22.646,48.78563235548031,19.69777771465945
mp-2678,VPt,241.671,140.06,258.9545612315505,141.5301387160995
mp-2685,HgPd,114.745,38.262,123.83023108319954,31.80846250749468
mp-2728,MnIr,265.335,186.427,235.1921912759927,142.01657850470605
mp-2767,TiGa,116.187,80.336,123.61699686035706,64.83251545807487
mp-2806,YbSn,41.231,27.276,54.99419497508191,26.65784689323855
mp-2831,FePd,168.069,77.686,185.59008711037868,73.94534115366382
mp-429,ZnNi,144.695,62.202,158.44025905149843,56.62684970725539
mp-432,NbRu,234.476,50.729,239.1313053269176,37.0679946417195
mp-522,CuAu,138.201,31.3,154.42575095516747,42.47616170803597
mp-554355,CaF2,76.358,35.479,77.65854858748354,35.972171804412405
mp-570199,Ti3Pd5,160.452,43.074,183.72201071994343,34.60771668270618
mp-581833,RbN3,16.297,8.126,51.91365709548337,28.84425877411657
mp-601820,Fe3Co,182.283,94.289,236.05042753032853,86.27855083027134
mp-601848,Fe11Co5,193.849,98.488,224.01076335096425,87.42874059339127
mp-623,HgPt,143.364,27.186,156.158021288017,34.06537608192028
mp-634965,NbO,129.596,69.155,169.96840176905664,217.54866924410115
mp-641526,Fe13Co3,170.181,82.143,223.62300485056397,82.75518751265288
mp-672265,Cu3Pd,152.324,65.218,164.6851006296586,52.43725215103339
mp-758104,Mn11Pd21,142.138,56.025,171.8072899054535,54.46645655558759
mp-771,MnAl,122.529,80.027,114.16320720342873,53.26025745082529
mp-7754,Si2Ru,173.191,94.85,230.8208158510059,134.88245376623263
mp-894,ZnPt,174.196,64.5,190.3290029752706,68.254511555047
mp-945,NiPt,216.646,93.38,266.50873040458197,94.49813441438523
mp-949,CoPt,218.25,108.106,268.21220884327073,124.63850481718596
mp-985281,CsIr,44.499,15.369,44.331121949715,17.64592853188509
mp-985825,Al3Cu,64.012,67.864,104.36742701482044,36.505167035394294
mp-988939,AlAs,59.005,20.016,80.44370697176203,27.64325131235655
mp-999542,MnFe3,195.98,93.423,229.2192037361044,72.58264972585292
mp-20196,NbTe4,32.222,20.449,75.89312352375028,34.71580881526456
mp-22817,TaTe4,32.198,20.271,75.24716967103885,33.12700755043283
mp-1025067,ReGe2,157.22,96.466,185.15583787941688,117.79853114507304
mp-1028,V3Te4,49.227,32.562,67.08500866403396,48.19741395711628
mp-1038767,MgCd,41.755,20.186,47.505855341886125,18.884301384989676
mp-1064272,NaN3,5.642,3.789,21.706510734038247,12.004863544791462
mp-1064715,NaN3,88.221,50.804,60.315584682241585,34.77223121452483
mp-1081,V3S4,97.046,70.615,138.06229793615623,92.95757874814416
mp-11329,P2W,189.376,116.307,229.54956568716443,140.85847533963687
mp-1147,Ti3O5,170.755,76.573,243.71276854557885,102.23241618504402
mp-11675,NbTe2,28.028,19.583,85.55274461805804,37.21772205929846
mp-11687,VTe2,25.137,17.848,71.72152952581315,33.45135783896637
mp-11690,Tc2P3,185.303,131.667,241.60179206288865,142.72868576796415
mp-11696,As3W2,134.969,76.425,184.72541851979483,107.48168636748152
mp-11697,TaSb2,101.369,72.515,128.62484673539268,71.93810581740232
mp-11800,Co3Se4,91.783,41.97,125.36108034017144,60.37989907833088
mp-1203,TiO,195.566,107.51,215.86295382456836,91.31833019451813
mp-12561,TaAs2,133.144,96.926,162.42999258792858,92.91736333549731
mp-13363,SiPt3,203.951,59.761,279.19811426051376,76.99580058413416
mp-13447,Zn13Rh,88.419,40.635,103.35090040407522,42.61449312477485
mp-1402363,MoN2,143.969,38.369,231.61903877605175,96.07894410387452
mp-1474,Re3P4,183.793,136.862,275.05873646211774,177.80215651179805
mp-1551,Te2Ir,87.362,47.591,120.73149072181008,58.91037162213779
mp-15669,Ti3Te4,52.172,34.865,78.77073875857974,47.07743162560139
mp-1595,Nb2O5,135.559,49.941,223.0158915134078,97.32731200993123
mp-1722,Zn13Fe,83.349,42.179,93.49556599651524,43.187555527766136
mp-1745,Sm2O3,133.404,55.025,128.43868189569454,65.45891823939813
mp-1969,NbSb2,96.221,69.318,117.09818804403976,66.00410928207492
mp-20174,Ni3Sn4,96.833,50.419,108.25446399746974,51.84411832947353
mp-2036706,TiCl3,6.83,4.9190000000000005,54.0967004454807,22.13421792413055
mp-21237,CoGe,156.743,83.056,179.40094662748913,97.04733158025054
mp-22510,FeGe,136.965,76.238,136.40716953688764,77.33823454396793
mp-22700,V3Se4,80.248,53.787,96.01064385474923,71.89153539154876
mp-22853,MoCl3,12.057,8.227,73.82184592011421,36.04676175088438
mp-2353328,ZrCl3,7.86,4.879,54.777293558344745,22.985257994474285
mp-2360071,CuBr2,12.606,5.1,19.22743756037404,8.699479524095159
mp-2460,Er2O3,152.954,69.138,147.467226957654,83.12710560594243
mp-2500,AlCu,112.579,68.61,125.81469112569374,69.98698182365541
mp-2512,AsPd5,151.799,44.754,185.77088133356224,55.26518092222672
mp-25469,AlCl3,10.009,6.716,51.50353651053748,28.69644794132273
mp-2659,LiN3,35.899,18.796,87.41071476779854,55.82008370489678
mp-27194,SnI2,9.95,1.628,29.273796379331348,13.530268782141032
mp-2733,Al8Mo3,142.751,104.805,151.07852587976183,97.02079126911002
mp-27455,YCl3,5.717,3.334,40.00422997346547,16.683035761688405
mp-2760,Nb6C5,235.464,160.992,322.16208852439144,170.815105608453
mp-27630,CrCl3,10.055,7.434,52.834124578429616,26.5614357971986
mp-27666,IrCl3,12.169,6.513,73.94375508059156,38.76488766663041
mp-27678,Y2Cl3,15.328,11.944,47.887589102398586,26.117057502977428
mp-27793,Nb2Se,119.719,57.905,185.18382343842808,73.27128236271818
mp-2780,Fe3Se4,85.127,32.298,79.78421817596202,55.81487252421256
mp-27840,Cr3Se4,59.625,34.015,77.74263081059567,44.4050381524393
mp-2793,AuSe,9.015,6.012,48.23778029268963,18.69730856585254
mp-2925199,NaN3,5.959,144.08,23.690768899674847,10.668806201119168
mp-29973,SrN,39.109,25.771,65.21745289926238,38.657730528043885
mp-30410,Mn2Au5,127.572,32.116,149.7698919325934,35.17668722545754
mp-30952,GaCl3,0.919,0.772,30.308444716091163,14.277208004652772
mp-30999,CuCl2,6.14,4.404,21.960116189620344,10.491018840327852
mp-31404,Mg5Si6,47.255,20.315,59.236540542635474,22.474423743964163
mp-31467,Ga3Pd7,150.991,50.274,182.19362681565403,62.00044574126048
mp-32679,Nb10C7,226.442,133.288,300.4069499354917,145.04570279168877
mp-484,Te3As2,15.222,11.435,54.61124502176359,25.975696956924896
mp-542812,GaTe,9.638,7.349,43.63018396118437,25.800039396126863
mp-554278,TiO2,180.571,60.573,221.13996787697303,101.44388099656352
mp-556253,Tm2O3,155.798,71.182,142.2767496021658,81.86417160326603
mp-558573,Y2O3,142.737,62.537,162.61912660435806,88.12839494781396
mp-567929,Al13Os4,147.4,78.001,177.00768389054736,85.56241988152271
mp-568018,RbSb2,13.935,6.536,26.724842162762723,12.318380809838848
mp-568172,Ca3N2,68.719,30.316,75.30156772570577,45.767574668220966
mp-568306,Mg5Si6,62.938,23.069,62.20752359121813,22.101803728583683
mp-568388,BiI,3.863,2.127,28.31401746168695,11.274755160197442
mp-568404,Li9Al4,31.163,23.614,36.96113737481289,23.668824389245195
mp-568746,Bi2Pd,55.534,19.911,85.64962944660246,23.13290427634532
mp-570219,InBr3,5.717,3.834,36.932104035486866,14.471408540798258
mp-570538,NaN3,23.382,3.498,65.47031683590114,39.86641128381403
mp-571247,Al3Mo,135.713,98.633,147.83698646791214,93.46233757975804
mp-573,Ni3Se4,88.611,34.383,116.15384708821156,40.724506598120534
mp-580931,MgZn5,62.771,11.369,75.2471987927468,30.998302815232773
mp-601823,TaTe2,24.147,18.072,91.88744203548076,40.67805059588037
mp-642644,V2H,190.35,44.977,200.2035162904368,54.30708462337883
mp-643084,Gd2O3,94.858,60.907,157.7911717213599,77.95189412305855
mp-684969,Sc2S3,55.493,38.964,86.45397358076666,50.035362202496174
mp-6950,BaSb3,27.116,16.98,42.79938793888959,22.14604699581254
mp-695850,CdCl2,7.855,5.381,39.87832906516912,12.299721422244144
mp-7048,Al2O3,186.365,102.826,230.5476147764655,143.9064298994607
mp-754698,NbO2,160.143,48.466,244.37608991385304,92.68935205889508
mp-754812,Al2O3,128.947,53.564,190.8070156016445,121.27184008832256
mp-754815,YBr3,4.557,2.819,32.78314777562844,14.109840127991909
mp-755769,ZrO2,159.745,45.236,202.71795333502257,90.36311131538528
mp-758933,B8O,204.847,179.969,267.15705655501563,242.04668395817637
mp-7598,NbAs2,125.156,90.659,148.41185059835718,81.80995313011921
mp-766454,TiO2,155.372,65.111,212.54870658462863,109.11712701788996
mp-775935,ZrO2,127.742,50.589,185.95632062045712,87.58747435742887
mp-886,Ga2O3,155.545,70.553,199.85452916155617,102.73457506120393
mp-917,CaC2,57.644,24.134,86.78566013036091,43.08352165102463
mp-9254,Al2Te5,5.745,4.37,44.57353021900304,23.70690745693008
mp-9548,GeAs,20.046,15.662,63.9238835219871,43.46412075498202
mp-971673,BiS2,23.495,11.797,72.00592318944226,35.32102776927703
mp-973455,LiMg2,29.769,23.398,31.84633135987635,17.9553149344905
mp-975,SF6,5.548,1.734,84.20202585052053,63.52309922955553
mp-976262,LiMg,25.743,18.66,27.817591013386068,15.815554582613656
mp-976843,Li2Mg,20.847,15.238,21.700144976693437,8.289349852398091
mp-980663,Yb2Mg,21.912,6.47,25.440637150400303,15.853465037837026
mp-981252,YMg5,37.533,17.204,39.5946317436103,8.293178699218714
mp-9907,SrAs3,37.824,22.866,56.99393547627648,31.217468975834535
mp-9923,VP2,154.817,123.748,191.07909663735083,127.01908692533948
mp-995197,HC,12.473,2.536,94.0089508451682,74.14983312706217
mp-1104008,NdGa6,60.633,45.953,64.77306227960725,35.606427141587865
mp-21296,PtPb4,12.723,4.893,67.59311349381119,19.90259337911124
mp-2374583,SiO2,89.352,42.035,192.477811556916,112.61708532580084
mp-644739,LaGa6,59.389,45.523,67.37038295509363,37.879892635506025
mp-10162,La3Si2,58.118,26.178,57.30022518548261,34.4541067085844
mp-1019055,ReN2,384.053,265.328,429.0389926963085,198.34855973872612
mp-11272,Be2Nb3,166.723,74.026,178.30154646796902,90.54630084646216
mp-11288,Ca3Hg2,30.44,10.343,31.23924964434358,14.875335355178551
mp-11393,Nb3Ga2,167.906,99.899,181.89362905823225,106.87716117792915
mp-20405,V2Ga5,113.09,78.828,120.47886263921292,75.51137349329831
mp-20689,Nb3B2,241.544,170.502,260.0099685988776,161.73783846514922
mp-2091,V3B2,257.602,199.016,312.40612764685375,205.79476804238956
mp-2105,Hf3Si2,143.703,95.21,163.79028902109349,101.26263028512729
mp-22050,Hf2In5,73.035,46.706,75.83401090010334,42.23488349036756
mp-2847,ErB4,180.963,137.339,198.94034203754168,152.41484277058387
mp-30670,Th3Ga2,74.25,24.825,82.34123272611515,39.12160268031829
mp-30684,Zr3Ga2,111.017,66.922,108.04210321901544,52.77765992315213
mp-30721,Hg5Pd2,68.584,10.762,81.28712921851745,16.384732120149224
mp-314,Th3Ge2,85.628,46.181,98.57421469249248,53.12554424149544
mp-571495,LuB4,181.742,127.875,211.70751273230945,148.4303451501163
mp-607111,AlPt3,218.746,77.711,261.711285208983,89.82267783278724
mp-637,YB4,177.419,139.258,220.60428741779427,156.03444417524122
mp-7283,LaB4,170.08,155.057,196.78092836322296,148.35117480116278
mp-7924,Li2Sn5,41.724,18.289,46.82728463752783,20.707869966129092
mp-976273,Hf3Ge2,133.921,84.987,152.9363114324352,94.47298549738082
mp-1007660,IrN,301.33,153.835,321.7411532024723,194.48674851255677
mp-1019097,SiC2,165.345,58.095,198.4979484641891,94.70213663934778
mp-1336,PdO,155.722,34.529,166.31871194041585,64.28854919684342
mp-1692,CuO,144.365,23.585,141.95075958003758,41.823617295639096
mp-2803876,AgO,102.564,11.556,108.3058572292248,21.559564969088044
mp-288,PtS,131.19,33.953,140.4967249778031,65.68467093642255
mp-690760,TiH,127.744,29.293,119.31067115748428,66.53513438090401
mp-697179,ZrH,119.121,24.169,114.56407563461012,42.7917282718108
mp-999086,TcN,278.811,108.369,284.03028774265675,132.78558803648087
mp-999264,ReN,323.875,153.168,446.8790524282721,238.60225891990711
mp-999307,OsN,329.587,170.722,356.3654306443668,217.36213763926
mp-759943,Al2O3,196.991,111.116,236.8460723084406,155.25957018246922
mp-726,SeO2,17.612,10.038,106.40473083041331,57.88826056015319
mp-1018721,HfO2,185.839,49.71,263.6297630454215,128.67319688122026
mp-2071,Zn3P2,64.514,34.222,79.03442072076874,39.77816451274795
mp-23192,HgI2,3.392,2.493,23.759442944666244,6.697655847544385
mp-2574,ZrO2,167.345,50.773,265.3243567096342,120.915208449984
mp-567279,ZnCl2,6.478,5.067,40.01911890478392,15.7217910709148
mp-1001023,BeC2,81.201,44.943,138.36674463788503,64.22702699685442
mp-1014265,Zr2N,174.788,88.758,178.8597387561965,104.08289150546966
mp-1018664,CeO2,128.806,47.443,148.05492562750524,41.84742583384715
mp-1039208,Ca2Zn,22.911,6.963,24.41379342548347,11.333668729398896
mp-1058,PdF2,94.029,6.318,92.75382087328526,15.786109020926345
mp-1071541,YbBr2,28.836,9.471,33.76563074900318,16.296298749000247
mp-1077353,TiH2,156.801,90.2,106.13014299503912,-64.08410105013617
mp-1249,MgF2,92.21,51.311,96.23032953283884,54.30336807797197
mp-12875,ReO2,295.868,133.476,333.32601180476087,170.2802660868648
mp-16723,Y3Al2,59.161,33.73,55.09675436631445,35.0353649499386
mp-18167,Ca3Cd2,28.128,15.413,30.710124600943097,15.597893797773278
mp-18427,Nb2Al,159.974,82.863,182.4122389674544,95.05152695782674
mp-1873,ZnF2,94.832,35.487,103.19544782046508,34.98715195089949
mp-20725,PbO2,114.693,46.309,118.7142594383228,45.129531345778894
mp-20994,TaO2,255.403,113.66,269.7586731050097,116.2070905811706
mp-2237,TeO2,146.533,49.766,157.79315298067033,47.54807458738441
mp-22904,CaCl2,31.987,12.661,36.01086756251642,15.929167144393771
mp-23710,MgH2,49.554,36.195,52.496595712041206,37.46832510651437
mp-2533,NbO2,234.511,94.33,249.1256468793159,111.56970435092455
mp-2657,TiO2,208.538,107.377,238.75902137143092,123.22304244685576
mp-2723,IrO2,269.435,106.561,329.5556848580369,152.46539994145056
mp-29771,MgC2,77.515,30.575,100.1666583491464,41.833419291728056
mp-470,GeO2,202.915,130.151,235.20375080650496,135.49979180799565
mp-558928,KrF2,5.35,2.596,18.277854005988655,8.154295590481643
mp-570232,TbCl3,12.883,8.631,40.92710696659241,19.938053019628978
mp-571166,CaBr2,25.73,10.446,29.51061324324379,14.078129027293771
mp-636368,Ga3Fe,102.587,66.476,100.79114843326818,66.59786676068497
mp-639874,Ta2Al,161.55,54.621,187.3825376564853,59.54376406120573
mp-644607,CO2,4.674,2.184,55.69303718842966,34.60010263392486
mp-6947,SiO2,272.328,201.767,314.74506531818645,221.11962798375936
mp-725,RhO2,234.909,100.944,247.00885355826185,112.75183109856036
mp-7599,BeO,195.52,131.584,235.50297031240876,174.23871739324906
mp-775909,ZrO2,194.576,92.442,213.47390424068715,99.02180174923284
mp-776532,HfO2,211.548,106.112,219.0881178718373,111.60600448573678
mp-825,RuO2,252.231,96.302,296.9335807835903,125.25553861703804
mp-8282,Ti2N,203.884,120.619,208.3228603806167,122.22776920920502
mp-8462,Hf3Al2,116.6,68.275,119.97981750439092,72.29883452598386
mp-856,SnO2,171.933,87.385,182.29046801541028,88.55442142794892
mp-862565,ScBr2,37.721,20.383,42.82754432453557,23.7776968282381
mp-862601,RhI2,55.598,13.605,70.1355442117106,24.33285462042197
mp-862855,PaO2,141.582,50.388,164.3261523217955,53.6517986530505
mp-862868,PbBr2,24.977,7.332,30.198968509041325,9.88379752207087
mp-862871,PbCl2,29.472,8.309,33.82108153912881,11.344276386609224
mp-863764,TeBr2,2.772,1.687,19.067840758124937,3.560547549292852
mp-864616,ICl2,4.924,2.24,10.399003520262369,-1.8701520014591908
mp-864641,HoCl2,45.439,20.537,42.28221202358369,19.204780746626092
mp-864647,Hf2N,194.409,146.294,189.5725548922613,120.22176321703806
mp-865534,YBr2,35.495,15.633,38.31550862056007,19.832435643335927
mp-865716,YbCl2,36.225,14.586,41.744268609879434,19.539996628821505
mp-865934,YbF2,81.712,26.713,80.23304519253685,24.66740834894336
mp-867259,RhCl2,76.882,24.906,84.06397092484525,29.428822202431142
mp-978846,SnI2,20.719,6.9190000000000005,26.374030302043906,11.374702001661262
mp-982734,WN2,265.886,131.508,308.4390681658796,162.03722000885833
mp-996,OsO2,281.2,103.408,308.9706761530054,152.13487379031125
mp-27725,AuI,2.167,2.17,22.183540471254773,10.110772792133556
mp-616575,MnB,173.805,61.398,194.21132296756664,123.76425752221895
mp-10155,P2Ir,193.222,129.322,220.0767037545692,147.64139001554457
mp-1106184,MnB4,274.672,239.029,400.61973752350053,327.1380641769688
mp-1180046,NiS2,12.339,26.828,60.88505996156811,40.76191645885417
mp-1182259,BaO2,46.552,16.064,68.72423481497849,28.869990915732657
mp-1229,CuF2,66.947,26.442,92.20532156024198,28.79230755758718
mp-1247,Sb2Ir,117.399,72.314,149.4006544646883,85.97976362621746
mp-14285,CoP2,164.337,122.955,209.42375854736605,139.81936447124252
mp-15178,Lu4C7,128.084,76.958,172.1477885824891,108.55672180591525
mp-15649,As2Ir,152.046,96.953,188.69252050863795,117.2527851944168
mp-1581,As2O3,9.944,8.605,102.62120900778524,51.275059291226555
mp-1592,Ag2Te,52.909,14.653,67.65085131140582,20.348249226580712
mp-15953,P2Rh,164.999,106.028,185.9313326158082,130.1326464955159
mp-15954,As2Rh,134.441,78.547,159.38910760853108,91.54946646688065
mp-16488,Al9Co2,107.487,72.22,119.06753275565482,69.54828427302657
mp-22652,FeS,154.674,36.714,154.6987452072355,99.48180604568428
mp-2287,SiRh,184.478,90.948,245.1146512981349,101.86001314707106
mp-23217,Bi2Rh,82.795,36.378,98.96964558335596,44.902625124890086
mp-23261,I2O5,17.477,14.793,116.93179691963924,62.00937316336027
mp-23262,Bi2O3,53.426,30.036,129.26435133647917,55.676816901258235
mp-23288,AlBr3,0.983,0.38,24.969568601387184,14.190272383380693
mp-2682,Sb2Rh,104.082,59.183,127.06874349208418,66.73198685882302
mp-2715,CoAs2,121.796,90.498,154.0931412736581,98.87716328402588
mp-27164,FeP4,136.947,112.471,153.7045583487532,116.363239654386
mp-2831849,RhN2,213.938,108.263,281.4461904664799,145.57520972057395
mp-28391,SiCl4,0.521,0.163,33.34701357366587,19.53624496682199
mp-2858,ZrO2,183.109,85.963,244.30641786627476,108.16946216012671
mp-2913080,BiBr3,3.53,1.748,32.30615344556464,12.300358219591828
mp-30930,AlI3,1.042,0.713,19.981494026956415,8.538394363787269
mp-30953,GaBr3,0.727,1.064,25.563098604140016,10.06280772649051
mp-30954,GaI3,1.125,0.757,22.088376429353087,9.236740739437954
mp-33137,TcO2,255.97,111.765,348.73685943329986,178.13263513696856
mp-352,HfO2,204.904,100.522,252.3452404564629,124.25981690787538
mp-384,MgP4,57.463,37.098,77.51532797672131,48.089248379426905
mp-415,IrN2,339.595,206.661,397.5336020750259,246.26536101491456
mp-430,TiO2,157.994,88.246,258.06510887773396,106.33149059680704
mp-542570,AsSe,1.962,0.987,50.82033796535034,28.31589475887685
mp-542738,SN,2.832,1.739,59.21243818465651,35.83882065394674
mp-558149,BF3,5.472,3.883,78.69430001536915,40.76367737760069
mp-570707,NdSe2,65.98,36.511,79.15976393373421,37.45062334502899
mp-571264,Ca5Au4,41.626,15.392,46.15170831729396,20.072558573355582
mp-641,As2S3,5.969,3.185,49.6675293587808,23.94162547948605
mp-669426,SiO2,18.076,35.939,172.36485679388068,104.2249753024612
mp-7262,ZnAs2,51.454,29.777,63.590294269486904,38.428341030981144
mp-754531,Al2O3,106.927,57.732,195.2828484179765,124.61006410582472
mp-755,CoSb2,98.829,63.743,118.03068478609096,65.98072528521706
mp-755066,Al2O3,182.223,84.014,225.47107401155748,144.59938172055348
mp-769096,MnP4,117.205,89.323,132.26366878670763,119.19363861486563
mp-775,Er5Si4,77.6,43.758,72.70200859948363,48.49543503530721
mp-7904,CdP4,55.424,28.159,78.04850261734812,41.281091848011194
mp-8200,AgP2,63.049,25.878,88.39654913322981,48.95511291126374
mp-909,As2Se3,7.518,4.43,50.155762252624456,24.220203302125537
mp-927,CuP2,87.682,51.586,110.04106849628197,65.63558168230763
mp-9588,LiP,41.365,26.861,64.05773127931354,35.0420077817071
mp-1032,Ta2B,248.908,179.27,289.8471843776657,156.0945968353465
mp-1052023,Mg2Cu,59.925,25.405,61.04451499158393,30.905501109741287
mp-1072181,FeSb2,65.924,24.115,83.42330562725469,30.607586089613697
mp-1113,BW2,329.552,157.907,368.0383442126486,188.83216785522703
mp-11278,Ta2Be,185.869,111.426,215.9198050593135,98.706023503859
mp-1159,Zr2Fe,123.018,31.901,125.2294837080069,34.932702184501714
mp-12772,Hf2Al,111.173,53.8,118.47264867101862,65.18602378678148
mp-12773,Zr2Al,97.792,41.265,102.75349668258072,55.83054771781406
mp-1278,Zr2Si,127.293,86.698,125.9369985110758,86.53741851939388
mp-13208,Mg2Pt,70.693,36.113,89.33009123033852,42.12571960804395
mp-1332,Si3Mo5,240.773,121.292,263.33488343856976,122.29599351368547
mp-15617,Cr5B3,290.926,196.282,352.60726208599664,237.96113669837592
mp-15809,Cr2B,292.013,188.047,352.18574655900824,200.66570981834545
mp-16370,Th2Ge,80.239,41.432,90.74010451768535,39.44709480955573
mp-16724,Zr5Al3,101.787,44.441,105.68286384575984,58.825300769045576
mp-1836,TlSe,20.394,9.644,40.260811511639794,19.056169508841315
mp-1841,SiIr3,298.389,102.452,361.2311314521545,164.08218948461587
mp-1867,Ta2Ni,228.033,83.263,229.2171906608629,68.05165321282911
mp-1915,Fe2B,220.866,140.537,242.1997051478199,154.6467773752916
mp-1989,Ta5Si3,215.33,131.92,235.72364280946496,139.13384647110408
mp-19974,In2Ag,42.934,15.587,57.192758872469504,15.301469626823884
mp-20086,MnSn2,66.375,50.437,73.60548061501063,42.573308311294014
mp-20155,CoSn2,103.565,55.693,115.21944892132356,48.54050959027168
mp-20318,Mn2B,301.039,168.637,346.6908625314529,196.52261461438084
mp-20320,InTe,14.809,12.459,41.78396692143439,18.816694189738055
mp-20599,PdPb2,65.662,17.014,80.07140130597526,17.17473647934188
mp-21108,U6Fe,145.539,9.664,160.55377446504195,55.26640826066437
mp-21117,FeGe2,117.621,74.651,117.89625740561269,67.89966532393714
mp-21318,PtPb2,74.915,19.891,92.723538743576,18.89271429600786
mp-2150,BaTe2,28.302,14.972,37.84699779030056,17.020786667981117
mp-2233,Th2Ag,71.978,24.919,76.30533788230802,20.593381714343803
mp-22752,FeSn2,80.683,60.881,87.48120590879974,46.0557377787006
mp-23180,In5Bi3,36.164,8.227,44.665919627101395,8.7716012102336
mp-2501,BMo2,293.327,147.601,329.78376894315505,162.34183634358084
mp-2536,Ni2B,238.119,98.426,291.6912047265673,112.84500676382332
mp-2666,CrSb2,82.324,35.331,70.99504934167003,41.66232028077266
mp-2783,Ta2Si,214.601,108.228,223.8123184128077,132.8551489605876
mp-2786,Ca5Zn3,27.439,11.457,28.80435994247117,13.390306332254028
mp-2851,VSb2,99.681,47.367,124.27203172553446,53.2310801454631
mp-30371,Cd5Au3,73.514,11.916,86.98998317766777,22.53301400408283
mp-30571,Tl2Au,38.126,8.532,41.37910540952478,7.858171784333351
mp-30572,Hf2Ga,119.01,63.266,115.75182446012457,69.88163924111876
mp-31172,Ca5Ag3,30.043,12.638,32.24665101695169,15.450795854233975
mp-31219,Si3W5,267.109,121.199,306.0618460515572,127.10493419026704
mp-321,RhPb2,80.123,28.256,96.97038243612788,27.19582423407067
mp-322,TlS,23.073,10.224,47.41057090531023,22.584362244526776
mp-328,Zr2Ni,117.807,20.086,129.32639072510358,16.885825931846142
mp-510219,Sn2Ru,117.026,63.673,136.04898821458838,62.780400873270416
mp-510557,CsN3,15.276,7.301,48.351529849190335,23.324785274599986
mp-565,Sn2Rh,107.752,50.824,120.59321873074592,49.051846046431976
mp-567735,Nd5Si3,55.178,28.511,54.74011470869831,29.92114671978972
mp-567996,Nb5Si3,192.916,107.54,208.48882384758588,118.45119044192322
mp-568,TiSb2,89.181,54.473,105.2145817877183,50.85316495224532
mp-568411,Th2Ga,72.297,32.054,72.88540830016004,35.586096433972436
mp-568671,V5Si3,193.107,121.043,218.96816642536808,144.25622386088878
mp-569833,Zr2Ga,107.034,55.298,112.26750259969462,56.23342477524441
mp-569837,Ti3Sb,109.29,59.1,118.12158336386192,63.270237038252645
mp-570287,Ta5Si3,210.57,114.096,225.39806584543808,131.71638416248433
mp-570293,Nb5Ga3,164.794,59.837,179.7150617459674,99.85647344636588
mp-570896,Tl2Pd,56.741,12.66,62.40255240581718,16.06719931462671
mp-571160,Tl2Pt,64.88,19.653,75.2621541146879,19.521605701884045
mp-571664,Zr2Rh,126.117,6.6850000000000005,142.26699382862506,19.847056885201297
mp-574,Ta2Co,213.632,78.733,240.34701126348327,68.67974956536035
mp-628,Zr2Co,110.323,23.228,129.3156474342224,21.65673996348567
mp-636056,KN3,4.298,4.717,26.269532310604436,8.19925608773185
mp-743,RbN3,17.987,9.539,54.51889295952617,29.495074560771787
mp-7506,Cr5Si3,224.113,131.374,235.46678378987068,156.6250846104668
mp-755435,Tl2Au,37.616,4.547,43.3163245436548,10.107206512760731
mp-793,Ca5Si3,40.597,26.846,46.91783567514158,32.742225526597984
mp-827,KN3,20.517,11.746,57.348424593996555,32.2594944058746
mp-861,Hf2Ni,140.732,19.409,140.01275309024336,23.496270829331053
mp-870,TlN3,19.737,8.923,55.58535911409454,28.68212917195154
mp-956,U3Si,141.244,69.262,139.8824996731464,63.30297187497871
mp-982261,PbSe2,44.759,18.15,55.6640702735647,20.860588031941575
mp-9938,Hf2Si,141.732,100.146,150.24590843902757,100.60452048392814
mp-9939,Hf2Ge,133.014,91.279,155.93171680377847,98.56969615219867
mp-998,Al2Cu,107.587,47.617,114.76735181412744,53.04693202898982
mp-1017540,ZrCd,79.118,28.439,84.80860814296945,30.854748718647453
mp-1017985,TiAg,102.455,28.597,113.9586014107131,42.283675098178065
mp-1018679,DyTe2,58.827,22.777,60.37214507019438,23.882486251628084
mp-1018683,DySe2,77.099,40.405,75.736040258759,37.63715584024736
mp-1018692,ErTe2,59.579,21.657,63.37099399194744,25.992052384768545
mp-1018717,HfSb2,87.513,34.866,98.60060863675666,47.57385395969262
mp-1018728,HoSe2,77.657,40.426,73.43033736929905,38.345089287050854
mp-1018732,HoTe2,59.177,22.227,55.12141891136636,23.30802411547971
mp-1018751,LaS2,79.438,41.711,97.2279323860996,36.50808789882496
mp-1018940,PrSe2,69.96,36.5,78.50657268770804,35.87906689855163
mp-1019266,SmTe2,56.908,24.397,51.75236224476366,21.800915415951803
mp-1019324,TbTe2,58.632,23.413,60.286501701274574,24.43405819603769
mp-1025077,TbSe2,76.389,40.268,76.32462806677013,37.38567728197057
mp-11239,ZrAg,105.282,47.55,127.93319646212684,46.56495373142381
mp-13156,HfAg,114.117,45.823,137.49697855648856,54.540553082230566
mp-1329,LaTe2,52.576,26.802,59.706745738681875,24.97214517722916
mp-1825,Cu2Sb,79.248,34.066,104.61955068390994,36.578279028373615
mp-19921,PbO,15.634,10.522,76.90983927831992,27.651218312856976
mp-20311,FeSe,21.309,13.304,65.63752894539859,42.38338808582449
mp-20426,Fe2As,136.13,27.967,143.62256099204993,67.06225639040407
mp-20552,Cr2As,155.123,75.452,143.45405462748622,24.80965105978557
mp-20560,CeS,16.621,11.772,46.02181714465988,23.742873078038553
mp-20664,Mn2Sb,82.893,29.216,72.94309906749432,55.65512178209136
mp-2078,TiCu,127.744,62.551,152.46913727849787,60.66316290737824
mp-2097,SnO,29.755,21.245,103.0681347856561,37.148418175591175
mp-21149,GdO2,156.341,93.602,163.98934697801803,171.071615557138
mp-21273,FeTe,18.22,12.678,54.33703725486588,29.622559368222916
mp-22863,CuI,6.287,11.412,40.50491503815015,-92.53685230742028
mp-22917,CuBr,5.964,5.924,45.913826259684704,12.141341590751315
mp-23313,InBi,31.715,13.341,47.16208439590935,13.716278717968825
mp-2350391,PbS,6.9510000000000005,4.85,32.145802688712536,13.206793325903142
mp-2394167,VN,299.032,148.726,374.86375230810745,174.7178129077104
mp-2707,USb2,71.721,13.117,86.83766459439182,43.074814395067165
mp-27757,Be4B,138.194,144.093,136.64863302763692,142.59942188527538
mp-30500,TiCd,81.552,26.541,94.13112366967806,38.2989663708649
mp-413,UP2,118.372,68.706,131.39478139295133,77.9158046353802
mp-505531,FeS,27.657,17.295,120.56718627012972,63.640697822406985
mp-567809,AgI,5.005,1.812,29.203951362179247,5.629367875638828
mp-569679,ZnSe,8.299,5.361,48.81910953511792,21.4077239590576
mp-571033,NiSe,11.162,9.905,98.33326367413268,29.651417894090564
mp-571335,ThBi2,63.583,26.476,76.3555334685641,33.43063431400172
mp-580226,CuSe,25.895,6.978,73.61275523885652,20.21958875551245
mp-604908,CoSe,10.701,7.382,95.61079456059258,38.45351047718438
mp-604910,MnSe,22.494,13.087,58.15670984183151,36.81521484786431
mp-622570,Ti2Cu3,130.158,56.753,154.43841048447632,47.79949400832682
mp-7192,Sc2Sb,72.039,41.139,80.38440206294939,46.97724006295357
mp-7474,Cu2As,110.379,26.428,125.96435244230656,36.44047664508492
mp-7568,ThSb2,73.11,31.269,94.84607273726658,44.064472754303026
mp-7859,ZrS,116.09,48.599,142.0914040180939,69.56422348361512
mp-8732,Ta2Se,42.606,24.229,178.51372138833963,65.4744743590419
mp-8936,SnSe,5.698,5.736,28.31027886398869,10.57522339637795
mp-973750,LuTe2,60.626,19.562,65.90153255040885,19.07856710277969
mp-975652,PrTe2,54.837,25.001,59.28979810775375,25.14970386570985
mp-9978,ErSe2,78.653,40.498,74.57248520005814,36.42667648913032
mp-999133,TaPd,201.83,71.407,238.62662468694836,57.7755025133591
mp-999295,PrN,53.402,19.436,85.4854108071989,44.29257315479407
mp-1007664,InPd3,143.481,47.548,161.0965126530468,41.327797639176666
mp-1007855,FeNi3,193.048,95.457,216.88413783859633,89.77262621753529
mp-1007923,CrNi3,196.281,105.884,193.40235225978097,103.79351343835296
mp-1008617,YbAg2,51.549,17.035,61.98660320597212,24.363908622008847
mp-1008682,TiS2,60.041,32.196,99.8105762253713,39.35328944350697
mp-1008806,ReC2,356.799,90.421,493.4801729987936,273.1127321626044
mp-1008860,NbS2,32.808,25.033,117.7085305874064,68.20368258745957
mp-1009238,Hf2Tl,102.866,5.866,109.02106090126564,38.67540255080582
mp-1009657,CaN2,82.688,39.226,117.50771865542312,57.45022751290827
mp-1009834,Al2Ru,168.314,122.506,201.30713501594573,123.2817706963948
mp-10106,Ca2As,37.761,29.961,37.95080584020256,32.57812122276754
mp-1011375,CeSe2,53.95,48.227,81.41346169903233,41.86062397333953
mp-1014229,Ti2Zn,112.106,50.566,110.11297634115374,47.36313461772879
mp-1014231,Hf2Zn,109.609,58.908,117.8139454208171,48.82099166925767
mp-1014303,Cr3N2,162.71,139.586,351.57623673346967,158.08152884717057
mp-1017511,Cr3Fe,284.19,37.134,204.59992054056863,97.62445638025731
mp-1018102,ZrPd2,145.885,40.853,168.74079597985278,51.18194170574387
mp-1018103,ZrAu2,140.699,23.112,164.20892693846798,38.36439810279592
mp-1018104,Zr2Cd,78.996,32.238,88.78839794164438,29.48722337724993
mp-1018121,TiPd2,160.261,99.939,190.21999505347236,40.623855607129755
mp-1018123,TiAu2,147.433,25.114,169.03149873154672,28.078270400632935
mp-1018124,Ti2Rh,162.15,84.389,184.70357050530893,67.0710990897418
mp-1018128,ScAg2,88.836,36.624,98.9298037721244,38.57072334950126
mp-1018148,ScAu2,117.569,46.472,134.2061602466225,53.04861732456743
mp-1018149,ScCu2,101.63,42.846,106.317113100627,47.328731262372315
mp-1018153,HfAu2,152.12,13.529,176.35589092196662,49.84425967191413
mp-1018154,Hf2Hg,111.5,44.974,119.58064522153448,42.47064584149997
mp-1018166,AlTc2,224.534,119.613,309.8552782044467,135.98533012518854
mp-1018179,AlAu2,127.617,25.387,157.17449441785763,27.539021693389486
mp-10201,Ge2Mo,171.888,138.022,187.8859148515,134.5702401013089
mp-1022728,Cu3O2,112.469,36.808,122.94483634326782,42.356141869382135
mp-1038916,MgAl3,65.112,27.355,63.10985483760481,28.2544831052776
mp-1039229,Ca3Zn,19.475,11.541,20.986274231005456,10.095692206359429
mp-1039293,Mg3Cd,38.235,12.876,40.63163230206592,16.344893960182553
mp-10564,SrN2,68.626,34.11,104.99549808755954,51.287807895079354
mp-10909,AlRe2,244.694,139.655,341.2897663011438,155.91262140017247
mp-1100,YbC2,64.179,8.69,125.51551975547046,56.84583563246254
mp-1105,BaO2,65.16,35.973,102.02287400661687,45.31449623399506
mp-11252,MnAu2,121.429,28.325,146.10800642811927,23.365432294043114
mp-11299,Cd2Hg,37.856,13.28,39.39520094901854,-2.886147072051316
mp-1135,NbPd3,197.625,82.517,225.7391346377356,84.10101188074378
mp-11387,HfGa3,100.608,71.102,101.95437178007523,55.59133287843774
mp-11416,TaGa3,125.826,77.813,135.36397480217943,76.08632848966344
mp-11454,Hf2Pd,136.094,56.325,146.24435734060134,53.64524793680948
mp-11464,MgHg2,40.223,14.936,44.16936548320451,9.471190054488964
mp-11513,NbNi3,197.229,90.468,217.29228826716115,85.85858831219079
mp-11567,ScZn12,81.144,49.667,90.18842722290752,44.56781596901751
mp-1157,TaNi2,213.178,85.348,232.23949535943703,75.06853601577242
mp-12105,RbO2,20.844,7.798,35.32609686509377,14.400361906867705
mp-12605,ReSi2,222.923,120.031,259.8098843450146,192.86014787975043
mp-12693,Mg2Rh,63.8,43.121,90.23333611334556,48.68891405016462
mp-12742,MgPd3,129.074,40.626,139.5695036655355,46.53815398150239
mp-12761,BeAu2,137.288,27.364,176.5487742230043,41.703217321905626
mp-12764,SmC2,106.514,37.163,102.23972257802193,47.08092967146483
mp-12765,GdC2,82.475,40.245,133.3818412923478,60.32631575153866
mp-12857,Mn3N2,203.771,71.803,201.2481255290608,107.73789804503838
mp-1299,SiPt2,206.108,65.451,239.75902406343485,59.141161248206
mp-13155,Hf2Ag,111.1,49.936,122.33163049635876,47.72271059725092
mp-13164,Ti2Pd,141.684,64.242,164.9946204080225,52.52529674835138
mp-13452,BePd2,166.194,67.77,206.6375542552681,79.08307290155663
mp-13498,Tb2Mg,39.124,15.539,31.244419455274933,15.526688585895126
mp-1380,Zn3Ru,135.455,55.505,146.9240046171647,58.45735713494851
mp-1416,NbF4,33.398,27.791,142.5670614951139,55.94479047998691
mp-1423,HoC2,117.335,42.118,129.47934688272517,65.98790388572239
mp-1441,CsO2,18.38,4.644,31.095850485343085,12.75966203941733
mp-15624,Sr2Sb,27.607,19.874,29.640962351047676,20.687221337873
mp-15697,Sr2As,31.995,22.573,32.13508121535604,24.91948178321441
mp-1579,ErC2,120.452,44.098,131.4972479484643,65.46304868316307
mp-1590,Be12Cr,179.312,70.648,150.50852348518436,170.8543625393872
mp-1620,Si2W,219.443,189.139,255.1414130329788,213.97395311613
mp-16521,Al3Os2,202.423,117.084,247.04199788581695,141.81094196718158
mp-1668,YbAu2,68.738,16.578,81.00315737146387,30.13533026943704
mp-1699,AlCr2,183.355,102.319,224.59187758980124,119.72623585536712
mp-171,VNi3,217.129,101.539,238.00964259814413,104.19861698500796
mp-1749,CaAl4,56.287,6.588,57.43935769622264,34.93603343487824
mp-1827,SrGa4,48.048,23.313,52.29799188796111,28.05263111422703
mp-1834,NdAl4,70.958,21.595,76.38759152091225,48.24226913717507
mp-1842,NbAl3,126.155,103.51,141.7802030367744,88.52379319043413
mp-1866,KO2,24.246,9.593,38.38967757829196,18.585117922348495
mp-1879,SmS,17.244,55.552,38.38755731726661,23.08637605204616
mp-1891,SmAl4,72.01,18.401,74.48341598867674,43.94182543981061
mp-1903,BaAl4,50.737,29.625,52.87605906163913,39.86361289591296
mp-193,Zr2Cu,105.707,46.073,112.335161369256,39.13978785817481
mp-1973,NbGa3,122.973,86.662,141.6011781616029,73.96689773566867
mp-1976,CaGa4,51.077,6.594,54.01885897287971,23.126964664963243
mp-1995,PrC2,97.481,36.052,101.95668411543971,54.98808271385513
mp-21109,LaAl4,70.525,25.994,73.55365938443478,45.46657696452496
mp-2119,TbC2,114.409,39.897,137.6808386482785,65.82326267331055
mp-2120,HoAg2,76.004,33.252,70.3416579648522,30.25290713684316
mp-2123,Nb3Au2,174.046,59.048,196.66906657347496,55.01679659333755
mp-21477,RbIn4,22.069,12.4,27.3090356033814,14.88143122951934
mp-2221,Zr2Ag,97.936,39.298,110.77096300682122,36.44831021355754
mp-22508,YMn12,138.221,87.231,182.33961704495073,83.4859888610244
mp-22687,BaIn4,33.333,16.521,39.88401517892187,19.563264343346788
mp-22859,HgI,10.38,4.529,16.005413299643177,8.433313600376527
mp-22897,HgCl,11.79,5.628,23.851623278255367,12.103088936014714
mp-2297,NdC2,101.733,37.086,118.34517092450264,52.058095757744915
mp-23177,HgBr,11.597,5.809,20.66908696021673,10.246512372946489
mp-23194,LaI2,10.546,8.796,40.1139397942918,23.522802820343884
mp-2348,Zr2Au,119.202,46.202,133.06116821126943,36.90950203919578
mp-2352325,HBr,9.513,5.496,3.439024075138355,2.128616724485723
mp-2367,LaC2,92.301,38.059,117.9351980982584,46.280699517387355
mp-24286,ZrH2,131.134,31.121,130.56588187057204,55.82874981944019
mp-24291,ThH2,88.564,12.304,105.6446445339971,33.49329420379831
mp-2466,ErAu2,103.81,43.716,100.1650606660946,41.81579044984317
mp-24726,TiH2,140.725,17.855,137.48461275215482,61.29848411108221
mp-2482,CaC2,56.56,15.017,79.40889509192465,40.442952473814046
mp-2486,UC2,173.368,76.295,232.86259687036187,113.16855924057757
mp-2554,Al3V,122.019,98.236,145.18706734891776,93.6506975467922
mp-2592,Si2Mo,205.746,180.217,247.14944455956245,197.7495386374518
mp-2614,HfAl3,106.503,83.451,107.94620169799626,72.24165634070098
mp-2618,DyAg2,74.554,32.809,70.93774872172811,28.372124588998407
mp-2630,SrC2,47.378,11.912,66.60925525819103,34.88484260669572
mp-2643,Ti3Cu4,132.608,57.91,154.65340750642517,53.48314099671277
mp-266,Zr2Pd,123.894,49.979,142.3300885929314,43.35969357342887
mp-2697,SrO2,71.147,44.189,103.48950179075068,48.864552018629496
mp-2705,VPt3,247.745,108.174,293.75233378222276,114.8080164571341
mp-2706,SnF4,36.861,31.729,117.02834986544624,54.323818931241455
mp-2731,TiGa3,97.756,73.321,97.32626795407664,61.669026856960095
mp-27668,Mg2Ga5,51.099,24.366,55.21722639772856,28.335478152596977
mp-2768,Ba2As,24.595,14.75,27.756145211744226,17.29132515420435
mp-27731,HfH2,146.977,37.678,133.29086734983372,56.87007811548862
mp-2775,SrAl4,54.006,19.453,57.028123648896745,37.83749721528951
mp-2839,CeC2,95.24,34.764,145.54338321093195,54.676343511396894
mp-28753,NdI2,2.392,9.017,38.32893207923835,20.36141034786464
mp-28919,Hf3Te2,37.225,23.847,91.51922860392412,47.89094107013569
mp-30339,ErAg2,77.336,34.07,73.57372094198729,31.131943652181597
mp-30358,TbAg2,72.426,29.94,72.4519287398238,27.78567570021503
mp-30383,Hf2Au,133.005,58.098,143.91948936502445,50.88046790341121
mp-30409,Mn2Au,107.796,40.081,100.59199206692684,57.005896705996626
mp-30488,CdHg2,30.017,10.68,28.430829298916596,3.3365524963953774
mp-30501,Ti2Cd,89.283,29.006,106.97621826994664,46.42516811981457
mp-30581,Hf2Cu,123.959,54.412,132.28074386015226,51.421366576274266
mp-30599,Ti2Cu3,139.182,34.657,143.9781563235568,13.55170511321215
mp-30685,ZrGa3,97.364,72.855,103.53132462040774,57.85694740115292
mp-30836,TaPd3,210.488,86.887,239.39065207716527,90.2284361642814
mp-30852,TiPt8,240.535,86.388,296.8007643655517,91.00435312826306
mp-30883,V4Zn5,125.541,38.221,141.53050186399784,50.77818152462877
mp-30886,YZn12,79.823,54.123,89.10450176173971,44.854553258814654
mp-31138,MnPd3,146.973,53.987,183.63625465057277,59.56432223011922
mp-31178,DyAl3,72.759,52.022,62.34990760367602,43.042403113366554
mp-313,YC2,113.31,41.291,147.7321951604512,71.22628910655833
mp-31379,Zr2Sb,106.569,29.962,118.88170811659867,57.53612103787575
mp-323,LaF3,127.629,35.883,135.62408097663177,44.347055072015394
mp-32994,Hf4N3,225.032,97.549,252.47591598072037,136.94013224564034
mp-335,BaGa4,47.617,29.226,51.91868467401398,31.131449730122476
mp-341,PbF4,31.019,23.519,81.5286686950955,39.3152222683541
mp-395,ZrAl3,102.705,84.766,112.33186745393964,69.28409339161142
mp-454,NaGa4,39.224,22.906,45.793637308144056,23.8653406630536
mp-541840,DyC2,117.411,41.047,132.65258576139613,66.42663044498708
mp-542595,Ge2W,170.049,131.74,208.21160115750368,147.87010589048907
mp-542915,TiAl3,106.208,86.395,106.3199177162736,81.02043874720812
mp-555,Fe8N,185.005,89.567,182.07896868077125,80.58962616622365
mp-560,TmAu2,105.164,45.148,94.3922528397181,42.10404610843324
mp-567842,TaBe12,136.248,146.834,153.47106813184428,171.75433936028725
mp-568069,Ti2Bi,75.979,24.038,100.71581328830918,42.349334804069954
mp-568718,HfAl3,106.136,83.347,111.85137355281051,66.7505909340054
mp-568827,Be12W,144.936,154.988,180.1093138525154,183.98618025607547
mp-568912,Be12Nb,134.036,144.017,157.1454733367596,166.24746096113722
mp-569167,Nb4N3,282.104,142.488,338.94988957775877,103.2294279569168
mp-569535,Ca2Bi,31.265,22.911,30.91374931821654,23.043244302416525
mp-570179,TbAu2,96.855,38.817,102.14155929278756,38.683229986517674
mp-570197,Bi2Pd,52.094,15.119,85.60663550172202,20.284125578477404
mp-570286,BiSe,3.452,2.447,29.46646041571894,10.918619751940286
mp-570491,TaNi3,221.34,97.022,234.15700916536375,97.5966902631382
mp-570578,ZrIn3,75.835,48.163,84.23690184292697,37.327787171867264
mp-571030,TlPd3,133.935,41.898,148.37936325974658,33.15002460785633
mp-571438,Be12V,129.504,147.448,156.46375217675535,172.65955897808573
mp-571622,Be12Pt,132.244,33.971,161.74738915304542,161.22196996429685
mp-634859,CaO2,58.943,123.9,113.88167158095445,56.99142608888343
mp-684709,K3B17,97.13,68.913,156.65481034745065,106.09729979129337
mp-706,HgF,31.037,11.783,47.27481502633501,17.892040621668876
mp-7188,Al2Os,190.012,142.279,241.30710837216185,141.76690820891753
mp-742,Ti2Cu,130.928,54.059,131.58008886151043,43.02347756423702
mp-759,La2Sb,49.613,28.914,54.18089902511284,31.585067344786584
mp-8093,Ba2Cd,14.827,9.934,17.45228601013,11.126080272166272
mp-8094,Ba2Hg,16.104,9.961,18.65682727439177,11.167305042614926
mp-861653,ThH3,101.664,30.932,106.40118013341888,33.823462486175515
mp-861975,PaO3,252.209,54.533,294.1726837531676,76.4078238434368
mp-862658,LiCu3,92.453,43.619,105.11294963390236,39.64103211649328
mp-862714,Be3Ir,189.038,188.109,179.98528644899207,4.91288658510514
mp-862716,LiAg3,66.506,24.289,72.07348295359502,24.122131772363023
mp-862798,Pt3W,283.476,112.353,355.1914015231177,109.89929498915032
mp-862901,PmF3,136.242,46.704,117.91570059627804,43.39388913168386
mp-863709,Ir3Rh,324.498,203.512,435.4260284954127,201.6767687985549
mp-864742,Na3Sn,17.492,5.7219999999999995,19.441395524157272,8.07410732896922
mp-864758,Na3In,13.554,5.917,13.392922508675888,5.896739600448205
mp-865168,Be3Ni,153.479,267.579,160.71269098885796,84.94292470488867
mp-865194,TmF3,152.068,39.096,121.94937096519436,46.99181542437943
mp-865342,Zn3Rh,128.64,48.806,137.01757875052502,40.2164660042684
mp-865355,Zn3Pt,137.109,52.461,146.67288242378768,46.99070264143115
mp-865357,Zn3Pd,111.133,44.23,122.73551842247096,35.435833355870365
mp-865362,Zn3Ir,146.356,52.945,155.39066775414284,41.84145843442479
mp-865425,ZnPd3,151.261,36.377,168.34824169996244,47.184404754693134
mp-865558,AcTe3,47.939,20.884,55.34275296575456,12.75156819432628
mp-865562,Be3Ru,180.438,123.56,170.79121700442082,98.62671468041972
mp-865856,PaBi3,64.281,26.866,70.62811282215138,19.086049173916347
mp-865900,Ti3Tl,108.872,59.015,106.59209918146072,48.63593780957606
mp-865939,LiMg2,30.17,19.141,31.882411507476988,19.1723778091338
mp-865985,CdPd3,135.78,42.281,152.97474046039815,43.0528315036788
mp-867347,Al3Tc,142.913,80.316,147.47564848280174,-32.1942859509835
mp-867780,Al3Cr,106.001,84.189,110.5777775673871,76.66301819785863
mp-869,TaAl3,132.414,103.376,136.4393421155038,93.28562159717788
mp-873,VPd3,190.816,75.46,211.02198732958396,91.06336804138589
mp-8937,CrSi2,189.969,171.077,254.6852451001375,206.99364461475733
mp-971718,ZnBi3,49.557,24.613,58.33677816263384,7.135280436030894
mp-971779,ZnRh3,209.272,91.273,244.57289043581537,95.17356533687206
mp-971928,Zn3Ge,65.75,7.68,67.9084916498274,1.0346087782489048
mp-971948,Zn3Co,101.878,15.75,123.19216667413436,40.9985149602293
mp-971950,Zn3Sn,51.36,10.059,58.36320651156531,-2.980535238649112
mp-972069,Ti3Ga,116.433,64.387,121.56714772640802,52.142281679544546
mp-972077,TcGe3,114.297,2.215,119.10858964439296,72.67655876662565
mp-972088,Zr3Zn,94.083,40.008,105.33615656697584,36.1205785820061
mp-972202,TcAs3,130.278,40.429,160.8273035847389,193.49915236205229
mp-972285,Sr3Li,11.008,8.744,12.252559228637518,4.671507391531035
mp-972324,Tc3As,247.646,89.479,280.1283036864525,24.10147943262105
mp-972326,TcPt3,261.344,134.934,344.91249501557985,117.7030939614304
mp-972353,U3Pa,96.534,34.507,81.96180604194056,48.2056261614548
mp-972828,Cu3Si,136.43,53.369,152.3904869884889,47.290981439090075
mp-972874,SeBr3,15.512,9.245,19.117940497900477,5.012977318278242
mp-972908,La3Dy,29.518,15.277,19.264912385727744,19.1725963917324
mp-972912,La3Er,29.595,16.724,25.100128673066735,19.41476995578399
mp-973022,ScRu3,203.422,59.908,222.63063317491623,51.01540867287101
mp-973092,ScCu3,103.118,39.197,111.41006488053809,36.42227228394021
mp-973174,NaAg3,52.516,21.232,57.18102186791669,19.563507897041053
mp-973175,ScBi3,55.254,20.144,63.11979115625762,4.620345869872596
mp-973181,Mn3Zn,199.466,65.253,138.99400792401156,60.618680054833966
mp-973250,KLa3,19.467,6.112,18.004350983750587,8.261727414560998
mp-973554,K3Sm,6.764,12.973,4.283145505809864,1.949280552705326
mp-973627,K3Sr,4.92,1.335,4.781791280692206,2.0910813310742524
mp-973736,GeAs3,68.682,5.8100000000000005,78.84218558211631,171.82629527842894
mp-973767,PmBi3,53.458,5.094,55.82808583123811,14.947985512657388
mp-973792,Pa3Tl,90.32,17.107,97.8511841105162,35.3623735213838
mp-973896,Ni3I,140.931,23.914,123.93479936532246,20.90245094548756
mp-974330,SBr3,16.635,8.547,26.43793184672585,11.243767558560776
mp-974332,S3Br,23.338,10.805,18.353596557066357,15.382947123478443
mp-974358,Ir3Ru,337.871,226.427,442.33691749250823,239.35434973071463
mp-974416,Re3W,342.858,146.125,344.1271573757815,63.58778645747038
mp-974430,Re3Ir,366.016,218.264,396.6162062042749,210.27219694464537
mp-974616,Pt3Rh,249.556,79.874,313.87487759919054,73.32246510974412
mp-974738,KSr3,9.273,4.848,9.726358137515218,4.598908935816228
mp-974774,Rb3Tc,5.4030000000000005,1.895,6.850779621012998,0.6014445578665099
mp-974982,Rb3In,5.083,0.931,6.0910023106289986,2.6759887249508427
mp-975043,Rb3Ca,4.327,1.545,4.9936007746030935,2.1409333445503465
mp-975055,Rb3Ac,5.073,8.733,5.787966802566646,2.842734100022584
mp-975222,RbSr3,8.532,4.504,9.19236264433359,4.753152217716153
mp-975253,RbPr3,20.132,7.573,13.252976661790692,7.052080369896164
mp-975404,RbCa3,11.18,5.022,12.3994596607348,5.065384007861209
mp-975794,Li3Be,26.474,14.376,28.919835740705427,9.098226536679125
mp-975868,Li3Al,26.875,18.203,32.28387434352634,10.0563749999347
mp-975882,Li3Cu,31.489,12.521,26.92689148457044,10.684937673739082
mp-975904,Li3Cd,22.645,8.36,25.45934556821152,7.551406455279452
mp-975906,LiAl3,62.466,39.623,61.34816483132885,29.90394843936695
mp-975909,LiAu3,102.226,31.714,112.4889736884493,32.25019725316592
mp-975912,Mo3H,203.988,63.201,214.92433799720527,29.190624009604896
mp-976047,Li3Hg,25.641,15.939,2.0541742498223554,7.540113771304158
mp-976055,Li3In,24.671,16.433,26.04488225354497,10.793668663339847
mp-976075,Li3Ca,14.299,7.417,17.313164137513933,6.133390616713101
mp-976106,Hf3Tl,104.481,55.501,117.0215281521872,48.15740428146093
mp-976150,NaAl3,48.882,25.378,48.519429849822515,23.285333693780853
mp-976263,Li3Nb,31.347,26.561,34.663896423386,17.60747668884832
mp-976407,Li3Ac,16.677,8.239,20.912545712209074,6.808964204788934
mp-976408,Li3Ag,25.865,12.498,27.12631422824452,8.924034424321734
mp-976414,Li3Zn,23.562,63.284,25.99555989873508,7.36013775839355
mp-976419,Hf3Bi,102.841,29.873,107.80354613170137,9.698548619121478
mp-976422,Hf3C,114.527,16.594,112.03199449816243,26.78548500111625
mp-976768,NaMg3,27.664,5.894,25.879243363802903,4.619720444152687
mp-976774,NiGe3,86.001,21.624,97.37458627078028,5.335849055911095
mp-976818,Ni3Au,173.428,60.99,202.547820184602,68.28813281350132
mp-976870,NaNi3,96.01,36.546,106.88748010805853,35.76000040684002
mp-976971,NaPd3,97.437,36.663,100.64593884708346,33.378439297086956
mp-977057,NpAs3,99.455,30.199,95.1931306904369,36.29573706952577
mp-977128,NaRu3,172.715,41.644,195.77830615181975,31.619802723762778
mp-977230,Li3Tc,37.523,15.88,37.62470551134699,23.91290916241007
mp-977264,Pm2Mg,36.536,16.61,22.556331577592783,4.173480078972809
mp-977385,NpH3,95.25,58.63,136.31378132632503,61.631886736278474
mp-977403,Na3Tl,12.052,5.181,11.634000167376088,5.4168374746695545
mp-978272,Mg3Br,26.088,11.401,27.928957386905086,7.387745663857492
mp-978277,Mg3Cr,44.069,22.719,46.913747160194525,13.34085112879072
mp-978280,Mg3Ga,40.626,19.659,42.74626781153159,17.618750066094933
mp-978283,Mg3In,38.832,20.553,39.7311049654754,15.108203325352516
mp-978290,Mg3Os,85.241,31.04,91.13578563070034,37.541323515209434
mp-978293,Mg3Pb,36.348,18.965,40.393004444109515,10.137423968684216
mp-978524,Si3Ag,84.687,20.54,98.04086667561478,1.744614547552284
mp-978546,Sc3Sb,66.598,39.34,73.39054940562146,32.91375840506276
mp-978552,SiRh3,238.173,104.483,269.31266563595926,96.67774583937071
mp-978798,Sm3I,32.856,7.791,10.453552857581396,14.90273396108807
mp-978832,Sm3Pd,47.59,3.231,37.07005499381908,10.25933074071468
mp-978969,TlAu3,86.313,9.318,97.8537115640164,3.546962902419374
mp-978993,Th3S,58.463,21.612,59.64206632334832,-23.205421820873113
mp-979014,SrAc3,20.33,12.317,21.724199859620956,15.84598179390644
mp-979115,Ti2Ag,115.12,38.471,119.20883561100796,42.208750765702675
mp-979413,W3C,261.699,161.716,309.0216148191922,128.31876426502177
mp-979938,Yb3Tc,31.688,15.305,47.38995037720231,14.221836716800722
mp-980192,YbOs3,224.333,46.685,224.27838913440849,58.43418569278607
mp-980204,TiP3,107.326,23.118,87.56307950221273,-37.25715333479287
mp-981210,Tl3V,37.409,4.946,44.3124715308623,6.711739083803259
mp-981232,Ti3Nb,122.685,24.306,137.78549397710228,-10.990090240182468
mp-981383,ScSn3,57.057,1.311,62.71386587240555,11.141884933989749
mp-981385,Sc3P,67.696,45.595,71.11219021946077,37.869898825743746
mp-981391,Hg3Ir,103.752,7.568,118.91108114004224,18.356695917914163
mp-981547,PrH3,83.047,42.938,89.55547267532009,46.39209613976438
mp-981749,TcAg3,104.348,34.212,120.05867470482298,28.30294908639768
mp-982195,KNd3,22.351,7.949,10.587494359306554,4.390004126899945
mp-982381,NaCu3,67.875,23.089,76.39012888341449,27.899540452965773
mp-982637,Na3Mg,11.333,4.612,11.008456286738337,3.483322935468191
mp-982664,K3In,6.456,3.082,8.466910266620841,3.1302069309288054
mp-984050,BiH3,73.332,26.673,91.07379929091292,18.34049372226967
mp-984523,CsCa3,9.811,4.65,10.714424097736504,2.150639438273526
mp-984705,ErRu3,181.137,33.566,185.94191306037868,34.83117532760689
mp-984772,Ce3Zn,34.023,19.568,46.89502671628452,19.252581581048137
mp-984796,BaTh3,37.503,24.562,34.876731510981465,22.178889520911955
mp-985059,AcLa3,25.05,12.805,26.916799038407152,20.39863194384184
mp-985278,AcF3,114.006,34.219,121.91706099012347,32.740053009227736
mp-985280,Co3Bi,147.231,46.944,133.1977082693086,46.25463251965089
mp-985295,Ag3P,90.676,80.813,101.33131289227866,21.373737957084717
mp-985296,Ag3Pd,105.215,33.362,118.70050597510412,33.90297337031454
mp-985299,Ag3N,102.239,14.492,107.15381880635148,19.96680938958022
mp-985551,CeY3,31.059,20.343,29.846457645200964,23.129642534409175
mp-990,HoAu2,100.832,40.982,101.27231312950651,40.52444687679435
mp-9925,Ca2Sb,34.964,25.74,35.130455558585496,26.197399322828463
mp-999204,ScAl3,82.594,67.287,82.7426199174786,54.23533507417853
mp-999441,Nb3Cr,181.79,54.324,197.363586661042,69.4411141031105
mp-1267,NaC,35.167,3.296,54.132383890489194,28.558978031019414
mp-1573,Sn2Pd,82.369,31.702,88.72621378608338,31.67248304129338
mp-31277,Sn4Ir,71.396,37.376,95.15382163743423,39.196428772719464
mp-10128,ThGe2,85.821,33.162,106.05017296576956,36.659870051971176
mp-1014261,IrO2,192.223,75.26,263.22760415127846,95.45673935293344
mp-1018026,LiAg,44.019,14.296,46.459567703746686,18.4544493202337
mp-10213,YGe2,68.32,21.049,84.35820966492993,25.33421576194553
mp-1080664,CrB,304.935,230.98,394.21468228588105,277.7344368058748
mp-11722,PrGe2,64.615,22.802,75.6638046701011,26.931499942000237
mp-12750,SmGe2,68.822,24.776,70.5534464951487,28.689248937032712
mp-12769,YSi2,85.55,19.816,96.5825388441622,46.00915534783288
mp-12770,DySi2,88.042,18.126,97.180130422919,57.986863472735074
mp-13444,LiSn,37.597,17.536,38.63016660811322,17.82919956350728
mp-1727,SrSi2,52.527,34.563,53.8213005076991,38.01069646972437
mp-1890,BMo,311.129,205.308,384.7551264523815,232.59208881053405
mp-1898,CeSi2,89.084,47.956,97.46523820426684,62.920849767782194
mp-19761,LaGe2,62.983,17.74,72.38014625942112,27.881047330212738
mp-2062,LaSi2,79.133,37.317,97.78385936269945,54.08883491336256
mp-20800,ZrIn2,81.529,44.771,83.20363383638265,39.40776868744317
mp-21192,GdSi2,78.62,22.205,105.24010460487278,62.11399892994833
mp-2129,NdGe2,66.327,18.615,68.91396832328307,28.22667766913275
mp-23160,ThBr4,26.598,15.046,51.07139041635771,20.374243107340018
mp-2611,BaGe2,39.558,22.184,41.93549428983882,22.280559719328828
mp-27760,PrSi2,80.53,27.008,98.46866438501932,56.735107735538975
mp-27953,Mo2N,377.071,182.174,355.64563037545025,122.13681804468256
mp-27954,CuN3,15.781,4.885,64.21946684946379,44.00061347866406
mp-2831205,Cu2S,87.619,20.647,100.6332158258339,31.52053328117656
mp-2844,ThSi2,106.389,45.354,134.28294566441167,62.51624381052687
mp-30682,ZrGa,113.596,75.217,107.68467056822,69.77844746924305
mp-32780,AuCl,10.267,2.471,47.28683434882054,10.330210421390696
mp-33104,Sm2O,80.158,44.22,67.74128877230544,35.652807331174486
mp-390,TiO2,184.247,47.35,220.29441717155248,95.69716964580608
mp-567705,TiAl2,109.691,81.43,116.28657834694285,77.58123259429392
mp-570140,AuBr,7.634,1.239,36.59860518942503,12.040431368643745
mp-571342,TiGa2,105.655,67.761,111.5729735740959,56.87770008415799
mp-642659,V2H,191.732,57.721,201.156458297545,53.63792725878592
mp-754403,ZrO2,169.342,39.788,212.5214031457668,85.31294442732666
mp-755071,SnO2,139.796,49.089,178.4880389475711,88.49315418086162
mp-755690,NbO2,181.643,94.335,276.28460815188197,77.42843008213188
mp-7790,Ti2N,179.192,105.086,232.50552863645984,116.21180110810737
mp-7832,BW,341.8,196.608,387.3588883009788,230.04246355774637
mp-862,CaSi2,58.747,28.878,61.136491360088634,33.8193784538244
mp-884,NdSi2,81.814,25.855,90.09657000230705,60.61960685826369
mp-971683,C3N4,68.864,51.344,141.9416356713286,116.0298152255811
mp-2716,TiNi,150.897,38.05,167.5563876135483,51.69570938661754
mp-14112,PdF3,35.031,20.591,93.20221340228996,35.84362036652381
mp-1974948,Na2O,46.967,23.696,51.288833462476305,33.41441236436932
mp-673635,Fe3N,201.279,93.123,195.345498876426,97.77824425192154
mp-753629,Zr2O,153.477,76.375,177.71990866235112,93.67406607765858
mp-10293,BaC2,40.469,19.114,62.114459807449094,31.36284913821805
mp-10390,Ta2O5,126.687,71.615,271.87337981891244,138.14162079912902
mp-10497,SrC2,49.739,21.069,69.77035133520664,36.17592972681304
mp-11508,MoP4,135.442,96.673,149.7882310390937,98.56289461090832
mp-1167,CF4,4.638,2.075,92.7486910827444,48.189857758799434
mp-11684,SiO2,110.695,59.798,223.57950522006252,137.55717267996909
mp-1233,Cu6Sn5,79.958,14.854,89.2792834518651,39.88769038283047
mp-1575,CaC2,58.177,23.224,86.70720558802384,42.62681786852106
mp-1705,Sb2O5,125.537,75.478,198.75887577259545,120.16272892998168
mp-1819,SbO2,82.545,56.104,166.01748215806904,90.94140023804962
mp-21325,KO2,16.347,9.297,37.77959893815405,17.111614580370865
mp-2402,NaSi,17.961,10.842,37.52545027023233,22.316084235123675
mp-27148,BeP2,89.366,72.774,97.5893045566312,70.14774737808168
mp-2794,Fe5C2,230.615,87.878,241.24220575697143,124.78691982091809
mp-28266,P2Pd,110.324,58.503,129.14349534798023,71.22122952793463
mp-32570,Al2O3,197.042,111.213,239.74038577545085,159.26651292444015
mp-486,NiP2,113.025,67.142,135.7545950081746,78.73493152194366
mp-540783,OsO4,3.799,2.284,130.88733659556814,58.96148718997602
mp-541013,TiI4,1.991,1.848,30.121545922362586,14.639642403638312
mp-557837,SiO2,14.613,32.297,168.96766364871286,91.3861185338854
mp-557993,BiO2,51.48,28.904,142.0671763969366,68.84078032771737
mp-558733,SiO2,263.994,193.946,319.356648339313,232.44939330476936
mp-567907,P3N5,148.829,88.001,219.07811940961307,145.15232750502994
mp-570553,FeP4,135.276,114.39,167.81385495373848,119.9625379501015
mp-571193,MnP4,137.018,116.03,144.33288674476714,128.8829858004833
mp-7302,CrP4,125.759,101.107,126.232213505467,107.6904926275822
mp-7547,BaSe2,30.263,12.256,41.20777653886064,19.829469860158703
mp-755453,MnP4,130.329,97.194,140.18544944566898,116.99213782036352
mp-28731,V6C5,237.852,175.41,338.71652025459434,198.71753127890335
mp-15951,BeF2,21.345,27.825,102.62592699833463,59.13753447030146
mp-306,B2O3,33.164,36.019,203.4045728991408,123.04715334783435
mp-489,Ge4Ir,108.621,58.027,135.88898285738773,71.25562308014547
mp-553432,TiO2,21.691,18.21,124.85570894772788,48.64254343603548
mp-634,HgS,9.306,7.553,43.73759444477729,18.094805835296153
mp-7000,SiO2,29.797,46.637,190.42991807281712,115.15114394783124
mp-733,GeO2,37.861,28.881,149.4734056999405,97.59829526740468
mp-223,GeO2,32.439,27.681,149.57034398041975,97.65553948966864
mp-6930,SiO2,33.568,46.226,190.12867702716056,114.34042704301068
mp-9252,HgS,7.841,7.541,43.610908123756104,18.065383478794317
mp-2056,Ni3Se2,105.255,47.072,139.8101751903111,60.73083442977426
mp-2351903,MgHg5,23.95,4.889,23.41117206044028,4.826339636879073
mp-30418,SnAu5,114.725,21.951,136.704178621328,17.839946378771923
mp-362,Ni3S2,126.928,55.258,166.68264475122498,67.32598252139245
mp-546546,SiO2,63.433,31.521,155.7424557308357,104.62769222211617
mp-569103,Mg3Hg,40.607,6.856,45.037499651274,22.35304693536664
mp-976976,MgPd5,140.811,37.371,160.80593153416606,54.53407678816011
mp-979459,Sm5Mg,35.469,16.772,9.247041865222656,13.74610640649518
mp-981935,Li5Mg,17.319,8.46,18.847713320229364,9.964013011118755
mp-1018649,BC5,376.878,331.922,432.2848814059826,382.7090062430439
mp-568619,SiC,213.208,188.038,251.498934032962,190.93801832389025
mp-568656,SiC,213.229,187.484,251.88773386534703,197.58702973612017
mp-568696,SiC,213.095,188.173,251.652565907772,197.36051672167875
mp-568735,SiC,213.254,186.767,252.02942276984723,197.7198105930491
mp-570136,CuI,8.869,6.081,42.116868944302695,16.846233550178045
mp-570437,CdI2,6.7940000000000005,3.143,27.864100924278212,8.695745815087482
mp-570791,SiC,213.212,187.261,251.92330664376573,197.2358016984224
mp-570985,SiC,213.186,187.274,251.82184202559296,197.31683350962933
mp-582034,SiC,213.198,187.685,251.7370889533943,197.0617186078968
mp-775808,MgO,115.534,50.63,128.8738072745891,82.11915464962878
mp-995181,SnGe,4.869,2.614,7.129903016698575,5.030358957891131
mp-16886,CdAu,93.631,26.46,104.84679768967176,20.31356995387122
mp-597,TiNi,151.359,38.641,166.70758703624043,53.69988545967021
mp-12699,Ca3Au4,51.992,16.615,60.396900253148026,24.273989944357353
mp-12712,Zr3Pd4,144.324,30.697,161.2276712214932,43.9718845307935
mp-1407,Rh3Se8,74.501,46.162,124.57020597753892,74.04403440133093
mp-2164,Mo3S4,75.814,45.381,155.64370586499302,75.72538491829754
mp-22849,BiI3,2.668,1.95,27.085822117773947,10.481927615960114
mp-23204,FeCl3,15.609,9.15,36.59635142451881,26.325112324614953
mp-23218,AsI3,3.438,2.604,30.72429467387013,16.100573049304096
mp-23275,TiCl3,6.025,3.743,54.357373282794136,22.08355201402773
mp-23281,SbI3,3.21,2.106,27.92996924057697,10.81790635543799
mp-23309,ScCl3,5.757,3.138,47.68398998644692,21.865896819813
mp-27734,CrBr3,6.419,4.002,46.23510830452122,23.862852114859542
mp-2832,Cr2Se3,55.481,30.395,78.14015501775772,42.264499864949606
mp-30066,Sb7Pd20,139.813,28.979,161.66211128992143,46.065694379139714
mp-30357,Sr3Ag2,21.352,9.351,24.54295946582886,13.127309446286892
mp-567504,CrCl3,8.799,5.642,52.24918809046493,25.51066135027023
mp-567653,Ti3Ni4,156.786,39.688,174.83175411868467,56.37768542626822
mp-571518,WCl6,1.611,0.526,52.91899345501168,24.53083789998118
mp-669546,AlPd,149.807,62.629,177.23359638751833,69.83538672821211
mp-754455,Sc2O3,138.896,69.54,177.62713949713975,97.19570361434076
mp-754624,Al2O3,187.289,110.963,237.41556462450535,153.09779535366715
mp-8601,Te4Mo3,32.683,13.203,106.96432317773235,53.19437352716432
mp-9888,Ir3Se8,83.125,55.304,133.0918984888765,82.4721835914574
mp-1105780,Bi2O3,33.361,27.707,128.57264454825463,56.77729820701278
mp-2245,Si3N4,222.026,133.615,257.9786473412559,184.26519276255985
mp-568867,Si3N4,190.714,69.364,230.21534166851436,152.17122030152004
mp-672289,Ge3N4,163.42,90.833,184.6738747557315,134.27480578586554
mp-248,Fe2N,248.656,92.438,220.14761017435825,88.73318704694353
mp-33090,V2N,268.043,142.833,294.13724482884203,130.89917699744973
mp-567397,W2C,335.85,169.09,365.49862636937195,169.60534594879655
mp-569157,BiI3,3.613,2.172,26.21776729506313,10.23622092226413
mp-8780,Cr2N,288.234,141.769,281.20266578388896,137.86522064550766
mp-10014,TaS2,27.546,18.066,125.80693040138408,63.819179955553
mp-11342,GaSe,14.697,10.32,53.503207081508044,34.69512004668723
mp-13150,BN,94.626,71.023,111.06061470220818,75.99540271729877
mp-13456,ZnS,68.983,33.527,78.37753819983182,45.64576061770254
mp-1408285,TiO2,86.709,32.379,185.21981810978824,98.39215104747238
mp-1434,MoS2,24.506,16.102,143.52533611109112,91.01102318937994
mp-1547,NiS,120.17,60.39,147.68588410271948,63.101135652053316
mp-15651,NiSe,109.537,46.377,124.68767778252464,50.10002319626311
mp-22691,InSe,11.006,7.042,46.8048298992608,26.22394256971165
mp-23162,ZrCl2,15.281,12.215,73.59629056748751,50.14415365167886
mp-554405,ZnS,68.961,32.743,78.55552211599833,46.15540339144469
mp-555280,ZnS,69.547,33.563,78.24608343940629,45.06275187042977
mp-555763,ZnS,68.882,33.044,78.5973792908384,45.62248357074493
mp-755483,Al2O3,212.651,103.635,238.03366457926776,157.55509545835886
mp-7581,MoSe2,19.537,14.459,117.7002954846175,74.56807745794109
mp-7597,NbSe2,20.516,13.817,93.25746672785854,44.98561844895637
mp-7834,TaSe2,22.878,14.651,100.338061105449,50.03799874515405
mp-938,GeTe,33.016,20.165,54.5794234257393,26.092918118811113
mp-966,NbS2,9.643,18.841,112.66212242038786,54.63686980395651
mp-9813,WS2,28.713,22.737,157.7781058553548,100.36670038364028
mp-9947,SiC,213.105,188.499,251.6253513104254,196.79898940637568
mp-2750,Cr2Te3,42.043,25.838,59.689396113517354,30.381393243506658
mp-556464,SiO2,134.058,71.266,203.9186730674234,136.81284216323093
mp-755175,Al2O3,189.101,125.957,235.25433663902697,152.70084740036984
mp-1557,Mg3Au,57.636,34.45,68.46667066166304,34.01997829242917
mp-23706,YH3,78.381,54.412,79.68908867576177,61.531047407463134
mp-905,LaF3,102.112,39.391,128.47784156558305,49.58958532923008
mp-1008625,W2C,315.374,155.666,329.73562336816116,152.7755385835999
mp-1008632,V2C,218.716,99.627,290.6233290975584,149.0309810521228
mp-1017550,Be3N2,218.652,65.771,279.20525396182853,181.73933746691517
mp-1017552,Bi2O3,118.12,31.132,142.38573367720653,63.66341709390588
mp-1018107,ZrTe2,13.477,13.397,60.46147345983528,29.403235342099723
mp-1018138,VI2,9.164,5.8,27.16645976859561,16.28148872519215
mp-1018150,NbTe2,21.331,15.431,69.8069190021301,36.61665359746237
mp-10196,Ta2N,270.475,117.555,301.9814210926185,118.20296564889424
mp-10228,NbSe2,18.487,14.958,96.5446277281128,48.96859234593565
mp-1023939,MoS2,15.035,10.803,81.72049851699236,52.205737136554255
mp-1025044,AlNi2,170.075,37.02,185.88070916592997,47.6455728404424
mp-1028698,WSe2,16.447,12.676,95.73730127647984,59.861607684392304
mp-1038975,MgCd,40.188,8.885,43.89110902578093,16.76611458347984
mp-1057,Al3Ni2,131.24,87.345,143.15770762722752,89.07577718297918
mp-10886,Al3Cu2,97.903,49.461,115.62380503424528,54.47915795663901
mp-10901,Al3Pd2,127.891,63.127,145.7878791739373,69.52338194251712
mp-10905,Al3Pt2,150.267,77.09,172.2773844479656,76.22397737796857
mp-11107,Ac2O3,101.296,35.758,119.21218665995876,56.96231867551017
mp-1115,PtSe2,2.293,11.679,91.49485680369516,39.13268712241121
mp-11397,Ga3Ni2,118.283,64.945,135.71184562567004,73.10231255659382
mp-1170,SnS2,13.762,10.862,71.35884228401719,32.54922491309351
mp-1186,ZrS2,19.062,13.618,88.5400151174614,44.3035229500602
mp-1215,Ti2O,183.19,110.136,187.81336879475273,91.5474648933412
mp-13061,Y2O3,140.624,43.654,167.11659793022326,91.06053862002672
mp-13068,Lu2O3,155.662,47.365,191.4985993767183,105.59707975643114
mp-1391,Ag2F,78.406,18.365,84.63296407614064,20.653374941911977
mp-1690,TaS2,21.703,15.8,118.17548476254645,56.46085556004041
mp-1907,TiTe2,20.685,14.171,61.03863306579829,27.355225515018777
mp-1968,La2O3,116.022,39.07,139.08263651483657,63.54292988494829
mp-2063,Pr2O3,121.654,39.845,125.86445448334167,66.78887520097116
mp-2076,ZrSe2,15.882,11.72,76.64461880868409,38.09557278022203
mp-21385,In3Ni2,105.586,55.446,107.53419462747542,52.41389659962168
mp-21400,Ga3Pt2,130.246,34.54,140.6146684834201,48.16731604137973
mp-2156,TiS2,18.003,15.707,92.48232438707548,50.28281118198257
mp-2194,TiSe2,11.057,5.916,79.1192349558407,38.55041099217855
mp-22787,Fe2Si,237.179,122.609,224.3511369094481,111.2718119052368
mp-2285,Te2Ir,48.777,20.99,103.60195554121286,41.26845631116135
mp-22877,VCl2,10.488,9.518,42.283736855276835,20.32366084586075
mp-22880,FeBr2,10.581,5.828,29.869862240715165,14.456039482055033
mp-23178,WCl6,1.108,0.59,52.25140003713277,25.535069009864895
mp-2318,Nb2C,223.238,61.973,271.6531272356565,121.34345872006938
mp-23205,MgI2,9.165,4.314,26.65912302520094,12.879257144940608
mp-23224,BiTe,23.047,14.843,53.30951240168777,20.2726925798565
mp-2578,NiTe2,57.823,22.605,87.08369739911174,33.1840594159173
mp-2646,Mg3Sb2,42.369,17.743,50.323194580130995,25.091456894117428
mp-2721,Ce2O3,120.983,47.005,139.8046847458538,66.33934365118479
mp-27785,TiBr2,3.721,5.097,50.71005419480713,30.261412499296593
mp-28013,MnI2,7.357,4.455,30.99770858103604,9.382135625037485
mp-28116,TiCl2,12.683,6.039,60.49015270764288,33.283595914380825
mp-28306,MnBr2,9.387,6.232,37.6254183898693,12.398114875099887
mp-29803,SiH,14.705,9.255,58.8558787554101,39.12776154680313
mp-29941,Sc2C,70.965,9.328,106.2226489356116,59.406772561638505
mp-29950,Nb3Cl8,12.959,8.72,82.02073400351478,39.752486075398785
mp-30031,CaI2,3.823,2.514,21.318251871564165,9.622233142893233
mp-30034,MgBr2,7.41,2.537,34.3613400746119,16.77758397770931
mp-30769,Li13Sn5,29.762,24.659,34.017198202789594,22.646732570661033
mp-32887,HfTe2,11.738,10.089,64.39579031649168,32.08078660629383
mp-399,Te2Pt,45.176,28.839,105.27559418004576,40.20915976124584
mp-510437,In3Pd2,88.536,35.851,105.6771053545367,40.55891697754644
mp-547622,Pm2O3,129.418,42.722,148.74530944353435,76.35506060990232
mp-567259,CdI2,9.621,1.967,27.855475095804564,8.587875036247505
mp-567510,BaSn2,32.687,17.29,36.79425519277736,19.142760610369113
mp-569018,Mg3Bi2,36.731,14.436,43.207225298023346,21.28622675215551
mp-569581,Bi2Pt,35.201,11.831,76.62346607511496,17.912952376527326
mp-569708,TiPt3,234.145,105.465,271.4277792167098,108.45592181305167
mp-569916,Al3Pt2,122.683,18.02,154.22788594796546,21.542736430330912
mp-570081,CuI,7.218,4.377,43.10757340275236,15.426653476753945
mp-570122,Cr3Te4,29.287,16.95,59.97050642649742,29.554452539594323
mp-570259,MgCl2,9.627,6.587,41.517694930945225,21.165353785117063
mp-570418,YbI2,4.411,0.321,28.223312747070832,14.6009498686367
mp-571096,FeCl2,8.913,5.459,44.68775912541816,17.98267701393457
mp-571122,FeI2,10.949,5.833,14.543672424758864,14.576887287046446
mp-617,PtO2,41.116,30.048,152.53136965229558,89.92207095643997
mp-665,SnSe2,11.592,9.691,56.20336073717839,27.565160951395058
mp-685055,CrTe2,30.068,16.759,60.327275206680206,20.98464852784767
mp-694,VSe2,17.979,11.236,77.60606202028161,44.9572999922836
mp-6997,Sb2Te,32.089,21.615,57.391720421147845,21.945132618611407
mp-7088,Ta2C,260.465,145.673,293.7427665917033,153.81643111793085
mp-7390,SrGe2,46.921,25.775,49.44676233781291,29.458361905078892
mp-753890,Ni2H,201.621,75.077,221.43388978315105,83.45679133498271
mp-7540,Cu3P,123.036,14.744,151.27451804694252,27.854108480815174
mp-755263,CrS2,33.052,19.441,74.99187339796053,35.09765365838993
mp-762,PtS2,20.713,8.299,107.2317583000112,49.404949361358106
mp-7655,BaSi2,50.296,36.821,54.251698894500734,35.0077023316835
mp-7711,Ag2O,94.131,21.968,99.22405783569153,23.10198997699218
mp-782,Te2Pd,53.053,17.97,93.46074523518384,31.62068430177347
mp-7891,Mg3As2,53.676,24.175,60.58729401808737,35.31251752282454
mp-8134,UO3,168.947,43.216,238.40926731886233,55.86203561365705
mp-8372,CaSi2,60.404,34.761,58.38144907971634,38.16632591619657
mp-9561,VS2,20.333,17.569,98.19447694540033,53.48074005462513
mp-973,U2N3,198.589,92.753,219.3767255255701,104.25102716398249
mp-985829,HfS2,14.334,12.581,93.23611836831238,49.53320760596277
mp-985831,HfSe2,16.811,12.019,83.62878934218352,41.8933167065721
mp-995122,NbS2,11.912,13.306,111.86404487027056,55.29554403831049
mp-1008776,SrC2,53.228,19.779,64.45078534078296,28.495115118871343
mp-1009653,CaC2,59.422,8.76,80.12439832564283,26.850424277316787
mp-1013526,VS2,16.881,13.814,100.0769462180681,56.22866072474646
mp-1024,CaGe2,7.822,9.098,57.86218541970499,37.336688542461886
mp-10264,NiTe,34.863,15.722,89.59956152977,33.367510227751524
mp-1038972,MgCd,40.284,14.201,45.16868184148135,14.8527427640256
mp-1039368,CaMg,21.47,8.429,23.755238455456656,7.675693087721358
mp-1095562,TbCo3,35.76,3.478,131.7619360451989,50.66073576519347
mp-1102078,DyNi3,130.886,52.85,144.56262461401425,61.55458626257146
mp-1102187,SmFe3,101.016,37.118,108.97855662986744,41.277481250514704
mp-11273,Be3Nb,153.691,115.023,162.1760122957002,121.4157272051022
mp-11693,TePt,46.872,19.788,119.76915761380982,34.71051674749648
mp-1189382,La2Co7,340.64,37.755,110.3373997834128,35.35576434430355
mp-1201,Sb2Te3,19.094,13.921,56.05198747250807,22.55096862384746
mp-1223677,Ir4Os,354.211,214.796,471.6495230089635,243.227251005547
mp-1223860,IrRu,326.804,201.523,407.6238812326213,242.83770039470016
mp-12283,Li5Tl2,24.305,16.195,29.61161927365807,14.65915932274988
mp-1245,Sr2N,24.67,9.666,43.26994981214286,23.902232146372818
mp-12574,Dy2C,57.181,26.988,72.05828140383225,40.10716154189915
mp-12648,Ti2Be17,126.701,144.287,137.73318304045085,169.94940997212424
mp-1334,Y2C,59.24,31.783,80.87052015434006,47.92076831121254
mp-1346,B6O,228.689,207.712,274.9346559458662,250.01674809927889
mp-1390618,SnO2,42.723,28.477,129.00694730626614,74.99494140689207
mp-1413688,CrS2,39.182,13.302,56.09700553843968,28.007518893991087
mp-1419175,SbO2,36.048,15.287,99.69373105815625,52.63163556322907
mp-1422029,MnS2,6.171,3.564,76.59209384624633,39.26670152229639
mp-1473,Fe7W6,337.469,85.018,272.36546594758556,103.97347797019977
mp-1591,Al4C3,159.382,112.747,186.214794336908,132.37929960064545
mp-1640,Ho2C,60.21,28.625,65.64280478556036,42.12583220022616
mp-16506,Li3Al2,38.92,32.272,46.05314200521197,27.95514612409988
mp-17639,Y2Zn17,80.602,51.513,86.69857042040962,49.40175426378925
mp-1802,NbS2,25.187,11.629,114.62440311677832,57.25463593206165
mp-20050,InP3,47.968,22.314,76.85525077721282,40.80245584334475
mp-22003,NaN3,25.56,10.625,65.07698740352365,38.57877603635705
mp-22881,CdCl2,8.647,5.888,42.39620366688423,13.595338038784044
mp-22883,PbI2,3.943,0.925,23.500466831089717,9.848031867092438
mp-23210,MgCl2,8.66,6.263,41.49117821406168,21.414945426842465
mp-23229,FeCl2,9.771,6.402,35.82576160760371,14.891570293792762
mp-2331,B2Mo,300.149,211.409,389.0952580819507,249.14598037270255
mp-2425174,PuRu2,159.058,6.6530000000000005,192.28595660132996,23.282517825277452
mp-2451,YAl3,71.776,44.156,81.89230301936814,60.57138501211661
mp-25433,TiO2,43.04,30.243,168.2738346464909,95.68744600765298
mp-2686,Ca2N,33.874,15.634,55.32910031135391,33.84501554552359
mp-2699,CaSi2,62.216,43.161,66.46461418188765,45.77326048841001
mp-2700,CaSi2,61.714,41.833,69.92448966173221,50.99397362068027
mp-27396,NiCl2,17.245,9.563,52.16671294962906,20.440473828842908
mp-27440,ZrCl,18.837,3.242,74.72254702316816,32.61209168382797
mp-27505,Fe3Sn2,108.798,53.526,111.75060489093282,52.56777458095875
mp-27507,ScCl,6.959,2.887,54.67353792944211,30.02551449631008
mp-27637,NiBr2,11.992,7.055,44.481799324452226,21.524927731658323
mp-27638,NiI2,20.29,6.877,37.32611355739599,17.968582622356926
mp-27679,LaBr,12.532,4.615,32.689372136653496,14.00318975444572
mp-27705,Li2Si,32.884,23.382,40.61442222753856,32.11524356846888
mp-27919,Ti8C5,168.542,97.532,211.9647805557153,123.76736784986112
mp-28233,MnCl2,7.158,4.202,45.24657811283856,15.425871107785293
mp-28395,B6P,198.464,173.797,244.84359902795623,219.3301253152175
mp-2876153,DyMn2,74.233,34.868,84.80620048493954,26.020118478557944
mp-30441,Be17Nb2,140.051,150.117,154.1982892456444,170.31890076279353
mp-30766,Li5Sn2,29.691,21.604,34.606276377557904,22.516319004717303
mp-34202,Bi2Te3,14.402,11.629,52.87936311385846,21.02234822672928
mp-467,Th3N4,147.036,48.498,175.72736493779644,85.99588810888795
mp-534,B13N2,246.599,159.851,296.66556787552537,239.53867354171035
mp-540789,PbI2,14.975,1.087,23.44894479471503,11.244143018921005
mp-541837,Bi2Se3,10.752,7.588,59.33598415649277,24.581676460330915
mp-542458,Ce2Zn17,76.111,52.03,85.54411917202019,50.227941791237434
mp-555037,TaS2,21.258,14.506,121.77923275564292,60.120216722435224
mp-557762,TiS,128.998,77.715,124.85109977666896,77.0576907711145
mp-558110,TiS2,5.928,13.215,67.2110493142068,37.70340835360512
mp-567456,CaGe2,49.42,36.036,61.53576500210368,42.188828613784
mp-567724,TaSe2,19.6,11.97,100.0147815621559,50.566887349392914
mp-567747,Co7Mo6,317.793,121.476,288.2599300182581,116.26242826262168
mp-568233,CdI2,8.158,4.29,27.874076703719883,8.805521329142334
mp-569196,YNi3,134.026,48.827,147.18198106249562,63.69877422641204
mp-569594,Fe7Mo6,253.202,109.706,255.58129278347351,99.78809199817624
mp-569960,ZnBr2,9.581,4.594,38.89100483148387,12.136778133225874
mp-571149,Tb2Fe17,101.385,55.69,123.61690063082538,59.356769482466774
mp-571655,B4C,116.418,28.245,165.76733374525668,89.25199008569601
mp-576,B13C2,223.146,155.259,272.2768765124,228.15708675061805
mp-644311,CuPt,190.686,68.019,220.29966748513584,74.75070054645454
mp-692,Tb2C,56.514,23.825,77.72847616744508,43.188546635791376
mp-696746,B4C,226.426,176.541,278.1326019966744,236.4302211523841
mp-7250,Nb6Co7,220.75,89.264,224.03363722688795,85.09056832888011
mp-7285,HfNi3,176.825,75.969,202.1116385803961,86.60461000605235
mp-753746,Rb2O,5.74,3.671,14.302106269453454,6.535267576257468
mp-7541,SnP3,43.262,25.39,73.37719070983849,36.21694115659135
mp-7542,GeP3,48.704,32.336,81.3819381831827,51.476285479405874
mp-754434,Hf3N4,212.613,66.114,248.4269770386424,143.51950526120234
mp-7988,Cs2O,6.526,3.041,17.306492832638817,6.601449814719361
mp-8101,WN2,311.395,69.541,334.43777908984606,115.24343668636538
mp-862656,ErAl3,76.785,56.514,73.78692488682479,58.29304377502879
mp-8628,Te4Pt3,47.518,24.441,115.10834716460748,39.74061189876182
mp-865373,YCo,53.429,22.17,82.835930519367,27.80217383271235
mp-880,Pr2Fe17,140.767,63.032,105.0102825540528,44.58754097799199
mp-898,HoAl3,76.254,56.689,67.630411237139,57.03017203192659
mp-9568,Li3Ga2,38.44,28.594,46.05540177103955,28.722184077072026
mp-978496,SiB4,129.631,90.777,229.49565394263848,142.75892843552475
mp-9889,GaS,14.686,9.646,65.707487518546,38.24332446212251
mp-990084,Na2Cl,13.51,6.628,17.31056673013433,8.673966842155325
mp-999259,RuC,284.565,160.065,347.3427322587792,183.10553725926255
mp-2654,Al2S3,32.575,21.529,85.04808398167104,51.13299596535073
mp-1025421,SmO3,67.594,23.832,175.94123970764915,50.42312708659344
mp-1025565,HoO3,71.744,29.665,175.12922147532703,36.567087227690095
mp-13852,Ge3N4,174.776,82.389,189.14837655966576,134.1641556028735
mp-1985,C3N4,408.257,313.794,398.6056500536277,341.0167834097403
mp-22896,LaCl3,31.744,16.294,53.89275345932456,22.582037624200193
mp-23183,NdCl3,34.633,17.807,54.433412256500965,24.51606035620405
mp-23184,BCl3,0.113,0.102,19.317152467415024,10.394462264935566
mp-23189,BI3,0.806,0.637,13.242662139587807,6.756419214642015
mp-23208,UCl3,31.673,16.753,52.5853049072528,24.29498003887443
mp-23255,UBr3,25.058,13.099,44.937282156049186,19.93638686007729
mp-23263,LaBr3,25.473,13.286,44.844603392969034,18.641403200134725
mp-23265,GdCl3,29.009,15.213,57.474667731329056,24.256067426216372
mp-27971,AcCl3,27.477,14.801,52.973059298554375,22.835279882576025
mp-27972,AcBr3,24.348,12.791,41.7487398756757,17.851738495567712
mp-542854,Mg9Si5,58.465,38.545,57.45643322023856,30.947230203485255
mp-568170,TbCl3,26.359,14.238,50.941172402702605,23.162592401695857
mp-988,Si3N4,234.569,122.364,258.5338130648016,183.8957102389836
mp-11190,VSi2,174.655,148.681,216.3661454894552,173.5828899767386
mp-11191,CrSi2,194.648,156.37,243.9737661738885,200.66750201649705
mp-11192,TaSi2,184.679,145.713,201.42681922901969,156.84098081104725
mp-12104,NbSi2,175.016,142.771,183.11140697381845,140.69498207996708
mp-12524,Al2W,158.714,171.783,164.22911626317494,95.07090907096428
mp-2675163,WN2,100.955,24.65,160.0388910864399,64.41422215631255
mp-2872104,CdTe,39.084,15.381,47.20410508971878,22.785692921597423
mp-1047,Ca3N2,70.981,33.499,70.43235639710123,42.32956343303759
mp-1143,Al2O3,231.003,128.563,256.68649955682923,168.76721784045432
mp-13679,PdF3,27.619,18.473,111.41532171698962,36.36370204163324
mp-14024,Zr3O,131.559,52.09,158.86750614400995,82.86078697115944
mp-16860,Mg13Ir3,60.24,27.013,72.77349266222846,39.77706949169398
mp-2068,RhF3,55.159,28.711,137.24330240229597,62.39691661822103
mp-22323,In2O3,149.39,52.286,160.9914041295842,78.39553977713751
mp-22375,In2S3,70.535,20.656,81.52457114141507,30.55920528152549
mp-23933,AlH3,27.922,35.304,79.16040055519176,54.19851809911529
mp-2552,TeO3,89.234,77.836,191.2115910670272,127.94940316637128
mp-28044,TmCl3,12.303,11.563,39.18372534343857,18.938671444036768
mp-2826,Lu2S3,76.765,26.429,89.81322506411374,48.10979638404335
mp-458,Ti2O3,214.394,74.827,234.09837894171008,104.3705009202541
mp-468,AlF3,39.119,49.835,136.3989160040578,78.03571127176738
mp-571053,Al5Mo,117.921,82.612,134.25964751355187,88.09626974894002
mp-754759,Y2O3,135.891,53.717,152.26387344756083,82.15440714966218
mp-755313,Sc2O3,172.651,70.819,186.7455927958621,98.79778242437489
mp-7586,Ni3C,198.324,58.221,264.75300110124346,93.4701240145272
mp-861979,Ir2S3,165.426,71.569,196.0170222144666,99.6917429562961
mp-864675,Yb3N2,74.904,29.069,99.6928786405949,54.898042514598345
mp-866066,B2S3,20.061,14.14,47.1639995112466,25.946634359919575
mp-866083,Zr3N2,195.246,102.252,212.3391477989834,118.2024891151022
mp-10711,VSi2,175.432,148.53,216.3542304659735,173.57745230738763
mp-1222,CrSi2,194.579,156.409,243.96918042181488,200.6656679645344
mp-2137,Mg2Ni,71.061,33.4,72.2607799187786,39.05300663541125
mp-2478,NbSi2,175.204,142.4,183.1172411342634,140.69950141388802
mp-30047,Sn2Mo,117.067,70.54,142.82312928140024,65.54461825737411
mp-363,NbGe2,144.24,108.792,163.5731567789542,111.93464028284366
mp-517,TaSi2,184.701,145.738,201.42194488708043,156.83835266670042
mp-6922,SiO2,134.073,35.048,183.42428684988937,99.19485190477404
mp-7558,TaGe2,148.824,108.018,170.48963638992623,122.43951490197205
mp-8938,Si2Mo,207.258,149.363,219.649039858552,165.43256978714606
mp-8939,Si2W,220.371,147.913,243.8022779734161,175.74247758345575
mp-1017,Zr3O,132.953,59.206,161.25511447583327,85.66295189908891
mp-13154,Fe3C,201.825,90.624,198.4131478535676,91.33551993169011
mp-1804,Fe3N,253.773,180.178,191.5371523463128,97.35433748594514
mp-2033,Ni3N,201.929,73.848,240.53446210436024,83.22327588452801
mp-30337,Al5W,126.403,102.302,136.76618308906143,88.11043670422443
mp-568607,Al5Mo,119.966,97.442,132.36802246529433,83.11304945805534
mp-9761,ReO3,158.374,111.219,298.2160506560057,164.36312394357742
mp-17783,Mg3Au,57.457,34.638,68.35677420870296,34.0157812272391
mp-18707,Mg3Pt,69.596,23.933,80.2591146930888,40.956407344084504
mp-18712,Mg3Pd,76.484,25.948,66.40806006660902,33.402798941769795
mp-334,LaF3,101.191,39.28,128.33745660579237,49.467886690080086
mp-542429,Mg3Rh,65.593,26.555,74.96858219220181,37.94929012544482
mp-568419,Mg3Ir,75.799,31.014,87.47965005224253,43.80931651438355
mp-7463,Cu3P,124.032,41.154,151.351298646422,46.360881304684646
mp-1024071,SiPt2,205.034,28.066,266.4334836368702,57.82623986863787
mp-1079254,Co2As,183.184,108.614,194.14322619320245,78.22010488884914
mp-11584,Lu8Te,49.878,35.782,57.39624701085757,31.446151422632425
mp-1279,TaN,306.305,181.327,352.0109953814826,190.17653430825507
mp-13446,Co2P,229.015,133.101,247.9231993268574,105.12135791246725
mp-1345,CaP,52.775,33.528,64.34795841197624,38.55348599673535
mp-1545896,Li2Sb,33.938,23.465,36.73146995102251,25.750866922637957
mp-1849,Mn2P,193.549,101.56,156.3428663642783,89.29369506714703
mp-20061,GePt2,176.427,32.814,217.26401326171788,42.8756725225681
mp-21167,Ni2P,191.012,38.833,213.53734636582615,70.40126062605201
mp-2340,Na2O2,49.866,29.996,66.13046426245626,38.79097198505426
mp-308,U3O8,163.668,48.125,194.77482381017023,75.67074830116728
mp-30839,Th3Pd5,79.566,21.272,107.84573013850354,21.517144557966
mp-31326,Mg2In,6.144,347.437,44.1734086430279,20.461217571282695
mp-349,Yb3Si5,52.419,41.818,78.8290205489019,57.394211646673035
mp-409,NaS,26.857,13.293,35.306981421699774,18.35412530877045
mp-423,GePd2,152.76,42.417,172.6841742805555,50.16867423547945
mp-567244,Mg2Tl,35.591,17.201,40.34782090144507,17.032812028520006
mp-568536,BaI2,21.274,7.604,24.551494521934732,11.069149764514432
mp-578,GaAg2,82.611,21.947,92.23442653542432,28.09465103234046
mp-697068,SiPd2,177.478,48.503,206.12471357548657,60.60012090234404
mp-767,Yb3Ge5,43.833,34.758,68.93672278247385,40.23725229254533
mp-778,Fe2P,219.035,94.973,246.24443627238105,109.60995882978882
mp-7931,SrP,44.749,26.944,52.52424168153029,30.02844924235525
mp-865604,Li5Mg,17.412,9.799,18.87546671134312,10.047713739384204
mp-888,CaAs,46.134,28.543,51.801871730904374,33.480338704744995
mp-9063,RbSe,12.853,6.659,19.734885004994684,10.563133624082896
mp-972954,MgCd2,42.98,4.888,46.25440339682694,14.883331654771965
mp-977059,MgPd5,140.05,44.646,156.49855570928318,53.38960361948945
mp-1001827,IrC,323.532,82.577,513.7461799794044,107.4093845497992
mp-1002188,TcB,302.964,177.149,320.9765668636559,174.7955641740645
mp-10030,RuC,337.414,77.299,432.03373505858576,162.72571620925171
mp-1008798,ReN2,332.601,140.635,360.4161144437494,194.9700722288233
mp-1008805,ReC2,348.477,205.664,398.4149480653653,192.88796532251328
mp-1008835,OsC2,357.547,194.292,429.6353786987919,189.44147082237765
mp-1008965,CdN,100.433,3.451,103.0286062480809,21.983953960936265
mp-1009129,MgO,139.206,49.435,158.85888074044988,70.41161775757912
mp-1009646,ReN,376.048,8.778,402.4065334140861,193.7106600517089
mp-1009735,ReC,411.017,234.143,465.7246547174697,268.80324946204996
mp-1009838,ZrN,217.333,121.807,232.513244999086,117.38175382093746
mp-1017987,Tc3N,331.138,180.392,350.626145135704,169.88016930064276
mp-1018027,VN,334.002,255.479,441.5315169804251,276.9068282099133
mp-1018028,TiS,139.693,101.235,136.82068087071175,107.71293650189962
mp-1018050,CrC,336.54,249.439,388.88653595621383,271.82421537222103
mp-1023924,MoS2,10.685,8.675,57.67239855893497,37.067173319380366
mp-1023934,MoSe2,9.262,6.3629999999999995,50.535830998478666,31.98626842022558
mp-1023936,WSe2,9.224,7.663,54.842896748810304,34.15403169598409
mp-1025571,WS2,19.263,14.933,104.30116750630714,66.43114844825581
mp-1025799,MoSe2,13.904,9.713,79.90428321700988,50.72446932666401
mp-1025874,MoS2,17.107,11.985,94.4449213218036,60.36169387006941
mp-1038715,CeMg,35.967,36.589,35.20532809818345,29.640329555661705
mp-1038724,Ca2Mg,19.546,5.786,21.268669020715944,11.835777681905382
mp-1038829,MgCd,40.104,51.088,44.77221628926683,15.47615268497969
mp-1038915,CaZn,26.262,9.932,27.529242539690543,11.235393159622154
mp-1038961,CaMg,21.589,6.514,23.996097631873024,12.299682756110386
mp-1039019,MgAl,48.143,7.203,57.744260949552384,24.990906639489484
mp-1039055,Mg3Cd,38.741,13.855,43.94610248674096,19.763465682641893
mp-1039385,Ca5Mg,18.063,7.009,19.727055947472543,11.249154214000866
mp-1039434,Mg5Cd,38.04,17.452,42.8496833985369,20.35762317493021
mp-11807,LiPt,113.442,51.982,131.5351723079769,59.83747936355499
mp-1183691,CrN,357.173,229.681,469.93753687496735,273.49100815183834
mp-1217363,TcRu,306.075,167.325,349.12415070161825,166.6165828950352
mp-1219503,RuRh,282.182,137.973,343.1403633261273,164.50585753338822
mp-1219509,ReOs,385.891,243.938,421.3582665280622,218.95910122545132
mp-1220023,OsRu,355.651,219.581,408.06250835694107,238.4528304694281
mp-1223655,IrOs,374.508,195.756,432.7852334691509,233.40873730761027
mp-13036,MoN,348.484,164.499,469.1123348481845,259.57516958555107
mp-1459,TaN,337.979,235.294,394.4947487532918,268.55190384446144
mp-1539,ZrTe,94.136,55.771,110.88131387134833,69.14780212035224
mp-1572,GaSe,14.135,9.134,53.22812168840247,34.29281797944813
mp-1874,NbS2,10.712,6.562,51.24085192814792,24.377574682735823
mp-1894,WC,380.208,263.151,432.8678183221195,295.5421399235788
mp-219,MoP,219.328,133.065,263.14066409639105,152.1457622642134
mp-2243,NbS,178.147,98.782,217.1130841981448,106.66243495994672
mp-2305,MoC,349.501,241.645,455.48150051643574,244.5747672592781
mp-2352722,Al2O3,42.688,0.799,145.37791380017694,89.64778394344229
mp-2634,NbN,312.566,209.5,379.9533383255722,219.29450325503657
mp-2744,LiPd,79.812,34.789,89.56657872179214,39.781402492475074
mp-2771569,CdS,14.2,4.464,15.863605479180784,8.798079288008607
mp-279,LiIr,141.786,68.118,159.0010774122068,71.54442093659631
mp-567885,C3N4,90.698,70.15,164.43054375595412,125.3798199534404
mp-571133,NbSe2,20.549,13.684,93.76735937319542,45.19068352953258
mp-571270,NbSe2,27.022,17.146,98.74844412672148,51.416494682031534
mp-600561,LiRh,106.321,41.679,133.7429182204625,55.71893226986058
mp-604884,BN,102.403,73.415,112.97701465709112,78.63610647141273
mp-643063,NbSe2,21.889,15.092,97.2996122200342,50.52283818255201
mp-7142,OsC,384.511,61.473,498.9911310518228,199.864490802368
mp-755264,TiO,234.957,165.923,275.1943347375878,154.68926425670605
mp-7760,AlSn,49.054,28.861,50.19705782509108,13.028525902179794
mp-865430,YTe,59.171,38.592,63.40042271194287,43.26151868423904
mp-867290,TbTe,60.402,39.055,62.11032472481379,36.45153350599245
mp-971933,YZr,62.206,36.189,68.90205587201277,39.563890130959514
mp-972692,SnPb,44.231,14.712,49.74563828958368,7.429039060299594
mp-972742,SmBr,46.102,32.427,24.015540991067414,16.961810646502165
mp-972845,SiMo,199.027,101.53,234.16349299034837,142.9394765953941
mp-973229,ScNb,102.567,32.331,107.7443279269579,35.008225607645905
mp-973534,FeRe,319.664,156.612,318.5921231735861,132.61008544125454
mp-974421,IrRu,329.122,156.327,403.956287111836,203.2721094772976
mp-974435,Re3N,388.181,212.936,390.22135117512875,197.3587244245738
mp-976292,NaCu,33.222,11.216,34.71100619293985,14.645855518565924
mp-978009,HgOs,188.781,64.102,224.59846802305415,59.51967003073957
mp-978918,TbZr,59.661,32.407,61.02665773411738,37.68666583718451
mp-979011,TmZr,67.086,40.177,52.20903365406145,35.69720550999498
mp-981458,YbTa,73.373,28.309,92.37215337760782,31.4365970375384
mp-982596,TbSc,45.098,28.229,43.14200159007041,28.686505025292025
mp-982779,NbTe,118.463,64.213,157.0912253838892,78.92469407105766
mp-983459,HfZr,101.368,45.497,115.52673488962895,49.3858896611618
mp-991,WN,375.17,165.988,418.58830363371226,296.4373515549081
mp-997617,BOs,354.637,212.354,397.8202382028604,234.23910621818575
mp-998900,TcN,336.076,34.576,436.9434730624062,139.33263338739906
mp-999549,WN2,352.115,226.611,381.5194266513038,254.17415034270837
mp-30650,Mg2Ga,45.747,25.13,48.46157340318847,23.879768340551777
mp-23280,AsCl3,0.557,0.311,25.827398423110665,13.231159249242197
mp-28336,Li3P7,24.186,11.791,63.79376690521951,41.48404355745226
mp-561664,TeF4,11.814,7.157,87.96519263571903,47.50262622723886
mp-568936,Ag2Se,56.451,12.175,72.16525522640262,19.28886898773044
mp-7440,NaP,29.048,12.804,44.98608350320729,23.83248351120329
mp-7595,GeF2,8.284,6.065,61.83443614066904,29.193956214202977
mp-776896,Nb2O5,55.283,25.761,159.33194160462995,77.7101350045384
mp-8377,TeO2,21.082,23.269,131.71523097885617,63.64511736249926
mp-10736,Ba3N,12.544,5.365,24.707463991930464,10.48782314510547
mp-1105737,Dy5Ge3,71.114,51.133,61.770593970331014,45.13469111171698
mp-1111,Mn5Si3,313.656,101.503,148.29303743006162,113.60839150432622
mp-11465,Mg5Hg3,42.841,19.557,50.3391635854342,21.679207018067153
mp-11801,K3N,2.72,1.43,8.550600561134388,5.003139112067559
mp-11854,Er5Ge3,73.265,55.383,62.987205608082995,45.60472934869995
mp-12467,Ca5Sb3,36.153,25.807,38.444910273108015,28.454991549231007
mp-13236,Ho5Si3,75.03,50.53,59.51126635616594,45.33625331320312
mp-15965,Hf5Si3,140.749,88.346,153.75028597674344,99.6071537644016
mp-17124,Pr5Ge3,56.951,20.961,49.75179912375456,29.530121610170323
mp-17190,Sc5Ge3,84.782,67.801,82.52054184887562,67.42578007670778
mp-17332,Sc5Ga3,70.414,68.245,71.2566565520615,44.36062747601452
mp-17695,Sc5Sn3,72.275,52.028,76.35107534452403,55.12911870062349
mp-17751,Y5Ge3,70.05,52.258,73.60237784333174,51.55954208871267
mp-20847,Ti5Sn3,106.614,50.343,113.89831530325246,79.99524712364855
mp-2108,Ti5Si3,139.791,94.124,146.9340470077336,104.8723328221572
mp-21104,Hf5Sn3,113.876,48.717,124.5965180602618,76.99360266446521
mp-22871,ZrCl3,4.878,3.407,45.100184795016936,23.656771774678987
mp-23223,TiI3,2.037,0.079,30.86238487609834,15.718580919810313
mp-23247,ZrBr3,5.309,3.074,40.21164766010612,23.192763012631072
mp-23282,ZrI3,3.862,2.612,32.18244258858471,16.885806797583385
mp-2361,Hf5Al3,111.876,23.687,114.07400974258812,66.93187699735391
mp-29621,Ba5Bi3,6.865,14.483,24.541106049293617,14.298636376960063
mp-449,Fe5Si3,175.831,104.859,188.45838571684408,112.26353921874244
mp-510503,Nd5Sn3,53.972,30.308,44.258024910621,28.842008764672094
mp-510691,Hf5Sn4,111.118,64.424,125.52997427930713,57.94438406410276
mp-543001,Zr5Sn4,104.158,64.238,115.75229083381971,56.770463538558985
mp-567412,Y5Sn3,62.369,45.075,70.45157042858077,49.78693851940649
mp-567871,Nb5Si3,185.606,169.219,204.50898355521895,107.95387088647776
mp-568002,HfI3,5.829,2.043,34.31001790027926,19.761941579017627
mp-570196,Zr5Sb4,106.781,50.269,124.19869786633184,54.65596543077922
mp-570483,V5Si3,187.603,53.794,191.16642758864884,136.5174028273917
mp-570722,NbI3,3.502,2.302,40.60122243583718,19.870627111296617
mp-571143,TiCl3,6.621,3.142,45.180935684950775,24.138724896255177
mp-7822,Sc5Si3,87.764,72.307,86.48005385985105,66.75331845094824
mp-1001581,LiC6,150.185,115.671,143.65009365946278,103.70068732159592
mp-1008568,ZrTi2,106.1,49.525,104.4276423143979,39.35266135223009
mp-1009655,CaC2,185.823,165.657,158.94259335044555,93.74680581496207
mp-1009695,CaB2,121.439,104.665,133.89183918381258,115.80102047412996
mp-1009823,BeB2,191.338,52.725,220.819733885304,35.07386284822804
mp-10141,SmB2,140.817,106.77,106.6893112146905,121.43429403416653
mp-10144,B2W,321.856,144.049,385.5065462815879,182.2969367773559
mp-10186,PuSi2,94.62,49.752,125.50523080601783,74.05529334872514
mp-1021323,LiC12,140.283,106.231,153.23148216806734,103.8230889649969
mp-1025,ThAu2,107.422,37.338,123.89572281691753,42.2542508264527
mp-1025030,ErPt5,189.776,76.477,218.12939705283335,78.65915089744253
mp-1025223,Hf4Al3,116.342,87.932,134.49698625995208,82.43236624730667
mp-1037,PrPt5,181.498,71.476,217.0520311524975,73.6881724497998
mp-1103,LuSi2,89.031,18.279,111.06453779559048,47.525485216752315
mp-1108,TaB2,303.164,199.428,357.68560479428885,243.05820472181537
mp-11267,BaHg2,23.258,5.763,27.587641725325245,12.830650892767018
mp-11277,ScBe5,108.626,103.678,102.52555390007258,120.29872217438373
mp-11280,TiBe12,122.106,39.713,130.60012701743833,153.2726068120061
mp-11283,ZrBe5,126.39,114.539,122.96632630625922,121.2515856162072
mp-11287,CaHg2,38.37,17.551,42.910730863598246,20.804576510608744
mp-11294,DyCd2,57.069,32.037,52.57539121372499,27.5074664874374
mp-11301,HoCd2,57.077,33.057,56.144337406913145,28.07554405710849
mp-11363,TbCu5,109.637,39.212,119.278025290399,47.76110031047546
mp-11367,DyHg2,63.191,28.091,53.49542393593888,28.12555187102985
mp-11369,ErHg2,66.229,27.641,57.84328776855321,29.113041599363033
mp-11382,NdFe5,102.413,56.671,114.620413896977,52.7627278396068
mp-11385,YFe5,119.682,224.371,130.5274256030047,68.68254203974803
mp-1140,NdCu5,101.881,36.16,110.07198363066344,41.95194881226422
mp-1145,TiB2,254.22,257.473,272.40716562867084,298.91101631986976
mp-11461,HoHg2,63.968,27.217,53.57505368934137,27.704168604466563
mp-11466,NaHg2,18.769,8.158,26.812145844764633,10.859851526722125
mp-11468,NdHg2,55.521,23.982,49.147488931006784,24.15398894115809
mp-11472,SrHg2,30.199,11.573,33.605589972830415,17.42789790486456
mp-11526,TmNi5,155.253,75.801,162.5217890401431,71.87698967060788
mp-11553,TlPt,62.299,7.605,67.3305532320818,15.921896402398875
mp-11562,TbRh5,179.088,76.027,206.80848845497792,83.96394947652907
mp-11565,YRh5,178.749,76.122,198.7201230519605,83.62053369957817
mp-1179,DyNi5,152.06,73.223,164.75603985966896,69.21143523287785
mp-11826,CaPd5,115.09,50.004,133.8297320499803,54.58518366314141
mp-12055,LaCd2,45.263,26.186,46.51270879491934,24.504436819118432
mp-12072,UAu2,111.096,48.418,140.55559883285574,55.3093022692156
mp-1209,RbAu5,71.996,25.159,83.39089742863388,26.65301645632363
mp-1210,ThCd2,66.397,37.237,73.15310237953514,37.205717233554694
mp-1219,BaGa2,35.919,24.771,39.087928663474806,26.495423876544113
mp-1252,ZrBe2,118.38,89.18,108.281125508237,82.7962952039009
mp-1256,HoGa2,74.229,50.758,60.997360283568405,47.99347121584256
mp-1260,SrPd5,106.301,46.203,118.01048832133708,49.18686922670287
mp-12602,PrZn5,73.779,34.33,76.53655532192253,43.450486275749434
mp-12752,Zr4Al3,107.665,78.177,115.10106714643166,71.71851697984961
mp-12892,CaSi2,53.843,61.724,59.54891335213613,31.281785306702226
mp-1331,YCd2,55.449,31.607,64.24369494499153,35.14003578768345
mp-13449,YbGa2,46.483,35.142,63.28149258564052,40.129497892295895
mp-1377,ThCu2,94.521,32.47,100.12943697717576,29.29994444595544
mp-1472,ZrB2,237.763,227.984,286.2534365718374,239.03992831331337
mp-1491,VB2,283.799,240.821,345.71506501197365,291.81447243271043
mp-1497,TaN,289.035,146.051,311.8137417696023,127.60505542357676
mp-1514,UB2,210.847,214.267,241.3171937567249,161.65203196786285
mp-1535,TbSi2,85.829,26.002,101.33047797165445,71.12698334486701
mp-1542,YB2,163.074,152.469,184.88453467674367,163.47474642105328
mp-1553,HoNi5,149.455,73.617,164.52415327454287,71.29472960287357
mp-1566,SmFe5,92.119,59.905,124.074264983625,56.905738773524114
mp-1567,ThNi5,154.083,65.856,178.3275790692642,66.75421534814345
mp-1606,NbAu2,176.852,63.241,207.71532739055843,72.17053748185776
mp-1607,YbCu5,98.016,39.517,108.0111250531303,46.762452029091115
mp-1709,U2Ti,130.716,129.399,167.16676965272896,92.70099351332912
mp-1734,CaZn5,59.683,35.088,62.49527133627696,36.33167969034974
mp-1752,HoSi2,87.904,19.987,92.99930425628092,57.01313871747403
mp-1754,UHg2,72.435,37.696,91.83384870779906,40.38066039979917
mp-1774,ErB2,171.507,164.724,159.17418450320932,151.7276097373633
mp-1814,BaAg5,52.275,8.453,64.25517002670621,23.63029171247999
mp-182,SrGa2,41.237,31.131,42.30829860988255,32.256935124866125
mp-1831,SrAu5,90.516,27.279,102.55118240287791,30.408670006887775
mp-1832,LaPt5,178.329,71.862,222.72341207475753,77.1097410756479
mp-1882,CaCu5,90.279,36.849,100.44420582244796,43.319822940497936
mp-1910,CeNi5,146.347,65.083,170.9100936710057,64.90616634503921
mp-1914,YGa2,73.693,52.98,72.51919189475335,56.08532542221531
mp-19773,GdGa2,84.386,51.145,75.86986761576597,51.54122344690775
mp-19862,EuSi2,61.803,17.315,83.42557893481371,63.25666667334712
mp-19876,InNi,102.664,52.845,106.4416516279516,51.04886107049463
mp-1994,HfB2,252.303,244.359,284.62948167900856,245.6233677690642
mp-20064,DyGa2,74.223,51.788,61.819007030510086,49.174825635221474
mp-20125,GdSi2,101.405,15.334,102.76118993876632,59.13347831786585
mp-2025,HfBe5,130.956,120.416,125.20190233818673,130.77383292768022
mp-2051,LaCu2,67.31,20.287,75.53309821074087,21.5137705444027
mp-20536,CoSn,125.544,73.734,128.20834484096773,76.36926783713207
mp-2057,DyB2,167.701,152.964,149.71703120460725,147.12399958816764
mp-20632,UGa2,83.105,43.833,78.7266871377764,40.68208005129243
mp-21168,EuGa2,46.089,32.199,51.08783490470651,37.68354864160002
mp-21200,PuGa2,75.088,49.643,78.99153743055527,43.57729044176464
mp-21260,FeSn,95.179,53.266,106.08312396344932,58.04850597510633
mp-2145,ErSi2,87.942,22.573,87.50805303950541,53.124369424564264
mp-2152,YNi5,147.351,72.438,169.4346300594968,73.89194812999654
mp-2170,Li2Pt,66.968,30.516,72.8384863304486,33.17828559522454
mp-220,ThNi2,223.876,2.343,120.10725087992311,26.27273092400795
mp-22478,FeGe,152.403,77.414,146.28550641203296,79.9006771604299
mp-2251,Li3N,51.984,33.607,60.59435914580197,42.15853225043039
mp-2252,ScB2,191.13,195.809,200.20794652149425,200.75916607068623
mp-2267,HoB2,168.393,159.19,174.33147674102315,148.01866296674092
mp-227,SmCu5,104.928,37.739,108.66013447119175,44.00270267177416
mp-2317,LaNi5,114.252,59.861,152.0184559834177,58.71967282907145
mp-2370,PrNi5,139.425,63.816,159.2413055517928,59.221497094048935
mp-2410,SrAg5,60.814,21.072,69.36852406210218,26.23580679827008
mp-2422,ErGa2,74.361,49.575,67.44013647117792,47.18253530223328
mp-2424,LaZn5,70.032,33.134,73.32056650778789,42.0402830915628
mp-2435,HoCo5,377.141,59.059,140.86524762589974,56.19860425739134
mp-2462,PrCu5,99.806,34.941,103.96402036552892,38.981690635762305
mp-2524,NdGa2,70.177,53.203,60.13618274852316,47.6273331957212
mp-2553,HfBe2,127.5,108.178,112.19812787394892,89.02288286220882
mp-2568,YSi2,85.401,29.796,92.09820636254302,42.98934340605267
mp-2606,BaPd5,99.329,39.724,114.01039091873722,43.96432536867396
mp-2645,YbNi5,131.006,69.809,155.02703653487333,74.57293906462863
mp-2684,TbGa2,73.518,52.463,66.47762223803105,53.71844508647377
mp-2689,ThFe5,117.852,50.22,125.84980787360102,56.78947603625666
mp-2740,ErCo5,215.833,50.054,138.69896479971888,56.32042396269299
mp-2797,YCu5,108.45,42.488,121.22520880358655,47.4427715613592
mp-2812,HoFe5,122.739,72.045,133.17701901072934,68.5117494509889
mp-2827,YCo5,170.478,50.237,143.4714400070987,57.102502995190385
mp-2841,ScSi2,94.18,31.99,94.69619593829891,44.43390657364888
mp-30363,BaAu2,44.664,16.757,48.63687391907908,20.713421990699096
mp-30364,BaAu5,80.248,16.568,93.06852435743748,25.4423575133213
mp-30469,TlBi2,40.558,12.03,50.02254881781015,18.460571418519876
mp-30481,CaPt5,167.886,79.033,195.8709332283195,77.71018255164704
mp-30495,SmCd2,53.428,25.46,44.13023279151213,24.967115928892053
mp-30497,TbCd2,54.807,30.672,55.64386360109705,30.182563258419048
mp-30506,CeHg2,64.176,30.596,59.77353809352854,32.95998869968612
mp-30507,CeIr5,231.621,101.532,265.05552956111984,99.39356446082574
mp-30585,HoCu5,116.726,53.682,117.33921065299916,47.898073549597186
mp-30620,DyRh5,180.429,75.831,200.28077810821705,78.26220651958823
mp-30725,YHg2,62.527,27.952,67.54760652207106,35.651032038832994
mp-30753,LaPd5,126.008,47.043,144.25517880224317,52.830328846871616
mp-30801,NdZn5,75.202,36.423,74.15852830156187,42.9490896914958
mp-30808,TbNi5,143.336,72.199,169.05437835446568,73.10952320931342
mp-30885,YZn5,78.306,45.395,79.34022472440924,49.78131491314325
mp-309,ThAg2,83.938,36.124,90.20062693631618,32.78185542032584
mp-374,CrB2,259.702,185.971,330.70615125620185,222.99053433914588
mp-425,GdB2,153.466,127.484,151.6341360619218,137.90115751458774
mp-450,NbB2,286.562,201.475,321.0424783224534,240.10123660750716
mp-477,SmGa2,71.852,53.193,61.65391435597223,50.84634070957823
mp-542568,EuAg5,65.098,20.975,73.82186406636349,26.341733155414737
mp-542777,CePt5,444.605,116.723,229.58531946083477,78.24794455111152
mp-567406,SmZn5,76.323,41.622,74.49862947825481,43.11089331301056
mp-567891,NdAg2,58.469,17.944,50.792818544288515,20.333772245350513
mp-568006,DyFe5,118.137,70.637,122.11780752455113,65.64751937351392
mp-568258,Fe2Ge,127.241,300.763,140.88444252063323,-452.0451520564582
mp-568654,PrAg2,55.102,17.113,52.10111329765268,20.772513273597212
mp-569376,FeB2,276.937,126.51,246.04649310646803,72.94201203711171
mp-569927,ErZn5,80.275,46.353,78.40859884948179,44.68150802690857
mp-570454,TaN,235.627,10.217,258.74675684082746,95.64376602831356
mp-570673,ScNi5,159.381,78.332,180.9655045553233,78.85305541681387
mp-570749,YbHg2,39.227,13.664,52.15333265592794,24.420128203452613
mp-570832,SrPt5,158.423,71.316,186.61274879813223,75.60882113630764
mp-571172,In2Bi,33.986,7.887,35.75246715174709,-1.0314587523711138
mp-571292,ZnI2,7.077,38.176,8.644733239461603,-5.2932987569600485
mp-571353,BaSn5,35.93,14.998,48.695132004741005,21.27387852628189
mp-579718,Th2Cu,65.07,9.32,75.13207001429998,20.536285820094665
mp-580,PuB2,120.478,143.495,193.08568348483536,133.68978017299705
mp-585,MnB2,253.476,171.71,311.1754101000949,146.9838900855515
mp-638,SrZn5,52.276,24.166,55.28522033328799,31.840148773361108
mp-668,PrGa2,69.061,52.941,67.310299650433,51.54074095697053
mp-669,ThAl2,86.769,60.691,90.68062410368218,61.499837652119176
mp-672250,Ti3Ga,90.431,340.374,99.64590242241184,-1227.242691362305
mp-728,Li2Pd,50.698,21.97,51.31963808344069,23.136315596788872
mp-7497,ThSi2,105.59,47.811,138.18613472389038,61.39897451972589
mp-763,MgB2,147.434,114.34,171.27465106203758,122.34693216770496
mp-7701,BaSi2,51.685,11.65,47.87976606115968,32.51186764428213
mp-772,TmSi2,89.456,28.37,88.07786975132534,51.784572573418785
mp-774,CaNi5,115.071,63.525,141.8850323885043,66.67055537509019
mp-7954,Nd2O3,98.225,37.433,96.85741094987245,43.30564928418488
mp-800,TmB2,175.007,164.653,133.01774806794012,146.24809834194403
mp-811,BaPt5,147.734,62.266,181.31679799006793,66.85518192127522
mp-853,ErNi5,151.736,74.924,162.8537881842634,72.25122187348352
mp-866189,CeCd2,47.338,27.939,54.579671590161674,29.87538006415387
mp-944,AlB2,190.335,144.826,222.43684829396,111.66095308179904
mp-960,B2Mo,303.426,158.777,428.9995787337897,213.80057459874175
mp-965,TbB2,160.306,144.669,128.691672411241,135.855491013558
mp-973935,OsN2,207.427,115.236,250.9788669632319,139.87321625735584
mp-980,USi2,120.789,64.11,131.9092076608783,89.96398574836067
mp-981214,SrMg5,28.947,16.656,29.895845114713023,19.441769069533297
mp-985578,AlFe,90.176,5.364,91.08817085820549,132.21443736889765
mp-985579,AlFe2,147.957,50.081,174.7895303959827,64.11744096996469
mp-992,CaGa2,37.61,27.803,47.24074145923063,35.5986778026138
mp-993,DySi2,87.052,23.018,95.41127665492525,58.06771953043696
mp-999496,Na3N,27.127,13.547,28.28466412697063,16.461516940412697
mp-1025397,GeRu,171.945,78.948,218.07119868679095,116.63503935618812
mp-1025551,GaPt,167.158,51.944,203.44916184118225,60.1757708297
mp-1078464,MnGe,142.529,76.408,124.6464348724466,113.29068236948775
mp-1078526,GaPd,141.771,9.952,160.4730316504818,61.79691873817798
mp-10904,AlPt,179.259,74.581,213.93311601692156,76.4824343313547
mp-1431,MnSi,203.381,142.935,197.49697584641513,146.83895263216002
mp-1483,SiRh,221.514,83.86,258.7626691227085,100.18320143224172
mp-1490,AlAu4,127.118,15.302,155.3799979139839,28.77973346743671
mp-189,SiRu,203.638,99.337,242.54291608867868,130.68575096023045
mp-20861,CrGe,157.411,86.842,149.51953009217553,125.1925314897512
mp-20866,GeRh,101.132,47.092,211.03249998961812,84.50919740427345
mp-21255,FeGe,156.708,82.565,179.43562924214422,125.73642179856093
mp-21328,HfSn,101.827,9.431,106.15085759786864,51.55263084163238
mp-2488,SiOs,209.102,77.908,271.7502048096846,143.5725271664153
mp-29145,H3N,8.895,3.613,80.63030427124292,55.035399584347
mp-30365,BeAu,148.197,42.582,177.8022655564928,59.786017583758856
mp-317,SnRh,140.398,54.997,170.38787821000125,70.32121163868388
mp-569671,ZrSb,104.291,59.306,113.4882785364596,65.81941812809431
mp-7189,AlPd,149.85,67.929,177.0608259331904,72.24612815563631
mp-7576,CrSi,183.655,118.732,216.6426382960235,152.29936803826843
mp-7577,CoSi,226.984,115.85,254.65839099153507,126.80857760480409
mp-8059,SiO2,19.957,41.802,162.40293858380454,95.26636112097016
mp-871,FeSi,201.745,142.052,218.94490136000937,150.5698062828308
mp-1004526,WS,176.693,76.921,261.1691896298377,156.1599624690159
mp-1008559,BP,162.161,162.369,205.37523671001952,169.92379217624304
mp-1018040,MgSe,44.971,16.917,48.254012470527066,29.157050082266853
mp-1018059,GaSb,44.722,29.749,50.50706447449515,34.636819822851045
mp-1018100,AlSb,49.329,28.721,52.975920982167075,36.21681746931387
mp-10281,ZnS,69.067,33.634,78.40243536816871,45.97801209803831
mp-1039,MgTe,33.954,12.887,42.36526705371921,24.695966513532817
mp-1070,CdSe,44.379,15.155,51.61982620405289,27.100698011244013
mp-1106180,Re7B3,362.159,142.666,411.10047223738263,192.48765060335097
mp-11714,SiC,213.331,188.708,252.206207179096,197.8870697564779
mp-12779,CdTe,34.727,13.496,42.61760742440337,23.876286061775993
mp-13119,CdO,91.875,19.754,100.82928297235853,45.7966488592916
mp-13126,ZrN,229.371,6.272,236.31510379610663,112.9842293723208
mp-18257,Fe7C3,240.169,93.407,258.9446482967966,140.08851291306982
mp-2133,ZnO,128.167,42.921,139.41360992857287,73.20372023140646
mp-22205,InN,121.971,53.983,132.8762211055573,81.529328366789
mp-22894,AgI,25.5,6.592,29.19418950720615,13.7403659148625
mp-24093,CuH,105.717,34.971,138.3857129634588,48.45271200717026
mp-24669,CrH,206.427,74.701,160.54594810432255,89.89096446310712
mp-2542,BeO,208.037,156.717,255.2208251198104,183.94451731929587
mp-2562,MnS,60.391,16.136,49.09864793734549,27.767349042778505
mp-2653,BN,373.485,383.44,443.49416219517985,345.151873515527
mp-27934,CdBr2,7.509,3.7,35.96457398151579,10.781975268010696
mp-2811,MoN,332.975,196.526,421.7757760882136,196.01642531344768
mp-380,ZnSe,56.264,27.422,64.86595008654659,37.64909891372633
mp-549706,MgO,110.7,48.431,130.1850592039992,84.41131897658418
mp-560588,ZnS,69.08,34.087,78.43711024441966,46.56078835762482
mp-561258,ZnS,68.976,34.258,78.31757948833743,45.5083285068107
mp-567290,LaN,86.477,22.739,107.5728269839699,44.97647797275523
mp-567503,PbI2,1.385,2.078,23.38699936264644,11.111489675550562
mp-567505,SiC,213.059,189.705,251.60643827845493,197.31752322142512
mp-567551,SiC,213.188,187.138,251.8548657942619,197.5344728412523
mp-569346,CuI,38.568,15.146,46.7678641251924,23.51399939955109
mp-570557,NbCo3,199.865,38.258,215.85983489530625,88.40016121917218
mp-570935,LiI,14.86,6.203,18.831777929805693,9.955323081435198
mp-661,AlN,194.62,122.306,211.41839467214427,158.20768072020496
mp-672,CdS,53.116,17.29,58.74667304006416,31.293868574463424
mp-7132,DySe,44.941,4.976,54.83547099002857,25.110989735032945
mp-7140,SiC,213.563,186.481,251.0828163539416,195.88805527064864
mp-7631,SiC,213.119,188.196,251.7029416635144,197.4058223734204
mp-776911,MgO,115.543,50.224,128.05928709804036,81.25491864448965
mp-7926,TaSe2,22.817,13.913,100.08180864210836,49.80817761895759
mp-804,GaN,172.144,104.855,188.07108679227463,127.65517386669418
mp-864928,BrCl,1.808,2.04,10.808441849413995,6.382189974876624
mp-866056,AcN,77.703,18.975,85.41688670447658,36.32761395120544
mp-8880,AlP,82.62,47.048,93.28029371590598,63.35008488062317
mp-8881,AlAs,67.203,39.618,72.40797112823944,52.399456026097106
mp-8882,GaP,76.25,51.856,83.8853860999647,63.92458157976706
mp-8883,GaAs,60.75,41.228,71.14332371429633,51.51792215750333
mp-8884,ZnTe,42.546,22.507,51.44453050119572,30.641977564784863
mp-966800,InP,59.233,32.374,64.06171870887611,43.63678965343566
mp-971911,ZnN,130.313,30.673,149.88099026933563,66.1567244685479
mp-972036,WN,298.554,66.458,320.18822006608355,140.91571069113118
mp-973785,PbN,76.656,3.11,99.50953309660063,25.868100369442516
mp-973933,NiN,210.715,32.427,216.29301836921988,63.859420349311435
mp-974315,RuI,41.961,6.575,100.09337697631196,35.09411369932763
mp-974474,ReBr,145.813,54.122,143.28173257855215,65.74940394276902
mp-976280,LiBr,19.461,8.428,21.043491160970476,11.14173814801872
mp-978495,SiB,125.931,467.03,129.35621861383973,59.775706423562035
mp-978534,SiGe,73.122,55.607,80.9586670408862,60.163486869269335
mp-984718,BAs,132.161,126.051,182.64594102425312,127.65018762469688
mp-984728,BC,274.047,92.848,309.53437023578357,170.60120060426846
mp-9946,ZnS,69.008,33.915,78.34642791768331,45.7271042123156
mp-999355,NbN,224.464,53.216,263.80526545154595,116.80000006733307
mp-999503,MoN,258.81,59.475,259.57247582184897,117.11278846366586
mp-999540,MnSe,51.3,13.695,49.99829877739174,20.748664550296077
mp-30784,Mg2Zn11,68.686,39.903,73.95241473564147,32.632334369017286
mp-568328,FeP4,144.455,118.841,162.67147293535663,127.09619684294135
mp-568347,NbSe2,17.043,8.66,66.37011296111481,32.081620293171895
mp-10000,Hf2S,133.807,77.674,128.59704749834992,83.09132423497537
mp-10009,GaTe,11.919,8.821,41.80838491735249,27.46117983526469
mp-1001835,LiB,70.778,45.849,96.9316432116072,57.52951112019325
mp-10026,ScTe,62.614,33.162,67.93505581899736,36.09330552233237
mp-10027,TiSe,105.341,56.829,111.29147547380452,47.09866816920432
mp-10033,NbS2,26.113,13.219,114.64759602576235,54.135247562987175
mp-10052,TiAs,115.242,62.395,111.2192393292669,72.3426032486927
mp-1007761,HW,295.549,163.378,338.683366728265,140.61315441271074
mp-1007824,GaN,50.017,22.424,66.77078647581163,41.46867205896929
mp-1007906,ErH,67.398,47.034,54.90913745059954,46.26441015471731
mp-1007992,CrH,201.908,473.571,126.06278103108455,521.6160766342186
mp-1008483,CdN,101.532,19.068,108.38667396452944,20.989751982739264
mp-1008488,BiPd,89.644,25.074,94.25924203818316,31.672051248334796
mp-1008500,BaO,67.199,28.172,69.11470177461311,28.469382360896635
mp-1008524,BeSe,88.735,23.739,93.10921545201,24.609369922253
mp-10125,SbIr,160.755,61.559,175.80815430250766,77.62681989101515
mp-1013525,VS2,26.366,15.667,98.26324887382476,55.3670832870479
mp-1014,ZrMn2,157.977,43.71,168.94904309646603,47.06855620674248
mp-1014246,ZrB,159.802,84.523,169.75853843306984,117.27107823886442
mp-1014307,ZrC,217.405,130.486,239.6277793062087,132.96772415812083
mp-1017532,VN,323.541,215.041,398.55166106160544,238.8034419676004
mp-1017533,YN,146.084,87.281,157.27163555437525,81.6691441567865
mp-1017546,ZrN,225.65,124.34,253.00255716656343,138.6724249127606
mp-1018053,InCu,68.624,19.561,72.44831561391466,32.141524898466905
mp-1018659,CeO2,149.642,91.323,162.78694005792016,70.29102223141895
mp-10187,TeIr,144.366,28.444,167.44949903604268,43.45963157247085
mp-1018794,Mg2Ge,48.583,15.766,50.9680182074623,17.1436499908733
mp-1018809,MoS2,27.047,17.899,139.17401051609644,88.85570176268313
mp-1018850,OsC2,361.737,206.455,421.95128478998873,193.42634289904024
mp-1018851,OsN2,311.159,11.242,333.62289849945233,85.48592282137665
mp-1018948,Re2N,387.147,182.404,419.56816184394967,217.87621505678047
mp-1019054,ReC2,348.768,194.625,382.8914969731616,199.9903974977936
mp-1019272,TaN2,288.589,150.555,300.5028148466113,179.2832516620673
mp-1019317,TcB2,309.759,240.891,387.8350224407919,275.6064172504184
mp-10204,MnSe,55.613,26.089,54.815047834460366,17.58525297407237
mp-1025425,Co3H,215.784,117.284,241.31463251889087,117.70527287060902
mp-10256,VTe,62.066,40.094,83.4983428175347,58.26980860874369
mp-1039075,Mg3Bi,39.454,4.819,48.80823068460747,9.225267832374447
mp-1039123,CaZn,18.586,0.454,18.98712809887044,5.438187702397241
mp-1039262,CaZn3,41.447,5.239,48.81516258731408,24.18612297239098
mp-1039292,Ca3Zn,20.668,2.458,22.50706434246601,14.215058377814817
mp-1039383,CaMg3,29.005,9.348,32.43713421601705,19.89905970956111
mp-10598,CuSn,76.069,40.891,83.93353313410297,40.848994709710645
mp-1064554,BiRh,111.998,38.731,119.42075711695344,48.36761128119292
mp-1065394,MoN,350.498,216.621,425.6779523627452,201.84869739167505
mp-10744,Si3Pt2,161.294,15.067,182.71497902657168,75.60390960663385
mp-10761,FeTe,61.5,46.767,63.450611103998746,55.03930260020302
mp-1077232,WN2,353.556,226.66,373.5503384133525,250.1467221513731
mp-1078,CaCd2,39.906,23.145,45.599836714057055,22.613861968619503
mp-1078389,MoN,351.233,217.459,454.1307771282744,233.9565800138269
mp-1079348,B3Os2,338.097,195.212,422.353930306094,257.85873931500066
mp-1090,FeSe,78.571,36.343,56.02696431712349,39.24276818760014
mp-1095443,ScFe2,34.513,13.115,122.34854806436648,53.15845815976919
mp-1095682,Fe2Mo,229.35,121.212,253.8566511322891,108.58251900104646
mp-1114,VP,169.325,108.026,186.53653185084417,140.64760895164437
mp-11209,AlAs,82.001,37.331,95.84906489672215,34.68357696753244
mp-11220,Sc2Al,70.371,45.946,68.07057383962783,51.373097131025496
mp-11232,YAl3,32.234,97.757,42.80450239829438,4.181897181059096
mp-1124,MgZn2,63.27,43.383,68.63880898731237,35.15784387250414
mp-11251,Mg3Au,43.494,9.418,49.89339361756864,20.86487616257673
mp-11275,Be2Re,241.539,173.672,313.2274006305073,208.7171193125812
mp-11281,Be2V,158.028,137.179,195.18313131595343,140.37461712290337
mp-11282,Be2W,217.897,168.39,238.6068097680529,176.54354148469943
mp-11284,CaGa2,46.436,41.853,53.460215911115846,40.89263098567307
mp-11345,ZrP,135.334,80.903,150.960118747617,98.57946947352208
mp-1136,Na3As,22.238,13.902,25.192707926084115,16.483698205048107
mp-1139,Co3Mo,283.145,138.782,298.5584996694592,131.08385208710106
mp-11449,HfMn2,357.683,12.124,197.45878095301433,57.84482866436628
mp-11453,HfPd3,178.957,84.487,200.09792075914473,84.0756102397583
mp-11456,HfPt3,230.018,105.973,255.46903669105987,106.0948610181868
mp-11482,MoIr3,337.003,189.314,444.6967690655146,202.4078207589685
mp-11499,YMg2,42.792,22.125,41.06192540574492,24.45182196504303
mp-11557,ScRe2,226.157,75.273,271.4683250887515,84.67034396834399
mp-11820,BaNa2,8.587,5.631,9.253074557372257,5.454812517027693
mp-1186923,Re3Rh,328.997,175.246,420.5539079793876,198.57281821569111
mp-11883,MgIr2,197.34,57.181,218.3395677389252,92.82870469358768
mp-1190697,ScFe2,128.842,64.99,129.30079492937418,56.73175399015608
mp-12070,CuAs,106.034,24.932,121.0792659270218,39.56817076986437
mp-12109,ZrRe2,252.922,75.042,286.2715399493834,62.5873317154495
mp-12120,FeN,293.289,175.639,308.371836586077,160.98287717216607
mp-1214,VS,129.858,71.568,138.64167505802766,51.64811370410984
mp-1250,Lu2In,58.376,31.582,68.49446605838061,39.727257417955045
mp-12553,PrAl3,65.851,44.296,71.72775859592657,54.461456599994726
mp-12600,Pr2Tl,44.062,16.519,33.978040585746726,15.248642577030182
mp-12657,HfAl2,119.513,89.118,128.86043478140127,99.29507711740892
mp-12659,Mn2Nb,223.474,77.447,238.00692014413517,52.563873490718365
mp-1274,CoS,165.111,50.421,145.43834598526666,59.738470411517184
mp-12748,ThMn2,92.241,65.624,115.59795533829164,35.29927900519807
mp-13051,Sr2Si,30.437,17.973,35.093348161898916,27.25553402767084
mp-1306,ThAl3,85.595,43.904,93.56699706884407,60.01265080944002
mp-13138,Cu3Sn,106.478,47.503,123.39969749124032,46.67887972910794
mp-13173,PtN,176.104,1.966,316.3201985208171,71.64873253952167
mp-13178,AlN,204.816,122.484,233.75182865165317,171.5582129445946
mp-1319,ZrTe,88.453,48.267,99.99857701420709,45.062722955928535
mp-13364,CaZn2,46.953,29.598,49.62814865476686,28.294344110189073
mp-13365,SrZn2,36.313,20.102,38.72218230665525,21.89207376282367
mp-13503,ScZn2,81.128,49.625,78.41785011057567,51.282102792387114
mp-13548,Cs2Pt,12.618,4.817,9.286900284820687,5.696720940316975
mp-13854,B3Ru2,300.208,172.829,359.76181916521693,190.9110911545356
mp-14018,K3As,12.83,5.999,14.664726402107364,8.268183135615029
mp-1409,TiNi3,189.888,96.324,216.9183411719139,100.2942881972131
mp-1524551,Zn3N2,132.434,56.294,148.34374891998112,73.32755021818822
mp-15668,NaSe,21.931,11.917,30.973018824045575,14.70457157475007
mp-15679,CoAs,161.139,76.351,168.1470149227408,91.79959392547072
mp-15799,NbN,298.99,138.373,334.82441751658985,151.0473153714861
mp-1589,TiCr2,199.407,71.552,209.88929394851823,54.307446335095264
mp-1594,Ni2Ge,173.653,44.062,186.8359599787002,59.63864866749413
mp-1598,Na3P,24.781,14.892,30.025043471729695,18.73428166765753
mp-1634,MoSe2,18.747,12.625,114.54978846608368,72.73708128258667
mp-1641,CrSb,73.845,48.058,74.53726973755774,51.111958601516946
mp-16513,NdAl3,66.853,39.767,68.21159384227019,51.95891246718737
mp-1659,ThRe2,194.385,131.709,213.94603454483004,14.752134194004723
mp-1667,Co2Ge,208.679,54.043,217.9420876219044,76.37677408936658
mp-1677,Be2Mo,197.598,148.915,202.65131926604104,150.5872261646998
mp-16775,CdCu2,100.935,30.995,111.27387312120278,38.75722637945696
mp-1682,ZrAs,117.987,65.248,125.17841483503013,78.40805922476106
mp-1689,HfRe2,262.427,79.393,302.67824499900325,77.2393988648862
mp-1704,Tb2Tl,52.499,22.879,47.13555329819127,25.615523996034085
mp-1769,SbPd,104.823,29.332,109.0549213627114,41.669263318653734
mp-1773,ReB2,337.733,276.94,414.39207941946125,296.9159975251251
mp-1775,SnAu,72.865,20.977,84.55405585092025,24.381114456263628
mp-1791,Al5Rh2,131.181,77.568,153.66903596569753,80.1753974153469
mp-1821,WSe2,23.208,17.056,127.5053359281644,79.82409604184947
mp-1822,TiAs,118.615,71.121,121.6241988694622,77.28740254960346
mp-1823,Ti3Al,113.96,60.543,113.21910433542578,71.1863546125336
mp-1935,BaMg2,21.701,13.481,21.302860453074207,14.238033974954726
mp-1943,GaSe,15.789,8.947,53.832749785528726,34.6698832728881
mp-1949,TiMn2,181.973,54.384,216.87269679460337,59.01606529172251
mp-196,Al5Co2,124.129,83.776,142.69706345835104,90.29612043638755
mp-19816,Sm2In,48.746,20.676,38.46840981487308,23.303194313902956
mp-1984,TaS2,31.338,16.914,124.39320350316574,62.08356902975723
mp-19856,SnPt,127.368,44.847,136.97427116305917,54.4043113892903
mp-20033,SnIr,154.138,58.196,164.2216756799348,75.76882749326136
mp-20112,Ni3Sn,161.837,67.389,188.3447498544327,70.88442158718644
mp-203,NiTe,114.446,31.57,110.00839059659468,36.91567617983544
mp-2039,ScMn2,173.191,39.923,144.28892180377875,46.14166357617312
mp-20432,Fe2Ge,141.838,26.348,148.06084650847558,31.658321021114105
mp-20473,Mn2Ge,137.679,39.98,122.53159097256942,52.922829020739975
mp-20485,InSe,10.288,8.123,46.625030190507914,26.12649548760082
mp-20512,FeSn,90.749,107.873,100.64907840787494,51.131060358399445
mp-20686,Ho2In,55.238,26.456,42.054605580744976,28.60888210183864
mp-20760,La2In,39.889,15.239,36.04835586327714,20.900156431846753
mp-20868,Fe2W,259.462,135.348,277.8752465578524,110.9677692371809
mp-20883,Fe3Sn,116.858,48.902,146.79997104186293,54.52700930778013
mp-21030,Ti3Sn,116.002,27.179,115.0897797015759,58.60108014310083
mp-21078,Fe3Ge,166.23,69.592,168.78809364438155,52.34310567308992
mp-21092,InNi2,169.516,42.474,149.3458606824855,48.87205928361597
mp-21294,Y2In,53.665,27.105,48.18581223235234,31.408887952086477
mp-2157,Co3W,398.598,146.476,291.9757578190783,135.25869038491248
mp-2178,YbGa2,52.351,49.262,66.6465705776855,45.57249816160666
mp-2187,TiSb,90.133,45.424,89.75928193030035,50.1799854873972
mp-2189,CrSe,47.608,28.803,66.04193037528395,36.29324548287064
mp-2192,BPt,259.986,51.85,327.1771881168292,77.88019938829905
mp-2207,NbSe2,21.189,14.307,95.57935067093564,45.99387147581264
mp-2214,TmMg2,44.234,24.287,35.48845618445663,22.76137996192731
mp-2215,ThHg2,77.59,33.498,87.63980232129359,39.50172345939324
mp-2225,Be2Fe,154.342,145.09,185.55190976119368,173.0761977880913
mp-22389,Mn3Sn,93.71,57.01,85.33279895160268,64.26216183062311
mp-224,WS2,28.304,20.652,152.27126883010587,97.12660805027735
mp-22514,Mn2Sn,94.115,44.452,102.41346604276052,54.030510721029735
mp-22868,BiRh,102.002,29.791,115.41149076234356,30.493551145976284
mp-22878,MnBi,44.541,10.07,42.41117836939328,13.59545684991635
mp-2294,Al3Ir,150.642,34.51,166.63313248919133,63.46185219527722
mp-23176,SbCl5,1.258,0.313,34.030934872772285,16.40265585901573
mp-23227,CuBr,23.429,9.765,29.03114715440164,15.55858015125576
mp-2341,Li3N,65.179,44.749,79.23564624350578,71.0431883863458
mp-2346983,ZnO,47.923,11.264,40.255859239945394,22.872414901733254
mp-2347,NiAs,116.72,18.447,127.98990967551858,30.242812199540875
mp-2362521,Li9Ge4,33.833,29.535,39.541162540178576,31.587670286674665
mp-23759,SrH2,39.071,24.69,41.9413993100964,38.62859173704887
mp-2400,NaS,24.869,14.479,35.36513738045782,19.756194940371252
mp-2406,Mg5Pd2,62.662,43.682,69.29614054991757,35.22454574487813
mp-2416214,TbSe,60.482,10.16,67.4024778175419,29.478923746665973
mp-2432,CaMg2,30.093,22.012,31.35842328853074,19.423531584209687
mp-24417,MoH,210.772,124.662,240.65820201164104,39.45990658854717
mp-2454,TiFe2,163.482,77.415,183.8341450510534,66.90764232855959
mp-2507,GaS,18.273,12.041,65.79697874024549,42.85406882291231
mp-2517816,TePb,37.434,19.608,46.848728610503336,24.185742466600917
mp-2557,Zr2Al,103.887,54.176,111.96546920962562,56.0405937808104
mp-2572,SrMg2,25.64,16.339,27.03003727779809,16.129699213464203
mp-2619,FeSb,110.972,60.628,112.15868681535504,72.34667812809613
mp-2644,CoSb,148.223,69.404,136.05498675682816,81.65865608229704
mp-2701,NbN,314.396,195.263,332.55101941825956,161.50656553356802
mp-2772,ZrAl2,113.59,89.522,124.10262817447564,88.15916846517693
mp-27838,Na3Bi,17.175,10.693,19.09218615791233,11.17957646556636
mp-2815,MoS2,25.575,18.973,137.12665273239836,87.61761802078301
mp-2816,Nd2Tl,45.139,17.053,39.2100238078667,18.71957772880264
mp-2845,SbPt,121.63,33.728,134.94893918608304,43.844918725784915
mp-29131,VSe,80.907,46.598,26.642782389540535,28.492348680484827
mp-29663,Si3Ir,144.525,11.431,183.259128515834,36.42964499236835
mp-30428,BaCu,20.544,8.614,28.5621300169462,11.986094795720028
mp-30434,BaTl2,25.239,17.206,24.63161411889842,14.876122827385498
mp-30438,Be2Cr,182.568,162.402,199.2594952173102,171.97462580829236
mp-30490,Mg3Cd,39.972,19.676,44.87816586904621,22.4465245720041
mp-30494,ScCd3,61.151,29.259,67.43704129377436,31.001422230802454
mp-30498,TbCd3,56.173,21.64,57.055502686427225,26.69801914332127
mp-30625,Dy2Tl,53.54,22.798,49.23200207481409,25.71186222920215
mp-30651,MgGa2,49.454,17.471,54.961193171305624,22.777191791195996
mp-30671,Ti2Ga,120.013,64.019,128.64187403014833,78.31955743447692
mp-30672,Ti3Ga,118.806,55.181,120.55875401556956,67.05839288745418
mp-30722,ScHg3,63.522,22.049,68.03852069496526,24.55983827031853
mp-30726,YHg3,59.331,21.426,62.709463731308055,24.500335100484264
mp-30739,Mg3Ir,76.899,27.796,86.32443201893199,41.10701936632502
mp-30745,Ir3W,350.814,194.892,434.3241378990441,194.3738949684909
mp-30778,Mg5Rh2,112.559,68.756,77.24283943547647,40.57394996589161
mp-30787,MoRh3,268.478,132.343,341.66028936392365,148.98041443968015
mp-30798,NbZn2,140.627,82.962,157.84071403887674,84.3491711157047
mp-30842,ZrPd3,170.268,80.861,190.66039401557668,78.43984429425281
mp-30846,Sn3Pt2,102.187,30.087,111.69249133387277,44.940922503909086
mp-30866,Rh3W,282.841,137.344,347.6131801203908,141.87986129796542
mp-30875,Ti2Sn,114.555,61.103,125.21441672817092,65.76580411285285
mp-30877,SrTl2,26.768,16.996,26.835081287685533,17.41992453344839
mp-30882,TiZn2,105.49,65.278,114.03095524874408,67.90187362752721
mp-31498,BaPt,49.609,19.133,48.20147047655169,18.507615140651374
mp-319,Sm2Tl,48.346,18.805,42.793446510105994,22.185956713019557
mp-33031,VS,163.713,123.406,157.51556750229787,119.77674883207766
mp-404,MnTe,46.771,23.548,41.521706622524874,16.747792303082214
mp-40793,Si3N4,225.484,208.455,300.6922296134311,201.2908721534042
mp-426,CoSe,132.749,42.069,122.98648730015478,49.914883314145065
mp-485,ZrNi3,173.5,68.767,191.24092351352,75.65396358670695
mp-488,CuSe,64.721,18.079,79.98019368723641,32.44569394840797
mp-500,TaSe2,23.348,15.826,107.75619513982554,54.07776794732417
mp-501,TaSe2,24.691,16.179,105.37912149161863,54.30730465452367
mp-504,CuS,79.551,27.234,99.0298853550774,42.13388142545761
mp-507,SiNi2,202.978,59.025,218.63433484412545,80.17493416735259
mp-510198,IrPb,125.941,49.325,124.63658218839852,49.39227947185955
mp-523,CrS,62.481,47.301,67.53707751217274,52.95670033093365
mp-545512,CaO,86.059,34.214,93.52251448569884,54.11975136315288
mp-554462,TiS,137.908,93.631,128.28727893927515,110.62222529888544
mp-556742,GaS,20.025,12.982,66.83479000492854,42.602699229854
mp-557142,Li2S,38.36,24.251,44.12156976703338,30.927742261296785
mp-557523,VS2,9.594,7.863,56.71835102143493,31.402562684288757
mp-564,TePd,97.958,19.279,114.07374627637,19.819447761814494
mp-567164,BRh,276.584,107.112,349.7178605781976,112.96956258678829
mp-567305,CeAl3,65.0,44.645,81.01652052217139,60.249607135454426
mp-567590,LuOs2,218.705,75.807,249.5821526327404,72.67760029600471
mp-567612,ScOs2,237.275,69.065,266.75683911087975,79.56573401009307
mp-567750,ScRu2,188.959,52.506,205.192354286422,59.760330908873904
mp-567832,TiTe,85.973,55.643,78.76558452665877,54.08017383547324
mp-567925,MoC,332.992,143.971,431.3837481759209,202.29435659286705
mp-568077,TaFe2,424.186,114.384,220.0181717529495,78.7190386054071
mp-568186,YRu2,167.183,48.099,186.75204235337532,53.49933732808794
mp-568273,LiI,20.169,10.762,23.55112345960813,10.581888108753322
mp-568337,ThRh2,145.788,30.894,164.87995329274966,40.19083501865486
mp-568382,MnBi,56.091,31.575,53.19800392005708,28.990112889940313
mp-568565,CrAs,97.069,68.271,79.49003342118658,61.03619733355867
mp-568630,LuRu2,178.59,48.129,199.25661307319297,58.54946998717154
mp-568636,TiCr2,198.395,72.282,211.22100180447623,63.10715663070716
mp-568789,TiSe,112.457,75.306,106.20752103297498,79.61986793528982
mp-568901,NbFe2,305.721,108.524,203.384245712259,69.73867885049707
mp-568908,TiAs,112.073,34.946,112.12296805571292,44.72529040692769
mp-569170,CaTe,36.971,23.429,42.04651196405762,24.6643346154708
mp-569220,ErRu2,173.521,48.395,181.50512818061648,55.003930585251965
mp-569265,Mg3Pt,69.824,27.622,79.72092068167652,39.547625246429035
mp-569402,VP,153.93,43.728,163.64985170400027,51.52084204455762
mp-569446,NiPb,92.14,40.519,96.8761102695199,41.42154257597723
mp-569544,ZrTe,93.82,57.902,100.88995585201064,61.93555207388831
mp-569624,HfCr2,186.81,65.612,205.78485889599665,62.00618517228683
mp-569668,VSe,58.365,37.974,59.97477926905132,33.00470986650889
mp-569803,B2W,320.671,209.293,398.062897174472,258.41739494338475
mp-570050,Yb2Sn,35.377,26.28,49.291169294486394,31.129991749692092
mp-570430,TaCo2,255.669,93.792,237.98267937016857,98.96439789082476
mp-570466,Li2Ca,16.063,11.708,16.5532608074951,8.659936951735567
mp-570604,TaN,327.425,185.363,364.5598935167196,205.09684750832864
mp-570670,YOs2,212.391,51.03,238.77126692260353,72.0633081502904
mp-570684,ZrOs2,264.389,91.366,296.6429810197954,90.53371401940228
mp-570786,KNa2,5.733,1.421,6.210925237124313,3.1837217158180513
mp-570904,GaNi2,167.858,56.355,183.4095319490463,64.42173649658464
mp-570923,YRe2,203.067,55.616,232.03673766376923,62.06191283974648
mp-570960,HfOs2,274.968,88.088,309.54517953396703,91.94267725640238
mp-570963,TaCr2,239.813,85.342,278.4014172091539,58.482445698973095
mp-582360,TaPd3,201.293,34.185,243.68171806306577,83.5127230164878
mp-583266,MgZn,54.259,16.418,56.5908767198106,28.590748290417014
mp-590,NiAs,117.218,43.793,136.90262350239936,59.389991607092526
mp-594,NiS,134.158,15.89,139.23964662999862,17.07468311626826
mp-602,Te2Mo,16.944,14.025,96.03180204795532,56.913468646847186
mp-610,MnAs,61.789,55.488,69.6795189128627,51.37433966366624
mp-629015,BN,99.716,70.992,115.98990333676156,79.46477034606498
mp-647,NbS,178.15,100.771,200.34357932689937,116.8509067189498
mp-662,NiSe,118.982,24.256,122.03290116538514,28.06142599334442
mp-6912,Mn2Sb,62.221,25.283,78.9895779292346,36.93274183271193
mp-696572,TiP,104.788,28.707,123.31150974998172,59.40607648465063
mp-7087,SiO2,146.02,54.984,159.28431341861176,98.03441049319648
mp-731,Mg3Hg,42.628,17.515,48.053825282885434,23.412900945252662
mp-736,Li3P,39.519,34.45,49.899819406925104,38.021943503043
mp-739,TiP,139.085,90.022,145.93016076654558,101.47079750464056
mp-754333,TiO,231.655,156.899,194.1324894300204,109.12324335057544
mp-757,Li3As,34.809,30.48,43.302436367301794,33.66818767187932
mp-774873,NbS2,22.146,10.683,105.6290889179193,56.51718249685145
mp-7821,VSb,91.597,45.452,113.80304524483704,58.55386629879629
mp-786,MnSb,56.824,41.61,58.016437829395784,43.36112067941298
mp-788,CoTe,113.699,50.317,107.99262236622896,56.54914365802381
mp-7897,K3P,13.975,6.039,15.986564838091931,9.01121823924966
mp-7898,Rb3As,10.489,3.5700000000000003,12.91069551194732,6.539175981366919
mp-794,CrTe,43.579,23.178,52.346489795628926,27.346075290093463
mp-7955,Li3Sb,28.627,24.195,37.699526059210086,27.936899634212494
mp-7956,Na3Sb,19.462,12.543,23.284491543010255,13.678813061894031
mp-7991,BN,97.905,68.078,108.2275516613189,81.95973320853976
mp-8033,PuF3,118.532,34.579,147.31499615308132,45.819666749299415
mp-810,NiSb,108.123,50.253,114.1078963559806,57.71015673398461
mp-8354,LaF3,109.184,26.885,128.88553589165184,47.70312228185251
mp-841,Li2O2,72.65,50.633,91.48541065130988,58.54435327901557
mp-861610,Tc3Pd,252.716,144.737,333.6074708860165,165.90013781917722
mp-861630,Tc3Ru,303.39,161.012,332.75512063732566,141.2562791946104
mp-861867,AcI3,2.551,1.677,16.980880271952504,8.294117308508202
mp-861889,Sc3Tc,89.781,30.851,95.42207194240676,28.541289044338154
mp-861943,BPt3,179.835,62.621,240.7479463924125,66.91052141682317
mp-862259,Sc3Al,66.919,42.694,69.25371249521187,46.94746155012895
mp-862260,ScZn3,79.006,29.499,77.9994411172548,48.332993499912845
mp-862289,AcHg3,46.985,12.999,51.1240612936456,18.030478972338862
mp-862586,Re3Pd,297.088,173.524,413.0221362595909,195.6839005809124
mp-862589,Re3Pt,325.952,204.28,439.8749982879587,225.64633622676857
mp-862604,Re3Ni,317.142,179.065,416.83019823831125,171.93868918657174
mp-862617,AcAl3,58.815,34.916,67.81620430136398,46.91804436755311
mp-862620,IrRu3,321.281,185.926,378.9527588828728,203.09286684764837
mp-862655,Ru3W,308.427,168.416,369.5882651846546,151.1320506104538
mp-862679,TaZn2,151.886,90.589,167.9362390365799,97.29734272119232
mp-862732,PmZn3,64.957,15.758,56.00962998289305,30.229458951368013
mp-862756,PrGa3,66.478,44.283,73.8861722055298,38.7510935241976
mp-862769,RbGe3,19.114,12.139,40.817348159140515,19.548822093591316
mp-862779,Tc3Os,325.151,174.876,346.6485403278695,155.75174147961067
mp-862800,PrI3,2.5460000000000003,1.806,16.821669000414243,8.519374589939936
mp-862844,PaAl3,95.953,49.122,109.3965760995447,72.05206693710618
mp-862847,PaB3,202.995,148.952,214.9572787503428,124.8619633047113
mp-862854,PaPd3,159.305,52.044,188.13146034069817,55.503312619475906
mp-862865,PaZn3,90.652,6.371,94.20346569007891,45.45463093192763
mp-862980,PmAl3,68.914,41.964,63.76704431719688,57.85287681251083
mp-862983,InCl3,5.376,3.058,32.847340222912045,9.585791059986606
mp-862984,PmB3,144.75,110.498,182.79611774453025,103.7547354450175
mp-862986,PmBr3,3.842,1.747,22.868547105775903,10.940096630072478
mp-863026,SmCl3,4.313,2.666,22.699356960084735,12.256403988474394
mp-863028,SmI3,2.8,1.882,15.81783266146553,8.407852916742304
mp-863029,ErCl3,4.864,2.495,25.698253468178873,13.039843973073546
mp-863264,TbI3,3.138,2.63,17.270420937834928,9.196242949838071
mp-863677,PmCu3,78.335,25.855,89.82639628551003,29.32534864615636
mp-863695,PmI3,2.9,1.732,17.915508220679992,8.603201736221983
mp-864617,NdI3,2.955,1.905,17.20646143645486,8.344319176161331
mp-864657,HoI3,2.881,1.97,17.24222973411321,9.071024598922303
mp-864733,MoI3,3.156,1.928,30.28739035505142,16.846407504664732
mp-864735,Mn3Ir,242.395,155.689,308.01970028620894,160.5299749490227
mp-864889,ZrZn3,101.369,41.219,106.4347832519334,65.14527284320843
mp-864901,LaAu3,77.617,20.513,98.64380739744728,28.004134832407715
mp-864915,HfBr3,5.026,2.429,34.93511131900012,19.586965896649016
mp-864931,MgCo2,111.473,52.91,123.79401083499762,60.16387334926319
mp-864934,MgAg3,76.915,19.291,88.30406373161738,33.292519151229634
mp-864935,MgAu3,109.614,21.208,132.57822276043365,37.63383612035166
mp-864937,Mg3Sc,43.21,24.542,45.58042068176144,29.35276777339299
mp-864938,Mg3Tl,34.56,13.139,39.55002439002169,16.436524320377618
mp-864952,Mg3Ag,47.879,33.169,56.42526949119031,27.405178885799305
mp-864982,DyBr3,3.535,2.081,22.792146225477545,10.794579201419504
mp-864995,DyAl3,71.682,39.137,70.39369615846591,60.51331338016361
mp-865022,MnIr3,287.886,136.361,324.11880135059647,162.88146155151065
mp-865171,YbHg3,38.477,14.403,47.916694562055774,17.45742163392477
mp-865193,Co3Pt,211.803,94.266,245.8165868085048,119.35732904324011
mp-865301,TmBr3,3.109,2.236,19.53242363541841,10.155742711823606
mp-865324,LuCl3,3.289,2.7,32.79236202114325,15.497719627355222
mp-865353,TmI3,2.736,1.961,15.957889849476093,8.834178668671086
mp-865400,ThPt3,174.749,44.381,214.62662247853729,57.40889902356824
mp-865428,UP3,104.325,79.737,120.17433660491638,63.86527530719704
mp-865450,ThGa3,85.675,43.146,98.3332935092972,49.05858890245278
mp-865473,VBr3,3.46,3.386,33.282831253387684,14.172600865721003
mp-865493,VI3,6.8469999999999995,2.292,24.572092023395246,12.347224727699173
mp-865496,VIr3,321.065,186.516,376.4459501670749,186.65180173225207
mp-865521,LuI3,2.849,2.379,21.554236643287663,10.95848726178375
mp-865527,YAl3,70.402,38.964,77.63524560557596,58.81907205489117
mp-865733,CoTc3,287.788,154.37,346.83059191939117,145.23754637513434
mp-865798,GaCu3,124.561,45.438,144.0029672863956,56.46998268494918
mp-865960,CoRe3,352.906,163.317,409.229866546487,170.94309248733822
mp-866003,ErI3,3.096,1.721,18.12017596371497,9.668179467475335
mp-866108,HfZn3,106.771,15.766,108.23214218863173,61.810958918279
mp-866161,VRh3,251.039,128.846,295.041089404501,132.34295438041468
mp-866214,LuBr3,3.474,2.266,26.98410637228814,13.04673659220916
mp-866222,AcSi3,64.505,52.263,91.35581362906454,43.138690013358634
mp-867141,ReOs3,395.382,248.808,440.9081240437177,254.49711348524448
mp-867143,SmGa3,69.324,41.914,62.42718375521856,36.28962622749095
mp-867212,TcOs3,377.014,239.966,423.4630075518435,240.44914719162907
mp-867229,RbSn3,12.419,8.094,29.234467613947174,14.47277839116585
mp-867246,TbGa3,71.201,44.485,71.48123653101707,38.44603968079354
mp-867264,Re3Os,374.539,203.733,414.64128513403085,182.53445605993352
mp-867281,Tc3Pt,286.08,178.077,366.59808294421447,182.2461983969563
mp-867288,TbHg3,59.883,21.49,55.12415465943367,21.747664783503883
mp-867317,Cu3Si,144.315,60.128,166.37024612324893,60.216012374335584
mp-867345,TcIr3,341.997,157.989,429.4681162149695,207.8622638946668
mp-867356,TcRu3,308.589,192.283,367.6230620492715,185.59631270049647
mp-867357,Tc3Ni,286.678,150.925,346.1059697169168,144.98763300067543
mp-867792,ReIr3,358.896,159.736,446.2814876377016,203.071943994582
mp-867800,AcSe3,55.602,18.189,71.26270871058034,17.33783492757333
mp-867815,AcGa3,58.767,37.601,68.43949529727395,35.760205914539746
mp-867838,AcAu3,74.927,22.77,90.70388438132676,26.164973454806216
mp-867870,SmAl3,68.731,43.821,67.44938744314749,55.3553143608507
mp-867879,SmHg3,57.544,21.074,49.072037015654566,18.61692304058661
mp-877,Er2In,55.971,27.494,51.96308201341233,33.73524767712224
mp-900,RhSe,138.031,26.75,151.73590957617617,26.50649770333595
mp-956096,HfFe2,170.582,76.603,167.46329131405184,69.13008634572576
mp-959,LaAl3,61.963,41.255,62.9902309721686,46.952827529801944
mp-971909,ZnPd3,149.877,0.619,171.19709721277783,53.301504027039215
mp-971920,TmMg3,40.818,20.14,37.00360748914978,22.22866506842973
mp-972042,Zn3Cu,92.401,63.909,115.48527931344,45.44449368351519
mp-972099,YbMg3,28.79,11.895,34.65552460636263,21.861038085689437
mp-972220,TiPt3,233.898,90.295,274.60445613982864,98.65893677959784
mp-972257,LaTb3,34.964,19.382,23.68743561343746,16.86864005631638
mp-972310,Tb3Si,58.091,20.696,45.968301700392146,31.135363577885222
mp-972494,SmMg3,38.754,17.395,32.350551099419576,22.2778446517023
mp-972549,SmLu3,43.336,28.525,42.372103750962545,25.952839904151276
mp-972794,SiSb3,90.641,11.961,68.27463044300072,21.05793021677245
mp-972876,Sc3Cd,59.118,34.349,65.29105936667509,34.348578805911636
mp-972895,ScAu3,116.515,29.776,134.14148550639186,39.0510150069076
mp-972941,NaBi3,32.912,11.214,43.43089603201206,9.91260207169751
mp-973166,NaCd3,27.528,10.71,32.93046081997237,13.905325875296644
mp-973266,Lu3Al,53.348,33.866,59.41651201641366,41.22920744147645
mp-973300,Lu3Ga,53.035,27.112,57.63398046291346,39.320878246869086
mp-973316,NaLi3,11.571,5.99,12.867012848208214,6.524863121129122
mp-973352,NaCo3,29.646,168.403,99.31802314860496,31.534594160503147
mp-973415,LiLa3,23.83,8.867,20.288790527271946,7.978167884876007
mp-973465,Ho3In,49.414,27.113,37.89495509479145,28.29864690548726
mp-973684,LuMg3,41.172,18.141,44.49721324552598,26.99695502951585
mp-973689,Ho3Lu,44.373,30.304,28.461310168233084,18.045523445102145
mp-973983,NiPd3,174.379,20.43,192.06478521866984,59.41708436992821
mp-974322,Ho3Mg,41.03,25.844,21.395194446940593,16.201135832598986
mp-974325,NdDy3,38.234,22.519,11.286243854527548,14.910428773731764
mp-974326,OsRu3,331.196,215.629,388.03670124344853,213.53469238353267
mp-974341,RuRh3,267.514,110.675,329.55495009660956,148.06231868673294
mp-974411,Re3Tc,348.896,170.331,369.6234106104794,122.39410745252856
mp-974437,Re2C,400.846,269.296,453.26599780850944,267.86321999757587
mp-974464,ReH3,162.958,27.22,252.22305730279797,63.587573783202146
mp-974625,Re3Ru,350.663,184.629,399.9426354222341,165.1723931514762
mp-975321,LiSi3,40.544,1.582,77.02645661636265,22.73223376548778
mp-975651,PrTm3,40.703,24.774,19.372191424751872,16.167461117779858
mp-975658,PrHo3,39.752,23.682,16.10512399039059,11.780871955930705
mp-975834,MoRu3,295.76,165.564,360.4717628459462,151.38832534177544
mp-976356,NdSc3,44.174,24.132,41.37400207775995,22.85347256397832
mp-976751,Nd3Zr,41.816,20.853,22.58257593648727,14.094037078185556
mp-976806,NiAu3,131.736,26.657,170.52222588383916,44.95372769649433
mp-976838,Ni3Au,173.553,46.299,206.280079952604,71.09117388883642
mp-976893,Ni3Sb,161.359,56.636,181.486967110408,59.8662774030456
mp-977126,Li3Ag,26.62,7.681,27.097911798309323,13.221907980199036
mp-977207,Li2Mg,20.429,3.332,23.211973387998007,13.112941650569343
mp-977375,HoBr3,3.636,2.449,23.135143407387265,11.735320419435553
mp-978088,PrLu3,41.583,26.103,40.86754812018582,25.26544573991928
mp-978264,MgW3,151.681,34.379,267.61295010878933,58.45448270613088
mp-978270,MgZr3,80.271,37.943,84.53253353989777,45.03807837620085
mp-978525,Si3Mo,122.507,22.707,161.09610636445524,23.16261863613266
mp-979013,SmGe3,65.983,17.126,72.38220320655932,23.802102025385615
mp-979026,SmTm3,41.991,26.898,17.852658299958286,17.078042084998653
mp-979234,Sm3Y,35.996,20.299,15.04626963122064,14.598360604931267
mp-979263,ThMg3,46.981,20.296,46.88968820179669,28.70318907549429
mp-979293,Sm3I,32.87,4.8629999999999995,16.34150515537287,4.5257106899363855
mp-979339,Sm3Cd,41.081,20.619,28.901568936494183,14.785041158835185
mp-979465,SmCd3,54.374,20.865,53.05435727930866,23.79529574361259
mp-979614,Sm3Er,36.589,20.829,8.149626239979947,13.489491411874846
mp-979899,Sm3Ho,36.414,20.498,8.972660942162927,12.463905811226727
mp-979923,SmMn3,72.777,29.185,43.9388745450408,26.207296923507908
mp-979933,Tm3Si,59.796,24.042,43.734200492816335,34.43503537956126
mp-980200,Zn3Rh,125.139,36.556,147.2644052717851,52.84065164461039
mp-980429,Sm3Hg,44.884,17.74,32.48538599603061,16.701741449890058
mp-981375,HfMg3,55.161,32.213,56.4972901478925,33.936217646348396
mp-982557,HoGa3,69.96,41.108,62.78801967569728,36.10087169972462
mp-982981,Na3Rh,20.449,9.445,22.46074641238365,11.00359503427496
mp-983509,Na3Cd,11.971,6.122,11.520341342107582,6.5546675806302135
mp-983567,CaAc3,22.937,13.541,22.840824446774455,17.125593823753448
mp-983607,V3Cd,119.789,37.671,164.5652886679351,59.77656918278517
mp-984,BN,102.457,73.485,120.03046565176184,85.98703258624819
mp-984351,CuAg3,96.627,20.565,112.82055071434864,37.16983642313257
mp-984699,BaSr3,10.675,5.229,11.438557816677228,8.994154529699422
mp-984744,Ca3Tl,23.597,8.383,23.465242346340524,16.110969624496196
mp-984754,PmHo3,40.295,24.832,15.481559233790474,10.63175225266225
mp-984873,Al3Fe,119.201,55.328,115.8489776854659,66.19098220897011
mp-985287,AgAu3,121.49,15.796,144.15804866546665,33.54485276320775
mp-985302,Ac3Pr,25.621,14.427,21.92009776577174,20.20563421671931
mp-985303,Ac3Th,32.211,18.276,36.82963111178451,26.027093055806574
mp-985554,Ac3Nd,26.403,14.982,24.03616678349626,18.31425298982645
mp-9953,HfP,147.126,83.603,164.9105879338834,106.50554500790084
mp-9954,HfAs,127.118,65.141,136.24864434673532,86.78826389207892
mp-997630,ZnO,165.478,44.222,182.7852332070116,62.89133842668235
mp-999117,TcN,343.828,144.403,431.69037167364473,140.80387070351898
mp-999118,TcB,288.337,42.622,374.1523124110339,25.443998661518204
mp-999120,TcB,301.077,189.179,330.56863808174955,199.1595845180846
mp-999197,AgN,146.384,2.583,187.3866524780839,24.141547958325138
mp-999263,RhN,273.586,88.779,300.766211709392,55.32605873949626
mp-999266,ReN,392.349,212.91,442.53111357929464,165.39886785612768
mp-999308,OsC,374.861,95.289,482.8274234304304,204.19609512735423
mp-999318,NiBi,88.03,36.741,95.13096965147574,43.10372567540203
mp-999357,NbN,304.91,165.167,337.67493164175625,180.2097754734978
mp-999377,NbC,273.377,151.933,296.87312970177675,152.94977188301584
mp-999388,NbC,236.476,97.351,318.2704645149343,131.3998505612726
mp-999516,MnP,105.134,80.838,179.3154381771593,116.9600385695285
mp-2856,Mn4Al11,123.19,86.605,132.82218873481222,101.7232889782654
mp-2929431,HI3,1.785,1.164,12.427879901246966,11.155163309015764
mp-487,MnP4,137.01,114.123,145.7006521805375,124.138524606532
mp-530274,Al23B50,184.943,107.776,221.9051187117872,134.65900518491532
mp-562100,NbS3,16.691,12.414,111.40924217787654,57.33949784648648
mp-568245,NbBr5,2.605,0.798,40.69168657949826,18.500497962222852
mp-569522,MnP4,137.141,115.49,151.01793838617638,128.14386335114764
mp-572758,ReS2,11.027,18.793,140.86523757389892,74.2840348118256
mp-642822,CaC2,58.929,20.203,78.90029580392266,45.12252426520848
mp-849060,VS2,12.703,11.615,56.8282619991388,30.366190312925013
mp-9481,TcS2,26.399,18.646,133.0192559396482,66.67049197331109
mp-1068,CuS2,53.369,32.823,105.94217645482524,46.91444741168088
mp-10844,Te2Ir,111.463,53.591,115.09592613128036,64.85560246317615
mp-1356,Sb2Pd,87.651,29.488,98.34354648661224,48.08929152800131
mp-15619,GaAs,57.058,40.993,75.02724764393194,51.535278772928685
mp-15621,AlSb,48.47,29.724,54.81915554564056,37.65049100159411
mp-1746,MgF2,104.298,56.418,112.4144026567728,62.78341552516036
mp-1848,Te2Ru,110.797,76.97,128.4887202498422,85.3311854470469
mp-1922,RuSe2,137.146,92.704,159.10930428675812,110.326155553622
mp-20066,CO2,4.63,2.479,105.97369184527038,32.601433086604985
mp-2030,RuS2,172.042,121.491,204.60546812110312,131.6102482020415
mp-20465,As2Pd,110.797,51.467,139.9349944464197,66.79087561034879
mp-2070,CoS2,127.327,72.8,141.54382394551254,95.52832356018308
mp-20901,NiSe2,96.857,38.657,105.74691730546142,52.38798840017453
mp-20905,OsS2,193.971,139.154,224.7768482218324,153.12376402249149
mp-21065,SiP2,108.341,82.444,133.31051677583974,88.14441833256694
mp-21321,MnSe2,66.359,30.223,49.3158511150591,40.75632045390056
mp-2142,Te2Os,130.119,88.304,148.9192543510378,95.56757664238653
mp-21873,NiAs2,105.659,57.182,132.52716672768025,65.46902801489674
mp-21893,MnTe2,49.969,24.456,36.61714382087902,31.02770982551052
mp-22309,CoSe2,99.992,63.944,126.6101850076456,94.77280814123546
mp-226,FeS2,145.937,135.327,185.5120686536885,147.01081937175897
mp-22619,NiP2,132.249,98.281,166.09837705254205,100.09146261054842
mp-2280,CuSe2,74.484,24.776,83.70478198083063,32.557250074486205
mp-22864,Bi2Pt,82.069,26.028,95.70164654815044,40.657834107597424
mp-2310,CdO2,105.752,37.359,129.16964393060297,54.56706340093563
mp-2513,As2Pt,136.486,84.294,184.05852537458264,103.66817881905472
mp-2589,MgO2,129.089,86.082,151.00091593540637,100.17555972512308
mp-2604,MgTe2,37.266,22.167,50.01960830200225,28.731862142307783
mp-2633,GeO2,229.91,139.96,268.3250574498048,146.46587274885735
mp-562,Sb2Pt,105.593,55.904,121.1167251084512,68.24305658506947
mp-570285,SiBr4,1.204,0.344,26.25297868049233,11.847438202767616
mp-635441,SiI4,0.421,0.152,18.974500451826984,9.340300110768888
mp-697,SnO2,192.235,99.178,206.43300258661773,103.84002930511856
mp-730,P2Pt,175.121,117.617,205.28509982127815,129.18232154816133
mp-738,Sb2Au,72.555,23.812,84.0850668286812,36.79833491356238
mp-754,Te2Rh,95.422,48.854,114.53893302109238,59.16218478930408
mp-8484,ZnO2,138.631,62.222,170.18631943026094,75.02486809564948
mp-8909,RuO2,273.128,147.463,338.41233518056276,166.62005053725707
mp-9258,SiO2,310.27,213.805,350.5768641936877,229.5828644887821
mp-1045,Nd2O3,124.063,50.641,121.74441115668265,59.93348626271548
mp-1056,Tb2O3,141.499,61.887,149.13292724457483,77.22601673149343
mp-1427,Lu2O3,156.458,73.089,167.08966973289048,91.94975811535802
mp-1559,Mg3N2,110.105,77.845,121.63821624881804,92.49448543984188
mp-1767,Tm2O3,150.148,70.015,134.7516156129672,75.47384408456911
mp-18337,Be3N2,214.318,185.759,225.49337661259705,203.79218680215288
mp-1990,Mg3As2,49.199,27.37,55.00151282815378,35.290052765748236
mp-216,Sc2O3,167.269,79.706,182.4133271363106,97.83723843333188
mp-218,Sm2O3,130.35,55.209,123.667843050341,60.28517893480364
mp-22598,In2O3,144.766,57.394,155.67373878389947,74.25329330391007
mp-2292,La2O3,114.974,39.632,123.82149136370026,54.201344159385
mp-2345,Dy2O3,143.814,63.498,137.94511356664654,73.32710974457976
mp-2652,Y2O3,138.413,62.199,146.39693659811468,79.76171384275295
mp-504886,Gd2O3,131.73,55.657,144.90419176439664,70.54806014363463
mp-567841,Be3P2,91.876,71.729,103.12026939265763,73.53349903372349
mp-679,Er2O3,145.923,65.426,139.16258031635934,76.45201569385674
mp-771359,Cu2O3,161.174,53.715,209.45483966998015,66.56780858239874
mp-776475,Al2O3,212.727,127.515,240.09343240182668,156.17131599305364
mp-844,Ca3N2,67.434,33.75,67.64839041652272,41.876612772946494
mp-9460,Zn3N2,131.064,56.059,143.0261970923316,72.68791172809932
mp-986716,Sr3N2,50.639,22.587,52.45128327534998,27.077717887523956
mp-1018112,YSb2,46.26,1.393,59.20631861762115,13.78817892962001
mp-24082,Ta2H,203.084,67.791,224.58553347829843,84.91599202451494
mp-11227,Al12W,92.968,58.228,101.65385651083773,53.99505518789525
mp-1239,Sb3Ir,98.2,60.31,124.88810800758591,76.9555797667528
mp-1317,CoSb3,84.037,57.702,105.72071634750824,66.93309941632768
mp-1357,P3Rh,149.168,97.011,170.6052202175359,119.56230026083831
mp-13853,P3Ir,170.079,114.248,211.74627819476967,136.04117145596626
mp-1648,Al12Re,98.031,77.342,110.25666912084384,55.02061942909896
mp-16719,Al12Tc,96.935,75.356,109.56504725471616,54.20975960796984
mp-1944,CoP3,143.928,115.879,190.31604827607663,133.01580759579346
mp-2301,NiP3,125.545,75.904,142.96492199705847,95.4899695416584
mp-2789,NO2,5.601,3.922,113.7894325976664,64.22580101271224
mp-30443,Be17Ru3,151.947,117.848,164.96971381694485,132.81420723551955
mp-452,CoAs3,108.351,83.076,141.82431624309322,93.97898710988991
mp-540912,As3Ir,128.27,83.893,161.62492480478852,103.73196178035232
mp-550,Al12Mo,91.875,58.772,98.78318660484136,51.38942131538795
mp-8182,As3Rh,115.538,71.782,144.44923903994402,89.30091881743047
mp-971669,FeSb3,100.502,47.232,87.78244760075154,57.38305790243579
mp-496,SrSi2,58.246,29.769,55.72811998357329,29.15930314814987
mp-542730,V8C7,249.054,178.711,357.0176791225615,212.87587294723232
mp-7275,BaSi2,52.121,33.929,48.3655050348942,26.823183154078265
mp-568505,As4C3,117.639,78.133,112.7257093018302,47.50709024254751
mp-569600,Ge3As4,47.172,29.44,60.14778550695368,36.175632740955706
mp-570377,Sn3As4,34.489,21.164,49.90886320257348,29.988340050715117
mp-570744,Si3As4,58.179,38.466,76.46096700211028,45.87958023612084
mp-571653,C3N4,391.827,375.573,406.3082239851929,317.5091606412798
mp-625,Mg3Ru2,105.762,52.226,124.14049541283308,54.20582409485893
mp-1368,Zn8Cu5,105.749,32.407,116.16588009148924,52.847379383412274
mp-1818,SiF4,7.258,4.652,68.89137629262665,32.330295150723956
mp-20276,U2F9,78.546,42.193,159.90198440989002,78.09649009473975
mp-2151,Mg17Al12,49.768,19.098,56.8892121514295,26.62832424283124
mp-561543,BeF2,8.258,14.198,67.74640244382803,40.79723945971285
mp-11607,Si3N4,254.688,149.374,283.0197179074414,188.98960885618587
mp-11661,Zr3N4,200.814,116.039,303.1455116719444,168.17206158884954
mp-1184,La2C3,106.014,11.549,127.29661458070088,64.93769558269976
mp-1347,Th3P4,108.466,57.835,131.0403086647705,63.74410229731914
mp-15661,Sc4C3,113.058,68.134,174.36562796421302,107.45112392300514
mp-1695,Y2C3,119.54,48.318,146.29951655438734,92.4842001738334
mp-1777,Li15Ge4,28.204,19.528,30.669646172972477,25.241253808617735
mp-20181,Ce2C3,115.855,71.811,156.62206367297938,81.06197352897313
mp-20328,U3Se4,64.012,14.148,82.84736638415743,45.575447155824314
mp-2038,Sm3S4,95.742,1.08,88.18880831780518,43.63061484238305
mp-2204,Nd3Te4,53.979,16.8,57.70629480063656,29.0034584884508
mp-22422,Ce3Te4,40.96,27.802,53.78765887226406,33.55417913009665
mp-24202,Th4H15,81.272,42.175,102.63721785322734,67.74378137941838
mp-2625,U2C3,184.425,100.718,212.0230325720999,101.3912700556776
mp-2852,C3N4,441.727,375.735,408.2466119956659,346.0467259963379
mp-30892,Ba4Bi3,24.169,11.495,26.481375405365416,16.861620667909325
mp-392,U3Sb4,75.787,32.637,90.73278768171588,39.13009466552305
mp-567395,Li15Au4,28.91,13.292,30.02286682543589,14.551178154097268
mp-568320,Y4Sb3,65.708,31.924,72.2244844812276,39.437470302990754
mp-569849,Li15Si4,29.691,20.993,35.523363970487765,28.27237757712764
mp-606,U3As4,100.456,49.726,111.58186785272694,53.33319469171289
mp-879,La3Te4,50.175,25.245,60.014724808176936,30.244669445659625
mp-1021503,SiO2,275.987,133.326,289.637671463232,149.54659772753368
mp-10762,Cd3As2,45.328,14.071,46.39411234084307,18.545324270077263
mp-11872,Ag2O3,125.939,21.458,155.50811744650855,17.35699503570668
mp-21185,Cd3P2,53.243,21.626,55.35434326784623,21.95848722717587
mp-22891,Bi2O3,107.798,21.406,95.15008261949136,56.35739428903198
mp-32927,Tb2O3,134.172,50.448,141.25456471399266,74.15318385924489
mp-361,Cu2O,111.715,7.888,115.99922459842854,27.102195125348903
mp-551685,Pb2O,24.735,0.848,48.60771739054612,8.132140237270193
mp-673247,Y2O3,135.747,57.501,135.41082288892247,76.3291996944651
mp-684768,Sm2O3,126.271,52.094,116.4435807523516,54.47032557513128
mp-685148,Ho2O3,137.137,54.669,138.3975514326782,68.70462506550572
mp-7845,Zn3As2,56.943,22.843,64.9935623169619,22.232891052572505
mp-7846,Zn3P2,70.323,30.525,80.78221466878966,30.23192545265423
mp-8085,Mg3P2,57.133,38.966,58.76459791059949,38.41680881731084
mp-947,Au2S,66.577,5.8,73.80280280470659,21.016090882072337
mp-1120,Mo3Ir,282.393,107.926,295.94134105096856,78.66684504702704
mp-11263,Zr3Au,117.118,53.078,134.62272192328803,63.16721845954724
mp-12071,Ti3As,126.897,44.714,113.52082218093967,55.57056453183342
mp-1221,V3Ge,184.157,42.108,205.45009452284503,106.4432634544004
mp-1231,Cr3Ga,217.363,121.695,230.37416815468657,136.9389660762082
mp-1232,Mo3Pt,265.997,83.581,312.6208878925131,112.86016065081002
mp-1272,Cr3Ru,265.536,105.327,272.3027885680327,95.55065266739948
mp-1275,SiMo3,251.363,129.281,295.00553869135274,154.40548440766486
mp-1373,Nb3Ge,171.519,20.09,188.2158698235144,87.01850726555108
mp-1387,AlV3,161.804,0.675,174.2509493904084,74.03665982585042
mp-1412,Ti3Sb,119.611,20.295,114.755792634749,59.263621757289584
mp-1458,Nb3Ir,218.977,102.506,243.40744678863024,88.71067066221451
mp-1545,Nb3Rh,201.402,86.842,222.3957377224215,66.90106302594714
mp-1555,V3Sb,171.734,80.374,186.5999988985344,99.47283048538748
mp-1578,V3Rh,216.564,105.892,230.9033946995712,73.81503991347154
mp-1585,V3Co,208.895,109.487,218.91104098083088,86.55520681999711
mp-1604,Pt3O4,213.174,58.894,242.2650263558771,108.28682786973224
mp-1609,Cr3Ir,275.177,107.47,250.71198095531577,121.0761138484974
mp-1630,Zr3Hg,105.27,58.772,107.38614982281436,46.94136572362123
mp-1664,V3Pd,194.62,77.739,204.3154397367041,71.64392099180239
mp-1786,Ti3Au,137.742,71.311,146.7100429600621,61.31075916936263
mp-1932,Nb3Os,232.709,84.517,252.55666422102615,102.49874427307456
mp-2006,V3Ir,239.084,123.848,241.26490214325176,90.7980693493611
mp-2053,Nb3Sb,173.865,82.544,195.92158507859656,91.86172649736764
mp-20685,Cr3Ge,229.213,133.08,241.9127242346041,144.84181971246227
mp-21342,V3Sn,162.896,5.122,168.58902767952577,86.73741798015494
mp-2211,V3Pt,219.134,96.288,228.0357375305759,89.25112971578807
mp-22568,V3Ga,168.668,52.731,178.42914411932202,82.61458915073521
mp-2339,Ti3Pt,157.855,56.112,167.82180202993456,48.61743307819064
mp-2354,Ti3Hg,118.442,68.833,121.8490212770272,52.87032329446599
mp-24659,UH3,108.814,61.069,116.36172210517972,83.5423580305537
mp-2567,V3Si,192.13,52.199,206.74862358215952,119.10526205338296
mp-259,AlMo3,224.498,120.006,278.0267334373184,141.32394728871506
mp-2663,Nb3Pt,203.6,81.716,228.31450928752005,75.34505423462932
mp-2752,Nb3Au,184.705,64.46,201.6996750522885,76.73486148701414
mp-292,V3As,195.129,111.483,234.75117446395728,108.2681561281139
mp-30788,SnMo3,216.251,102.767,246.153323315055,121.96827748186884
mp-30790,ZrMo3,193.868,33.7,242.26854874255903,69.31936839535304
mp-30876,Zr3Sn,103.006,39.314,105.8770072630546,53.04903681761546
mp-416,Cr3Os,279.999,116.816,290.0641433842466,118.31448274346974
mp-446,Cr3Pt,242.7,85.42,231.7427398112731,132.48359014365204
mp-541,Ta3Sb,187.381,85.474,203.63068126262425,91.17504886807431
mp-568014,Nb3Bi,158.674,66.883,183.99766588915583,79.18305051046875
mp-569249,Ta3Au,200.678,65.069,189.6728463890863,82.19380248054377
mp-569366,Nb3Tl,154.29,26.551,181.9768343128027,74.09952256953825
mp-570751,Nb3Te,170.078,85.959,200.081985503046,88.22006604605224
mp-640551,Ba4Si23,74.091,34.907,69.74184427679052,46.16204111435478
mp-672337,VGe3,86.695,19.052,107.94433217113566,30.0821261956914
mp-7226,V3Ni,202.988,96.268,214.2225432667514,80.3549371234361
mp-729,Cr3Si,246.829,154.873,272.84123370524446,167.27340309146172
mp-796,Nb3Al,159.438,11.999,181.840138670554,72.59260494465933
mp-801,Mo3Os,290.754,122.068,335.2129971048391,92.776314572725
mp-839,V3Au,186.748,75.505,193.92032978649337,88.58561516048606
mp-10015,SiOs,290.957,121.446,325.7905966257501,169.04971550327102
mp-1001788,ZrB6,178.43,52.095,235.38631127759248,44.18381230311976
mp-1001834,HfN,238.794,72.753,301.4543585708611,72.21023497057642
mp-1002105,VN,318.361,228.608,507.7248301141966,187.02633311192764
mp-1002117,TcN,335.61,116.329,536.2945789392536,157.16108150247416
mp-1002122,HfIr,207.546,56.564,206.3464981669576,19.77260564028412
mp-1002183,TcB,311.631,131.046,370.8091159422706,128.21468360219268
mp-1002207,ReN,361.49,59.704,544.2935796899709,94.77961569117608
mp-1002210,EuS,79.757,18.648,54.51388060629862,24.220175201614072
mp-1002230,PuBi,33.229,0.486,54.2842041154789,-74.04221328758027
mp-1004377,HfB6,181.947,16.36,211.48179739204232,-8.67024000423094
mp-1006886,CeS,119.446,40.563,91.5737325333905,33.14554724772489
mp-1007656,HfPd3,179.875,81.621,200.62815211696616,82.20447070082116
mp-1007657,HfRu3,232.863,85.143,247.14196796752273,55.9422444348908
mp-1007690,HgPt3,192.168,33.801,209.0260002148903,45.45702236952319
mp-1007693,HfOs3,288.028,105.077,282.2646958007981,84.64951644388512
mp-1007730,HfAl3,103.976,57.804,107.2493232032627,58.24427946530575
mp-1007819,CoW,246.534,308.988,284.2406053124215,-503.5051804550162
mp-1007852,FeCo3,191.847,114.871,194.8477174883236,79.8649716119146
mp-1007974,CrNi3,205.939,102.844,199.39402601880508,104.02203699262456
mp-1008274,Co3W,274.04,146.065,289.0052744843441,147.47472672141154
mp-1008278,Cr3Ni,240.418,82.757,230.81960176963864,82.48089092885651
mp-1008279,Co3Mo,255.044,140.331,280.545354026782,131.41930293845303
mp-1008280,CrCo3,380.486,149.373,236.7697635165579,132.23271618713784
mp-1008285,Cr3Fe,239.14,60.631,207.2722181180685,0.1049969984827325
mp-1008349,Co3Ni,258.138,102.21,229.1468919239261,101.75179916787536
mp-1008554,Al3V,99.015,67.277,136.87343272895774,54.12549245657043
mp-1008555,AlCu3,138.447,41.554,140.3739168770619,51.72346349886939
mp-1008630,WC,366.4,233.691,545.2731506273022,262.89928030339945
mp-1008928,EuSe,38.732,15.025,44.31543570213319,20.128347658840465
mp-1008999,LaSe,69.443,38.027,80.61140567984992,28.127412621075315
mp-1009008,LaTe,54.624,34.068,70.55117747950614,28.56770624800514
mp-1009019,FeN,200.505,84.859,358.3288378773227,75.06443492732471
mp-1009133,MnCo,192.154,103.431,226.7447028064894,95.12305149400588
mp-1009220,NaH,23.963,4.462,19.587669844134517,5.477802716098311
mp-1009264,NbCo,207.312,70.076,223.8827695046397,-67.6919678922612
mp-1009459,NbC,275.894,7.781,310.2492252393586,6.02802311129062
mp-1009471,NbN,299.401,199.167,402.9104963831928,166.74606312272965
mp-1009483,NiN,337.207,17.284,235.95573132243865,-82.82362747714232
mp-1009485,CrN,313.927,140.253,508.0516138665359,156.21468505913182
mp-1009596,PdN,212.33,11.955,209.82564920926268,-49.58960459049534
mp-1009731,ReC,395.957,151.217,535.6479796763952,196.99449993168196
mp-1009819,SrO,88.931,24.1,85.22605904528774,28.59352085101593
mp-1009831,TaN,312.497,189.096,442.09299973306463,190.1563022150399
mp-1009836,ZrN,225.944,66.386,322.08837802304254,91.78254387518002
mp-1010071,CrCo,214.789,113.281,188.41394794229703,41.3360445731086
mp-1010953,MgNi,92.625,22.136,89.72706372088665,43.74191405861486
mp-10110,SiRh,209.057,94.851,210.56291057513255,17.257198434657735
mp-1013524,Ca3N2,61.811,49.482,70.46625368721607,45.85242522110315
mp-1013528,Ba3N2,36.533,21.825,42.45797990549303,21.930414596259716
mp-1013529,Sr3N2,46.799,35.077,48.30402685897008,33.60042627013296
mp-1013546,Ca3Sb2,29.002,16.206,38.12512850431917,16.6657069266519
mp-1013547,Ca3P2,39.504,26.663,45.631663336200354,24.81864464672462
mp-1013582,Ba3Sb2,20.26,11.131,27.543478030189817,12.030292270291964
mp-1013587,Sr3Bi2,22.202,12.053,32.99351863657773,13.223387367447144
mp-1013736,Ba3Bi2,18.785,9.982,26.30043822439257,9.654557762097038
mp-1014219,HfZn,115.663,47.206,127.80820803584557,33.416116470509095
mp-1014230,TiZn,110.695,51.57,116.4777482473378,37.79051405546212
mp-1014460,Cr3N4,274.267,135.333,309.1943234536359,133.6306787259879
mp-1017529,VCo3,239.242,154.123,240.24662047177657,118.23277123135892
mp-1017542,ZrOs3,278.47,107.11,291.20524714544143,82.49078714979248
mp-1017543,ZrPd3,170.19,76.147,186.00696864016743,75.15354044592716
mp-1017544,ZrRu3,224.96,86.307,254.10345839930943,58.027422044044194
mp-1018029,CuPd,147.228,45.499,171.9245917311437,47.92464495605882
mp-1018042,UBi,75.465,21.893,73.77004481952747,15.475264116555024
mp-1018054,HfPt3,231.325,112.224,241.98602368338257,99.6890807752147
mp-1018061,FeH3,207.518,138.143,245.8481292200506,123.90266106161944
mp-1018734,IrN,304.326,73.461,390.0683973138247,48.45380513744916
mp-1018849,OsN,353.873,130.572,427.38333600803185,114.7516145953928
mp-1019052,ReN,366.211,175.334,435.0875706594032,176.33976580807038
mp-1019319,TcN,322.518,156.601,397.8417135555827,176.15950327374435
mp-1020,TaRh3,260.037,153.82,289.9723281615088,151.0510507881194
mp-1021489,IrO3,202.01,102.231,216.51309751382752,93.9932263191294
mp-1022721,AlCu,107.236,22.993,126.6372226770458,23.202381094231264
mp-1025156,NpB6,170.195,88.212,213.5190223544447,122.22735839415148
mp-1025192,Ta4C3,292.905,133.885,361.91460816209377,185.43514207187468
mp-1027,HfRh3,215.169,111.279,234.92790311675932,109.07738182107416
mp-1031,GdCd,53.093,24.157,52.87294522287771,21.4484081712735
mp-1033,BeNi,182.847,9.535,199.95266031867436,115.07251930577952
mp-1038814,MgCd,42.487,10.818,43.76722495561977,11.896215805071485
mp-1038879,Ca3Zn,20.037,8.857,21.62808248483547,10.983650594139808
mp-1039073,Mg3Bi,40.241,12.544,49.78915690409762,11.119843198556644
mp-1039106,SnBi,49.232,5.49,52.33802483045711,-2.1556937275188925
mp-1039147,CaZn,32.75,19.961,33.20713360154372,21.87201861501922
mp-1039148,CaMg,25.36,14.975,26.88566604454839,15.864967841071891
mp-1039154,MgBi,46.143,17.567,48.19419060786167,14.450800061176196
mp-1044,UIr3,303.949,122.424,323.63042214262015,127.78468929366724
mp-1053,NdZn,52.019,28.401,45.59239054388226,21.033847330190454
mp-1056920,CsI,9.862,5.449,11.364806788171368,5.698883280170347
mp-1058151,NCl,29.74,10.827,58.6853334364933,84.12771792807139
mp-1059,NdCd,48.816,18.872,38.945959019316994,17.582078958133202
mp-10627,SrS,51.792,19.98,54.65202653852116,25.032986724396014
mp-10632,TlS,43.898,1.927,54.9994548749764,-10.54617136210907
mp-10637,ThSb,81.728,31.802,77.55706358161491,21.225751497466774
mp-10652,SmTe,62.478,37.283,61.73997223857908,24.192731700550524
mp-10680,BaSe,38.98,17.482,41.75485188950069,18.232772998273344
mp-10684,CaTe,38.427,7.752,39.74212949652216,8.463240763706168
mp-10694,ScF3,90.536,40.713,98.08219767516938,41.17335842910441
mp-1073,CaCd,31.367,17.651,31.91951479717578,18.313767351185177
mp-1076,KB6,133.72,97.556,169.48951240034998,117.40520165044946
mp-1082,VIr3,319.895,218.807,363.7609813341647,224.43579499072584
mp-10889,La3Al,33.748,20.182,34.18805867107828,24.71168072073252
mp-1089,TiIr3,294.735,163.457,323.1829929698773,176.85691032899058
mp-10890,LiAl3,63.994,40.501,63.918655929811365,31.766074279558335
mp-10903,AlPt,184.169,46.699,205.1598031585853,16.85909002343756
mp-10908,AlRe,218.955,52.218,239.44453324922753,79.71367940895306
mp-1104,LaMg,33.855,21.385,31.95866682720455,19.27457501602214
mp-1121,GaCo,173.828,47.411,185.7553530969643,83.49269881912842
mp-11222,Sm3Al,44.626,25.657,23.857398957922776,21.65101178225587
mp-11229,YAl,63.427,34.161,72.63752472517663,25.79661619878008
mp-11231,YAl3,75.089,58.719,84.38508965493504,55.87873602026279
mp-11237,ScAg,80.1,29.349,83.46658724008476,33.93891318916408
mp-11248,LiAu3,98.057,10.927,107.1276762564519,25.193815325271014
mp-11249,LuAu,96.113,19.139,104.5816459920039,40.57326369211875
mp-11256,ScAu,103.841,41.675,106.81210705471037,41.46363692609487
mp-11259,TiAu,133.377,34.832,133.56329029586198,3.285086344021402
mp-11260,Ti3Au,134.279,20.319,113.06114841964146,7.141889935883529
mp-11276,BeRh,207.982,99.333,224.05590454587184,115.24832895574409
mp-11279,TiBe,124.845,73.705,127.30467871984968,58.27846060790012
mp-11286,CaHg,36.327,19.466,35.599327989492295,21.751069024316138
mp-1129,ScIr,166.725,79.378,183.4770594923898,72.92625228790182
mp-11290,CaSn3,44.225,23.071,48.330444212896666,16.116471812072266
mp-11309,NbCd3,93.666,48.102,103.63474673017252,40.9459980370198
mp-11313,ZrCd3,78.411,27.666,81.48358374624796,35.43517049412152
mp-11358,TaCo3,242.198,141.455,238.7233066680435,118.66136011736896
mp-11364,TiCu,129.327,49.243,130.79536770918392,20.66364392691049
mp-11374,DyTl,53.012,14.909,51.176710839013026,13.52127215693795
mp-11375,EuHg,41.48,17.948,35.90106731103588,20.795976797362236
mp-11388,GaIr,215.702,42.667,274.3231469715237,71.17008552069383
mp-11407,GaPt3,215.396,77.72,238.9655356302904,68.84778206785928
mp-11418,TbGa3,72.033,43.497,70.2531491181178,42.31447042947599
mp-11452,HfOs,225.228,114.202,238.97430479044164,105.30361008549812
mp-11455,HfPt,179.474,32.338,182.94577053494496,22.462576279611778
mp-11457,HfRh,180.032,52.643,181.93420059627408,32.390596632914104
mp-11460,HfTc,188.407,83.13,198.55823387042335,57.11335752331737
mp-11467,NdHg,55.951,17.642,47.96646317998617,16.098637847008657
mp-11469,PrHg,54.378,18.135,48.931443409184965,12.680320147398623
mp-11471,ScHg,76.842,26.456,76.65826630944653,34.73077345302334
mp-11476,HoIr,137.797,51.619,123.5275577070596,39.498517998578784
mp-11478,GaAg,65.386,7.734,75.24069724516191,-4.418718754140026
mp-11484,ZrIr,191.238,54.929,195.9664331372242,8.246749170577868
mp-11487,LaPt3,138.513,49.969,178.9585094686332,40.441675786363405
mp-11488,LaTl,46.826,15.837,46.089846279508194,8.186848178268438
mp-11496,LuZn,67.899,40.231,74.08530504818647,42.877235252543386
mp-11498,MgTl,33.764,4.18,34.98000626641774,7.762779086107472
mp-1150,URh3,214.274,77.53,243.07956760172831,87.71692395432582
mp-11500,MnNi,149.255,38.385,162.40768400756866,42.0824668695569
mp-11504,MnZn3,80.961,48.083,82.61432361440463,47.184298570663586
mp-11516,NbRu,228.567,155.083,234.35275629495192,22.328532577179068
mp-11517,NbRu3,254.366,135.775,297.0926840960251,114.29249938815283
mp-1152,TiRh3,228.591,123.939,259.0996743881907,122.30693385508047
mp-11521,ScNi,106.024,43.86,99.48764063882253,41.6067499167669
mp-11522,Ni3Sn,166.201,76.925,179.75018683796853,71.29688585185446
mp-11536,NpRh3,215.446,71.946,237.15462161787124,78.89182231474513
mp-11541,ZrOs,208.008,98.481,229.4486035578811,93.8999520352693
mp-11546,TiPd,153.552,19.089,159.06422445196526,-2.3104815149604945
mp-11552,TiPt,185.077,25.456,189.12372102337116,-136.4199484599923
mp-11554,ZrPt,165.913,11.349,176.52334703363329,7.47877835491725
mp-11561,TbRh,109.058,37.508,103.27593243112965,27.65091911085588
mp-11564,TmRh,118.772,47.637,102.66310846197716,32.26703222474554
mp-11566,ScZn,75.344,45.806,74.14368163922957,47.94534111855443
mp-11568,SmTl,52.78,17.365,41.20493295309279,5.321607605166139
mp-11571,YSn3,57.293,1.966,60.09889072435564,9.149142542405093
mp-11572,TaTc,257.672,128.64,291.5273260744877,114.52622527696738
mp-11573,TiTc,204.076,80.038,213.62995587685992,61.843646535448336
mp-11576,YbTl,32.524,25.063,43.60904291406517,20.49356389562945
mp-11578,VZn3,117.948,65.384,119.14355895243708,65.38076926639032
mp-1158,LuPd3,134.504,51.613,143.2941161909359,59.83183706371049
mp-1169,ScCu,86.854,35.894,85.99194713962905,43.41298570219136
mp-1172,MgRh,115.355,59.938,116.32274592998436,62.71960111704882
mp-1174,MgSc,49.321,28.271,52.1556122165534,31.74896212844155
mp-1184761,Ir3Os,359.91,239.938,470.1847573739675,249.24144815337735
mp-1184771,Ir3Rh,323.477,198.555,436.61448152856815,201.12242292228868
mp-1185,VRh3,251.212,155.92,282.05585304204834,153.5003729437995
mp-1186902,Re3Ir,365.406,207.287,409.137749267659,218.88021006558657
mp-1199,HoMg,41.356,19.049,30.08423149847551,23.01624143983513
mp-12065,Ag3Pt,121.006,34.758,133.37075201318683,39.133140827321434
mp-12083,CrIr3,307.958,214.386,378.0714985941515,238.18672699676063
mp-12086,Cu3Pt,169.333,55.578,182.6257048822885,58.439911664518206
mp-12107,TiPt3,238.047,106.959,253.44334111619565,100.15762751445558
mp-1211,ScCd,67.024,34.535,69.30263764246048,35.602064062749
mp-12110,TaRu,241.27,137.208,266.1413169187654,25.733013532886517
mp-1236,NdAg,55.86,14.117,45.334614985638574,17.113601772574466
mp-12585,CrRh3,230.758,154.192,290.347216490983,167.41596768360944
mp-1259,YbAl3,59.791,53.601,72.22996008293241,48.91385007470715
mp-12593,ScIr3,243.259,111.389,273.869099049059,123.19914549621384
mp-12594,TiIr,218.372,87.624,224.5168573115532,-31.764538699762053
mp-12598,PrPt3,153.052,58.109,188.1540474101024,51.638953527972134
mp-1261,EuZn,37.377,21.06,39.37202637069378,23.8001232272323
mp-1263,URu3,200.183,92.494,266.68013966751874,85.06933022143774
mp-1264,CdAu3,113.161,21.558,126.0103008712636,19.638264713385237
mp-12661,Cd3In,36.705,15.689,40.39573559807147,2.320431582477142
mp-12674,MnAu,113.61,35.386,139.5891086776863,24.756636564956608
mp-12762,PrB6,173.84,117.539,200.03952852329857,134.69907177125617
mp-12763,TbB6,174.096,88.469,199.37121326960545,121.78537832789397
mp-12778,VOs,284.95,122.261,285.5978324345258,94.75397872849663
mp-12798,Ni3Pt,202.169,90.94,233.8392160238928,86.33022024327272
mp-1291,ErIn3,55.358,29.738,57.955076531549864,27.97101581332876
mp-1296,ErB6,174.535,75.967,198.28118053031295,106.5773152532244
mp-13100,MoPt3,252.326,105.846,311.34400226681873,91.1949678515706
mp-1327,NdMg,37.564,20.725,26.38579090556336,18.53412291330015
mp-1335,VFe,195.793,68.158,208.59140479777537,60.18595177429771
mp-1339,NbIr3,313.146,205.818,365.47037058144,201.09284227036335
mp-13480,Cu3N,161.585,21.34,163.9745826479765,26.38245908894822
mp-1395,VRu,230.974,84.674,250.95027676572025,63.256386124716414
mp-1408,MgHg,45.593,19.452,48.44844684656024,18.1304308156762
mp-1418,FeNi3,199.381,99.899,214.5111106438459,90.65526020198088
mp-1420858,BiN,116.636,6.697,119.34117565463046,12.614016821952896
mp-1428312,AgN,147.992,27.861,134.08543286544855,-32.98265219863812
mp-1431697,SbN,127.829,11.997,172.73059115512933,26.64981071367685
mp-1438,ZrIr3,267.921,149.21,319.55834724876206,159.88577703762627
mp-1471,Zr3Al,100.33,55.844,120.15775308053618,42.65319777478809
mp-1481,SnTe,42.065,6.146,58.26848951996397,14.245887786028192
mp-1486,ZnNi,146.22,7.305,159.64287562128376,56.76280029947276
mp-1487,AlNi,157.34,70.652,170.66055446055822,81.09879288453308
mp-1505,TmMg,43.263,21.014,32.247250089564844,22.84720662391225
mp-1518,CeRh3,171.204,73.359,189.95782539736868,63.59640354496241
mp-1529,LuIr,147.522,70.328,160.5262056017563,47.92441528165523
mp-1533,Nd3Tl,41.606,16.713,19.694798236373412,19.025945123763535
mp-1538331,YbGa,40.095,33.731,52.46048148548619,37.70703528331779
mp-1540,HoTl,55.065,19.277,47.85781423048597,12.333007690475224
mp-1548,PrMg,37.078,21.807,23.949623567001016,13.960640094275032
mp-1549,TbPt3,169.757,71.121,190.1062917936588,62.64839663189395
mp-15660,Nb4C3,269.426,127.45,322.3775084234686,166.54511062098848
mp-1571,PrPd3,111.571,42.251,124.27143781419728,46.91928762471687
mp-1603,TmGa3,76.098,44.081,75.86035028411983,39.99378021748309
mp-1608,ZrHg3,82.284,14.568,92.63830201794252,29.461194195762637
mp-1635,TbMg,40.716,20.807,34.293361758336665,23.265748697795356
mp-1649,Fe3Pt,193.206,31.661,168.47711301670972,62.29032084356556
mp-1681,La3Sn,44.031,24.189,41.636503491246366,24.49784351029811
mp-1684,ZnAu,114.545,19.123,130.63744497013502,15.149651912426744
mp-1703,YbZn,32.884,21.029,49.05316691966887,31.34392643266715
mp-1723,UAl3,88.376,63.453,102.94190392438706,71.54882186031264
mp-1756,ThB6,195.95,135.517,237.76172789475396,127.2275182454046
mp-1780,ScRh,138.583,58.07,147.15352465885297,58.077294646242144
mp-1795,NbF3,93.987,27.834,123.39850217563205,36.946442207395485
mp-1837,TbCu,71.128,31.116,68.52764754209643,30.52627035269712
mp-1857,YbCd,31.809,15.006,40.43288943491319,21.135380782060885
mp-18695,Fe15Co,181.802,84.311,227.21604102751337,79.42509602655089
mp-1877,HoAl3,76.786,59.484,70.25330574343535,54.95792960597058
mp-188,AlPt3,224.023,86.928,256.0003239768093,80.78919172541174
mp-1885,AlIr,229.406,119.385,278.2886517995135,125.6976879380406
mp-190,ReO3,237.846,91.956,250.7850767134257,110.18454584169002
mp-191,YRh,106.896,41.489,118.0299443798254,40.54396332376859
mp-1911,CeSn3,58.694,28.745,72.73331077956828,26.46943169806257
mp-1912,ZnAg,89.933,39.732,99.00263359524352,26.907993496190887
mp-1913,ErPt3,177.756,75.459,175.8305324546964,58.43609612860737
mp-1918,FeRh,198.729,74.969,203.18524665626217,56.07169291450022
mp-1921,ThTe,83.002,49.635,87.40892027503766,47.394865048191136
mp-1929,NdB6,174.362,117.48,202.06083393965852,127.6129630541414
mp-1933,Cu3N,116.742,38.179,139.39299286828037,42.96503877043006
mp-1941,GaNi,152.55,42.594,161.8148759699642,49.21399911336378
mp-1948,LaAg,48.529,14.165,51.33758865732256,15.848663982956314
mp-195,HoPt3,174.749,74.077,176.68645554326068,62.043677158085565
mp-1955,ErCu,73.462,28.142,69.06600016635407,34.05238112823053
mp-1971,HoCu,73.432,32.372,62.66129586827093,32.68640396229664
mp-19736,EuTe,50.965,11.726,34.581562494062716,15.55407998357192
mp-19764,Pr3In,41.265,17.99,28.180583385440393,21.16197707060502
mp-1977,NdSn3,56.558,16.292,56.57992323160834,16.219072921604038
mp-1979,HoPd3,127.535,49.519,121.71142550601056,52.719324157609094
mp-19800,Fe11Si5,222.032,109.921,210.42323030597805,106.5901608393826
mp-19820,TmPb3,49.521,6.186,50.35024868832126,13.897482962058556
mp-19870,GaFe3,169.4,55.803,170.41235746853948,51.53812736340683
mp-19920,Ce3Ga,43.072,28.756,52.87799410620708,29.136848630624694
mp-1996,NdIr3,191.377,86.186,207.19292064681144,87.52817323594019
mp-19966,GdTl,32.249,14.765,54.054641087003,10.353312267862496
mp-19977,SmIn3,54.505,31.505,53.16164533440947,29.871043303947584
mp-2001,LaTl3,44.459,17.852,43.99774979999278,23.76120596480041
mp-20023,PrIn,51.835,20.53,48.57909463368235,0.0355593243226907
mp-2012,LiHg,32.253,13.906,35.33013159967718,18.460976953763808
mp-20120,FeSe,112.111,64.91,99.45654687765922,47.713248922686304
mp-20131,YIn3,54.648,29.977,58.31051908422776,29.537790327451535
mp-20206,ThIn3,65.84,31.631,72.59980543232282,33.71735963586629
mp-20214,UGa3,83.085,52.872,94.67354697021976,54.18031014831083
mp-20225,CePb3,50.804,18.878,55.20103569355414,16.757389138935608
mp-20263,CaIn,34.02,15.815,33.00984253466548,24.64169444596524
mp-2027,HfCo,123.98,60.459,164.28358880678508,50.36877912507421
mp-20298,SmIn,55.174,21.916,42.46533652594422,7.951457719758984
mp-20344,Fe3Ge,175.908,71.192,177.00033882646085,41.350146165795564
mp-20425,NpSi3,175.278,54.819,119.09153534379968,67.69161261828411
mp-20438,PuTe,19.367,33.153,64.1090372955909,25.696504914183436
mp-20469,YbIn3,38.382,21.04,50.41643158498894,24.238941771930985
mp-20487,La3Ga,40.212,15.802,40.337789641219345,25.54182166804216
mp-20549,CaPb3,38.108,18.658,42.086164611633514,13.456029951381712
mp-20555,NaPb3,32.491,14.898,34.37124933261452,11.586139048963634
mp-20566,MgIn3,37.336,0.611,36.57338590095058,8.67219521003151
mp-20582,LaIn,49.919,20.995,48.483298400439985,10.444895194525577
mp-20601,NdPb3,47.766,8.571,47.17855666059774,12.891477629664282
mp-2061,ThTl3,58.019,26.727,62.28243857031466,25.896097412041303
mp-20695,Zr3In,96.578,51.211,101.10830087809288,37.588782048974046
mp-20729,LaIn3,49.718,29.861,51.9758465735383,30.60494884252325
mp-20735,Ce3Sn,38.321,33.177,60.06773789043808,30.749587568334626
mp-2077,DyMg,41.646,19.61,31.009135757328508,22.035910839296992
mp-20821,NpGa3,97.898,46.799,81.38839850143674,49.64776190796523
mp-20828,Pt3Pb,172.406,43.661,187.3065820546476,27.799679480268317
mp-20849,Pd3Pb,129.07,42.248,149.5394039815004,40.712413302621805
mp-20874,EuB6,143.683,107.737,197.0886794588628,142.46492625968602
mp-20895,NpAs,83.6,19.027,89.20111074132207,8.281184032678565
mp-2090,FeCo,189.836,91.403,222.12333111934225,92.79450423918672
mp-20903,PrIn3,52.62,30.543,57.77749115713789,30.581884929918264
mp-20920,TbIn3,55.261,31.329,57.89567351240747,29.726349505495783
mp-2093,Pr3Al,42.665,21.141,25.248166651303418,26.22004137082372
mp-20939,PrPb3,47.139,8.839,51.35354092887284,12.71993266294785
mp-20941,UIn3,61.685,41.165,72.86444462916008,38.6064876251537
mp-20943,TePb,40.408,9.136,51.97337770634327,15.160473105678635
mp-20971,SnPt3,198.87,57.089,235.31129971328497,54.40253946623668
mp-20997,InNi,116.101,40.305,127.3932966443964,43.84987952842975
mp-21005,GdIn,104.041,18.822,56.73050071184878,13.072748862390444
mp-21008,Ni3Ge,190.994,85.736,207.20185042784397,76.8169080979935
mp-2103,CuAu3,135.617,23.973,150.52935064891176,28.621341833393732
mp-21087,UAs,97.753,28.717,108.0908836752747,15.3448695751909
mp-21143,CeP,72.137,11.588,82.01851645346508,12.376690280537249
mp-21197,NdIn3,53.471,31.022,57.46511290359099,31.31495793657323
mp-21202,Sm3In,44.614,24.021,26.393685660319893,20.92564161531374
mp-2121,ScAl3,86.5,67.045,98.83088697672868,64.10887581962514
mp-21214,PbSe,56.543,13.524,58.24608442523668,18.586584257726777
mp-21215,InPd,110.79,29.49,122.73670983978285,24.285986113260797
mp-21253,EuMg,17.65,12.637,25.073398811327408,16.458176005372085
mp-2126,HfIr3,278.691,150.309,312.20815137538176,166.73235663328612
mp-21289,TiZn3,100.968,33.181,98.60678483096272,55.18220558045637
mp-213,CaPd,55.058,18.707,59.15715397894898,22.284221808966983
mp-2134,ErAl3,76.715,59.683,74.583585385683,56.48385017591244
mp-21343,CeB6,172.63,117.511,222.4607824362985,148.05582243060448
mp-21381,ThPb3,58.108,20.125,75.8697661093947,9.425438898283602
mp-214,ZrRu,180.261,77.994,196.71918400052292,70.41775768205734
mp-21430,YbPb3,39.636,20.904,47.552664864448374,14.74699251632082
mp-21431,HoIn3,55.314,30.395,54.0248894915366,25.997835070558622
mp-21432,LaPb3,45.604,15.239,55.18331427074896,17.38262973718471
mp-21481,Pr3Pb,42.807,21.821,26.169216550851992,21.53290630891765
mp-21483,Nd3In,41.855,19.312,23.56689897487423,21.286583264946383
mp-21484,PuGe3,76.629,50.621,92.76670028401716,41.96888910938383
mp-2163,HoRh,113.966,41.48,99.3568233770022,30.92964057358794
mp-2167,DyAg,66.847,18.225,55.31430369223519,26.090970592989823
mp-217,ErTl,57.284,21.314,51.83742568135217,14.413012841277242
mp-21765,Pd17Se15,98.118,27.039,121.97841078819552,52.22740565968124
mp-2179,TiRe,228.62,69.775,245.76235113970233,82.00912131379219
mp-21844,UTl3,51.996,27.469,59.967989757718954,24.001284560843267
mp-21845,FePd3,166.438,69.408,190.70947910500945,67.11996012545717
mp-2203,YB6,172.001,84.351,209.581640545984,99.59888107435822
mp-2205,LuPd,102.592,40.255,105.15226439158806,34.77278148473553
mp-2210,ZrCu,105.385,29.697,116.58090037764993,26.43241581887884
mp-2212,ScCo,119.727,58.07,129.56412032108662,57.6474594729408
mp-2222,MnHg,69.323,21.852,88.37557803442736,17.824046413202318
mp-2226,DyPd,91.251,34.497,84.83364042193529,28.554552091308175
mp-22266,GdB6,167.657,96.068,209.28320121518195,113.48750200289864
mp-2228,ErMg,42.316,19.228,31.78813174825328,21.21437164278013
mp-22320,GaRu,204.343,89.664,212.77840523217344,87.89216406109126
mp-22461,Fe3Sn,124.102,60.607,142.8396816657948,37.96197690372367
mp-2258,Cu3Au,104.875,44.872,153.7865700833753,45.56463302092408
mp-2268,TbAg,65.884,23.666,59.551392587996126,25.296006480889577
mp-22704,YIn,56.047,20.93,58.5887089361346,13.36859417895552
mp-2283,ZrCo,128.339,48.526,155.42238088401373,40.8133729799155
mp-22851,NaCl,25.834,4.456,29.903365639140613,6.261916191047812
mp-22865,CsCl,14.588,7.445,16.667012436888818,6.274253688824603
mp-22875,TlBr,19.646,7.329,20.494661312265144,7.387569468594349
mp-229,ZrRh3,209.808,110.129,237.75760719084624,106.68713622317378
mp-22901,KI,12.418,5.209,13.584044467676677,5.534594690121916
mp-22906,CsBr,12.31,6.573,14.024107379899984,6.31927405538433
mp-2303,DyZn,59.752,25.072,50.40461964521009,30.26184401817026
mp-2311,NbO,242.599,147.84,289.6168791429723,118.22214237412835
mp-23159,SrBi3,42.244,14.827,48.00014045928069,9.325444454266568
mp-2316,TmZn,63.975,34.632,46.16647082858022,31.545915344494883
mp-23197,TlI,16.52,6.535,17.873613297032925,7.293558852439729
mp-232,DyRh,112.175,41.33,107.36155784282542,30.50994952320259
mp-23201,BaBi3,39.346,17.54,47.577348295884,12.1785511715457
mp-2323,BeCu,142.088,30.953,140.68286408203016,82.74456588136373
mp-23289,KCl,18.701,8.644,20.336149449076185,9.164994954836333
mp-23299,RbCl,16.534,8.333,19.334558004350463,8.56720230044068
mp-23302,RbI,11.14,5.547,13.073096748652082,6.274912590473119
mp-2333,NdPd3,115.77,50.728,117.79396537025332,49.567950049868735
mp-2334,DyCu,71.228,31.884,64.66174559778284,31.82774836662001
mp-2351,TmPt3,179.331,77.422,164.27174357637986,61.6062502255627
mp-2381,ErRh,114.582,44.03,102.42639644522008,35.41311969221162
mp-2391,YbPd3,107.848,39.152,117.09478894738804,46.32304445068775
mp-2393,YTl3,46.531,15.556,43.74498780947409,17.577516459868722
mp-2399,YHg,65.407,31.429,64.11196328875137,27.98899305095581
mp-2403,YPt3,169.488,70.92,191.2387408634001,69.7309077172934
mp-2413,Ce3Al,43.376,30.324,53.61528295065391,31.56226247260711
mp-2417,DyIr3,212.008,96.074,231.13131142670872,106.81147182893204
mp-242,SrB6,144.836,110.605,182.7900078944452,131.25471930515073
mp-2426,LiAg,41.392,18.419,44.596142008488414,17.478629227263788
mp-2431,ErTl3,47.25,19.207,43.76614558913868,16.19244110497669
mp-2434,SrTl,25.126,18.121,25.943979534868383,17.539747217804255
mp-2444,GaRh,179.773,58.842,209.50063069525817,71.389543505257
mp-2449,NbRh3,248.556,148.259,275.3637501785645,142.5198231651694
mp-2459,YbIn,35.186,23.996,47.24061848012844,22.94538539063978
mp-246,TiF3,102.198,30.021,108.2812698712037,37.23640656112815
mp-2465,DyPt3,172.498,72.237,183.37774495660025,58.48235856407327
mp-2474,YAg,65.962,20.315,69.79852847775804,27.896194271302782
mp-2484,SmSn3,57.389,13.663,55.179198203989415,12.5283736025849
mp-2509,ThRh3,170.311,76.264,177.19552130786053,66.8832790731155
mp-2515,CrPt3,231.851,95.103,269.7407680991631,91.9345691533021
mp-2516,YZn,60.055,30.473,64.19976560761769,36.4252639559998
mp-2525,PrAg,54.408,13.044,43.36675651572467,14.164473820352962
mp-2540,VTc,254.937,125.024,276.77539755614697,104.97017580979455
mp-2558,SmMg,36.23,23.128,25.35730535946963,17.605148834850663
mp-2560,Ti3Hg,115.477,47.565,107.4462439387486,37.85255695695949
mp-2564,SrMg,19.806,11.488,20.775308210664196,13.541363094192665
mp-2573,NpAl3,95.504,53.34,87.05310645101417,65.58396931340596
mp-2577,Mn3Rh,238.125,151.231,123.74348297750066,97.93203411518948
mp-2600,BaTe,31.625,14.228,32.81686745923446,13.483042813672434
mp-2615,LaZn,49.02,26.359,48.50399237565587,22.1035314300289
mp-2621,ErAg,69.968,16.924,57.62649474689551,27.00306386839441
mp-2630414,TaO3,187.237,73.013,211.4734542549644,69.75785240595388
mp-2636,GdMg,216.967,21.921,37.46936521000455,21.281775250178157
mp-2639,Na3N,21.088,11.725,24.246672420025213,12.319211177589624
mp-2642,CdAg,73.469,27.634,79.8612044894733,16.972809254589773
mp-265,TaIr3,323.564,212.167,381.3054866167383,217.18914752099164
mp-2658,AlFe,170.575,96.914,157.4193260350181,96.50737516016356
mp-2667,CsAu,10.059,6.1370000000000005,11.092960691802269,6.294270987228628
mp-2672345,MgCu,80.417,43.487,77.23777384983312,33.62549799608316
mp-2677,ScPd3,143.721,55.443,152.71134165845498,62.542991656934824
mp-2680,LaB6,181.75,134.517,211.64167855397363,138.65921125563048
mp-2688,HoGa3,69.38,43.833,67.70649301634676,39.40480320655679
mp-2696,MgAg,63.271,36.044,69.92620968522444,27.824108497940237
mp-2713,ErIr,140.411,56.862,125.6983644003134,39.67145613817491
mp-2743,LiPd,72.655,24.82,81.49598823167406,36.19072933065855
mp-2747,TbPd3,126.101,45.911,125.38369732335109,51.873876981548136
mp-2757,CdAu,90.157,31.869,98.24776653823469,8.70821358850615
mp-2773,BeCo,196.762,120.555,202.55595267455445,120.6845083801518
mp-2778,HoAg,68.602,18.274,57.387449846992645,27.61918513971801
mp-2781,ScPd,110.671,32.904,107.63654253822423,33.0308673295856
mp-2800,USi3,129.573,100.19,126.26367714320084,81.25861347220098
mp-2802,HfRu,198.115,98.917,207.0612703715582,84.28571597313736
mp-2805,LuAl3,90.195,11.645,89.82727636097961,64.52034239288344
mp-2808,ZrRh,164.388,42.54,165.526703708525,28.383852373984535
mp-2819,InTe,37.644,2.024,48.784035669896944,2.47386041678055
mp-2825,ErPd3,129.717,49.925,121.09128592273832,50.282828343974465
mp-284,AlCo,178.781,123.627,193.016190147059,124.41579461824962
mp-291,TiOs,248.343,130.443,259.08977305609164,117.08137600730788
mp-300,YbPt3,158.564,68.3,174.0242548300258,63.00458693399251
mp-30083,TlBi,36.786,16.885,41.65261492479472,-7.54373751907147
mp-30338,Y3Al,49.823,32.502,48.969295941181656,29.980428368110413
mp-30343,InAg3,77.989,14.93,85.97562959150811,21.252443232346337
mp-30351,MgAg3,77.693,17.218,84.2314791756796,27.339128934806933
mp-30353,AgPt3,200.369,62.854,233.91602704975708,58.25755071871394
mp-30360,TmAg3,74.075,18.548,66.28736443028502,15.535539817558256
mp-30362,Zr3Ag,97.309,21.026,103.28812682022372,15.159739132948136
mp-30468,ThBi,73.55,25.236,59.36854899465054,13.508147987337264
mp-305,TiFe,198.715,94.979,206.21109926309433,89.48036470809137
mp-30741,PaIr3,259.63,131.2,316.96277106269855,154.0360705575485
mp-30746,YIr,130.242,46.637,144.8305024349923,45.3733001385058
mp-30777,MgPt3,183.899,78.069,201.67250504699987,72.83465775685391
mp-30825,PaRh3,212.903,92.757,230.5014086503968,104.60404588589482
mp-30845,SmPt3,160.432,64.907,155.20157458424848,49.05657215831679
mp-30856,ZnPt3,211.734,67.417,231.84888657271244,66.30952941865644
mp-30858,ZrPt3,221.479,103.854,239.22106509892728,97.87756753754168
mp-30867,ScRu,148.847,55.613,147.62004345048285,56.32318602393235
mp-30878,TbTl,52.636,14.522,48.06027977228547,11.632852281281052
mp-31337,InPd3,143.036,37.467,157.46361050881077,45.93123529067668
mp-316,MnV,243.086,120.425,253.32889704336753,74.53341433261588
mp-33029,Nd2O3,113.322,45.787,113.7701078254954,35.6825011635083
mp-33032,La2O3,100.901,33.76,115.36398452624178,30.38253158832007
mp-331,ScAl,78.486,43.156,75.91533845618633,41.295413506044085
mp-348,TmPd,97.651,38.402,76.48549270820746,28.46446760278239
mp-357,SmPd3,120.483,50.999,106.44777242227924,38.688257963558975
mp-364,AlRh,194.408,98.81,215.78092933959175,110.16244208346656
mp-372,VPt3,237.489,109.303,274.467977182331,96.95513685570388
mp-375,UO3,153.034,63.703,171.61858199710187,63.06285583837295
mp-376,PrSn3,56.073,17.281,61.307999119011754,12.866088144149208
mp-377,LuRh,122.628,52.59,138.91201928712945,43.822347498343504
mp-381,SiRu,257.369,93.152,265.46774182678973,121.53927454821118
mp-398,ErGa3,73.646,44.73,74.97705874102633,42.14125289914747
mp-417,MnRh,183.708,85.073,229.96992101264016,45.19382930451781
mp-419,YbB6,154.194,90.805,210.28259941643148,131.28032219143537
mp-435,ThSn3,68.417,30.84,84.32431734493863,17.541030351105704
mp-436,SmRh,101.019,26.534,87.83220770026247,20.431372848265287
mp-437,MgAu,81.405,25.035,88.31049731057924,30.75895891101008
mp-460,PrZn,50.277,26.844,44.665061088392335,16.343668736423417
mp-481,ScPt3,198.156,89.795,213.15612717479567,85.95918110697761
mp-495,LuGa3,68.978,43.84,81.78503461986975,43.44418392477735
mp-506,MgPd,93.324,8.07,97.34445901554449,40.03719797111865
mp-527,BaCd,19.668,12.119,21.200385922717288,13.194132889376265
mp-535,Fe4N,193.027,56.748,198.12663839136147,72.15783213519195
mp-542,SrHg,27.259,14.296,27.12556332267516,17.692392788441996
mp-542569,AlRu,203.483,107.621,222.08965881753556,103.4908627304698
mp-556242,YF3,100.271,49.604,124.05625828838342,62.83837606401344
mp-559,YPd3,124.541,48.346,129.07169215279737,54.96356824513028
mp-567089,YbRh,81.33,33.51,105.18906130771202,35.340134390501895
mp-567116,YbRu,73.949,24.812,110.15725477811137,34.04900366634786
mp-567454,NdGa3,68.84,39.27,65.56096352220568,35.49344556481597
mp-567589,DyAl3,75.98,59.228,69.5521560442257,56.77529460371208
mp-568319,DyB6,171.865,85.681,196.47565952063448,111.67282215493546
mp-568705,YbIr,98.022,35.115,130.82769721334887,31.135078328537524
mp-568711,VPd3,175.556,81.744,203.65670225359477,81.19852338719541
mp-569120,NdPt3,155.153,60.691,166.53591474141615,53.834736143240264
mp-569125,Mg3In,39.204,9.347,40.4313106146884,16.515906680037705
mp-569593,PmMg,40.401,20.482,26.491403736772455,19.876960316105812
mp-569775,ZrAl3,102.592,59.186,109.65769509296943,62.00217448877184
mp-569785,TlPd3,132.434,24.612,138.87807249723463,34.30308294129602
mp-570018,Ce3Pb,47.518,28.668,51.51904143583299,27.558425092997076
mp-570276,ZrZn,106.664,46.251,118.92842093844946,33.76011572294733
mp-570409,PrAl3,67.033,50.75,77.04939545777506,50.52702789339013
mp-570691,Ti3Sn,114.12,37.008,117.46403054323858,42.52446738791611
mp-570698,V3Au,177.227,45.456,189.3296360005535,29.503669159270732
mp-570891,KBr,15.624,7.04,15.725320427056086,6.804895643213984
mp-571188,Pr3Sn,45.876,24.736,31.23221737890116,24.25147931891856
mp-571352,TmB6,174.157,71.283,191.8554557324324,103.80513774164248
mp-571405,NdTl,51.435,17.104,42.81081498070901,9.384735109884826
mp-571491,HoB6,173.233,80.601,203.4821290189056,111.70584924642696
mp-572,SmCd,51.061,18.597,33.85944293147773,14.09443337106257
mp-580236,EuCd,24.939,14.968,32.05346036989533,19.418323880451045
mp-580287,Zr3Cu,111.07,20.3,104.71076140713228,18.87130980309532
mp-580357,Cu3Pd,149.816,48.551,164.6604982276232,52.9341568404446
mp-592,TiRu,215.387,108.631,222.4212783080207,92.33480922730826
mp-608,TiCo3,142.93,94.374,197.08961141816513,81.90047155890359
mp-615,YMg,41.771,20.773,40.039335719820286,26.014096687623976
mp-632319,CsH,11.732,7.858,13.927539721354515,8.041225026722573
mp-633,LaSn3,56.392,23.894,61.52027201580355,21.36568709421316
mp-635,ScRh3,185.005,84.21,205.0472678352592,80.08821523047119
mp-636328,TiPd3,179.376,88.699,201.3659371166627,81.09132018900043
mp-646,PrCd,47.806,19.44,37.506370264051384,13.007465520187692
mp-649,FePt3,263.838,110.344,266.08672781878136,88.8821713911979
mp-672698,GeTe,46.694,3.555,62.208115212117505,9.207362391183617
mp-674,LaPd3,109.965,45.919,117.92515102460924,37.17810730536315
mp-6907,SrSi,38.382,6.986,46.424916980122994,12.709355086420969
mp-693,Pr3Tl,40.884,15.285,23.67285142612649,21.03630098667102
mp-6938,ZnRh,171.239,74.335,186.4137546158194,82.22467691135424
mp-6996,SmB6,174.855,106.824,189.8594407038671,129.08821696599978
mp-712,YCu,70.25,31.833,73.29918246701702,34.72123893000996
mp-7131,PrTe,58.128,35.887,67.61001842695573,29.296050970590297
mp-718,SnPd3,145.871,54.511,171.69910859021837,52.62847317549446
mp-721,TbCd,54.797,22.082,48.20703786157964,23.387799048515667
mp-755300,TiO,208.643,46.453,242.7586054637351,109.41216567095444
mp-768,TmAl3,77.938,59.643,74.74232255624224,56.46059427355162
mp-7700,SiB6,150.882,23.821,190.41655480149151,94.39574326346435
mp-7753,MgPd3,128.765,41.213,137.33238237513908,45.99042558008305
mp-776,LaCd,45.631,17.494,41.48485037124562,18.004180381613583
mp-790,LuPt3,182.998,79.492,210.291788001617,73.29910580785881
mp-797,DyPd3,127.136,48.329,125.15726710256816,51.758765141225055
mp-8039,AlF3,124.366,76.51,142.55215680455393,83.57277021493711
mp-8102,W3N4,344.254,70.766,409.7841433436577,158.8392901443001
mp-817,TmTl3,46.269,17.128,38.15862322457569,16.064225853717954
mp-823,TiCo,351.113,68.061,181.3217081476595,41.523945326361726
mp-828,SiNi3,209.083,104.05,233.19712144250823,93.6588619545273
mp-829,AlPd,155.221,52.682,169.9904594460013,48.47806415516233
mp-832,HoPd,94.522,35.725,78.69478386191955,30.37467615246753
mp-8338,TaF3,100.51,20.136,113.8622415799204,32.99294223246522
mp-836,TbZn,57.624,23.228,55.527792388865336,29.766448109432982
mp-8454,KF,33.925,14.164,33.109321143816935,13.889302527569514
mp-851,ErPd,95.906,37.403,81.5022855404748,31.304573289100535
mp-861931,LiPt3,182.434,85.615,208.13125009948817,81.91427570682785
mp-861936,LiPd3,120.749,37.805,136.06404355396847,43.16806689142611
mp-861939,Ac3Sn,34.933,20.594,37.16630384760203,20.82580730474408
mp-862820,PaSi3,122.743,73.385,119.95244424707576,62.490025088038166
mp-862861,Pa3Si,108.501,59.249,139.16449313479143,60.46937107955565
mp-862862,Pa3Sb,104.598,62.028,130.64697717902504,40.7580520922392
mp-862863,Pa3Te,105.402,60.794,132.18857431856867,37.638452811204104
mp-862864,Pa3Ge,111.033,56.445,138.0058842512071,57.57146040692571
mp-862954,PmPd3,117.777,52.142,113.61174370971646,42.260329450012904
mp-863257,LiGa3,39.269,19.567,49.84043589966579,16.981444125259348
mp-863720,HgPd3,139.163,29.205,150.15173242685904,36.55370008769325
mp-863737,Ho3In,50.028,30.054,30.67080500452169,24.50829109995337
mp-863750,AgAu3,121.457,25.136,135.0701477466978,23.430382202080917
mp-864794,ZnAg3,90.519,29.454,96.35008651853995,25.945743267133984
mp-865,CaB6,146.893,84.87,191.04875030641597,117.64282839984892
mp-865786,CrPd3,152.758,66.576,196.69130545855705,74.08709672640656
mp-866006,CaBi3,45.159,13.126,49.83083289661093,7.923531756239781
mp-866022,CdPt3,189.833,50.231,208.68477463751728,54.831239501388254
mp-866186,Ti3Zn,110.213,52.136,111.9540255931661,39.9943748795546
mp-866199,AcAg,43.963,16.405,51.79007997573257,21.36008780267171
mp-866286,AcMg,30.934,19.546,33.84655034949313,23.54284313799702
mp-867,ErCd,59.501,29.491,46.81735579446111,24.238218489870793
mp-867189,Pm3Pb,44.905,22.668,32.920622944711255,18.748017915189916
mp-867248,LaBi3,53.973,15.364,61.542414625566025,7.314878625454789
mp-867816,TaRu3,276.055,139.6,295.29441272038486,102.95306746910067
mp-875,AlOs,236.689,124.889,273.0558117326795,138.89394008354324
mp-881,NpSn3,54.061,16.852,74.87530299826702,31.14201216330413
mp-892,ScPt,137.028,37.91,134.753849516898,38.003977890718595
mp-902,BaZn,20.356,14.528,21.79407598994277,14.739556890130338
mp-915,YCd,56.99,28.662,55.29500746127069,28.233344324712668
mp-922,CoPt3,227.99,87.071,285.6483906250345,92.72107472855237
mp-932,ScGa3,73.065,45.318,89.01617732269887,42.067997629775626
mp-953,NbZn3,118.284,74.397,126.79824085152435,70.67306271370497
mp-954,BaB6,141.127,129.899,190.56665712150837,132.17532480476788
mp-971682,Si3N2,142.078,72.85,157.53727200139238,96.38690157579116
mp-971694,Ge3N2,99.291,52.658,108.20191548967378,67.58861027183508
mp-971703,V3Ag,159.817,28.888,177.46336172532594,4.758454266561248
mp-971753,ZnGe3,61.403,5.969,68.18569907126083,2.651295841188171
mp-971803,ZnHg3,21.227,3.365,21.466399687262193,0.4588454380258542
mp-971951,Zr3Pt,128.477,16.539,128.19881546589022,-277.45348163791635
mp-971958,Tm3P,60.974,21.319,44.92399416721752,23.41127412266867
mp-972044,YbTh3,44.763,31.315,49.482865115821866,29.163178468970532
mp-972087,ZrH3,129.755,78.184,127.92614912925154,65.17383740161416
mp-972103,U3C,177.966,70.859,203.77654761169313,21.13341941265554
mp-972156,TbY3,39.722,23.922,29.37274428115721,20.471550750934835
mp-972185,Tl3Hg,26.92,8.347,27.101479633565415,0.9345928448145292
mp-972352,YbMg,24.014,13.027,29.592731443858657,18.916490638114865
mp-973004,ScRu3,203.337,64.747,218.32584878557543,34.8321109076373
mp-973024,La3Hf,40.645,21.816,48.19955565839766,22.05235253339869
mp-973060,MgCr,57.229,33.265,54.866001085075546,32.10810558396095
mp-973191,LiTl3,26.317,7.189,26.745115565279935,6.102582534874044
mp-973232,NdTm3,40.739,23.677,20.15384434841395,14.109192558628482
mp-973342,SbRh3,205.763,100.722,228.40827278291908,90.5847161202071
mp-973556,LuTh3,51.667,34.157,54.014794463157216,34.3068758583592
mp-973652,LuRu3,191.106,58.922,213.22247993402073,34.80867214874765
mp-973777,Hg3F,43.402,0.147,40.01276406312132,-5937.518352355959
mp-973834,PdAu3,143.059,22.521,164.21474131640178,32.39386035056697
mp-973865,PaAl3,93.654,66.056,93.94843072701627,60.13944881978975
mp-973875,Ga3Ge,49.122,19.565,51.29973739270564,3.82866524260088
mp-974066,Nd3Sm,34.408,19.689,13.937217254979997,10.847087102665048
mp-974335,RuRh3,265.771,166.99,316.0526290598113,168.41818405007572
mp-974370,PtRh3,252.972,132.714,315.75465733374136,125.37472751637031
mp-974395,Pt3Rh,248.019,78.168,314.43961131128015,76.11719728360829
mp-974457,Ru3I,200.1,82.095,202.19578470323435,63.58800335524051
mp-974617,Hg3Pd,68.071,5.286,69.9522842588984,5.181374026849785
mp-974627,K3Tl,5.574,2.908,5.574641171940142,2.5360713701934
mp-974799,Rb3Sr,3.974,1.448,3.928555649012114,1.7613311685034427
mp-974827,KPr3,21.468,6.489,11.130825509428092,5.1431661667150514
mp-974865,NdY3,38.765,21.65,26.719438996744024,18.83281366263694
mp-974866,Rb3Na,3.34,1.364,3.635796557497179,1.474940440413266
mp-974938,Rb3Li,3.531,1.539,4.320980263659202,1.809639489006272
mp-974948,Rb3In,4.908,2.719,5.971084520172982,3.147927417320759
mp-975312,RbF3,20.725,3.405,41.39817499479763,-3.917299817482469
mp-975383,RbCa3,11.416,5.159,11.793166337952236,4.863629564492205
mp-975439,Mn3S,179.718,51.052,151.6351546090976,39.99871807766035
mp-975511,InSb3,44.916,8.082,61.05274239586129,0.8307766356388805
mp-975638,Pr3Hf,43.976,24.977,57.83313464760735,13.025719110535618
mp-975639,Pr3Er,34.921,19.5,9.466920540681944,16.238340537174214
mp-975664,NdGe3,69.174,22.539,73.24940503021625,20.996746723436384
mp-975797,PrSm3,35.965,21.072,12.187432615204871,14.476756873068164
mp-975994,NaLa3,21.316,6.803,22.368704536198575,7.892123481359389
mp-976010,Li3Cr,22.421,6.546,23.94677380221102,7.182103316699212
mp-976061,PrGe3,69.29,22.594,82.94765528953272,17.224711111213775
mp-976138,PrDy3,38.535,23.324,11.837399632855176,14.33434262839225
mp-976254,Li3Mg,18.827,4.952,19.44993572808822,5.971796390315429
mp-976319,NaHo3,31.547,5.748,15.240948724262676,9.256369318041136
mp-976424,LiLa3,30.515,10.268,18.50091810186087,7.592977628455534
mp-976588,HoTh3,52.284,33.704,50.37031179075099,28.202024544484072
mp-976725,Hf3Au,122.505,10.695,123.88054794046651,27.649851610881196
mp-976772,NiAg3,127.322,28.17,118.77340416568993,36.350797937780406
mp-976784,NiAu3,144.369,20.114,165.72256084238612,34.45159979494761
mp-976799,Ni3Bi,136.809,40.924,136.00814819872852,42.26517327003631
mp-976847,Ni3Sb,164.639,57.89,176.46180899762217,60.40194706936117
mp-976856,NaMg3,24.546,8.351,25.5000137590712,9.98390656303548
mp-977,LuIn3,54.557,25.507,62.99574910422493,29.399340158964165
mp-977224,PrAs3,75.341,20.306,97.69928982280302,-7.162765791862241
mp-977310,OsAu3,183.641,15.146,184.1281964616592,33.650611492174164
mp-977573,HfH3,141.255,84.832,149.48305949736852,76.43853528229005
mp-977585,Zr3Tl,96.017,46.953,97.00209960838,31.938216433625627
mp-977997,ZnMo3,217.767,57.605,276.84794675556753,45.110860251864246
mp-978034,Rb3Sm,5.436,1.738,5.278371231160424,2.109501669092062
mp-978273,Mg3Cd,37.897,13.932,41.82546247980126,16.741056492649356
mp-978281,Mg3Ga,41.632,12.543,45.46096302926917,19.66123726106473
mp-978282,Mg3Hg,40.931,13.677,45.87339883944644,17.777649600538986
mp-978286,Mg3Mn,44.054,20.217,46.37764975630853,24.29064142836627
mp-978287,Mg3Mo,72.683,52.21,67.28840574682175,43.22642519375464
mp-978294,Mg3Sn,41.535,20.038,45.58644980775412,18.69804505778706
mp-978303,Mg3Re,80.582,30.25,79.10037847616215,38.387228239738576
mp-978304,Mg3Ta,69.102,42.454,69.50809661821928,40.17626378836632
mp-978498,Sc3Al,64.254,43.099,66.80520950035965,37.88673196508012
mp-978502,SmAs3,77.887,17.374,81.06272341128295,2.744722114926109
mp-978507,SmTh3,52.79,34.028,50.15300171464675,28.807019217387243
mp-978514,SmTm3,41.344,25.23,17.26608198447653,15.44073297039513
mp-978797,Sm3Hf,47.667,28.35,17.242303191419747,18.494031028507408
mp-978823,SmY3,39.02,22.803,27.878438101948877,19.29806152463932
mp-978964,Th3Mg,52.8,28.975,60.29991378857102,26.184320078665493
mp-979009,Th3Be,62.166,29.253,67.16123916221633,29.550154272418126
mp-979039,Th3Au,72.964,15.655,82.0760219898843,22.62946899396287
mp-979269,Tl3Cd,27.4,6.46,27.616284853388848,3.192831971968395
mp-979419,Dy3Y,40.892,25.48,16.6108102289747,15.903889979224422
mp-979423,YGa3,69.461,42.645,76.77029599495211,39.41120274245068
mp-979936,RbYb3,9.676,5.944,11.253398482080794,6.5802692822642035
mp-979945,Yb3V,20.968,14.683,27.054544397893103,19.550210679024477
mp-979956,Yb3Mg,18.16,9.45,23.25255934055639,14.21024257134245
mp-979963,Yb3Ti,20.615,14.63,24.683429494480496,17.38142344402883
mp-979984,YbP3,77.34,35.155,89.57800391634677,2.703043167658812
mp-980001,YbPr3,28.124,14.306,7.657869102454574,16.119494082873285
mp-980014,TmTh3,52.713,33.632,48.34643584130082,28.46385728505212
mp-980063,YbDy3,33.683,19.241,13.562341615099497,15.28071270109926
mp-980203,TiOs3,308.449,110.247,291.01004151802164,85.241861957084
mp-980646,TmSi3,89.137,32.813,88.83803355399324,32.29165319646146
mp-980941,Ti3N,122.949,70.473,112.06741356083052,-16.980312553511624
mp-980945,Ti3Nb,123.599,17.805,142.2414201926628,1.2715926836873477
mp-980946,Sr3Cr,14.914,8.285,15.193859176313902,9.573693233484178
mp-981215,Zn3Co,118.899,45.999,124.62427995970934,48.0922968777897
mp-981384,ScOs3,258.846,85.493,263.3099755982768,59.55137336780204
mp-981390,HgBi3,49.206,1.476,54.59575619943487,5.758754722879115
mp-982,TmPd3,132.296,50.923,112.89074896925617,49.50486211876659
mp-982048,Ge2O3,178.568,103.527,163.1379794305128,78.53045063592653
mp-982665,K3In,6.339,3.261,7.2096954725669296,3.1948495432012685
mp-982773,Na3Tl,11.861,4.995,11.367454753898825,5.213238737863638
mp-982780,K3Cd,5.074,2.625,5.359350977811885,2.6140589136170624
mp-983230,Ga3B,65.049,27.884,58.60740399736753,0.8126310492307947
mp-983237,Ga3Bi,43.085,3.494,51.57066524764493,9.693359434123971
mp-983497,Pa3Zn,93.69,38.201,115.13363679601912,48.63128447008912
mp-983539,BeAu3,140.648,30.875,155.2324281280813,28.951171459804023
mp-983584,Al3Tl,49.964,10.322,51.962240647377975,10.1346536736259
mp-983585,Al3Zn,78.655,33.527,70.49230725475152,20.049373596806536
mp-983590,Be3Fe,151.52,99.945,150.23768876742508,102.1840754303729
mp-983594,Al3Ga,61.751,6.133,61.73579947709719,20.41993302357345
mp-983604,Er3As,56.983,18.755,35.08127681845844,25.732789810189825
mp-984711,Cr3Cu,220.871,72.044,254.3924041855545,76.4518783222004
mp-984719,BeAg3,103.296,38.839,109.17571113215088,29.89097165126943
mp-985,TmCu,74.896,28.832,61.95870694749321,33.263452979143864
mp-985282,Ag3Ge,83.095,17.741,86.95058287177642,16.678316686570607
mp-985285,CoHg3,63.448,11.284,71.14196176331762,9.574941413185716
mp-985300,AcEr3,37.45,20.758,24.174555643788104,14.947204010950122
mp-985443,Ag3Hg,79.37,22.963,86.52257895062883,19.04612593493646
mp-985588,FeCl,41.143,98.169,94.21643528077908,14.51008062175553
mp-986,CeZn,35.292,21.92,56.371614151001985,13.469038939086458
mp-987,ZnCu,116.179,45.918,123.26513433980726,38.31188653789639
mp-998903,TiN,258.929,68.67,304.03234217587305,67.84254991163682
mp-998947,TiRu3,247.859,100.073,256.6622803775843,57.41734921899036
mp-998981,TiAl3,102.749,65.989,120.9110817699481,67.31334353843845
mp-999188,NbNi3,198.862,31.581,211.9065306552299,73.80712149793224
mp-999189,Fe3Ni,152.94,0.719,146.68666419949415,45.452244211904734
mp-999294,Pd3N,133.636,38.555,146.31886912137406,43.89819980246147
mp-999298,Pd3Au,159.176,46.576,180.20465428366745,45.37822137084101
mp-999437,Nb3Ni,187.032,31.409,189.87445291913943,-57.49722741072011
mp-999484,YTi,48.406,17.122,52.15353512490685,3.655199752811398
mp-1163,UBe13,123.142,127.915,126.14833756937806,143.0924906354399
mp-1562,ThBe13,117.752,106.867,121.6108457155828,130.812746359744
mp-1878,HfBe13,125.555,129.905,122.23131202014312,164.2351110034295
mp-397,KCd13,38.647,24.319,45.70187526314772,16.677575468176656
mp-672227,CaZn13,71.135,40.353,78.45951832913484,40.21522981905726
mp-855,MgBe13,99.848,104.389,109.5690398322678,112.91472584629383
mp-950,NaZn13,64.356,47.603,72.69012410044722,34.059730193937675
mp-1000,BaTe,28.286,16.564,35.99971276983369,20.89422176600209
mp-1001602,B12W,238.944,123.5,252.60904521815985,148.20301225385612
mp-10020,ScC,153.13,75.434,158.91449297867834,81.89893021462657
mp-1002165,GeC,160.406,96.772,211.5769923526315,168.4265756339486
mp-1002187,TcB,282.66,38.743,366.8723828275282,68.46075784692349
mp-1002206,SiC,252.718,221.298,230.61996012530847,337.55410263151754
mp-1002221,ErH,70.446,43.134,37.151457831644755,33.303849938739596
mp-1002222,TlN,107.027,48.73,118.88128386905076,54.99484504336013
mp-1002227,RbSb,8.399000000000001,2.582,11.649756602795549,3.175161846346645
mp-10051,TeAs,62.239,28.154,74.84894865871006,26.66726554466008
mp-10054,ZrAs,117.397,51.514,147.51571567780124,69.59706206783164
mp-1006112,Na3Co,16.754,4.933,13.000183615508556,5.097641777100156
mp-1006887,CdC,102.325,29.038,112.30780128895708,26.1227197497859
mp-1007,DySb,60.478,34.856,58.550562907177635,32.39415119587783
mp-1007853,Fe3Ni,179.994,72.293,173.4777872675958,50.166845443172015
mp-1008275,Cr3Ni,155.147,100.224,182.82420980765863,63.8294756457045
mp-1008282,Cr3Fe,227.443,93.238,221.1960229684173,92.78201620939204
mp-1008376,CeH3,41.701,62.301,79.52862325843213,49.01465680776957
mp-1008490,BiI3,34.173,1.423,43.13695110001311,-10.567590848640677
mp-1008610,AuN,172.053,29.649,252.82963386417305,82.45087094936322
mp-1008642,UC2,197.231,100.403,215.79304063047863,81.21359806835227
mp-1008653,AgC,133.032,18.99,190.63914490927013,32.60779071329493
mp-1008677,TiO2,246.526,83.386,263.8902863644548,93.67364408045694
mp-1008785,RuO2,284.209,186.658,331.9809787160399,154.42428480188804
mp-1008786,MgTe,46.024,30.655,55.7661526431325,32.48360460656702
mp-1008820,PdN2,222.571,1.409,276.80968196789973,78.89428901404585
mp-1008826,OsN2,334.82,68.185,326.4426762313666,141.15231750585772
mp-1008918,CdN,119.78,45.938,129.27924298948275,38.217332587215296
mp-1008922,CuN,203.809,67.018,251.11714321427613,63.214354717284344
mp-1008929,FeN,193.323,88.013,281.7328869215835,61.114145237769215
mp-1009077,FeH,173.813,87.064,157.1210283243149,102.10049698526004
mp-1009078,CoN,297.425,71.779,296.18505419711215,81.57401436000434
mp-1009079,CrTe,60.543,29.155,73.07547250457829,37.46273251460211
mp-1009217,MnSb,69.337,29.705,76.32124847671695,24.374537918108715
mp-1009221,,34.757,18.325,22.577837278525124,9.486787339348698
mp-1009488,NiN,258.337,85.169,258.21223802857617,79.4412438216986
mp-1009533,PdC,215.846,47.559,233.4412598227388,56.27107982977125
mp-1009545,PaN,221.916,88.72,274.2187314430652,105.81202644293542
mp-1009548,PdN,211.396,53.9,239.71726613463028,66.96874795829352
mp-1009582,NiC,256.077,47.733,286.2090927002766,37.35690012680224
mp-1009733,Ca2Si,36.951,24.717,42.11373857377089,28.085928094316053
mp-1009755,Ca2Ge,34.833,23.956,41.496169157173554,27.69511380972092
mp-1009756,Ca2Pb,28.076,19.418,30.321587126633847,20.85561258831488
mp-1009769,RuN,281.889,287.292,437.204535583847,-20.244878363432964
mp-1009787,RuC,321.211,44.583,691.9641060934391,41.33947455452364
mp-1009822,SnC,130.966,99.677,140.47215149914658,121.07319945967132
mp-1009829,Be2Si,98.66,50.046,96.94923980276675,57.4789544957887
mp-1011695,Cs2Se,11.808,5.71,12.659801961318127,5.322081548731415
mp-1014264,CrN2,265.131,21.11,259.367665874174,13.036827068728831
mp-10149,InSb,48.001,13.854,55.649750182102515,16.657510473961786
mp-10159,K3Sb,13.114,6.582,13.580653566939812,6.030268459499342
mp-1018023,Mn3Sn,138.52,27.863,93.11786028488524,53.947386369639055
mp-1018063,ErH3,102.113,10.755,76.04420671270591,62.96150919533039
mp-1018067,CrFe3,178.768,77.935,199.53297705222496,79.00735293987744
mp-1018144,LaH3,82.577,27.554,94.99279659395302,54.96309476045292
mp-1018165,PtC,259.237,15.884,326.37929635000677,24.309140122719484
mp-10192,LuP,86.563,65.526,115.01641564905528,73.10936709704319
mp-10197,ZrO,197.527,29.097,232.9837472106905,57.217836334285685
mp-1021516,K2Sn,8.242,3.639,9.2176099938126,4.346959535523705
mp-1021674,NiCl,64.143,104.314,68.66611127525454,12.957645645802732
mp-1022,K2S,18.259,9.782,18.833785953245066,11.279076493549557
mp-1023128,CuS,104.037,40.689,123.13167618487834,33.632109529871634
mp-1025415,CePd7,143.898,45.333,160.73260098062522,41.13442315964932
mp-10260,Ni3Sb,166.012,22.979,177.29271428138185,12.922462677726694
mp-1029,BaF2,54.086,25.35,56.32293971938904,27.36305960142406
mp-1039447,CaZn,26.729,6.686,30.4759161516943,4.335559006790208
mp-1055,CdSe,59.102,26.802,69.6964772187607,31.463833730641745
mp-1057286,CsH,8.987,6.816,11.152173271071002,6.07441228976151
mp-1057979,IN,89.968,15.186,118.43008090089916,26.394274160419783
mp-10622,PrAs,70.29,44.49,70.03481006077844,45.08372568468989
mp-10635,SnSb,51.179,24.656,58.93143176351072,24.365588330653864
mp-1065,LaSb,49.747,28.091,63.36135989975247,32.4570279919406
mp-1066,YbN,92.405,27.219,190.2876059884743,108.15465446866692
mp-10688,CeO,148.033,80.747,161.42843334406294,66.95685628732886
mp-10728,PdO,173.814,22.013,164.588574203149,67.92669309176253
mp-10759,GeSe,57.611,44.393,75.33274373365514,34.15065923788572
mp-10760,MgSe,60.707,41.4,70.16868028041503,43.25839819553402
mp-10764,HgS,65.862,13.773,81.43879305377591,23.251417933329268
mp-1084,ZrB12,233.379,219.913,256.98588500317305,181.75560310559624
mp-1086,TaC,323.894,176.246,405.7410968040124,225.20477164496413
mp-1087,SrS,48.468,32.3,57.74888386871484,36.34977281183171
mp-1093,ThGe,86.356,42.681,106.79311595053944,54.37776720467036
mp-1096,CeS,87.161,52.574,92.7019044758927,59.36742171505699
mp-1101,TmAs,79.857,55.255,77.59060827192077,53.51764355307987
mp-1102,LuN,178.449,146.135,214.2739731343044,151.59165786008208
mp-1104289,LuB12,213.636,195.974,221.3434569359656,190.07930897193071
mp-11247,Li3Au,33.973,9.25,33.23047284441278,13.640464453805295
mp-1132,CdO,127.369,44.447,137.8346320294427,50.572619802162784
mp-11327,Rb2Se,13.717,6.979,14.71329097711472,8.057599765692293
mp-11335,BeSe,87.774,66.886,100.20213003255404,65.62608990090192
mp-1138,LiF,69.649,50.018,73.11534580560429,51.65309628853656
mp-11489,Li3Pd,36.429,15.968,34.94119966694093,10.725854093320551
mp-11523,Ni3Sn,163.22,17.165,179.4774168137091,25.19618681497333
mp-1153,Li2S,40.49,33.875,44.07663765704798,32.312354835547325
mp-11577,YbZn,27.526,7.41,38.47431130651551,7.206943872716702
mp-1164,ThC,97.603,71.668,132.35203045630303,77.7321962159652
mp-11718,RbF,25.133,13.408,31.1778675007144,14.950340453713851
mp-1176,TbTe,63.35,21.785,61.04234002728698,30.293051236080935
mp-1184863,K3Mo,6.71,2.555,6.937007676700757,2.490041854633823
mp-1186018,Na3Au,18.941,6.198,19.388892648575077,6.937055711121424
mp-1186852,Rb3Mg,4.215,1.491,4.939286078347759,1.8420671079259097
mp-12087,Cu2S,91.395,21.175,106.2458225695465,30.24175414732384
mp-1216,YbO,123.582,88.774,173.880464543039,95.95256573852627
mp-1240,HoS,99.911,42.662,106.91522256031324,58.98702752404258
mp-1252369,Si3Os,172.924,67.583,199.70166439278088,-49.59822949271521
mp-1253,BaSe,35.501,21.416,43.938073181245,25.56677711672245
mp-12608,CuPt7,229.485,67.266,286.41120437199487,68.30353222340372
mp-1265,MgO,151.45,118.82,174.50879460083516,128.88952355280736
mp-1266,Na2Se,23.909,15.694,25.15213367065365,15.71409571426846
mp-1269,SmS,90.438,39.284,98.01655767963749,51.87890675851439
mp-12777,AlCu3,138.352,47.92,148.4878493049819,45.24808734143237
mp-1280,ErTe,65.928,20.06,65.41167873312648,25.85268684591821
mp-1282,VC,306.705,208.742,352.39002816085804,213.31183102679577
mp-12979,SnO2,185.31,57.406,246.652748708454,77.25462875826284
mp-13136,WC,365.029,130.115,416.2645342890226,146.86906875957726
mp-1315,MgS,74.305,51.763,87.63338060102338,53.19147080563626
mp-13175,PtN,234.662,26.883,431.5357533343096,56.21706165904508
mp-13181,LaF3,125.291,12.21,138.4863766661011,19.78995036079541
mp-1330,AlN,252.764,216.097,289.9843003233046,232.5326037996057
mp-1342,BaO,68.281,37.058,81.57457364796757,44.174558199657994
mp-1352,ZrN,247.481,147.586,303.3624303080519,168.91794756565957
mp-1367,Mg2Si,54.228,46.085,55.01953907935849,37.07827042271563
mp-1394,Rb2O,22.839,7.73,28.73517980954647,10.21861646664552
mp-1406,MnTe,46.537,29.189,65.98480453194794,25.56117065208887
mp-1410,DyN,163.58,123.389,163.36971863348955,119.62989197586204
mp-1415,CaSe,47.761,32.174,57.80683552990041,36.193093697500345
mp-1432,Be2B,144.862,92.441,121.27913615701836,138.34566814819107
mp-1447,SmSe,76.17,29.406,74.3813603318073,38.0196671833434
mp-1453,NdSe,73.49,28.425,76.30143221728731,33.93491771131806
mp-14549,CuO,179.442,35.321,208.35303299028612,40.632966562307274
mp-1476,ScS,99.417,53.382,118.58546698256488,54.57531405677154
mp-1500,BaS,41.171,24.774,50.657811473064754,29.167696454670505
mp-1502,Al2Pt,129.675,38.584,129.458170191153,48.87747444857579
mp-1519,CaTe,37.042,23.516,46.98533317626174,27.335003717745444
mp-1534,YS,93.243,42.129,107.51752179672538,56.98049481915649
mp-1546,DyMg3,41.005,24.698,41.852933732642406,28.67509036848609
mp-1560,LaTe,54.332,21.792,69.26101515119555,23.711702230578368
mp-1561,TbSe,80.122,29.91,80.82445668932662,40.70331348260041
mp-1565,ZrO2,235.389,103.516,251.101147703013,118.20693846816847
mp-1569,Be2C,200.504,228.81,210.4798206681957,228.0914709572193
mp-15694,PaAs,116.084,54.249,145.0028710452498,55.14296645071292
mp-1580,NbN,304.766,139.843,351.8982179371809,73.15352717344686
mp-1586,NdSb,58.638,31.963,55.02491080049611,33.71203753084976
mp-1597,UO2,206.152,92.078,203.9688602807719,93.56796281255065
mp-1610,TbS,96.236,42.109,103.89564587456115,55.41167088194453
mp-1623,ErS,99.884,43.445,105.68991163016597,54.14707305368738
mp-16366,Cu2Se,84.187,5.813,86.31985570588972,15.971207838942735
mp-1646,Li3Hg,25.438,5.618,29.982093015884008,12.798861079788995
mp-16522,Al2Pd,109.96,31.202,105.43723523904131,42.01045992636605
mp-1672,CaS,56.852,39.145,67.48868496301492,41.731055896816414
mp-16730,MoN,327.755,14.157,433.5410531605642,-15.394587243970175
mp-1674,PrSe,71.671,27.766,80.54371799936672,34.23384905525478
mp-1688,ErAs,79.218,53.691,77.16405191378138,48.25233217894705
mp-1708,YTe,61.724,21.921,75.85060064282759,27.217576497511264
mp-1719,PuN,158.704,69.543,147.65810493965452,70.82947568559435
mp-1738,SmAs,72.532,48.426,55.43980761348517,41.96484472654848
mp-1747,K2Te,13.039,7.26,13.777866886423752,7.238619411344498
mp-1748,NdS,86.452,36.997,99.59589490332016,45.971489231652896
mp-1751,ThSb,79.402,30.308,90.35725539239876,27.42164982939995
mp-1753,ThAs,100.068,47.87,125.2465893020224,61.795943223064434
mp-1766,TmS,102.797,43.054,107.70032486535116,65.22623400030487
mp-1776,UN2,256.399,93.359,264.0574117810183,123.79767675274734
mp-1779,YbTe,39.676,26.05,49.57097482024875,29.444018795543947
mp-1782,ScSe,81.738,39.59,103.16009121493798,43.15470601987186
mp-1784,CsF,21.461,9.864,28.65349656691964,11.757676507413011
mp-1785,PrSb,54.454,31.033,55.93017306650978,32.815770134746565
mp-1787,NdMg3,38.838,26.322,41.23388465741329,30.852973233432305
mp-179,YZn,52.307,4.156,51.34784945468446,0.0957600656157976
mp-1794,BeO,243.273,148.783,319.71636920012253,151.6456686971037
mp-1798,CeMg3,45.536,28.847,44.03690209733305,32.467466122421364
mp-1811,HgTe,45.79,10.847,61.320319744352815,17.39622365637724
mp-1820,YbS,62.187,44.285,74.85273238584699,51.53921665412247
mp-1865,UN,206.53,72.566,233.0265148169152,88.26807156032461
mp-1876,SnS,53.469,31.014,75.05039953900678,27.470856482984154
mp-1883,SnTe,38.189,27.868,57.89946903579276,24.332008657198468
mp-1925,ZrS,132.151,48.734,159.76321034291615,35.011696612343314
mp-1958,SrTe,32.317,20.197,41.3326727568297,24.593264380120907
mp-1959,PuO2,196.245,78.729,178.60388265457198,74.68207351029243
mp-1960,Li2O,78.6,68.452,81.44401019184448,64.03509476794345
mp-19717,TePb,38.461,24.006,53.08046240955701,21.97675543740056
mp-1975,TmN,172.542,137.49,158.62881658165378,118.11335291482904
mp-19830,ErN,169.316,132.589,167.82360268277407,118.10659628344368
mp-19962,Sn2Pt,92.692,28.197,96.59017244028756,34.04765650855606
mp-2011,UP,99.646,46.377,116.71562295832598,54.74311725725365
mp-2014,DyP,87.469,60.67,95.70161416856205,61.52105335082346
mp-20158,PbO2,134.544,28.736,195.7585566219855,55.94930218041654
mp-2018,AlFe3,171.541,83.814,192.0659637366641,80.04101171867123
mp-20194,CeO2,170.992,73.939,194.55164363604192,77.50472825850044
mp-20211,Mn3Si,227.244,100.274,210.81294695719967,104.272881503777
mp-20340,EuN,109.129,53.655,118.91521227159151,68.37002589530184
mp-20457,InP,73.875,38.448,85.51286834821494,41.47527087453449
mp-2050,HoSb,61.329,35.415,56.496771226825494,33.34830253196431
mp-2052,ScAs,85.701,51.516,101.277522891508,64.85474423837408
mp-20581,Ca3In,24.386,12.365,25.725637692096743,14.150095692948092
mp-2065,MnS,60.377,34.361,72.42693700100608,27.88428637794607
mp-20711,Fe3Ge,142.782,34.23,194.2100286374762,69.63891807890388
mp-20724,Mg2Pb,34.401,21.217,36.0047001102828,20.96606199673347
mp-2074,Li3Sb,32.535,25.62,41.328125093710824,27.49797528191104
mp-20812,InN,158.992,95.097,180.72284453799887,106.94337974203664
mp-2082,PIr2,275.878,95.703,319.4684491317519,108.32629614197992
mp-2083,Sn2Ir,110.242,33.475,107.55950722665294,43.04069221659821
mp-21075,HfC,239.071,177.337,294.2066913426105,192.5292246087289
mp-2114,YN,159.077,120.831,180.40653994209015,132.739539664555
mp-2117,TbN,157.952,120.579,160.06616317629485,109.5785830664372
mp-2132,CrN,127.896,97.244,329.6281646585017,100.3439182905624
mp-21391,InAs,61.193,24.866,73.27307463353833,33.60681421396738
mp-215,YSb,57.085,34.094,66.97570621832696,37.82175501213372
mp-2154,CeP,69.44,50.428,97.70189525391994,55.945992579367264
mp-2159,DyTe,64.339,21.366,65.06423307375105,28.892981504105833
mp-2182,SnAs,64.044,29.701,70.36887016712899,36.256235165177145
mp-2183,ThSe,101.246,25.536,119.17491869683666,39.266128011566686
mp-2191,ErSb,58.352,35.969,60.202358756838954,32.037653399420456
mp-2199,Fe3Si,210.833,99.533,212.29475052848125,93.51886001883926
mp-2201,PbSe,46.512,27.177,63.36407079277633,25.742999887849017
mp-22095,Ga2Pt,101.898,20.333,107.16672922690846,28.24272956343848
mp-22154,In2Au,53.29,13.931,61.91730865864445,23.61860317559127
mp-2229,ZnO,166.374,62.567,199.01601148153412,75.22755280029196
mp-22319,UB12,243.159,182.299,259.77883950668485,221.05593072605825
mp-22682,In2Pt,91.458,27.293,96.64850071443398,41.881658641625634
mp-2281,SmSb,55.79,32.903,47.07568627378662,30.436061982473095
mp-2286,Li2Se,33.677,26.985,39.98533026329336,26.399151819147157
mp-22862,NaCl,23.77,14.298,30.216024995265663,16.630452759340443
mp-22866,HoBi,54.739,29.989,49.15852783114807,25.4439029208926
mp-22873,SmBi,52.053,30.315,48.637549541842155,23.05649895657251
mp-22879,PuBi,52.25,20.475,59.280370469766886,25.267244828980004
mp-22898,KI,10.558,5.635,15.065003822215475,7.346883449362853
mp-22899,LiI,19.889,12.473,24.88788508697999,12.960868236836593
mp-22905,LiCl,32.161,20.781,36.97813007584882,20.54541794639356
mp-22907,DyBi,53.954,29.768,49.464029803928206,29.00288448724064
mp-2291,Si2Ni,141.692,31.996,178.02828388106187,102.97225370391548
mp-22912,NpBi,14.939,84.218,76.50224727888126,29.53455496360879
mp-22916,NaBr,19.491,11.281,24.42791930778955,13.342369176068084
mp-22919,AgI,34.265,10.345,40.37848622295779,13.041333152959895
mp-22921,TbBi,55.237,29.486,55.01185672177338,29.839212936471636
mp-22922,AgCl,40.56,6.466,45.55614467037464,7.964998388681117
mp-2302,AsRh2,189.638,71.205,226.18237807725544,87.80046099902157
mp-2306,LaMg3,37.949,25.636,43.55433629970216,30.49741969464322
mp-23171,PrBi,49.437,27.031,52.30424837841741,29.853830572849724
mp-23193,KCl,16.489,9.177,20.38319478650438,10.443057437619302
mp-23209,SrCl2,33.615,14.668,38.47649225010289,19.055714310127225
mp-23222,Li3Bi,28.2,21.021,28.544083313119987,25.598059259887165
mp-23231,AgBr,38.284,8.539,42.84695426829897,9.200610377682544
mp-23234,TmBi,54.948,30.664,47.32417120117479,27.768815354129384
mp-23241,YBi,53.143,29.04,61.760749173606406,35.59882654615605
mp-23245,ErBi,54.597,30.393,50.367846439996406,26.976974818974657
mp-23251,KBr,13.432,7.473,16.66388576413526,8.841771587077904
mp-23259,LiBr,25.963,16.321,29.346481050801305,16.155663675021845
mp-23268,NaI,15.1,8.31,18.906257635869267,9.863750785114195
mp-23285,CeBi,38.203,25.983,58.16273421414648,29.842826543654137
mp-23300,NdBi,50.357,27.498,51.18564710444945,29.079762471390872
mp-23304,Rb3Bi,9.746,4.598,8.90819349158687,3.76460103110461
mp-2343,Mg2Sn,40.919,28.207,42.26233573375378,25.47565784427723
mp-2350,LaS,83.314,40.885,104.29648534418423,42.83171171295209
mp-2352,Na2O,45.868,30.58,48.74490618597063,31.208140327941788
mp-2364,PaO2,206.71,104.185,216.62392787984328,113.05458759519318
mp-237,TmTe,66.367,18.543,66.46435321348824,30.818763724114863
mp-23703,LiH,36.35,42.538,36.107147010423205,44.25999036951013
mp-23722,HCl,56.966,56.466,175.92260087267184,82.22702027296302
mp-2379,CoSi2,173.636,55.782,192.23465736088573,100.79480874813596
mp-2384,LaP,71.271,44.222,80.60080706920726,50.440692672027154
mp-23870,NaH,23.295,19.487,25.394844932188445,20.70254261292525
mp-2388,CdTe,46.602,19.072,55.33404143181766,23.53480434857613
mp-24084,KH,13.704,10.516,16.4615337243131,10.841689873536632
mp-24092,GdH2,68.537,47.226,65.25546618820297,53.3384623908623
mp-24095,PrH2,68.409,39.792,63.15663673284811,38.83302979528471
mp-24096,NdH2,71.096,40.995,60.863678444332805,42.69594161971442
mp-241,CdF2,95.332,27.592,95.66100069759476,28.56803832208684
mp-24147,AcH2,55.135,31.721,57.45851071637215,35.804474106796896
mp-24151,DyH2,84.452,54.075,60.39591474148777,49.56556548527026
mp-24152,HoH2,86.522,55.883,83.14932468607886,61.71333265086588
mp-24154,NbH2,179.449,70.17,193.51770532751695,87.22000914707522
mp-24192,ErH2,87.63,56.307,78.35084473757082,55.73434701059003
mp-24237,ScH2,95.971,65.106,88.32553970673291,70.98109363537473
mp-24287,CrH,243.317,139.914,234.33507552774995,122.55944380014826
mp-24289,HPd,174.968,38.553,205.43876537708897,43.81354746713802
mp-2458,TbO2,142.644,120.173,206.14259862536176,81.3313631573624
mp-24650,YH2,81.498,53.752,76.5491255458485,57.04462899846671
mp-24658,SmH2,75.078,44.862,56.920352980227314,47.14959477713245
mp-2470,DyS,96.9,42.673,107.66150818403965,61.58308651082462
mp-24719,NiH,200.93,66.268,246.04083096458737,77.4646498325391
mp-2472,SrO,84.99,55.772,103.4324570663763,64.77739392920041
mp-24721,RbH,11.395,8.535,12.115142147881896,8.507917985603576
mp-24722,HRh,218.492,70.702,259.02409965031285,58.8325502720905
mp-24723,TaH2,196.872,57.999,171.55951202722403,65.63230962359084
mp-24728,VH2,175.664,88.024,196.1850107023254,112.24288406369772
mp-2489,UC,178.518,29.992,206.51174165981988,75.07167663907225
mp-2491,ErSe,83.657,28.368,84.24073431103254,42.137844408267426
mp-2493,CeN,143.06,76.604,157.6935005954519,82.39793177548802
mp-2495,PrS,84.639,35.905,94.2317531887832,41.66748888287569
mp-251,TaN,330.533,142.307,372.07949369951825,119.4384548059933
mp-2520,TmSb,62.342,36.301,59.21094186482511,36.39645615288166
mp-2530,Li2Te,26.076,18.389,31.729248226929737,21.217717868290222
mp-2530518,TePd3,134.524,18.854,149.63915433382087,1.282935232341069
mp-2532,PrTe,57.203,20.901,64.99458921010451,29.10825447211183
mp-2548,PuAs,71.138,51.563,88.75738808501754,46.423913654884714
mp-256,LaN,121.33,67.25,141.05739801045223,73.48901074557773
mp-2563,CeSe,93.807,23.207,81.96963112793257,47.41638271524773
mp-2566,PuSb,54.416,29.524,65.06045781866196,32.63595027044759
mp-2596,NpN,151.141,85.399,179.70700892451143,78.16866053576443
mp-2597,InTe,39.529,13.03,52.63127731791956,19.45660483409982
mp-2602,NdAs,71.185,45.687,74.0256498732953,48.49356366909862
mp-2605,CaO,105.841,74.209,120.27378098073729,80.24814801628665
mp-2612,GeTe,48.853,41.317,61.29695748932025,32.6736667481219
mp-2616,NpO2,192.353,81.895,191.0074248343452,89.70585803257451
mp-2627,DyAs,76.57,52.475,77.47272427860922,52.96270859346403
mp-2637,YSe,78.292,30.01,88.72000916652861,43.40011438468301
mp-2640,TbAs,76.698,51.167,78.99322836826397,59.495484069375294
mp-2647,Al2Au,104.282,39.149,111.94590170202356,41.78678445773891
mp-2664,TiO,224.438,64.903,201.31770574197472,30.7266654753999
mp-2693,SnSe,48.326,29.365,65.18310315845437,23.905264223148944
mp-2724,TbSb,59.906,34.455,63.29775567676787,34.73588340974051
mp-2732,PRh2,223.688,80.823,250.2185654524607,84.06923001839036
mp-2735,PaO,188.867,17.012,204.7151799429089,68.82952611908998
mp-2741,CaF2,80.16,37.856,79.596389646345,44.4577276535505
mp-2746,MoC,333.899,189.755,418.70145452728775,91.84567773766896
mp-2748,CeAs,62.335,44.203,79.32527933381643,48.86351028633521
mp-2758,SrSe,41.256,27.097,50.5566513466682,32.26840044448922
mp-2774343,Na3Be,14.383,4.861,14.273206286895242,5.396644785394493
mp-2775197,Rb3Hf,6.057,2.738,4.4851891355615265,1.6134455481242882
mp-2776,Ga2Au,65.975,11.065,73.66553762524885,21.154308334847
mp-2784,Na2Te,19.229,11.389,21.39956900232825,11.906729931539262
mp-2795,ZrC,219.051,159.251,271.83876344641624,189.41139176488176
mp-280,PuC,147.937,41.22,140.8806137814894,52.79700958256992
mp-2807,ScP,90.559,61.629,125.50099397610614,76.94152916278152
mp-282,TiF2,109.445,54.578,111.47792830362783,38.84377939260651
mp-2822,TmSe,84.968,27.123,86.34331121577813,48.24761436622945
mp-2823,NdP,78.398,51.947,84.17089280396648,54.312888990288094
mp-2828,HfN,270.382,164.261,303.6881245970876,164.82439375897386
mp-2853,GaN,208.803,140.084,234.3559240159976,126.18843706658228
mp-2857,ScN,200.491,155.674,235.1473983862496,181.99122624062247
mp-286,YbSe,52.363,36.238,63.47694372159058,39.777909883260776
mp-2863,CeCd3,41.295,27.145,55.11808499564882,28.79184272456233
mp-2880538,Tm3V,51.93,22.198,26.754403724320873,12.50142399941132
mp-295,HoAs,77.463,53.503,71.53482871105302,52.147378196802286
mp-29551,Na3Hg,12.299,5.4,11.581409885956887,4.802521795764875
mp-30482,Ca3Tl,21.746,10.484,21.582975543387697,10.852724722671582
mp-30569,Zr6Co23,173.449,59.12,185.93471990517855,88.9776957981862
mp-30760,Li3Pb,25.566,15.278,29.435916868858655,19.366198653301396
mp-30765,LiPt7,217.916,77.09,260.88272962131725,75.80733326197378
mp-30779,SmMg3,39.515,26.455,37.195834907464054,28.84948448274468
mp-31349,Sr3In,17.296,7.912,20.54960736581359,10.42826222918446
mp-315,PbF2,67.722,24.288,68.55503619651009,28.510249286027143
mp-32548,BiO2,140.204,46.383,168.54777436003693,55.195322878693055
mp-33018,Rb3Sb,10.942,5.083,10.902827991664235,4.468338605020265
mp-342,SmTe,60.983,21.954,62.61994516242612,30.2449789753548
mp-343,PrN,133.177,87.521,117.09713791196778,75.68744787097566
mp-345,HfB,172.719,90.679,237.90601436139303,107.7137015317848
mp-36891,Br3N,40.19,11.413,21.443282546806103,-4.917784137261303
mp-370,CdS,71.97,33.755,82.95298777854181,36.65524853081924
mp-408,Mg2Ge,49.429,42.782,60.04117465586035,37.546992075480325
mp-428,PrMg3,38.445,27.868,39.74705781322184,30.5862283001708
mp-441,Rb2Te,11.393,5.849,11.657240117860866,6.3474904302668405
mp-451,ZrB,160.149,81.074,183.59612829116017,111.45802972360606
mp-463,KF,29.839,16.899,37.79152389123111,20.208846084691775
mp-464,HoSe,82.998,29.485,77.98448719994144,42.89253818874613
mp-475,SnP,73.018,33.954,83.63640622325605,42.9944996561044
mp-492,TiN,278.511,191.577,323.46373621088554,175.68684454011316
mp-503,ThS,118.095,37.254,131.5681927424615,50.642577403544834
mp-504731,EuF2,68.624,29.302,68.42789441560333,36.19714055998248
mp-510374,GdAs,78.507,46.696,90.7221873633252,52.03769747525816
mp-510401,GdP,85.387,54.5,103.92197240515314,61.89138025945805
mp-510402,GdS,86.458,47.722,101.91413038125148,55.48314059833718
mp-510403,GdSb,98.6,31.19,71.85911471575449,34.19231749343304
mp-510404,GdSe,97.929,35.871,80.4917173201856,38.651067098304864
mp-516,LuSb,63.1,36.872,77.00383084041658,40.71746632853302
mp-542583,EuTe,32.56,22.782,42.75765002016121,29.238125375667867
mp-549,ScSb,65.333,33.538,72.35373391412672,36.35763544149077
mp-550893,HfO2,252.656,116.166,261.34118991029965,134.1452572146616
mp-567362,BiTe,47.617,18.075,65.36330769381209,10.166631972325368
mp-567580,PaC,165.088,76.83,194.2524959684579,79.20697330095167
mp-568516,K3Bi,11.606,5.881,10.948069369351494,4.670433147564747
mp-568560,TlBr,16.051,6.436,21.983653662541375,6.898966028545153
mp-568662,BaCl2,29.053,11.85,32.402548879197376,16.524978036454474
mp-568844,BiSe,56.128,17.381,69.41189461024452,10.425215600446233
mp-569228,WN,356.271,23.776,383.22637649507527,8.264429307035787
mp-569639,TlCl,18.005,6.9190000000000005,23.07834296805704,7.16076987648476
mp-570,NdTe,58.456,21.328,61.40413790813274,23.927200743422834
mp-570354,CuBr,51.714,11.215,65.8341856650079,13.053784224051322
mp-570632,ScBi,57.536,28.736,63.47697969882225,32.24734080875248
mp-571059,YCd3,57.047,21.515,59.91418636631176,25.575824266138067
mp-571102,TlI,13.509,5.91,18.032763768531268,7.190275179344246
mp-571222,CsBr,10.316,5.148,15.372685382589802,5.970988335158618
mp-571386,CuCl,56.945,3.416,73.1900129198839,9.71830735780957
mp-573697,CsCl,12.229,6.1,15.631786389044183,8.296174259193272
mp-574283,GdTe,71.741,26.856,68.43846097842736,28.757220214798192
mp-579,CrC,110.843,96.262,317.26476017237434,173.72179391470044
mp-601,PrP,75.919,50.128,75.70683801902095,49.97068391790229
mp-614603,CsI,8.224,4.02,15.920824455180163,4.666355014438037
mp-627,NpSe,76.476,34.822,80.78121387344673,44.86425864339622
mp-631,TiC,251.478,172.363,311.672978077882,228.7736056388494
mp-634751,YbH2,48.082,33.752,42.18234569885356,45.47016607959055
mp-643,ThO2,188.295,91.197,206.29543327997473,87.29470995819669
mp-644481,ScO,184.583,103.187,233.80887909329047,96.25744531362272
mp-644500,Zn7Mo,101.103,45.801,111.2559855205404,41.020234200933565
mp-645,TbP,85.585,58.988,91.70527700187908,68.54726328624102
mp-648,Na2S,28.189,19.193,30.76523844148997,18.662273553459773
mp-656,LuS,104.585,42.384,111.3347699553049,52.595434753042106
mp-672232,AlNi3,177.562,11.728,195.3129888482086,47.639235916613856
mp-672661,GaFe3,169.932,41.414,202.50251842767508,68.10750823866904
mp-682,NaF,46.136,30.163,53.41168580450706,33.8870675963276
mp-6927,NpO,164.957,88.803,167.2522585399594,69.37352759955495
mp-6933,MnN,137.8,132.223,277.272893378056,122.73541221223026
mp-708,LaAs,66.566,39.976,76.1133434301406,44.94671972621729
mp-710,SmP,80.277,54.979,67.49697780611825,48.96538939066711
mp-7381,TbMg3,40.267,24.883,41.60505444972876,29.660417654757453
mp-7396,Li3Tl,23.258,14.643,27.069355131143585,14.05044314539584
mp-744,HoP,88.424,61.321,95.82087680307605,66.28632720724447
mp-749,SmN,145.3,105.756,139.7273205329462,98.23845185473245
mp-754125,NdO2,126.323,315.883,174.46603839367867,77.0112308236625
mp-806,PuO,46.23,18.171,140.9567215118595,62.07630095026955
mp-814,DySe,81.802,29.474,87.02906677257614,46.88676955658408
mp-8177,HgF2,86.276,12.599,95.67339138941864,10.068859983880207
mp-8289,SnF3,50.256,15.788,74.00013192317631,29.407981273673823
mp-834,ThN,176.864,86.739,182.2136686845434,90.00138317713044
mp-838,Cu3Sn,149.365,18.618,118.82115155677096,15.413705768682998
mp-8426,K2Se,15.851,8.676,16.113750123436493,9.793100746781157
mp-861605,AcH3,69.171,31.322,72.91135967427066,48.94925488583929
mp-862755,PrCd3,53.986,22.842,59.863550551200944,28.312306215841037
mp-862899,PmCd3,55.77,23.661,60.55854691648608,29.382026173255767
mp-864984,MnV3,210.529,50.037,204.29280664229503,23.172453817622056
mp-865027,Mn3Ge,195.84,84.368,206.9368284082388,83.38975534663396
mp-865176,HfCu3,136.591,16.975,146.2733956905545,39.85010116320457
mp-865376,YMg3,43.03,26.114,41.911613825175934,28.712832076612266
mp-865382,V3Ru,221.654,89.252,249.07017333061137,62.820890046227625
mp-865385,V3Re,233.519,59.053,261.3464325728054,71.05575270558592
mp-865858,PaAu3,125.869,15.063,142.13507799155676,23.69090317824627
mp-865899,Ti3Os,160.895,51.02,175.35989375623927,38.94824806058208
mp-865907,LiZn3,56.751,2.197,68.67173307399439,32.181775693142534
mp-866121,V3Os,246.21,109.532,273.18978285432047,85.30436349757206
mp-866134,VFe3,195.459,92.605,200.60384437451287,86.10385114535188
mp-866172,HoMg3,40.634,26.726,41.20734557962603,28.878900971219863
mp-867158,SmCd3,56.236,23.153,55.73519960660892,27.68711048902193
mp-867226,Li3In,24.555,16.087,27.130361160086373,15.409571053411293
mp-867227,Li3Pt,46.404,15.779,44.471078416884495,13.817998908630967
mp-867262,ScTc3,216.144,92.758,245.9237761057883,86.58375322222649
mp-867342,Li3Ge,32.98,22.258,38.140259185209,26.654331882984113
mp-867343,Li3Cd,22.509,5.553,27.37634679718275,12.694531245329154
mp-867857,SmH3,90.319,18.27,78.64998768331684,51.15273631458848
mp-8772,ScB12,218.18,190.491,213.0554649354527,166.09601887297546
mp-883,HoN,167.77,126.817,174.95607940038298,118.2739819915967
mp-8860,Na3As,24.248,11.722,26.11545518018581,14.52974102891167
mp-910,NbC,296.238,180.981,365.0867100412175,211.8387235945087
mp-919,HoTe,65.126,20.766,64.48791134691854,29.502224823701923
mp-925,VN,316.753,162.007,338.4009549701225,106.21344941043608
mp-930,ZrP,135.366,68.268,179.12362728763964,92.09164957976996
mp-931,ThP,112.228,56.224,144.86729785987944,72.11617079010483
mp-933,YAs,75.352,50.989,86.35013308051423,57.05152957904251
mp-948,ZnTe,53.63,20.206,64.12321119747405,26.10901290197428
mp-957,HgSe,57.045,17.977,70.25728567090623,22.954239846765667
mp-971,K2O,27.218,12.49,31.929843553467652,13.757452961304748
mp-971744,ZnCo3,183.266,51.41,198.64765436426848,72.87968904960923
mp-971752,ZnCr3,108.873,71.217,170.4156406962278,72.32065249080021
mp-972,MnSe,44.652,33.162,76.04353750300962,25.988497164174248
mp-972048,Zn6Mo,91.897,48.313,107.17444486767248,50.45325879198552
mp-972071,V3Mo,203.583,36.67,232.2930022598416,37.64355701075861
mp-972082,Tl3Si,34.443,9.412,41.31532519045488,5.4017606640019125
mp-972456,Sm3V,42.339,37.307,14.75259547434019,9.40736064819646
mp-972751,Si3Ge,83.175,34.903,84.55985136450606,43.538722369730415
mp-973053,ScH3,110.897,30.278,84.68562465081958,63.49767699730203
mp-973100,ScCu3,102.363,7.858,114.43091530962148,29.336546932912647
mp-973143,ScZn3,78.798,38.927,78.86437393538581,45.97935410244241
mp-973149,Mn3Al,179.795,91.053,167.34433375825805,93.7428357017776
mp-973265,K3Zr,6.941,2.439,8.119338711429005,1.9683638471000384
mp-973353,SbPt3,178.413,26.833,202.7544877079248,-57.29582894476499
mp-973402,SbPd3,143.223,9.073,162.29133296544964,5.367325138629656
mp-973446,K3W,8.076,2.93,9.01188382045702,3.012377626532716
mp-973528,K3Si,9.969,0.64,11.30870660324117,4.77662843379238
mp-973533,FeAg3,99.882,14.401,104.27457298862382,16.232469411802327
mp-973535,K3Sc,23.854,15.512,6.622054081681367,2.199856204102668
mp-973614,K3Sn,9.269,2.325,9.250057398151004,3.4399877003747976
mp-973622,K3Sr,4.901,1.584,5.616051529898274,1.7438458256541505
mp-973824,LiHg3,22.639,18.474,26.550443641450737,0.5910707603128985
mp-973940,LiCd3,41.518,5.772,43.690927028456585,10.995557478249234
mp-974270,Na3Al,14.872,4.102,14.857143287031242,6.225128554281278
mp-974415,Re3Pb,244.499,26.112,280.3204641596277,36.20869478909619
mp-974417,Re3Sb,259.398,53.395,303.29009266225097,36.863845983355795
mp-974452,Re3C,297.264,46.257,324.90698068344676,54.74894296238281
mp-974458,Re3F,277.045,48.767,337.10303742435013,62.39537694994798
mp-974565,ReP3,185.152,76.961,179.98340206552265,48.10989745934674
mp-974641,K3Tl,5.319,0.352,6.134017854660794,1.9817205822313768
mp-974743,Rb3V,5.686,2.138,5.417992548151958,1.9881498171919387
mp-974789,Rb3Sn,7.046,0.432,8.235063225505696,3.166824426161968
mp-974810,Rb3Ru,3.293,2.7,8.434794025317586,3.815600438779553
mp-974832,Rb3Pb,6.311,0.48,7.5019086199655645,2.2893971188789433
mp-974843,Rb3Os,6.657,2.648,9.47918333080349,3.403648081883485
mp-974883,Rb3Na,3.363,1.15,4.154120665356437,0.8602482096998869
mp-974933,Rb3Mo,5.203,1.881,6.260971007935794,2.016752140588466
mp-974949,Rb3Ir,12.992,4.304,12.586978680152228,5.872428196763915
mp-974950,Rb3Li,3.577,1.129,5.107039241904764,1.423688902426402
mp-974990,Rb3Hg,3.088,0.512,3.2377434271801557,1.3638724105151403
mp-975028,Rb3Cd,3.5700000000000003,0.915,3.8047941197169,1.8705854701613345
mp-975050,Rb3Co,9.437,0.168,6.354594210907444,2.289533385056954
mp-975198,RbTl3,16.913,0.775,18.053252532791728,7.081973996854914
mp-975390,RbCa3,11.666,5.689,12.75576931309288,4.706087659334783
mp-975512,InSb3,53.357,12.164,59.60482832744299,2.9878812696351913
mp-975905,Mo3I,178.725,20.22,234.92977738089817,22.60502702403809
mp-976023,Li3Ga,23.233,19.231,28.603173314578605,14.196188891232277
mp-976060,Li3C,54.763,33.718,38.19592311116844,31.90755188693743
mp-976113,LaAu3,80.791,7.408,93.78008335460832,13.416437373454228
mp-976256,Li3Mg,18.913,4.316,21.91224756922572,11.567178901033456
mp-976264,Li3Nd,20.824,1.22,21.179632986884073,9.183256744962923
mp-976321,Li3Pr,20.736,1.26,20.27590258945588,8.398659331810146
mp-976334,Li3Tc,34.091,18.07,33.53548652500806,13.26095406989346
mp-976405,NaEr3,33.418,18.579,18.874508745035616,6.017291383156467
mp-976412,Li3Zn,23.55,5.4879999999999995,25.269962935645538,12.925524575441615
mp-976863,NaTm3,33.868,20.509,15.72493495740752,7.614002003966752
mp-976943,NaRe3,236.918,94.173,272.8971552559412,91.35195507465026
mp-977062,Na3Ca,9.908,2.301,9.308577952851367,4.293928613647622
mp-977138,NaTc3,186.78,62.388,210.8181291380222,60.65353057374971
mp-977140,NaTa3,132.843,16.731,142.8505777984957,37.0428437558272
mp-977181,NaMo3,165.314,14.462,176.94284395520364,27.308458454191022
mp-977182,NaNb3,116.717,176.789,125.58396072536236,20.63861652960115
mp-977189,Na3Bi,19.11,9.212,18.15217829067112,9.10999422241572
mp-977200,Na3C,22.193,4.584,27.472800529050662,13.661571703428992
mp-977239,Li3Th,26.408,5.399,29.133084436768243,12.567406465246956
mp-977283,MgRe3,261.655,99.376,311.8442842151837,105.1645053489309
mp-977286,Li3Sm,21.078,0.8260000000000001,16.45401965972522,9.280816771968963
mp-977390,Ta3Ru,225.21,86.954,268.35808368561425,73.86412011437339
mp-977434,Nb3Ru,208.891,88.985,258.08662357479415,60.06637406013578
mp-978276,Mg3Co,59.866,25.887,60.93251509124623,31.3188084531718
mp-978285,Mg3Mn,46.208,28.117,46.89681902209242,22.585742210024307
mp-978291,Mg3Pa,48.729,32.735,54.52821061992641,34.73956663264759
mp-978509,Si3Ru,153.635,36.773,186.7846997079475,-79.07340546760936
mp-978554,SmRe3,218.927,75.823,256.24110563154863,92.82521810323529
mp-978856,SrH3,45.849,29.168,41.47031255272542,44.97680970714267
mp-979074,TmO3,158.954,14.701,109.50714802234884,-4.885915195303335
mp-979289,TaW3,275.924,121.472,346.5733333228268,106.09196998093512
mp-979935,RbYb3,10.064,5.601,10.122071396330904,5.477228989943594
mp-979937,Yb3Ru,39.52,8.177,57.360446297087336,20.813486075408058
mp-979940,Yb3Zr,25.447,16.111,27.776395795290643,16.244618089239
mp-979955,Yb3Mn,19.156,10.761,27.990783955925647,14.800281761523626
mp-980006,Yb3Os,45.883,8.033,71.28018626130886,15.531146214450205
mp-980034,Yb3Mg,19.265,9.43,25.094378984609975,13.758365175728478
mp-980049,Yb3Re,30.077,6.0,66.27522521472234,22.03793688846865
mp-980905,ZnSn3,47.267,3.808,48.82429658047485,2.0241374695631555
mp-981,SrF2,65.882,32.403,66.9342712733685,37.865407183176856
mp-981233,UCr3,177.103,26.475,246.68646835782152,24.885106362246656
mp-981378,Sr3Yb,12.899,6.768,13.57824712947242,6.88919597586828
mp-982595,Na3Re,18.675,3.286,18.557417568521693,8.729601994797283
mp-982873,Na3Tl,11.581,3.209,12.319168880972333,4.664165613413309
mp-983388,K3Hg,4.365,0.904,4.721634228740513,1.707293646261166
mp-984785,AcMg3,34.101,17.525,33.24996118043947,24.853058180260724
mp-985283,Ag3Ge,82.772,10.842,89.04348358774801,9.41230813295102
mp-985806,Al2Cu,96.231,59.777,97.42681053507847,59.176490171762545
mp-9935,GeSb,60.206,22.852,67.16466645044308,26.894914735758675
mp-994,YP,85.85,58.797,103.76734257649962,69.00992900213728
mp-997616,BaC,37.274,2.787,24.36485325061468,5.571727468673426
mp-998893,YC,124.296,64.499,115.4662622903601,62.41466477709872
mp-998982,Ti3Sn,113.274,37.386,113.92349992107374,40.94155393355327
mp-998986,Ti3Si,131.4,42.805,138.9944947542028,53.76663252173083
mp-998987,Ti3Ge,123.634,38.711,124.06625259783604,46.5509152784651
mp-998988,Ti3Ga,109.768,29.881,122.292952997453,43.50198543811536
mp-999027,Ti3Al,107.662,33.17,117.25359987769724,48.358174259662654
mp-999123,TbH3,97.788,18.099,83.44672316296406,56.004042287699605
mp-999296,Pd3N,167.551,50.419,175.2246226790672,9.737001577270869
mp-999389,NbFe3,198.022,78.6,225.8218437681097,72.65375444798646
mp-999390,NbCr3,226.813,84.137,281.0103191304556,70.12118233915677
mp-999395,Nb3Fe,187.538,75.731,237.4513793366959,50.88491455719832
mp-999396,Nb3Ni,174.363,66.041,204.32506147438923,40.65208761490458
mp-999439,Nb3Cr,183.542,23.16,206.49626614489867,27.70634784807495
mp-999473,ZnN,169.406,53.439,207.2695920079485,56.07607474114007
mp-999495,Na3N,29.531,6.252,28.187293405061983,19.57782890758915
mp-999550,Mn3Ga,184.623,54.829,148.68357844595027,70.7648640230717
mp-1025373,TcF6,6.037,3.815,100.9639829367571,34.99098008315861
mp-12766,Mg13Al14,48.999,22.218,55.384905081155885,13.239150891491516
mp-1521,Sb7Mo3,107.671,52.551,129.38962756252658,75.42283869774988
mp-22040,Sn7Ir3,110.258,62.286,131.25975373160762,60.97652606465762
mp-22344,Sn7Ru3,106.18,36.31,121.40898709863666,71.38776174670122
mp-2729,Sn7Os3,119.38,38.727,146.83463381349102,84.48589442525741
mp-29665,Sb3Au,66.29,18.302,77.76906114623186,27.0048880269721
mp-505780,Ge7Ir3,141.767,85.13,167.53680100756822,91.1711306092285
mp-570835,NiHg4,50.645,28.861,57.288622214092555,25.02236032411904
mp-646824,Ca3Ag8,49.399,17.366,65.00054733803194,25.496329080577777
mp-936,Hg4Pt,60.904,30.648,63.83398986389877,23.873062858027733
mp-1001789,IrC,274.838,72.735,290.87951347044265,87.08546288959926
mp-1001826,VN,218.203,35.297,207.31685708818247,106.64374099896672
mp-1001833,InBi,35.088,14.188,34.56140656180343,19.356733897325995
mp-1001837,MoP,124.657,1.864,130.23569024388345,26.268865816007047
mp-1001916,HfN,196.209,85.489,202.38476564484748,96.045051113484
mp-1002124,HfC,158.82,30.036,169.01576002875126,62.63343894255988
mp-10044,BAs,131.927,124.769,169.86297935186445,97.8365311046194
mp-1006880,BiB,73.075,59.35,74.50637584165781,50.36942494455579
mp-1006882,CdC,76.042,0.74,84.22696625809559,17.394193668963805
mp-1007770,TlAs,36.447,17.574,47.34508770782336,20.18992665309123
mp-1007776,TlP,45.906,24.306,52.6089807681613,22.44503165885954
mp-1007778,TlN,89.83,34.723,106.38947153352716,43.16750117281707
mp-1008223,CaSe,32.551,6.014,34.64741653469648,9.71921621419298
mp-1008558,AuN,127.626,27.863,154.85488271019304,-422.02461364938864
mp-1008635,WC,262.759,21.556,264.19414450922596,74.28043408614069
mp-1008688,Ti2Sn,73.05,17.188,81.16536230863265,23.047896401789497
mp-1008689,Ti2Si,85.712,0.279,116.43134975470588,25.129610070875092
mp-1008702,Ti2In,67.275,0.8130000000000001,68.85590632649654,18.833490409641737
mp-1008727,Ti2Ge,81.245,3.268,110.45739462169549,19.40180691495927
mp-1008920,Mn2Ge,174.991,10.534,161.4290935280091,79.53448257441225
mp-1008926,CrTe,44.382,5.567,49.26799953984036,15.45141911093894
mp-1008987,IrN,257.278,42.404,279.7818495068537,49.62690912983495
mp-1009130,MnN,260.012,47.747,178.9649835133798,91.23827313454252
mp-1009131,MnAs,33.641,3.869,49.65225551127123,18.43036905968011
mp-1009213,MnSb,46.205,0.291,42.07589823535638,6.747610858461173
mp-1009218,MoC,240.168,40.702,248.64393617174335,63.72435956381496
mp-1009222,MnTe,35.201,10.861,38.1140761493437,17.16202624851827
mp-1009458,NbC,206.433,63.06,219.83327517934393,77.6775474371622
mp-1009538,PdC,182.304,0.074,157.99842325778428,46.944217847922005
mp-1009540,OsC,290.276,3.847,339.3763350702609,64.81176150089426
mp-1009639,PrN,94.434,24.783,94.91380412216004,20.92474687449003
mp-1009650,RbSb,4.898,0.902,4.848488291391409,0.3885787172867969
mp-1009663,ReC,282.854,4.703,263.3336208491609,63.97433021399996
mp-1009734,RhN,220.176,21.628,261.6671264141005,70.52589929355324
mp-1009746,ScP,63.76,9.231,59.6322487807124,19.005819506431248
mp-1009750,ScN,140.651,45.635,140.07221671594257,48.064619283607776
mp-1009766,AgN,110.704,2.212,94.02723709988044,9.46701529337201
mp-1009770,RuN,260.463,51.935,286.6430065935156,95.73786015658855
mp-1009792,RuC,269.305,63.474,269.6400053230924,83.46128577105368
mp-1009813,SiSn,55.027,37.435,62.6907286257785,38.82515174853609
mp-1009820,SnC,122.138,84.771,146.11922788589175,85.02188895304852
mp-1009832,TaC,224.634,76.175,224.6889198834811,102.04299651797
mp-1009833,TaN,247.811,30.186,235.74065327808455,95.1995503238398
mp-1009848,TcC,239.569,47.813,251.859032190566,40.52543558558237
mp-1009894,ZrC,145.849,37.043,175.9106096163571,61.00556845507815
mp-10143,TiB,102.537,1.609,147.05262793759624,-14.553308325066062
mp-1018126,GaBi,36.141,20.084,46.905857696498195,22.190042662571724
mp-1018132,AlBi,38.773,21.569,46.43097474554904,25.846979344068775
mp-1018142,NbN,223.571,24.551,198.05086835615447,41.43018831044661
mp-1018157,CrN,215.484,80.193,229.9390665229229,118.4333386737162
mp-1018164,PtC,213.851,22.598,236.9056386104906,66.46350692983258
mp-1025010,Be5Fe,146.818,119.851,130.67435191422527,118.20885622178778
mp-10695,ZnS,69.082,33.55,72.72312881892842,35.871690065323314
mp-1123,HgS,50.248,15.799,50.08956427228187,18.291727170291836
mp-1156,GaSb,44.793,28.856,48.436194261260816,27.9559409840945
mp-1190,ZnSe,56.491,27.288,60.849980535325855,30.029311756791728
mp-1220,Be5Au,138.173,114.779,163.4765661692779,136.44566356767783
mp-13031,MgSe,45.241,16.372,45.88193811012064,22.184471232913143
mp-13032,MgS,55.408,19.977,58.81148174851594,26.537050982076728
mp-13033,MgTe,35.367,12.698,40.33106634088471,19.13065385925313
mp-13099,YN,112.414,33.918,125.83043148914678,40.59611290504222
mp-13117,CuN,161.331,29.635,196.94440067366597,38.84252924517996
mp-13174,PtN,195.814,14.5,186.56204077367735,21.809641974521117
mp-1405065,MoS2,60.301,32.665,146.49079181324643,68.13205470228547
mp-1479,BP,162.017,161.948,202.01985477923895,147.0453334561606
mp-1541,BeSe,74.87,53.631,90.02809692613926,50.59779799920619
mp-1550,AlP,82.769,47.415,86.9906484438228,51.30309896696741
mp-1639,BN,373.617,379.418,420.00454218062976,324.2368431523799
mp-1700,AlN,194.648,120.714,198.5986503901173,128.9532101434145
mp-1778,BeO,207.897,153.975,231.43584168593503,162.54671075120788
mp-1783,MnS,51.147,15.494,50.93684241342321,23.398244808320005
mp-1986,ZnO,129.269,40.506,127.20936498412046,52.162133000836576
mp-20012,InSb,36.737,19.944,38.70786541097632,21.94167429543748
mp-20305,InAs,48.543,25.68,46.430794229367294,27.98435762732689
mp-20351,InP,59.35,31.656,58.820808406557134,32.927347559233155
mp-20411,InN,121.5,51.744,121.35973370424256,60.56716650474361
mp-2172,AlAs,67.291,39.773,68.83811046368989,41.5672698187417
mp-2176,ZnTe,42.833,22.571,52.0096160106527,27.132687388785637
mp-22895,CuI,38.237,15.17,44.43634915413574,18.54550467169892
mp-22913,CuBr,42.59,11.405,50.884708657676605,17.651502202674695
mp-22914,CuCl,56.095,10.104,50.98406632746241,15.643851730920504
mp-22925,AgI,25.685,6.593,27.96937446315392,9.874967121077436
mp-2293,MnSe,53.225,13.311,52.018731699355016,18.450800053169583
mp-2469,CdS,53.24,17.126,54.79272683671984,22.28949722996162
mp-2490,GaP,76.335,51.463,81.09668973238776,51.899666081217255
mp-252,BeTe,56.315,40.518,60.40963602548254,39.03390290067511
mp-2534,GaAs,60.742,40.715,64.16459373500695,39.384023663472945
mp-2624,AlSb,49.576,28.771,49.34954646260032,28.97201260985161
mp-2691,CdSe,44.641,14.743,48.049104775904006,19.441825209357923
mp-2730,HgTe,34.16,13.132,39.6904314079173,14.373820099030509
mp-2838,UNi5,183.584,76.268,203.25786509101383,72.84943853809078
mp-30578,DyCu5,107.72,23.276,118.34755516417007,54.3487956363612
mp-30579,ErCu5,106.265,14.638,124.57940743206308,57.55523374453001
mp-30600,TmCu5,109.138,13.382,122.81470967215448,55.6916036183488
mp-30603,ZrCu5,136.626,60.974,160.95515129707422,70.5659233974349
mp-379,AgSe,50.145,2.939,49.985318932483366,11.031181071932595
mp-406,CdTe,35.041,13.013,39.76957965995953,17.00137711329866
mp-422,BeS,92.273,66.879,110.25300680411398,64.8317369864989
mp-448,CoN,248.591,47.951,267.96382813340904,71.25997119518978
mp-568920,CaAu5,98.377,25.385,109.79407161629196,30.890254241356896
mp-580364,HoCu5,104.747,14.966,120.08647843683022,55.35780619325151
mp-650,Be5Pd,142.084,131.95,182.28792635839503,129.71158290574084
mp-6988,FeN,272.864,79.289,277.8854513307181,99.4394886731083
mp-760381,CuS,81.684,16.632,93.3046322555209,26.194752797448956
mp-8062,SiC,212.682,187.246,237.73135249909205,169.33565489738382
mp-820,HgSe,42.533,13.947,46.23524500769991,16.447775797598073
mp-830,GaN,171.704,103.147,174.637012282986,105.66965833463492
mp-866291,AgBr,27.578,4.678,25.79800322527523,7.342585438418206
mp-997618,BSb,98.422,83.541,119.63697033443184,95.43676365148114
mp-998894,YC,82.805,15.041,81.82975468488821,-2.142949605961382
mp-998908,TiN,201.627,80.583,208.37230814934028,86.60423412011434
mp-999485,ZnN,135.277,21.899,127.65438391635448,41.58848178148118
mp-1001831,LiB,125.064,22.505,183.9547724081752,167.79996583755448
mp-1014373,CrN2,112.156,21.194,121.96453650837384,50.33165359773914
mp-1038,MgCu2,91.482,42.44,101.21462656546412,46.40603725099463
mp-1050,Ni3S4,119.054,45.039,139.83624427195628,73.26216190417595
mp-1052,NaAu2,71.011,26.679,73.80282879887608,24.054910482562992
mp-1067,LiAl,48.228,32.432,52.091604826512935,31.941444646989755
mp-10721,Ti2C,121.304,84.645,191.74904895316607,104.32963733876082
mp-1085,UOs2,491.593,23.809,255.834184368122,40.8917734646435
mp-1127,SmPt2,156.601,70.297,150.01621637316606,62.117456596883855
mp-11644,Li2Ca,16.117,8.546,16.12733366757851,8.430093933951438
mp-1187,ThIr2,203.203,75.228,239.0577178532594,77.69465752724551
mp-1189,PrAl2,73.605,44.934,68.94208307290648,48.94750639734307
mp-1190841,Hf2Co,136.052,48.153,141.17366189915845,62.52510640284894
mp-1208,ErAl2,82.064,59.812,69.55597220065297,57.52360432462317
mp-1307,LiGa,42.172,20.189,52.975593472053646,33.132720131758106
mp-1343,NdNi2,108.469,38.425,115.35295692411692,34.708336291212404
mp-1349,SrPt2,117.262,51.148,130.1773100978559,53.8113895201833
mp-1358,DyIr2,198.438,87.843,249.5718612087971,98.01752385596822
mp-1388,DyRh2,154.129,61.485,170.16675478042416,64.65218961490523
mp-1390196,CoSe2,30.307,14.349,98.06297556959692,36.17148229495703
mp-1400,HfW2,222.256,94.6,274.40365705364314,90.40270120294902
mp-1401,ZrZn2,103.307,60.056,107.26276217492035,56.426526139336545
mp-1402,SmNi2,110.17,42.419,102.8660541359428,33.58011374419466
mp-1407236,CrS2,47.363,17.435,80.43206373613435,34.82515219422509
mp-1425,TiCr2,198.812,72.775,209.88870360250743,68.710201057557
mp-1437,LiCd,35.162,11.921,40.37228016684958,17.825965253708805
mp-1463,LaIr2,174.499,65.07,206.07834307713009,64.28002141832386
mp-1495,ErIr2,202.819,90.008,233.80012054394953,100.40943786518784
mp-1558,SrPd2,80.634,31.664,84.91574325113582,34.46151246974053
mp-1570,YFe2,88.23,32.771,102.25981463285744,41.810757602937024
mp-1638,SrAl2,47.886,32.398,45.82139325296778,36.219813850195145
mp-1655,UIr2,239.465,91.056,244.2554093893675,90.36895469944294
mp-16720,ThAl2,80.85,50.525,86.3569546289714,48.38841656703312
mp-1687,BaPd2,73.421,24.388,76.86643017662195,26.588019786578872
mp-1697,TbPt2,163.153,73.747,161.97666236557487,66.93711927268198
mp-1702,LaRh2,131.545,42.873,138.9266465355837,45.50934514003817
mp-1718,ZrFe2,147.055,71.586,154.50609469798184,61.9228868935684
mp-1720,SmRu2,157.736,22.054,151.95124474011934,38.577599417555554
mp-1729,SmFe2,91.626,26.401,104.48036616752664,35.6160240851667
mp-1757,DyFe2,90.207,30.837,87.03155724504256,34.88286236633655
mp-1762,ErRh2,160.655,62.27,162.31762393292888,72.35460789221914
mp-1768,LaOs2,182.831,122.559,198.4918878709266,35.51513903717922
mp-1799,TaCo2,247.841,123.87,232.686438260612,93.71388208354072
mp-18316,Mg2Pd,68.21,27.547,76.58497180110129,38.84328944087459
mp-1854,EuPd2,91.067,35.417,92.78468816952665,35.58662142267096
mp-1909,LaMg2,33.099,20.642,32.14833805136902,21.08870711939077
mp-1926,HoFe2,83.173,34.701,114.58388665801355,40.83608231779912
mp-1934,LiZn,41.652,22.505,47.83630803594793,29.31088585363064
mp-1939,ErNi2,123.362,47.466,122.25716603004146,51.64334100760673
mp-19871,PbAu2,82.187,21.597,94.74003289604696,16.103163970032156
mp-1999,Sb2O3,12.83,10.31,101.84573393483184,53.100748847448926
mp-2016,PrNi2,98.368,35.656,114.8747201644177,31.500983509558573
mp-2019,LaRu2,128.334,3.61,157.76097710439285,17.84101566990382
mp-2028,Be2Nb,156.483,103.427,146.55249021269276,86.48053503460196
mp-2031,Be2Cu,135.017,126.036,164.62039558416654,130.4328706285627
mp-204,CeFe2,74.162,13.894,85.03163768718716,13.78819009043222
mp-20456,Co3Se4,98.035,38.025,115.94279373003594,71.4519396751441
mp-2075,Si3N4,294.14,248.7,333.1815988376078,249.31839291552896
mp-2088,CeAl2,74.275,49.823,71.5346761978549,50.768305987794
mp-2098,CeOs2,192.391,31.442,215.25057785264525,34.77172996980423
mp-2130,LuNi2,72.924,50.812,136.61332171772352,59.64296266551974
mp-2206,LuCo2,191.768,52.371,128.70003275491007,47.42532354361892
mp-22460,LiIn,32.743,7.674,34.336217041543414,9.791452923942488
mp-2250,ZrNi2,166.427,73.267,168.87816691114003,68.491558973618
mp-2263,ScIr2,216.325,101.732,245.62708921732417,94.92664845827508
mp-2265,TbCo2,40.461,22.507,113.50417331082215,42.453077375196266
mp-2322,YAl2,79.891,61.069,84.47936389668348,64.5426800579251
mp-2337,HfCo2,183.341,71.054,191.32569660599643,76.73438252241489
mp-2385,TaCr2,242.207,77.779,288.4154902041164,66.0350779134411
mp-2404,CaAl2,55.931,35.322,54.77697219130917,42.38939001530133
mp-2463,LuFe2,113.817,46.961,115.37686371191546,51.37001221088587
mp-250,Mg2Ge,39.618,11.194,44.36237869924023,16.6580426368993
mp-25262,TiO2,107.79,73.07,208.12583938919337,116.41501261370604
mp-2529,PrRh2,138.487,50.28,155.69525754561988,50.00313287176976
mp-258,ZrV2,138.858,8.879,153.06966727931567,32.107515542505254
mp-2665,PrRu2,151.337,15.68,162.79322947939306,21.23434627137993
mp-2674,YPt2,162.277,73.5,173.59126018717834,73.30440572152006
mp-2676,TaBe2,167.518,119.142,151.98264991237926,114.80568292905532
mp-2679804,WN2,121.564,25.475,137.11414242512276,48.995788419492214
mp-2694,LaAl2,64.416,45.077,71.86933282992477,48.6483991932069
mp-2708,LaNi2,103.215,28.692,112.64649963985624,27.971997990087427
mp-2720,NdPt2,151.763,67.611,156.3780575301564,54.17103946479126
mp-2725,TbIr2,196.495,86.675,235.356796288914,100.33018850026592
mp-2749,TiBe2,124.06,108.384,89.27951723901599,73.82896259016829
mp-276,TbNi2,119.456,45.523,119.47997644630873,46.38205703438744
mp-2762,YIr2,196.294,88.026,233.21366672498368,93.24077130001264
mp-281,YbCo2,93.676,14.307,122.44536867020996,48.19693117463222
mp-30352,NaAg2,47.598,20.815,48.25035909122374,20.089548992711453
mp-30444,Be22W,133.551,149.843,139.87014414255174,160.3155928473317
mp-30566,Ti2Co,96.827,24.714,114.35608438716837,34.5529011984242
mp-30764,LiPt2,135.254,64.55,151.67724665136467,63.60326095690114
mp-31184,AlFe2,131.215,47.246,150.88893767907751,75.81905380894567
mp-318,SrIr2,146.445,51.052,165.11496527642848,63.25866801759389
mp-333,HfFe2,163.391,83.525,178.57487465847208,73.45513052887021
mp-400,NdAl2,72.11,47.046,64.75702060389114,48.066684756171746
mp-410,YbPt2,141.375,61.282,162.03201007103598,67.26794315641662
mp-474,ErFe2,98.282,38.227,108.7103838348426,36.68598040516321
mp-480,ErPt2,166.753,74.793,163.58509193925826,72.3033818628506
mp-510430,Li13In3,22.544,17.785,26.57231876041723,16.558264806304038
mp-514,HfZn2,110.274,59.457,109.0644562667751,59.846087340952565
mp-540,ScFe2,125.32,65.405,135.83155556429165,58.52868268520236
mp-546,HoRh2,156.517,61.943,163.631723008269,66.15358339626991
mp-548,NbCr2,228.632,57.068,259.44124097741593,45.347198111333384
mp-551,BaAl2,42.631,31.802,38.46319323188569,29.604351081470615
mp-563,C3N4,383.458,175.607,192848.51138574176,88390.07523168404
mp-567276,TaV2,194.158,26.294,224.9862906231222,71.67170007677281
mp-568384,ScB2,180.697,145.697,175.116777726039,121.252263038377
mp-568430,BaRh2,93.554,30.235,101.43676896374306,36.79726163612762
mp-569364,Be22Re,136.579,150.5,147.3522218059986,167.47224016083015
mp-570113,BiAu2,100.689,23.96,117.44829784812411,24.48373791403651
mp-570543,Mg2Sn,38.486,6.979,43.49480837141246,16.449269917127022
mp-570657,Mg2Si,44.169,1.523,47.88731841254761,17.54810757010458
mp-571262,CaRh2,118.844,50.018,121.18766728514424,51.83795418280645
mp-571271,TmPt2,169.621,75.074,162.5458445930937,70.62623574356017
mp-582,CeIr2,195.743,73.319,204.3798724726022,69.69035411583108
mp-589,TbFe2,83.099,7.528,96.91939103368748,40.81463410997175
mp-603,Be2Ag,125.633,84.594,118.05571031145897,85.79197431655719
mp-632,TmCo2,36.569,133.594,114.07325222214936,41.72745726878345
mp-673,HoNi2,124.103,47.113,125.18370376926862,46.89213567589645
mp-675,ZrW2,213.964,87.007,259.27898186201867,83.62926098084289
mp-7105,NdSi2,80.01,4.652,78.49798153827028,27.06876137703146
mp-715,ZrIr2,245.659,126.396,262.650788084599,96.9978209892045
mp-745,ThMg2,50.194,18.428,47.10288465320955,24.76484265167886
mp-747,BaPt2,103.144,39.324,116.54089555154252,40.56729109673264
mp-756,TbAl2,79.498,56.275,80.88355420886352,59.960673139693974
mp-819,HfCr2,188.948,66.783,208.7824524566722,76.54187463636536
mp-833,CaPd2,93.613,38.03,97.09858066358042,39.36530637162382
mp-8352,SiO2,146.005,53.406,151.3392425104638,73.9289317339074
mp-840,SmRh2,146.007,55.461,153.73557738039065,63.20676240017261
mp-842,CaPt2,132.905,58.912,143.0001491784066,60.91443381659913
mp-850,ScNi2,142.02,61.092,149.42225839991477,67.1537548637218
mp-858,TmAl2,83.144,60.864,65.00261070678958,54.015732345974605
mp-890,NdIr2,183.307,78.105,215.01100927728388,77.91064812101224
mp-9027,TiS2,46.408,30.78,110.90777051124888,58.42587035965762
mp-903,ZrCr2,180.27,54.434,189.3351093108513,50.37662242190143
mp-912,LaPt2,143.888,60.396,162.48662122779604,49.944189698927445
mp-921,YRh2,152.291,61.818,163.3626257795144,67.58079430300805
mp-946,PrIr2,179.692,75.41,218.42101967268812,73.45412323625514
mp-951,CeRh2,144.079,49.52,146.24058538334745,50.57260292968213
mp-995,EuIr2,164.26,65.4,185.19058920516588,75.76312887845447
mp-2273,Ag3Sb,75.098,20.968,81.74028946874591,18.306311695350058
mp-976139,Li3Mg,19.333,11.268,20.582069960582448,11.45380790492405
mp-30655,Ga4Ni3,135.145,66.1,141.31917120110185,68.94933117651686
mp-556605,ZrO2,194.099,94.708,252.66578479157957,111.2227161835313
mp-685097,HfO2,208.48,109.345,259.1226124545146,128.04515238241615
mp-1430706,WN,308.354,149.602,448.4497560649872,184.9623418530884
mp-22693,Te2W,18.391,12.518,98.48705832926416,48.01961275600542
mp-570506,ZrI2,10.273,7.752,50.75909504896753,30.442591443955777
mp-999317,OsN,319.999,197.237,391.2295091332812,179.68594240832317
mp-11328,P2W,188.205,132.466,213.34145387216716,143.58002837637557
mp-23173,HgI2,1.936,2.519,11.623306269903816,6.36809191243504
mp-23297,BrF3,6.798,3.764,31.12884226116656,17.393609587401027
mp-542106,SbPd2,126.402,39.637,140.56646547643112,41.520757435598135
mp-697111,H2O,15.606,8.999,80.04571817686492,47.75261952352888
mp-717,B2O3,168.858,157.964,283.3732272003745,199.216509839517
mp-754401,Al2O3,92.512,45.373,156.7048152124277,99.04399015415068
mp-7667,K2S3,14.703,9.043,30.545878503525017,15.569750630928173
mp-8073,AsPd2,124.288,28.671,162.3930726209894,42.036595401590475
mp-2254,Al2O3,201.586,104.324,237.9091542511267,155.44205493237257
mp-22889,ZnCl2,6.193,5.677,40.74578899807189,21.51154117839693
mp-230,SbO2,94.068,58.618,168.4926020648743,91.79629701192962
mp-28460,Br2O,5.004,2.591,29.139900337840125,15.138556588634216
mp-402,CdP2,54.996,28.366,63.91723012808087,39.510414960962905
mp-554089,SiO2,19.96,36.105,167.41711908785848,98.07476666011266
mp-2415538,MgZn,43.601,21.384,51.8071422584786,24.779450883910396
mp-972892,MgHg5,22.072,19.34,24.942518060602097,4.179215294426352
mp-978274,MgCd,42.072,13.131,46.49729674521472,19.02850949173832
mp-981747,Sm5Mg,35.158,17.254,9.323602639712796,12.422282660139848
mp-554134,SnS,3.861,1.184,17.403081132779324,6.593429551839848
mp-8781,SnS,7.142,2.426,35.24757715714075,13.3588584260886
mp-12177,Te2O5,47.587,39.669,148.356842882174,94.1649163600971
mp-972808,SiO2,25.788,36.205,167.42766372223568,105.87569047892988
mp-1880,SbF3,13.266,8.1,88.81882715925286,42.01212256926962
mp-554573,SiO2,24.084,37.443,164.8371907707569,104.64315914053952
mp-27726,SO2,4.436,2.642,-73.66484432003882,20.550557273038205
mp-1411,TaS2,14.33,8.13,73.88734903561739,36.48283838803848
mp-2648,NbS2,13.237,7.5,66.17628313272067,31.464221542800207
mp-555293,NbS2,5.711,3.447,34.33810422101824,16.311927676394486
mp-7007,NbSe2,9.602,6.251,54.06945192976184,26.066941862554923
mp-1001790,LiO3,36.573,18.166,69.59625384673798,31.812789768120517
mp-1039198,Mg3Bi,39.456,7.408,49.485143752867046,11.971593300599556
mp-1954,P3N5,136.947,112.016,297.25382235748884,181.20095063613172
mp-22464,NaO3,23.841,12.571,51.35883852494236,26.87209658936509
mp-30738,LiIr3,242.519,112.944,298.2247205279405,139.75641571756873
mp-684597,InSb,47.174,18.782,56.30150695125829,20.26390325836564
mp-865611,MgRh3,181.297,85.898,215.8122222853738,94.25800263386826
mp-974455,Re3Ru,352.99,193.1,395.0357848094628,162.88683779301402
mp-998913,KO3,14.064,5.756,37.684877419061486,17.452115219952738
mp-11441,Hf2Ga3,116.63,64.955,121.75076925346326,77.76847811862477
mp-13868,PdF4,37.214,18.844,118.7338135539298,51.90494343836124
mp-1482,Zr2Al3,107.69,69.751,113.26700722756595,78.63235399857906
mp-27253,Au2O3,80.505,38.407,142.6783734259995,73.1745903038037
mp-28096,SCl,1.029,0.187,28.87352032265512,11.609725079865518
mp-30686,Zr2Ga3,110.808,67.469,117.4269164474838,73.05097002221642
mp-760432,Cu2O3,95.16,44.243,170.528247917195,69.92505162610549
mp-846,Hf2Al3,114.235,68.632,119.73320022843028,86.14861696980516
mp-8943,PtF4,39.735,19.123,128.05767183218393,49.04064671850642
mp-10426,Nb2O5,65.935,37.002,156.5449402677437,67.76239914030924
mp-673174,Fe8N3,210.46,93.26,204.02303756005463,97.06927736638568
mp-990076,P2O5,246.057,160.992,286.6539232908018,193.3502399248567
mp-999545,Mn3Fe,125.464,115.101,199.95440271143488,85.25873043852866
mp-1017531,VPt,236.927,116.114,272.601963138833,117.36259081413512
mp-11307,MgCd,42.673,21.298,46.73848601145601,20.10096710179645
mp-11481,MoIr,309.568,182.715,406.9093421735644,177.7520070899682
mp-11515,NbRh,219.994,56.006,237.0114321490377,71.04025168128764
mp-12595,MoRh,265.285,132.684,339.3502380293605,143.78628336932445
mp-1404,CdAu,89.162,15.441,107.57512593160872,23.0513812991286
mp-16960,AlPt2,205.051,83.974,239.74541292334197,82.02737517282318
mp-30744,IrW,333.76,184.951,400.79268202946696,168.07764914221616
mp-571499,TaIr,273.081,96.097,294.725872807397,107.42548570550647
mp-603347,TiNi,145.461,61.591,163.03439800428998,50.10936063042966
mp-978268,MgZn,50.041,4.313,54.23214328080014,28.04665965183995
mp-980094,TiPd,151.922,87.665,170.44981667354426,54.11820635836808
mp-998949,TiPt,190.385,105.968,215.09377125058631,82.34484548618893
mp-999376,NbPt,229.595,109.899,254.9510988507479,100.2951370265038
mp-999502,MoPt,275.137,137.971,339.8555519186951,154.40847864609825
mp-568848,GaCl2,3.432,2.31,34.11002539094944,15.54543414007208
mp-23922,HN,24.384,10.503,110.7492573022034,69.36725328592044
mp-1501,Al3Pt5,199.949,63.445,235.1369240802695,72.610214816309
mp-16523,Al3Pd5,157.304,48.459,182.84531733076457,62.79330081274679
mp-17045,Hf3Rh5,192.803,66.741,207.0575716928753,76.98271233247111
mp-17413,Ti3Rh5,204.618,71.393,227.8539897600116,82.18824280575708
mp-17524,GeAs2,13.477,10.712,62.53561946323017,41.53820089105786
mp-21012,Si3Rh5,198.297,76.444,247.55138906874473,94.64698979275776
mp-2408,Ga3Pd5,144.994,37.74,173.3437411404368,53.93119149643292
mp-27930,Li7Si2,32.647,28.995,40.70069026308511,35.30802947766073
mp-672287,Li13Si4,32.333,28.036,40.219722507830895,35.270495065242294
mp-9459,Y4C5,100.83,63.23,128.05092449086118,79.26246633516018
mp-2136,Sb2O3,18.238,10.564,112.79349534121845,53.84506338642776
mp-433,DyAl,64.494,42.112,51.5049308247828,41.25718680839587
mp-720,TlF,6.828,4.15,35.86543526816603,11.948473417863935
mp-1025478,TbAu3,101.371,26.739,116.46477484330872,35.85116514659885
mp-1025526,LuAu3,112.13,35.878,131.6374367254736,39.19135340232844
mp-1077,B2Ru,283.343,170.538,341.3385612946983,194.29916956705168
mp-11506,Ni3Mo,214.444,91.253,261.56487249309885,105.3490686027453
mp-12546,TiCu3,141.202,51.729,155.33016348091994,63.528445908513504
mp-12802,AlCu3,131.586,46.444,149.0434057879308,61.683862682487856
mp-1451,NbNi3,205.078,77.484,230.2324971306315,89.41263197741866
mp-1539317,Ta2O5,194.214,59.754,254.00924238003333,119.48485225838778
mp-19724,Cu3Ge,123.646,44.057,140.99508327999186,46.42509571412796
mp-20826,CuTe,12.527,9.402,71.96927224034854,25.3960972881014
mp-20900,Cu3Sb,90.479,25.292,117.54338783643068,35.49600156980199
mp-23264,TiI3,1.244,1.246,30.969211191446096,15.720001230619056
mp-23312,MoBr3,4.428,2.494,49.0208330800848,28.32095555093053
mp-2850,B2Os,311.334,167.398,384.8852415932335,230.7724471012564
mp-30850,TaPt3,259.644,90.679,326.96012778647673,112.29112214840566
mp-568823,YbAu3,87.23,21.466,102.92289134583132,31.519128444591633
mp-569683,InAu3,107.88,16.267,133.6919230824088,18.794051424777383
mp-581786,Cu3Sn,106.169,35.944,126.4357029570612,47.666194307788146
mp-669692,NbPd3,196.318,80.945,230.21252683388684,88.70412935549416
mp-672371,Ni3Sb,168.202,51.56,184.69792996822457,58.542551606158646
mp-726720,N2O3,2.505,2.059,24.53448106594919,14.428112916526713
mp-891,TaNi3,218.124,82.317,241.5102397885516,95.20896955311764
mp-999192,SiNi,173.822,85.469,200.64451043564424,62.95535394382364
mp-1018672,CoAs2,124.542,87.289,143.09368611126484,86.52377001849311
mp-1018804,MnS2,126.738,110.749,163.22681273774754,120.10812862912309
mp-1078253,MnB4,273.514,242.51,395.88141346076463,327.6416065917233
mp-1078278,CrB4,274.936,261.781,397.0175702924099,325.4051873648665
mp-1079437,FeB4,262.93,188.133,338.0583133057584,310.96977141887106
mp-1285,PtO2,209.304,87.687,269.89649944876874,126.4849154655417
mp-13076,IrN2,320.194,194.111,375.2322548018501,235.28035194671713
mp-1413,P2Ru,187.136,138.396,214.64260804463524,161.22878989339205
mp-1522,FeS2,162.063,125.99,183.07339684088035,133.84748715110686
mp-1543,Ge2Pt,110.087,51.923,137.07699640593032,59.002754549291424
mp-1871,Fe2C,222.238,102.436,225.0911445255027,106.21089731603873
mp-1901,NaO2,32.685,8.992,45.153721164874256,23.2335082919515
mp-19795,InS,20.396,15.524,60.24075191381901,27.4854594662072
mp-19814,NiAs2,102.3,52.095,125.01168219567232,60.44914230468508
mp-19880,FeTe2,94.192,73.813,86.11685049491193,70.32286941518885
mp-19895,NiSb2,75.371,38.66,94.4740284600853,44.453715862594905
mp-2000,CuSe2,69.631,23.155,78.35957745394113,26.256070270334632
mp-20027,FeP2,175.013,154.075,196.3010495294373,164.69801664991675
mp-2008,FeAs2,135.973,111.737,135.24328895976538,119.511625989974
mp-20304,RhN2,216.587,120.735,276.8705141217148,142.21874782781433
mp-20714,FeSb2,91.182,56.905,95.68714839729594,70.81131687874527
mp-20862,CoSe2,109.411,55.11,114.1008377648839,71.13922320560353
mp-20928,Sb2Ru,111.249,77.964,129.697561377223,73.69603468051389
mp-21264,OsN2,359.603,224.953,470.478268965104,267.7253928350962
mp-2180,HfSb2,84.365,49.015,100.71904427612816,53.03901634649956
mp-21859,CuAs2,82.504,23.8,102.36429517186129,32.62003872220274
mp-22477,Ta2P,220.662,110.02,257.4707392290792,122.42553023561948
mp-22488,Co2C,257.718,109.037,273.03381986343913,107.16858930851996
mp-22498,CrSb2,56.636,33.759,58.43782589666302,45.83708988225137
mp-22631,Co2N,246.43,87.348,251.7295507884259,96.0638948226798
mp-22882,YbBr2,15.965,11.345,34.34290886376403,16.27139468780119
mp-22888,CaBr2,19.942,10.337,30.15431498822023,14.161152725389991
mp-23214,CaCl2,16.828,11.051,36.194680102775976,16.36783216918654
mp-2455,As2Os,166.406,119.207,184.21363602267857,133.28433105360918
mp-2695,Sb2Os,128.863,87.742,157.01000041743765,90.78415118810526
mp-28793,Mg2C3,90.273,47.964,119.03750982467588,71.55582823595465
mp-33065,W2C,334.316,171.769,364.5647012540029,178.76577593275866
mp-504659,Hf2P,149.153,78.671,159.04520905840553,92.62005969394347
mp-569008,PdCl2,4.94,1.982,23.363781410241415,12.787977375514837
mp-569017,PdI2,5.123,3.14,29.53227090589833,11.830466234126591
mp-570155,PtN2,274.597,167.557,394.5464450589807,175.07806446928376
mp-607371,RuN2,279.032,161.786,325.5968581672133,155.9329270016755
mp-616559,Ti2S,147.515,86.318,165.91001484703548,93.27184505033642
mp-7424,BPd2,173.199,46.36,219.91302596068408,60.601516439636654
mp-760,FeSe2,125.468,92.204,123.29969481345256,98.51847612625367
mp-766,As2Ru,150.88,105.88,167.03398072287067,115.47038446561749
mp-979,ZrSb2,81.547,49.955,93.34049097107584,52.28939859880866
mp-9835,CoSb2,99.768,63.715,114.3011779225523,60.16491757036378
mp-9945,CoTe2,74.058,44.805,86.83860022925737,52.01228023154987
mp-1228652,B8O,209.358,186.929,267.42650873808077,241.77287990029137
mp-1006226,ZnBi,38.35,17.17,44.69527372322563,25.149490113451904
mp-1190190,YbBr2,29.786,14.6,42.40375137371298,18.836000273191587
mp-1321,CdSb,39.053,18.412,45.13651536251826,24.953997616578697
mp-13682,PdS2,21.582,16.515,50.45430009894907,33.7350798795227
mp-1840,TiO2,190.856,78.901,228.03409838282775,113.10552625200484
mp-2125,TeO2,22.059,17.938,134.70611139700625,65.81885995837399
mp-2284,AgF2,30.338,11.136,61.19295742808199,21.22509211019814
mp-505510,NiAs2,111.202,61.884,131.636043657874,66.11318561437396
mp-557266,HgO2,41.06,15.676,92.05773008162888,26.46861787546344
mp-753,ZnSb,47.732,28.522,54.2822079863566,32.813185636670326
mp-775757,HfO2,217.87,103.555,252.72075887169072,127.94009218401104
mp-775906,Y2O3,139.432,64.912,157.67369636163895,84.61083339629329
mp-776404,ZrO2,196.653,89.526,243.41935467072096,110.44243674639311
mp-776490,Al2O3,228.207,145.301,262.32781497894706,170.56477756540497
mp-10913,GeO2,216.482,123.464,246.97450264598407,145.86839041427697
mp-1105681,In2O3,156.673,65.355,168.42627259738245,80.92544158541948
mp-1439,TiO2,203.794,80.898,236.89811475487625,117.274168407624
mp-1552,Mo2C,295.211,151.829,340.8045333886218,154.48207455213046
mp-1666,Th2S5,96.675,47.098,119.69131807320755,51.360840446861275
mp-1716,Rh2O3,233.122,105.314,251.6597263291528,110.9376314733076
mp-1938,Al2O3,231.614,146.396,267.2642115987088,172.59139739856454
mp-2034,W2C,334.971,167.632,366.5873511137344,176.475630396049
mp-20633,PbO2,103.849,39.538,131.68743018887895,55.97320015192859
mp-20648,V2C,244.406,119.66,272.6419256433348,121.48794894938403
mp-21476,Fe2N,240.287,88.269,227.89536893245895,95.15767683040151
mp-23711,MgH2,48.435,33.062,57.21703421954286,41.052371721204224
mp-473,Na3P11,13.739,6.665,56.18114824766171,39.902090297098574
mp-556034,CO2,3.848,2.383,55.11949201106947,32.51259491838038
mp-560203,SiO2,56.961,44.504,199.066934951926,127.73988572991811
mp-568293,Ca3N2,72.375,39.943,75.75298011412914,45.30941425322808
mp-7709,ZnF2,97.812,31.521,108.47039804253065,38.260049937645405
mp-776097,HfO2,200.242,96.744,224.33034551058643,120.03072153016896
mp-9981,Mn2N,198.001,98.928,179.94771604199912,120.5226563537164
mp-10025,SiRu2,256.319,102.364,299.85119380583365,128.67920254409847
mp-1005,FeP,207.432,133.593,231.62104489844288,157.55669418249198
mp-1025409,TmPt,110.101,36.535,97.74161024855243,31.20663340955044
mp-1025431,SmPt,97.548,32.196,86.39332494146295,25.954502972503263
mp-1025448,YPt,102.153,33.963,118.24045651258702,38.88879115697587
mp-1042,HfSi,151.342,95.833,170.1465665669318,110.81756114220734
mp-1099,NiGe,137.06,52.238,148.6587486667697,71.42115399229077
mp-1101843,PbO2,92.315,35.417,152.8200308153309,56.13246695532078
mp-1102359,PbO2,68.625,28.161,157.22093078536068,60.90520850538535
mp-1118,SiNi2,191.4,64.237,221.1421541641633,86.9587338392358
mp-11230,Y2Al,54.836,30.684,52.576912096842086,35.233309207781176
mp-1125,Li2S,40.216,20.471,50.30928378249985,33.32507882951235
mp-1128,SiIr,215.0,88.554,253.84781346107007,119.4694238611944
mp-11347,TbF3,101.962,45.728,123.2668241882628,63.974795640306
mp-1146,ThS2,90.46,33.237,115.43514013925878,49.60787701827004
mp-11550,Sc2Pt,90.609,27.047,106.66078093078004,36.219724027201075
mp-1188441,TiCu4,141.045,52.772,160.2369886298232,66.08605397771788
mp-1188869,Nb2N3,302.64,153.142,362.363462693478,168.7015812175201
mp-1208406,Ta2N3,327.072,242.82,390.25643381740474,207.84496021862415
mp-1224,HgO,22.392,10.902,58.885223190041984,25.42064945784441
mp-12614,Ca2Cu,24.15,12.724,31.885947456759773,15.782267898497652
mp-12724,SrZn,24.149,8.793,26.617469360055445,12.544673066568867
mp-12741,MgPd2,115.038,37.951,128.1957438606583,47.47543342941841
mp-12834,ThCu6,117.353,23.0,135.19590217078493,51.360747152498504
mp-12900,HoSi,93.264,67.711,81.32485474278076,58.75265341054394
mp-13053,SrSi,44.901,33.357,46.07751883555136,34.623373123530186
mp-1361,IrSe2,105.86,54.983,145.3853890155901,76.611056959192
mp-1364,YNi,76.598,22.852,88.58923317005627,26.882826372630184
mp-1397,Rb2Te,11.617,5.003,14.70741980454454,7.48990106592544
mp-1403,Sm2S3,76.96,37.195,75.56448058617293,42.83288300341493
mp-1424,GePd,122.742,42.129,148.76668330967547,58.23629688567285
mp-1477,BaSi2,31.472,18.639,50.31896765561149,32.913726475217835
mp-1509,Sn2S3,16.845,11.679,68.84432133365804,31.402546301861214
mp-15179,Pr2S3,72.794,35.04,79.93351749734393,42.93710966987731
mp-1523,ZrP2,126.441,83.188,150.50590471722228,89.72941268502018
mp-1637,Re2P,296.64,183.029,367.5869775505333,215.03037789505535
mp-16526,AlPt2,203.954,60.327,240.3369197854724,70.00477799576547
mp-17383,Ni2Ge,170.822,43.404,188.53305382641545,66.92136482669733
mp-1851,SnPd2,130.558,18.528,163.44489193006774,45.44671024792433
mp-1860,LaSi,69.385,42.891,76.78451728661179,46.25989583322791
mp-1868,VS,146.997,82.483,167.40251557508972,106.94958266589629
mp-1869,GaPd2,150.478,46.087,177.98012372104424,59.672968823796765
mp-1924,TbSi,90.719,65.542,86.66890883884533,59.798309596548265
mp-1937,YbCu,38.498,22.182,55.35908704759096,24.935688615369724
mp-19905,Co2Si,212.261,107.785,260.7002789115341,124.39382172390712
mp-19940,VAs,138.579,86.366,148.19108887230124,106.23812540258064
mp-20077,USe2,69.255,16.907,87.03818240936388,38.203410935136496
mp-2022604,Ag2Se,25.252,12.062,66.21163521294449,19.964477136290036
mp-20327,TiP2,131.512,89.952,165.19746055546395,117.26489521983692
mp-20373,Co3B,241.093,96.294,275.5560840870751,122.98818654572982
mp-20418,SiRh2,220.895,74.351,263.27688764116635,97.16091152291123
mp-20541,V2P,206.579,103.941,248.52376519225285,135.83040027563723
mp-2058,Ni3B,217.964,81.818,267.6284398422628,106.80218464584122
mp-20619,SbRh,133.533,57.121,162.49138036291464,73.0687539897002
mp-20622,SiPd3,160.007,44.115,200.13713536444857,66.59524952340745
mp-20787,FeB,280.84,142.25,290.0851571200613,157.9389582211056
mp-20857,CoB,308.915,149.359,356.9175188896943,136.32127247088965
mp-20937,Cr3C2,319.679,168.003,381.6053833414313,219.50362077598024
mp-2102,PrGe,70.295,46.687,67.71447810406616,36.4319909009855
mp-21048,CrP,198.838,139.444,190.0833560387756,161.01253268450472
mp-21115,CeSi,69.426,39.155,70.81916544678215,49.53623391140473
mp-21163,SiPt3,199.75,47.08,280.1934238094239,70.54284167715085
mp-21345,LaGe,63.487,39.804,72.78498791019858,38.630670687943095
mp-2173,P2O5,40.395,33.316,183.56714833808505,127.92337295236408
mp-22033,Ti5Sb3,108.776,43.449,116.03264292617148,69.02929007664055
mp-22079,AsRh,157.445,60.566,192.55634270643364,79.76559041923632
mp-22204,Co2P,223.42,75.138,252.52826744606193,113.27707263210024
mp-22240,MnAs,106.766,78.122,78.3083095089178,89.18910964379376
mp-2231,SnS,23.336,18.459,57.62195367142066,23.28211371855511
mp-2242,GeS,21.382,16.528,62.49582405959957,31.256614790978578
mp-22585,GeRh2,200.615,70.269,238.72761557765153,84.37134539666624
mp-22626,OsF6,6.233,3.152,118.456379980341,60.23474114112938
mp-22646,InPd2,129.519,35.51,157.0197996224927,49.034618379037305
mp-22735,Ca2Sn,29.28,16.906,35.049896047212066,25.97621935768416
mp-2275,UF6,4.717,2.694,101.97075642936494,40.52534651366392
mp-22872,SbCl3,1.673,1.336,29.517748777255814,13.70051905666054
mp-22876,CsI3,5.347,2.046,11.875800018609496,5.017343922721563
mp-22887,EuCl2,26.542,11.102,41.82446416354119,18.846719974339656
mp-22908,BiCl3,4.002,3.695,42.69676642122146,17.878379667489494
mp-23164,Bi2Se3,16.965,21.246,61.93881778502642,29.36102688414151
mp-23179,NiBi3,29.76,10.642,73.73570841880408,23.173350613018886
mp-23199,BaCl2,26.245,9.183,38.49868868610061,15.90939709465777
mp-23230,PCl3,0.443,0.302,23.121515306074397,12.449035089960054
mp-23237,BiF3,54.467,31.812,120.98465546066232,49.60291894722489
mp-23260,BaI2,16.076,5.955,24.174283931024103,10.925524898315931
mp-2369,SnPd,97.577,39.635,114.4015128099317,42.5775601542088
mp-23712,MgH2,61.574,25.012,86.3062799853173,47.94635110762131
mp-23713,CaH2,46.806,32.48,49.461337917697904,42.01390999725163
mp-23714,SrH2,37.591,24.537,37.72981496671581,31.591391727320943
mp-23715,BaH2,30.008,17.353,32.51074374773587,22.28671141644341
mp-2420244,TiO2,56.861,17.976,149.19811660140945,60.224150681157106
mp-2517,Ca2Si,36.705,22.286,46.089189450194645,31.209737165915957
mp-2662,MnP,173.538,127.428,238.8501695306273,193.88157962438152
mp-27145,Ca5Bi3,32.168,20.742,35.4410660328897,24.79191223602144
mp-27257,PBr3,1.055,1.613,17.45940800531549,10.366934045816084
mp-2738,DyNi,78.297,23.865,78.87248098190979,22.816785638833192
mp-27456,BaBr2,21.78,7.82,30.88996289285478,13.983057677366912
mp-27606,ZrAs2,109.701,71.768,122.29715066661232,71.43051159233757
mp-2809,Sb2S3,16.114,8.865,67.57515609254315,34.54988159674239
mp-2824,AlPd2,157.601,52.588,182.4440473729059,65.34591488917525
mp-29646,HfAs2,114.549,75.643,133.90470684570732,77.14081965196263
mp-29862,SnBr2,5.015,1.482,31.22490595535824,13.026129216929126
mp-30355,SrAg,27.873,13.764,30.151197344185093,14.627182984931462
mp-30610,Er2Pt,76.471,25.794,80.95571895642803,30.679422227517332
mp-30719,Mg2Hg,44.345,15.581,50.25777547212862,22.090436232373712
mp-30884,YZn3,72.174,41.301,76.33460821777756,45.12940262486149
mp-31086,NaP5,35.625,19.553,65.94199141127753,43.80249173434699
mp-351,SiNi,164.819,91.069,179.74426949948847,93.77251007905558
mp-365,MgB4,158.697,113.996,192.41639513170753,132.71950552987394
mp-389,SiPd,151.127,53.453,184.0525708587173,71.89857709353802
mp-427,FeAs,160.334,85.376,163.33853454099076,107.13112419555996
mp-438,Nd2S3,74.377,36.021,80.60134788100103,44.243845394438125
mp-505071,Si2Pd9,163.342,38.309,201.04418308486905,62.15789439120245
mp-505319,PtF6,7.167,2.458,99.92892034819134,41.49294744951824
mp-510412,Si3Ru4,230.632,104.687,281.75206745692134,130.611054379063
mp-510623,Fe3C,218.157,68.482,216.145610625012,112.18638157786272
mp-540791,Si4Rh3,178.662,88.8,212.00325800273916,107.21342424333486
mp-542640,GePt,141.112,53.162,171.10778899310006,63.59794607535811
mp-560553,IrF6,5.619,2.833,114.29080755437649,46.72655897917214
mp-561877,HoF3,71.076,42.75,110.70577387108138,56.97550794167464
mp-567314,ErNi,83.503,24.157,83.1671899806444,25.279341716431833
mp-567744,SrBr2,18.143,8.669,29.957354546629933,13.966656208276063
mp-568284,SrI2,13.289,6.9190000000000005,23.54472628549544,11.198209777663465
mp-568446,Er5Si4,79.019,41.354,72.34720761863464,48.231549832114226
mp-568865,ZrTe,87.502,45.969,99.98694135420912,53.45082732912662
mp-569152,SnCl2,7.644,4.523,37.2116421903396,14.253262485806976
mp-569558,AlAu2,120.192,30.562,150.99473293915366,32.034015589997914
mp-569989,Nb2C,226.573,118.704,273.6185380451145,117.09102224312372
mp-570775,BaAu,30.79,13.125,32.51360896163597,13.9292319413771
mp-571651,TiSe,106.475,62.14,114.0320920847428,72.85814297111963
mp-600216,U2Se3,68.88,35.78,78.8107879522979,47.50545189828907
mp-605663,AlPd5,160.22,52.169,188.09776569504683,61.5018825893862
mp-608366,CuN6,10.145,9.142,102.74642340846071,42.7029813669329
mp-613523,Fe3C,180.669,62.54,193.1541779974266,83.71369509613521
mp-622209,Al3Ni,112.917,62.713,126.8341563647066,67.18700469404423
mp-636334,SnRh2,176.402,53.156,202.6127948318635,76.11235893099524
mp-640095,La3Co,32.741,12.416,38.19714969821375,18.381157959850107
mp-641539,Si3N4,254.919,160.943,328.3132800822935,212.87377173921945
mp-644751,BN,299.812,218.928,357.464999605088,256.8821849074052
mp-669509,Gd2S3,77.88,39.303,90.79119426911453,47.401297827538286
mp-669917,ZrRh,155.521,46.847,173.9713608949537,50.739519010081025
mp-691,SnSe,23.839,14.724,53.041670184776386,21.30715426489396
mp-696,SiPt,173.672,69.894,220.8677402000128,85.69582349427655
mp-700,GeSe,19.51,13.905,59.32534095131753,27.512055605871396
mp-7092,TiSi,145.819,99.581,154.44349429729968,117.13944826269214
mp-7343,Y3Pt,55.615,17.134,70.40908752017621,26.247169725285875
mp-7368,Dy2Se3,66.917,35.068,69.54109325021977,38.139302491797295
mp-7384,SmF3,112.098,48.388,97.83888005336556,48.994225385658666
mp-741,HfO2,224.899,93.323,309.8203532212634,142.243987867448
mp-7475,La2S3,69.384,32.899,83.42019882764343,41.48041402892146
mp-754741,ZrO2,109.287,49.055,203.7062503628712,85.60610110089907
mp-755089,ZrO2,154.271,77.349,239.70272796619952,104.94373834875104
mp-755759,ZrO2,213.895,82.002,260.2957707825076,112.1373037045404
mp-755894,Li2O,71.014,44.318,89.57242113846956,72.10456801111486
mp-7565,SbRu,145.517,52.906,169.8114917525273,81.4213679601289
mp-7857,TiB,207.405,190.624,242.7945167225993,202.640104364904
mp-7951,ThSe2,77.932,26.736,98.0003159432022,39.2904100875179
mp-818,SiRh,195.549,95.795,220.38391547741557,109.57084809584777
mp-864603,YbH2,50.134,35.539,56.34128477704864,51.83184002787528
mp-893,ZrSi,141.728,92.826,152.23654990717662,101.9948630212714
mp-9173,TiO2,100.826,53.487,204.61844617133508,102.56402672223304
mp-9371,ErF3,72.095,44.528,115.6100524043092,56.964737144911425
mp-963,ZrO2,212.032,84.375,302.43233812319096,122.92709505792553
mp-972228,Zr3As2,125.408,62.953,131.36790596815555,80.91833291009797
mp-982385,Np3S5,72.842,44.698,83.05183860318257,53.23237551508658
mp-9967,NdSi,78.992,53.571,69.70914244847039,49.16037608137612
mp-9968,PrSi,76.517,50.93,74.7155169348008,48.68634908260917
mp-1006878,BaO2,33.298,29.993,88.4245357894322,-9.19781134084815
mp-1025069,PrSn2,53.735,30.622,64.54302787094028,28.966469481219463
mp-11413,ScGa2,75.019,51.181,79.42643773864333,46.952158298802416
mp-11809,TiAl2,109.309,82.494,116.11120357093874,79.22642866536725
mp-1206441,V5B6,277.143,232.744,350.6677564949902,272.94158215621655
mp-12701,NdSn2,55.135,31.099,60.47093965008965,29.56318485346257
mp-16371,ThGe2,87.818,48.812,105.72905579533408,54.00068755503181
mp-16514,Al3Ni5,172.818,75.145,177.54347452831297,75.96018835448714
mp-22558,TiSi,131.686,40.349,133.54264797112086,45.52276037440967
mp-233,UO3,171.463,56.461,223.448350515032,67.94457409456527
mp-2362485,LiMg,25.554,12.984,28.112167462403363,16.405178480513637
mp-28629,Ta5B6,291.265,204.868,331.55251691750203,235.71023344241135
mp-30683,ZrGa2,99.541,62.966,109.78591286401922,59.8245693720872
mp-30767,Li7Sn2,27.747,22.949,30.06772606046936,24.146496253480745
mp-31144,Rb3Au7,45.356,14.575,52.17956297309264,19.681381082075408
mp-569250,VIr,272.357,117.569,286.6423992053102,125.67960228836766
mp-571035,OsCl4,5.865,3.473,59.09453023549196,25.84384770379746
mp-755875,Ti3O4,179.336,93.478,269.1799888600137,106.91893925238068
mp-865166,HfPd5,167.044,68.884,188.12082961627297,67.88673403036535
mp-570460,LaCo5,180.839,23.948,118.4264728844052,40.13471017459737
mp-1001612,LuSi,97.309,67.15,105.98238642961604,66.55235461591742
mp-1002136,LaAu,64.033,14.169,72.9277986307914,20.573033214721228
mp-1007666,HoAu,83.589,17.384,80.20071518175749,31.448285505700035
mp-1007691,HfPt,176.476,55.584,186.24436126646137,57.65649277704276
mp-1007881,FeB,251.424,159.067,273.24250030019954,141.31132699381456
mp-1007918,DyAu,82.469,17.544,81.6961577179035,31.655730919377355
mp-1008487,BW,339.625,188.232,391.0241988772109,232.2125611829195
mp-1017507,TmAu,86.722,18.132,77.40319265896255,31.88367752593788
mp-1018057,HfBe,116.852,67.239,126.56211324513532,62.91068145650309
mp-1018115,PbS,25.09,7.599,57.35284071595574,23.0634110188611
mp-10212,ScGe2,80.354,56.949,92.17044434643137,58.482161159482935
mp-10638,ZrSb,94.274,58.065,94.9327183713234,65.76069037814332
mp-1064719,LaNi,67.304,14.716,63.199092121766874,13.110662192121676
mp-10651,YbSi,55.819,38.258,64.36948593428711,51.37797903414284
mp-1069,HfSi2,131.995,95.031,153.40929610949638,107.34274756703974
mp-1072865,HoSn2,61.099,15.772,52.11233689612856,32.03869365723755
mp-1072922,TbSn2,60.169,38.323,60.83686274643049,35.49369387798433
mp-1077102,TmSn2,61.628,37.017,55.30647697398793,33.566984063697
mp-1096799,AlO2,121.5,76.989,212.94321378356227,141.95989211988731
mp-1097,TaB,286.134,212.507,321.6777902799616,232.06899167779216
mp-11228,YAl,53.421,28.791,62.2196879747422,35.45216212925687
mp-11233,ZrAl,108.913,70.301,113.04488667426884,65.99995626818072
mp-11243,ErAu,85.251,16.141,82.060484102212,31.24692726797289
mp-11302,HoCd3,56.766,27.83,55.828479225190954,25.963076416979582
mp-11322,ZrSi,142.355,93.649,150.50198039360853,100.86517359212
mp-11411,ScGa,76.65,43.659,78.67006745084518,43.625076049570545
mp-1168,HfTe5,11.773,7.3,51.25622563418561,28.32944743102007
mp-12054,Cr2B3,298.232,185.951,356.0505655504328,250.3850602574109
mp-1232339,LiC12,128.198,101.322,152.1569330070397,104.29374482789166
mp-12684,LaAl,52.592,34.891,57.374043562337896,38.01861815128843
mp-12723,CaAu,47.167,18.66,52.152390892841574,21.64863041177942
mp-12899,HoSi,92.828,66.189,80.43619258322715,57.18737504432995
mp-12910,GeS,23.949,19.766,67.5664129448131,33.868836476767754
mp-13010,YSn2,59.361,37.676,63.41294086715229,38.189123381661354
mp-1341,Te2Rh3,146.115,48.875,166.55009650816044,62.1018515690312
mp-13450,HfSb,100.739,59.904,113.2591760212734,75.2767887978402
mp-13453,BePd3,158.862,35.489,188.81631000619697,64.13135152936002
mp-13495,ZrPd,137.302,36.61,146.90909609725244,35.50770318361383
mp-13683,HfGe2,111.883,67.117,139.9808534868137,77.26445975600686
mp-14019,NiB,261.814,104.142,319.08013290621864,113.21076341564708
mp-1405,TbGe,80.709,53.889,77.8278086407966,48.599130243577775
mp-1448,NdGa,74.648,18.258,46.98615105489954,26.09094748031162
mp-1515,ZrSi2,126.046,96.722,141.58717479978662,103.56301718004204
mp-1537871,Ag2S,28.202,8.147,62.03947785063317,22.09100495029821
mp-1563,CaSi,53.572,38.383,57.24108231550321,42.19675136493037
mp-15671,Re3B,365.183,290.218,400.6587823223976,203.97582347070795
mp-16342,HoGe,80.872,54.586,72.45640292827758,44.211081437161944
mp-16528,Al6Re,112.677,72.365,124.35370032312656,68.54165339802663
mp-16529,Al6Ru,111.884,73.629,126.0804354666436,63.37214529304157
mp-16718,Al6Tc,107.586,69.162,124.534369918606,67.8636151964191
mp-1698,SrSn,32.734,21.427,36.44680940773187,25.02766786190345
mp-1711,Er3Ge4,78.243,51.693,73.25295010082485,43.758259774827735
mp-173,MnAl6,110.784,69.344,109.89572966347728,67.72402959796788
mp-1730,BaGe,30.305,18.207,37.436468385704366,24.933905033065813
mp-178,ThAl,72.139,37.801,78.08298431270939,41.69317208642568
mp-19918,GdGe,73.164,46.12,86.86005101080144,51.00822920509065
mp-20122,DyGe,81.505,54.729,75.91785801110383,45.81230687176995
mp-20136,BaPb,24.299,13.484,28.02517672375228,17.240669924685886
mp-20439,CeAl,55.79,34.493,59.79295391821799,38.93126626754971
mp-21188,CeNi,71.273,15.258,87.65181977724548,16.92634789588326
mp-2168,SnSe,27.105,19.801,54.818174078995725,22.18131266453413
mp-2264,ErGe,80.602,54.614,80.29637042738773,46.51161612395918
mp-22858,TlI,11.664,5.404,17.26644944556168,6.372519025160628
mp-22870,InBr,13.519,7.042,21.36955557130388,6.785803398737723
mp-23202,InI,13.331,7.457,18.211751593572952,6.864886792918284
mp-23244,UI3,6.693,3.645,28.26104382256514,15.535800956515304
mp-2327,TiZn16,79.295,24.042,92.2297680328354,40.3729654638496
mp-2349,YCd3,55.533,25.172,61.232885165951515,28.88532130029123
mp-2360,CaGe,48.071,33.926,54.29693441974299,39.73977484033197
mp-2430,ZrGe2,108.179,71.611,127.1991800201589,79.52882205098855
mp-2450,CaSn,37.561,22.571,43.07082944943361,29.435850546469233
mp-249,HfAl,117.671,70.131,119.88568160933016,82.7121126016285
mp-2499,BaSi,32.012,20.384,37.36223310021228,25.416470499715754
mp-255,NaHg,17.221,6.751,20.06556679861487,9.62528293620882
mp-2580,NbB,263.884,198.028,293.67283953213314,215.1081795499508
mp-260,CrB,295.159,222.072,390.3310866248627,275.50530240263924
mp-2620,DySi,91.134,65.591,84.92125632575458,59.99455414094518
mp-2661,SrSi,44.145,30.984,46.27330535841769,33.96009889186041
mp-2668,Mn3As,121.507,44.278,164.16102908647468,95.020821104725
mp-27488,Ta3N5,241.568,98.734,296.2597280902368,137.82511734919927
mp-27975,NdBr3,9.801,5.38,34.960409744214864,18.084153844377266
mp-27976,SmBr3,10.18,5.194,29.064526282448828,14.686005510456374
mp-27979,LaI3,6.8469999999999995,3.843,30.00372141675704,14.089573178071294
mp-28448,DyCl3,9.947,3.729,44.54920387883122,21.304937062996203
mp-29210,Li2Ga,33.134,27.31,38.06565747427159,23.72623499107283
mp-2933735,CuO2,8.166,4.904,29.89124476217519,14.14790099586609
mp-29772,YGe3,73.159,51.058,81.26069231439048,55.83619792462974
mp-303,BaZn5,47.618,27.225,55.72679116523252,31.639067800411222
mp-30408,MgAu3,111.519,29.873,129.47718943880716,35.926750162562655
mp-30423,VAu2,125.266,26.935,168.50670910034205,62.26521750485657
mp-30483,CaZn,32.099,14.606,34.856862614547374,13.874046010210844
mp-30485,Ca3Zn,22.439,9.782,24.77503204422214,12.597648734451008
mp-30502,TmCd3,57.293,29.664,56.86893336768384,25.944217025286154
mp-30564,ThCo,101.93,22.233,103.3143010010028,26.7755856107658
mp-30604,DyGa,68.534,42.601,49.80872472669302,31.90256174587616
mp-30613,ErSn2,60.804,37.354,60.9585054815149,36.80720421730336
mp-30619,Zr3Co,103.802,35.813,122.0440915148858,36.02836783742315
mp-30840,Ti2Pd3,154.553,41.93,187.92098932567885,55.02502232551366
mp-30849,TaPt2,243.933,75.583,307.60137211075505,102.4873398157986
mp-30872,ThSn2,71.526,40.547,83.10364195516948,44.35090484199988
mp-30933,ZrBi,82.991,48.372,88.96668344358875,53.91632858392184
mp-31205,Zr3Fe,102.072,37.707,121.03494181790153,36.06176241761081
mp-31324,Li2In,28.365,23.649,30.56968079723885,18.34311403078161
mp-31380,SmPd,75.905,26.496,63.65178484612357,19.17514406202168
mp-31502,ScCd7,53.455,62.402,57.74691509334917,22.124223289219795
mp-36216,Ag2S,27.991,8.545,63.127153035783685,22.45703641023004
mp-378,ErSi,94.174,66.701,84.77716880318114,57.308255996004625
mp-511,PrGe,73.985,9.662,70.49093316771898,37.816536492580234
mp-538,CaAg,34.318,13.005,40.902469859354674,18.04362823774306
mp-555599,CuS,58.947,20.592,98.79869888667866,42.065761667694126
mp-556,ZrNi,139.087,38.253,149.10870891955372,38.37749149865671
mp-558378,Pd3S,113.764,39.33,144.43178521593197,51.38515230357216
mp-559676,SnS,28.192,23.866,60.85790759843614,26.378734186042852
mp-567181,ZrRh,161.195,47.288,169.6317612816623,49.17098432772506
mp-568992,ZrIr,186.261,55.113,205.67447260551873,58.91912684701681
mp-570001,Al6Fe,105.11,57.151,114.46869116602682,65.34282668390273
mp-570112,Cr3C2,309.637,144.082,356.43318631832835,191.63895434331693
mp-571555,InCl,12.514,6.673,23.45000790117116,8.201596931192263
mp-605,ZrTe5,11.82,6.693,49.94324123863997,27.33631192568098
mp-613,Te2Pd3,106.336,25.081,123.6004586781484,37.07811169481376
mp-628773,SnSe,13.848,5.384,41.82044698995016,15.83208855211998
mp-642363,Al2O3,195.665,238.638,256.0846920976284,157.38227870884512
mp-663,NdGe,71.314,47.984,65.31043910902424,38.377138384743866
mp-6914,CaGa,37.038,27.264,38.28106787339093,20.63294095144646
mp-7083,LaSi,65.047,45.062,73.2161904913396,45.06126319866446
mp-7303,ErCd3,57.028,29.141,59.94097569973198,27.12612651745631
mp-8053,YCo,73.704,27.181,90.75104556849077,32.18073332677633
mp-864941,MgSc2,49.044,25.681,50.77620360532037,32.91118628770899
mp-865583,Y2Mg,41.701,20.535,41.11209641291357,26.8513106348331
mp-872,BaSn,28.386,16.162,30.901471730361507,20.152134598728363
mp-9095,Tb2Si3,73.503,33.445,67.27559884687432,47.169243088231084
mp-9208,V2B3,279.124,240.168,352.91218512727363,282.2131068155314
mp-9399,SmTe3,22.055,12.107,45.176011719518826,21.499706783917382
mp-973374,LiMg2,28.486,13.561,31.003849187383505,19.46870556985749
mp-976425,Nd2Mg,36.226,18.853,22.06287197793587,15.977861707152098
mp-977218,Li2Mg,21.078,7.239,23.40588069225125,13.011786206863636
mp-982070,VIr,270.236,116.36,286.8531391055146,130.04200006377468
mp-985805,AlAg2,94.159,33.298,108.55095206041328,37.077155425573494
mp-9969,ScSi,101.131,70.078,108.48342178892035,79.12517997747561
mp-9970,ScGe,89.435,57.039,98.18410721048365,62.03899921213624
mp-9971,YGe,78.14,54.513,91.215718962255,57.85184500853171
mp-9972,YSi,89.203,65.637,95.93875730948272,69.31864576251986
mp-9973,VB,268.991,231.992,339.8546250417176,258.67062523514005
mp-999124,TbPd,81.785,28.181,82.3551247311075,27.736972342527363
mp-999130,TbNi,76.757,27.534,78.84815158977258,21.678359268908093
mp-999145,SmNi,70.621,23.373,61.57993348111611,20.724535015857956
mp-999198,BMo,308.669,192.421,393.7224615395882,230.88503609420013
mp-999336,NdPd,73.81,25.201,71.45414777939118,18.9750353771564
mp-1393,Sn4Au,53.102,14.399,67.3469372569172,18.05357899394867
mp-20662,Sn4Pt,60.455,29.701,81.57007637778865,29.614826791272726
mp-2128,Sn4Pd,56.496,24.132,72.28202613993317,24.71990103377214
mp-1371,Sn3Pd,64.308,23.339,81.04485944216324,27.140412807928698
mp-17123,Si2Os,203.505,120.912,241.88423557469144,138.9550984956404
mp-1714,FeSi2,182.055,128.034,178.10167237571235,136.89336630265203
mp-1755,ZnAu3,127.051,37.609,147.0884021925158,31.224987388610167
mp-2232,CS2,0.589,0.419,33.439809324989575,18.94436639783241
mp-2456335,PbBr2,4.359,1.297,25.80513256626552,10.875099972344698
mp-2672,K2O2,32.413,16.455,39.98873265588747,21.47364845970909
mp-29647,SmSb2,58.083,28.693,61.02143821097929,28.621733139245418
mp-29900,NiGe2,110.731,47.537,112.00229132812052,54.50084059393536
mp-30045,CoGe2,122.975,66.091,134.5002233972645,77.66935880659342
mp-32811,Ag2Te,52.857,12.209,63.74005066564872,20.917226651116767
mp-569054,La2Co3,70.274,14.097,90.49593502020782,18.398344724118676
mp-569815,Si2Ru,183.66,108.94,219.27301075769984,122.29839546542688
mp-570686,SnBi,48.347,17.093,55.524332701468744,12.164518425272975
mp-637255,Ti2Sn3,87.487,48.891,91.02986753620888,51.739609599837905
mp-640708,FeGe2,128.509,67.937,113.05223252111831,87.27242131527451
mp-15556,Rb2As3,11.807,6.537,25.387729264689817,13.582170916612483
mp-2079,Rb2P3,14.668,8.536,30.809372882134728,17.09084923935271
mp-600604,CuO2,11.725,5.924,30.091593093214136,15.36045331870388
mp-8262,K2P3,16.206,9.501,33.10160834727534,17.608201576334036
mp-1046,NbSn2,96.844,47.291,104.91564342950636,53.599992238567786
mp-10910,Al2Ru,166.651,103.353,197.00463767727916,116.9779114989557
mp-20887,VSn2,94.914,51.156,97.36257156736602,67.35684494119121
mp-2131,SrN6,39.156,20.283,81.02956675399913,46.34007365395533
mp-2481,Mg2Cu,56.418,30.526,60.94656343967171,32.43020191980469
mp-2582,TiSi2,142.135,111.779,152.2576583174121,122.08027049616058
mp-401,Sc2S3,55.932,37.408,89.48203537774674,52.18135973196404
mp-555483,SiO2,119.344,43.519,180.84822602032105,97.19520927588565
mp-567889,TiGe2,113.668,80.368,119.95681037819708,95.58035009853312
mp-567982,TaSn2,103.041,49.663,118.79708062984164,61.479590705607826
mp-569857,K2P3,16.217,9.422,32.950792888027074,17.90248438558667
mp-676,CaN6,46.695,23.676,102.75801308496622,55.935581469722315
mp-755328,ZrSn2,87.588,53.789,87.10344300515773,55.305548293495065
mp-15659,Sb2Pt3,135.898,20.292,168.67763291335956,37.89373332984549
mp-1602,SiS2,6.09,4.007,49.93310774378715,21.94359230662972
mp-2247,AgN3,24.282,7.425,68.04005637097882,31.244162456661435
mp-30139,BeBr2,2.676,1.835,29.91870937841843,15.057874544090472
mp-30851,Ti3Pt5,202.97,73.603,246.21638519155437,87.0443942602931
mp-570886,BeI2,1.958,1.478,21.359813658035225,10.25695873441683
mp-976,V6Si5,185.901,120.052,197.0238809988404,142.7783171824277
mp-1228685,B8O,210.762,64.025,267.38896107722985,242.0684340535041
mp-1238815,B4C,238.023,184.835,289.8097075873687,241.00846632954247
mp-27821,Ag3P11,52.412,32.91,81.66170946147327,47.84442608546357
mp-30180,Al4Mo,111.709,74.751,128.45574365197334,83.43005731589342
mp-30336,Al4W,116.786,76.786,127.3769376507079,84.51155496761221
mp-568595,Re4Si7,210.961,162.768,239.41313208213737,177.9389954179697
mp-977273,MgRh5,198.411,87.191,239.0874662550188,104.06779767982158
mp-1010,MnB4,276.056,239.35,390.94559540640114,320.74911504427274
mp-10118,Mn3B4,237.291,170.637,287.02113918311835,205.12438972368852
mp-10142,Ta3B4,294.112,209.478,336.4365151777668,236.9765597421616
mp-1018151,NbPd2,194.599,76.958,234.6601229760424,87.1190914755177
mp-1025170,Ti3B4,224.584,217.798,259.1412664723541,238.15104738554712
mp-10255,Nb3B4,274.679,196.187,303.38301041442645,228.92200297392296
mp-11180,NaC,28.546,15.367,50.42529245021992,28.928807309465896
mp-11514,NbPt2,241.924,110.128,290.7768319647861,121.64392960122824
mp-11531,VNi2,229.507,85.56,233.3505064486986,95.94958662527084
mp-11549,VPd2,192.283,78.469,223.73505968233928,96.44949166824703
mp-12108,VPt2,246.671,114.484,298.3463737916069,136.24028216876226
mp-1378,LiC,40.769,30.156,75.38118445198698,51.23060613107179
mp-15078,SiO2,92.441,31.054,138.6750434500198,87.54859612013585
mp-2382752,CaC2,57.491,22.771,84.51956544014953,47.695489693901976
mp-2479851,Mg3Cu,44.71,22.319,54.89314761007805,24.563230487543404
mp-27710,CrB4,282.538,257.596,392.4952160152516,322.0291482627359
mp-30835,TaPd2,205.117,73.846,238.46742104111672,84.65368099074908
mp-568232,Ti6Sn5,102.154,56.499,100.87044717110932,64.06563834426265
mp-569270,V3B4,278.729,233.825,357.25193233457975,282.6292037367918
mp-570991,TiSi2,138.262,107.94,162.158795310597,83.95519362036282
mp-784630,Ni2Mo,240.432,96.666,259.4951757390631,105.66587705600084
mp-784631,CrNi2,221.367,111.762,241.05902238990132,117.42054003056266
mp-8700,K2Au3,33.183,14.542,37.843133516693946,16.820452690332832
mp-889,Cr3B4,300.71,205.66,363.4821493511316,261.14142317311166
mp-952,MoPt2,271.801,138.285,346.24091452464575,151.24412277710158
mp-15964,Hf3Sb,115.025,49.685,126.18467001912803,70.42149906825378
mp-1793,Zr3Te,105.452,37.599,108.27415609568216,59.335544291051185
mp-2296,Ni3P,199.918,56.587,223.59602841153503,83.85942938386144
mp-1024991,ErCu2,86.857,24.491,86.22811370310183,31.244856843690467
mp-1025096,ErZn2,70.145,42.435,66.86974033815477,30.566030689925395
mp-1025126,MgSi2,72.283,30.387,64.37343673203586,21.808061763692702
mp-11266,BaCd2,26.527,7.81,29.97966935630247,12.54204756985876
mp-11412,ScGa2,79.908,49.437,78.16178056480378,53.8331048904926
mp-1180279,MgF2,50.398,13.638,64.39337039619502,30.95892248920359
mp-1205309,LiB,43.817,32.433,69.51151186063423,35.266478019724104
mp-13270,CaAg2,48.592,15.092,56.06632599976284,22.807595831723617
mp-1385,CeZn2,49.695,24.161,62.0701938683366,35.273005072569894
mp-1400172,SbO2,68.54,37.802,136.99595175644814,60.2831054040449
mp-1444,CaCd2,35.875,15.863,42.9256331528396,21.033951234840732
mp-1527,TbCu2,84.123,22.729,87.9572404808356,28.300776722657467
mp-1725,CaZn2,44.942,23.828,49.546549383094955,25.613900628859703
mp-1956,TmGa2,76.021,50.722,67.87700274028,45.53456227848984
mp-22317,EuGa2,48.779,31.209,57.473646120815566,35.113905400904066
mp-22318,SrAl2,44.927,33.57,44.77814081871928,34.23303224161985
mp-2338,TbZn2,65.918,35.596,65.86004381204216,32.55833855866446
mp-2698,YCu2,84.831,20.657,94.80806731728276,31.747751572789593
mp-30356,SrAg2,40.502,17.609,44.773186821797545,20.03796131840827
mp-30435,BaZn2,27.55,7.882,32.689561528254885,16.277799329780056
mp-30717,KHg2,11.826,4.929,16.069539359296208,7.329667637013492
mp-30800,NdZn2,56.978,23.092,55.89006723601621,24.340896865499207
mp-443,CaAu2,65.801,15.106,73.59676631437576,28.28974719943696
mp-567538,YbCu2,66.135,29.254,82.09838028496549,34.154051949896576
mp-567695,UMn2,184.28,34.896,181.43537816658525,6.065889723007073
mp-569128,SiB3,156.676,129.394,202.3321387515015,157.96772379169923
mp-569406,TmZn2,71.161,43.099,63.11544979035449,31.86495534768465
mp-569426,SrZn2,35.093,14.647,39.22223789422953,20.870396099999095
mp-570093,DyZn2,65.917,38.077,64.26363888672539,30.946759074710503
mp-657,YbZn2,47.078,21.379,60.42672966372468,31.371363638627237
mp-978275,MgB7,183.359,183.073,232.00640214783976,202.33301079642217
mp-9827,RbHg2,10.747,4.682,12.53431383482184,5.704739248224112
mp-30673,Ti2Ga3,107.755,70.461,111.8313889786293,66.07767002444088
mp-775910,ZrO2,188.21,98.43,268.50412311568385,117.9298411427531
mp-17848,Nb3Si,183.507,74.346,199.8127894992796,91.84469280927873
mp-22447,Zr3P,125.1,63.867,131.682495098748,67.39461133457873
mp-30594,Cu4Pd,145.218,47.364,165.7761611020239,53.609294231672806
mp-1982,Al21Pt8,132.661,63.079,157.3425200346661,67.316706301883
mp-557057,NbO2,207.449,81.941,254.8844489721343,110.83294470142052
mp-567431,ThCl4,24.216,10.533,61.209639741334406,25.963732693859303
mp-570229,ThBr4,21.662,9.13,50.39071979237806,23.18246861435496
mp-795,LiSi,52.319,36.261,58.00936834068284,39.33016325854629
mp-9918,LiGe,39.993,21.135,46.83395360446387,28.030076597028863
mp-10734,Ti4O5,207.408,90.488,272.2290202514948,98.1901138183181
mp-11507,Ni4Mo,209.68,92.581,247.70387048527064,96.49586002133285
mp-11765,Ti5Se4,84.426,47.028,124.66190143060808,70.91395183876857
mp-12565,MnAu4,130.268,30.71,147.05599662482734,30.26738771691542
mp-12635,TiAu4,146.22,39.965,168.70521611359413,39.989561149105434
mp-12884,Hf5Te4,77.308,36.907,106.86364961731918,53.62597208780438
mp-15837,Nb5Se4,112.67,52.617,172.7693060205806,85.04643600922725
mp-1743,Mo5As4,152.527,85.16,204.9419302452715,108.26538516514132
mp-1852,UF5,14.284,11.448,107.54135057074188,35.213709929196845
mp-2371,Ga2Te5,13.543,13.907,48.17557125601006,29.84383640630979
mp-2598,Ta5Sb4,105.592,60.636,159.23276109908474,85.07614667163182
mp-274,Nb5Sb4,96.984,54.863,148.04611104809797,76.45931320103149
mp-27743,BiF5,13.737,10.508,88.33000515804281,39.61084542806812
mp-30354,ScAg4,89.295,35.942,104.711632833533,36.34195368186999
mp-30536,V5Sb4,90.199,52.07,124.03886068762566,70.85009380653301
mp-30797,Nb5Te4,89.583,43.695,155.3487334661938,70.57081257933062
mp-30811,Ni4W,226.168,97.776,271.9833661779503,103.17586854041944
mp-350,Zr5Te4,68.334,35.885,97.48973388470895,53.33172688701871
mp-7498,Ti5Te4,68.104,38.922,96.09220713278502,55.574396727911875
mp-7927,Nb4N5,268.181,161.799,352.73109563086257,137.0600785300542
mp-8046,Ta4N5,289.948,175.313,378.3200931885374,165.64068978302055
mp-9948,V5Te4,52.954,1.347,114.15616648229276,43.71352552624231
mp-14587,ZnP4,66.685,37.354,83.69589610809658,47.94815242058994
mp-355,Nd5Si4,64.481,33.016,62.12094923246149,38.23537415864891
mp-555434,As2O5,91.699,51.804,162.25312598324075,117.94255412380188
mp-557,TeO2,31.251,29.509,128.98357057509497,64.37132735208182
mp-6945,SiO2,12.474,46.397,169.5771220588959,99.18845889576396
mp-7457,SnF2,12.518,10.742,59.60606787755007,26.24303717302149
mp-7623,MgAs4,43.341,25.406,62.45652293349328,35.69090799390806
mp-7812,GeO2,20.101,25.441,137.56357430599255,82.66160433521432
mp-1340,Ga2Se3,27.869,19.013,61.17944574939237,32.640979454318256
mp-344,BN,180.219,115.861,220.6260602470543,181.79030244660964
mp-38970,Ga2Te3,21.714,14.943,47.423208401675296,24.636714041910057
mp-539,Ga2S3,31.225,22.912,76.2558603735906,46.30838423049031
mp-640556,SiO2,18.824,40.013,168.00154567387787,107.95271441197872
mp-1021499,Cu2Se,75.852,26.749,91.03564556663837,36.96606678201413
mp-11025,ZnP2,68.444,42.518,80.03007281061979,54.70451261498248
mp-2739,TeO2,31.468,28.985,128.8988169566934,64.3486735376708
mp-618991,Cu2S,91.372,29.117,109.1905022103299,43.27804886881903
mp-471,CdAs2,36.727,18.611,57.64145402744477,32.14507718435901
mp-1216445,V9Cr3B8,271.858,211.081,345.27920621986266,230.50985213337083
mp-12743,CrTe4Au,26.69,19.236,65.101320149707,25.977366658169338
mp-2468835,Li7B18O,129.576,91.595,167.71346423781011,110.04320626362563
mp-607475,Zr4In5Co2,84.627,52.398,111.1194097527451,49.23417922529947
mp-675334,LiTi2O4,168.606,114.219,211.52055526648385,116.5915275295574
mp-675701,Ca(HoSe2)2,41.864,28.249,50.72482325940768,29.590464658651996
mp-8677,ZrTiTe4,14.309,12.148,61.115325746802974,28.76170028033354
mp-945184,YCuTe2,42.341,20.022,63.149899084969576,34.118841389369855
mp-989651,HfTeSe4,12.699,8.671,61.72592775084336,30.995302507710697
mp-997006,AgPtO2,123.077,34.632,158.19940993351324,70.96644764146721
mp-1029652,Y3Si6N11,141.881,94.254,218.88930294717352,144.19965078906006
mp-36940,Mg(CN)2,35.297,2.902,73.3189946622745,22.10957747879175
mp-14983,Si4P4Ru,119.975,86.833,135.96445046561814,89.65952453980786
mp-23487,KIO3,21.031,14.11,82.70909358015363,47.81156948006786
mp-29157,Si3P2Pt,122.687,81.176,135.19002106418418,82.20348692989499
mp-36779,PNO,51.111,53.892,189.77958896354863,120.24144512587316
mp-531611,Mg(AlB14)2,189.975,174.61,241.0412073845928,206.8518894189879
mp-753197,HfTiO4,182.734,74.28,233.4760054926764,115.75068526837168
mp-774922,Ti3TeO8,6.146,13.893,121.16775728660286,54.95532565756672
mp-9198,Fe(SiP)4,112.916,90.786,129.45276411983644,90.7679627450106
mp-559264,Bi2PdO4,36.71,24.815,130.30591762534704,58.55430117140785
mp-29136,Sr6Cu3N5,63.615,27.585,76.36299801269008,39.10379967426276
mp-1025028,PrSiAg,79.699,25.792,74.66073309726585,33.151189351981586
mp-11511,LaAlGe,70.446,47.27,73.89614240260622,50.63007707848051
mp-27255,Ga2TeS2,24.352,18.386,61.08061938333552,36.83853670802231
mp-752463,NbNO,177.394,57.723,249.98646792726063,102.63591733627528
mp-756638,NbRhO4,215.16,81.083,255.9348955115478,110.74458085995116
mp-760396,TaAlO4,215.809,117.113,268.7783450571656,146.44957119320654
mp-1008925,LiFeP,63.254,71.498,157.06243852075593,99.06182941840402
mp-1009828,BaSiC,24.222,20.55,41.123045626110766,12.311259390246434
mp-1069604,CaSi3Pt,103.918,47.82,117.47709005801016,53.02768971494055
mp-11269,BaSn3Pd,55.006,23.411,65.30337567811931,27.803278378777335
mp-11879,BaNiSn3,46.496,31.724,65.60606229383087,31.820720440498757
mp-13121,CeGe3Rh,95.273,40.715,119.71503576436062,57.06224700314873
mp-14625,NdCoGe3,92.959,53.156,113.0326144995878,62.00803159590817
mp-19973,LaCoGe3,86.372,54.869,120.32604709834324,64.21087212344626
mp-22346,BaGe3Pt,74.417,40.321,88.73114192837814,42.69453063544521
mp-2914,LaSi3Ir,122.782,67.694,153.32020773647093,76.6361301199907
mp-29308,Na5Co2S5,33.706,14.373,46.55161879171189,23.754382445713524
mp-30433,BaSn3Pt,60.919,26.771,71.70179392549063,31.680989667862782
mp-30805,SrNiSn3,51.162,24.888,64.92106313085158,30.018536775870967
mp-30834,SrSn3Pd,56.392,13.412,65.117299372756,25.65354182216674
mp-972659,SmCoSi3,136.209,72.161,131.11540506971156,80.22431646061321
mp-978987,SrGe3Pd,70.823,26.34,78.67516183225626,33.77106272011319
mp-1025150,Cu2WSe4,30.602,11.26,71.11902787794828,26.80457551664703
mp-505244,FeCuSe2,22.682,4.469,55.48221536159723,29.727457946444076
mp-568032,Cd(InSe2)2,27.708,15.224,48.55621605951201,22.33528005501004
mp-568598,Cu2HgI4,17.315,9.009,31.47591101883562,12.363355688462082
mp-570256,Ag2HgI4,12.21,5.58,24.866593636224867,8.587993432591686
mp-861184,Li2WS4,4.842,2.584,52.6272680558438,24.47001386649292
mp-8976,Cu2WS4,9.511,8.382,79.42226597011467,41.35921732358404
mp-28020,AlCuCl4,10.74,6.127,43.60227576463318,18.040488528553738
mp-29362,GaCuCl4,10.789,5.407,41.51171793140313,16.721212445254576
mp-1025461,PrBrO2,60.485,24.082,84.96572012853068,37.01328269608193
mp-20716,PbSeO3,35.364,7.251,104.5150402157774,48.41246666841919
mp-23022,KClO3,15.769,7.956,59.026478395194765,37.51142068258735
mp-24428,KH2N,19.158,10.617,40.80059317302516,24.97838647135698
mp-2468815,LiCoS2,80.565,31.703,110.70396600607536,54.25872530825289
mp-2506699,BaCO3,49.604,21.994,91.38269314576635,52.899296418155394
mp-2525045,Zr2N2O,160.644,79.641,235.12295467573057,128.2128337422879
mp-28665,NdSi2Ru,125.248,62.129,150.35818420639222,84.96836054502788
mp-28795,LaSi2Ru,118.955,59.136,154.85929624262906,79.72913315961922
mp-29088,Sr3(GeN)2,50.267,30.528,62.67264990075678,40.09317922584612
mp-29152,Zr2CoP,158.429,79.053,164.69965889753868,68.71790912810735
mp-29153,Zr2NiP,157.834,82.497,158.89164911887147,69.26386865306849
mp-29154,Hf2CoP,171.95,86.955,188.5350416619076,84.8804347270035
mp-30151,CuAuSe4,29.101,19.356,76.17722801722817,28.40598983746083
mp-31510,NbCuTe2,65.953,37.452,100.56730933007846,48.306009658194576
mp-3488,Na2Ti3O7,97.103,43.32,175.4453375491545,90.22573378453168
mp-4264,K2S2O5,20.378,10.521,60.055919718697695,43.142703357568585
mp-4691,Ag2CO3,47.972,14.143,77.7184855896511,37.34984503822743
mp-5431,BaTeO3,43.028,20.15,96.7276470361808,49.15241095323217
mp-545482,PdSeO3,17.966,11.723,112.44546283542522,52.21392988657771
mp-558636,CaAl2O4,152.027,89.116,189.46615215052276,127.05258636188782
mp-571599,Ba(BiPd)2,59.927,20.217,71.50851132548435,24.361843277599515
mp-5918,Hf2NiP,180.029,94.851,180.25446362620292,83.93990398721614
mp-625055,AlHO2,91.937,27.238,197.42519241888317,126.77408927814383
mp-634657,NaHS,21.406,10.172,32.33453425072554,18.03567430297768
mp-634676,KHS,14.213,8.001,22.30899297179901,13.413620462725728
mp-776205,Hf2N2O,177.628,90.58,253.0628448187713,144.74143873040038
mp-9391,TaNi2Te3,21.521,10.537,96.94265612271144,44.327047094864696
mp-997042,TlCuO2,21.672,9.227,47.6833143249369,26.060530542596243
mp-997054,CuBiO2,45.335,19.29,117.33321980525096,48.981126877236925
mp-997082,BiAuO2,59.145,20.275,117.84549509636425,45.95964033038037
mp-4779,Li2B4O7,41.92,40.743,170.23821686591145,115.69920670858365
mp-28782,Na3PS4,22.958,10.928,53.82307326443355,29.17118130343631
mp-1078600,TmAgTe2,42.537,21.354,49.58823795227782,23.264762954315017
mp-12903,YAgTe2,39.447,19.888,55.89989643022526,26.34238738233508
mp-4674,BNF8,16.052,7.666,87.35119532841817,52.581302428979754
mp-606393,NbBr3O,6.824,4.154,68.81194898724125,32.004840622277754
mp-1007823,GaBN2,247.284,173.186,261.5322759457069,184.7522817102588
mp-1008523,BC2N,342.032,393.147,371.5222856536129,371.608676591101
mp-1008527,B2CN,326.549,315.747,360.3056816352656,299.54866098023547
mp-1008528,B2AsP,146.701,141.361,199.16247049598,131.93807029124076
mp-1008556,AlGaN2,183.528,110.883,194.7276612760036,119.1981881918499
mp-1008557,AlBN2,257.912,177.148,268.72470731638197,199.26888015589304
mp-1017534,ZnCdSe2,50.014,20.132,56.295075925269664,24.35042756688059
mp-1018079,CrGaP2,79.184,20.698,80.23513907164286,32.481119909394096
mp-1018083,CrCdTe2,38.574,8.827,45.385001029487306,15.497986592630484
mp-1018089,CaZnSe2,41.321,7.128,49.23427861860298,17.302462155221544
mp-1018709,Hf2GaSb3,93.197,62.432,98.85861571056354,64.50573558588877
mp-1430957,Zn(CoN)2,136.422,50.155,174.44683261961214,51.166630870974
mp-16421,Zr2CuSb3,95.97,46.996,91.94080265339392,52.04205627717651
mp-19928,Hf2CuSb3,101.457,49.807,97.94043570526244,54.4119301538749
mp-34993,LiAlO2,153.169,123.673,214.571332928495,158.7960758413637
mp-505804,Ti2CuSb3,90.931,51.886,93.70913354882336,55.49295699743212
mp-640073,FeCuS2,43.783,19.144,52.51571856674056,29.869909984155033
mp-753156,La2Th2O7,128.506,58.428,165.86175400025112,72.62877443628204
mp-971712,ZnCdS2,60.274,24.036,65.16799536013359,29.452529803654365
mp-568556,Mg2B24C,208.857,195.607,263.029082691679,229.21376904426444
mp-10006,TlAgTe2,33.627,10.05,42.74429134026184,8.834829352246164
mp-1190680,Mg(BH4)2,14.053,4.908,36.03340800324712,30.76458400112341
mp-34735,Ho2CdS4,64.932,30.307,79.49787121632195,41.2320023154676
mp-571443,SrMgIn3,35.493,22.431,37.82033479415232,21.43619699172057
mp-754839,SnBiO4,118.856,31.907,154.5982242407511,64.1569916930438
mp-755302,TiNbO4,162.315,27.544,227.33033639618807,86.7455427956059
mp-773864,TiSnO4,163.816,47.131,202.93085622358743,97.067093914043
mp-1025315,Mn(AlTe2)2,27.918,15.38,43.76445874243067,19.720471657056617
mp-1025377,Cd(AgI2)2,10.114,5.05,23.991270947202693,8.84089229629675
mp-1389664,Cu2SnSe4,29.275,8.09,60.706645236487354,22.322574037897695
mp-22993,AgClO4,26.665,9.049,98.77480748570598,55.05537333696103
mp-23353,Cu2HgI4,14.625,8.411,31.484613274888645,12.743076443664007
mp-27888,Zr3GeO8,198.421,48.748,240.1811068040504,119.34336320262815
mp-29091,Ti(CuS)4,75.053,37.645,92.59669460852037,50.67536890512542
mp-3269,NaTh2F9,88.135,47.917,131.3296543434489,63.48412969795645
mp-34169,Zn(InSe2)2,28.627,17.702,52.27763688854829,24.75963361590502
mp-34467,Zn(GaS2)2,45.54,29.444,74.75305918811297,37.74098377604445
mp-35539,Zn2GeSe4,34.738,20.858,55.573743737733295,28.668506342567245
mp-35777,Mg(InTe2)2,21.234,12.398,39.01338247050451,18.846796685758353
mp-38103,NaClO4,20.812,11.502,101.2421936324595,62.25160878053718
mp-5461,Rb3TaO8,29.187,14.073,87.62355603405823,46.21540520894949
mp-557373,Cu2WS4,8.464,13.13,79.79101592254942,41.097988217474914
mp-568661,Cd(InSe2)2,24.544,14.694,49.45728491961064,22.6374896096932
mp-5702,Cu3SbS4,68.849,25.749,74.09276793091149,27.045031278029633
mp-639910,Y(Sn3Ru2)2,117.643,55.679,134.5743061872065,66.64245275833638
mp-675626,Cu3AsSe4,61.042,22.196,65.03928159052599,23.402378105314956
mp-675748,Zn2GeS4,41.016,25.051,68.96726426306198,35.02844153774161
mp-753195,Li2WS4,6.489,4.129,52.642985836365504,23.542816208677493
mp-760415,Li3SbS4,28.938,13.461,50.574600299260055,23.68485136728567
mp-8311,Si3NiP4,104.417,62.095,110.82374388176228,56.33360242520354
mp-861182,Li4TiS4,24.697,14.592,51.48263605579409,28.53438842020956
mp-9808,Rb3NbO8,27.894,13.316,82.43927095075523,42.955055229353654
mp-9814,Cu3SbSe4,60.879,20.692,60.38625663873485,22.278093464535218
mp-1025151,Cr2NiSe4,63.633,36.52,89.21554598684078,36.91599751954139
mp-1025173,Ti(MoS2)2,104.193,65.901,172.93675626120287,94.43462040721371
mp-1025180,Mn(CrSe2)2,48.783,29.443,72.6795763811083,36.74819525676289
mp-1025181,Tm2Cr2C3,166.232,74.225,194.18584086753387,100.72695544727968
mp-1025182,V2FeSe4,64.874,46.863,93.18439487093153,68.70310728784577
mp-1025190,Co2NiSe4,100.763,41.32,119.03679189791424,48.469483472285496
mp-1025203,Ti2VSe4,67.424,46.399,91.55484483044128,57.31196767633632
mp-1025207,Ti(CrTe2)2,47.988,32.833,64.96846711694563,37.555587631277746
mp-1025219,Ti2VTe4,46.041,33.076,73.69581269068586,47.02224032429123
mp-1025224,V(CrS2)2,92.785,58.933,88.55581507955556,60.24544875092759
mp-1025232,V2CrSe4,76.515,49.825,88.40507341141658,63.99366147147479
mp-1025263,Ti2NiS4,91.139,53.452,119.95787080972082,67.67891865142221
mp-1025264,U2W2C3,181.898,94.657,257.4441780649751,119.57898131989418
mp-1025266,Tb2Cr2C3,156.439,66.367,199.72064706773307,90.25396401213182
mp-1025278,V2CrTe4,53.889,29.918,63.1527340498967,44.471519345881234
mp-1025281,Ti2NiSe4,69.621,41.997,97.00570524971155,52.92883009303586
mp-1025282,Ti(VTe2)2,53.833,136.526,68.4282195441339,46.466248680639374
mp-1025291,Ti(NbSe2)2,82.772,49.134,126.4348036789392,66.23185658005187
mp-1025318,Co(NiSe2)2,95.313,34.882,122.00732512791554,47.28476507944323
mp-1025322,V(CoSe2)2,76.389,53.225,105.88682786573298,63.89043552220144
mp-1025323,Dy2Cr2C3,160.099,68.541,192.45995942362063,90.13875954460448
mp-1025345,Ti2CrTe4,49.615,34.742,64.97156938008335,38.31020755149936
mp-1025372,Y2Cr2C3,155.926,68.605,203.57590833059737,97.01800185631514
mp-1025378,V2FeTe4,49.149,32.385,65.32824657299939,52.77028858801428
mp-1029349,Y4Se3N2,67.613,37.741,95.25107747668608,54.258061395502025
mp-1029784,Rb2CN2,25.925,11.927,49.18062971541947,23.748544950454285
mp-10408,K2CN2,31.342,14.596,56.85938716718385,28.97060097169129
mp-1071448,CeGaCo,87.707,41.614,115.58820811290704,54.00125618024844
mp-1095591,Tm3(CuSn)4,85.104,48.429,80.9098603636533,49.05491747680069
mp-10985,RbCu3S2,42.157,19.923,70.5005153095488,30.581038193765245
mp-1101156,Zr5N5O2,222.105,117.091,249.82681371277457,134.4957523763858
mp-1103697,Bi2Pd3Se2,50.704,11.3,102.748217387371,26.7585984661928
mp-12004,Er2Al3Si2,89.518,66.418,85.82256973318097,55.80918878156778
mp-12005,Tm2Al3Si2,90.245,66.441,85.56911050859568,54.911170527663934
mp-12803,BaEr2F8,85.459,36.511,100.01050901903882,48.27516873036645
mp-13263,Ce2Mo2C3,136.107,81.553,202.4547701671619,94.64259578989412
mp-13583,Sc2Si2Ru,121.632,68.945,144.81980774160638,80.54256710748221
mp-13829,TlCu3S2,41.713,15.73,77.39812894839223,26.413785862523152
mp-1386610,Ca2Sn3O8,107.769,46.162,144.5618766138359,78.712545336941
mp-1400520,Ca2CoN2,71.914,37.282,118.43590659605628,65.45080190544594
mp-1402513,Mg2TiN2,108.953,72.905,144.0938889835236,92.8833377464376
mp-1402707,Mg2MnN2,109.74,62.484,137.0984889754426,86.43769753057812
mp-15397,Ti7Al2O15,196.424,85.772,232.0346181756737,115.70270525356602
mp-15885,Li2US3,42.596,25.019,66.59642397100578,35.704880199489
mp-17017,Al12Co4Cu,122.342,75.362,136.593542816768,87.18724402017509
mp-20067,Na5OsO6,55.843,37.641,116.7039319916634,59.138907933412725
mp-21875,Y4GaCo4,96.804,29.546,94.99281731911177,38.32291325101437
mp-22044,Sm2Ge2Ru,88.624,44.545,92.30590326856486,47.10836670322418
mp-2353285,TlCoCl3,17.198,6.688,31.7763885832434,17.86763302043746
mp-2356674,Li2NbF6,58.448,128.338,118.82630523426758,45.101707341377136
mp-2408760,NaCu2O3,93.317,19.434,117.28288445842492,52.63882099114319
mp-2619703,ZrCuF6,37.708,24.755,109.25847910729604,39.106365179706366
mp-2650313,Fe2NiSe4,76.885,32.205,99.09953446700588,45.42382244136359
mp-27512,Cr2NiS4,123.11,61.657,126.30086883597764,72.8601112202935
mp-27927,NbAlO4,173.006,74.472,234.92314776172384,121.469471802894
mp-28163,K2PdF4,24.004,9.85,44.62275237038393,22.48587891533462
mp-2874,In2Si2O7,151.63,62.028,191.25984044316036,102.54197003412192
mp-28770,Ca2FeN2,77.679,42.257,111.45854961578252,67.6207042308923
mp-29364,Li5SbO5,94.256,64.692,129.57328590028803,88.75963174058745
mp-29455,Ga4GeO8,152.853,72.5,193.11378242101128,106.09727281445684
mp-29618,NiP3W2,205.053,104.22,237.34782653810376,139.22453929096662
mp-30019,ZrCu2Te3,35.784,19.93,71.71159007390723,38.50923433702144
mp-3070,Na2CO3,47.059,4.636,87.92976262297962,54.220901901221474
mp-31011,Y2Si2Rh,106.197,64.641,124.20786434440464,68.33115860261225
mp-31017,Ce4B2N5,144.347,89.672,179.70549775579332,102.87314084187436
mp-31031,La4PdO7,113.246,50.422,145.7049588466707,67.59849139387329
mp-31093,Dy2CoSi2,101.89,61.658,100.69478224794696,61.46290196710152
mp-31256,U(SbO3)2,28.801,25.536,154.8749251053994,64.08321902054165
mp-31294,Sr2In3Rh2,58.384,26.802,67.75080618343766,29.19608908328374
mp-3194,Tb2Al3Si2,86.815,65.462,86.8189589089858,56.9549130850912
mp-3342,ZnPS3,14.996,9.292,71.59193567429763,39.91024070907267
mp-34289,TiNbS4,20.023,16.077,106.4631282514708,54.868935676209645
mp-3471,La2Ni5B4,136.781,65.972,159.57961343891026,75.15505221806609
mp-3513,Dy2Al3Si2,87.583,65.851,85.22302416741414,57.48988112961614
mp-3618,Sc2FeSi2,110.477,75.98,126.54089497130757,82.91901827597322
mp-3650,HfCu2Te3,41.391,23.641,74.97423084044121,40.10249710697011
mp-3849,TlFeS2,24.875,9.844,55.810471064661066,23.95671215552866
mp-3943,BaTi2O5,123.542,64.43,184.74673216999656,99.04563061277815
mp-4022,Zr2CoSi2,167.087,95.112,167.95726295152494,103.83679070319484
mp-4300,Yb2Si2O7,88.802,30.327,178.99512937259598,97.42629443907032
mp-4541,NaCuO2,58.273,31.25,87.43766061885931,46.92053396154723
mp-4852,Ni(RhSe2)2,85.507,31.876,126.07640726228496,40.40380422896794
mp-4909,V2NiS4,96.085,58.493,142.7408390773903,73.82445073688591
mp-5090,Ti2FeSe4,57.172,41.074,76.32284305281972,51.3806315300452
mp-5274,ThTi2O6,150.848,62.689,214.4368140347807,91.7570640548852
mp-541754,TiCu2Te3,41.734,25.085,73.97025006332223,40.24112984476862
mp-541785,GePdS3,8.161,5.086,60.95846890616879,32.05737632481697
mp-541989,Na2CN2,39.851,19.095,81.74148819777767,47.14213279924467
mp-5427,Mg2P2O7,117.085,61.45,193.11558927372872,120.5378728073382
mp-545467,Li3(CuO2)2,56.183,32.011,84.45011560205599,51.5668269631784
mp-551741,Zn2P2O7,119.151,88.26,194.9857662772376,105.923258041003
mp-553991,Ti(GaO2)4,150.756,70.401,192.75447603916112,103.17104045329609
mp-553994,Ni3(BiS)2,57.125,17.879,109.3063768079424,31.89116563615843
mp-555370,V(MoS2)2,88.535,69.759,167.610070714893,100.68210307063008
mp-5594,Sc2Si2O7,160.151,72.463,202.94427874294925,112.11265628775878
mp-560358,Zr2P2O9,85.09,47.769,199.42096364329987,110.85399984013183
mp-561419,V2FeS4,87.476,71.581,137.9650091556203,95.35047411137056
mp-5618,Mg2As2O7,103.919,48.223,166.5040327586589,96.05449266795166
mp-5652,Y2Si2O7,140.631,59.865,180.536362987488,100.24314524824828
mp-567462,Sc3RhC4,177.972,116.259,217.29607674869325,124.53563868323155
mp-568349,Cr(FeSe2)2,64.817,31.014,62.869523247593385,49.45807962094272
mp-568866,Na6ZnSn2,16.146,9.403,20.5914855311247,10.28597149772152
mp-568974,Ca(CuSn)2,63.562,28.942,69.94294476402358,34.35600427736824
mp-569662,V2NiSe4,19.078,10.885,89.21477926571114,43.17487192068516
mp-570074,Sc3IrC4,189.75,122.916,229.2396960536571,131.51557352060263
mp-571216,Sr3(AlGe2)2,45.827,31.388,50.38046846350043,32.351091503248306
mp-5749,Cr2FeSe4,52.11,33.226,71.60572572100243,41.665207298660846
mp-5813,TaNO,219.542,74.925,269.3834242870275,124.00788753347052
mp-643367,YCBr,9.772,6.494,79.43783106995946,39.65729756501687
mp-675477,Sn4Bi2Se7,31.593,18.669,62.406836655772345,22.59928089651017
mp-7064,Er2Si2O7,147.56,64.453,174.52224781595322,96.68957731149364
mp-7219,Na2ZrSe3,34.893,21.712,59.91536891143359,29.498432000400125
mp-7237,CuAgO2,43.939,4.118,95.25964141520932,38.80104507091995
mp-7443,Nb2CrSe4,75.556,46.361,111.11503260577358,59.54491556154074
mp-752881,Li2CuS2,45.823,16.474,57.55469489023513,25.958169477097147
mp-753693,Ho2Ge2O7,129.156,49.518,153.51104336878794,81.18929220900687
mp-753722,LiCuS2,41.616,16.147,55.72731954051861,22.161034819860102
mp-753802,Sc2Ti2O7,137.672,48.995,174.43728833381246,78.83670168583357
mp-754262,Zn2As2O7,103.132,18.432,169.7948199807926,83.92873388739784
mp-754326,NaAgO2,58.425,26.511,74.5901818014993,38.93330269113907
mp-754483,Na3(CuO2)2,33.577,21.098,76.61478903541393,36.85515390731481
mp-754495,NbNO,142.058,49.906,245.82598297774888,108.59889194341552
mp-754752,NbNO,186.14,61.596,246.70871482928584,104.84109107337856
mp-755013,Li5TaO5,101.668,68.963,153.78537004593628,96.10312600479332
mp-755378,NaPdO2,86.526,45.178,126.46043711955464,49.68534320989951
mp-756063,RbNbO3,62.925,17.347,135.39658776959388,66.0990737610036
mp-756597,Li2HfO3,95.328,52.736,172.94553071190026,108.76110594853586
mp-7601,NbGaO4,162.98,59.533,216.50083826672304,103.42869066495923
mp-760400,Na5BiO5,58.661,38.102,84.72742707127573,54.966021800001826
mp-760483,Li2PdO3,103.12,56.718,156.67940628243804,89.83007496102712
mp-760492,Na4PtO4,54.146,30.888,96.43561741104207,52.95260479947522
mp-760539,Li2Ti3O6,106.055,61.957,199.83622403550063,92.7886974106102
mp-768240,BaY2F8,78.825,31.896,110.69671544604898,51.672039057349366
mp-770649,Li5NbO5,99.64,64.543,147.419403778401,88.25069943352877
mp-7823,V2NiSe4,92.708,44.695,105.73625981356592,58.01942436321075
mp-8090,Cu2P2O7,80.27,40.766,176.7324684050173,97.0363770056287
mp-8253,Na5ReO6,56.295,37.483,133.39685980259208,71.49662482087085
mp-8435,Ta2PdS6,19.314,11.412,114.17869900438969,52.43004606819907
mp-8436,Ta2PdSe6,17.445,9.351,101.60429008856056,42.25837109128022
mp-8499,Ho2Cr2C3,160.653,70.234,195.29566022880908,96.0889831953698
mp-864790,Nd2BC,47.035,25.186,73.11588999642481,39.80963411805996
mp-866522,Ca2SnS4,46.185,17.604,63.69107016020878,30.93225096723199
mp-8800,TlCu3Se2,36.601,13.476,69.31975448078587,21.634998512389007
mp-9158,LiCuO2,81.11,41.021,114.92027184058534,59.33375541888763
mp-9177,Y2Al3Si2,86.1,65.462,93.10154830028138,58.50223077472378
mp-973756,Lu2Mo2C3,167.213,89.256,233.39628589926343,110.23815303696968
mp-9771,UTi2O6,138.601,58.663,207.9689531115474,85.71813150390814
mp-9810,TlFeSe2,9.505,3.583,34.66857182360619,18.766447988971056
mp-989513,SrWN3,99.971,46.355,176.40331760342946,83.70195736591494
mp-989530,SrTcN3,100.89,42.097,155.78439468761704,72.95745140057483
mp-989635,CaMoN3,106.478,46.526,167.874835867533,73.38924573229929
mp-9902,Sc2CoSi2,120.146,78.022,131.1370134704996,83.93922728488232
mp-9942,Ti2FeS4,57.144,56.924,125.25547372407286,88.30131487972874
mp-996973,CuHgO2,46.181,14.739,78.65973529128463,30.13836709781145
mp-996992,LiAgO2,70.805,27.457,105.2333396855818,45.22204534945702
mp-997009,BaAuO2,71.713,25.176,98.90473463901986,43.82844133791035
mp-997086,SrAgO2,79.857,33.996,97.6519663502356,47.08556908463372
mp-997094,SrAuO2,80.847,32.871,109.83819959293396,50.99691204071556
mp-10003,Nb4CoSi,194.139,100.741,211.1522074759604,85.24080445471695
mp-21447,Nb4CoP,183.709,99.048,227.96440417449836,80.13781723232081
mp-22312,Nb4FeSi,193.734,64.075,192.93313602851023,78.15307715167002
mp-22396,Nb4SiNi,187.702,102.86,204.272836412086,86.47261472473818
mp-22444,Ta4FeP,214.356,104.168,251.79161596888056,95.66780593496912
mp-581733,Zr4CuP,120.685,48.711,116.42366067015116,45.90416103429891
mp-1007637,KNaH2,17.067,13.115,18.638872555682344,13.38776968413872
mp-1008881,MgNiH,94.365,50.585,95.67729896057484,52.09068738836586
mp-10092,KCu4Se3,41.111,14.519,68.86702074777821,21.79889708371134
mp-10102,KAgC2,29.114,14.306,38.79968750040391,17.884486980148857
mp-1016296,SrMg6Mo,39.303,25.678,47.45445365040331,25.798422014313733
mp-1016329,SrMg6Nb,38.931,20.756,46.04238924078075,25.96375679284124
mp-1017509,MgNiH2,90.601,54.062,99.09606092992574,51.12449934370295
mp-1018030,Sr2SO,58.297,39.69,63.131774036708904,40.6647988483209
mp-1018032,SrCdO2,97.832,53.705,105.76341663511784,54.87303342293045
mp-1018097,BaCaO2,80.465,47.51,94.0681749014916,51.9671859432575
mp-1018133,LiHPd,82.256,38.705,94.97556870443924,41.742777558471694
mp-1018684,Er2Mg3Ru,49.451,31.234,56.89644775822666,26.11976931343253
mp-1018712,HfGa4Co,94.047,54.445,109.8213849438719,55.24623494020922
mp-1021423,KMg6Ti,48.731,21.953,34.01351165371286,16.435117817781624
mp-1021478,SrMg6Ti,35.604,16.23,38.15104918371555,18.523367343571785
mp-1021848,KMg6V,27.035,15.503,33.64699558053075,14.310552692968953
mp-1022488,NaMg6Zr,35.637,18.822,41.57732978422963,21.209176840342938
mp-1022804,SrYMg6,31.352,16.441,34.297865779670744,17.907855015842348
mp-1023161,CaMg6Mo,41.748,26.463,50.208775561993434,29.10574452612494
mp-1023193,CaMg6Nb,42.167,24.369,49.43281271608233,28.41774616335545
mp-1023208,CaMg6W,43.917,26.629,55.58009444913669,32.57290432984072
mp-1023329,CaMg6Zr,38.262,20.459,44.23666774945451,23.37676272830029
mp-1023366,CaYMg6,33.841,18.212,37.25309856460519,19.8489659213643
mp-1025155,LuGa5Co,87.39,50.001,100.27854505457138,57.96609804187685
mp-1025161,InPPd5,154.477,53.791,173.4915792778214,54.438413560704824
mp-1025176,HfGa5Ni,90.233,32.425,107.78875672340972,41.237496819308625
mp-1025187,CdPPt5,197.567,60.385,222.37457357590264,63.833023289214886
mp-1025191,ScGa5Ni,84.543,43.307,92.94325262922962,47.997261605655616
mp-1025193,HfGa5Co,103.655,52.044,112.2445363870764,46.156707399859506
mp-1025201,Rb2PdCl4,10.332,6.304,23.41492929593027,13.108342549425991
mp-1025212,InAsPt5,189.205,59.621,209.94690636882535,54.72307018978105
mp-1025213,InPPt5,203.239,57.276,228.57551004589016,60.62961940418109
mp-1025218,SiPt5Pb,179.035,56.588,199.20999820844884,50.50570276433795
mp-1025220,SiAgPt5,197.096,57.269,227.0093553301714,69.28720089517556
mp-1025222,ZnPd5Se,136.71,46.262,153.84631746595022,45.51304708709789
mp-1025225,ErGa5Co,86.188,52.911,91.9165609679327,55.728334523418845
mp-1025229,TiGa5Co,108.798,50.857,113.1291037728666,45.92490684894832
mp-1025241,ScGa5Fe,90.193,54.39,95.22608285660397,54.822432312870994
mp-1025242,ScGa5Co,93.026,50.935,97.60571977027294,53.67104545899823
mp-1025248,TlPd5Se,126.95,33.622,135.40803099256655,37.1880868814924
mp-1025257,TmGa5Co,97.33,52.0,93.80230496264244,55.872131858564934
mp-1025258,ZnPPd5,157.545,54.705,180.3597491894351,59.27325065493703
mp-1025261,MgPPd5,144.919,57.259,162.74675158097563,56.63874564011784
mp-1025270,GaPPt5,214.19,67.858,245.2223237698142,68.8118076321605
mp-1025271,AlPPt5,218.902,74.715,248.39361255053237,71.86280267608872
mp-1025272,ZnPPt5,209.307,73.003,239.51426809979029,73.74505475996533
mp-1025288,TbGa5Co,92.096,54.393,91.50238858826611,60.24584601048821
mp-1025293,InAsPd5,144.791,53.252,162.6538485795285,51.12021082410077
mp-1025296,SnPPd5,154.449,42.415,183.63614294044103,55.193890635823976
mp-1025301,GaPPd5,163.164,59.659,186.944672265146,61.299146354782366
mp-1025302,HgPPd5,148.263,45.948,167.99995260741915,49.41757656327934
mp-1025306,AlAsPt5,197.309,65.207,223.70510804988297,62.172900483311075
mp-1025311,CdAsPt5,183.707,58.167,202.2557520645615,57.242466804944506
mp-1025313,TiGa5Ni,101.134,34.363,107.95345991662334,40.62077825315387
mp-1025324,SiSnPt5,201.214,71.228,234.31887046473992,63.85875129619333
mp-1025325,NpGa5Co,100.231,72.274,101.21040717952886,66.87540208138299
mp-1025329,TlSiPt5,186.651,54.754,207.84087983988505,57.71310127456291
mp-1025346,GaAsPd5,152.092,58.097,173.80163511656357,53.4934928953613
mp-1025348,TlPPd5,145.845,47.971,160.21882812592,48.14501394755005
mp-1025353,TlAsPt5,180.729,48.286,192.82229971234875,45.51701669311659
mp-1025356,ZnAsPt5,194.2,67.167,216.90131387285925,64.26324050982937
mp-1025370,InSiPt5,198.864,66.434,225.262264205816,68.358772373686
mp-1025375,YGa5Co,85.957,53.183,94.46126008400876,57.94329854890809
mp-1025385,AgPPt5,200.192,52.542,232.9326572098819,63.57864949793738
mp-1025386,HgPPt5,196.589,52.206,224.79025844995337,55.34086149689636
mp-10421,RbAuC2,30.97,15.538,40.520817268943915,19.602592428565192
mp-10422,NaAuC2,47.935,23.061,56.37177454982813,27.765994222026784
mp-10423,KAuC2,34.812,17.635,45.3244775549634,20.412306542917044
mp-11300,TiCdHg2,72.925,27.827,85.83267076754244,26.005517272333243
mp-11873,TlAsPd5,136.553,48.595,151.9497801745086,46.450781951883584
mp-1224257,HfTiN2,269.121,169.356,300.5474398967636,169.78854973982808
mp-12359,AgSbTe2,52.694,18.779,59.05826923383678,17.785264018533997
mp-12550,AlCuPt2,194.163,83.607,214.93838457297483,74.78600135213749
mp-13463,FeNiPt2,211.801,92.083,249.46010590213996,91.104311103114
mp-15780,MgPPt5,197.337,75.061,219.9305642492542,73.3885823871304
mp-19796,Ba2Nb5O9,177.267,103.306,230.88738758690795,101.88746450274849
mp-19988,SmGa5Co,90.833,53.705,82.93935537514942,54.04479239832733
mp-19990,BaTiO3,92.233,0.487,110.75508965358225,20.633312497372387
mp-20627,YbGa5Co,66.775,50.449,94.43009250061412,55.00198707106695
mp-21479,LaIn5Rh,64.429,36.531,75.75795605799026,40.36430367956122
mp-21493,U2Ga8Ru,92.095,56.915,113.70928832704288,60.18032044598578
mp-22934,K2PtCl4,12.029,6.6690000000000005,27.668207718467784,14.221617707047477
mp-22956,K2PdCl4,11.845,6.796,25.427183927711596,13.314730596330037
mp-27138,K2PdBr4,10.178,5.644,20.792188509422683,10.903123554358524
mp-27243,K2PtBr4,10.721,5.618,21.84607413757056,11.945108483318576
mp-27677,KCu4S3,47.956,18.881,79.98837451357834,27.363269030473056
mp-2789384,KMg6Nb,30.941,18.969,43.202834577679795,21.593032409373627
mp-2828744,KHfMg6,29.655,17.306,36.854527916465294,17.320771243000124
mp-2828768,SrMg6Zr,34.536,18.906,40.9292328932621,20.856800393886815
mp-2828799,RbMg6Zr,25.338,16.268,33.87782070989327,15.820568624438623
mp-2861134,KMg6Zr,29.002,17.592,36.97287804581411,18.237239984192897
mp-2894145,LiMg6Mo,46.099,27.637,50.39550391447736,26.008624975097003
mp-29889,Tl2PdCl4,13.465,6.248,25.939820965994993,12.190927197983404
mp-30315,Ca3BN3,80.701,22.835,98.92598610610852,61.29224717612435
mp-30341,TiAgHg2,78.331,28.717,95.22229538740554,21.962888237088737
mp-30493,ZnCdPt2,154.491,57.642,174.0444275987807,59.9556755969877
mp-30593,ZnCu2Ni,143.323,62.437,152.6232923835302,55.23353972215904
mp-36194,Ba2TiO4,20.518,12.943,89.78835473040753,53.861038696364666
mp-3702,FeCuPt2,197.434,71.301,224.958541518607,75.00237981382259
mp-37514,SrCuO2,108.889,63.36,120.88194120508396,65.40532884822142
mp-4732,UGa5Co,105.256,75.021,112.78948904849808,67.59346645650805
mp-4826,CaCuO2,120.874,63.044,129.7178967108104,67.40200343434151
mp-4856,HoGa5Co,86.145,53.558,86.86640154631228,55.26221912333633
mp-505198,CsCu4Se3,37.252,15.102,63.67965336061574,20.980814132803395
mp-505215,Ba(Cu3As)2,66.243,24.781,96.29183959216796,28.30956046233513
mp-505517,BaNb4O6,183.851,108.317,245.27141888040697,107.15023217780796
mp-5347,KAlF4,58.079,14.059,90.63999778617958,51.46198269323742
mp-5479,RbAlF4,55.619,28.295,85.54119491849744,49.6079766466043
mp-5606,AlTlF4,56.864,24.286,90.67901177471288,46.40098722837118
mp-5841,RbCuC2,16.425,14.044,40.76121965065594,20.23731774173413
mp-629397,FeNiN,214.146,92.873,239.6425708293304,88.79180634380526
mp-639659,InCuPt2,168.56,60.566,182.32694804701427,57.6285914945462
mp-644280,GaCuPt2,188.8,69.795,205.24394458014785,63.90887522700775
mp-675460,LiTiCl3,35.091,16.043,41.20762599250293,18.842898473070655
mp-752398,BaCuO2,98.185,54.904,113.49176923698629,58.61726894277014
mp-753506,LiBiS2,60.947,36.004,62.82912315481508,31.220014758558317
mp-753581,LaUO4,178.775,32.967,198.323576833165,79.39226649721952
mp-753619,BaSrO2,75.036,44.502,88.12853577599238,48.85114202104907
mp-753657,TiOF,188.024,94.772,230.95370490300525,95.93203835897296
mp-755552,LiYS2,69.089,43.12,71.67653842776087,44.37007110956881
mp-756784,LiSbS2,62.775,35.827,70.87190903578275,34.043352645829614
mp-767409,Li5SbS,34.76,29.197,40.341251633651375,28.12875234288633
mp-7723,NaAlF4,61.231,90.834,96.46001972523914,49.93340046688294
mp-7785,CsCu4S3,44.731,20.578,73.45044131528974,26.69464445003039
mp-8159,TlCu4S3,50.486,15.68,84.17689907527689,25.194385363547344
mp-8236,Ba(PPd)2,61.494,32.265,101.12623571810784,36.278460887328436
mp-8237,Ba(AsPd)2,58.202,29.71,92.04090327848375,30.7588088352332
mp-862664,Rb2Zr2O5,86.047,39.669,127.53858819468192,68.19941391650346
mp-862682,Ba2Ga2O5,111.605,54.122,130.10936050297929,74.18156308610654
mp-863021,Ba2Sc2O5,105.611,50.033,128.0550310930794,70.65870159278076
mp-863749,Rb2Hf2O5,90.266,44.219,132.94776512211308,75.40632040174842
mp-865146,MgAsPt5,182.409,70.948,198.53093312164057,64.2943004524648
mp-865500,Na2Hf2O5,102.218,37.565,154.169278693859,73.56507524152521
mp-866311,Bi3BrO4,59.352,28.1,110.17298090283415,50.459280964287935
mp-867920,K2Rh2O5,84.38,47.77,116.78727705481812,45.50740226099741
mp-9486,K2AlF5,27.421,13.57,62.794918386252995,36.4930154567572
mp-973920,Lu2Ta2O5,177.355,80.165,230.6232229407757,111.23124386662182
mp-975106,Rb2Bi2O5,57.614,35.292,84.80978575785943,48.57139559885216
mp-978596,Sm2Au2O5,134.376,53.305,157.42934736300143,49.79482988633526
mp-984876,Ba2Pd2O5,103.917,37.382,137.74232453993537,52.61891389017178
mp-985828,AgBiS2,67.157,19.836,73.07370971591234,20.66393602459746
mp-996990,BaAgO2,82.961,44.442,93.4038774935723,47.039429839461874
mp-997030,CaAgO2,112.571,49.532,118.4821053581014,49.29037945003093
mp-999274,RbNaH2,14.995,10.939,14.79093391952718,10.674347605269787
mp-17856,Al7CoCu2,112.097,65.271,118.94696220668602,68.1019472690461
mp-11011,RbNdTe4,24.856,14.014,37.62449539484666,18.75254132813532
mp-11132,KPrTe4,24.932,14.025,38.17384329499652,18.320808349633676
mp-10063,CdSnSb2,36.646,18.173,39.57459960101283,19.69339610611769
mp-1009083,MgSnP2,55.805,27.179,62.19607250017526,30.816003551375967
mp-1009087,BeSiAs2,76.364,57.845,90.4216878571474,59.77506313982848
mp-1009088,BeGeAs2,68.992,52.074,77.71029357693327,50.69488880414467
mp-1013527,BeGeP2,83.09,64.905,84.46673814889809,60.1026918832382
mp-1016197,MgSiAs2,57.986,28.695,63.27543606849386,32.55901496515819
mp-1016200,MgGeAs2,52.437,25.811,56.0922210370992,27.03320502020083
mp-1029312,RbVN2,39.935,39.756,117.10665697168666,48.21264510489713
mp-1029395,LiCrN2,87.366,47.814,159.644862928689,66.61233982082327
mp-1029407,NaCrN2,87.392,88.233,135.03276270844705,49.56055128175915
mp-12954,CuBS2,117.314,63.314,131.15276626453397,65.62998891829828
mp-14089,TlCuS2,56.964,22.129,57.79721133811505,25.903553099959343
mp-14090,TlCuSe2,48.836,18.075,48.24187218853985,22.536572078613833
mp-14091,AlAgSe2,52.422,18.993,57.44858918168446,25.190211643418056
mp-14092,AlAgTe2,42.2,16.77,46.13219303457856,20.73407149390858
mp-15701,MgSiN2,174.541,99.161,189.40140365507355,108.76869759075792
mp-15702,MgCN2,236.074,138.965,264.87154573400426,171.47810802011037
mp-15703,BeCN2,314.973,292.034,360.1750381630395,284.1370272390454
mp-19833,InAgS2,51.173,16.323,58.88357388221651,23.465746776061007
mp-20554,InAgSe2,42.952,14.658,49.02403545282757,19.123910397823327
mp-20782,LiInTe2,23.297,11.157,36.53125373963013,16.42261132234633
mp-22386,InAgTe2,36.204,13.697,42.47148924719953,17.547953327351696
mp-22736,InCuS2,66.112,26.014,73.60470288299463,31.34194786258805
mp-22811,InCuSe2,49.798,21.531,56.81085897809668,26.19243663260034
mp-2961,MgSiP2,72.206,34.75,79.42634671178861,40.9777603368795
mp-29826,ZnCN2,70.643,24.477,109.71534175013412,73.17471148743833
mp-3078,CdSiAs2,58.932,31.08,63.63927899600957,32.287665142804094
mp-34293,CsTaN2,48.648,36.943,125.40916996830563,46.45707486679372
mp-34903,MgGeP2,63.914,32.097,67.29070815020513,36.14801321056951
mp-3497,FeCuS2,50.47,19.147,49.090525780165294,29.436697385504942
mp-3524,LiPN2,135.35,100.508,207.35731789904213,137.01359414584218
mp-3595,ZnSiAs2,66.291,42.28,72.94944816833,41.81851762313149
mp-3668,CdGeP2,65.34,35.648,65.56310086118464,35.38010174625203
mp-37741,Ba(LaSe2)2,49.59,26.418,66.88698805526994,35.22142966201854
mp-3829,CdSnAs2,47.195,23.183,49.82187229196758,25.12123622281195
mp-3839,GaCuTe2,46.028,24.967,54.2721751014454,27.610998654239015
mp-4008,ZnGeAs2,59.569,37.29,60.899290723561165,33.7901171537297
mp-4175,ZnSnP2,64.548,39.275,64.17011884874097,37.855204260480114
mp-4524,ZnGeP2,73.515,49.211,74.5796094788083,47.65475148771531
mp-4586,LiAlTe2,27.57,13.523,40.80135485037366,19.050579587683668
mp-4666,CdSiP2,74.415,39.677,80.36627131483851,42.80689177038892
mp-4756,ZnSnSb2,40.984,22.498,43.6672969094756,23.203857334855083
mp-4763,ZnSiP2,84.953,54.178,91.8814233054572,55.10937383054306
mp-4840,GaCuSe2,55.594,28.705,62.9805284902886,31.956229509797677
mp-4899,GaAgTe2,40.225,16.928,46.11356502715728,20.659743911268972
mp-4953,CdGeAs2,52.238,27.331,54.64577106003516,26.234560316674305
mp-4979,AlCuS2,82.165,35.549,90.40051269407074,42.65457710366282
mp-5048,LiGaTe2,26.207,13.673,40.43977253017496,18.525968274643777
mp-5058,FeAgS2,49.061,13.985,50.650724255399346,25.9076040898076
mp-5190,ZnSnAs2,53.372,29.953,55.81875882045291,30.80577351805533
mp-5213,CdSnP2,57.007,29.276,57.249797575842805,30.19412513163325
mp-5238,GaCuS2,71.436,36.055,82.64536470292241,41.17681186117512
mp-5342,GaAgS2,59.096,22.5,64.86681063658872,30.385126712132735
mp-550433,BeZnO2,163.901,82.37,171.26532628999772,92.22644758312406
mp-5518,GaAgSe2,49.331,18.696,52.93564950170151,23.29111726103072
mp-5782,AlAgS2,62.691,21.746,74.06861016488047,32.51303237618209
mp-758604,LiAgF2,36.273,1.6960000000000002,40.137252145541005,13.50448959077071
mp-7801,CaGeN2,110.837,48.326,122.34298333059148,77.0108833578122
mp-8016,AlCuSe2,63.574,28.475,67.11969433515445,33.3946699690837
mp-8017,AlCuTe2,49.905,24.581,56.003339057638776,27.789579957414677
mp-971837,ZnCdTe2,38.904,17.206,43.34134796069123,20.339219045092765
mp-983565,CuBSe2,86.186,49.34,106.58113013041712,53.81697753114248
mp-10136,Ti2ReB2,251.582,188.97,271.4769939184872,172.85752802114538
mp-1020622,SrZrO3,142.374,89.039,173.51520137532071,98.82266977939476
mp-10676,Sc2AlSi2,101.354,73.164,103.91758791968296,78.61195759774115
mp-10853,Pr(BC)2,167.295,117.642,186.10034484678803,125.0672151738293
mp-10854,Tb(BC)2,177.757,122.101,190.0762698023427,133.54735799369956
mp-10856,Er(BC)2,182.725,122.567,199.13322760958795,133.40335296100795
mp-10857,Tm(BC)2,183.742,122.764,191.90938765593097,139.54675530408474
mp-11964,Ce2CdPt2,80.182,32.529,105.64858584374464,34.53828962052028
mp-13570,Mg(ScGa)2,69.339,43.42,72.20178143880621,39.75903276752924
mp-16496,Al(CuRe)2,210.864,90.488,228.66700988038272,80.17451948350612
mp-19789,Mn(BW)2,297.065,188.623,383.66158221903976,210.31622011474568
mp-19906,Zr2InNi2,128.163,59.224,136.32837905152448,55.78980356954157
mp-20146,Zr2Ni2Sn,134.49,59.967,139.96759071263844,53.61674740222375
mp-20908,Ce(BC)2,163.414,126.426,199.89408905962512,125.05718470068452
mp-20959,Ce2InGe2,62.668,39.629,70.43803089551385,36.464912090913366
mp-21382,Dy2AlGe2,75.399,46.845,77.82252075174476,52.27404224189852
mp-21443,Ce2Pd2Pb,77.439,29.444,86.96894620837286,27.632706978057858
mp-21508,Y2Pd2Pb,81.155,29.744,87.64262255357471,32.546171438562006
mp-22150,Zr2InCo2,152.951,53.822,146.76721932738656,58.65422233988373
mp-22511,Ce2MgGe2,64.09,47.276,67.16497097112094,43.92745624946277
mp-22810,Ce2MgCu2,53.011,23.306,60.174173318361646,21.04097502665767
mp-2910,KAlF4,47.118,19.31,92.06913866321754,52.66837828384006
mp-29138,KAuSe2,20.785,8.939,45.21236449267102,21.272552244936207
mp-29456,Rb2IN3,14.872,8.101,34.148790758610716,16.6805085345567
mp-2958,Dy(BC)2,180.481,122.595,181.61491878623676,133.64439200225317
mp-3363,Sc2Ni2Sn,105.02,41.918,107.16626505149958,47.900282788589834
mp-3382,CaSiO3,215.108,144.683,250.23728454289576,166.51246130729862
mp-4419,NaNbO3,130.639,99.908,205.8292299283556,107.34233805109317
mp-4675,NaTaO3,139.77,110.721,217.36329515494668,118.25025215445562
mp-4901,Y2MgCu2,62.66,10.28,67.39868102096031,26.522913857999676
mp-505296,Ce2MgSi2,68.732,51.581,68.61538102529934,51.31428462291564
mp-5259,RbAlF4,45.534,28.532,84.79744217383056,49.87121790077949
mp-542170,Lu5(Si5Ir2)2,141.033,66.176,172.91288924135054,85.11903887413186
mp-550908,SrHfO3,154.13,99.642,177.9234379221571,107.3364420395158
mp-569331,Li(Sn3Pd)2,61.911,17.812,76.88803550529278,26.43319631194902
mp-613327,Fe(BW)2,325.443,177.956,378.4716411594235,193.30571479893925
mp-616378,CsSnI3,15.227,6.978,19.804788426249157,8.65701497400451
mp-646507,Hf2Ni2Sn,154.562,67.477,147.98591057109692,62.280318756263895
mp-6916,Sm(BC)2,173.961,119.281,175.6045580430462,123.10333532186098
mp-7350,Li(YSi)2,67.911,42.707,78.3154712059966,58.44818398053255
mp-754185,Y2MgNi2,63.25,28.377,79.35981825346335,30.66709761985119
mp-862697,Er2MgGe2,75.034,56.657,69.6803500702939,48.49918278450731
mp-863723,Ho2MgGe2,75.677,14.344,72.77896777892317,51.232509929747344
mp-865403,Tm2MgGe2,76.381,56.917,70.41064804943764,51.29703954181423
mp-865747,Y2MgGe2,72.846,54.985,81.36958081283453,57.6516061069246
mp-867932,Sm2MgGe2,68.5,50.773,56.11154105581206,38.80192109544595
mp-8846,Ba3Nb5O15,160.248,90.19,197.8421621989233,99.29500739975587
mp-975044,Li(SiRh)2,162.926,68.685,187.8787251393218,79.61711987726976
mp-977559,Dy2MgGe2,73.819,55.444,71.03159685913234,54.379552168867306
mp-1041411,CaBi4O9,85.547,38.622,134.4541700097669,66.88537443073426
mp-12931,SmTaO4,148.256,67.474,201.62522394042463,97.06282754985553
mp-3203,NdTaO4,146.512,65.377,204.0621566788877,97.18411138655932
mp-3444,ErTaO4,138.466,67.66,217.11581339765144,105.87468069804706
mp-4574,YbTaO4,57.297,36.824,239.36726068976577,99.26762542869348
mp-4875,GdTaO4,142.698,65.535,223.61733143015223,104.00490969996234
mp-5377,YTaO4,137.531,66.772,227.457274167774,108.27202870039612
mp-540924,NbTeI3,5.474,0.547,43.96741358999758,22.577221642243902
mp-5489,LuTaO4,138.592,58.177,228.73646911513435,112.3449041519822
mp-553961,ScNbO4,166.644,60.602,224.34635582372465,103.2964714151228
mp-558781,ScTaO4,178.016,73.282,234.79451042661344,115.39898133230533
mp-573051,ReO3F,6.734,6.173,157.22722977398402,78.50964971474278
mp-752426,Li3SbS4,38.534,25.974,65.9694618737975,37.96793503482895
mp-778364,Na6Ti2O7,46.367,25.335,98.2359447398784,50.56703507910533
mp-9595,NbInO4,161.141,59.303,209.89326453221025,95.9755087640482
mp-10086,YSF,104.335,54.195,117.42356960919348,56.68297222813212
mp-10105,UTeAs,68.521,30.159,80.52711919292818,40.80772694748033
mp-1018652,KCdSb,21.748,8.899000000000001,32.488481018363295,15.027866119639183
mp-1018720,HfVSi,160.956,60.257,184.10762461145805,104.1196363551726
mp-1018725,HoFeSi,101.221,58.103,96.76500260519734,60.726715541637674
mp-1018726,HfVGe,156.878,76.649,162.91234652519316,99.55204371155368
mp-1018752,LaTeCl,55.059,26.822,62.2748960364952,28.692371594167952
mp-1018786,LiMnSb,30.709,14.417,34.364506530067736,21.672505712314543
mp-1018803,MnCoSb,86.94,36.492,111.94114569711708,51.68040480362769
mp-1018814,NdSbTe,58.382,24.695,62.77722238804375,34.45679165451554
mp-1018818,NdTeCl,58.83,28.775,62.40361569949304,29.521021999650017
mp-1018828,NpSeO,104.067,116.903,166.78544043385455,64.58160962900476
mp-1018895,PrFeSi,77.229,44.381,97.76562498552532,57.3929885202458
mp-1018936,PrSbTe,57.378,21.419,68.50801558181135,35.30506777752008
mp-1018941,PrTeCl,57.809,28.206,57.46334589495337,25.42934162112587
mp-1018949,RbMnBi,15.6,9.919,23.89311676922592,13.60357186712931
mp-1019089,KMgAs,27.165,18.243,36.41013276342621,23.899789781371553
mp-1019100,SmFeSi,84.808,49.211,89.62883311305909,54.27626716448566
mp-1019105,KMgBi,19.85,12.079,27.855598268647977,14.570618812560344
mp-1019108,SmCoSi,104.084,55.758,98.04526321646424,45.02934633751981
mp-1019109,SmGeRu,89.845,45.174,114.76728858909016,52.52419662414415
mp-1019138,SmSbTe,59.933,29.721,53.48623986116391,28.57835599209708
mp-1019357,ThAsSe,86.821,41.691,109.90664730849856,53.67999912241682
mp-1019358,ThAsS,97.846,52.831,114.02573418797282,58.549142196064125
mp-1019359,ThSbSe,78.808,39.448,90.97727261634049,41.84215581566307
mp-1019360,ThPSe,89.668,41.079,114.22012712693046,51.682752977402785
mp-1019361,ThSbTe,69.097,31.492,85.06744951137543,40.77382994395579
mp-1019362,ThBiTe,65.77,28.967,71.39736043120469,31.5140480865932
mp-10219,YOF,123.796,47.409,146.07412727078955,76.93811740149398
mp-1029396,SrHfN2,114.728,44.495,149.87827984429907,83.71973907573975
mp-1029446,CaGeN2,125.73,224.054,155.60039662855843,94.95648512430571
mp-10322,BaHfN2,104.52,44.085,140.28102982863402,80.08853567439856
mp-10930,TbSF,105.651,55.746,105.28936388143784,55.362151566711994
mp-10931,HoSF,110.246,56.989,95.8629347256622,51.86180465081963
mp-10932,ErSF,108.999,58.212,106.3912050475887,54.240030280382875
mp-10965,DyAgSb2,67.671,36.442,70.21982196315231,32.33121523905449
mp-10991,YCuAs2,96.439,47.451,100.07837591830236,53.1593420693779
mp-12620,NdSeF,86.826,43.449,86.56339779022927,41.11795948273405
mp-13097,NaZnAs,36.358,21.583,52.19519858077073,23.838594070131013
mp-13920,Ba(ZnSn)2,43.515,20.036,52.098205647584,27.243531179850073
mp-13962,HfSiSe,70.196,53.913,144.54579656494863,92.5004937966604
mp-13963,HfSiTe,33.487,28.667,103.75459978191502,65.97154336358975
mp-13964,HfGeTe,93.679,60.152,124.25753574122868,74.69765012012947
mp-16236,KAgSe,27.612,13.172,36.06860891949558,16.33307400969943
mp-19808,Eu(ZnGe)2,56.803,35.695,67.31888111935204,33.24746080743989
mp-19832,BaCoS2,55.064,31.713,69.97362566837704,35.34473941635552
mp-19917,ZrSiTe,32.766,30.223,98.82491777125992,59.85023688503434
mp-19943,YCuSb2,74.523,35.383,81.35505300616651,39.756660534735694
mp-19953,ZrCuSi2,128.949,89.065,142.11388003404443,85.70840705817669
mp-20049,LiFeP,71.576,51.439,124.80502675421148,78.46548418701603
mp-20106,Li2NdSb2,41.162,21.469,47.35360033608511,29.73213017449241
mp-20133,NbCrN,283.872,160.729,350.5140935875311,148.4371161045614
mp-20195,LaMnGe,59.796,28.945,71.62184804093533,38.73005934102458
mp-20227,NaMnP,47.234,34.395,78.55142908730447,39.15394419452338
mp-20233,CaMnSn,40.38,24.968,47.06288795136331,29.627263529351453
mp-20235,CaMnGe,42.796,33.947,63.89564730420468,40.79852395118477
mp-20245,CeFeSi,82.529,33.359,117.59134786957388,64.92225371511591
mp-20333,PrMnSi,53.092,31.081,77.58961769552025,41.67558739993273
mp-20354,MgMnGe,77.255,49.889,100.56772641320744,55.19570628502459
mp-20384,CeAgAs2,77.05,45.902,92.70485871413676,47.42279661853217
mp-20400,Ce(GePt)2,122.45,15.575,142.31737940302585,45.954812515571234
mp-20401,HfCuSi2,139.708,88.21,148.3794000395478,92.51197225941009
mp-20422,KMnP,11.679,9.709,50.755748266834594,26.465025829183556
mp-20452,Ba(MgPb)2,30.681,20.078,37.629482955603144,21.598283568956912
mp-20531,NdCoGe,57.838,35.525,95.82359452966293,40.82629466640063
mp-20612,NaMnAs,23.526,22.44,42.78474266212782,28.326890973886655
mp-20690,NdFeSi,86.25,46.56,101.19339215257232,55.55275143470238
mp-20698,LiCoAs,48.848,30.049,114.33115312641826,60.3700775929137
mp-20757,MnAlGe,111.84,63.4,120.9129104100489,62.17635715379118
mp-20761,LaCoGe,61.994,33.99,103.3414543613428,45.77573205855206
mp-20791,MnVAs,98.235,10.115,134.27284882408384,44.88375418451699
mp-20815,SnPbF4,24.569,9.6,72.46114889562676,23.817053032773156
mp-20822,TbMnSi,81.024,46.765,94.57842031355833,48.71406832067659
mp-20913,UGeS,90.78,13.408,94.99765528769689,63.846332304014474
mp-20970,NaMnSb,26.873,16.61,29.921040161519315,20.081292959575578
mp-21096,CaMnSi,42.158,35.285,76.45944031503267,39.190309281028384
mp-21194,NdGeRu,82.192,42.405,120.7457300167748,54.780054953520995
mp-21249,YMnSi,89.902,56.086,107.9435648835225,59.95822466896048
mp-21271,PrMnGe,67.272,31.756,69.24964815423266,43.24664456931601
mp-21363,TbFeSi,97.721,54.466,109.89946213957973,59.73988585033261
mp-21399,CeMnGe,76.858,36.44,74.61171955797434,39.37448598651861
mp-21413,RbMnP,16.708,9.385,43.66271041492919,25.69409278810657
mp-21433,TbTiGe,81.218,52.977,80.64965674051125,48.77868676438041
mp-21471,LiFeAs,67.093,39.305,92.45565871182296,56.81811562029082
mp-21847,KMnAs,9.764,10.135,28.487160512180143,18.102645074146743
mp-21890,NdCoSi,69.818,39.38,103.6961106270133,48.3069573652613
mp-21907,NbSiAs,151.91,96.024,187.60105819787665,124.97224053289108
mp-22152,NaFeAs,48.294,33.541,62.17183855622386,35.31908743874307
mp-22159,UNiAs2,112.758,49.253,137.04172323354115,59.57586351467008
mp-22179,YTiSi,92.176,49.378,96.20996434667506,56.0441250555291
mp-22256,NdMnSi,56.943,32.522,69.40678424991094,37.38881394489635
mp-22446,Li2PrSb2,41.299,21.813,51.9530617953146,32.44371174011662
mp-22595,UAsSe,77.206,47.857,96.67188146530582,54.46140193074899
mp-22698,DyFeSi,101.371,56.128,108.07341631648504,62.00991863460569
mp-22939,BiClO,26.218,18.304,93.68929648096484,40.19254170027943
mp-22957,SrClF,48.203,23.272,56.91296722165953,26.28304761748012
mp-22964,PbClF,47.996,16.906,66.45189844787544,21.228030234282144
mp-22973,NaMnBi,23.646,13.384,30.028555596264756,17.029857632334615
mp-22987,BiIO,16.924,11.049,67.2625351581683,29.57769348231459
mp-23024,SrBrF,34.729,18.311,47.78098513722107,22.32273531367864
mp-23025,LaClO,67.468,33.92,99.25093706745784,37.77956015688148
mp-23046,SrIF,10.84,8.443,32.988677996518206,17.345138530377536
mp-23050,GdClO,70.235,31.328,110.05908429705876,47.02267781274877
mp-23058,NdClO,74.064,34.045,97.17566855549472,47.35587490328692
mp-23068,NdBrO,20.663,15.753,81.14883664388809,39.1987783250264
mp-23070,BaBrF,36.564,16.453,45.66456182501037,19.270536162964454
mp-23072,BiBrO,18.132,11.592,78.02978080381007,35.843955629559915
mp-23432,BaClF,40.624,18.465,50.924148002084685,21.074166662522448
mp-23856,LiHO,14.251,10.119,63.22913662226077,44.90904996758649
mp-23860,SrHCl,38.352,22.306,45.73926684210969,26.488639514889304
mp-24205,SrHI,7.823,6.04,24.81652483575054,16.934244244567235
mp-24422,CaHBr,14.185,8.906,36.55518970105319,22.593733443845913
mp-2468774,LiCuS,62.759,30.22,84.27603101562475,34.33494500204293
mp-27335,NaAlSi,40.723,19.975,51.25331300243525,30.542586631324163
mp-27546,CaClF,49.817,23.323,66.8234931872077,28.767239275690983
mp-27689,PH4Br,14.902,8.571,52.9158341340605,30.295144724539764
mp-27762,UBrN,21.314,16.394,106.98489245627992,52.688227566835465
mp-27823,SmClO,74.842,34.161,88.73998224805968,42.59297146424024
mp-27984,PrClO,72.722,33.187,89.28110495332966,38.73299773649499
mp-28066,ThBrN,24.781,20.167,107.4608543754334,52.033003771229595
mp-28067,ThIN,18.541,15.059,91.22010227809508,44.34149820755049
mp-29327,SmBrO,22.04,15.101,75.11961267047452,34.44934662244332
mp-29731,HoClO,67.211,30.398,92.76862801607008,44.59063067825042
mp-30208,YCuP2,113.331,69.552,119.7916560398076,68.69705605731609
mp-30273,AcClO,62.71,30.419,91.05917123452984,40.965832952428435
mp-3104,BaZrN2,100.324,40.749,130.89078194324927,69.34605938204743
mp-31209,Ca(BeGe)2,71.325,48.951,82.40578021495735,53.3020227754124
mp-3208,ZrGeTe,52.592,43.277,95.0865972201734,58.95345751305668
mp-3217,USeO,114.334,27.307,134.27259270449966,60.55826746361893
mp-3274,NiGePd,165.803,51.908,172.67858902166205,54.5732058544881
mp-3402,UTeN,38.078,30.992,117.07464018484472,55.94997110514035
mp-3718,ThTeO,79.236,51.071,130.9412729385629,57.68060246119323
mp-3799,GdSF,100.481,50.55,108.64820285339444,51.47253401637143
mp-3896,Y(SiIr)2,179.899,63.404,205.00205370393073,78.95946934008711
mp-3931,SmSF,101.622,51.669,87.15282462273001,45.40191467697759
mp-3938,ZrSiS,126.096,87.404,142.982410998828,87.73694396572608
mp-3992,PrSF,96.139,47.45,96.439194047827,47.28440975779834
mp-4083,MgCuAs,65.78,31.327,89.17092899259916,33.025392737620635
mp-4206,UAs2Pd,117.844,51.105,134.4255614831059,54.09882426813054
mp-4233,KMnSb,22.579,12.876,28.392628323595396,17.53427371499006
mp-4247,NaZnSb,31.291,3.953,37.310601617196234,15.424195759077415
mp-4374,UAsS,78.118,42.242,98.810226114318,63.20847292781751
mp-4495,KLiTe,19.903,11.932,23.66395327657972,15.277179858664644
mp-4628,ZrSiSe,34.808,26.884,127.79699478834542,82.2840024858827
mp-4743,ErTiGe,90.675,52.162,84.45302982040425,48.77108347047911
mp-4824,NaZnP,42.42,26.866,61.672097345524136,29.4115022535237
mp-4878,ZrGeSe,103.022,68.946,127.89474222675948,74.98231741893693
mp-4888,NbPO5,87.368,51.893,235.40811404537473,131.4527743258901
mp-4973,CeSF,84.351,46.483,90.96611025178213,45.87116149285887
mp-4997,ZrGeS,118.661,77.929,141.49516835143078,78.33350552812668
mp-5042,YTiGe,86.156,49.263,92.45774932641056,54.40532640353552
mp-504687,USnTe,60.998,22.01,76.89334492971996,40.643317867278526
mp-504691,LiMnP,88.94,38.837,95.16478518976209,55.94494656998009
mp-505005,CeSiOs,93.891,37.956,167.7984747570153,70.7545529360808
mp-505019,USb2Ru,83.812,53.613,138.96868946355815,55.20398345505361
mp-505249,Th(NiP)2,167.095,70.895,190.01737646717152,80.87097880937635
mp-505331,CeMnSi,81.905,22.855,93.33412474930051,51.09503290165064
mp-505332,LaFeSi,72.64,39.227,96.60469969652615,55.56695312094085
mp-505515,Sr(CuSb)2,62.734,13.558,69.17469264679445,31.020910296601244
mp-505803,MnFeAs,114.365,40.972,124.7725637696501,77.6414053532892
mp-5239,NdSiRu,82.341,48.599,125.06541440108349,59.31494915251286
mp-5339,CsNaTe,14.558,7.749,17.40255517726702,9.53489866104461
mp-5394,LaSF,90.315,42.488,95.98881645321974,43.28262916172091
mp-542757,EuClO,56.557,25.934,77.21210724887764,32.75657686847807
mp-5541,ZrVSi,156.335,61.897,175.2237113502679,96.08846703820292
mp-556382,EuClF,48.258,23.338,59.86163463009759,26.780020745304306
mp-556939,NpIO,14.177,11.809,80.82559709311445,43.60123714297401
mp-557483,YbClF,54.055,30.885,70.8420452918271,29.635908755075818
mp-567558,CsAgCl2,17.28,4.449,24.575862928261984,9.104058248646892
mp-567712,PrCoGe,60.752,37.899,101.66338962442283,45.87554294071915
mp-5760,NdSF,98.364,49.193,96.89233334143974,47.41192256369177
mp-5908,CeAsS,80.376,42.321,87.7701576869647,56.19935858883705
mp-5962,NaMgAs,33.163,20.602,42.2125476758788,27.240321472169093
mp-615314,ScCoC2,202.285,105.884,252.66512955458825,137.91225322443944
mp-643062,H4IN,9.349,5.553,52.564422571927494,30.997906059189063
mp-6973,CsNaS,20.614,10.436,24.31872572877981,13.143136261601434
mp-7089,KMgSb,23.427,14.48,33.126671717314395,18.58162324794771
mp-7090,NaMgSb,26.982,16.18,37.281137308440215,19.14927921442977
mp-7263,CaGaN,79.362,53.688,81.3158480824059,57.93201398912065
mp-7400,NaAlGe,39.291,17.053,46.6935632352715,27.617975306276083
mp-7433,NaCuSe,47.267,20.221,58.52339573068301,23.167330544640844
mp-7434,NaCuTe,31.971,15.202,50.67468704160533,17.530877724193875
mp-7486,BaNiS2,56.285,27.769,75.68247039597364,32.465502089218255
mp-753594,BiOF,113.68,39.898,127.61512654700412,56.36739728839501
mp-753712,YIO,18.076,12.222,75.98835687995866,35.90314240468563
mp-753848,Li(CuO)3,89.756,41.778,146.79717902979746,57.57101922753441
mp-754349,GdOF,120.948,51.007,141.49956607322093,70.0947206765891
mp-754515,BaMgGe,33.215,22.349,39.74780382036769,25.06938097478932
mp-754516,LiNiP,59.926,32.248,108.58743989911132,50.15750230482104
mp-755323,DyClO,69.64,32.308,98.4151063042084,47.204907817965825
mp-755480,KRbO,17.77,5.392,28.306710851539847,11.782079131302863
mp-756134,ZrSeO,144.42,74.86,179.60766553495233,79.18936159748942
mp-773137,KCaBi,16.088,8.723,20.757394798747196,13.590253401648075
mp-7915,ZrSiO,172.699,110.149,212.17285515495757,109.12834236123788
mp-7916,HfSiS,134.279,93.63,161.59725187670637,99.53613673434924
mp-7917,HfGeSe,111.031,73.615,145.8169246302491,83.28375712350623
mp-7918,HfGeS,126.583,82.007,158.0210505471655,88.60978425162503
mp-7935,USbTe,61.912,39.772,84.646223050192,44.58067311012921
mp-8136,ThSO,135.883,63.691,165.07354501566374,70.37074444333186
mp-8137,NpSO,129.63,70.286,193.28080949280536,67.983899202246
mp-8231,ZrSO,170.185,84.61,211.0856721562786,84.47673306683569
mp-8452,NaLiS,35.529,23.768,41.081872550210406,26.694378983942315
mp-8468,Sr(SbPd)2,76.461,1.084,85.36433482694478,32.77191629448574
mp-8539,SrSnP,41.51,23.276,49.097165191249275,27.079049794282906
mp-8654,PrSiRu,77.836,47.266,119.45942824622708,61.73982821774396
mp-8756,KLiSe,24.635,15.306,28.23645682571362,18.851199247792657
mp-8799,RbNaS,22.388,12.314,25.551961182675587,14.71514847916178
mp-9289,ZrSnTe,81.945,53.344,94.4589436029698,52.6083614994718
mp-9463,ZrGeSb,98.407,74.614,102.92522271305424,67.7958466914289
mp-9517,SrTiN2,121.679,54.446,160.02977603211772,86.25818819782924
mp-9562,LiBeAs,54.336,35.547,89.37868358402446,43.82015362457194
mp-9587,TaMoN,306.124,172.722,374.28104318413006,163.2068855801432
mp-9845,RbCaAs,21.936,11.138,29.2392166039901,18.422015759587826
mp-989192,SnClF,39.388,18.433,63.01179789293787,16.7305450562726
mp-989193,SnBrF,18.583,18.536,46.59190291076979,15.40122969570877
mp-9934,BaMgSi,35.072,24.366,41.15678300749563,26.91379043071316
mp-995147,PbBrCl,33.6,0.906,44.88723979857066,12.81255332356112
mp-29259,Bi2PdO4,51.718,16.451,138.2109341890097,62.65520951555468
mp-505042,Cu(BiO2)2,56.918,26.984,132.9586629641146,59.75989688112888
mp-569383,Ca5(CoN2)2,66.312,33.994,86.19263716064518,51.98609651626639
mp-618309,Bi2AuO5,124.209,53.326,129.10845828784326,68.85384180183259
mp-1029347,KPtN,66.018,33.563,69.96299927670863,36.142808489396984
mp-15607,Ca(BC)2,131.155,81.551,143.70104499697229,99.08363977983306
mp-15955,Y(BC)2,170.622,110.229,169.49466665101212,114.0189859128214
mp-19754,TmCoC,145.684,64.185,139.5902812784396,61.58965236745696
mp-20350,DyCoC,153.834,63.79,149.58184553134743,59.90003657931263
mp-20814,Dy(BC)2,175.354,114.935,162.35641458093585,127.36512836594984
mp-20906,HoCoC,147.431,58.45,151.77011416776975,64.24142624777332
mp-21422,YCoC,141.273,58.224,159.90934742830217,65.70229129002021
mp-28645,CaNiN,107.264,55.197,125.53607464356104,58.77953221809853
mp-29748,TePdI,24.702,12.965,64.79782322029206,21.92035826061324
mp-29754,SrLiN,54.044,28.446,58.977913022179614,32.07623037780773
mp-33997,TaO2F,183.266,91.41,213.56062354193975,99.3349846125149
mp-37473,TiOF2,134.531,70.894,151.1365746450093,74.12302462605494
mp-504677,SrPbF6,57.14,8.424,82.79520278866751,31.928685562880126
mp-756187,Li2FeS2,29.394,13.543,40.903207257028754,31.506120742546
mp-884085,Li2CuS2,21.596,10.234,52.28537372783981,24.17459782677919
mp-4287,Sr2SnO4,106.729,50.94,125.15820669862188,72.45858760776402
mp-18288,Ti(SnO2)2,63.04,19.604,127.796333503756,58.5268475264922
mp-22271,Cu(AsO2)2,19.387,11.732,104.31100780295422,48.53204477598341
mp-22467,Sn(PbO2)2,47.458,17.649,106.66701242946402,51.72595579171816
mp-27219,Mg(SbO2)2,49.538,20.282,117.95207001468496,63.452929549628216
mp-29809,Ca2GeN2,77.721,54.318,96.61316966045348,69.91137668458536
mp-5388,Zn(SbO2)2,43.305,12.537,119.99212692002736,53.87738087076865
mp-756132,Cu(SbO2)2,20.591,0.923,106.44657836914638,51.00921068046847
mp-9880,YB2C,177.47,137.397,210.83569352241744,151.85803647005562
mp-1199650,Nd2Fe14C,138.937,62.765,114.9450734605358,58.44106969178199
mp-19970,Li3CuO3,81.806,35.049,108.65236438400387,67.45729445262438
mp-3501,Er(Fe2Ge)2,98.162,58.284,125.6737507204156,63.355905144657626
mp-4214,Lu2Fe14B,128.894,73.037,143.3174368274775,75.40410817706834
mp-7603,Li2TiF6,52.093,30.935,106.2212546964428,57.1149368478948
mp-9906,Y(Re2Si)2,238.54,78.048,273.9102388279556,102.6608410143342
mp-1029498,Li6CrN4,84.311,72.584,131.1134430951377,91.12664149095689
mp-1029542,Na6MoN4,54.672,37.513,84.01176395706197,49.202565723284785
mp-1029656,Na6WN4,53.691,38.074,91.74468182284076,52.76799186031408
mp-1029726,Li6IrN4,83.44,58.897,128.73300760842915,77.68204544385344
mp-1029739,Li6FeN4,76.66,69.192,121.94479484008666,82.71499197242306
mp-1029826,Li6OsN4,84.062,64.411,138.7767196954031,83.65924544692382
mp-3503,Li6WN4,84.394,68.603,138.17851696874237,91.3615320018358
mp-38725,NaBH4,19.433,11.009,50.78901198174203,38.069790606504775
mp-5984,Y(BRh)4,229.147,99.894,259.5810707488502,103.10495076169272
mp-605860,Ba2LiN,16.114,6.4030000000000005,29.48023776295525,15.15335669553126
mp-756490,Li6MnS4,42.149,26.741,49.306037713409985,30.65203003113395
mp-8804,Li6MoN4,83.422,67.066,125.76083949639845,85.52317962047101
mp-1014168,CsPbBr3,17.687,7.34,24.277427053399492,9.58112557996964
mp-10165,KAlTe2,17.465,10.999,36.46572399063588,19.846948935021064
mp-10166,NaAlSe2,28.308,4.292,52.98270441755356,28.559541063310064
mp-1019544,BaZrO3,147.064,90.422,165.65095330307054,93.08926706384426
mp-10289,Ca(BC)2,135.308,95.251,143.07833456203187,99.0611818777544
mp-1029457,Ba(CoN)2,94.162,35.797,113.0116006336092,49.85456654007829
mp-1105622,Cs3CoCl5,11.595,6.079,20.466995950216766,8.909237585300145
mp-11918,Ca(BeN)2,112.136,62.379,132.10210616489545,95.98304808430387
mp-11919,Sr(BeN)2,104.82,68.742,121.4341759540186,89.87414813718242
mp-12266,CaCuF4,74.693,34.337,95.24880725915196,43.43361481328039
mp-12622,SrPdF4,62.819,23.43,83.4434756609517,35.79605728257977
mp-12623,BaPdF4,53.745,15.044,73.74094212477152,29.935305590527697
mp-12867,SrSnO3,138.388,83.126,156.67178296456518,89.2868236528563
mp-12927,Ba(BeN)2,98.183,62.055,106.56360123848988,72.91227005234755
mp-16648,LiSn4Rh,63.729,40.822,83.94180591907468,36.19972778090819
mp-19851,KInTe2,14.982,9.325,33.68040452886437,17.75628416977099
mp-20202,MgSn4Ru,73.432,49.19,92.34530009195802,42.4401158704287
mp-20408,InGaTe2,22.152,13.508,44.34308681096369,20.885374563720333
mp-21297,LiSn4Ru,68.495,45.755,93.25855118099884,47.79841463497121
mp-21894,LiSn4Ir,69.115,46.562,94.15796717736691,39.37552187321212
mp-22232,TlInSe2,22.596,11.724,46.0975931247552,21.90977113145597
mp-22255,RbInTe2,13.936,8.246,31.53415711436068,16.876411905146824
mp-22483,NaInTe2,19.763,15.869,38.56046205123931,17.960977278603895
mp-23488,Tl5Se2I,15.431,8.241,27.62423320245479,10.550836130075032
mp-23504,Sr2InI5,14.254,14.798,24.539186362003804,11.330976078826124
mp-23507,InSn2Br5,11.176,6.001,33.89983464293958,12.725558456354658
mp-23520,InPb2I5,13.937,22.207,27.217524071630766,12.040854204500432
mp-23534,KSn2I5,8.774000000000001,4.925,26.121298273990195,11.732102660510616
mp-23846,KHF2,26.337,13.538,39.26300099412524,21.680431670724957
mp-24668,CsHF2,19.452,8.117,30.14753088346136,13.379127401380607
mp-28843,Tl2SnTe5,19.458,8.949,38.44260953309053,18.09791874922666
mp-29764,RbHF2,22.876,10.868,33.954936026856394,17.451920708668677
mp-3019,Tl4SnTe3,26.737,13.957,36.263327629186136,13.9636360798591
mp-3387,CaSiO3,214.891,122.375,249.32795106348252,165.02330640773667
mp-3442,CaTiO3,171.657,106.112,194.26614556365652,109.25173621193426
mp-3721,SrHfO3,154.085,98.02,178.29147690152442,106.97485538332548
mp-4096,CeAlO3,185.363,42.507,217.19680895685272,122.53985733509823
mp-4651,SrTiO3,168.22,101.114,182.39847876448695,110.53353940021752
mp-5076,SrZrO3,143.03,87.474,174.1880469134156,98.33676206183978
mp-5309,KAuF4,22.107,10.288,60.10028294446695,25.27403796752682
mp-557233,AlTlF4,40.935,24.485,91.09777445958804,46.90406601107722
mp-669347,KCuF3,78.848,33.832,74.58087285799982,29.96175303206485
mp-7387,KAgF4,23.276,10.958,57.97671682993975,27.40417374430685
mp-753541,LiCuF4,39.822,12.424,94.932162051603,48.62984232823862
mp-760414,Ti3PdO,170.984,45.205,182.0396608304048,64.0787072489845
mp-8161,CaPdF4,75.302,30.762,93.8251885982254,39.60235067067273
mp-9075,CdCuF4,84.837,32.065,106.27624083460108,40.11274714121097
mp-9579,AlTlSe2,27.221,13.611,51.61107637251196,24.825339121094935
mp-9580,TlGaSe2,24.333,12.675,51.62392573333426,23.56856513820538
mp-997100,SrAgO2,77.721,41.425,92.1440768518376,47.244398288532906
mp-1023125,MgCuO2,126.208,71.609,145.0537119051546,80.41816131502519
mp-1047016,Zn(AgO2)2,64.706,26.799,108.82387748209592,57.5840873614905
mp-1047145,Mg(CuO2)2,60.487,26.547,114.24904413698832,69.01519582299478
mp-1047156,Zn(CuO2)2,63.223,33.875,120.1092010542642,67.99709308078472
mp-10523,CeSiO4,148.899,56.926,191.57107424040348,88.69882462724716
mp-13900,Sr(CuO)2,68.022,26.331,101.53410410686404,46.13029592617057
mp-15845,SrLi4N2,52.666,28.749,60.58868432356888,37.58808532917982
mp-28323,Pd2Cl2O,44.532,12.248,74.68300010616323,28.177256982545963
mp-31496,Li2Sn2Au,47.106,21.387,55.6688144782025,27.34962274919813
mp-33322,LiHoSe2,46.754,31.404,61.827986880104525,36.982335860776544
mp-33363,LiYS2,53.265,36.134,78.91788149414641,48.47389097738888
mp-33526,LiBiS2,49.655,32.521,71.08332486567586,35.7055387937137
mp-33588,Ca2NF,67.777,48.769,86.51713062694706,61.454744443291645
mp-33618,AgBiSe2,53.367,21.01,73.70903518058793,25.39333841406656
mp-33667,LiDyS2,53.412,36.047,75.12553343235693,45.27000192042032
mp-34081,NaYF4,68.677,32.05,91.23162542153734,48.36800100130797
mp-34477,LiSmS2,50.115,32.154,67.2892930675781,40.20534464275662
mp-35388,LiSmSe2,43.726,27.524,59.43057275432969,33.56627446687484
mp-35591,LiErS2,53.745,37.776,76.27265463484589,46.84732293604714
mp-35717,LiDySe2,46.015,30.614,63.06104926502281,36.51844258001433
mp-35869,TiNbN2,289.181,148.536,341.10810079209494,132.93696881927167
mp-36029,ErAgS2,53.466,20.563,75.56304579342452,32.4047358717417
mp-36052,ScUS2,98.649,34.446,111.66024068659436,59.99401086531759
mp-36791,LiNdS2,47.891,29.894,70.44002248916149,39.40556587132922
mp-36800,MgTaN2,243.254,173.986,310.36887345878836,175.49193906582295
mp-37879,LiYSe2,45.569,30.214,67.14518697545417,40.12688240669983
mp-38280,LiTiO2,170.849,122.647,220.5887938612912,112.5364636358483
mp-38695,LiTbSe2,46.042,29.91,64.62633013044506,37.74548377290457
mp-4006,ErPO4,141.94,66.446,197.01033864687113,104.8596165993334
mp-4104,HoPO4,138.301,63.957,196.28391008329385,106.27439625547342
mp-4200,ScPO4,149.784,78.155,230.79497535142977,126.89101992910324
mp-4820,ZrSiO4,202.03,97.007,251.46500027861663,129.0075494472459
mp-5132,YPO4,133.65,60.18,202.6394791321823,108.755639213001
mp-546125,ScAsO4,142.55,67.656,197.3345728969402,101.93094334501616
mp-5632,DyAsO4,127.515,54.647,172.44280913518858,85.86700856906182
mp-5767,DyPO4,132.418,62.37,190.17338858210732,101.55179213505728
mp-5836,ThSiO4,162.659,58.134,203.3358367652739,89.97360138700977
mp-5840,LiScO2,118.79,81.291,174.70164665603363,112.16670169316512
mp-675798,NaHoF4,71.34,32.839,86.52446870679552,47.134909182224376
mp-676416,V2CN,304.511,200.726,340.54940534031,159.05381117681856
mp-7374,Ba(CuO)2,56.503,21.409,95.2438594703098,40.27024953895092
mp-753306,YUO4,190.218,34.164,206.06979056646327,83.30534852596946
mp-754027,NaSmO2,91.596,48.531,110.3616560687416,64.13692845188136
mp-754605,LiLuO2,114.047,69.919,164.234671745434,99.775993902556
mp-755253,LiZrO2,158.131,100.522,204.45963630536696,88.01784733960656
mp-755586,NaLaO2,82.441,37.902,109.58503810377832,55.82776429816141
mp-7589,Mg2NF,104.566,73.225,128.9392958125264,89.8421761305226
mp-759897,Cu2OF2,45.218,7.397,78.34184120418652,15.84638198450107
mp-760408,LiZnO2,94.162,49.385,153.58320823136677,64.2269787986633
mp-7644,LuAsO4,136.399,63.025,196.1190958365586,97.97433905658788
mp-7962,YbAgS2,66.819,24.035,82.74788373376344,34.08218199339969
mp-8470,NaPrO2,84.293,42.149,111.1240885332254,59.44941238990974
mp-8615,NbBO4,249.352,141.476,318.5758039584609,152.06868998672948
mp-4672,TbPS4,38.774,22.162,82.30569837494595,47.13399809554744
mp-4998,Sr2IrO4,128.645,47.185,160.26792284982346,73.7142296365951
mp-755478,CdBiO3,100.02,28.386,131.17012067569163,55.822969327964344
mp-5073,RbNO3,18.157,8.683,86.991478147337,51.403241358700235
mp-10078,TbTiGe,83.674,52.086,80.41183445374563,45.84721309717156
mp-1018060,GaCo2Ni,177.04,60.729,189.17850742265364,63.65113137280672
mp-1018062,FeSnRh2,177.299,68.595,184.9506857508286,69.2754138683521
mp-1018066,CrSnRh2,167.812,69.419,184.0789354679186,64.89451283407085
mp-1018085,CoSnRh2,185.482,68.25,186.56297191555515,68.51775510255275
mp-1025154,UTl2O4,42.627,11.277,104.92608050403618,41.00816968449829
mp-1025158,K2PuO4,53.382,28.851,100.9101170899524,52.07960603428819
mp-1025165,Zr(VGa2)2,131.585,88.202,136.381221904665,90.38982218865756
mp-1025167,Hf(VGa2)2,133.265,85.459,140.80052408407275,93.67207822010772
mp-1025172,Ho(TiGa2)2,96.685,60.465,83.84275920801318,60.450734489571914
mp-1025177,Rb2CuF4,35.076,15.978,49.93357690061261,20.679407383840136
mp-1025185,Cs2CaCl4,17.305,8.639,22.779452069134983,12.110016007477778
mp-1025200,Eu2TiO4,133.071,71.88,162.7277578224366,88.17526179734755
mp-1025208,Cs2PuO4,36.666,19.028,85.48144383664439,44.86020570696176
mp-1025236,Sc(TiGa2)2,96.87,66.519,91.86861624650194,67.10220123562436
mp-1025237,Ba2RuO4,96.473,52.327,148.5534953516975,62.87065862830274
mp-1025238,Tm(TiGa2)2,96.793,62.39,86.92888770666556,62.11867551462518
mp-1025252,Cs2MnCl4,17.789,7.682,27.32022071005041,13.629321719256014
mp-1025265,Cs2CuF4,24.684,10.938,44.72474118041003,16.044051522782794
mp-1025267,Cs2CaBr4,13.971,6.614,19.833342979534933,9.620608779987526
mp-1025273,Cs2YbH4,15.699,11.197,19.628500282539328,17.450929215052387
mp-1025274,Cs2NpO4,34.259,21.565,85.58696363572297,45.238731632577135
mp-1025286,Rb2ZnF4,37.238,17.944,50.658199447164634,24.709615420612636
mp-1025304,Zr(TiGa2)2,112.537,70.165,107.50751222460194,80.2352668788264
mp-1025334,Cs2TmH4,14.059,10.2,17.2331405889958,14.083006911138645
mp-1025335,Lu(TiGa2)2,98.232,62.927,93.90756122136226,66.06916468977114
mp-1025338,Tl2CuF4,36.339,9.03,57.18268228784313,15.71614815763996
mp-1025349,Sr2ZrO4,117.107,66.772,139.7397700655698,79.29966950645453
mp-1025351,Sr4Bi2O,37.73,25.111,41.18602137258703,31.745475112950157
mp-1025358,Er(Al2Mo)2,134.393,84.07,135.2114697842403,83.14712283365601
mp-1025364,Dy(TiGa2)2,95.067,59.557,89.21577989980499,61.490441379928214
mp-1025365,Sc(VGa2)2,118.477,80.656,118.8362400282111,78.41863879935532
mp-1025457,HfAl5Ni2,126.648,84.924,135.68862793590827,81.08157886442787
mp-10259,Zr(NiP)2,171.208,14.663,209.0381684903253,79.36129143822367
mp-1029532,Ca2CoN2,74.548,47.916,102.34407667410028,62.80531331067086
mp-10311,ZrVGe,144.113,72.062,165.3461394849744,89.20479491512036
mp-10312,HfVGe,154.643,74.585,176.72399080826156,95.39906349157955
mp-10343,Sc2BC2,137.733,68.589,191.47687349238265,117.11716241018884
mp-10437,Ba(CuSe)2,67.478,21.124,67.79380935430592,24.6662329698784
mp-10453,Lu(SiRu)2,160.669,75.506,194.61814054280663,96.19953341625876
mp-10455,YTiGe,82.596,52.547,89.73406776496648,51.08582335424547
mp-10498,Pr2CuO4,151.748,37.87,162.08980737699042,68.64765537916834
mp-10626,Yb(SiRh)2,129.084,77.099,160.54976382572576,83.19384329712955
mp-1068300,Ca(FeAs)2,56.912,25.387,95.9921162779467,61.04848138555086
mp-10697,Sr(GeRh)2,80.352,53.198,123.10030140547072,54.45784147144557
mp-10698,Ba(GeRh)2,65.958,39.426,94.6786215995114,36.17343479165164
mp-1077929,La2CuO4,124.285,58.378,146.6098242503839,69.82403988980255
mp-10877,Ca(Al2Cu)4,81.186,60.736,102.98943719523,59.16036911204187
mp-10878,Ca(MnAl2)4,32.632,62.995,99.88842805282148,78.42532911589934
mp-1101329,Tb2SeO2,84.414,27.253,119.80794374756876,57.79004387786268
mp-11029,Y(Al2Cu)4,104.534,61.012,110.60841431263484,63.15346659258769
mp-11169,Ba(PIr)2,96.768,48.721,138.73255137013894,56.82119254207121
mp-11181,Cs(MnP)2,45.548,30.749,74.98702919009149,44.09128925770942
mp-11435,Er(TiGa2)2,98.06,61.377,82.4141554419126,58.60362199269061
mp-11436,Er(VGa2)2,115.021,76.361,97.37863577747832,65.23965586887927
mp-11445,Y(TiGa2)2,94.316,60.055,87.68282394352664,63.263724785429964
mp-12058,Er(PRu)2,169.707,99.704,198.65433079688597,100.4871185729718
mp-12059,Sm(PRu)2,142.12,93.691,182.72206776024345,93.4790869270176
mp-12061,Lu(FeB)2,187.743,76.06,193.21963090290689,99.92816628123056
mp-12063,Ce(AgGe)2,74.431,36.15,89.54742725193577,45.05959445717424
mp-12073,Ba(BIr)2,100.302,64.05,153.71587458213887,66.69087872661012
mp-12075,Tb(FeB)2,128.275,79.786,183.4910267560846,92.45728434289911
mp-12077,Y(FeB)2,126.563,81.112,190.8149071789719,100.06875943234807
mp-12079,K(CoS)2,57.052,30.734,93.89929853919692,44.58981878470868
mp-12097,Sm(SiIr)2,166.894,104.163,199.0467299375056,105.580405338342
mp-12098,K(PRh)2,54.245,32.9,110.45818391359768,40.62407866489371
mp-12100,Lu(SiNi)2,128.686,67.54,164.6915015088395,79.2568781794711
mp-12101,Lu(SiOs)2,179.764,83.799,221.46705805805504,107.95177623257835
mp-12716,LiTlPd2,94.163,36.325,101.86068988136203,33.141073201024376
mp-12783,Sr(CdGa)2,43.715,27.739,48.078034932824416,26.610062617165084
mp-12863,Ba(AlSi)2,38.836,13.543,56.04692078731269,32.791848689460465
mp-13398,Yb(MnSi)2,101.513,60.872,119.37744385178014,78.17495671173614
mp-13399,Lu(NiGe)2,113.636,44.0,142.7290479023507,60.54047204240635
mp-13649,Cs2AgF4,30.729,10.708,39.69071100664084,13.684173350667798
mp-13660,Ca4Sb2O,49.159,32.933,55.71684905952753,39.11653195517783
mp-13910,Ba(AgGe)2,55.955,30.515,62.65647287587768,27.762305958658395
mp-13911,Ca(ZnGe)2,57.614,15.908,61.29904006947942,26.043174637635772
mp-15157,Cs2CaF4,32.545,14.702,42.12314505076802,21.5964474463775
mp-15605,ScSi3Ni2,135.947,70.188,148.92103414751702,83.18864996885169
mp-15608,Ba(MnAs)2,7.36,2.873,54.107747122994795,30.10259709631916
mp-15968,Sm(CoSi)2,118.652,91.081,143.10528973654797,84.97465914944414
mp-16032,Pr2TeO2,70.35,34.028,100.1650861636064,44.76435799676985
mp-16033,Sm2TeO2,75.322,36.804,97.8091870222954,43.50252125894637
mp-16035,Gd2TeO2,73.923,35.465,109.55286018126552,53.07925197204312
mp-16036,Tb2TeO2,79.972,38.705,109.895295685983,53.09468881055198
mp-16250,Th(SiAu)2,127.616,51.748,155.52193441869915,47.9327508819682
mp-16259,Ca(GeIr)2,116.99,64.491,157.33096040669437,73.22358333376951
mp-16260,Ca(GePd)2,85.58,27.195,99.7881572229003,34.94851608293961
mp-18583,Ti4Si7Ni4,171.113,101.052,175.5531701998164,112.96207940673123
mp-19735,La2CuO4,142.568,50.382,157.86346474026018,66.46171900594119
mp-19787,Sr(GeRu)2,78.082,51.356,132.82728555597475,65.67086603128085
mp-19791,Ca(GeRu)2,103.004,48.899,142.31094732718103,67.79632110403043
mp-19824,Ca(MnGe)2,80.263,54.912,88.04000476923588,59.00062374857667
mp-19857,Ba(MnP)2,82.846,48.364,83.3720108125217,49.424729745445106
mp-20070,GdTiGe,73.046,43.448,91.46891613003292,49.46838767771326
mp-20098,Ba2PbO4,85.368,43.424,95.63442483217857,51.26995788345784
mp-20115,Eu(SiPd)2,100.771,44.183,120.410953306501,50.205733526375425
mp-20238,Th(FeGe)2,145.046,72.532,145.6981164958143,88.71811018832918
mp-20264,Tb(FeGe)2,109.098,11.686,117.75652931920924,64.39869987554756
mp-20352,Ba3In2O6,87.964,35.899,104.40613627432896,56.01026936255698
mp-20356,Ce2SbO2,78.176,22.121,106.35881932700022,47.6208265759563
mp-20542,Pr(MnGe)2,100.458,62.794,111.743215516545,69.43453904075105
mp-20563,Ba(CoAs)2,76.172,35.045,102.14593357560776,42.87968796862316
mp-20596,U(SiNi)2,186.818,66.072,168.76008234055396,87.63167860870924
mp-20785,Nd(FeGe)2,124.467,47.545,99.70588249704312,59.6730238384648
mp-20872,Sr(AlPb)2,33.025,5.34,37.7772499230899,10.710943037664643
mp-20924,U(FeSi)2,177.23,89.691,183.08170398565625,113.24271534436656
mp-20933,Ce(CoGe)2,121.349,58.575,141.94629619783268,69.94380408106205
mp-20950,Nd(SiPt)2,137.703,39.837,165.14680224553152,49.91193966705496
mp-21000,Dy(MnGe)2,115.114,63.746,107.09099526612545,73.72499903692317
mp-21020,Sr2UO4,96.41,40.606,90.02284381136433,43.2353962821201
mp-21079,Tb(GeRu)2,132.27,58.586,158.95393907856158,77.15622166108255
mp-21113,Y(FeGe)2,129.611,49.23,119.24401675000514,65.22068338360253
mp-21240,Gd(SiRh)2,142.427,86.63,171.51770395264077,84.87446185406503
mp-21281,Th(MnGe)2,133.86,65.888,143.1113040258802,78.62170585361918
mp-21366,Yb(GeRu)2,113.282,47.997,153.48910719188302,76.0408697121127
mp-21388,U(CuGe)2,97.198,40.432,116.1491293597617,57.885861212364226
mp-21415,Dy(NiGe)2,114.065,46.8,123.53838008326788,63.33640034287644
mp-22306,Eu2CuO4,134.635,52.259,142.51119321072906,65.47323861018171
mp-22412,Ba(MnGe)2,50.054,34.428,62.24446510906338,28.283371789794057
mp-22486,Tb(MnGe)2,115.215,64.592,121.2221643611038,77.5004806541918
mp-22639,U(NiP)2,198.349,57.604,195.3438969344014,74.3402429744375
mp-22760,La(MnGe)2,93.376,59.464,98.0642814587334,60.98907722250171
mp-22935,CsBrF,15.691,7.063,22.065370071159244,10.453687129918048
mp-22937,Na4I2O,20.124,11.964,26.77029139053487,16.71338220492413
mp-22978,Rb2MnCl4,20.776,9.004,27.02003969932996,13.556631824676844
mp-23484,CsAuCl3,10.16,4.998,36.20667392820148,12.260644493379536
mp-2371187,Cu2B2C,78.177,9.851,141.5067430470208,52.3600087299992
mp-23752,Cs2MgH4,13.137,9.216,22.957157858410152,18.929215373432555
mp-23954,Na2H2Pd,28.047,18.246,40.22166926752515,19.14235988054731
mp-23956,K2MgH4,23.064,17.351,29.26451685314203,22.586961707149857
mp-24517,Rb2CaH4,17.899,12.811,20.231481827566306,13.904152818135795
mp-2661453,Li2H2Pt,49.367,26.895,73.41174554845622,40.45401360873547
mp-27207,K2MgCl4,21.759,10.672,28.267786136976824,16.275261965764482
mp-27263,Rb2MnBr4,16.876,7.203,22.87134368367547,11.152575300399556
mp-27393,AlPd5I2,15.439,12.33,100.53393036170576,29.5418889509686
mp-27468,U2BiN2,81.939,42.907,133.20418858680438,63.524842698716306
mp-27478,Na3PaF8,42.892,19.864,88.78825620521764,42.09269896836932
mp-28497,Cs2CrCl4,17.295,7.552,28.927653729461,14.682425278433882
mp-28592,Li7Br3O2,37.683,25.035,45.36884234107256,30.082445650791783
mp-28599,Na4Br2O,25.283,14.596,28.420937584768645,18.57373637222629
mp-28610,CsAgCl3,13.37,370.484,30.524101085075177,11.859786906535764
mp-28627,K4Br2O,15.726,8.724,20.09542089036429,11.252819014038463
mp-2866,Yb(FeSi)2,119.518,70.986,139.0866344344688,82.9174743448253
mp-2877,Nd(CuSi)2,115.656,75.0,124.40243003995708,77.13846279131802
mp-28786,Zn(BIr)2,219.89,106.867,295.31275131493214,148.65992725606955
mp-28838,U3(SiC)2,136.797,80.702,161.1604199081071,64.64736819799407
mp-28884,Cs(FeAs)2,43.521,26.483,69.46732458634752,37.74950021671166
mp-28895,Ba(P2Pd)2,87.709,34.758,96.48095972017924,45.928906786329755
mp-28927,Ba(NiP2)2,104.512,96.35,107.91589116632154,56.22876170071489
mp-2893,Dy(SiRh)2,153.451,88.803,175.5025124812082,89.44701447787857
mp-2906,Ho(NiP)2,151.827,83.385,166.52587709300988,77.94056800328804
mp-2917,Dy(CuSi)2,119.315,75.813,125.36096227015952,77.61883492773256
mp-29207,SrMnBi2,32.353,18.785,36.59770916683314,22.735764291251396
mp-2924,Ho(SiNi)2,131.02,71.958,144.55582426245175,77.72156317284944
mp-2949,Ca(NiGe)2,80.39,40.148,103.39982540203208,49.19556440635582
mp-29623,SrZnBi2,30.573,15.677,45.140641439179994,18.4853890840248
mp-2965,Ce(MnSi)2,123.478,70.832,128.40376891739882,75.7586588723885
mp-2967,La(CoB)2,125.812,83.203,182.1271431770159,90.06892493692828
mp-29806,Cs2PdI6,9.131,4.015,23.41379134043608,8.920338308180286
mp-29873,Rb2CdCl4,19.054,7.96,27.904120191048648,11.451133022443011
mp-2991,Cs2UO4,35.463,22.715,92.94501745814492,45.14718463062702
mp-29964,La3(TaN3)2,165.266,85.631,208.1532819597296,103.49058076342232
mp-30004,Rb4Br2O,12.914,6.882,17.444398702951894,9.083811285778554
mp-30040,BaCdSb2,33.265,21.701,44.13971301263079,19.75254276771601
mp-3011,Th(GeRh)2,145.97,68.15,174.50964091563122,76.03002684857977
mp-30147,ZrTiAs,137.302,70.614,146.08002816855372,88.52670920137234
mp-30175,Ca(AlZn)2,62.198,40.313,66.52609884756123,41.68307600725384
mp-30177,Y(Al2Cr)4,116.53,78.364,124.48410864709268,81.79181343663168
mp-3018,Nd(MnSi)2,118.634,73.221,118.81862505711456,78.03101586901123
mp-30183,ZrAl5Ni2,119.733,85.414,133.1876885121345,78.93378643910229
mp-3021,Tl(FeSe)2,38.004,22.879,43.09291104076405,25.155724565178343
mp-3035,Ce(FeSi)2,142.193,77.717,155.85430757024125,94.2787934923037
mp-30426,BaCdBi2,30.641,18.744,41.06739171483496,17.030943811566882
mp-30427,BaZnBi2,31.416,17.133,40.898555646230626,17.95239606626985
mp-3065,Ho(FeGe)2,108.973,26.204,114.72605194564028,67.262162043435
mp-3097,Tb(SiRh)2,152.124,89.341,174.68895235643132,91.15641377527032
mp-31059,Ba(AlGe)2,43.029,19.745,47.958588827451806,25.87166206940855
mp-3108,Lu(SiRh)2,158.887,83.91,190.32073603324875,91.15560359496742
mp-31081,Sc(MnAl2)4,153.967,97.394,116.3724582711122,83.21726622364518
mp-3109,UGeTe,70.542,40.783,89.65904393720973,48.882077964389914
mp-31212,K2MgF4,45.872,26.717,56.68952925277851,35.248361105807724
mp-31411,Th(Al2Cr)4,119.17,87.328,128.63120992907304,80.69714141409028
mp-31438,YZrSb,78.942,41.125,99.08024023260847,53.28112681876183
mp-3148,Dy(SiPt)2,145.085,12.014,168.21915781355483,48.198050191205546
mp-3166,Th(SiOs)2,183.234,94.675,235.9672387423201,114.915502372264
mp-3190,Er(FeB)2,120.929,83.296,177.59143230582143,97.77574628174538
mp-3207,Sr(NiGe)2,62.062,34.524,87.43034329308243,41.11518008508323
mp-3210,Ca(CoP)2,91.812,81.218,145.98415825019816,75.16162489254562
mp-3218,Er(SiPd)2,134.258,52.4,138.44271535468394,63.947367673444504
mp-3239,Er(CoSi)2,131.977,94.295,155.19867821504587,96.65136750840742
mp-3241,Sr(CuGe)2,77.539,40.884,81.61196651779123,44.539173490420715
mp-3264,Th(NiGe)2,115.166,22.613,149.98778983993677,72.59875193376156
mp-3286,Ce(AlZn)2,72.027,50.611,84.88018045106219,58.96809277190975
mp-3292,Tb(CoSi)2,113.474,94.425,163.38432645214206,99.48684331553744
mp-3299,Sr(FeP)2,94.787,55.96,119.26881245741214,71.04387244287399
mp-3301,Dy(SiPd)2,133.933,53.071,139.80115085755693,64.73487118823665
mp-3329,Tb(NiGe)2,112.504,46.914,126.08545586319778,64.36364791335203
mp-3346,HoZrSb,80.205,39.455,85.45433574856042,44.00075761246928
mp-3349,Sr3Ti2O7,139.441,83.293,163.98077864744548,100.10267542598376
mp-3359,Ba2SnO4,96.443,51.646,118.30047448428104,67.24624117587082
mp-3376,Sr2SnO4,108.931,63.505,128.61772987056435,75.2466532037074
mp-3385,Sr(PPd)2,103.811,49.586,119.9826194539664,48.38445245718076
mp-3388,U(SiRu)2,326.477,83.923,210.94485103628807,104.2655137155493
mp-3390,Y(CuSi)2,118.289,76.153,129.8020434066455,79.34694820438985
mp-3412,Eu(CuSi)2,85.94,60.857,112.07138884132442,64.59564340000914
mp-3415,Yb(SiRu)2,133.202,67.203,171.92210865843217,90.64971470730922
mp-3437,Ce(CoSi)2,137.291,87.99,160.50380349790848,85.4319526255124
mp-3441,Y(SiRh)2,151.48,88.566,180.48206601148297,91.4316537890154
mp-3455,Er(NiP)2,151.308,83.931,170.4913381876676,83.69070258821225
mp-3456,Tb(CuSi)2,119.971,76.235,133.91269958390504,83.63594949550689
mp-3489,Nd(FeSi)2,118.239,79.69,134.811463470278,85.78738325900562
mp-3507,Lu(SiPd)2,136.258,48.004,157.36847294326668,60.847041093232605
mp-3515,Y(CoB)2,153.952,107.661,206.8821827299757,110.9806526748378
mp-35276,K(FeAs)2,48.787,24.423,65.9714648626157,29.404196771360937
mp-35417,Li3TaO4,103.312,91.621,203.10025233723124,129.9182085200523
mp-3579,UGeSe,83.522,53.059,99.91860505296869,56.2966840652929
mp-3585,La(SiIr)2,145.667,99.569,202.19060668242668,95.5802408925571
mp-3587,Sc(SiNi)2,151.528,61.909,150.6523553368887,78.671035151201
mp-3605,Th(CoGe)2,142.488,66.96,157.67268861827606,78.15351395055748
mp-36086,Li3NbO4,104.609,90.318,196.13411808941595,119.89849700975032
mp-3678,Tb(SiRu)2,152.051,79.93,184.10556413722463,95.2587487160322
mp-3701,Sc(Al2Fe)4,128.938,85.544,130.12650261853096,84.38631678268277
mp-3709,Tb(CoGe)2,131.45,70.892,144.72188938050073,81.94580243297032
mp-3758,Eu(NiP)2,108.198,74.64,139.934477143326,72.45276634415399
mp-3804,Sr(PRu)2,87.317,50.755,144.8223054549446,73.01968922510035
mp-3808,K2UO4,60.113,29.379,109.53038398521552,51.95180436408286
mp-3813,Ba2ZrS4,55.272,28.767,72.11970260341452,36.0541484608693
mp-3826,Ce(SiPd)2,124.834,56.202,137.70418502572434,61.3518282881311
mp-3854,Y(MnSi)2,125.819,76.237,138.86067294342908,86.59348307241453
mp-3895,Ho(SiRh)2,156.376,87.871,172.22730906315186,87.30037178647143
mp-3958,Er(SiOs)2,175.465,86.668,196.35401510303151,103.55290505885792
mp-3999,Y(SiPt)2,144.639,15.533,175.49278859963118,30.641258386914576
mp-4007,Nd(SiNi)2,147.126,70.97,139.48699948447748,74.90055825445802
mp-4013,Nd(SiRu)2,134.593,80.896,168.99898037692043,87.19927136653283
mp-4014,Pr(CuSi)2,108.486,73.831,123.11959729319598,71.19339404788509
mp-4064,Ca(NiP)2,105.433,73.682,140.38752764725945,73.19604754497962
mp-4065,Dy(SiIr)2,175.786,105.149,216.5116094408561,110.06335553557008
mp-4072,Sm(SiRu)2,143.09,81.584,162.48140136043503,91.55923903329156
mp-4073,Sm(CoB)2,152.954,97.846,176.88712978248162,93.29834102944888
mp-4075,TbZrSb,79.598,40.544,89.43509282482718,46.05761430501389
mp-4088,La(FeSi)2,114.246,72.994,141.68904673331417,81.87846428951225
mp-4090,Ce(SiRh)2,143.283,87.696,171.99486037614224,85.95408163476549
mp-4105,Ho(CuSi)2,113.63,76.348,126.11161832555884,77.12285748261512
mp-4109,Ba(AsRu)2,76.622,39.593,124.3930048292056,56.40816439723057
mp-4131,Sc(CoSi)2,154.927,91.058,164.72526362135363,98.53171509844135
mp-4148,Ho(SiPd)2,133.284,52.879,136.76259804408593,59.741637405297055
mp-4158,Nd2CuO4,136.726,58.915,151.18316721892157,73.96287904192599
mp-4177,Dy(SiRu)2,155.661,79.345,178.5707950654202,94.16265305201102
mp-4181,Pr2CuO4,132.588,58.074,143.2186208031812,67.88269924675727
mp-4195,Tm(NiGe)2,108.431,44.072,122.17361107580936,61.54789211998409
mp-4210,Sm2CuO4,142.528,60.204,148.37643330683528,69.20049772823485
mp-4228,Nd(CoSi)2,120.144,85.498,146.45155702149577,85.90280497561241
mp-4229,Nd(AgGe)2,81.818,42.854,85.46176553329224,43.26584520123515
mp-4250,Tb(SiPd)2,130.983,53.315,141.27290008721712,66.24531718342509
mp-4255,Ba(CuS)2,67.265,28.683,79.92088686698587,34.006352561221235
mp-4259,Ca(CoGe)2,73.576,61.567,121.8407603101472,67.13210731373826
mp-4275,Sm(SiPd)2,127.742,55.498,128.159167704926,57.684974675261195
mp-4291,Ho(NiGe)2,115.228,46.459,122.23409934006652,59.591249725028824
mp-4302,Nd(NiGe)2,111.919,48.011,121.9090175397373,59.85428277018793
mp-4305,Er(CuSi)2,122.639,76.33,130.23844920255638,80.21055849458897
mp-4316,Sr(NiAs)2,45.823,28.001,96.5077497520696,38.59649641825318
mp-4322,Pr(CoB)2,144.516,89.475,193.0980415670511,92.23096270991438
mp-4323,Nd(SiPd)2,123.29,57.139,137.00895199542416,57.59735739496152
mp-4354,Tl(NiSe)2,38.486,13.208,71.56507486334537,22.79604606268256
mp-4370,Sr(AsPd)2,79.52,32.583,98.25187201256176,32.89434636652093
mp-4395,TbScGe,71.319,45.392,66.51360879981672,41.02106172367714
mp-4410,Yb(Al2Mo)2,121.247,80.572,140.41274920834545,81.21187381999654
mp-4415,Ho(CoGe)2,135.84,69.868,133.33727018276932,76.21452456831419
mp-4433,Ce(SiIr)2,166.749,109.844,212.1076917391264,102.910894018845
mp-4439,Pr(SiNi)2,126.482,67.988,145.04618498477953,72.90204836712398
mp-4441,Ca(CuGe)2,79.246,42.085,87.67994628149897,47.89719427177237
mp-4458,Th(MnSi)2,149.607,76.62,157.6977833124149,88.60755070259556
mp-4466,Tb(SiNi)2,120.154,73.586,148.03663584185816,80.60941388757698
mp-4475,Tl(CoSe)2,32.334,20.186,78.9050720916308,29.372814424318932
mp-4484,Ba(PRu)2,88.019,48.795,129.31075095918942,64.81308338525703
mp-4488,Sr(FeAs)2,84.292,42.202,92.56466034742996,54.89199460068628
mp-4520,Y(CuGe)2,103.38,55.688,104.96325627348146,57.93858759881253
mp-4611,Th(SiPt)2,161.712,55.529,192.73742163774187,58.14625039203906
mp-4633,Yb(SiPd)2,108.371,40.803,127.5845557624326,54.18749755822387
mp-4653,Y(SiIr)2,173.891,104.133,226.47509809316904,112.50440220752677
mp-4656,Y(Al2Fe)4,123.771,84.62,125.42258032485684,84.89639852174777
mp-4668,K(CoSe)2,50.314,24.198,66.98283098748482,34.03944426466654
mp-4692,Dy(SiNi)2,114.571,73.379,146.293335154139,81.25733425124439
mp-4725,Nd(GePd)2,107.798,38.891,117.65899066862715,42.28695811046456
mp-4738,PrScGe,64.503,39.785,64.04908948085492,32.258903264405994
mp-4744,Ca(NiAs)2,84.598,39.082,106.8079235077102,44.070124868974816
mp-4767,Ce(SiOs)2,168.404,82.371,207.04865746989697,102.49640170238504
mp-4768,Eu(SiNi)2,94.667,58.471,126.15729786011194,66.63972054008238
mp-4793,U(SiPd)2,141.952,48.272,154.05461633622608,68.39302035795234
mp-4815,Pr(SiRh)2,137.912,83.789,162.20996559827563,80.68925411720133
mp-4822,Y(SiPd)2,130.582,52.738,143.02909217631654,60.11023347330418
mp-4854,NdScGe,65.782,40.817,60.78404147437461,35.34634064200208
mp-4861,Sr(CuAs)2,56.86,20.546,81.36603007107665,31.458791672153808
mp-4865,Er(NiGe)2,122.05,47.358,126.76055972035246,62.66776720376748
mp-4881,Er(SiNi)2,122.991,71.098,149.57414547945916,81.91529840712245
mp-4883,Ba(FeP)2,83.619,56.871,103.887817778263,68.82771792072718
mp-4889,Y(GeRh)2,132.96,62.331,155.18214768200124,70.41811651101568
mp-4895,UTeAs,71.159,29.644,92.65683563878991,47.287845583524664
mp-4896,Sm(SiPt)2,140.382,34.47,152.8301914112818,44.32035979416867
mp-4903,Tm(CuSi)2,116.757,75.636,132.4286134674201,75.92839803760708
mp-4904,Pr(SiRu)2,130.298,79.764,170.7766266338817,89.32098178575976
mp-4908,Y(CoGe)2,136.227,70.145,144.45366231961063,80.5596994492299
mp-4920,Nd(GeRh)2,123.385,64.855,145.79493060697584,64.71507070209404
mp-4924,Pr(CuGe)2,95.907,53.319,104.3634899808651,57.1435933476932
mp-4936,Yb(SiPt)2,122.842,30.453,150.29002664052123,8.648478002107167
mp-4939,Dy(FeSi)2,148.31,82.764,153.74738695584085,91.5786580342724
mp-4954,La(SiPd)2,120.576,54.617,133.02795553955934,51.10456926348211
mp-4961,Na2HgO2,42.323,23.423,59.07715005077866,31.508737886619897
mp-4985,Dy(MnSi)2,128.929,75.386,136.41277447937404,87.3345245232636
mp-4999,Nd(CoGe)2,111.275,67.306,130.09812279437526,70.69308491747212
mp-5000,Tl(CuSe)2,29.141,15.456,62.433307127073235,18.7314183501554
mp-5022,Er(SiRu)2,156.818,77.629,176.02097754492956,94.8876544338654
mp-5068,DyZrSb,79.781,39.479,81.96481253167305,44.39591019560917
mp-5072,Rb2HgO2,23.964,11.792,34.04577844783865,17.82301164244677
mp-5109,Y(NiGe)2,102.131,47.692,127.50809649821905,61.35733306670657
mp-5112,Pr(CoSi)2,120.671,82.295,152.09361221954782,83.11646615381957
mp-5127,LiCuO,69.627,32.616,88.92134903074314,48.47379392750931
mp-5129,Y(CoSi)2,133.147,94.082,163.0757439964943,97.4244777641919
mp-5135,Dy(CoB)2,155.789,107.738,182.52954459034524,104.5879811461405
mp-5157,Ca(PRu)2,102.347,78.667,169.41167818331346,90.76781240971266
mp-5165,Th(SiRu)2,168.505,88.638,204.7622416981434,103.0197325476212
mp-5166,Ca(AsPd)2,88.276,26.838,104.16297062455024,31.777148776144724
mp-5167,Sm(NiGe)2,101.792,47.319,110.98128499110396,52.52525209086852
mp-5173,Ce(SiAu)2,112.156,46.687,131.9523552934124,52.412694976545374
mp-5176,Y(SiNi)2,127.098,73.066,149.99091451119634,80.80555419735242
mp-5219,Ho(SiOs)2,173.944,87.971,206.886749571546,109.07241874212204
mp-5260,Ho(GeRu)2,135.733,57.245,158.22158191955745,80.90057878762417
mp-5268,U2SbN2,99.35,46.99,143.62409338358557,72.16502995015493
mp-5284,U(CrSi)2,149.59,89.167,151.76417657928823,82.54189939513815
mp-5288,Y(FeSi)2,147.103,82.397,156.4105807920725,92.84774625011389
mp-5292,Ca(SiNi)2,115.307,57.367,127.37657313969606,66.18340081633853
mp-5326,Yb(CoSi)2,110.853,83.937,152.68602759237072,92.5142032673172
mp-5346,Lu(CuSi)2,121.177,74.808,138.22867348638732,78.09309735935102
mp-5380,Ca4P2O,61.778,43.882,73.94947485513394,49.4678556443131
mp-5386,Er(SiRh)2,157.308,88.318,176.17119853542806,92.3400646405836
mp-5399,Tb(FeSi)2,145.871,83.177,158.6151100548716,92.55243511847084
mp-5400,Th(CrSi)2,134.222,45.909,131.50864524619777,71.54169950195643
mp-5423,Pr(MnSi)2,114.758,71.979,128.00804899183868,77.87597855169096
mp-5429,Tb(SiOs)2,170.188,89.207,214.2503492641988,108.01749339989156
mp-5451,Er(FeGe)2,134.12,48.299,116.55763502743628,66.51539693260163
mp-5452,Ce(CuSi)2,113.036,75.241,129.72794530837433,75.9392169819715
mp-5459,Nd2TeO2,71.289,34.516,102.58673945747498,47.25796552304987
mp-5486,Ca(CuSi)2,97.787,55.112,107.70191448001378,60.51584389922948
mp-5497,Er(CoGe)2,134.9,69.45,137.15658478760548,78.40521033070794
mp-5501,Tl(CoS)2,58.448,23.471,95.43844910961948,35.148457679696726
mp-5505,U2TeN2,85.916,52.251,146.13908136871044,78.01751246837705
mp-5508,Th(SiPd)2,141.173,63.454,158.3472285182748,64.72134166239562
mp-551675,Li3UO4,94.691,64.714,148.9471926454337,83.20116086807018
mp-551873,Ca4Bi2O,44.568,29.289,48.63107397329372,37.50724885781093
mp-552098,Bi2SeO2,77.867,26.569,111.72432350968757,49.08279642288417
mp-552265,Bi2SeO2,88.992,21.489,128.7804635630754,29.25686378586928
mp-5526,La(CoSi)2,117.558,76.385,146.41662713546611,69.8697173217759
mp-5532,Sr2TiO4,127.094,75.758,148.6155574289126,90.58090883965568
mp-554352,Ba2CuF6,57.176,21.226,81.48062413572005,30.922212631330954
mp-5544,U(Al2Cr)4,182.023,39.122,136.40623729232794,84.9638955250619
mp-5556,U(SiRh)2,162.197,84.537,195.76794370686864,96.062045049264
mp-5564,Pr(AgGe)2,81.263,43.123,85.17108498619761,42.830579896238824
mp-557018,Cs(CoS)2,53.974,34.445,77.67486224536907,36.60481349112126
mp-5577,Ce(GeRh)2,129.851,65.086,146.409845680218,66.31277558304204
mp-557929,Tl(Cu3S2)2,54.153,13.226,88.84158499520252,25.366498962760694
mp-558518,K(NiS)2,30.804,22.279,78.44799557312825,31.487135825066048
mp-5591,U(NiGe)2,187.564,19.633,143.6545456565895,63.737326386056885
mp-559492,Tl(NiS)2,54.929,16.781,81.64590566879993,25.62000218297473
mp-5597,Ca(FeP)2,93.804,79.373,145.27659459185782,90.2277014659795
mp-5605,Ce(SiAg)2,90.121,51.335,107.3933913530949,58.59320882514574
mp-560663,Rb(CoS)2,56.234,32.201,87.84422250823343,42.25964485687664
mp-5622,Nd(CoP)2,122.962,88.035,160.5964954613009,76.10508580379043
mp-5627,Pr(FeSi)2,114.059,77.796,145.4639121811078,84.37119539057404
mp-5671,Sr(CoP)2,88.052,45.893,123.73148387743169,54.52573756614564
mp-567203,La(SiOs)2,136.757,80.697,193.72756674064271,95.75856607533576
mp-567240,Ba(MnSb)2,29.349,20.062,39.02186614184289,21.095578018576067
mp-567458,Ho(PRu)2,167.766,99.097,203.17142996055787,102.00024930921418
mp-567513,Ho(SiIr)2,178.854,103.451,217.0423491376683,107.4784798638368
mp-567657,K(CuSe)2,29.409,13.033,54.89797548110174,19.875907413321265
mp-567723,Nd(NiAs)2,120.915,51.797,129.51931477517846,53.93904273524702
mp-567749,Y(SiOs)2,169.339,88.942,211.51771906252264,106.33103146147944
mp-567769,Ca(SiPd)2,103.239,40.154,121.92490896103185,50.82694125431264
mp-567807,TmZrSb,79.62,38.108,87.3451580937017,44.19868413289047
mp-567808,Tm(CuGe)2,102.384,55.871,99.30079729927336,54.035429514086545
mp-567818,Sm(NiAs)2,97.913,52.411,116.22625528591094,45.41962284205708
mp-568055,Nd(PRu)2,124.803,85.444,180.46472044911627,85.03921726137419
mp-568095,Yb(PRu)2,123.67,88.753,179.57160406222027,91.64197463734794
mp-568113,Ba(AsRh)2,73.313,34.329,110.56480555082172,36.31622390247169
mp-568137,Cs3Mg2Cl7,21.386,10.643,29.295699304937273,16.738694814619876
mp-568280,Ba(NiAs)2,64.021,30.44,87.12369212363396,31.47135262038837
mp-568371,Tm(SiRu)2,158.852,76.801,179.05546983334253,96.92995726541206
mp-568402,Sr(SiPd)2,90.986,44.751,107.75140003847828,43.7650201820972
mp-568509,Er(CoB)2,150.78,113.309,191.04926220947235,111.87454372706692
mp-568673,Y(SiRu)2,153.522,80.006,184.7393033491669,97.63829200232487
mp-568725,Dy(FeB)2,126.743,81.322,182.6785610784417,100.6603891876298
mp-568747,K(NiSe)2,36.261,17.982,61.59862031411588,23.87918372057266
mp-5688,Er(FeSi)2,132.768,79.147,157.6217045738956,92.4280671377566
mp-568940,Y(NiP)2,154.034,82.948,169.2284375551639,82.55822946993182
mp-569089,Dy(PRu)2,164.779,99.379,201.90456004591897,102.13238387217224
mp-569204,Tl(CuTe)2,27.8,11.85,56.51691726889474,17.397500955149887
mp-569247,Zr(FeSi)2,186.785,89.169,204.28247160908847,114.4349154264637
mp-569298,Ca(CoAs)2,93.548,47.963,101.31428310416338,37.49207106442808
mp-569310,Sr(POs)2,94.67,47.979,159.84125619498457,78.21400987660897
mp-569344,Zr(CoSi)2,150.78,109.355,200.72490094120388,121.41500893037808
mp-569408,K(CoAs)2,37.779,28.456,90.76507602035684,37.51776715319356
mp-569548,CsAuBr3,9.584,4.436,32.20707383215147,10.129454221138852
mp-569674,La(CoAs)2,106.913,49.656,134.58447735324933,47.56207073464708
mp-569697,Ce(NiP)2,140.681,70.203,169.6130642326584,71.75154183319268
mp-569737,Tb(SiPt)2,145.156,19.552,172.54893162216732,53.229632093170416
mp-5699,K2CuF4,43.612,18.902,57.658038883719655,22.64150043626056
mp-569931,Pr(NiP)2,168.532,79.991,165.4683733836826,72.60931937207768
mp-569974,Nd(NiP)2,153.813,81.693,161.4104580375228,78.16461866273349
mp-570091,Rb(CoSe)2,47.913,24.585,58.66870874119323,29.31418298075207
mp-570198,Ba(ZnAs)2,47.429,24.024,58.08050626072148,24.157812372615616
mp-570452,Y(SiAu)2,114.468,42.308,140.70693487981148,49.71369290967987
mp-570554,Tb(PRu)2,160.356,98.512,208.90589767504565,105.22530400761302
mp-570837,Cs(AsRu)2,43.315,25.056,98.31910960451742,44.811199639297065
mp-570910,Rb2CrCl4,20.171,9.206,29.058412221160975,15.63015165831799
mp-571147,Hf(SiNi)2,187.543,76.808,190.9997449712016,98.73261558784314
mp-571203,Sr(CoAs)2,79.041,33.717,106.26537554070312,39.636328136745874
mp-571339,Ba(CrAs)2,54.127,33.133,74.0134570158134,41.51372094711419
mp-571343,Cs(CoSe)2,49.34,25.52,60.048629985913074,29.30294030131203
mp-571350,Ba(AsPd)2,75.501,31.358,97.9722427575046,35.05979099970606
mp-571367,Hf(CoSi)2,158.095,106.783,204.84255960391897,119.06601641395407
mp-571485,Tm(SiPd)2,135.34,50.944,137.54784277277244,63.12872827387855
mp-571500,Ho(FeB)2,122.263,81.927,181.20117515096447,100.65396319388408
mp-571552,Lu(CoGe)2,133.386,66.56,157.8615719087587,78.42356627179021
mp-571586,Nd(SiOs)2,152.083,88.505,193.17333492138383,95.03439938798444
mp-571665,Ho(SiPt)2,145.703,3.08,159.8747659778482,29.10975189993462
mp-5720,Ho(SiRu)2,159.103,78.475,179.48679953731434,96.09789333585618
mp-573563,Sm(CoP)2,140.398,96.947,158.33267984647233,78.54069205273056
mp-573995,Ho(CoB)2,156.483,110.53,199.04007468829215,111.95787665122306
mp-574199,Sm(NiP)2,138.122,83.438,151.86755259130388,74.96475588943238
mp-574235,Yb(NiGe)2,85.789,39.352,121.0104094883266,57.49882375226285
mp-5752,Tb(SiIr)2,175.73,105.01,225.22822035355492,114.0314193024601
mp-581754,Eu(PPd)2,109.711,50.704,126.42333739439968,49.54177640204656
mp-5819,Pr(NiGe)2,116.144,45.239,120.06039679926316,57.01777042886797
mp-5820,Ce(CoP)2,140.722,95.364,183.8656679141087,75.89292265910177
mp-5835,Ho(CoSi)2,135.687,94.372,152.6347041895932,92.25039604698593
mp-5848,ErZrSb,80.18,38.697,84.41030670485458,42.79380908552814
mp-5852,Pr(SiOs)2,146.212,87.485,200.66188716639996,100.1074708014268
mp-5916,Yb(SiNi)2,106.765,58.089,145.30821041809784,76.77373406268246
mp-5934,Yb(CuSi)2,98.953,54.255,123.55755076621551,67.99766272139063
mp-5948,Th(CuSi)2,133.026,75.141,145.65649845984916,76.9649225511141
mp-5976,Dy(CoSi)2,120.084,94.317,158.3248348804282,96.91859801810354
mp-5982,La(NiAs)2,113.37,49.769,127.00301048121418,46.493896184449106
mp-5983,Tm(CoGe)2,131.945,68.577,134.62919946268806,74.87180426357138
mp-601285,MnGaNi2,157.893,62.601,179.09339622798657,54.19965658478321
mp-606604,CsLi2F3,43.461,18.167,43.72024537423304,18.696728823871553
mp-643257,K2H4Pd,14.628,8.069,27.524622608691462,14.71029109464104
mp-643260,Na2H4Pd,20.548,11.385,39.90742996759007,21.62751785356908
mp-644389,Li2H2Pd,42.316,29.177,57.57884356025097,38.128880485245105
mp-669918,VSnRh2,187.018,77.938,190.6195882828995,69.8966316067116
mp-672294,Eu(CoSi)2,101.06,77.888,136.8833714841918,79.94425482398371
mp-6926,Ca(PPd)2,110.532,46.871,129.85129230131665,48.639282007359625
mp-6940,U2IrC2,185.335,50.107,208.31766105016288,66.57198136406417
mp-6957,Ce(FeP)2,129.529,90.105,164.09026203972914,88.53011382046051
mp-6961,Sr(SbPd)2,69.54,20.054,80.53685827192379,29.845462237968352
mp-6962,Ba(AsPd)2,63.365,33.454,87.02517824119921,29.718104182883295
mp-6963,Ba(SbPd)2,63.981,26.896,77.05875191054265,30.546987774390058
mp-6969,Sc(CuSi)2,124.705,66.368,133.97997502084414,75.93751269791538
mp-697096,Na2H4Pt,22.706,12.865,47.80864142284729,26.316562121600224
mp-697133,Cs2CaH4,15.217,10.568,17.327982865485456,14.38977950190515
mp-6979,ThGeS,98.687,59.761,120.47074245415784,66.4632466759537
mp-7170,UTeP,69.175,45.435,96.28355060358729,49.43123114772891
mp-7232,Cs2HgO2,20.095,8.569,29.52274498997039,14.099477138150164
mp-7298,Li(CuP)2,92.396,37.221,105.13475882329595,33.66849921538285
mp-7349,Ba(BRh)2,83.444,49.618,140.3048843501087,60.588632488596694
mp-7361,Sr(CoGe)2,71.077,52.128,103.9198906276428,54.31196265528918
mp-7363,Sr(ZnGe)2,53.367,46.735,61.1306912828184,28.501684430896404
mp-7364,Ca(SiAu)2,93.089,36.257,112.7443569967951,42.18785455175245
mp-7365,Sr(SiAu)2,86.085,41.023,101.39266585143912,44.10430336048105
mp-7366,Sr(AgSn)2,49.71,163.745,53.83535451056062,23.210184341956616
mp-7422,Ca(CuP)2,90.672,53.158,104.94118629473878,45.52114222497468
mp-7426,Ba(ZnP)2,55.357,28.964,65.12580783209819,27.649306983396254
mp-7469,NaCuO,47.66,22.586,69.91625346586822,33.10376599864384
mp-7470,RbCuO,28.024,12.071,46.70530502344074,19.884694578962797
mp-7523,Th2TeN2,79.455,38.563,141.03597865758906,68.19405903330755
mp-753192,Yb4Sb2O,53.82,36.155,63.56816063089566,44.684374332063726
mp-753371,LiCuS,32.045,8.094,48.28213051536869,17.30025978444949
mp-754128,Ba3Hf2O7,124.136,71.974,155.0266841169338,92.73299739999958
mp-754322,Sr2CuO4,104.977,56.612,130.54161982481773,61.64969959351022
mp-754327,Ho2CuO4,150.981,58.736,168.21683573453305,82.57123261147733
mp-754363,Ba2HfO4,109.181,59.646,138.01218919868532,81.54049034105188
mp-754364,Y2CuO4,144.406,57.572,176.02168769108607,89.61615295190065
mp-754475,Tm2SeO2,89.409,29.031,102.99549314408787,57.13704927647656
mp-754808,La2MgO4,132.923,78.047,150.74188595095546,83.74924112748168
mp-754976,Cs2BeO2,23.555,8.606,34.25077516047612,16.418981490051944
mp-755293,Sr4Sb2O,41.23,27.873,47.80356345117419,33.9316062794381
mp-755609,Y2SeO2,84.366,25.303,120.7075201012199,62.63431240471815
mp-755895,Ba3Zr2O7,119.003,67.526,149.24826503982737,83.56826999667601
mp-755959,NaLiO,38.429,16.356,45.77038593087692,25.826624080912637
mp-756235,Ba3SrI8,19.59,6.651,21.94390097318669,10.422497754325038
mp-758741,Li(FeP)2,126.556,66.399,178.42979236766635,105.73895508555026
mp-7600,Th(FeSi)2,146.711,88.832,166.74693278267085,107.31354140857694
mp-760417,Rb4I2O,11.88,5.095,15.655408904244576,8.686960267380858
mp-767525,Li6SbS2,34.924,12.923,38.99020433658569,28.44858082411303
mp-768305,Sr2HfO4,122.77,72.528,144.4109923145333,86.69259165889594
mp-768368,K4I2O,13.588,7.139,16.538926412480585,10.813869320766344
mp-769253,Dy2SeO2,85.195,26.274,118.00061277675763,59.557239134368885
mp-7707,Zr(SiNi)2,179.797,82.806,184.9893333170337,102.76411973688712
mp-7725,Na2UO4,70.652,33.502,122.93923069410776,55.266091372558776
mp-7739,Ba2ZnF6,56.113,23.869,78.33382231361335,32.00982165730407
mp-779517,Sr3Hf2O7,135.285,80.788,159.6990729336507,95.2494902748533
mp-7875,Ba(MgSi)2,49.007,39.07,50.95401476441802,35.94146585158839
mp-7876,Ba(MgGe)2,43.231,32.923,50.81266942585592,34.2526919016084
mp-7877,Sr(CuSi)2,86.566,55.773,99.2709447928904,55.76568184533491
mp-7878,Ca(AgGe)2,64.213,26.011,71.21347315361146,34.25740791005987
mp-7879,Sr(AgGe)2,59.767,31.348,63.579748264443815,31.61847705905688
mp-7880,Sr(SiAg)2,71.734,41.392,80.32911145899956,44.601228302350535
mp-7881,Sr(CdGe)2,46.529,4.623,50.32316372256637,19.495416541256215
mp-7882,Ba(AgSn)2,47.006,4.63,56.49090084185528,23.908785520333637
mp-7911,KCuO,33.195,14.741,51.87517178899089,22.798383002987084
mp-8250,La(NiP)2,124.941,75.844,143.78595249118118,60.39293993255461
mp-8298,Sr4P2O,50.236,33.556,58.93590104261176,38.78517249307275
mp-8299,Sr4As2O,46.741,32.082,53.934673375767254,37.3625177566755
mp-8300,Ba4As2O,38.918,21.736,44.82929642200468,27.27526858386274
mp-8310,Li(NiP)2,111.137,44.076,155.9642797964367,68.4349083097127
mp-8320,SmScSi,69.1,43.35,61.517439885034456,39.316161051739755
mp-8335,Ba2ZrO4,105.829,56.479,133.3863585845653,74.44554246979851
mp-8375,Th(SiTc)2,151.246,38.343,179.85836287557697,79.2456365165041
mp-8528,Tm(SiRh)2,157.698,86.03,176.14918559944155,91.98624089917844
mp-8582,Eu(PRh)2,133.042,72.154,154.9285517907364,63.592366093338455
mp-8583,Ba(PRh)2,81.062,40.46,113.7829246613346,40.847964769593666
mp-8603,RbAgO,24.529,4.133,39.00393481644894,17.022836983498664
mp-862993,ErMgSn,58.946,37.695,55.53136819955023,33.01847536076891
mp-864745,Na3ZrF8,41.055,16.564,79.62449572030272,27.898843245107734
mp-864765,Na3HfF8,43.786,17.57,83.87033812956291,29.713729628630148
mp-8666,CsAgO,21.37,8.448,35.11349947801132,13.286578987950948
mp-8672,La2PdO4,120.843,51.1,148.19570424140244,66.58291662921602
mp-867221,Ce3(TaN3)2,171.176,85.541,215.3161121008289,110.15118629394212
mp-867348,DyMgSn,57.967,37.406,55.61488840626738,33.87432851703793
mp-8676,Tl(CuS)2,28.231,16.05,71.5522351220836,22.09354091613408
mp-8682,Ca2SiO4,152.578,98.816,188.27499524333948,129.42037972336598
mp-8789,Ca4As2O,56.917,40.92,64.68922943162822,46.438228266275985
mp-8818,Ca2ZnN2,81.76,44.53,89.17609686869439,58.52807849516462
mp-8861,Rb2MgF4,39.398,21.019,49.62209017947112,31.59260718134092
mp-8962,Rb2HgF4,32.512,11.131,39.0426879222785,12.048646923613337
mp-8963,Cs2HgF4,28.269,10.514,38.9759672397856,12.045556754975207
mp-9179,Ba3Zr2S7,59.427,30.289,77.69340948916744,37.945910872497365
mp-9247,Ba(CuAs)2,58.575,26.516,74.0492802931339,29.767677996928654
mp-9306,Sr2ZnN2,67.594,35.522,72.12865696564464,44.63494557293931
mp-9307,Ba2ZnN2,53.731,23.848,60.36431425515673,34.638861978853704
mp-9321,Ba2HfS4,56.786,30.354,76.86116366057563,38.97007154762752
mp-9473,Ba(NiP)2,76.493,36.39,99.8883776638826,42.190127652852595
mp-9583,K2ZnF4,45.168,20.696,59.0162904003599,26.840681637869498
mp-9610,Li2CN2,49.164,19.417,80.77039656783609,56.32874144042951
mp-9690,Ca(AlGa)2,58.788,11.435,62.04119833444428,38.587789339417455
mp-972680,Sm(AgGe)2,83.302,41.54,84.52625796247258,43.10840453072668
mp-975359,Rb(FeAs)2,39.583,24.942,68.55726958699033,31.232452032371565
mp-978853,Sr(GeIr)2,90.062,63.466,149.26847386426968,67.21461679409936
mp-978986,Sr(GePd)2,76.495,31.552,91.93184130911308,33.324562933336104
mp-9799,Yb4As2O,62.732,42.842,71.24713885225027,46.96558854835665
mp-980193,Ti2H4Pd,139.691,64.14,168.51175063545048,84.45104077441987
mp-9986,CsAuO,22.044,8.773,40.28666741852097,15.759419880189125
mp-10326,Zn(ReO4)2,26.19,12.192,154.9126340207152,66.63275609709441
mp-555678,Na4Ti5O12,133.543,60.956,177.50387816192952,93.60580337878172
mp-8724,K2TeO3,23.313,14.44,64.09131455293375,32.4917962593424
mp-1103642,Ag(Mo3Se4)2,47.099,12.815,136.61516611783878,66.31169993322551
mp-13545,BaIrF6,26.708,10.041,115.2667552739644,41.34138909792034
mp-13610,ZnPbF6,20.125,16.281,94.7597355696444,34.79147245642351
mp-13641,TiCdO3,148.77,42.573,182.17181552645903,80.79708906747763
mp-1383723,MgBiF6,15.823,16.557,83.28221675947324,40.20900338471706
mp-13903,ZnSnF6,21.356,19.106,111.49663525323108,44.725481111147786
mp-13907,CdSnF6,12.236,11.044,94.10391524396692,36.93745068885315
mp-13983,ZnPdF6,40.303,21.554,126.1417875193666,51.48048408249808
mp-13993,Ti3NiS6,73.57,41.198,114.15465665509892,64.94145931521376
mp-14142,TiZnO3,169.135,45.719,210.26090914851244,96.9755392268679
mp-1445082,CaSbF6,7.511,11.184,64.51298647466852,28.131483292341414
mp-14628,ZnSnO3,143.83,32.654,174.40952243947865,84.24659583964163
mp-15637,ZnRhF6,35.559,19.802,125.56711175203182,48.46501501944617
mp-15639,HgRhF6,24.756,8.073,109.78518347201933,35.680766256904015
mp-19734,MgPbF6,20.958,19.324,92.90802035747174,40.16059406108053
mp-23054,NaBiO3,57.489,23.569,107.5664292560988,59.83809562550181
mp-23546,Na2UI6,3.215,1.937,21.89582478377309,9.45635580217222
mp-27176,NaMnCl3,27.676,9.818,41.20703028177597,15.139763391017636
mp-27421,RbBiF6,13.584,6.409,73.66345305084663,31.75353620783709
mp-2928,FePSe3,17.852,8.942,57.85331114401293,34.356773405727246
mp-3043,Sr(Mo3S4)2,58.991,7.572,151.78124930216669,72.18656230118178
mp-30943,MgPSe3,10.068,6.5120000000000005,56.940032688304505,34.67825807937716
mp-31096,Li3AlH6,36.478,24.109,47.269276492593946,37.756660051740205
mp-36508,SnHgF6,16.357,9.206,91.36556214761382,31.018270322506623
mp-36662,Ho(Mo3S4)2,91.502,45.48,169.60003749881375,83.54719144776485
mp-3759,MgGeO3,167.305,81.692,198.6505958819483,119.46395270219703
mp-3771,MgTiO3,161.087,74.471,200.8954597080831,112.6084569367558
mp-37784,La(Mo3Se4)2,68.329,34.084,145.0863375380599,75.33859596879752
mp-3779,CrSiTe3,12.075,4.726,57.41583266661653,31.872108149426943
mp-3835,Ba(Mo3S4)2,54.991,14.911,147.8352868817633,70.9146244600584
mp-4608,KPF6,23.365,7.181,100.2048237970199,65.21944642724557
mp-541449,CrGeTe3,12.438,8.261,53.39450524312289,27.881120153997053
mp-545999,AgSbO3,86.643,0.01,141.39566575545945,69.8456674736926
mp-5924,MgSiO3,189.894,103.854,239.26260596746673,156.37861660186536
mp-623024,TiCdF6,16.341,14.26,101.9723019085238,42.61232747748789
mp-675104,Na3YCl6,20.048,8.16,34.02113962109367,16.433508132792753
mp-676058,V3NiS6,77.971,102.936,120.26504031910586,70.01390693985118
mp-676512,Na3AlF6,47.494,23.772,79.26905192793024,46.675907666745886
mp-754246,TiSnO3,25.074,17.517,123.01531410275965,62.238913712676776
mp-754701,CaTiO3,135.519,52.0,170.57662286183205,87.96406032902983
mp-755225,Li8ZrO6,93.569,55.213,119.8719552694144,80.49634685767796
mp-776083,HfSnO3,22.014,14.412,115.87567554765494,61.10101234415803
mp-776320,CuAsO3,50.551,6.569,157.6776548688677,92.580639005454
mp-780260,TiGeO3,27.439,16.375,139.74496092500152,74.76178073680707
mp-7921,MgPdF6,30.483,22.643,126.20951860920675,56.527029266491105
mp-7922,CaPdF6,21.718,12.227,109.57187758073192,44.271898675968245
mp-8096,ZrCuF6,13.999,6.777,108.95622828432552,35.90292788976207
mp-8255,CaPtF6,19.548,11.715,109.58203969691654,40.12375202487824
mp-8256,ZnPtF6,33.853,19.578,129.77405047118705,48.39249140502352
mp-8275,CdGeO3,147.362,45.555,172.8266439147025,88.52389703137722
mp-8285,ZnGeO3,163.128,42.095,199.4714729706806,105.43258319343576
mp-8290,BaSnF6,35.683,19.878,96.79602120548137,42.8376493034736
mp-9056,ZrPdF6,7.646,11.439,105.63413786762833,36.956005867772795
mp-9330,CdPS3,11.099,6.8469999999999995,62.19764641098943,31.508954162497727
mp-9636,CsSbF6,11.184,4.926,76.02825243630475,35.30581687514372
mp-9819,RbAsF6,15.18,6.896,81.73824528162356,45.778437381267054
mp-9927,MgRhF6,22.148,21.445,125.41212383404836,50.22891668736132
mp-1029868,Sr5(SiN3)2,81.348,38.641,109.27393471461598,69.53780656497325
mp-10417,KSbO2,23.533,16.167,75.4634079662678,37.196050787553425
mp-12647,TbNbO4,134.127,53.917,212.5734047802751,101.95654216343875
mp-12862,LuTaO4,161.12,73.874,243.7068113013431,120.32002912907464
mp-15113,Na2Si3O7,101.485,67.825,199.4653292147056,124.98000789021276
mp-15254,Li3AlF6,47.682,29.604,94.67132790337394,55.37613665346304
mp-17518,Sr2TaN3,69.088,38.896,131.96809449808802,68.5179660036447
mp-17701,Sr2NbN3,70.857,38.942,128.4460531505474,65.04032544290027
mp-17702,Yb2SiO5,81.431,30.023,177.57609075022688,98.98949065324976
mp-17892,Ca2VN3,93.415,50.422,148.27769872658504,80.73689242056643
mp-2356866,PdSeO4,23.43,10.796,105.32073804001313,52.90270157563078
mp-2456411,CsCuCl3,7.946,4.371,28.736317685598287,11.82840533457826
mp-2677258,PdSO4,27.378,13.766,123.902088705508,70.18589279013459
mp-2679737,Tl2CS3,7.347,3.907,32.31050846608487,15.55502171157946
mp-27577,Cd2As3I,36.257,18.64,50.248520538147574,26.883626253040187
mp-28810,Na2CS3,16.312,7.334,42.12115961818889,23.495131992875184
mp-2931,Li2TiO3,110.301,71.679,167.2501799872148,106.1570602221056
mp-2933,Pr2(ReB2)3,212.95,119.223,256.63408199277416,146.43596178670708
mp-29396,Cu2PbO2,49.45,17.547,97.15119004067466,34.1080741957571
mp-30312,Ca2SiIr2,96.593,40.151,113.5761866184429,47.60625971097311
mp-3054,Li2CO3,53.936,28.12,102.88061522189687,63.97417156575161
mp-3144,HoNbO4,141.033,58.084,217.23304558605005,101.90294484071556
mp-3638,Cu2P2O7,80.272,40.718,171.12103238964042,95.24862961914135
mp-36864,Li2TiO3,122.947,87.311,174.01816246066932,114.21171126390963
mp-3707,CaGe2O5,121.058,25.3,173.38162650926904,107.30375115061412
mp-3751,AlTlF4,45.26,23.515,89.84249742589226,46.0593686805333
mp-3827,KFeS2,16.879,9.027,43.36725660499318,25.592738749119743
mp-3901,NdNbO4,106.12,38.657,188.89171524538003,85.8478332009946
mp-4156,Li2ZrO3,100.625,55.316,163.2361097661234,99.09011913358776
mp-4321,MgSiO3,101.455,71.846,196.85441211674583,128.6655591769073
mp-4819,MgGeO3,111.428,65.203,169.30784922081978,105.2354858445885
mp-4867,CaAl4O7,113.819,47.283,159.94991668343303,100.05892638404706
mp-5038,CsGaS2,12.848,6.173,38.41752254402436,19.14693388146058
mp-5370,ErNbO4,142.997,57.979,215.49800235436985,101.0491639840079
mp-5372,RbFeS2,19.246,8.026,42.268376998490645,24.35287050522933
mp-5387,YNbO4,133.321,55.399,220.13069906315204,101.81750753776794
mp-5414,NaSbS2,23.333,14.886,55.485507746512155,27.380597550145907
mp-541638,K2(ReS2)3,35.777,19.961,119.2599043527194,69.52869805890543
mp-541895,Na2(ReS2)3,36.443,20.662,132.23031042979326,76.63839452850057
mp-542833,Zn3(BO3)2,90.488,30.787,135.9142289333259,81.26877270563334
mp-5503,ErTaO4,154.87,73.121,225.6339921215404,110.32603549402408
mp-555296,YbTaO4,94.996,40.993,233.37869585492527,94.35496011516848
mp-560119,TbCl2F,60.1,22.259,65.20460097782153,31.217953622870848
mp-573658,Cs3BAs2,12.943,5.717,20.649135651753813,10.921725381524022
mp-603930,MgSiO3,102.987,63.039,187.1038303189847,118.98855403548713
mp-685194,Li4Ti5O12,108.701,60.558,192.38746724926105,107.74605699653875
mp-690733,H2SO4,10.776,6.367,107.90380116925924,70.00783565902508
mp-697331,Mg2NiH4,52.729,36.277,88.97796656554732,55.6585314707718
mp-7086,RbFeSe2,16.048,5.087,27.038977261773866,17.439284692064593
mp-755352,Li2HfO3,106.444,66.947,180.02420523125642,111.96665468976354
mp-768572,YAl3O6,55.637,36.039,160.16205263612397,91.19910349869458
mp-9664,K3BP2,18.515,8.013,27.52664104302283,14.238120565521186
mp-9665,K3BAs2,16.559,7.368,23.47325318999542,12.78275146726136
mp-9718,Rb3BAs2,15.057,6.582,21.511404754889515,11.325496264132152
mp-9843,Sr3(AlP2)2,51.236,29.669,65.50969162555778,40.76922257115782
mp-9884,KFeSe2,19.144,7.483,30.86795510854021,19.051150431623473
mp-990440,Na2ZrO3,80.895,50.952,133.09414910973507,78.10346643757129
mp-996961,LiAuO2,56.84,17.227,106.5630824054444,54.8666461532649
mp-997108,RbAgO2,23.26,10.684,48.58453499764412,26.176207501711666
mp-2717324,CaCO3,75.372,30.213,117.6117115709734,71.41257467751939
mp-4829,Na2ThF6,51.138,26.423,98.59178179099898,44.05653937897559
mp-504908,In2TeO6,141.455,60.251,169.3248289496614,95.312239176088
mp-753326,LiAg2F6,50.447,17.197,79.56623321379752,20.42830249436604
mp-1024067,Na2ZnS2,30.666,14.149,46.69601109465684,25.37113831908723
mp-1029595,Na3OsN2,41.387,20.467,89.58429566249764,40.2943025848862
mp-1029756,K3BN2,29.455,12.232,46.66731717778291,25.562997487853245
mp-1029776,Li2GeN2,83.069,43.636,131.06965366528368,98.78017525371162
mp-1029779,ZnGeN2,148.878,74.731,171.4920551806999,118.04765565658973
mp-1029838,SrCrN2,92.015,32.947,142.85811878961235,64.62298609611213
mp-1029878,SrMnN2,92.183,30.4,148.1256708423727,69.16974517244559
mp-11790,LaCuSe2,56.604,29.194,79.27965598719304,38.52271561553747
mp-11793,SmCuSe2,62.981,30.835,72.61321857210878,36.44246940415884
mp-1196187,Cu2CO5,61.818,28.883,162.30538707883932,69.5776689698672
mp-14600,CaAl2O4,78.458,44.59,151.19669817459186,94.79623310748644
mp-16913,Ag2SeO3,31.512,8.633,98.52070263988584,35.01733590597956
mp-16993,Er2SiO5,115.912,54.525,177.5503226437475,104.0045285124386
mp-2213127,PH3O4,16.131,8.964,138.82314442703574,89.39456870299605
mp-2379939,Ca2SiO4,87.228,43.197,133.9626742804426,82.1013397998363
mp-27275,Li3BO3,72.847,42.251,110.89252333520676,79.16613487137506
mp-27904,FeSbS,123.849,95.505,135.3219012701069,101.76344235965551
mp-28150,BaNb2O6,90.563,35.739,192.93707348202932,92.37131924902395
mp-28630,Na3BN2,46.765,24.856,66.18507270067765,41.820161682338295
mp-2932,Y2Si4Mo3,156.022,98.283,184.90449547757663,112.8961010567168
mp-29463,LiBeN,92.715,65.035,113.73574085354636,96.2612377381647
mp-29520,LiAuI4,6.138,3.8,27.509454734651793,12.350584569131652
mp-29596,Ca3AlN3,93.704,48.55,112.72429715202372,75.47890738360387
mp-2963,CaAl2O4,81.122,43.029,147.80277602373968,92.60146588360956
mp-30981,Te(HO)6,26.626,18.976,129.24519730854155,92.0231482704297
mp-31038,CuSe2Cl,5.622,5.1370000000000005,41.4924204446514,18.933466891750182
mp-3397,Ba2TiO4,64.743,30.35,110.27137579314596,52.54032077935235
mp-3416,Na3AlF6,50.993,28.155,82.34798946784603,48.29231210397407
mp-3470,MgSiO3,97.725,67.421,192.9003275446928,129.9890626480016
mp-3584,NdPO4,114.656,55.684,180.11538335564146,110.17550344278688
mp-3635,LiBO2,62.738,31.277,106.79967077471596,69.52936181077851
mp-3739,NdCuSe2,62.416,30.024,77.66467991171801,39.10705091578375
mp-3768,KN3O4,14.515,6.382,83.80338821923534,58.24710544746173
mp-3962,LaPO4,104.626,48.615,186.56319183661745,106.27544072808595
mp-3963,K2CO3,27.466,12.321,64.02304004848841,41.100539785581
mp-4138,Rb2CO3,24.861,10.78,56.38455002518947,35.647254844851645
mp-4165,TaNO,267.592,129.73,316.3665960505716,133.58299698421618
mp-4180,Ca2SiO4,96.958,48.988,151.71601543191548,94.3357602310037
mp-4199,Na2S2O3,27.015,13.524,86.16147502175629,56.672890223376825
mp-4249,Hg(CO2)2,44.013,20.522,99.40770210202506,59.62930571775398
mp-4252,SnPS3,16.223,11.956,72.22034004971665,38.32110293786051
mp-4421,LaTaO4,126.822,28.246,214.4329403947579,101.46413394337957
mp-4549,SrSiN2,96.042,34.515,158.68132238983986,102.64538071823776
mp-4556,Li2SO4,45.0,21.273,124.71556581049572,86.41737114124756
mp-4661,ScOF,142.79,62.971,166.0291570376083,79.96202785320563
mp-4662,ScOF,104.243,46.104,144.55947319254938,68.82600356057125
mp-4988,TlAsS2,8.873,5.635,48.28220468029691,19.33383507642063
mp-505368,As2Pb3O8,40.636,21.852,125.11862464845794,59.59218035441158
mp-510535,CsB5O8,27.061,16.982,129.18303170118796,75.53946351074434
mp-5152,La2SiO5,99.469,44.933,159.31896346386395,83.53659242217233
mp-5282,AgCO2,33.367,11.493,48.48504669564769,31.209363391199812
mp-5409,Y4Al2O9,132.792,25.895,163.2752151327981,96.37629202066007
mp-540925,Hg2AsF6,17.53,5.849,77.92643495012523,42.20917421879597
mp-555064,Cd(CO2)2,45.668,22.782,114.71363058881968,59.498828529985246
mp-556548,Bi(BO2)3,87.617,50.69,202.6630098130857,124.89503360539338
mp-559051,BaBiO3,106.167,49.331,116.38488277594509,60.1247052827249
mp-559939,Ba(PO3)2,51.839,24.574,147.14889966633228,94.5647119842864
mp-560927,Y4Al2O9,120.978,26.941,163.47831827321895,96.6162241995534
mp-561511,FeAsS,139.131,117.383,173.59508001196613,131.17929837801262
mp-5706,SnPSe3,17.329,11.328,62.944225769546605,30.914148135877586
mp-5733,CaSiO3,92.34,47.273,153.44298921565462,96.77156691411768
mp-5766,CeCuS2,51.385,11.751,85.2664521888987,46.67647769506643
mp-5929,Na5SiP3,30.046,16.822,46.84559898017831,27.901616110125055
mp-616458,Cs2CO3,22.432,8.493,49.51674791735552,29.46444229066455
mp-752496,TiOF,154.987,66.392,191.38150216060168,83.87781409231683
mp-752730,Ba2GeO4,64.347,31.103,104.54405035274743,58.134841089289935
mp-753257,LiCuF4,27.725,19.272,81.34900549597147,35.82918236061074
mp-753708,TiOF,135.307,57.512,186.73506438933688,81.96786801817814
mp-754134,HfZrO4,203.819,98.598,215.68872526597303,105.80841391097482
mp-7596,NbNO,236.601,110.04,287.77726037296367,111.69672722233804
mp-766217,Sr4Cu2O7,94.546,53.21,123.04431590170788,64.05090052989432
mp-768870,Ca(ClO3)2,22.378,13.661,100.69785698242669,62.187399512221255
mp-8842,CaSiPd,65.66,32.776,90.07142245056741,41.26429050495141
mp-8982,CaSiPt,61.333,33.737,106.90644387074992,45.92845061493848
mp-9635,Ag2HgS2,52.636,12.745,68.82681654438784,20.98452446741217
mp-978278,Na(BH)6,11.036,6.038,92.424966286273,82.74002692595093
mp-996983,AgAuO2,63.604,17.878,108.29345924315992,33.997902278825684
mp-12403,LiBF4,14.836,7.539,85.59579317160848,49.938045124424185
mp-4236,BaZnO2,82.555,33.339,92.42734863458386,47.22337369242828
mp-756018,BaMgO2,79.228,40.188,89.16557540942037,53.947042591799374
mp-2455462,B2(CN2)3,5.5120000000000005,0.512,57.090373633996016,36.641488822673416
mp-3955,AlPO4,30.491,36.63,171.07520984810347,108.27367801729308
mp-1008526,B2CN,322.966,226.252,358.1572484541931,280.0074617836407
mp-1014244,ZrZnN2,177.173,80.045,203.50303294565796,129.38675671113717
mp-1014251,HfZnN2,188.438,85.889,207.11810155551555,134.6176305699417
mp-1027890,Mo2SeS3,18.749,8.256,103.664919355779,65.88898206693166
mp-22253,Zn(InS2)2,32.235,16.944,70.05292241369324,31.4242350600432
mp-22965,BiTeI,5.729,4.804,40.998775803518384,18.338672425604376
mp-29057,Nb3SBr7,12.982,7.903,68.4444047055605,32.16887418439025
mp-33723,BiTeBr,6.627,4.678,42.38603519985693,18.531422121340427
mp-36209,TmCuSe2,65.942,29.485,69.73737590621873,36.92825793069085
mp-567713,Nb3TeI7,11.976,8.516,57.77925594395621,28.168693737214863
mp-637614,Zn3(InS3)2,53.459,22.686,74.92325487927253,38.35115424709574
mp-675180,ErCuSe2,65.035,28.853,71.65987268790066,38.6467388868069
mp-675349,DyCuSe2,64.673,28.215,73.22989860164654,37.903518298863744
mp-675902,YCuSe2,61.605,27.881,74.84392487115753,39.69296367720444
mp-6980,ScCuS2,79.868,37.063,99.89774543741966,53.10265068513244
mp-754912,LiCuO2,109.67,25.035,142.68510889644602,54.0136810328964
mp-7885,AlAgS2,75.663,35.872,91.28729027343915,47.88042145617184
mp-27462,AlPS4,6.855,4.068,48.72435143291901,28.072212291464428
mp-13334,ZnSnO3,164.367,62.67,179.10241815652893,92.37088248700869
mp-23736,LiMgH3,40.623,28.674,46.75364521973038,39.76602946101021
mp-3666,LiTaO3,121.383,72.113,231.0920183558754,125.17688505401075
mp-3731,LiNbO3,103.121,49.129,207.9163769684247,105.43889001095982
mp-4431,Ag3AsS3,22.91,6.11,64.03384420515256,21.51944435550569
mp-4514,NaNbO3,100.75,37.235,189.50186124033445,99.1034885898151
mp-551918,AlBiO3,126.197,63.244,201.81151729986257,106.8459386563616
mp-552185,AgNO3,32.285,7.759,75.9254769240011,39.9181859603178
mp-5730,Ba(BO2)2,47.902,18.109,93.54324220543828,50.72784398123056
mp-754009,ScBiO3,96.558,39.586,162.52202115158278,73.14323635598647
mp-755568,GaBiO3,103.348,36.043,174.95209246082905,79.34175648917777
mp-758052,LiCuF3,72.986,4.969,92.17971201216314,26.874462864569253
mp-768310,LaBiO3,57.541,15.033,127.78565865107691,49.43666075098684
mp-989524,LaWN3,167.515,55.095,262.79356266426527,134.89045266425953
mp-989576,YWN3,163.844,35.462,267.06670401468307,138.66448631736716
mp-996940,TiReN3,269.191,103.364,299.34365664592434,147.52725758263196
mp-22286,Ag5(PbO3)2,89.855,19.145,101.48346165391438,41.34540094984933
mp-28357,NbHg3F6,23.318,2.2,83.18265970922597,30.510986715758452
mp-31220,AlSiTe3,14.548,8.574,53.725088253593746,27.540745511564374
mp-4002,Li2ZrF6,58.042,35.314,108.7861068615038,51.69663166542036
mp-6915,As2PdO6,140.541,74.07,205.2509609682906,105.30044333460144
mp-754065,Hg(SbO3)2,101.62,30.952,158.80961355762565,75.95370221373169
mp-8922,Cd(SbO3)2,107.992,47.314,158.10447868688613,86.064067779944
mp-9125,Ca(SbO3)2,98.203,50.345,152.67084303655946,91.68568505786509
mp-9127,Ba(SbO3)2,87.909,41.371,132.87698391798668,77.25794756349238
mp-29417,Na3ScBr6,14.933,6.566,28.171740176405347,13.725435091337404
mp-17481,Mg4Ta2O9,148.83,76.439,205.64080913920552,118.2785543051537
mp-1008525,B2CN,321.128,208.41,367.44658014260034,265.3881526042294
mp-1018020,NiAgSe2,77.26,19.075,86.32774552340112,30.610071746315025
mp-1018072,KTiS2,51.499,33.145,74.06774091488391,41.98166313104585
mp-10225,NaVS2,57.655,19.874,67.20533844398963,41.920656396788885
mp-15226,CrWN2,295.098,142.003,375.19077290782434,183.04724909718232
mp-16318,RbTiS2,51.784,31.835,71.9425488870312,40.890484049955944
mp-22958,KBrO3,19.057,10.994,54.91915145560056,31.77474626343805
mp-2420227,V4GeSe8,47.823,44.806,90.7609895089678,50.74472195355056
mp-2802611,H3ClO,8.222,4.34,28.87178298386994,18.39255288324104
mp-28240,CSO,2.012,1.038,36.687528602240185,20.05318630824236
mp-28872,RbBrO3,16.727,9.591,53.18883906900734,30.512446212169483
mp-29643,CuAsSe2,42.788,9.879,61.925236431801686,9.439650950099043
mp-30068,CIN,5.029,3.178,32.09171687630912,16.1565839170974
mp-3107,Ga3PO7,149.786,60.464,199.2526699021909,113.13526277114354
mp-35308,CuCN,9.228,14.778,44.71076630495898,23.92148201381351
mp-3532,CrAgSe2,62.714,22.96,80.52558528341896,37.202444992659586
mp-4182,CrAgS2,77.616,26.272,83.3608721496574,40.08251888802896
mp-4559,BaCO3,46.663,21.432,91.27889921595172,52.94528413736999
mp-5020,BaTiO3,94.151,40.831,168.46424069180011,97.6968807541226
mp-541937,Zn(InS2)2,32.329,17.426,70.66766209857835,34.05529924099035
mp-560676,CrAgS2,26.548,16.293,89.5981823379107,54.73709750274907
mp-568587,CrCuSe2,79.768,30.456,88.85062355241084,45.3760501286832
mp-5862,CrCuS2,92.238,39.336,99.1631093039789,53.17440401087923
mp-7375,KNbO3,103.322,30.726,181.3631203000009,102.33186456585592
mp-754850,NaTiS2,52.215,30.741,81.72888839491512,47.2110644259532
mp-755018,RbTaO3,104.305,20.922,196.25584880424185,124.07891824954662
mp-757100,LiCoS2,69.93,19.302,101.97166526379512,56.62885436836182
mp-7861,CrCuSe2,68.209,21.226,70.32777876319429,34.910318181661324
mp-1001783,LiSnS2,47.326,26.474,52.96492246073662,32.81760947110117
mp-1001784,LiTiS2,60.842,39.777,97.11927884383434,53.87378477609033
mp-1001786,LiScS2,55.65,32.783,80.22985056299486,49.34763613251808
mp-1007663,HoTlTe2,29.727,17.83,43.71275392964482,20.925144728306304
mp-1007907,ErTlTe2,29.857,17.841,42.607086828657906,20.13917954581504
mp-1007908,DyTlTe2,29.759,17.633,40.10543517985134,21.09834382559932
mp-1008561,TmTlTe2,30.528,18.038,39.04939437953893,20.285519200586183
mp-1017508,LuTlTe2,30.603,18.299,48.616261534478134,23.046704676849984
mp-1017514,MgSiN2,222.992,171.341,284.25050890870875,201.4776341722201
mp-1018025,LuAgO2,115.236,32.479,133.08852537910093,69.35641192515251
mp-1018031,KInO2,86.691,43.643,103.11636671552516,54.47010160168438
mp-1018033,AgRhO2,141.419,37.018,170.25306034418983,72.36200333079928
mp-1018051,KTiS2,51.441,33.931,74.58015209492247,40.2932814350216
mp-1018096,Ba2NF,45.001,21.239,60.69469636056412,29.551172887234795
mp-1018098,Ba2BrN,37.437,16.787,42.52098742202869,20.15946984757309
mp-10214,Y2GeRh3,136.722,50.308,156.65970557149572,56.48570163954055
mp-10224,NaVS2,59.208,33.967,67.98236167597835,39.35483873276779
mp-1029267,CaZrN2,159.589,113.863,200.1409740424587,148.520989971252
mp-1029359,CaHfN2,167.939,121.918,201.36346502703637,152.42913884299657
mp-1029375,BaCN2,46.455,4.322,79.04469880316768,37.356811478973135
mp-1029479,Ca(InN)2,91.659,37.724,115.4903917885254,64.53572788311389
mp-10777,RbCeSe2,27.312,16.898,40.81929497282855,22.926557003408313
mp-10778,RbPrSe2,31.371,18.356,40.6397252610108,21.04872058521258
mp-10782,RbTbSe2,34.15,20.777,44.65112354391651,24.86029800121463
mp-10784,RbErSe2,37.031,21.547,41.72252047965912,24.8233498554458
mp-10785,RbLuSe2,36.241,22.803,50.57014072530384,28.358496628024156
mp-10876,Ca3Al7Cu2,70.706,42.193,68.9401533803075,46.43519582130766
mp-10969,CdCN2,83.537,26.788,118.67622854784253,54.427272289471134
mp-11178,SrCeN2,114.646,56.597,129.84269177675793,65.35217650926859
mp-11430,Ca3Al7Ag2,62.159,35.969,64.99265954827764,42.30892352144653
mp-11719,K4ZnP2,17.068,8.485,23.299959435743823,11.51340539553683
mp-1190963,Pr2Fe17N3,155.341,79.573,124.35216947605473,77.56152978387757
mp-1215198,ZrUB24,232.951,193.022,255.8250530297649,207.57431206212004
mp-1217924,TaNbC2,308.794,198.354,361.4670026488244,196.06237589320017
mp-1226352,Cr2Ir2C,307.831,187.727,390.4377475346005,232.21265352830568
mp-12317,SrCN2,56.929,13.863,87.00061703846288,47.686465494931504
mp-12335,MnCN2,95.244,33.227,107.96340249700992,60.405237696972385
mp-12360,AgSbTe2,48.782,16.926,61.17501503841492,24.088591513341232
mp-12527,Ti2Te2P,21.093,14.556,85.22299740042929,47.53366712795016
mp-13313,ScTlSe2,41.765,24.788,59.5020127906712,29.70529483038671
mp-13314,ScTlTe2,32.504,18.692,47.502473320987214,23.29957480656779
mp-14006,BaGeF6,49.629,21.423,99.61342253687909,51.4397998248388
mp-14115,LiRhO2,114.358,43.813,186.3867833284221,84.20458050688191
mp-14116,CuRhO2,163.487,42.539,178.7447547527192,71.8763083242571
mp-14205,K3Cu3As2,23.904,10.21,43.88648525800069,18.435779633058797
mp-1444267,Al(SnO2)2,127.838,41.61,144.35376679090254,60.948719224837824
mp-14790,Ge(Te2As)2,20.643,15.343,57.13894417459423,26.145415569070245
mp-14796,KPt2Se3,24.605,11.179,72.10385112034739,30.758867958092058
mp-14797,RbPt2Se3,23.717,11.021,68.85588684560553,29.386085136546345
mp-15779,Mg2SiNi3,124.71,74.315,136.41766714329108,73.48128010179924
mp-15781,KLaS2,37.153,20.828,50.61598518980597,26.92856564730481
mp-15783,KSmS2,40.489,25.094,48.10564515995644,27.68419029938271
mp-15788,LiYS2,48.397,27.464,72.69255647623324,44.70664152000945
mp-15789,LiDyS2,49.046,27.451,68.58915916601936,42.42100789232288
mp-15791,LiErS2,50.021,28.514,70.62908575827758,43.508930682697525
mp-15793,LiTbSe2,40.551,23.333,58.42697657195733,34.88230764347092
mp-15795,LiDySe2,41.119,24.176,57.23194715678079,33.219604484876776
mp-15796,LiHoSe2,40.461,24.071,54.45299438406225,33.86787534238498
mp-16052,Ba(Cu2As)2,76.143,13.558,92.3545683652877,29.697605924113947
mp-16755,Mg(AlS2)2,21.873,14.885,74.9464782978943,44.029149273130535
mp-16765,Zr2Te2P,21.346,17.264,87.69739937311017,50.23219225207972
mp-19747,Ni3(PbSe)2,57.203,17.818,91.96164563782894,30.93439326744036
mp-19799,BaPbF6,45.434,17.411,81.21369737810585,30.389921374970953
mp-19807,Co3(SnS)2,101.711,54.94,138.82053915092308,68.44720832028587
mp-20458,PtPbF6,53.788,9.287,114.37843729874716,47.984730335258526
mp-20708,In2Ni3S2,60.931,27.627,113.61298263891898,45.11381230759507
mp-20930,InCuO2,121.57,33.594,130.896225725468,55.67624173078972
mp-21863,Pd3(PbS)2,58.5,17.584,95.66376814457868,25.477767809138232
mp-22566,TlInS2,45.413,22.184,66.60226309179603,25.15390622834071
mp-22660,InAgO2,107.674,28.665,119.31793708243688,51.15555846735941
mp-22936,Ca2NCl,57.888,35.853,75.80895983318625,45.58084834567464
mp-23033,Sr2NCl,47.295,27.118,52.96615274250636,33.54266026307302
mp-23056,Sr2BrN,44.628,25.243,49.02285476574029,32.22183967273918
mp-24081,ScHCl,16.745,9.791,79.2341149577481,46.41696666467777
mp-25372,LiCuO2,118.564,59.679,161.05574754268966,63.43465128137712
mp-25417,LiTiO2,132.322,77.858,205.13051007003065,98.05846974698338
mp-2695851,CdHgO2,77.064,16.08,87.37339555268699,35.3575281738995
mp-27438,TlBiTe2,27.664,15.95,45.03343730317132,18.04963019520978
mp-27682,NaSnS2,39.706,20.865,48.80210585156041,25.57530358149735
mp-27837,NaHF2,32.742,10.903,40.31684719187055,22.912677141153676
mp-27916,AgBiSe2,55.442,16.44,68.04444973024782,24.729008828856426
mp-28006,Ca(Cu2As)2,78.254,15.31,107.92545604557456,34.63879242213077
mp-28302,K4CdP2,16.356,7.963,21.934532463887734,10.95646058159179
mp-28591,Na4HgP2,23.476,12.461,35.37107517312825,18.550572482330743
mp-29149,Li4NCl,40.286,28.342,51.17401748816902,37.62496226195295
mp-29151,Li5NCl2,38.043,26.953,48.60093827125889,33.490706001727084
mp-2931468,ZrScB24,225.71,198.203,241.55079198569425,180.9341724414924
mp-29484,K4HgAs2,14.347,7.232,19.661973161849705,10.19101708169013
mp-29584,K4BeAs2,16.006,8.037,20.645484726340104,11.185463797550954
mp-29585,K4CdAs2,14.836,7.057,19.124540576013207,10.130110280617412
mp-29656,AgBiTe2,47.47,15.999,58.43258145744327,23.819449473082553
mp-29666,Bi2Te2Se,12.946,9.841,54.148351966430546,23.509140870086167
mp-29678,AgBiS2,61.742,14.291,75.31278847486878,27.85044850952236
mp-2997,ThB2C,181.305,124.008,205.22532841610743,130.52298579377742
mp-30091,MgB9N,208.317,152.913,244.48220639090573,188.0914497050183
mp-30533,KPt2S3,31.59,13.097,84.33440284106076,38.35567932553827
mp-30580,SrGaCu2,52.608,26.153,65.5320781160295,26.05779108892091
mp-31402,Sm2GeRh3,131.74,45.013,138.80408381865735,47.06611214965349
mp-34460,Ag3AuS2,42.873,1.937,43.13198432842422,11.892378566500234
mp-3613,NaErS2,46.984,28.121,61.93096202636062,37.39495853412498
mp-36329,SrUO4,132.524,45.623,179.47547954118048,75.12024240829713
mp-3637,YOF,131.718,56.884,157.1831003060537,82.36419165549934
mp-3748,AlCuO2,156.0,81.731,188.0678901366918,117.89839551423148
mp-3857,Ba3(PO4)2,66.543,29.566,134.94893176876806,82.56554178736808
mp-38605,Sn(BiTe2)2,16.764,13.418,51.38015474951754,20.57878403582301
mp-3960,CaUO4,137.995,54.77,193.90870783295497,75.92130100554948
mp-4026,KCrS2,55.286,34.149,71.89839861612305,39.49275081537632
mp-4124,CaCN2,69.862,20.23,100.46704873281256,58.64293682035919
mp-4280,GaCuO2,148.134,55.03,162.23527370299723,79.14265952071304
mp-4383,Nd2Fe17N3,156.971,80.253,133.47650198831,76.4658849519111
mp-4483,AgAsSe2,61.135,22.406,78.00008830062814,28.06034494991915
mp-4494,NaYbS2,36.215,11.768,56.16681642012596,26.688079364324953
mp-4519,KPrO2,67.63,36.621,88.24269603532949,43.31861755249623
mp-4573,TlSbTe2,28.606,16.998,48.36111747431361,18.63279662425721
mp-4636,ScCuO2,135.234,44.365,148.46161374899177,78.61910433469275
mp-5175,NaInO2,90.689,50.611,123.02985041952223,67.93507385971469
mp-541911,HfNCl,30.612,11.245,138.3304499511152,71.87688470983099
mp-542791,ZrNCl,25.629,14.551,133.34887965533562,67.9682942851697
mp-5475,NaTaN2,136.044,88.887,214.89226831905592,144.72140424052196
mp-5528,Ni3(SnS)2,60.846,26.959,108.0634508500497,36.97627983908455
mp-554212,Tl2Ni3S2,46.555,17.662,91.82858302621392,33.04099173956191
mp-561751,CsErS2,41.486,26.154,48.4467208530312,29.1976068616274
mp-5634,NdOF,125.408,12.254,127.10996503754964,65.92542506286463
mp-5662,Ce2Fe17N3,151.877,78.895,144.22458351734076,80.9808788029875
mp-567441,HfIN,20.721,11.256,118.35211623172462,62.511904025763705
mp-568592,ZrNCl,24.623,12.548,133.38720847513423,67.44500241141809
mp-568991,Hf2Al4C5,190.181,129.36,214.3458830726395,152.87566039394517
mp-5693,NaCrS2,60.393,34.579,78.66652620129845,42.763950215677426
mp-570097,Sr(Li2P)2,42.562,33.657,52.49320363192495,38.05232442323412
mp-571419,Zr2Al4C5,184.048,124.562,209.6354906753963,150.7237618824786
mp-571461,K4ZnAs2,14.495,7.556,20.062154923976312,10.40516691187698
mp-573316,CsPt2Se3,22.171,10.872,66.94004539867284,28.90541069056284
mp-5773,BaRuO3,115.604,37.097,172.20204020133426,71.49697445148968
mp-578601,NaNbO2,133.066,63.662,196.22393187964155,90.25248833667222
mp-578606,NaCuO2,111.932,57.044,135.0373893640226,52.044334082193785
mp-5798,Al6C3N2,158.937,104.243,182.6579598719741,134.03742564925787
mp-580886,ZrIN,22.311,12.264,110.67157891756676,58.00479552208507
mp-624492,Li(Fe3Ge2)2,127.273,59.397,139.39609069124413,72.17807319699638
mp-654812,CdCO3,98.773,69.661,121.99367366456372,-664.613860638262
mp-675283,TlPF6,13.435,2.746,89.45379400578057,51.58062513993004
mp-690794,Sr2HN,39.431,27.03,59.03188712368775,38.22578939697752
mp-6972,YCuO2,115.991,32.461,130.39032717387516,65.48908962021783
mp-7002,NaTiO2,104.141,63.701,157.35816690425116,74.0988395751935
mp-7017,NaNbN2,129.459,85.619,200.8219208202333,129.34646338158478
mp-7041,CaHgO2,66.621,18.564,77.46003206388606,40.40259174447537
mp-7240,NaRuO2,94.522,16.158,152.45038651414166,40.21825018524298
mp-7439,K3Cu3P2,25.523,10.614,49.556372351048104,19.05730133297759
mp-7476,RbDyO2,78.05,44.923,89.97065895623255,54.98541044192779
mp-7477,RbErO2,81.747,46.64,90.60192726782888,57.86211807420609
mp-7478,RbTmO2,82.532,47.336,88.11402567022098,56.62840064251758
mp-7480,RbLuO2,84.479,49.502,107.78453770266502,67.10199664628087
mp-7502,K2Sn2O3,23.584,16.772,59.837664425263405,30.565857894010787
mp-753098,LiCuF2,57.622,24.837,66.6597313044827,37.870886412671574
mp-753226,SmAgO2,100.303,24.628,92.72552566039327,46.740444579879615
mp-753260,LaAgO2,90.615,23.117,97.68146318277014,38.71018574746962
mp-753298,PrYO2,115.762,77.53,146.79847237674605,65.07671261416007
mp-753380,La(BiO2)2,68.884,21.538,124.03955765136206,45.91464177660308
mp-753721,GdOF,126.672,53.616,146.22414157795075,72.8707872180062
mp-753774,KTmO2,85.994,50.551,91.3996421829452,57.8093685898222
mp-753898,LaTmO2,119.536,83.776,151.94209495779924,70.55987478346744
mp-754040,CeSmO2,141.282,73.418,140.60464274765934,59.01019600727713
mp-754126,CuAuO2,147.559,31.825,175.5392449286501,42.35762515523851
mp-754158,KNdO2,69.683,38.368,88.70355980286594,46.96477099463171
mp-754344,LiZnO2,101.841,45.232,142.49813983359743,50.02907039708357
mp-754502,SmYO2,104.052,43.61,98.42243013902186,50.76750282727358
mp-754537,LiLuO2,96.985,46.12,152.13720070588911,99.15885088317432
mp-754538,HgPtO2,39.043,14.826,98.26909219257922,45.08549469442331
mp-754542,LiVS2,61.175,32.603,81.0117469489385,51.7732171344768
mp-754567,NaCdO2,69.553,28.076,82.73811330961449,35.584641337979726
mp-754777,NaLaO2,63.943,32.067,101.4436138115957,53.0527585735058
mp-754823,ErTlO2,87.263,36.283,102.13844538786208,51.42388097113084
mp-754825,NaTmO2,89.39,53.39,106.14106087185404,69.20906262995135
mp-754883,KHoO2,82.791,47.939,93.90109901032774,58.13629627023242
mp-754933,SmTlO2,79.013,31.987,94.27222437296984,45.773050932174385
mp-754960,SmIO,15.981,9.76,63.00723517057854,29.907755313491226
mp-755010,KYbO2,61.719,18.755,102.83215638812932,58.33057651720181
mp-755219,ScTlO2,99.101,42.556,128.45599777320473,64.28421519066173
mp-755544,YTlO2,83.732,34.596,106.93371291407163,54.87230165379398
mp-755581,NaCeO2,64.896,36.388,105.65718760303191,48.52099975727352
mp-755714,SrEuO2,80.014,54.35,99.02198084520704,56.904767153534
mp-756034,NaSmO2,74.437,40.862,96.00663435722048,60.535971742072306
mp-7569,KAsF6,16.776,6.563,86.88512926279299,50.36456241782731
mp-7748,NaAlO2,133.356,87.199,172.9001489986302,114.61517490768408
mp-777047,LiTmO2,93.296,40.168,113.01600733998406,77.84905266920829
mp-7814,Ta2CS2,37.686,23.281,190.94363253549457,107.69864332310766
mp-7914,NaScO2,100.745,66.176,143.48743429473245,89.03981641539174
mp-7942,NaTiS2,50.05,34.134,84.8424904806069,47.45933682775006
mp-7959,KErO2,83.58,49.484,93.0494312996994,59.04570230352264
mp-7973,RbNdO2,68.969,36.925,88.09966516020948,45.55405753868661
mp-7974,RbSmO2,72.801,39.626,85.70979922940884,48.65431299266007
mp-7976,RbGdO2,76.184,39.962,97.10084049702904,54.571488562745934
mp-8001,LiAlO2,142.701,96.813,194.0142176098208,138.83008382342433
mp-8002,LiGaO2,118.336,71.709,173.3175470823412,93.02882752411016
mp-8013,KRuF6,11.553,4.906,89.34858009902733,37.89624695112457
mp-8014,RbRuF6,10.98,6.112,88.43021975761506,36.88051293618345
mp-8175,KTlO2,71.739,27.414,88.01702163376582,34.61521483314724
mp-8176,RbTlO2,69.312,23.024,83.13060072922379,32.04181519494865
mp-8188,KScO2,95.827,57.465,117.33918826652106,73.2556853389279
mp-8211,GaGeTe,15.227,10.596,50.27937016162566,30.00372369784145
mp-8291,BaTiF6,49.076,22.261,103.12033169308263,48.93017821951138
mp-8308,Ca3Ni7B2,102.596,50.245,134.17706708771934,64.46354070098837
mp-8348,TlSbF6,15.209,5.277,82.79951522551607,39.01697339851609
mp-8409,KYO2,78.584,46.437,100.63060938321598,61.99468857557132
mp-8608,K(Cu2As)2,51.763,20.635,84.03422059931756,27.447263316298766
mp-865990,Y3Al7Cu2,86.943,58.97,93.18603987078892,62.639675589714464
mp-867735,PrSmO2,113.333,64.272,134.81724238977375,54.42855180991071
mp-8752,Na4CdP2,23.586,12.6,33.80359065856082,18.170711857208335
mp-8753,K4HgP2,16.008,8.277,22.512291870745617,11.13796578489622
mp-8830,NaRhO2,109.969,59.556,159.77998414217967,75.39285500661997
mp-8927,TaCuN2,215.162,58.845,229.96383302762777,133.42280105309416
mp-8969,Mg2Ni3P,125.782,69.791,146.11458456838454,77.61063235649985
mp-9035,NaLuS2,48.095,30.181,70.97452534069237,41.775295968089594
mp-9076,NaTmS2,47.536,28.714,60.127497717202075,36.61768668665156
mp-9085,CsTbS2,41.027,25.399,50.539947004184874,29.16402676183257
mp-9166,MgCN2,96.751,31.757,136.3541603571436,83.63518424777497
mp-9274,Rb3Sb2Au3,15.491,5.4879999999999995,33.18439365336634,11.29371848121881
mp-9379,Sr(SnAs)2,40.513,28.465,52.14534248017188,30.28322946393019
mp-9382,SrZrN2,148.786,101.048,180.13468618228947,122.07079938937218
mp-9383,SrHfN2,156.263,107.326,180.14019779034982,126.62843812794122
mp-9479,Mg(AlSe2)2,18.423,10.156,56.65123759669364,35.603763569479675
mp-973185,ScAgO2,122.232,37.565,136.80684061681092,73.2980593075543
mp-977428,YbAl2Cu,68.224,42.706,83.9656558241133,52.76878348668492
mp-9872,K4BeP2,18.358,8.524000000000001,23.585268594014433,11.910266206732434
mp-9926,SrRhF6,56.453,15.766,114.09954544544014,43.15139390910276
mp-996981,TlAuO2,88.891,18.483,107.6832543153692,34.53064787059323
mp-997025,PbAuO2,68.491,17.253,92.88536487768236,36.83945528894749
mp-999121,TbTlTe2,29.494,17.502,42.61618562171583,21.1380343970087
mp-999126,NaTbS2,44.885,27.446,60.76022960236248,36.84747186373945
mp-999127,NaTbSe2,37.348,23.515,52.67796076425532,30.106126860612335
mp-999132,SmTlTe2,28.406,16.803,37.3701219921955,18.51403506100533
mp-999139,TaHgS2,18.901,12.666,77.51223954655337,37.402961373735934
mp-999269,RbSmTe2,24.988,14.469,29.75990898693685,15.33198590723764
mp-999450,NaSmSe2,35.686,21.517,45.39113597196755,25.361583271351257
mp-999455,NaSmS2,43.099,25.836,54.36362346465953,31.856694058585564
mp-999460,NaScS2,51.116,31.329,73.16347804416472,42.894661420417165
mp-999470,NaNdS2,41.505,24.811,59.369534034550334,32.16983685826155
mp-999474,NaHoSe2,37.932,24.123,49.777139838067406,28.7488646865429
mp-999490,NaDyS2,45.768,27.774,61.754330591450085,36.09140079876118
mp-10010,Al(CoSi)2,187.321,97.117,195.5512869747963,110.61140516741136
mp-1006146,Eu(MgBi)2,32.63,22.291,43.210700674195095,23.77942585229193
mp-1017549,Ca(BH)2,106.786,86.769,131.8908040540633,109.27050050979344
mp-1018656,Ca2H3Br,41.258,25.652,51.83539707382139,32.69827981946466
mp-1018764,Li3HoSb2,44.465,33.579,48.93722346773913,35.60437020898284
mp-1018770,Li3PrBi2,37.325,27.09,41.42520465796875,30.716331761256892
mp-1018780,Li3SmBi2,38.262,28.031,39.55280127416614,29.911112619899892
mp-10189,LiTiTe2,35.309,27.015,57.12331041450263,31.204893764462746
mp-1025099,TbGaI,11.861,9.65,46.790747775832656,32.59712885483138
mp-1025312,Mn(NbS2)2,21.11,9.018,86.72740610855988,35.215492803762
mp-1025350,Nb2CoS4,22.211,63.614,106.26922715002488,37.09377912954993
mp-1029258,Ca(ZnN)2,122.599,79.606,137.24027928756817,88.20423601617111
mp-1029309,Na2HfN2,33.135,21.646,106.40086186125852,69.5896141558071
mp-1029316,Na2ZrN2,39.38,24.691,102.25336704705111,66.36672679627563
mp-1029330,Hf2SeN2,159.176,81.861,204.33471088077985,107.51149917202228
mp-1029337,Zr2SeN2,148.143,74.511,190.5071690609952,99.19916583288946
mp-1029385,Li2SnN2,112.952,85.985,146.49033515432086,90.48752155272034
mp-10314,Yb(ZnAs)2,59.843,37.689,70.62913395749914,40.359724193900185
mp-10402,TiTl2F6,25.672,7.213,68.04863027771174,29.857740961672775
mp-10405,Yb(AlSi)2,62.946,43.955,80.33890548702875,50.16487892676914
mp-1041194,CaTiS2,81.581,53.96,84.96266314729577,50.35014748544972
mp-10435,Y(AlSi)2,77.086,41.59,92.99448849690408,55.86026650966195
mp-10521,Y(AlGe)2,70.326,38.044,83.78404330538758,50.113900444872776
mp-10550,SrMg2N2,93.805,71.102,103.56588406438696,79.62754321158458
mp-10918,Rb2PdC2,30.432,13.747,39.11591487055532,18.533949122138303
mp-10919,Rb2PtC2,36.208,17.029,42.656400529554666,21.14732059029498
mp-10996,Yb(MgSb)2,40.911,27.929,51.82083420235284,30.646586592173485
mp-11620,ZnNi3Sb2,93.503,16.841,123.6090281484878,27.210996323411127
mp-11834,CuNiSb2,81.671,38.407,102.78687896538116,49.41176032867628
mp-11917,Mg(BeN)2,184.695,166.544,199.59965178640508,175.53530601261772
mp-12669,Dy2SO2,120.352,65.3,125.78661619894848,68.63993920218779
mp-12908,ScAgSe2,61.141,20.845,74.73429645931978,27.824975822827604
mp-12953,TmAgTe2,47.341,18.114,53.57267211900757,20.86065622314337
mp-13946,Rb2ZrF6,19.966,10.778,69.27872701961952,31.06917715980154
mp-13947,Rb2HfF6,21.791,11.185,72.3845555979946,34.37990757585891
mp-13948,Cs2HfF6,19.374,9.084,63.942919381813056,29.4329149102684
mp-14791,Ge2Te5As2,25.98,21.48,57.72078383509949,26.703207180998746
mp-1541458,Mg(ReO4)2,16.491,11.846,151.99864695608153,67.02703277772206
mp-15800,Ti3PO2,181.87,66.326,167.38808271536843,41.5590903803791
mp-15986,Hf(CuP)2,128.834,67.701,155.10326232302614,85.59207085140713
mp-19774,Eu(CdSb)2,38.252,18.867,51.06815369526517,23.97717372689638
mp-20128,Eu(MnAs)2,63.082,33.49,58.84155322724464,40.28623290741601
mp-20151,Eu(AlGe)2,55.443,38.376,69.1667610134045,42.85233549343347
mp-20595,Eu(AlSi)2,61.992,42.25,77.91787031062431,49.03932415181677
mp-20793,Ga2FeS4,16.854,12.987,75.16048391181707,47.060212766537056
mp-22609,Eu(CdP)2,52.436,35.029,67.05823613133762,37.76708867942057
mp-22716,LiCu2P,77.333,32.433,115.48897033692326,40.888288270293
mp-2352785,Zn(InS2)2,12.842,8.873,62.633451084001166,29.511186184825483
mp-2365577,LiNiS2,71.293,34.235,104.723639635207,44.768897353932985
mp-23709,Mg(AlH4)2,17.913,7.326,43.56753017625859,26.3231090709016
mp-23879,Ca(HO)2,35.543,21.012,89.23871289136724,50.017074550552366
mp-27544,Cs3Bi2Br9,8.611,4.661,24.49093680387404,10.24967290378651
mp-28479,Sc2CCl2,21.429,11.575,89.76517174660444,56.50695885140823
mp-28480,Sc2NCl2,28.825,17.814,99.13481178108049,64.12565227421366
mp-28938,Nb3TeCl7,12.425,8.64,76.3756061327605,36.05425933172911
mp-29069,Na(CuS)4,58.012,22.313,89.32744838474764,37.9505823587346
mp-29208,Ca(MgBi)2,34.698,22.208,41.39583905001845,24.072419489258195
mp-29209,Ba(MgBi)2,31.668,21.056,40.59693888654838,20.42966428786726
mp-29615,Ca(MnBi)2,31.174,13.621,35.97761700103112,18.01168691277527
mp-29624,Mg2Al2Se5,16.399,10.996,58.180613579009005,35.980106216282394
mp-29641,GeSb4Te7,18.188,14.027,55.96205335197858,23.743360335224256
mp-29659,FeAgTe2,49.299,13.74,54.12502031032608,19.543502977613507
mp-2968,Sr(MnSb)2,30.716,17.37,39.011139818822826,22.748395542683284
mp-3006,P2Pd3S8,5.4879999999999995,5.003,68.70175108574571,35.21945243663984
mp-30242,Mg4H2O5,88.485,69.588,148.14230215756044,102.08889681037616
mp-30244,Mg2H2O3,62.075,34.799,131.57529689927574,87.18433202287846
mp-30245,Mg3H4O5,54.791,34.467,124.57462765008384,80.42920985597563
mp-30247,Mg(HO)2,51.731,40.488,119.22584188601328,76.95207852518405
mp-3048,U2SeN2,126.252,70.395,146.2660253122767,80.85266385835622
mp-3211,Nd2SO2,107.491,55.72,120.724905392278,61.60617255848129
mp-3216,Li2ZrN2,132.436,113.262,179.1625352834779,129.86306071138597
mp-3236,Pr2SO2,104.958,54.191,117.58033971226136,57.53111796644122
mp-3534,Ge2Sb2Te5,22.025,15.452,54.10196582041242,21.219181441546336
mp-3556,Tm2SO2,127.607,70.856,123.15122463450484,71.80607190388926
mp-3821,K2PtF6,24.229,10.53,83.74068242590536,35.88144125450744
mp-3833,Mg(AlSi)2,62.188,32.953,71.99941299298169,37.32815298992738
mp-3862,Ca(AlGe)2,59.086,37.748,68.25076092596221,41.52996672650792
mp-3970,K2TiF6,27.845,12.002,80.34071027530831,40.22559721329398
mp-4150,Ca(MnSb)2,43.915,19.476,42.06770188076641,23.12500461682948
mp-4226,LiCrS2,64.206,40.013,78.94920730276864,43.25459823972605
mp-4343,Sr(MnAs)2,52.687,31.048,49.29372947024243,36.628153292715055
mp-4366,Na2PtC2,54.301,25.524,63.0535845308,30.84708733853568
mp-4638,TlCrTe2,34.601,20.607,51.67819316618827,23.84535926198529
mp-4805,Gd2SO2,112.425,60.067,135.78344586975567,69.19667292784821
mp-4823,Na2PdC2,47.04,22.117,59.08067342080706,28.110983882029483
mp-4836,Yb(MnSb)2,43.87,18.882,46.42828875774729,26.888859804207065
mp-505824,Cs2PdC2,27.319,12.019,36.210477789870225,15.291229279018664
mp-505825,Cs2PtC2,32.694,14.59,39.89486034127898,17.424959306244983
mp-5381,U2PN2,153.594,86.061,174.51308750497424,95.77752364494155
mp-541014,Cs3Sb2I9,8.137,4.516,19.1007132998525,8.613962840750851
mp-541487,TlPt2Se3,22.482,14.331,80.1777932984382,30.131059096652475
mp-5498,Ca(MnAs)2,63.206,34.526,57.00172566633959,39.40037741320381
mp-553303,CsCu3O2,6.316,7.237,61.60442260668499,22.123465001055028
mp-553875,Zr2SN2,157.723,75.141,206.92115974926716,105.60527375476292
mp-5589,Sr(MnP)2,77.447,47.371,70.74395048099197,50.762799744827454
mp-559976,Ta2CS2,34.146,23.124,195.72703663772404,110.13790099927138
mp-570930,Bi2Pb2Se5,17.34,11.654,58.38095160731887,23.40516325101036
mp-571554,PrAlSi2,77.718,40.872,95.93004028127476,57.333301864641086
mp-5739,U2SN2,133.28,79.861,157.89185053479338,90.12387315102546
mp-5745,Nb2CS2,40.643,26.257,178.79607602093196,99.39858367210152
mp-5795,CaMg2N2,101.805,73.927,110.91440209708088,88.60911436223344
mp-582227,Eu(MnSb)2,42.357,20.122,43.38183731968712,25.423271682752265
mp-582736,Eu(MgSb)2,35.981,26.016,51.10543292791388,30.21545586007
mp-625487,Zn(HO)2,54.605,29.387,124.06428151055717,52.41620929233718
mp-632657,ZrNCl,23.709,14.281,90.47933197620443,50.38129693917137
mp-643370,Ba2MgH6,38.587,30.856,48.0196025043432,34.81745460757622
mp-644225,Sr2MgH6,44.442,36.437,48.73827961640787,41.09234153429752
mp-644229,Sr(AlH)2,42.514,36.787,57.144764679223414,41.1348990480787
mp-644278,Y2H2C,95.473,66.735,105.72170225565758,72.30277708523012
mp-6931,Sr(AlSi)2,58.659,38.924,70.13778092996048,42.82425529358251
mp-6953,Ca(MnP)2,87.284,49.979,85.63204535688443,56.9460690570993
mp-6959,Ga2NiS4,16.259,10.65,74.7759373427056,35.347032711098215
mp-7038,TlPd2Se3,22.474,12.159,68.77262844391919,22.60687138161793
mp-7067,Ca(CdAs)2,49.416,29.511,58.72301406146097,33.641390735324954
mp-7121,Dy(AlSi)2,78.53,43.513,82.66710423702594,52.878750537094426
mp-7297,Cs2SnF6,18.663,8.75,57.882121083336344,27.46384191798781
mp-7429,Ca(ZnSb)2,43.544,14.186,50.97171347817798,25.37832458274672
mp-7430,Ca(CdSb)2,39.354,20.206,48.4926548525695,22.97357640561719
mp-7431,Sr(ZnSb)2,42.07,12.806,47.71562132429064,24.25837958562046
mp-7432,Sr(CdSb)2,37.561,17.071,45.98895937505315,22.07726351937626
mp-752947,NaTiS2,53.161,36.796,83.24441471934992,49.48913596896543
mp-753920,Tm2SeO2,119.03,67.155,113.09700949524424,61.57068788741623
mp-753946,LiCoS2,76.01,47.947,113.65580488929535,56.74593323952306
mp-7543,LiVS2,64.697,189.536,85.30251906094392,58.13258663363765
mp-754375,NaTi2O3,141.836,81.135,180.49392123406173,75.80934680506058
mp-755570,Li(NiS)2,72.246,20.112,122.88087724253349,45.13675351674467
mp-756094,LiFeS2,70.86,31.867,90.47135036976886,45.20039429838672
mp-7704,Ca(AlSi)2,60.78,42.058,72.32752114627453,44.618512080902285
mp-7770,Sr(ZnAs)2,53.997,33.006,63.586399116120745,36.8261996223953
mp-7771,Sr(CdAs)2,46.795,28.778,55.791771222099385,32.868009053825844
mp-7777,Li2PrP2,49.171,23.079,59.670158086654425,38.0275936987606
mp-7779,Li2NdAs2,44.285,19.862,46.09192196008655,25.34446659570437
mp-7786,CsCu3S2,10.16,7.343,42.835287180099776,14.064126289326278
mp-7824,K2ReF6,26.136,10.888,87.73851303182272,31.21469715964332
mp-7903,Cs2ZrF6,18.985,9.167,61.3776523808787,27.1756358443585
mp-7949,Rb2GeF6,20.664,9.303,68.8824150503826,38.19981552888821
mp-7979,K2PdF6,23.767,9.335,78.8526467266819,35.54472139764681
mp-8132,Li(TiSe2)3,23.112,17.774,81.76906786886252,42.00479686784446
mp-8150,Ba(CdSb)2,35.993,16.34,45.19516921481545,21.084741119486974
mp-8181,Li2CeN2,110.495,65.413,133.03294765463517,70.92302791528579
mp-8191,Cs2PtF6,17.328,7.681,63.432407473918595,27.865385497885047
mp-8219,Zr(CuP)2,127.405,64.32,147.22280964972265,81.69570659184522
mp-8276,Sr(ZnP)2,63.496,43.654,75.69945435089478,44.44873884032436
mp-8277,Sr(CdP)2,53.94,34.745,63.85989648429035,36.977812900457046
mp-8278,Ba(MgP)2,51.07,38.104,60.29976812514161,39.54361482595653
mp-8279,Ba(CdP)2,50.707,32.604,60.28210843445307,34.59437418762643
mp-8280,Ba(MgAs)2,45.089,33.213,52.77807444667687,35.51429637998025
mp-8281,Ba(CdAs)2,44.501,26.805,52.36657052709865,29.724476801014713
mp-8407,Li3LaP2,56.817,45.426,64.9584120484517,48.47498965175706
mp-8579,Ba(AgS)2,50.57,20.189,57.11646389637516,27.130007807438943
mp-863260,Sr(MgAs)2,47.545,35.48,57.71789357738464,40.07103901923488
mp-865185,Mg(BeAs)2,76.107,45.528,97.97844418934548,47.7213711722779
mp-8994,Rb2NbF6,21.645,9.05,74.44089776447669,23.445609247118128
mp-8995,Cs2NbF6,22.614,9.447,60.77859275863334,19.135994834937353
mp-9006,Ho2CF2,105.953,65.305,109.73783998445695,66.11104830244221
mp-9251,TlTe3Pt2,23.076,15.407,68.35465687331461,24.2647628165252
mp-9257,Yb(CdSb)2,40.555,21.583,51.94444304248294,23.396572670639355
mp-9272,TlPt2S3,27.301,15.986,92.24583593513346,37.92376717029031
mp-9385,RbAu3Se2,9.541,3.555,46.749530002011085,12.187417341164902
mp-9386,CsAu3Se2,7.606,2.961,43.94731284212277,11.433406029458697
mp-9400,CeAlSi2,82.941,44.343,96.64633220979049,59.24948412927608
mp-9514,Mg(AlC)2,132.844,91.296,168.09012420792703,124.83066239736674
mp-9564,Ca(MgAs)2,50.032,36.09,59.27577689798141,41.218405224087206
mp-9565,Ca(MgSb)2,39.782,26.42,48.632671221514194,29.169978834326734
mp-9566,Sr(MgSb)2,37.968,26.095,47.25825902785471,27.88444946917457
mp-9567,Ba(MgSb)2,36.216,24.844,45.80197567819547,25.697403042073137
mp-9569,Ca(ZnP)2,66.211,45.563,80.17218601685211,47.18201944070419
mp-9570,Ca(CdP)2,57.023,34.608,68.20792367665153,38.381118693485845
mp-9571,Ca(ZnAs)2,57.237,35.241,68.35914478255071,38.70418798039432
mp-9582,Yb(ZnP)2,70.369,49.154,83.58111145127519,50.94102745553405
mp-9592,Yb(MnAs)2,64.678,35.334,64.62050112756337,45.67126505497899
mp-9615,LiTiS2,65.258,48.553,97.8750241769738,57.52666243050229
mp-9912,Li2CeP2,57.891,35.063,68.37050773686029,40.823243169045114
mp-22930,Rb4CdCl6,14.264,7.736,24.254081010032433,10.831701805250248
mp-23392,K4CdCl6,15.735,8.358,25.726266788125244,12.281770995039626
mp-2920,LaAlO3,180.191,101.264,212.19087211753072,124.9687786478116
mp-3336,LaGaO3,161.922,69.839,183.57636051743185,87.80153241528646
mp-3408,CeAlO3,182.218,59.449,211.99688089206555,118.51918992880536
mp-3466,PrAlO3,184.409,103.755,199.43307010473433,126.7688745343002
mp-38035,SrCO3,62.636,22.129,96.00301716425906,61.71976709376328
mp-3889,NaBO2,45.442,20.982,91.50544151160508,59.653667630710274
mp-3953,CaCO3,75.231,33.182,116.02975914909784,73.13062433515725
mp-4385,CdCO3,89.565,29.309,124.04585713826928,70.83721399398875
mp-4531,NaNO3,26.795,12.399,73.29225725467683,49.495977753221275
mp-4900,BaCeO3,109.913,27.466,121.12216502815554,55.69340720486745
mp-5348,MgCO3,103.452,56.315,165.30990797435285,107.55441261998917
mp-5364,YbBO3,80.342,29.012,162.30082230800323,95.65211988495456
mp-552588,LiNbO3,144.515,76.732,216.2199729434289,109.39295928738154
mp-674478,BaCO3,52.012,15.063,85.51915087831112,48.493311355790475
mp-7027,InBO3,149.91,61.546,173.89270650029195,100.61137252018808
mp-756214,YAlO3,188.656,86.342,230.3030192143033,128.34258550603815
mp-779545,Na3CuO2,43.258,16.37,55.89894949523291,31.840624538218155
mp-8110,AlBO3,202.44,121.355,242.30003382618105,162.10776506246938
mp-8180,LiNO3,39.77,22.996,117.18804912560908,70.31885823729125
mp-861228,Li3CuS2,38.568,19.728,47.65213078168964,26.836656733804578
mp-8697,ScBO3,158.788,71.217,188.90836006030463,112.21247775469558
mp-9716,TiBO3,178.989,64.066,216.03267628079195,114.20649999554917
mp-9812,ZnCO3,113.947,43.981,168.5585626324498,90.20619929194469
mp-998418,MgAgF3,80.974,60.572,80.58099450526929,38.64882147172546
mp-30148,BC2N,375.423,419.8,411.6230390002591,386.9433667692984
mp-4202,BaAl2O4,84.0,41.224,128.9665821512114,78.76156105034607
mp-5492,SrAl2O4,79.915,43.078,138.59057180120723,86.42783532097792
mp-559390,CaAl2O4,75.432,42.587,147.1871732506934,91.93468241200031
mp-36775,SrAl2O4,88.628,44.834,139.08816252176933,87.36978216649953
mp-3706,Ho2Co12P7,201.47,106.337,226.83499854544235,124.25239089873558
mp-540809,Zr2Fe12P7,215.004,126.142,256.8262252074055,140.83083279990154
mp-541196,Ce2Fe12P7,176.981,112.719,218.70852740979785,130.16251467930576
mp-1029531,Sr3ReN3,58.683,28.697,96.21293420956358,48.645129227353415
mp-1029537,Ba3RuN3,44.581,24.266,72.83525908459802,34.10968547572481
mp-1029573,Ba3GaN3,37.747,19.922,64.35740505494307,36.691629610771216
mp-1029610,Ca3CoN3,79.531,45.005,110.89837372173348,63.941560361908664
mp-1029640,Ba3OsN3,48.894,26.01,82.51904286894576,39.36874769509142
mp-1029655,Sr3WN3,56.853,29.774,94.73165209822096,50.859436534344844
mp-1029659,Ca3FeN3,71.871,46.556,108.039015270519,65.3763017811006
mp-1029719,Ca3MoN3,52.788,22.998,107.32273350073488,58.275968005523815
mp-1029741,Sr3IrN3,65.898,39.114,97.02306275993595,48.03306958158621
mp-1029750,Sr3RuN3,61.376,34.671,91.7409027321528,47.61797767489643
mp-1029943,Ca3GaN3,79.585,52.24,98.41677229201738,67.77198796699868
mp-12906,Sr3CrN3,47.647,29.98,88.66306646866506,49.65683666096403
mp-22061,In(TeMo)3,32.991,9.685,99.72676148384474,39.62476939433818
mp-3411,Tl(MoSe)3,34.649,15.825,126.9975679231746,55.382365527048705
mp-35644,Sr3FeN3,58.192,34.694,88.03595302615474,47.57849095619628
mp-4584,Tl3BO3,20.152,11.808,55.55249975890847,24.325576428841114
mp-7191,Sr3GaN3,60.178,38.083,76.64697275981442,50.79724450426967
mp-8306,Ba3FeN3,31.23,19.247,76.33449314994068,36.239409739975954
mp-9324,Ba3MnN3,32.686,20.268,77.45756022934403,39.54195398153661
mp-9325,Sr3MnN3,51.62,31.792,85.1973502578779,48.023033755852154
mp-5971,YBPt2,159.168,52.283,181.73700966671552,66.06079220061388
mp-571428,MgNi3B2,191.72,87.084,211.962302222298,108.39341987537792
mp-941221,Li(BH)5,16.486,10.386,91.175242520702,80.56624283981573
mp-5859,AlPO4,58.017,22.432,120.65401238972808,76.3371166153258
mp-29196,AuCN,36.759,20.852,56.002082700258626,30.127158906638375
mp-28549,Li8SiO6,77.448,56.475,109.39521531446162,81.14251641227013
mp-1018657,CaBiAu,49.307,21.614,61.48698740395811,33.05706598940418
mp-1018694,ErZnGa,75.872,59.377,73.92006594525795,49.470363028958126
mp-1018902,PrSbPt,86.816,35.836,98.01950036500642,48.99925465643638
mp-1019259,SrSnHg,36.162,21.448,37.65617850625944,27.359626854232314
mp-1019277,SrHgPb,32.261,18.165,32.6993589714893,22.11435128590995
mp-1024954,HoCuSn,79.602,53.287,74.7585695438142,51.325250508305935
mp-1029313,NaRuN,94.744,35.617,129.97294696604297,56.18542732665547
mp-1029357,NaZnN,63.702,33.023,74.65173099802152,44.11560480743396
mp-12505,LuAgSn,74.223,39.843,89.99020269384361,50.209785031243115
mp-13200,LuCuSn,78.999,54.432,95.12542140678175,60.680406807542475
mp-13202,YCuSn,77.995,52.304,86.36629929925562,58.426585592510754
mp-13203,ScCuSn,89.047,54.852,91.19271231511172,62.32655104833353
mp-13302,LuSnAu,79.222,40.523,103.71995139461217,54.08702877671969
mp-13303,ErSnAu,78.252,42.379,84.22695917581487,47.40267851847742
mp-14168,K2GeF6,22.604,11.68,75.56677143635919,40.80880464481969
mp-16750,HoCuPb,69.964,45.797,69.77211775259904,39.72687723876221
mp-16751,ErCuPb,71.734,46.03,75.78593791958714,44.101508805930365
mp-16753,LuCuPb,72.224,45.561,89.27113182246983,48.92723284385624
mp-19983,TiCuSn,103.401,55.201,114.79783106555298,67.3084456905668
mp-20010,DyCuGe,83.761,54.767,88.4561623081742,47.35211661132006
mp-20290,TbCuPb,69.232,45.363,75.89271157711241,42.56531405939926
mp-20663,TmCuPb,68.88,45.973,68.158837167943,38.12045897872331
mp-20865,YCuPb,66.035,45.214,80.26398667185222,46.09598302686253
mp-21198,DyAgSn,72.208,41.882,77.14324730309269,46.10366811470227
mp-22149,DyGeAu,92.206,45.427,89.75389434182861,48.21005869341564
mp-22683,CeCuSn,32.511,43.234,70.48596588130911,37.97325320248989
mp-23671,LaNi5H7,120.516,30.953,147.20865025299142,60.82644813206566
mp-23794,H4NF,30.444,6.912,73.77669228696911,46.715411324876
mp-2659898,LiBH4,17.533,10.774,48.33996724201437,37.300989448111466
mp-29026,MnWN2,289.385,115.863,323.42304535961694,134.91720396951544
mp-29529,NaSnP,29.913,18.993,39.826451685653424,27.221812266539963
mp-31160,CaZnSn,46.54,37.248,50.288238873437166,39.46473787035073
mp-31301,LiSn4Au3,62.451,20.244,71.04683610180419,28.18708891637483
mp-3486,KSnSb,19.885,13.626,28.747453012580777,17.391464409485653
mp-37657,Ca3SiO5,95.423,52.632,131.3897502650437,82.03408028689832
mp-5055,Na6MnS4,30.501,13.834,40.226246230997795,22.65289632626005
mp-545974,AlPO4,121.145,39.099,144.93945721601233,89.07563164419808
mp-5519,HoGeAu,93.299,45.301,88.44246786436929,47.8602754292953
mp-567197,YSnAu,77.288,42.304,95.43904156869002,53.17088285870819
mp-569724,ErAgSn,73.07,41.622,78.54669147716955,45.35135583977447
mp-5729,YAgSn,71.171,41.828,82.28859762641426,48.7426076831748
mp-6917,TmAgSn,73.521,40.715,70.87240536400554,40.898685872170624
mp-6919,ScSnAu,81.571,37.389,101.5175644452173,53.07711429741353
mp-755000,LiTiO2,129.822,57.795,200.79750972482287,102.84951221573392
mp-8389,Na6ZnS4,31.23,14.354,40.78334457822127,23.74660811630649
mp-9025,YSiAu,92.683,44.079,102.54078206336648,51.84945964608832
mp-9350,ScGeAu,100.236,44.379,116.30486410627552,57.221641220673334
mp-9351,LuGeAu,95.16,42.974,116.14801118422837,58.74195350506701
mp-9387,TbCuGe,86.002,53.608,91.68699558917024,52.47756956725412
mp-9389,HoCuGe,89.851,56.64,88.54427731129871,47.82480698423587
mp-952566,NaSnSb,22.663,13.031,32.89635470908353,19.029313183416484
mp-9575,LiBeSb,56.099,47.692,68.10814998247245,45.983885789689694
mp-9919,LiZnSb,46.251,25.849,50.59030516877238,29.31638011092243
mp-28835,LiScI3,16.739,10.994,28.906524573868904,17.520051126588907
mp-1009504,EuZnGe,58.661,37.354,54.88063867197852,37.79812664267206
mp-10161,KZnSb,24.144,15.515,27.795406068382317,15.736950639299462
mp-1021424,KMg6Mo,39.445,21.388,41.707060477048024,27.55114828436152
mp-1025575,Mo(WSe3)2,15.148,11.068,86.45871063400705,54.17103189629095
mp-10440,Mg(P2Rh3)2,204.177,51.875,236.6243510449648,78.61156048354307
mp-10614,SrLiP,42.523,29.394,46.961546408792685,29.28199633119435
mp-10615,BaLiP,37.873,24.535,41.30123449903794,24.20060619541223
mp-10616,BaLiAs,34.083,22.719,32.62449040019745,22.720337482445125
mp-10738,SmPPt,122.978,50.263,113.73576546046807,50.82999074547267
mp-10924,Mg(Co3P2)2,203.708,97.656,227.63334063952453,106.18075444572293
mp-11833,UCuGe,92.884,34.78,97.51542166212607,51.06062877371134
mp-1228631,B4OsW,320.077,232.779,391.0216439177503,263.2481796958297
mp-1228634,B4MoIr,291.541,187.638,360.78316305400386,233.2193273831384
mp-12951,ZrGaAu,124.475,61.519,136.489892741952,71.53766865803934
mp-12952,HfGaAu,131.425,63.9,149.24522054934454,72.01648803009141
mp-13149,BaAlSi,48.725,37.374,46.04404393268764,34.305516126711645
mp-13272,BaAlGe,43.108,34.095,45.27018716182086,32.86857718671083
mp-13311,SrAlGe,46.288,33.949,44.677437801388905,37.62835623264969
mp-15687,KZnAs,30.741,20.548,35.095823727255045,22.544994938373005
mp-16043,Mg(As2Rh3)2,172.795,53.11,202.84011246096424,67.20029252355444
mp-16045,Sr(As2Rh3)2,163.16,61.104,184.2236921005177,66.45082014693602
mp-16304,YPPt,126.409,49.574,136.7451914480316,64.76892637881568
mp-16326,DyPPt,127.339,45.952,127.38721632325776,61.32476936020895
mp-16734,SmNiAs,105.535,53.198,103.14721537848376,50.35312529337117
mp-20082,Yb(As2Rh3)2,171.742,60.769,191.1447644062713,69.08841603552891
mp-20998,LiCaPb,29.742,24.614,32.8377685513492,25.052078284794387
mp-21242,LiYbPb,30.798,25.544,40.87812738924945,28.172179575958182
mp-24012,HoHSe,85.382,65.614,79.74920956256838,59.29205023790537
mp-2479693,LiCaSn,33.128,26.704,36.091821380213176,29.26217635291359
mp-28797,YHSe,81.843,62.621,85.68385343169915,58.24042968992437
mp-29005,U(Cr3P2)2,144.899,84.753,195.2633645599472,101.1410221774965
mp-29868,LiAuC2,50.028,25.135,60.83134802452829,29.1977219706836
mp-3173,CaAlSi,56.962,39.745,54.29693612515349,42.662863426794445
mp-35189,Co2SbTe,133.616,60.404,126.70201102044008,72.02539644124768
mp-3698,SrAlSi,52.321,38.416,50.72518678132552,42.41918626873774
mp-38006,Ni2SbTe,101.094,42.718,116.2446530392126,49.839546726325565
mp-567191,CaAlSi,55.59,38.055,54.73943886668934,44.04108684924895
mp-568809,Ba5Al5Pb,28.583,18.694,33.91181686581712,24.941434675369397
mp-569788,LiZnGe,52.042,35.794,61.567571370223355,34.437607832149986
mp-570677,Ba5Al5Sn,29.211,18.994,33.04509221399484,24.57993646535935
mp-571454,LiAgC2,38.657,20.005,60.24201230948652,29.49207160670944
mp-7168,TbPPt,127.592,48.991,121.28293062345756,55.28324050541859
mp-7169,TmPPt,130.268,44.958,115.19571653026668,56.89446908543286
mp-758594,Li(Fe3P2)2,175.385,39.309,210.61432747972944,102.02966063950944
mp-8605,SrSbPt,58.536,15.928,67.66791500772621,36.67367283149857
mp-8606,BaSbPt,57.332,21.965,60.747069901563826,32.04343873664815
mp-8864,Li(Co3P2)2,202.474,100.91,225.7679634460148,109.72910876759916
mp-9023,ScSiAu,113.183,63.455,125.15259260998852,68.98323904098325
mp-9164,ThSiAu,119.857,62.806,131.2150705206868,63.892217809195046
mp-9487,USiAu,105.688,1.484,98.72039690713116,43.897756144358134
mp-9744,BaAsPd,58.991,26.11,60.89681457870278,27.5834905835982
mp-9828,YbPPt,94.698,32.243,108.58425493333648,54.61673038674769
mp-9950,BaLiSi,28.242,17.23,24.410329938911627,15.474599417775108
mp-10049,MnAsRu,164.876,65.328,172.65447706865515,77.72459934284265
mp-10300,ZrMoP,197.372,112.914,231.5755984968164,120.558083835892
mp-10379,Hf3(Cu2Ge)2,137.085,73.151,154.50741442156877,80.76913839866508
mp-10446,Sc6NiTe2,71.461,15.21,77.39119292303205,34.9097213780738
mp-10739,TiPRu,219.7,102.358,228.67804432901528,97.55558370861776
mp-1079086,UAlNi,181.635,135.997,119.83721844930788,56.5124367241359
mp-1079239,Ho6MnTe2,55.737,32.789,35.44181682294199,24.2145562585385
mp-11038,Zr6Al2Fe,101.192,46.35,116.27004900985838,47.273184767589434
mp-11073,Ti3In3Rh2,123.289,57.386,130.51536006994968,53.69227613895595
mp-11091,NdMgPt,77.781,26.504,81.89918551991153,28.397220527224015
mp-11104,HoInRh,98.675,30.802,96.065505270245,33.975766452772426
mp-11155,NdMgGa,54.881,39.928,48.25364868911475,31.806473335004217
mp-11157,SmMgGa,57.196,43.313,45.25121342544654,32.83565466999708
mp-11201,Sc6FeSb2,71.045,45.625,80.01846703404391,39.57505524875816
mp-11202,Y6FeSb2,60.461,36.168,62.20031491306243,34.32415475247611
mp-11351,CeAlNi,87.249,38.825,93.88743049449462,42.498038563103336
mp-11547,YTlPd,81.983,25.047,90.69694119022262,38.34805668977779
mp-11580,TiCrP,206.197,123.545,221.64446237841156,140.15880442924646
mp-11615,TmMnGe,97.514,62.325,77.34382768787859,53.4242498522153
mp-11667,Nd2(Zn2Ge)3,75.88,51.194,79.62693429713065,45.60555044169739
mp-11750,Ti6Si2B,149.647,105.78,156.02598914078447,96.11814910934218
mp-11754,Sc6Te2Os,72.034,26.817,89.15561652033936,39.06840001112501
mp-11755,Lu6Sb2Mo,64.762,37.541,77.336539302347,44.01485228160688
mp-1180259,MnAsRh,141.905,37.166,153.67267038519677,67.16215437226865
mp-11971,HoSnRh,108.644,45.248,108.27577270013046,40.0800964589565
mp-11973,YbSnRh,82.861,25.415,99.72231512770163,38.4124428374302
mp-11974,TmSnRh,111.197,48.404,110.44888693787158,43.910137611621906
mp-11984,YMgTl,53.855,39.795,58.77352725643874,37.78722686415942
mp-12277,CaAgP,67.623,41.18,80.74590908050436,44.08158939060147
mp-12381,PrSnRh,96.952,33.42,106.97134047926409,39.96253116219693
mp-12696,YMgPd,71.355,21.372,75.81444418492342,28.17015739157759
mp-12703,PrZnNi,63.238,30.122,73.4763916584014,24.4066923098274
mp-12710,PrZnPd,77.401,29.073,77.374032441239,24.236361313490512
mp-12760,Zr6Al2Co,105.44,51.741,110.78568681773122,48.672087572639015
mp-12961,YAlPd,93.559,27.628,99.86918676324474,34.49991851333088
mp-12962,Zr6FeSb2,111.254,59.351,122.55612301861842,52.17339641966706
mp-12972,Zr6Sb2Pt,118.611,60.061,127.62851852080018,55.73371139372208
mp-13074,LuNiPb,86.727,47.251,106.12725310871475,41.227410129650224
mp-13090,YMgAl,57.528,44.769,59.23644070549218,39.50344995176521
mp-13092,Zr6Al2Ni,111.94,51.435,108.64564943437313,49.377342191207475
mp-13095,YAlNi,92.941,38.915,95.820053941335,41.14510851470588
mp-13171,YMgCu,60.094,22.255,61.99579459435795,26.09424057232696
mp-13474,LiErGe,59.851,47.51,56.13142475183359,41.12493252501022
mp-13525,HoInIr,111.539,36.26,107.15879490214976,39.78949154872832
mp-13536,TbZnNi,78.188,34.647,87.73314434661316,32.67582947360293
mp-14208,LiYSi,62.422,48.636,69.31748153376759,47.44092352020653
mp-14209,LiYGe,59.504,46.996,66.00107541432196,45.6633351960143
mp-15297,Hf6NiSb2,131.265,72.06,135.73185881759693,61.27279243537179
mp-15322,ScCuSi,113.813,76.911,116.92201833355368,79.9021081812077
mp-15657,TiCoSi,177.798,103.013,196.46392952276625,111.54666838389764
mp-15820,LiHoGe,61.118,48.427,56.78092086441893,42.196796869873786
mp-15821,LiNdGe,54.525,38.814,50.29693706647162,31.207192867864944
mp-15963,HfPRu,220.115,95.48,237.0345638174156,110.84293052824052
mp-15985,Zr3(Cu2Ge)2,133.221,71.657,145.87040661511242,76.98517966682022
mp-15987,Hf3(Cu2Si)2,145.521,80.979,163.04909445849054,86.71883617906904
mp-16305,ScPRu,175.386,102.271,201.3707494403004,95.02555866379492
mp-16645,SmMgPt,80.64,25.724,77.26950180177178,27.64579551188631
mp-16740,TiGePd,149.123,57.852,153.2700983628489,72.47970374527426
mp-16745,ErAgPb,66.619,32.98,66.69722570224282,34.60192972693684
mp-19740,YInPt,100.795,37.842,111.03821813995192,44.84721140993961
mp-19782,TbInCu,76.971,43.513,75.86831053030993,35.927099904661105
mp-19934,CeMgPt,79.546,30.741,88.49847918193223,33.41683948567711
mp-20058,GdAlPd,87.985,21.176,101.4843532964852,34.436801688830286
mp-20522,TmAgPb,66.924,31.852,63.97453598476458,33.979635815719455
mp-20935,ZrSnIr,160.406,64.039,163.2205195905143,67.93156659913045
mp-21007,SmSnPt,103.847,51.35,104.47217519736056,43.1453983742597
mp-21054,PrSnPd,84.625,40.129,94.2725292847344,38.20878897611793
mp-21158,CeAlPd,80.506,60.666,93.74819619261991,36.0367262594266
mp-21290,HoInPt,103.02,38.221,103.3774083782382,41.392385915398286
mp-21440,NbCrGe,189.979,93.389,206.6030522529969,127.21220480738306
mp-21494,UCoSn,24.751,0.78,133.5082591779583,55.7719516032076
mp-21503,YMgIn,54.137,40.499,57.94260345557428,40.24413498694791
mp-21505,YAgPb,63.551,31.32,72.52716519755113,38.6753754982339
mp-21509,LaMgGa,49.819,34.362,51.04130646821722,32.739084967164096
mp-21887,NdInPd,79.888,27.594,84.40879671722001,32.91656015697852
mp-22167,Zr6Ga2Co,109.449,52.158,121.00525161404978,44.74957103020828
mp-22384,DyInPt,79.936,26.984,104.8709730385514,41.632410752438126
mp-22769,TiCoGe,168.613,76.495,174.64545381591665,95.26482728065044
mp-22779,YbSnPt,84.825,36.015,102.7982305556866,43.437699336682115
mp-22972,Tb6FeBi2,36.09,8.571,53.153922114346294,26.840101638248413
mp-23039,Er6MnBi2,52.919,33.704,40.00752087273749,25.130685619109
mp-23047,Ho6MnBi2,51.435,32.156,31.30950312224526,22.283235451745387
mp-2909,HoAlNi,87.429,39.228,90.00469192918298,40.39272952291279
mp-29135,Zr6CoAs2,121.804,65.726,133.31969802097788,57.28767758674485
mp-2990,TmAgSn,75.464,40.242,68.15849546662267,40.695531263982915
mp-3015,HoInCu,80.4,45.737,73.27366025932355,37.27366205464057
mp-30307,DyBiRh,96.913,40.652,104.04326088109276,46.2047015155072
mp-3053,DyAlNi,119.796,0.172,87.16448798091135,37.43622518291319
mp-30563,ZrCoSn,140.779,67.418,143.47884781437693,66.77028588819353
mp-30656,TiGaNi,127.561,65.377,156.03195733339828,61.603169807953726
mp-30737,YMgAg,54.978,36.231,61.13811311280134,20.705787386128662
mp-30799,NdTlPd,76.14,28.036,77.6844073173887,31.53381797072714
mp-30921,Y6CoBi2,56.904,8.761,63.08818692131903,29.92165802676932
mp-31072,Sc6Te2Rh,72.813,302.329,84.95976834822505,36.131783143434475
mp-31235,BaNaBi,23.376,16.323,25.696427497875344,15.564399960067664
mp-31330,NdInRh,91.094,44.34,92.5820648634713,32.191459560213794
mp-31383,Hf6CoBi2,107.37,59.853,121.73882478244272,50.767480835768694
mp-3197,TbAlPd,93.543,33.168,94.17341305947524,33.34138083130717
mp-3950,ErInCu,76.827,47.675,74.00917875054857,35.79261239868447
mp-4106,YbSnPd,68.945,27.608,85.67388237706032,36.06897709553467
mp-4189,Dy6FeSb2,39.048,34.383,49.068431704684706,26.901453637391647
mp-4238,MnFeAs,159.384,74.317,137.19936954973866,84.1127540428111
mp-4508,ErInPd,89.71,31.411,91.80309622587134,37.49362379163584
mp-4720,Si2Ni6B,211.027,78.437,235.6809939629295,84.05038953550195
mp-4731,K2UF6,45.281,21.626,81.78809934441436,35.14660724903227
mp-4989,CrNiAs,130.106,61.789,124.78483573121972,72.06978351955526
mp-5015,UAlRh,130.046,43.274,141.5051077429544,46.27914675759257
mp-5590,YMgGa,59.971,48.769,67.10974033697642,42.78742046458849
mp-5615,CaAgAs,60.562,36.572,66.97666529825065,36.74414670560211
mp-567214,NdSnRh,98.469,32.566,102.67392083967582,38.84975719213442
mp-567574,DyAgGe,85.081,52.137,82.08350711418372,46.19146836985842
mp-567588,DyInRh,98.902,31.23,96.63508658183488,32.78417103024758
mp-567856,MnAsRh,147.225,53.657,153.4198795528106,62.84376693626095
mp-567912,SmHgPd,83.107,25.976,77.48292145431887,27.68162751248767
mp-568695,CaCdSn,42.528,25.536,45.05666562754936,27.47680445437873
mp-569848,LuInPt,118.324,53.401,121.64974313313756,46.39291915532308
mp-569871,Tm6CoBi2,58.177,32.583,53.04194415939496,26.45216459647137
mp-5723,ZrAlNi,130.593,73.136,137.56797449782076,55.997434986211715
mp-610972,MnGePd,125.652,98.723,138.04377967728286,38.93969823559877
mp-672254,CaPdPb,57.601,27.4,68.54287079150915,27.19914231498355
mp-672299,YInNi,85.206,35.401,89.68024701653776,41.569116870952605
mp-6908,YMgZn,52.989,66.8,55.23904938822454,24.325093500600502
mp-7032,HfMoP,206.978,119.755,245.2514333291015,122.8766889273078
mp-7080,Li5(NiN)3,77.127,46.935,91.22963382405808,51.81288408298499
mp-7093,HoAgGe,78.153,26.085,71.65963299038599,28.53523741038415
mp-7239,PrMgGa,53.714,37.828,49.89590564069904,31.316770558826143
mp-7544,ZrSiRu,191.197,101.543,208.3505758908095,103.8768318102653
mp-754673,Er6Te2Ru,62.487,29.664,67.99502798201266,32.212217468814885
mp-7632,NiMoP,238.287,94.385,284.2852750735718,105.93988905371228
mp-7829,MnNbSi,198.194,100.31,195.5897662137648,117.8144780696598
mp-7930,Zr3(Cu2Si)2,132.377,76.896,152.93953797705996,81.06823351768419
mp-8221,ZrAsRu,186.495,85.07,204.11725289563256,97.29454884411166
mp-8415,K2HfF6,51.219,25.252,98.31967880294692,47.0964216758338
mp-8481,LiPrGe,53.023,37.085,51.1694607751535,33.30383447386428
mp-865402,TmAlCu,85.691,45.234,79.83734881281278,42.724632258043314
mp-9223,ScGeRu,147.039,82.265,161.60604680959216,81.01256890478204
mp-9381,Zr6FeTe2,114.77,60.855,120.2812365551088,47.404476587585805
mp-9549,ScFeGe,98.654,37.767,118.610014100677,72.6801762705067
mp-9550,ScMnSi,117.52,78.678,117.072957900777,77.84423262506476
mp-975423,MnNiP,172.329,86.583,160.17213386718058,92.15597936994672
mp-9776,YbAgGe,60.397,30.788,73.78243832237867,37.70245942445508
mp-982004,SmInPd,83.172,30.051,75.83759043400998,30.193859286383542
mp-9916,NbCrSi,209.159,116.095,237.25635280411967,144.27528455317284
mp-9951,MnNbGe,182.253,81.575,180.02641043977954,98.21286824061634
mp-17092,ScSnPd,103.247,50.612,108.73256721655898,48.22199485657063
mp-18198,ScSnPt,116.177,54.332,128.97077312625598,59.972922580636485
mp-22315,HfCoSn,130.285,72.418,150.72925612188956,75.48869311741373
mp-2960,HfSnRh,148.752,64.218,151.11120736524907,62.88816290093136
mp-571619,HfAlPt,163.496,69.364,175.79682600268163,69.22090818670411
mp-17095,CsCuSe4,12.126,7.433,39.5346917660098,19.14037154601269
mp-18105,CsAgSe4,8.401,5.594,33.82122204097299,16.292128587688357
mp-23866,H2SeO4,8.966,7.261,103.52414176269234,68.59774797114423
mp-23963,HIO3,13.126,11.542,121.64036439351088,74.35640601819375
mp-27579,Na4P2O7,45.175,24.379,116.5496482773435,78.36821061035877
mp-27897,Ba(NO2)2,30.201,12.511,85.53421954358059,43.05214567715777
mp-607291,Cu3BiS3,33.375,10.463,84.51316095825918,36.84944255308456
mp-697136,Be(HO)2,57.926,45.414,144.3179228358648,97.4847542817806
mp-7339,BaSiO3,57.994,30.968,122.67449703276137,75.18907873224965
mp-10056,UCo3B2,479.093,147.434,246.1985180980437,119.6476749329681
mp-10058,YbCo3B2,188.619,118.119,205.27612461952387,115.68826001318531
mp-10059,ZrCo3B2,244.042,140.108,258.77130915021866,139.57637715782994
mp-10065,UFe3B2,256.215,145.512,221.08098203598828,121.40003516807688
mp-10115,ThB2Ir3,255.394,120.286,303.7073941611904,134.21229417564206
mp-10132,UB2Os3,295.443,141.007,301.03057029265136,151.40018890185655
mp-1018703,EuZnGe,49.74,6.449,43.292691059026936,19.03689144419397
mp-1018718,HfTa2N3,271.821,91.152,296.25702913133574,123.32088549495926
mp-1018723,HoCo3Cu2,135.084,60.344,141.52217849599757,64.98682438922395
mp-1018743,LaNi3Rh2,109.911,51.436,169.70256103134298,65.76799863714055
mp-1019262,Ta2N3O,240.219,77.09,259.2445460535666,62.23987180903687
mp-1024990,LuB2Ir3,251.607,120.981,292.60655274863757,123.96945860460956
mp-1024993,DyB2Ir3,247.431,123.13,283.28903552736335,126.9547822061965
mp-1025017,NdSi2Ru3,177.35,74.395,188.49117429095497,72.70920459617918
mp-1025056,ThSi2Ru3,193.609,95.922,215.59619942969692,93.9414765258454
mp-1025071,YbB2Ir3,232.651,131.531,279.3546769882159,126.29073379393002
mp-1025075,TbB2Ir3,246.928,123.894,288.2996719619949,131.02246739737618
mp-1025102,CeAl3Pt2,130.404,65.017,140.15899990056843,64.89448056534337
mp-1025136,EuAl3Cu2,79.76,56.864,89.58563122771845,54.28849161961696
mp-10398,HoNi4B,150.211,79.36,184.50011928116257,85.77690135187173
mp-10463,YCo4B,173.919,65.313,174.33249823530898,88.53953503916215
mp-10897,PrAl2Ni3,108.679,59.669,124.02209421083306,60.61983416887939
mp-11350,CaAl9Co2,87.08,56.558,101.56041571503978,58.19396858027742
mp-11539,SmAl3Pd2,111.237,63.557,109.34568677716692,57.33707308993609
mp-11593,CeB2Ir3,243.781,122.516,274.42715504681445,110.52335848102057
mp-11594,PrB2Ir3,231.473,96.666,266.5718813151915,107.36549031359984
mp-11610,PrCo4B,152.622,62.966,159.65649909537066,71.84826153015281
mp-1215178,ZrTiB4,242.634,239.732,265.25905568065014,246.30131010649177
mp-1215209,ZrTaB4,268.949,221.721,318.0267095022237,243.2402332401654
mp-1215211,ZrNbB4,260.513,219.951,278.74494122337336,225.7483728261093
mp-1216375,VCrB4,201.539,188.983,339.23514505918735,262.11256835100744
mp-1216667,TiVB4,267.608,252.386,306.007727908151,293.63768835729957
mp-1216692,TiNbB4,268.26,238.167,285.8448760203801,258.72591369576276
mp-1216966,TiCrB4,277.905,223.639,315.5430659279293,280.9419203591649
mp-1217818,TaVB4,293.658,224.962,346.3531697352154,267.6185639966033
mp-1217898,TaTiB4,276.819,241.451,296.1984851760358,264.6565046496191
mp-1217958,TaCrB4,245.291,179.007,349.0644176297492,257.0335907886075
mp-1220351,NbVB4,287.133,219.876,334.83527382607775,257.3959057687493
mp-1224263,HfTiB4,247.465,250.862,253.44643602882635,249.036157825211
mp-1224283,HfTaB4,277.689,229.143,307.48923005483726,232.55806555012325
mp-1224328,HfNbB4,268.296,225.412,285.56213967014037,225.3428580616863
mp-12549,BaAl9Ni2,85.769,43.997,86.44705672065707,49.5771695393553
mp-12734,NdAl3Pd2,109.306,61.07,122.62322480629808,61.5810485574777
mp-12965,ErNi4B,159.788,79.509,182.7854915854335,87.18121296176558
mp-13118,CeZn3Pd2,99.644,34.678,106.70641035968394,42.32694042630395
mp-16483,BaAl9Fe2,79.367,44.138,94.86188262746748,63.68342397460146
mp-16491,SrAl9Co2,65.439,60.932,99.65216714013636,60.089228521934736
mp-16766,LaAl2Ag3,78.309,27.456,84.0788739237704,38.01427188871104
mp-20193,DyCo3B2,205.75,122.306,198.664843356944,114.67476882639684
mp-20338,CeAl3Ni2,114.955,72.193,111.70912909535522,69.4939775306126
mp-21201,LaGa3Pd2,100.405,48.952,115.26668812637443,47.63645514214847
mp-22260,Y(MnSn)6,112.507,71.503,88.03327178581509,61.321281781652864
mp-27296,ZrTi2O,114.231,40.626,127.14210198726504,55.02530422303259
mp-28614,NaBPt3,154.883,34.515,191.5724933128434,60.892437728398285
mp-2880,LuB2Os3,264.273,125.147,277.3166313856508,124.625932478754
mp-2903,UAl3Ni2,135.451,88.333,117.00920990838848,71.33010009314016
mp-2947,SmB2Rh3,205.017,102.945,224.9792991368729,105.94505316541346
mp-29726,LaSi2Rh3,164.797,91.599,175.77568293341366,88.22655529720684
mp-29742,NdSi2Rh3,166.12,98.975,184.62369298369896,94.52703447934071
mp-30028,YSi2Rh3,173.958,100.445,192.29283028425033,98.34308536655138
mp-30043,CeSi2Ru3,185.912,90.753,196.14175535994963,86.05067627725138
mp-30181,PrAl3Ni2,104.057,64.543,107.64052436829554,66.23831308751357
mp-30182,ThAl3Ni2,122.373,75.405,125.71651082531488,74.6411474522335
mp-3040,TbCo3B2,205.718,120.709,202.7701807612461,115.56042092422685
mp-3055,NdB2Rh3,199.655,90.324,216.79232908041328,99.03810109976531
mp-30621,DySi2Rh3,175.481,101.516,189.89044663942,95.88591866219328
mp-30815,LaAl3Pd2,102.67,56.516,112.83495795492308,55.13219774164584
mp-3092,DyB2Ru3,223.115,105.243,238.20917194189872,113.36118028455763
mp-3093,ErB2Ru3,225.055,105.691,230.83990698858753,110.8418296913017
mp-3186,TbB2Ru3,222.108,104.945,237.8490939062275,103.516310057758
mp-3223,ThB2Ru3,230.004,94.235,236.8686836928109,100.84452665165632
mp-3400,Lu(MnGe)6,141.054,96.788,144.78850150109344,91.95162891374768
mp-3467,SmB2Ru3,217.544,103.1,227.9587526213098,106.23925619102208
mp-3494,CeGa3Pd2,101.993,53.223,122.32478152060366,51.12649536811212
mp-3689,NdCo4B,157.015,64.147,162.6404454876606,75.97669160447542
mp-4382,YB2Ru3,221.788,105.493,226.97668828467175,109.15244980411896
mp-4454,CeCo3B2,321.221,472.294,226.30746763896653,111.2726955545976
mp-4561,UAl3Pd2,116.197,63.137,127.15428581144648,58.51591795573781
mp-4634,LaNi4B,141.277,67.343,169.2072356876813,71.18248621247933
mp-4785,CeAl3Pd2,108.295,61.657,121.97523380351112,61.5456224570153
mp-4938,ScCo3B2,244.868,341.806,228.6608663079694,129.81858865820382
mp-5019,YCo3B2,203.252,116.996,216.5169538410913,120.6022641469038
mp-505207,Sm2Co7B3,178.372,74.726,177.18866355716187,92.2832664749281
mp-5063,YAl3Ni2,110.087,68.926,118.43401815754429,70.48183095743681
mp-5197,ErB2Ir3,249.809,122.299,282.6213380086879,132.87232282429088
mp-5313,HoCo3B2,203.405,125.023,203.88843008526956,116.5281579185434
mp-5353,ErCo3B2,213.346,125.896,209.82746557476528,123.92785288623205
mp-5369,PrB2Rh3,214.536,169.418,213.22198267708112,93.84655583244638
mp-5410,SmCo3B2,197.382,111.407,196.55234373760777,107.20141581362566
mp-5578,LuB2Ru3,227.908,105.804,239.170249033656,113.1772948133558
mp-5620,TmB2Ru3,225.91,106.066,209.3235738399009,107.01019603927644
mp-567863,Y3Ni13B2,154.502,77.392,177.20960542728656,80.28742966576058
mp-568354,DyGa2Cu3,99.195,47.371,100.66344025935256,49.96709438245326
mp-568555,SmSi2Rh3,171.945,99.601,173.49546403860333,89.643163571722
mp-568687,TbGa2Co3,135.088,65.247,139.4597219471237,71.68399644190839
mp-569482,LaSi2Ru3,169.788,66.041,185.37712506646457,78.16230357445657
mp-569601,ErSi2Rh3,176.446,101.152,185.6903330443992,99.52487781554191
mp-569886,KIn9Ni2,39.521,20.557,51.035808215806874,20.981743014107177
mp-570950,NaLi2N,13.822,13.772,9.91714899695549,11.591016001791642
mp-570998,NaLi2N,41.942,22.499,45.763766571957525,25.020707030321823
mp-571044,CeSi2Ir3,164.527,93.348,237.14937081567152,110.87109644853054
mp-571071,HoSi2Rh3,175.942,101.432,190.17602248934944,97.5836795354126
mp-571263,KIn9Co2,48.749,29.539,53.661547131554194,25.69311669939683
mp-5714,TmCo3B2,210.234,126.519,207.24028437308337,126.77686548878538
mp-5757,CeB2Rh3,205.713,99.395,241.4452109595715,108.6120949801791
mp-7099,NdB2Ru3,214.904,101.199,224.13321952514448,95.49863938778282
mp-7149,Na2LiN,33.247,16.882,33.56524673431554,20.288784592602266
mp-7186,NdAl3Ni2,105.597,67.155,109.88661886648774,68.59202636429553
mp-7247,CeZn3Cu2,88.31,47.803,95.7249640226486,48.88041593718577
mp-754875,TbSi2Rh3,174.624,101.443,185.77297709066428,95.92617756420596
mp-7559,YNi4B,148.286,77.117,184.30119724507804,85.60423426185496
mp-7804,HfCo3B2,253.383,156.93,256.9999086854211,149.66409038621867
mp-8048,NdNi4B,140.198,71.451,172.32204329413122,74.0705453944507
mp-8307,CaNi4B,132.728,61.205,160.45351020608712,77.72577736374835
mp-972309,Ta2BN3,236.24,88.105,256.3950998119539,83.62634064417358
mp-979265,Ta2CN3,237.169,61.097,247.83198803601076,60.7912548209674
mp-23352,Ge(Bi3O5)4,53.667,29.547,131.71855575506677,63.862001506504136
mp-16916,Ca6FeN5,77.543,34.172,86.08381021081298,51.40835735558851
mp-17577,Ca6MnN5,78.322,38.848,86.3818043327531,50.78770652170987
mp-17875,Ca6GaN5,71.121,28.855,82.05685730196753,52.40077877525514
mp-31469,Hf5CuSn3,118.269,63.711,128.54832231648876,72.44219740739668
mp-39105,MgTa2N3,275.66,202.375,327.2052190310601,208.21184988994244
mp-556777,Li2CO3,75.034,40.321,137.16485495258826,64.44973002799595
mp-8045,V5P3N,209.704,88.907,234.79059725135397,104.66233573586116
mp-10847,NiSbSe,79.428,48.176,108.17935643847048,58.13152169282194
mp-10848,AsPdS,100.205,37.791,126.96731713162347,55.60658915304894
mp-10849,AsPdSe,95.795,35.985,122.43827568225753,54.1490327550839
mp-10850,SbTePd,79.387,32.354,96.900816437926,47.37315162023163
mp-12923,SrPIr,98.247,31.257,124.016235756518,49.38962354556407
mp-16363,CoAsS,123.363,106.06,164.12779084463898,112.72106601644856
mp-21164,SrGePt,67.988,19.913,80.3441205761779,32.06374844878014
mp-21236,BaPPt,79.315,31.085,90.3227309602646,35.239676347806096
mp-22151,BaGePt,65.25,23.001,75.83036049897153,28.36381837885179
mp-23339,NaBrO3,27.038,16.231,86.48846430247862,48.71480303887385
mp-2720358,NaClO3,25.827,14.452,84.37025028744586,52.13834577212363
mp-28980,K3BiSe3,12.443,7.072,29.388569090509232,15.469534345837925
mp-29011,BiTePd,74.017,26.776,87.37322061473394,38.199176051530415
mp-29379,K3BiTe3,9.122,4.756,24.561559820284753,12.089808562764285
mp-29638,BiTePt,86.263,32.854,102.2485569082605,48.4708482325343
mp-3519,ZrSO,130.347,50.433,163.23425132194285,64.77886139714326
mp-3679,NiSbS,84.973,51.865,114.92256411390932,59.556329282908095
mp-4368,SbPdSe,83.274,31.472,105.4463003088133,47.54793798751524
mp-4478,CaSiPt,82.686,21.792,101.8647929793519,41.135834474993175
mp-4876,Tl3SbSe3,14.239,6.494,38.496109838866495,15.95121578706086
mp-756361,ZrSeO,121.879,48.154,157.0436802269019,55.84808523721344
mp-775761,AgClO3,33.661,7.739,87.20732986274302,44.804319568906315
mp-7787,HfSO,141.028,58.701,179.11687540941605,78.30296945048329
mp-8458,BaAsPt,68.239,23.705,75.09897689265833,27.874486833170614
mp-8630,SbIrS,140.919,86.444,166.28620682220546,100.4799840351592
mp-8843,SrSiPd,68.756,23.297,74.18951195727466,30.39753195466742
mp-971914,SrSiPt,78.261,27.152,92.20786868932358,37.591174492666
mp-761872,Na2Sn2O3,30.323,23.861,78.43386677805609,41.44117553846256
mp-8624,K2Sn2O3,23.501,15.91,62.10963786821412,33.29015357652445
mp-1029490,Sr3B3N5,69.598,26.776,116.77088276083116,72.49101633506827
mp-1029580,Sr4ZrN4,71.003,28.485,87.24949342932679,46.8109442616805
mp-1029660,Ca4ZrN4,86.996,41.251,104.74215254017406,59.64175246645189
mp-1029699,Cs2CN2,17.81,3.776,32.80986359288127,17.23402036125905
mp-1029730,Ca4HfN4,88.682,42.246,108.3774413124276,63.62113769485726
mp-1029733,Sr3Al3N5,104.031,52.829,127.38747225189611,87.32413452802494
mp-1029737,Ca4VN4,88.844,45.204,116.69647677294644,66.09633258354269
mp-1029782,Ca3W3N5,108.798,49.934,169.7861587152494,76.19995250317281
mp-1029799,Sr4TiN4,72.97,33.654,93.2396265664274,50.73580125410759
mp-1029921,Ca3Al3N5,112.618,59.404,144.31701464592552,98.18680155061526
mp-10810,TiAgF6,20.057,14.3,93.42652033750436,40.2141044714765
mp-11737,Li4SiO4,78.989,53.188,126.4636279263388,87.7501204261024
mp-1205307,WSCl4,0.936,0.749,49.83595525743635,22.583391271014527
mp-1542038,CsSnSe3,12.624,6.148,36.1603050704311,18.877564331761896
mp-16828,Li3B7O12,64.468,39.327,181.2982184585446,118.44694688280376
mp-22747,Pb(CO2)2,22.536,13.958,101.71391174354284,58.127403917951455
mp-23791,B(HO)3,14.465,6.744,64.60164235572778,40.24099767616046
mp-2422143,Pd(Se3Br)2,2.439,2.054,31.973695317280775,13.99669990870748
mp-2422943,WSCl4,0.203,0.2,48.217731601519624,21.774831752280303
mp-2458827,TePdI2,6.67,3.699,49.8552421726999,15.166242927748913
mp-2492941,Li2NbS3,52.707,32.578,95.93290049274268,45.19041443754081
mp-2725306,NaCu3O4,45.84,20.876,66.45096317108309,33.993025957363486
mp-28017,Na8Ti5O14,74.063,43.59,141.8076210496797,80.66156205415577
mp-28174,Pd(SCl3)2,2.346,2.36,31.889488179549,15.433204995500528
mp-28230,TlSbS2,13.437,5.992,52.17304941373734,21.81046143724608
mp-28376,CuAuF5,30.801,13.085,77.19396206289247,32.94299102041566
mp-28711,Sb2S2O,11.667,10.585,78.78046621505118,37.55998314228795
mp-3283,RbNbO3,40.207,18.604,123.92209347468648,57.55834228819404
mp-4428,CaSiO3,76.748,39.815,157.10030161890958,99.11579103539924
mp-4429,CaSiO3,92.549,47.623,153.44714414494922,96.738589021737
mp-5065,Al2SiO5,172.073,119.72,246.67574282208955,164.35744753945718
mp-554678,CaGe2O5,117.103,60.045,172.9175013970021,106.36122297838028
mp-568469,Ca4TiN4,90.623,44.997,111.28106604201037,64.41579681219915
mp-570568,W2NCl8,4.479,2.06,66.25517726624344,29.52434161668188
mp-635713,TiZnO3,65.52,25.095,141.1221280861936,63.846568889540336
mp-676540,TlSbS2,14.241,6.331,45.83497439725482,19.02666820964363
mp-6999,ScPS4,7.016,5.269,69.76132818906261,37.56800329926664
mp-752685,ZrBiO4,105.128,46.263,187.54587356474627,88.47746757002587
mp-755115,CuReO4,47.537,30.382,241.6517689521496,97.26997680106268
mp-756683,HfBiO4,129.509,61.088,201.42392433171727,95.91033705677346
mp-7622,KSO4,21.988,11.3,89.72044771660123,59.25715480351938
mp-4051,AlPO4,17.002,30.589,149.6196271266563,88.767548705288
mp-553932,GaPO4,22.532,25.908,147.35418615755248,90.23191701484392
mp-558125,BaTiO3,102.538,53.631,159.17370136148494,90.39814158423452
mp-989586,SrTcN3,85.068,22.858,152.61420526759787,55.49455949288409
mp-997027,AuO2F,17.499,7.771,61.701397894035,21.621280513735623
mp-30178,Mg2Al5Cu6,101.138,58.206,109.0413926395084,58.51096126687052
mp-31064,B6H10N,14.126,3.607,97.86314092499384,81.74369698621226
mp-12956,Yb(FeP3)4,157.162,108.383,183.5878804749979,141.826894938681
mp-16272,Ce(FeP3)4,168.858,133.263,202.2742537986148,156.22215070903584
mp-3569,Nd(Sb3Os)4,100.469,52.211,129.21416464466077,75.11533880936464
mp-4251,Pr(Sb3Os)4,100.522,49.953,128.56086148196022,74.03294321674525
mp-4341,Pr(P3Ru)4,162.522,100.692,199.24722657654877,131.50268696781558
mp-14753,Li7TaN4,82.815,64.79,120.60231259842736,86.06855357884403
mp-14827,Li7NbN4,81.654,63.726,114.90655547326402,80.40457136509546
mp-20820,Pb(NO3)2,30.668,10.034,122.28059460268338,60.54553928187328
mp-3142,Ca(NO3)2,3.748,8.029,135.15337483876817,69.81891846429646
mp-4157,Sr(NO3)2,31.616,13.799,130.18714071684144,68.83149326946204
mp-4396,Ba(NO3)2,27.443,9.771,114.48875768844614,60.77795621368608
mp-4604,Li7VN4,82.448,71.832,113.12853274234686,80.99998129086619
mp-5024,ZrP2O7,131.49,51.345,176.96353434579808,111.62832132911484
mp-571369,Y(BH4)3,27.174,16.32,68.75577061187204,54.04059737978324
mp-530399,LiAl5O8,196.082,120.442,233.40418609743895,157.85304677721984
mp-1029562,Li3InN2,85.511,58.145,94.7684964904737,70.40596655131999
mp-1029592,Li3YN2,80.904,44.751,101.50816616215468,65.68466696455596
mp-13944,Li3AlN2,102.784,99.981,134.5682221531321,111.01190338964976
mp-21861,Cu3TeO6,147.302,62.89,173.37472899716605,77.23254801435826
mp-3887,Li3GaN2,98.991,87.141,109.05275928949716,89.81567746590376
mp-542435,Li3ScN2,92.251,60.664,109.45779716946714,76.27027093718984
mp-18093,Al2Mo3C,225.38,81.165,269.8055423699692,108.00227952024974
mp-4091,Ni2Mo3N,278.976,141.689,321.1485076175154,134.89635681762013
mp-1019380,Al3BN4,223.081,145.417,221.81911228676705,154.58803046135716
mp-1019508,AlGa3N4,177.124,106.97,183.81919494552815,110.05451289879274
mp-1019740,GaB3N4,302.943,232.977,346.0604739982477,245.84556876173403
mp-1019743,Ga3BN4,206.368,134.04,206.75133245174248,134.2129250153828
mp-10748,TaCu3S4,32.41,24.368,90.15932714736697,48.17131441509177
mp-20545,Cu3AsS4,71.506,26.458,81.32886049295624,28.350335684015104
mp-21855,VCu3Se4,35.323,20.988,80.25835112033072,40.8386244820827
mp-36248,H4BrN,18.724,9.681,67.61010782306774,41.62554117746422
mp-3762,VCu3S4,43.389,24.992,91.84623224906754,50.513283587426784
mp-4043,NbCu3Se4,33.566,22.259,83.2837561837012,42.462253819106934
mp-4081,TaCu3Se4,41.99,22.077,84.30192856475507,42.84136231822778
mp-5245,Zn(CN)2,40.24,4.726,89.32668427893415,28.110283245074008
mp-551736,K4CO4,17.431,0.411,66.8339341551164,40.79215457749905
mp-551886,Na4CO4,32.124,11.846,98.0956887898406,63.48158732188083
mp-5621,NbCu3S4,44.381,25.259,88.58376438336072,47.067624560413336
mp-753982,Li3CrS4,11.688,5.266,37.92626063997973,21.545866557238583
mp-755309,Li3NbS4,11.108,7.241,46.74871193186659,22.67749772905603
mp-760375,Li3VS4,13.233,5.774,43.81610717108292,22.970020952200898
mp-850275,Li3SbS4,9.928,5.909,41.29948466375674,20.65372295197111
mp-9295,TaCu3Te4,34.708,19.87,73.74825183512606,36.73491830029884
mp-981379,Zn3CdS4,65.214,27.769,67.15716060483425,31.20116307196512
mp-991676,NbCu3Te4,30.476,19.727,73.78634731382249,35.92995962934595
mp-5710,Ag3Te2Au,41.009,10.424,67.24947728730058,20.18383611397551
mp-10167,Na3SbS4,21.399,4.399,52.17984785826141,25.956027049113647
mp-1025396,NbTl3Se4,18.062,7.445,47.73049713939343,18.22056621330505
mp-1025549,Tl3VSe4,19.502,7.414,42.92683822847125,16.558249621352864
mp-11176,Ca3(SiIr)4,131.909,53.407,147.7048077986533,70.79623744488397
mp-11285,Ca3(GaNi)4,59.548,34.84,84.84463513256243,46.52522432636458
mp-17862,Ag3Ge5P6,64.884,35.962,70.70378643218561,42.96006151544134
mp-4812,Zn4B6O13,179.033,90.257,213.4304244895673,138.85091349749152
mp-5513,Tl3VS4,21.006,7.07,49.64858057802062,18.614319420954217
mp-647164,Cu12Sb4S13,59.344,73.669,83.42302215657348,35.965482417957645
mp-8703,Na3SbSe4,19.392,5.501,39.649906818777986,19.365968409197016
mp-985584,Na3PS4,22.647,6.232,53.69739148297734,29.067425830646503
mp-1029522,Li7SbN4,75.104,62.895,99.68158414851528,78.70266068661931
mp-4198,Ag3PO4,76.581,14.472,117.28939553248392,48.89568201458873
mp-1008631,VCoTe,143.581,40.65,119.1465283176166,77.22331219388828
mp-1008680,TiGePt,151.635,59.294,187.18309294085947,73.28377514525783
mp-1008866,NaAgO,59.264,20.866,64.11438734208896,20.49128431505009
mp-1008872,MnFeTe,111.271,57.648,105.37089561051071,78.34823814817459
mp-1008873,MnCoSe,118.385,29.978,116.14910210097553,72.0803072640449
mp-1008874,MnCoTe,116.02,49.122,111.73975852849492,59.774454412114274
mp-1008876,MnCoS,133.924,13.263,129.77844243713926,60.01074320777778
mp-1008903,MgAgSb,58.085,16.306,68.9127173949453,24.682065553336216
mp-1008911,LiMnAs,43.203,33.252,37.79872470112827,34.27129779997935
mp-1009006,LiCdAs,46.662,3.251,53.33606385106599,20.86906354768854
mp-1009014,LiCuO,97.277,46.923,97.75271899610492,36.57761213290682
mp-1009048,KAgO,42.453,64.93,47.98681773375273,8.279732156099069
mp-1009544,CsRbP,10.753,4.376,10.843304155032452,6.635609462987555
mp-1009592,CrFeTe,93.912,54.599,113.6314787302658,87.54138656851481
mp-1009593,CrCoTe,101.026,48.166,110.16917998713755,63.28962514087586
mp-10154,MnSbIr,131.258,42.613,156.71400078765805,55.94150044950644
mp-1017515,Mn2CoAs,199.678,76.451,198.72917088072109,58.48532629950759
mp-10178,LiMgP,55.743,22.303,64.74799496064989,40.25880955509362
mp-10180,Li2SbPd,68.437,27.178,77.86655584753665,34.90719952708315
mp-1018009,Li2MgSi,44.934,36.356,48.69119610768727,34.73266358777748
mp-1018015,Ti2MnGe,140.634,33.046,172.50954889725082,63.03587542161803
mp-1018135,LiCdAs,46.596,29.67,54.048839567966915,31.87658008665232
mp-1018136,LaBiPt,78.997,33.23,101.56029447904056,40.893151871267875
mp-1018139,HoNiBi,81.591,50.118,80.29784981058239,50.07739064670758
mp-1018161,CrNiSb,104.241,46.545,120.57525092052398,60.96689633081578
mp-10182,LiZnP,63.12,51.137,75.04744002207518,49.81463767393016
mp-10183,MgSbPd,79.924,29.553,95.57183253761788,43.48308976715233
mp-10184,MgSbPt,88.916,35.31,106.3136735734521,49.93383983078705
mp-10194,LuSbPt,104.751,50.093,127.87232868166376,62.1603730297366
mp-1024957,TmInCu4,109.749,55.5,107.82050476857022,51.55061549413445
mp-1024984,TbInPt4,161.456,57.587,179.8545811590221,62.08947439038716
mp-1024987,HoCu4Ag,104.289,14.049,114.48737655129383,54.84121151747555
mp-1024994,HoCu4Au,110.424,33.425,122.0376574304844,56.726503792445
mp-1025021,YbMgCu4,79.591,28.588,100.09566454901714,47.27466360797085
mp-1025022,HoInPt4,163.795,57.77,178.21917502760854,60.75364583018959
mp-1025113,DyInPt4,165.87,59.703,181.09326512489295,60.84376378933753
mp-1025116,TmCu4Ag,109.243,27.214,116.5598589682334,55.474667748933825
mp-1025134,HoCu4Pd,115.869,48.519,125.76300637551866,52.96869604199576
mp-10623,ThSbRh,112.537,42.792,138.52349626966736,55.85471073942727
mp-10624,USbRh,134.411,36.636,125.97802381774,51.89813973661835
mp-10687,LiCdP,53.16,4.094,61.39293386857564,24.071680425062677
mp-10755,TiFeSb,119.461,56.301,134.70017234920027,76.72894923476805
mp-10756,VFeSb,83.654,11.035,86.75727703773687,44.41469857498119
mp-11194,NdMgNi4,122.846,50.0,124.37018547677404,54.66450736045502
mp-11304,Li2CdPb,32.005,11.955,31.120499098568445,8.734299533469267
mp-11361,MgCuSn,78.29,38.37,67.21612274564907,40.907519857062
mp-11390,LiGaSi,58.688,46.327,62.19143066297621,45.31621935041878
mp-11520,YNiSb,88.707,55.328,104.64882370845648,64.60791691720277
mp-11533,ZrZnNi4,162.623,70.469,183.0182121743196,78.96519502980831
mp-11621,ZnNiSb,96.917,40.075,101.6607479580818,53.682285726086334
mp-11808,ScNi4Sn,140.435,57.323,163.76035423935002,65.78106781120442
mp-11836,ErSbPd,90.514,44.187,105.27656947528276,55.511307196766026
mp-11869,HfSnPd,123.996,58.332,139.5512953093803,68.54987080704659
mp-11882,TiCuHg2,100.973,12.437,104.47573459148283,24.699439268394254
mp-12006,CeCdNi4,121.691,53.332,146.9347811643278,57.33647944635265
mp-12007,HoCdCu4,104.872,51.211,107.7762279053417,55.622553904819135
mp-12008,ErCdCu4,101.387,52.422,109.72087184221984,56.141866775322
mp-1219553,RbBH4,11.822,7.082,38.55561102336899,28.55698162426132
mp-1225884,CsBH4,10.872,5.362,28.662116967181905,21.9360324285408
mp-12411,Li2ZnGe,48.483,38.377,56.35762531913391,33.64620594740347
mp-12558,LiMgAs,46.549,36.802,52.08839462947579,38.59108698081012
mp-12564,LiSbAu,53.85,8.279,54.5770081817453,18.94001182098888
mp-13079,Mn2AlCo,158.934,102.599,187.87335457066396,110.7557975666672
mp-13082,Mn2CoSi,220.339,98.352,240.18060632285693,102.69278644365376
mp-13085,Mn2CoSb,171.446,74.447,155.80617505392144,66.02155680098647
mp-13172,YMgCu4,90.416,45.743,102.2843997154388,47.44305848036432
mp-13240,ScInCu4,114.133,60.675,118.7193629797216,54.73182696117765
mp-13306,YbCuGe,59.822,0.769,71.93716045696851,40.49649062044991
mp-13308,HoGeAu,86.61,31.821,88.34568098435338,45.820759857361665
mp-13436,PrMgNi4,113.482,48.482,123.07135101938306,54.71400650172356
mp-15778,MgNiSb,83.144,46.001,87.6965925319946,59.639009502511115
mp-15988,Li2CuSb,52.716,33.809,59.461957864318194,33.71358263464104
mp-16238,Li2AgSb,46.551,20.639,59.023387015517415,22.78568249378762
mp-16246,CdSbAu,69.142,14.861,80.91847148775776,19.98040469248876
mp-16314,TmSbPt,103.205,49.592,102.42282677612432,59.6763341668432
mp-16327,DySbPt,100.142,48.071,100.26494408820228,55.80135284319387
mp-16329,ErSbPt,101.691,49.226,110.40994327177933,57.24905294008862
mp-16343,LiInGe,37.377,33.386,48.58414945123377,35.188910666636566
mp-16376,HoSbPt,99.731,47.964,111.15170015749813,57.91026873397868
mp-19886,ThSnPt,109.3,42.631,134.69052508715944,58.10920575344539
mp-20185,LuNiSb,96.168,62.894,114.44481840427424,69.04320690947571
mp-20269,MnGaPt,123.891,21.757,127.39600432060384,39.32812244817719
mp-20275,CeGeAu,70.17,18.402,92.41301504530333,33.95053582431815
mp-20389,Na2CdPb,23.527,10.909,22.054302874428693,9.69538525473713
mp-20952,TiNiSb,126.65,59.365,133.55534896954677,69.1858948013053
mp-21026,Li2InPt,71.969,18.408,76.61706306110689,26.77852524395363
mp-21029,Li2InPd,59.663,17.086,63.46323815350011,24.276728333902422
mp-21272,ErNiSb,92.177,58.842,97.7756395439592,63.8323279889594
mp-21418,MnSnPt,59.75,15.121,135.0833894242396,49.82521658817978
mp-21425,UNiSn,116.316,51.159,127.71202640454912,60.643025100104744
mp-22027,MnSnAu,79.189,21.172,95.81804924117743,27.042795525180946
mp-22229,TbInCu4,103.672,50.032,106.99489912287623,48.42707971309915
mp-22276,Mn2InCo,135.295,36.221,108.08612112680004,66.38684509611049
mp-22289,Mn2CoGe,176.138,66.995,213.98707237809043,73.53790286383322
mp-22465,Mn2CoSn,114.714,75.75,126.90549259482664,67.67028403048292
mp-22541,MnNiSb,98.538,0.5750000000000001,98.74256462911512,33.509497052686754
mp-22786,ThNiSn,98.7,48.922,115.5213393309824,57.33082784675892
mp-22792,MnTePd,83.667,19.831,110.00568763996304,20.25861797182632
mp-27608,Be4TeO7,182.13,112.527,205.64196896183887,153.63303125862163
mp-2894,ScSnAu,88.353,43.605,96.8275010731838,50.91794501863993
mp-2935,Li2GeAu,61.01,28.556,67.17311861298026,34.21120090821164
mp-29733,MgNiBi,69.981,35.796,72.66258928348323,44.64408536264821
mp-2988,Li2GaRh,81.563,35.873,92.01072479686997,36.4806932334757
mp-30344,Li2InAg,43.023,15.372,46.367469128217,22.35384625167307
mp-30349,Li2AgPb,39.481,13.522,43.206981727281246,19.131480758576128
mp-30381,Li2GaAu,59.891,25.706,60.678940828022576,28.803871544917055
mp-30392,Li2InAu,53.673,16.653,56.824961075768705,25.116858662797913
mp-30403,Li2PbAu,44.376,11.552,54.43320725145635,21.74894394977452
mp-30404,Li2SbAu,54.242,21.767,64.57941370697294,18.751957303524993
mp-30405,Li2SnAu,55.812,21.316,62.28594109409176,29.72359276031263
mp-30406,Li2TlAu,45.771,8.488,52.707860594810285,16.048543949905824
mp-30449,MgCuBi,56.495,29.042,60.3173860919256,30.36840838231413
mp-30452,DyNiBi,79.997,50.161,80.96439216248773,50.594085278610834
mp-30453,DyBiPt,89.435,40.218,96.18824580737522,43.68504143618889
mp-30454,ErBiPt,90.805,40.701,95.32446933864816,42.32434356924275
mp-30455,HoBiPt,90.608,40.665,100.3393570810429,43.633275233580925
mp-30457,LuNiBi,82.386,50.28,96.75964877583874,57.474736204388634
mp-30459,ScNiBi,87.697,53.578,95.86709104988702,58.27902570656996
mp-30460,YNiBi,80.316,49.382,88.74170572555838,55.12850099703863
mp-30530,TlClO4,12.984,5.629,71.84085550778133,40.862319923449434
mp-30582,HfCuHg2,105.976,17.253,110.89954757423392,31.128596748315804
mp-30587,MgInCu4,100.153,31.24,106.20858072930466,47.966047664973935
mp-30591,Li2CuSn,52.666,30.448,54.15883499794381,37.93604997282798
mp-30816,Li2AlPd,68.314,29.042,74.45513388454118,34.17357642533975
mp-30818,Li2AlPt,84.603,37.313,92.97662063489412,41.96345696375766
mp-30820,Li2AlRh,80.792,39.204,90.06721833717363,39.21533772306523
mp-30847,TiSnPt,136.97,56.643,152.90876428267688,76.83166764192336
mp-30848,USnPt,145.047,53.407,125.1402849208486,55.77442782784194
mp-31168,Li2AlAg,50.135,25.281,53.567845196071005,31.349350022230375
mp-31441,Li2GaIr,95.635,41.728,105.6854762838811,41.55946346531966
mp-31442,Li2InRh,70.882,25.237,74.93889352949454,27.18935904997186
mp-31443,Li2InIr,82.523,28.256,89.02166373445358,31.31708367024859
mp-31451,ZrCoBi,118.226,61.85,134.16884108771924,81.58052070110772
mp-31452,ZrNiBi,99.372,37.576,103.92392764333358,46.168427058199896
mp-31453,NbSbRh,149.831,42.085,197.42189036991863,73.83523358754235
mp-31454,TaSbRu,176.103,71.486,207.62580201950695,88.14353948994597
mp-31455,VSbRu,161.485,48.967,190.315270106682,72.33732432087965
mp-31456,HfSbRu,142.704,47.25,143.18021724783526,50.32766901458557
mp-31457,ZrSbRu,136.523,45.611,135.87493720799566,51.96088509926265
mp-31458,TiSbRu,144.54,28.092,160.9047399333976,58.22926879787986
mp-31459,TaCoSb,165.084,66.374,168.09574978458093,95.64743063295734
mp-31460,NbCoSb,193.533,59.158,175.36810140609802,87.239888013187
mp-3158,Li2SbPt,79.179,28.96,97.81431536690668,42.060931018330585
mp-3161,LiAlSi,63.069,55.349,70.89759147093739,53.11637347328454
mp-3201,Li2GaPd,67.604,26.29,72.28318039002029,27.413201809749403
mp-3307,BaSO4,43.4,19.34,105.9984832438284,63.24812888365006
mp-34240,NaZnAs,42.014,15.206,44.73403119999987,32.29352854429684
mp-3432,ScNiSb,103.751,66.881,115.05762244542852,73.65995512385688
mp-3433,YMgNi4,90.883,57.883,135.86636832719554,63.16560113061357
mp-3477,MgAgAs,65.693,7.627,70.41214550511822,15.881182381269612
mp-35208,NdOF,131.316,58.164,123.12783467743397,65.66842626368441
mp-3522,MgCuSb,66.779,36.515,75.92698993927465,40.849504976504136
mp-35841,Li2CuGe,58.787,40.226,64.92576324444092,45.71172055809036
mp-36033,PrOF,124.08,55.446,114.9501376622026,58.516316910459715
mp-36111,LiMgP,53.996,43.198,59.85413018655563,44.50058123614854
mp-36526,AcOF,106.534,46.716,117.01925241088006,54.46212687671342
mp-3676,MgCu4Sn,97.854,58.121,107.69950149914516,46.68495538431298
mp-3716,TbNiSb,89.316,55.203,96.03651476613142,61.46386971762701
mp-3726,Li2GaPt,82.351,28.95,86.73147834492576,33.53730871051479
mp-37381,SmOF,136.531,61.265,117.88696011542736,60.06569047601128
mp-37906,LiMgN,98.683,82.964,105.29740844985932,85.17663186783881
mp-38194,YOF,141.676,65.184,156.8973484458627,86.02926068299301
mp-4025,TmNiSb,91.824,61.273,92.92467564609188,63.71799042945801
mp-4076,VCoSb,141.89,55.213,144.0610621796423,97.83445969191372
mp-4142,MnSbPd,83.912,1.044,101.8292423003198,21.06737843059721
mp-4174,HoNiSb,92.38,57.242,91.24261599747936,60.73929162697589
mp-4262,BeAlB,140.226,133.528,143.18750829086127,134.9689729138707
mp-4510,DyNiSb,90.475,56.439,93.12270116236355,59.68154804961259
mp-4846,MnSbRh,112.852,31.097,137.19853765454823,57.10400607814194
mp-4964,YSbPt,96.369,47.273,117.90640890900409,63.51504980927993
mp-505297,NbSbRu,168.993,67.952,209.25239389481192,74.05654380103974
mp-505572,Al13(CrSi)4,112.279,68.175,116.70295381636086,85.30607403041932
mp-505599,VNiSb,142.304,47.873,119.53331008985424,61.30406489518566
mp-5222,ReTeS,67.821,43.016,175.1655010446147,84.79682912518065
mp-5318,MnCoSb,116.415,56.542,121.67997099330806,72.63940264238988
mp-542065,CdAgSb,58.715,6.418,63.90443020067386,17.371750038588402
mp-545756,ZnSO4,70.5,8.515,97.28606760305496,51.80752943262775
mp-546633,KClO4,15.769,7.16,72.51686083504075,45.392287411420554
mp-546711,CsClO4,10.709,5.142,61.84611724311036,39.28798345604474
mp-554769,MoSBr,50.553,31.655,125.40900510150678,64.9537917145783
mp-5549,MgSnAu,65.619,28.043,68.8969082365093,31.94755986329107
mp-567347,Li2AgSn,46.665,20.768,48.39876762745754,25.311965608769327
mp-5676,MnSbPt,110.879,29.228,143.1436522439192,49.56751402353763
mp-567636,VFeSb,162.865,60.034,175.28096063723115,94.06765356348266
mp-568269,TmNiBi,83.509,51.78,79.5359015402339,51.90025687178861
mp-568398,CaBiAu,53.944,22.466,54.71019049012914,29.21044296759464
mp-568466,LiInSn,34.609,19.365,35.890081472600414,14.222272701064732
mp-568891,MnSbRh,105.879,17.49,117.02622171475066,32.81947408341759
mp-568931,YbNiSb,71.524,33.339,88.42961699777662,55.42391499554328
mp-568983,MnSbRh,104.921,9.443,107.7328969934192,30.363319419841492
mp-569661,YbInCu4,121.133,66.868,112.18695738070534,52.90074525005761
mp-569779,ScSbPd,99.2,46.202,121.55538207056512,60.88267205794333
mp-570014,YbSbPt,77.685,26.578,105.83183477365188,53.28741878118424
mp-570213,LiMgBi,31.336,21.657,34.671502860589456,22.07453252690446
mp-570769,CaInCu4,83.946,39.309,89.37282957279193,45.414647393690096
mp-583030,MnSnPt,100.495,10.5,113.78984520055,35.61589244854528
mp-5866,MnCuSb,75.954,30.067,85.19370540235256,33.83270746847347
mp-5920,LiAlGe,55.853,50.642,62.56081036414519,47.38233274720769
mp-5944,MnSbAu,77.433,12.833,104.7877511666954,22.007307567880545
mp-5967,TiCoSb,141.018,74.37,174.7051167531468,111.27017334665472
mp-600124,MnNiSb,101.928,50.092,121.78848615100712,54.93909514128655
mp-631269,LiIrRh,141.531,30.087,167.32383005177715,41.4264339573449
mp-631302,ScVFe,98.321,116.716,72.248062035541,29.662530835386725
mp-631320,TcIrOs,264.415,57.963,281.23870605589286,74.34164116377882
mp-631322,KSnOs,58.658,15.074,56.29301317759227,20.721876400654622
mp-631329,KMoRu2,142.296,48.436,177.43823499007186,43.59799533473272
mp-631335,MgTaZn,88.355,36.564,95.11334406315495,52.82977099952288
mp-631339,Na2LiTa,17.782,5.998,20.68016847593627,11.207433536095978
mp-631342,MnTcPd,139.643,3.578,180.16646980727407,66.7859027061134
mp-631343,LaRe2W,194.937,81.15,270.6105378706644,79.89475022826893
mp-631354,ReOsRu,271.769,40.401,298.8720177306529,70.5359082968017
mp-631371,TlCuIr,106.279,14.125,119.9865616056795,36.43496938938936
mp-631383,MnCrRe,167.245,33.053,177.32237105810665,53.43291954985755
mp-631388,CdIrRu,157.642,17.362,171.26834990733593,60.336143818536854
mp-631390,SrZrZn,30.597,4.064,31.36825675011288,12.843391078739998
mp-631398,TeOsCl2,98.163,88.718,83.25617453184442,5.693355222738456
mp-631404,CrIrRu,181.074,15.702,170.81966070262428,46.34320777971193
mp-631411,CaTa2Tl,97.416,36.635,105.15138581709176,47.33777183970551
mp-631424,ReW2Br,209.674,41.412,233.27401906534777,41.11662320518993
mp-631429,ZrCrFe,88.405,20.655,103.33071657104529,27.618081168753807
mp-631441,NbBi2Mo,117.828,284.254,121.06950563321026,-1.087245725210181
mp-631451,Ta2CdBi,106.406,20.358,131.2091251599753,-29.562341283674
mp-631462,BeTcSe,122.422,93.926,100.3428274219144,9.372058341083958
mp-631475,TlZn2Tc,105.795,16.375,109.84811671386784,-13.128338641709348
mp-631479,CaHfBe,49.413,19.0,51.17078547989876,21.03863549793604
mp-631482,BiMoRh,130.515,22.36,161.30741608229832,30.112362439151205
mp-631495,BaYSc,17.332,27.375,16.92799348659566,5.9693815928393335
mp-631503,ZrAlW,104.983,0.641,117.71238074593056,27.940525870239775
mp-631505,BeCuBr,46.71,7.573,51.08633785993977,11.391667274342623
mp-631523,TcNiW,201.037,21.798,181.0558744022692,45.68997120800705
mp-631541,BeGeB,111.116,3.995,133.4423102887122,56.30759267949065
mp-631551,MnAlTc,119.44,1.572,107.24661824594602,12.743992263430114
mp-631556,BaGe2B,43.591,0.933,44.12435537743395,11.174141677540572
mp-631570,BaTaB,65.046,91.332,76.30307899621286,21.274367262018185
mp-631576,MoPt2Br,173.98,53.948,197.58043782066048,60.51003603072521
mp-7173,ScSbPt,112.645,53.46,130.81884814298564,66.48888008044675
mp-7575,LiZnN,112.773,83.729,126.51095154476012,80.62690412681086
mp-759877,Li4CuF7,53.165,15.96,65.0106824062324,38.608306924973235
mp-867863,SmCu4Ag,100.508,31.012,104.6747701231424,47.322336712601384
mp-9124,LiZnAs,53.606,40.964,60.88120265468602,38.753107700114896
mp-924128,HfNiSn,127.878,77.933,137.9470851851954,88.78028822203456
mp-924129,ZrNiSn,115.909,73.11,126.06543151961289,81.85307735248475
mp-924130,TiNiSn,123.819,69.076,128.33650480872512,80.58681682616341
mp-9437,NbFeSb,164.016,80.125,206.567622691061,94.14752464495083
mp-961645,LiAlGe,48.554,4.5600000000000005,51.77649553648772,34.33868513278498
mp-961646,TiTeOs,158.831,62.489,213.5036999978479,80.1202958140843
mp-961649,ZrFeTe,135.818,74.15,211.93245496600775,109.0548906007236
mp-961650,AlVNi,119.158,139.154,116.83168542587848,47.05966743337049
mp-961651,ZrFeSe,143.448,68.035,205.84376409567344,90.58554437821726
mp-961652,ZrFeSb,119.495,67.211,128.40277195226608,75.26053563999993
mp-961653,FeSiW,226.039,121.257,268.41096497928027,91.81233145998652
mp-961656,VFeTe,134.14,53.837,207.63641407553507,112.11312177185776
mp-961657,YNiP,107.291,33.705,130.18930958242922,72.0129351545537
mp-961658,VFeSe,138.506,51.107,265.5932349271759,112.28921979906706
mp-961659,TiSiPd,145.487,56.487,171.80207125059223,77.9430362528811
mp-961660,TiFeSe,157.629,76.634,234.65068067582555,104.49674089532527
mp-961661,ZrSiPd,138.82,55.905,164.00012999764778,81.4569501671508
mp-961664,VSnPd,120.16,31.185,113.42519668787476,45.20730556448963
mp-961665,MgScGa,54.545,37.789,62.53141401439607,38.98304375583655
mp-961668,AlVPt,139.456,27.745,146.26581878603602,42.06362858881223
mp-961669,NbGaPt,135.124,0.506,152.99587275498843,26.57828001038038
mp-961673,TiFeTe,146.311,73.592,210.96265422199664,110.83672590387064
mp-961674,VGePt,145.001,3.848,150.63922451891787,34.237401869748815
mp-961675,ScNiP,129.129,70.695,153.22116291165105,87.41028729922309
mp-961678,ScCoTe,110.522,66.456,130.68796768105153,81.56777532395779
mp-961682,TiSnPd,118.974,47.761,129.7994199077827,62.59842482877404
mp-961683,LiMgP,49.919,4.158,55.0551621761595,18.325067039379224
mp-961684,LiCaAs,37.314,17.972,39.49652110604725,28.646880740183235
mp-961685,NaCaAs,33.378,21.704,35.95571049281764,24.399362569260045
mp-961686,HfSiNi,125.6,20.992,130.9754993781034,51.25025022555058
mp-961687,ZrSnPd,118.393,55.653,130.85380004055872,67.80813336581015
mp-961688,VGaPt,136.177,15.44,139.78721735197834,41.473628609766486
mp-961693,ZrInAu,106.206,48.87,121.01237939714689,62.88227967067017
mp-961695,LaCoTe,85.096,22.703,99.73663780264242,41.00864142487755
mp-961696,MnCoSi,181.264,72.168,170.36891818438454,94.55770922564264
mp-961697,ScGeAu,95.062,38.126,106.10541009745224,45.652847581678
mp-961698,LiZnP,64.164,34.294,71.83470293688315,40.22153547434636
mp-961706,TiSiPt,165.342,68.623,201.45894711502132,85.6189433513968
mp-961710,VSiPt,171.875,47.772,188.94493361122264,74.85721321022437
mp-961711,ZrSiPt,154.395,61.799,189.53001001574165,90.52127016619184
mp-961712,TaTlPt,153.2,54.063,185.86109392912977,78.53264094653515
mp-961713,ZrSnPt,133.908,63.302,150.10839514831935,84.51750187633897
mp-961716,VSnPt,137.912,40.965,136.14147995361918,63.29187095117326
mp-961723,LiCaRh,42.619,8.295,45.12108061304059,18.66727423316677
mp-961725,CrGeRh,118.263,8.741,148.46675981622496,47.54146310206918
mp-961774,BaNaSb,24.711,11.206,32.42138022458218,23.895999180824564
mp-962060,NaYSi,38.721,0.269,47.22965881936173,15.887313900890067
mp-962062,BaSrSn,20.126,2.317,23.69203538796879,16.754634804190783
mp-962063,LaMgTl,35.592,12.985,40.93536921321074,29.458264149374973
mp-962067,BaNaSn,18.381,3.472,21.806728834022504,12.703553741619672
mp-962068,CaMgSn,33.364,17.467,33.41130839071981,26.405544523282803
mp-962072,KYSn,26.23,8.847,28.848948840742224,19.21411119993211
mp-962073,KBaSn,14.567,11.023,18.599991894579947,4.829140196235432
mp-962077,TiAuCl,68.261,5.193,56.231441543867405,15.777997437795294
mp-962078,CaCdSi,46.537,17.166,50.18768363444723,29.420154371606785
mp-976181,NaBH4,19.495,11.449,49.177524230231505,34.771333503215956
mp-999047,Ti2MnSi,153.082,43.594,181.94307095674483,67.40869549762242
mp-999052,Ti2MnAl,108.188,56.463,143.84364728950342,55.011234816778064
mp-999053,Ti2GaNi,121.628,45.216,136.68055988184193,49.94932098201992
mp-999054,Ti2GaCo,138.266,52.933,155.00196096341068,63.97721696733932
mp-999060,Ti2CoSi,154.865,54.714,194.01476611117212,61.9552476987952
mp-999067,Ti2CoGe,145.264,49.069,183.66609892427945,56.07466296637996
mp-999068,Ti2AlV,117.59,34.101,142.2087145323103,55.68725125865247
mp-999069,Ti2AlFe,412.064,12.007,135.18809729539356,56.50394619836627
mp-999072,Ti2AlZn,96.88,14.141,106.14293571007136,36.483144985872585
mp-999076,Ti2InNi,35.899,43.517,119.61453593650748,46.606732160097216
mp-999079,Ti2AlCu,105.546,42.04,118.06086032787914,46.420554346236585
mp-999096,Ti2AlCr,104.525,49.611,151.61085847683387,65.36493162446004
mp-999201,Sc2MnSi,93.51,13.769,100.22944766097176,37.531949721910955
mp-999207,Sc2MnSn,72.919,23.849,61.84603855411941,29.04891913815869
mp-999249,Sc2MnGe,80.831,13.991,77.97108472796907,20.91736440575898
mp-999558,Mn2SiNi,198.379,89.79,196.17237808512155,73.09828592473869
mp-999576,Mn2SiRu,218.838,121.126,243.3902318317483,108.22985371608556
mp-23560,Ge3(BiO3)4,50.715,41.051,139.30304849553576,77.19709101649536
mp-10036,Ce3AlC,64.659,43.092,66.00008467217143,33.189639155618536
mp-10037,AlCo3C,232.832,114.737,243.16097940529568,113.28049861590564
mp-10038,Er3AlC,38.49,16.408,32.55491376236376,6.062202653329672
mp-10039,Pr3AlC,61.702,40.798,48.48882382867297,28.45501997914817
mp-10041,Tb3AlC,36.148,14.277,31.25266529294646,8.515424900874416
mp-10060,DyBPd3,143.573,17.014,130.40720248651405,22.715210474636713
mp-10061,ErBPd3,146.762,20.647,135.54066004458443,24.554987547333948
mp-10113,ScBIr3,242.814,121.824,286.7249067365903,99.81034183521147
mp-10133,Sc3BPb,79.042,65.681,89.02444482409874,68.85405955049015
mp-10134,TmBPd3,147.36,23.258,136.61326806678431,28.771248283424825
mp-1013533,Ba3PN,40.54,27.282,45.40526884816822,22.652591748750403
mp-1013540,Ca3PN,36.021,21.22,39.14685291574997,17.723371998929647
mp-1013544,Ca3SbAs,35.485,24.198,37.85592370046891,24.11039990126097
mp-1013548,Ca3SbN,57.655,49.131,64.55739922391115,52.90840557667591
mp-1013549,Ba3BiN,35.813,25.706,30.685519576508412,21.927668343723887
mp-1013550,Ca3SbP,38.669,27.881,43.487580379678306,27.692748107225626
mp-1013553,Sr3AsP,31.673,21.339,36.20677251729786,19.448122889861477
mp-1013554,Sr3PN,49.284,39.817,52.51551830219176,37.43575310341947
mp-1013555,Sr3AsN,47.628,39.085,51.55544502270529,38.42390111183381
mp-1013558,Ca3BiP,37.265,27.051,40.48555146488813,26.264054762874338
mp-1013564,Sr3BiAs,28.457,19.241,32.894795843500376,19.510721265252496
mp-1013584,Ba3BiSb,20.003,11.101,26.87106961326192,11.10029977572744
mp-1013585,Sr3BiSb,23.823,13.656,31.82697808173641,14.950531930709513
mp-1013588,Sr3SbP,31.726,22.585,37.177614536697966,21.71040866291702
mp-1013642,Ca3AsP,38.905,26.786,43.57506119449357,25.226365398425465
mp-1013643,Sr3BiP,30.724,21.813,35.240295273932844,21.726141730812937
mp-1013702,Ca3BiP,26.696,12.171,34.55153899252627,10.48399307499404
mp-1013703,Ca3BiAs,26.621,12.547,35.287765121466144,11.126362035694005
mp-1013704,Ca3BiSb,26.893,13.792,34.593531235370435,12.537743408187664
mp-1013708,Ba3SbN,17.51,7.688,17.16176075503092,6.724873346001642
mp-1013710,Ba3BiN,3.97,6.834,17.57980151923373,5.149356093437936
mp-1013712,Ba3SbP,19.718,10.005,26.914113009257633,11.402040736012246
mp-1013713,Ba3BiP,18.193,8.855,27.814750880131207,8.81489793629425
mp-1013714,Ba3SbAs,19.616,10.293,28.140030774159815,12.58966076513857
mp-1013716,Ba3BiAs,18.404,9.183,28.23496938018594,10.099248068743671
mp-1013719,Ba3BiSb,19.129,9.944,26.61944755816272,9.394265054342757
mp-1013733,Ca3BiSb,28.372,15.74,36.55049175610784,17.291944805520835
mp-1013734,Ba3AsN,38.422,27.293,44.18626114544541,24.040839342701215
mp-10139,Sc3SnB,83.179,68.655,96.80635362281448,76.96595326953009
mp-10140,Sc3TlB,76.574,54.498,94.03950813968164,63.31268972906007
mp-1016819,HfZnO3,162.57,55.645,180.7074343969132,47.153014910790745
mp-1016820,MgSnO3,154.103,69.68,184.19715238144167,79.5776243038429
mp-1016821,BaSiO3,175.849,121.468,196.09237148621943,122.68034501516696
mp-1016823,BaGeO3,137.118,103.37,163.5837247381921,102.89002910857478
mp-1016825,HfMgO3,168.944,77.756,197.15113069506356,69.89346584079158
mp-1016826,MgIrO3,172.48,16.076,206.53433767698112,37.83581249289004
mp-1016827,MgGeO3,185.85,100.868,213.0761359614729,109.6583934452234
mp-1016829,MgRuO3,161.797,43.417,219.7082421933234,50.71724847868572
mp-1016831,HgIrO3,175.489,40.37,209.211448289808,54.37406063645263
mp-1016836,ZnOsO3,208.753,50.694,219.66233750508337,64.20937161211282
mp-1016837,SnHgO3,138.108,52.382,181.7125722123393,63.57551881095275
mp-1016840,HgOsO3,202.882,47.226,230.57000771573087,81.60588901968205
mp-1016841,HfHgO3,159.867,52.316,199.44380723409964,57.43551939371628
mp-1016842,TiHgO3,174.512,54.005,201.91490166169996,71.53423729049206
mp-1016843,MgOsO3,174.473,12.192,222.5100502458266,43.07795172484397
mp-1016845,ZrCdO3,155.518,58.151,178.43580852455992,65.36222699553677
mp-1016846,TiCdO3,181.549,75.558,201.80625546420612,80.60947299412739
mp-1016848,SrIrO3,169.881,38.702,194.36947840870252,60.14343932498597
mp-1016850,BaRhO3,134.066,54.001,182.82054176836692,61.40379005274138
mp-1016851,HgRuO3,178.37,39.007,224.0418720332742,70.94347137578852
mp-1016871,ZrHgO3,146.764,42.062,192.4753207079168,48.67926052781892
mp-1016872,CaIrO3,172.529,26.92,204.16247688093085,51.04541712748206
mp-1016873,CaHfO3,166.721,93.423,182.25576516297025,92.08553442692316
mp-1016874,SiHgO3,221.487,68.309,245.70156785390708,99.90839453454149
mp-1016876,ZnSiO3,235.713,107.427,258.4378870969212,136.16046170558187
mp-1016877,HgRhO3,148.652,39.585,196.1619877863135,44.77625876340499
mp-1016879,CdSiO3,228.217,103.61,262.9712127871656,133.4044384349299
mp-1016880,ZnRhO3,161.218,66.851,190.316596514843,60.34835359008033
mp-1016881,CdSnO3,152.367,64.191,177.29377032096104,78.93853054490602
mp-1016882,CdOsO3,192.236,22.11,223.09242432279208,61.93528623923506
mp-1016883,ZrZnO3,149.835,45.061,165.47330611356065,42.42207452053639
mp-1016884,CaGeO3,172.617,115.281,201.55674497030867,123.08015961696243
mp-1016900,CaOsO3,190.541,38.385,227.1583046275549,68.06942102840759
mp-1016902,ZnSnO3,151.079,53.821,175.6209811591529,70.63725057030499
mp-1016903,CdGeO3,182.736,86.226,195.26072974664336,98.12369192899584
mp-1016926,ZnIrO3,201.293,45.961,217.6851523149338,61.26836031040562
mp-1016928,MgSiO3,230.404,135.037,277.63337370130347,161.75940731643718
mp-1016930,ZnGeO3,190.693,76.932,215.74081907080236,100.16930173570144
mp-1016999,SrGeO3,158.897,115.034,182.4164968464217,117.2191569151247
mp-1017000,MgZrO3,157.164,66.663,195.02664721817996,65.83277873193721
mp-1017446,HfCdO3,167.615,69.422,185.7525230647747,72.3361558752235
mp-1017447,HgGeO3,172.111,64.611,192.1220590390504,79.58831718623256
mp-10175,KCdF3,55.986,21.121,59.969477287858965,21.983874663061012
mp-1017554,CdNi3N,182.751,69.531,203.82884472134148,76.43966570532181
mp-1017555,CsBeF3,80.268,25.875,85.85242869373414,25.582276584822587
mp-1017566,GePbO3,157.328,96.824,169.22227862611174,98.1177498979088
mp-1017578,HfBRh3,223.425,101.826,241.42239395342887,80.88344224172621
mp-1017582,LaPt3C,164.429,182.192,169.1025333990754,19.95748014551191
mp-1017626,LiCaF3,79.537,48.995,80.08974579503695,52.174977122565714
mp-1017627,Lu3AlN,99.463,75.583,102.47873148028634,73.35656848248323
mp-1017629,MgNiH3,109.663,26.812,107.68903129730644,52.29680740142488
mp-1017631,ScBPd3,153.391,20.837,159.07630119603454,28.693738167810977
mp-1017632,Ni3SnN,174.329,44.265,181.37284237289353,50.076429791961026
mp-10185,Mg3ZnC,62.165,37.249,66.33121238664425,40.663084261792214
mp-1018627,ScBPt3,187.164,0.718,207.85869242486405,15.384776018094987
mp-1018629,YPd3C,153.404,20.546,140.91694548113344,26.985755001308597
mp-1018635,ScPd3C,166.014,27.529,173.58643578944154,31.74868126250464
mp-1018636,SnPd3C,153.925,31.093,177.8925022906244,27.15541410586536
mp-1018639,TiSnO3,175.285,85.64,206.98420773794936,94.86124726564304
mp-1018641,Tm3AlN,96.02,72.828,86.20299057755796,69.35774871386045
mp-1018643,YBPd3,142.867,20.681,136.21812033480697,24.77763616138648
mp-1018644,YBPt3,173.83,0.424,187.25809880510397,26.859399902953747
mp-1018647,YbNiH3,99.841,61.016,114.86173546158123,59.93794540281339
mp-1019541,BaCa3O4,90.795,56.437,107.69672763954908,64.47433671138951
mp-1023129,KCuCl3,38.496,17.3,43.554141923179614,18.475662907548628
mp-10250,BaLiF3,69.602,42.339,71.68824821299533,43.16532324016757
mp-10270,ScCo3C,208.929,96.179,232.7750010092412,84.28892865846936
mp-10271,ZnCo3C,227.96,113.893,229.4404001687198,103.64340701711286
mp-10274,Er3GaC,46.623,21.304,37.796141229064666,13.44213805773953
mp-10275,Er3InC,40.114,12.572,37.00331653705606,7.08293071831949
mp-10279,Ho3GaC,45.194,20.445,24.79447362278914,2.6348730926621884
mp-10356,Ho3InC,39.666,12.289,26.400784843116757,3.9374477436880393
mp-1040467,RbOsO3,197.673,104.983,210.11767796046772,111.65939339704876
mp-10600,La3AlC,58.829,34.474,54.54939388212619,34.61657188374352
mp-10601,Y3GaC,78.798,64.388,79.98452235512987,62.4560963028361
mp-10602,Sm3GaC,67.541,48.714,54.37832340353765,45.060469386339015
mp-10606,Sm3TlC,66.659,49.981,52.39502697058014,45.05408143145503
mp-10608,Y3SnC,81.995,62.479,82.9483618357522,67.8888881446655
mp-10611,La3PbC,60.77,39.774,63.87751458860467,40.62115564279331
mp-10674,Sm3AlN,34.496,10.871,18.965401759912226,3.862854190611539
mp-10675,Ti3AlN,162.649,40.864,172.18244834586872,88.00695782351113
mp-10699,LuRh3C,205.343,85.576,225.25954675289435,84.23368035547874
mp-10700,MgNi3C,168.29,55.797,200.3337631263388,87.096576640286
mp-10706,ZrRu3C,258.82,157.252,316.38635333432234,136.91320853170257
mp-10708,PrRh3C,183.945,66.421,212.09437054780284,48.125258115823904
mp-10712,ScRh3C,213.993,88.558,237.94629288511783,81.55537247747964
mp-10714,TmRh3C,203.932,83.513,211.77186122297533,76.02346741728066
mp-10716,YbRh3C,186.655,80.247,224.15225969414527,89.87282049461312
mp-10718,Sm3SnC,36.568,9.516,30.78609801331067,3.7519922845919593
mp-10732,ThTaN3,241.796,135.904,293.4131654411412,133.17873855665945
mp-11652,Yb3PbO,58.432,50.196,76.17762912488115,50.33939303746772
mp-11733,Lu3InN,95.187,72.27,89.60687519507243,65.93778980127072
mp-11775,RbUO3,132.148,69.574,136.8790522068163,72.4752543579971
mp-11822,Ca3GeN,55.627,36.988,63.34287689872642,42.86640621715499
mp-11824,Ca3PN,63.211,53.243,72.88272988837166,52.21212897009996
mp-12572,CaPd3C,133.657,1.984,139.14544586933016,38.436734838462705
mp-12631,SrTcO3,181.627,54.765,221.58908520506156,88.01570346708203
mp-12725,NbAgO3,187.023,77.819,206.4093501923309,83.11970589349447
mp-14099,ZnAgF3,81.455,25.207,87.71097994322545,27.70434359722724
mp-1412687,YSnO3,135.269,40.831,166.4607483225965,50.72003485949514
mp-1413511,AlBiO3,105.509,48.521,128.59068806531874,47.07444675632673
mp-1416619,YSbO3,115.898,6.923,134.23018581459468,23.691175447448668
mp-1418444,AlAgO3,134.977,38.01,184.70094106411983,43.23912950226189
mp-1418929,YAgO3,152.504,34.036,181.00357544363877,53.84194705499753
mp-1421511,AlSbO3,127.135,73.559,155.2062390573477,75.39919031987267
mp-1424898,YBiO3,113.052,19.427,114.0217271825158,7.020500392185536
mp-14254,NdAlO3,197.949,138.548,208.6899718057355,141.71923299085614
mp-1426094,AlSnO3,152.634,53.245,155.41964489017548,68.55461521067282
mp-1432347,YCuO3,182.599,81.28,217.1242600972046,86.70949384480778
mp-1436662,YTiO3,188.993,58.897,211.33382777815805,65.04481736490317
mp-1475723,TiAlO3,180.192,63.163,199.044811373764,62.39010204920304
mp-1504314,AlCuO3,160.131,47.974,166.8211328185731,47.99333154337065
mp-15856,DyRh3C,199.853,79.683,217.80819749387223,65.25705312551482
mp-16287,NdRh3C,186.801,67.992,191.6618514157936,52.66301491045465
mp-16290,ZnNi3C,194.302,54.987,222.67720719775923,86.31855558224129
mp-16297,Sc3SnC,101.411,81.286,107.6744307085248,82.03458283526372
mp-1946459,CsAgBr3,25.511,10.716,30.143397275162144,8.358662415333749
mp-19716,Sm3InN,79.926,56.436,63.488828018673885,49.12791543299528
mp-19749,Pr3InC,32.389,8.891,24.200149030112204,-0.9493146741429256
mp-1975771,RbAgCl3,31.598,12.344,33.205618734773694,11.05096836539536
mp-19758,Sm3PbC,36.11,7.23,28.445290421759395,4.335713201696507
mp-19777,Yb3InC,38.199,9.67,53.09464097271305,37.954453417362
mp-19817,Y3InC,78.064,63.498,80.9675405207014,64.58388141702679
mp-19836,Tb3TlC,40.323,11.741,33.24803878984109,4.86240147906101
mp-19845,TiPbO3,170.269,90.612,200.09285918208175,98.54421019117322
mp-20229,Sm3InC,34.955,9.831,23.885014183311835,1.2022636704311158
mp-20385,Nd3InC,63.104,44.171,48.45411907990328,35.500793102796834
mp-20423,Nd3SnC,35.011,9.034,24.611776691452217,2.298839968712092
mp-20430,Er3PbC,40.95,6.322,42.04204345461616,9.40115194754708
mp-20446,SnPt3C,177.192,4.648,193.68745261436848,-72.65581259175491
mp-20590,La3InB,44.762,26.55,41.46437349125811,23.445561902303673
mp-20679,Co3SnC,198.668,86.71,223.2982421737826,69.96023101794808
mp-20684,Pr3AlN,31.769,9.57,15.071432435561018,3.654704613159082
mp-20750,Tb3SnC,39.692,9.784,36.476411266685,4.713863007134219
mp-20796,InPt3C,196.047,7.245,214.1111707543113,-14.439105512994145
mp-20860,Mn3SnC,215.893,120.102,145.7812404857475,90.58629692643352
mp-20922,Dy3GaC,44.205,19.481,24.610383600909444,9.280165326686827
mp-20978,Ho3TlC,41.581,12.506,26.91513713406316,3.271639368920299
mp-20990,Pr3InN,72.128,49.169,61.93823475750657,41.19672318168599
mp-20999,La3InN,65.083,41.796,64.60502498833598,40.43025616655965
mp-21017,Y3PbC,77.789,58.485,89.93377712529748,62.80870411795885
mp-21022,Nd3InN,75.749,52.058,60.70555194317358,41.63396640658756
mp-21028,Er3TlC,42.482,12.995,42.15983429310933,14.581432112523014
mp-21031,Pd3PbC,141.216,29.434,163.30695530689098,26.569182016202213
mp-21035,Sc3PbC,94.605,76.167,105.2674021119194,73.46776495785811
mp-21043,RbPbF3,77.371,29.602,40.452888009371875,17.79322382892907
mp-21128,Ca3PbN,18.661,8.672,22.160159993891565,6.73333979930096
mp-21135,Pr3InO,71.496,41.666,61.13054531596143,40.20408941844214
mp-21206,Yb3GaC,37.775,6.307,51.17853332876929,38.8413991334405
mp-21850,Fe3SnC,293.392,143.27,211.0970320670483,113.21904681365072
mp-21854,Nd3TlC,35.396,9.014,23.25018984862594,-0.1308804510329877
mp-21862,VRu3C,274.66,160.459,324.118795726744,161.4704292046496
mp-21888,Tm3SnC,40.815,8.526,35.42383546151011,8.970424970268393
mp-21910,Nd3AlN,32.77,10.085,17.833406436902823,-1.7619245368014915
mp-22087,TaRu3C,291.431,149.144,365.5258035048285,154.3438741776403
mp-22120,YRh3C,196.814,79.702,216.24279901062067,78.1370030341355
mp-22345,TiCdO3,126.081,20.728,137.07429380825877,29.640335402003476
mp-22350,Nd3SnN,35.146,5.284,23.902054773043396,3.1853601226579644
mp-22351,NbRu3C,281.254,148.287,342.0173465508698,153.1914609037586
mp-22394,ThRu3C,224.114,107.105,267.9112375771029,90.27719960343008
mp-22496,Nd3TlN,35.606,5.7010000000000005,18.651909744488993,0.0131872900451181
mp-22513,Dy3TlC,40.847,12.029,30.3343516042749,5.966557008311989
mp-22535,HfPbO3,166.252,87.185,182.48706222522136,93.76227307658796
mp-22537,Er3SnC,42.274,9.172,38.6827902322539,8.724702865513652
mp-22556,Tm3TlC,43.149,13.276,35.5875525171804,6.123806464210041
mp-22793,AlFe3C,232.51,88.775,207.6982050413553,109.08148568668838
mp-22979,GaBiO3,173.106,89.283,197.6265243567684,97.42795982988584
mp-23026,CsAuCl3,35.712,13.125,46.631554579452725,15.916468271951898
mp-23037,CsPbCl3,21.823,9.296,26.177323303069088,9.683434207191544
mp-23080,AlBiO3,190.998,117.305,214.0670639281722,132.66185548325453
mp-23729,NaBeH3,59.369,49.113,77.46134040241175,56.89277256406304
mp-23737,KMgH3,34.622,31.061,41.41357681865239,33.14828008492698
mp-23818,BaLiH3,37.474,38.849,46.69929750211627,38.95555649108114
mp-2464440,KAgCl3,31.855,11.58,34.329658838528005,11.555690711882871
mp-2649045,CsInBr3,21.762,8.403,24.11786283559247,10.216201275053454
mp-2695837,CsTlF3,285.83,22.971,40.723213289969166,14.28411924084994
mp-27214,CsSnBr3,19.249,8.647,22.686308188234776,9.181371350259434
mp-27294,Ca3AsBr3,34.272,22.458,41.41553781410843,25.89058362409582
mp-27718,CsHgBr3,22.568,8.363,27.703665532939837,8.394942775001697
mp-28069,Ca3AsCl3,37.483,25.136,46.136970031506706,26.852609781059556
mp-28166,K3BrO,19.399,12.792,22.769707441065627,12.036655667494149
mp-28171,K3IO,18.587,12.762,19.52531434994531,12.027732802707275
mp-28593,Li3BrO,48.727,35.622,49.989500879498685,34.63140636351751
mp-28602,Na3ClO,32.992,22.436,37.554995864457894,24.305224721373257
mp-29241,Ca3SnO,54.846,45.672,63.62920102586857,48.04040404805221
mp-29243,Ba3SnO,36.771,25.902,44.283418721895906,28.67352420040381
mp-2930,Mn3ZnC,192.524,65.249,164.74910418675557,90.91606067925308
mp-29342,Ca3PCl3,40.064,26.861,49.64886909233214,28.84115251739096
mp-29725,YBRh3,181.021,85.796,196.84755328517917,76.17540628592869
mp-2998,BaTiO3,166.907,106.373,179.99324364559527,110.68458212281904
mp-3000,Cr3GaN,295.563,110.737,230.78583755248792,99.03088234507878
mp-3020,BaNbO3,167.842,89.357,195.5853687256529,87.18818639800135
mp-30207,La3GaBr3,41.385,22.985,51.444125539416895,24.893291257598175
mp-3022,TbBPd3,142.81,10.576,127.06223256273944,25.029707677112075
mp-3088,LaBRh3,165.301,62.911,184.3434141876438,49.39228580070619
mp-3105,LuBPd3,148.81,25.344,154.16230721023462,29.929115992997183
mp-31055,Sc3InN,96.711,74.295,100.34293454035551,81.97685682368274
mp-3136,NaNbO3,176.561,100.088,207.52440770114453,105.6865165460356
mp-3163,BaSnO3,133.913,89.091,151.2955988451089,91.0964914179902
mp-3183,DyBRh3,183.388,86.089,197.52188326716063,72.74172783650157
mp-3271,Ti3AlC,153.159,103.192,158.30963924497618,92.79944473961264
mp-3323,SrZrO3,152.318,88.002,176.35304037447878,95.66257488112016
mp-33365,CeGaO3,182.932,27.336,206.2917673134005,102.58354181480787
mp-3428,SmBPd3,137.352,3.312,117.07537291347508,18.415331349989653
mp-3448,KMgF3,74.789,43.567,73.76600913580573,48.04777002711656
mp-3591,NdBRh3,174.728,74.997,181.1656969423891,61.22943443930351
mp-3614,KTaO3,188.716,122.495,212.15553608782383,128.6183880883966
mp-3654,RbCaF3,48.191,26.403,53.52496261509399,28.32030403834321
mp-3686,YbBRh3,161.964,87.207,200.25304348127997,88.18597379579651
mp-3693,HoBPd3,145.69,18.834,130.7623951903004,23.941277281708103
mp-3710,HoBRh3,184.167,87.48,192.07624798585968,77.31528539888234
mp-3717,LuBRh3,188.744,90.644,207.74530956431497,81.90786689275872
mp-3834,BaZrO3,148.845,91.419,171.27639541117307,97.14054332608823
mp-4079,Sc3AlC,100.358,84.205,106.14018164459512,83.79914781392418
mp-4126,KUO3,134.466,67.688,134.9181529605057,68.25012401687074
mp-4170,NaTaO3,201.078,111.744,221.50011467036012,117.30149456820124
mp-4230,Sc3TlC,97.309,81.849,107.6118615601294,81.98976113013441
mp-4405,Rb3AuO,15.595,9.399,17.547501742545194,9.97669681014208
mp-4448,Y3AlC,79.684,63.961,77.53132077562243,63.005542249408734
mp-4505,La3AlN,66.117,43.537,63.87000920625758,38.598502539897936
mp-4551,SrHfO3,163.199,99.605,180.17499253153736,105.7562395702293
mp-4563,Ti3TlC,148.372,83.571,148.2446633099321,86.93370001905126
mp-4593,Mn3AlC,235.077,130.58,180.3482422653637,109.71049985972256
mp-4950,KCaF3,48.658,25.296,54.2106421624618,26.460234348990905
mp-4982,SmBRh3,175.916,78.41,180.15539359443068,61.17721420569114
mp-504715,BaTiO3,54.646,3.148,83.46661366628503,3.604381641501211
mp-510376,CeBRh3,190.777,56.573,209.9146271049896,46.734966118653915
mp-5200,PrBRh3,169.867,73.418,195.41238017967103,54.95361364188061
mp-5229,SrTiO3,170.929,108.497,187.55548627445552,115.73008200061778
mp-5304,LaAlO3,194.911,129.69,216.98162718427457,135.5930785173283
mp-5323,CeAlO3,191.964,48.718,216.24996225868423,132.68247499528567
mp-541365,LiEuH3,47.287,49.922,48.83597728657746,48.45453265974712
mp-542103,TbRh3C,196.967,77.674,212.0535604964002,71.63459524692279
mp-542112,CaZrO3,155.28,81.711,181.28353779649865,85.63629302393934
mp-5438,TmBRh3,186.37,89.666,193.02596368567947,75.26727770378673
mp-546200,TlIO3,111.81,58.323,139.08143119893472,58.05634673804004
mp-546973,SrSnO3,142.602,88.097,160.64419341524743,91.59492215678556
mp-550008,ScBiO3,148.262,71.889,183.71948064697244,71.19085332953092
mp-554601,RbCuF3,69.734,31.504,73.26571902475274,31.10981367720551
mp-554973,TlCuF3,70.161,25.725,75.08243913609718,23.422328825265566
mp-5566,KCuF3,68.887,30.35,79.34237360898614,30.992856669279025
mp-558189,Ag3SI,44.61,6.537,50.767563037101894,8.274349734027394
mp-560399,NaMgF3,71.171,42.484,77.50135152792612,47.02668399768848
mp-561598,BaPbO3,61.735,17.699,42.901136641592856,2.2372417587396223
mp-561947,CsHgF3,49.422,16.764,50.4443511604418,15.876021034615272
mp-5663,BaCeO3,111.403,52.386,124.60560330015782,56.75276966972586
mp-567703,Fe3NiN,203.967,86.951,180.60074659162197,93.3265758459294
mp-568005,CsYbBr3,21.39,11.983,27.07414080372481,12.640510292658137
mp-568544,CsCdCl3,29.552,13.901,34.46299689517376,15.169451302576627
mp-569875,ScBRh3,195.322,96.283,218.24128126741465,84.64819828752505
mp-570008,Sr3BiN,43.271,36.36,45.19978911452107,37.47496174105015
mp-570223,CsGeBr3,22.345,12.431,28.95408044733926,13.327480282643087
mp-570290,MnTlCl3,34.353,15.324,42.30382643520314,18.43176025919951
mp-570591,CsHgCl3,27.743,10.092,33.06592485539409,10.302418005820652
mp-570822,Tb3AlC,76.355,58.94,70.32967219294493,51.64122388811822
mp-571330,Nd3AlC,63.965,43.503,46.78576126851576,34.72198496673106
mp-571458,RbGeI3,18.094,10.168,21.54124486381172,8.891412289687983
mp-574239,Tm3AlC,39.315,16.967,28.994626470735817,8.988174944915734
mp-579496,Fe3PtN,206.727,98.815,211.55779642248984,95.73715228873118
mp-580234,Fe3RhN,180.818,82.097,201.46041635375627,82.14307357853718
mp-5827,CaTiO3,176.478,103.379,193.8778475090714,108.05623989869233
mp-5878,KZnF3,71.15,33.286,78.53829178865868,34.61725127274746
mp-5893,CaSiO3,216.044,150.17,252.69579060266076,170.55684167678262
mp-600089,CsPbBr3,18.482,7.962,23.531912501005948,8.821559486120378
mp-614013,CsSnI3,15.373,7.428,19.662195718865863,7.999932603264418
mp-627439,Mn3GaN,227.986,132.732,160.09097399580804,98.27040085685076
mp-632808,BaLiH3,16.673000000000002,6.439,23.469271108543893,6.3511454515203445
mp-636273,Nd3GaN,38.83,10.717,19.21065868258024,3.615163908212315
mp-637179,Ca3SnN,19.651,9.48,20.95405144235513,7.697824391302085
mp-640266,Ca3Al2O6,64.785,42.746,123.0966744154403,68.73209150186175
mp-644246,EuH3Pd,86.912,38.11,93.6326245780392,39.499852243042895
mp-644483,Ti3SnH,123.281,24.897,119.72390645342722,50.00800319649445
mp-6951,RbCdF3,55.222,22.838,58.401231513606504,25.365312234970833
mp-6952,RbYbF3,56.432,30.807,64.40060007567817,31.7511598758658
mp-7006,SrNbO3,173.24,79.765,197.41335292296853,79.22214643937619
mp-7070,Mn3PtN,179.569,75.462,190.80515685654953,112.8350371023176
mp-7104,CsCaF3,47.44,26.842,53.0912964080729,29.996867138090973
mp-7114,Ho3SnC,41.472,9.405,28.2453735893922,3.998608317049962
mp-7130,ScRu3C,236.198,139.147,283.1843787685324,126.0173847112188
mp-7143,BaPuO3,118.683,56.229,117.50477692974796,56.783455446716744
mp-7159,La3TlC,54.494,36.156,59.341135310139755,38.79306878916149
mp-7223,Ca3AsN,60.583,51.711,66.08383186089623,52.22676200734373
mp-7482,RbHgF3,50.69,14.872,49.37498891455468,14.533412727368246
mp-7483,KHgF3,50.671,12.972,49.8134713620974,11.657647146706267
mp-753781,EuHfO3,165.391,95.032,176.4899738978061,95.79457871543664
mp-754678,BaTaO3,177.458,94.012,216.06490237434633,101.46667701666384
mp-754696,PrTiO3,187.179,68.846,196.8041128823375,86.03146552106406
mp-754892,Rb3ClO,17.011,9.97,22.073946994465743,10.235737583355451
mp-754940,Ba3SiO,39.278,26.756,47.82358287235262,29.31651989940397
mp-758371,YbAlO3,170.465,76.264,230.77481359774563,109.72657611485376
mp-7604,Mg3NF3,108.207,81.341,125.2240242991396,86.84964691948853
mp-771055,EuZrO3,154.842,83.545,174.9951913934784,87.30577353194474
mp-7752,Sr3SbN,45.977,38.116,51.438993569609245,39.70220015924478
mp-7961,Sr3SnO,44.124,35.774,53.439946765922585,37.8916713334125
mp-7986,CaSnO3,149.034,83.207,169.06076433003872,86.5170303254765
mp-8020,LaTiO3,183.62,66.054,205.38167876103972,81.76153678368425
mp-8037,BaThO3,110.875,50.624,130.00911550974055,58.05872347199847
mp-8074,TaSnO3,189.595,22.423,232.5399095267583,89.68529587167649
mp-8218,PrAlO3,197.512,136.42,203.2735773597496,138.43309574395172
mp-8368,Pr3GaC,36.668,13.823,23.918508315123564,1.790844182979721
mp-8370,Ni3GeC,187.015,41.228,194.41029257250852,35.477182494226234
mp-8397,CsSrF3,39.37,20.108,46.661489377120745,24.87862056526383
mp-8398,CsYbF3,57.116,32.481,61.26409301729683,34.7385216623042
mp-8399,CsCdF3,53.871,24.043,57.454378938515305,25.85473288600483
mp-8401,CsMgF3,62.499,36.041,65.05708766386172,41.38831956111238
mp-8402,RbMgF3,66.107,41.94,70.56643895495439,47.260266261241355
mp-8557,BaPaO3,109.369,41.577,110.31583958231865,46.926955326793255
mp-861873,TaTlO3,187.786,104.711,209.45519221380343,112.57544616470702
mp-862832,PaTlO3,133.398,57.351,159.51849400725615,60.428936189562165
mp-862870,LiTcO3,194.213,79.846,259.013428768235,91.05331061080962
mp-864606,AcCuO3,163.571,81.723,192.4352066578151,88.09830064486201
mp-865120,NaPaO3,132.432,57.938,168.8909802445572,63.93043899488913
mp-865181,EuGeO3,167.47,101.809,176.44868059044987,104.15757125223826
mp-865218,YbTiO3,188.205,111.444,209.64183300867273,106.07639476795408
mp-865322,UTlO3,132.86,59.337,137.48051280770892,58.99512756104722
mp-865424,CsUO3,129.135,70.632,135.73517763151543,72.91184209428815
mp-865927,AcTiO3,179.412,77.02,200.36592392015208,83.80432896366271
mp-867195,SrOsO3,185.233,60.942,224.69745749463124,72.93631535711779
mp-9060,RbPdF3,67.565,22.825,79.17557188688862,27.335604464867792
mp-9061,KPdF3,68.848,19.737,80.38825830692382,22.72923411994223
mp-9200,K3AuO,18.66,11.654,21.610315756837977,11.751116748468949
mp-935811,KNbO3,172.61,109.553,198.1417183869402,115.45935546545552
mp-971700,ZnAuO3,98.68,4.182,168.4329438377945,14.913174931006006
mp-971706,ZnBiO3,152.502,59.718,180.7453346516059,55.71479705607956
mp-971975,SrHgO3,102.967,42.81,119.53026114415212,37.00999297098686
mp-971996,SrHoO3,84.713,46.093,114.93906875316836,49.14121363450315
mp-972021,SrInO3,95.953,41.576,120.47775073086574,34.8919721632571
mp-972058,YbTmO3,96.796,45.698,134.15755428319588,64.67182667343806
mp-972066,ZrAlO3,217.28,98.184,261.11069104636715,112.35830917538809
mp-9721,Ca3GeO,58.534,48.427,70.19883344510438,48.69208556833853
mp-972222,TaBeO3,277.307,103.594,290.9389995829981,99.00094515421569
mp-972442,SnBO3,225.06,73.067,311.7647520712504,74.08359479317144
mp-972822,SiBO3,232.445,24.58,289.30397932938337,28.50950982493579
mp-972827,SiBiO3,130.571,76.857,216.78547652908932,94.50372434005108
mp-972839,SiBO3,203.008,53.644,199.4150871234802,97.53571316562947
mp-973068,ScCuO3,186.205,68.294,226.55786069925895,66.83274481483808
mp-973123,ScPdO3,118.718,23.645,149.83576754631778,21.837249634126294
mp-973156,ScAsO3,135.67,45.595,171.08687875990367,59.069049535972056
mp-973267,KTcO3,180.938,111.434,223.7314388546887,115.64955743769472
mp-973269,SbTeO3,125.028,40.829,177.62879760241617,46.397665689439584
mp-973396,KBeO3,92.168,27.945,78.56608416136334,4.354201251745174
mp-973471,KReO3,201.94,119.458,241.39606007828937,114.1168835816616
mp-973536,LuUO3,151.069,85.959,167.745929494991,86.62999996636597
mp-973613,LiCeO3,156.051,17.775,143.59050803618808,24.38728835414034
mp-973681,LuRhO3,189.552,28.686,253.99991267617332,53.507857123580465
mp-973830,KErO3,65.414,3.327,86.72324575324839,41.20425183089689
mp-973869,LaCdO3,130.971,44.298,148.21700912054675,48.84305427660037
mp-973977,HoSnO3,90.383,34.59,95.20520969076463,35.76071165842781
mp-974061,KSiO3,178.452,117.855,211.02808694197552,114.10637080675058
mp-974740,NdBiO3,116.027,22.598,127.1742488521246,37.560175993382046
mp-974842,KPtO3,119.312,51.104,155.684885294192,60.14003337298155
mp-975190,RbTeO3,122.161,88.194,144.69441154204816,98.06348473227791
mp-975206,RbSbO3,117.294,105.897,158.11416516072924,114.45933377438664
mp-975208,RbRuO3,155.247,85.574,192.16506406649236,92.59321673502735
mp-975216,RbReO3,195.873,126.82,237.33742455415572,123.11164705329328
mp-975255,RbPdO3,95.483,47.559,124.8270229281531,58.05922345904935
mp-975284,RbIrO3,141.653,78.796,184.01760622150073,77.79604323735921
mp-975288,RbNpO3,133.382,69.83,125.62903691216704,72.54895926436339
mp-975296,RbHoO3,66.13,7.311,79.20443146289347,39.854025555836984
mp-975299,RbInO3,74.482,11.05,76.61402119881498,30.24809700093269
mp-975347,NdGeO3,149.618,70.624,188.66350995199585,70.07816996241209
mp-975364,RbCuO3,84.711,31.992,85.6393470531521,42.63568405454092
mp-975382,RbCaO3,40.141,9.212,37.92370741913932,7.804839300926929
mp-975394,RbBeO3,84.653,13.871,94.54464454087253,11.287320785606406
mp-975425,RbAsO3,102.651,101.456,137.07482757084856,102.57669118829487
mp-975427,RbAlO3,112.414,41.005,124.20351985496134,47.281348635370335
mp-975443,InCuO3,160.872,55.989,185.406664946578,39.1180441351034
mp-975463,RbAcO3,61.109,33.337,33.540945381488875,26.345531454200263
mp-975588,PuPtO3,259.08,21.626,197.4231589043656,57.16857258667393
mp-975913,PrNbO3,187.182,34.435,237.50623735426856,66.55533455538762
mp-975990,NaLiO3,49.933,13.061,125.42188615548046,0.6326808329521156
mp-976133,NaAsO3,126.053,121.985,164.6753515946391,132.32418082480467
mp-976185,NaBeO3,109.135,30.372,89.79824044207862,6.0254438935862575
mp-976727,PrBiO3,114.926,23.371,116.79717301479046,19.253001414373458
mp-976775,NaMgO3,67.537,10.716,70.75174868642304,-3.154254129285483
mp-976923,NaReO3,211.053,96.474,257.6450242373837,95.7952924732258
mp-976968,NaPdO3,104.533,38.431,173.88148831831057,64.10361064532606
mp-977117,NaTeO3,137.484,78.761,147.4660783716484,77.46760132153253
mp-977123,NaTiO3,138.443,68.649,164.15380576426637,58.95407822674091
mp-977176,NaTcO3,190.453,92.535,246.20023430925607,101.87927555492634
mp-977408,NbTlO3,176.002,93.616,197.37126334142403,97.48543549171364
mp-977455,PaAgO3,140.937,44.187,172.97576826543474,52.42922408559365
mp-978489,SiPbO3,199.931,116.389,236.1537396628671,121.52760016812634
mp-978490,SiPdO3,232.071,87.065,292.80978394861194,97.07043595681928
mp-978493,SiSnO3,203.42,116.859,267.09061422070306,117.27057876815512
mp-978504,SmGaO3,182.901,103.136,191.85017753729545,102.78980319248778
mp-978851,SrAsO3,144.779,86.516,178.94997261879075,88.82130463876594
mp-978926,SmGeO3,145.68,69.014,202.7702306823792,78.87075618336793
mp-978952,SnPbO3,146.405,80.046,165.9727989054333,86.02666654229064
mp-979294,SrAgO3,110.647,45.527,117.89358357415767,51.00509549938985
mp-980058,RbTbO3,60.84,12.55,113.7216218952956,54.16620544108096
mp-981103,Sr3CdO4,89.762,54.665,104.65841500641736,61.04085357387411
mp-981250,SmPuO3,121.889,20.41,115.18849294802924,29.2844448270969
mp-981313,KTbO3,54.299,2.471,125.40071624684066,60.46663754506893
mp-981367,SrTlO3,98.451,43.398,127.58805297413052,48.18534272823977
mp-981376,ScSnO3,112.688,44.097,131.94225759195857,49.3565255892562
mp-981386,ScH4Pd3,141.571,20.16,166.44679585484093,50.34315825738959
mp-981550,RbTmO3,74.212,8.738,97.78893880707182,49.73859303015848
mp-982040,KBiO3,86.685,65.445,97.30649523505367,66.04319364104181
mp-982245,PbAuO3,132.88,48.968,159.97225981455117,43.847212828794866
mp-982558,HoGeO3,142.29,64.149,202.99098114031375,78.00841376853457
mp-982885,KCaO3,40.526,3.548,39.7746047824532,12.53815608929068
mp-982975,LiBeO3,112.446,16.251,99.80475951603032,1.9175996864631724
mp-983564,EuAsO3,164.961,78.314,182.15078910408005,77.89809883436746
mp-984240,CsCaO3,40.397,10.838,43.07086706698839,9.081530295204873
mp-984357,CsKO3,38.067,33.016,71.25182179690856,30.018395271695866
mp-984553,BOsO3,286.217,59.98,269.7652904457985,-24.315722259304405
mp-984554,BPbO3,205.691,44.295,230.51664721952855,61.73864126342316
mp-984628,CaBO3,195.881,59.159,214.14987881546065,34.14917473895924
mp-984729,BaSr3O4,79.071,49.114,98.22020035321572,58.83929005775333
mp-985585,Li3ClO,51.628,38.236,58.22657385609157,38.806863330320155
mp-985586,Na3BrO,31.663,21.887,35.4304038925905,23.25880838062984
mp-989564,LaOsN3,243.043,92.446,274.1128657940701,97.55542381556812
mp-9960,Y3TlC,77.491,63.955,87.56318802681646,66.7413080510946
mp-9964,Ti3TlN,153.716,40.969,157.24809118751796,76.89124618144999
mp-998147,TlCuCl3,39.029,17.428,50.55622170070081,18.044668536425338
mp-998196,RbCuBr3,30.662,13.156,35.192654902796036,13.45078689394187
mp-998307,CsPdBr3,33.583,17.108,39.576681878513,18.284866324120937
mp-998414,CuAgF3,86.522,21.339,89.5722340942235,23.66812632140154
mp-998552,BaHfO3,159.196,102.329,178.81248998673513,109.70405061600282
mp-10046,V2AsC,200.377,115.533,239.0261174499542,119.22252951205864
mp-1018674,DyAlZn,70.298,47.339,65.98261535096475,48.56507832952884
mp-1018685,ErCuSn,76.553,45.507,76.25208560027605,44.32296445959918
mp-1018689,ErZnIn,65.841,40.822,69.46902471497071,45.44826788025373
mp-1018690,ErZnGa,75.136,53.824,73.91885748088458,47.15496365740283
mp-1018714,HfGaCu,125.165,70.481,134.6729266592071,74.13700537742999
mp-1018724,HoCuSn,76.985,46.616,71.870761571756,42.544119791348315
mp-1018745,LaSbPd,78.626,30.133,84.98494492007458,40.50176684038901
mp-1019087,CaSnHg,38.053,15.505,39.53790449541204,24.560616912970715
mp-1019255,SmTlCd,52.82,28.712,43.985678091894634,24.679898193771557
mp-1019279,SrZnSn,37.518,27.358,39.82610825870351,29.671076458696422
mp-1019280,SrZnPb,32.355,24.914,30.92876206467825,21.542793070708633
mp-10200,ZrBeSi,138.583,114.747,142.3085781584462,125.70758834942718
mp-10208,NiMoP2,162.731,109.297,199.9798939104727,100.13593920772344
mp-1024955,PrNiSb,88.333,35.539,88.8347680680434,47.2967495643274
mp-1025045,TiGaPd,140.178,44.998,152.8152682196153,49.14848405386765
mp-1025441,Ta2AlC,195.615,126.196,246.5047173533631,124.65760553492484
mp-1025449,TbInPt2,116.677,70.719,135.45787243851711,42.9762289069595
mp-1025455,LiNb2O,112.151,2.313,178.01773548659514,33.223661241694025
mp-1025473,Li2NdGe,43.547,27.258,41.97788831235007,25.5518349608212
mp-1025497,AlV2C,174.748,134.256,245.01631084333087,129.5140892829209
mp-1025524,Zr2TlC,115.186,77.68,154.4577664828431,90.17201690718854
mp-1025550,Ti2GaN,157.125,111.361,182.2794896887932,108.76707982813006
mp-1025557,CoMoP2,212.426,119.819,235.53862977616976,134.71426822479023
mp-1029374,BaTiN2,144.299,90.866,163.8333473005284,99.33753482659915
mp-10366,Nb2Co3Si,225.621,114.307,234.79081108494512,100.44859650166384
mp-10371,Cr2GaN,162.519,79.152,208.9909234690797,112.03931381443714
mp-10394,CrCoGe,183.828,74.08,205.1072653023282,75.77478282608963
mp-10485,BaLiSb,30.026,23.278,31.86794577862613,22.588790972299872
mp-10667,SrAgP,55.717,35.283,68.44892969818046,38.76671082816357
mp-10677,CaPAu,69.582,34.179,81.52064165903377,42.049208053609995
mp-10746,Mg2Cu3Si,96.222,54.613,107.98440868143724,59.73177099375253
mp-10749,SrCuSb,47.985,32.93,57.2410336552204,36.149424310216574
mp-10797,CaSiNi2,78.964,41.191,99.46798230857348,44.16717541001571
mp-10892,MnAlPt,102.361,43.816,150.0290779787372,46.127091321349056
mp-10911,Sc2Al3Ru,111.883,67.526,117.92436502608972,72.61303671407515
mp-1095505,Ti3GeC2,173.577,124.059,206.18949092440187,136.60346424304257
mp-11019,GaCuO2,148.405,58.853,163.29505304773636,79.59700092271196
mp-11021,GaAuO2,151.971,54.287,165.18108851963405,68.91150358795379
mp-11022,ScAgO2,122.643,39.168,139.67529738835685,76.18175401533433
mp-11023,ScAuO2,134.634,43.218,154.7906542704088,79.5379078897787
mp-11193,VAuS2,104.417,51.636,105.5877774949603,69.93348360572683
mp-11583,Zr2SN2,159.854,68.795,208.8489384733884,103.22238589037391
mp-11700,BaCuSb,43.743,29.179,52.23669612139891,31.415293778268826
mp-11816,BaCdGe,34.647,23.72,38.34521766355831,23.485714101779855
mp-11818,BaZnGe,39.873,29.175,41.71245380771169,26.32428872990917
mp-11819,BaSnHg,30.976,19.584,35.47307207011848,20.5457475678754
mp-1185209,Li2ZnSi,52.049,42.979,57.88359211223255,43.22677058765843
mp-11977,LiSnAu,58.955,14.507,75.92814959357143,25.344052183804596
mp-12029,Li2CuP,58.571,47.499,77.41951035070977,52.04756405728012
mp-12520,SrNi2Ge,69.921,31.853,84.0433613450594,32.07785918942613
mp-12521,SrNi3Ge2,92.315,27.896,113.38532502711428,50.39113690323695
mp-12537,Ti2GaC,138.904,110.605,167.05980575179075,108.4367753154327
mp-12557,SrCuAs,57.771,39.629,65.0604971051664,42.13430733325429
mp-12571,HfBeSi,147.205,117.352,146.82961985309913,142.36290248208587
mp-12814,Ba3SbN,26.349,7.698,46.747767478640455,27.620178766509184
mp-12990,Ti2AlC,137.103,115.936,174.786999299209,114.8085036205444
mp-13005,LaCrGe3,87.663,67.377,101.1291541484085,62.061955415878046
mp-13007,PrCrGe3,88.559,62.104,102.90343671858568,53.90177752425561
mp-13070,Sc2AlC,86.185,56.9,104.7046998435734,67.72083607746359
mp-13071,Sc2TlC,80.643,55.047,104.33535196263117,65.74803735230188
mp-13137,Hf2CS,178.939,126.437,216.0958441471424,130.73840372326285
mp-13160,YZnGe,76.81,54.248,85.50385421733766,62.79278980163356
mp-13276,SrLiP,44.645,36.89,51.942061174222346,34.11111031752432
mp-13277,BaLiP,39.363,29.534,42.40703397738101,27.904001784820085
mp-13288,Ba3LiN,12.858,0.547,22.697217145827775,11.566009150141232
mp-13312,ScTlS2,50.088,28.849,70.03802868680772,35.12344222552208
mp-1384267,AlSbO3,126.099,57.544,134.99400411061157,23.78073857155883
mp-1392353,AlBiO3,120.35,44.148,140.49904302694628,44.453032452130486
mp-1404877,AlAgO3,157.932,47.729,183.87502802616515,73.42284984554904
mp-1406000,YBiO3,119.883,36.082,139.06534930327845,55.56558624744443
mp-1412082,AlCuO3,187.703,33.469,212.8547511026528,103.6542566111124
mp-1443298,YTiO3,141.445,43.928,173.98959190739473,88.42982303214565
mp-14793,Mg2SiPt,98.07,57.571,105.3542813716067,59.59582082017303
mp-15686,Li2CuAs,51.282,37.96,64.57013649388968,42.14780239197929
mp-15695,YAsPt,111.197,47.4,119.87590125763812,56.3587045955956
mp-15819,Mn3Al9Si,114.667,64.797,121.66140532128924,87.60307961249316
mp-16245,CaSbAu,52.219,22.259,58.44156295127318,31.951801676894316
mp-16254,BaCuP,56.726,37.446,69.30780150363542,40.643310317742625
mp-16263,CaZnGe,49.099,37.699,46.45443538808805,34.359447407672114
mp-16266,CaZnSi,54.426,41.666,56.15028156464687,39.78214577023076
mp-16321,SrCuP,65.501,46.074,83.05329777588736,51.40129906820911
mp-16336,Zr2Fe3Si,170.614,93.2,163.86405842010132,68.63561431836183
mp-16481,TiAlAu,130.385,54.244,135.95458941034389,63.9011446287982
mp-16613,AlAuO2,172.084,71.746,198.21494107891556,108.13909015317384
mp-16733,Sc2GaC,86.195,53.796,106.24744492907796,66.69532327292777
mp-16764,RbYTe2,26.11,15.968,39.4148236923351,21.225541658519784
mp-19729,EuAsAu,55.073,28.196,70.64260592868501,36.79348662235162
mp-19821,Cr2GeC,202.882,80.367,217.23801784862655,119.92293620228688
mp-19835,Nb2InC,161.184,99.016,208.72687499870392,91.38562112661477
mp-20004,Zr2InC,118.251,85.132,156.79182093563404,93.49486837740449
mp-20197,Cr2GaC,183.799,120.232,205.97293275679263,126.32659871647854
mp-20201,NdZnSn,61.258,43.259,56.63707637704315,42.66450778293703
mp-20237,CoNiSn,160.052,49.515,161.74083586322843,62.0171756628334
mp-20329,InAgO2,108.417,31.048,121.11796769095936,53.141312357591765
mp-20495,Na2CO3,43.912,200.977,81.10992015351448,48.07554658126142
mp-20565,MnCoGe,149.075,63.031,160.78520518992224,57.21869177352581
mp-20766,CeCuGe,81.668,43.907,91.2580988005343,48.3856192397395
mp-20987,YZnSn,63.26,42.778,75.94789198316073,51.44479146758778
mp-21023,Ti3SnC2,157.86,116.018,195.19788331454848,123.76335743968986
mp-21040,Zr2Fe3Ge,158.937,87.954,158.6094218355085,68.80836545919827
mp-21090,MnNiGe,116.642,56.472,136.06130958230682,62.963635908041795
mp-22144,Ta2InC,175.354,107.734,222.45995230983937,102.31409011866982
mp-22662,TiGaPt,163.617,61.559,174.76115155124822,54.79751424480034
mp-22707,EuAgSb,40.661,27.11,54.682810954258414,30.74716511039402
mp-22740,CeCuSi,84.581,51.325,98.11632286096729,51.67269101827967
mp-22941,CaCuBi,44.943,26.718,47.89419953932238,30.04772786607781
mp-22950,CsNiCl3,15.269,6.799,33.61219968713452,13.42222004537109
mp-22962,CsTiBr3,13.373,7.225,29.943310066425703,15.167851210487818
mp-22977,CsVCl3,12.85,4.463,36.2747919744481,19.04719326850286
mp-22991,CsVI3,9.676,2.6790000000000003,20.440251534113756,11.595443335914805
mp-23004,CsMgCl3,13.722,4.715,30.108698815514956,15.725937987393587
mp-23029,Cs3Sb2I9,6.9879999999999995,0.965,19.99550205223321,10.003656819305832
mp-23038,CsVBr3,11.692,4.405,27.37797788548097,14.870135601111093
mp-24011,CeHSe,94.096,91.54,69.26660310745616,54.63803905081152
mp-27319,Sc2Co3Si,151.636,79.245,164.7134252738135,72.80171708394035
mp-27409,RbNiBr3,12.959,3.423,30.75620410263441,12.551470164809029
mp-28282,RbTiCl3,16.921,8.008,34.7143052804889,16.694023923013905
mp-28283,CsTiCl3,15.527,9.192,34.63873894033375,15.70306417493256
mp-28553,Ca2IN,50.374,31.593,54.13957681795257,37.57684705448947
mp-28607,UReB3,264.934,191.09,265.69842469939186,185.60445143496057
mp-29076,FeWN2,228.877,128.086,354.47569988264274,208.83956012982253
mp-2918,YCuO2,115.21,35.776,132.3143603437161,70.35127116274441
mp-29750,CsMgBr3,11.461,3.787,24.99750478463649,12.79266454275093
mp-29751,CsMgI3,9.34,0.299,19.862611380392945,8.893010684306162
mp-30251,YAuO2,113.218,29.163,135.27620269082834,65.5138874567654
mp-30451,SrCuBi,40.538,27.691,46.35016543648143,29.909260087735845
mp-30611,ErSnPt2,131.951,48.795,139.22249098903183,55.018810420357795
mp-3098,AlCuO2,178.355,80.28,188.65866343706932,117.79808816047986
mp-31018,SrAgBi,35.76,20.895,40.27576446755959,24.244783810105226
mp-3103,Nb4AlC3,216.088,146.872,287.85079746403,156.21013873458887
mp-31145,BaCuBi,38.096,24.08,43.12200624754546,24.97922670643323
mp-31147,BaZnSi,43.884,31.194,43.40016180290999,27.175215413339977
mp-31148,BaZnSn,34.655,25.518,38.22219144582267,24.37856036335867
mp-3250,Ni2SbTe2,33.489,21.669,94.78524444746644,46.00413544636679
mp-3405,NaAl11O17,152.126,69.533,196.14209017051263,127.27841787897042
mp-3469,ZrNi2Sb,145.512,60.623,154.736664435656,74.90795700879706
mp-35143,BaNbS3,47.8,10.702,86.59536680339662,38.634197438125064
mp-3553,KTeAu,27.321,13.392,32.12371477240739,18.62621537469463
mp-3581,Ta4MnS8,62.712,47.917,136.07266809334436,82.96416091591018
mp-3642,ScCuO2,137.545,46.58,148.4609076757174,79.4859828727507
mp-3669,Mn(NbS2)4,27.063,20.553,125.79006703636009,77.03271218756555
mp-3732,Ti2CS,179.75,134.771,210.34661932369823,142.71275098954314
mp-3744,NaNbO2,146.768,99.169,205.40317742559463,119.23820710089647
mp-3747,Ti3AlC2,158.241,128.029,208.4857996501539,143.16499185837174
mp-3802,Ta4AlC3,235.646,150.43,301.9780610310988,166.44830849693895
mp-3803,Ta4AlC3,236.717,145.106,287.62175299908534,166.91893412127723
mp-3871,Ti2SnC,134.1,94.05,165.50897758520597,98.94457983228894
mp-3886,Zr2AlC,125.112,93.417,162.0268972101394,99.66392206041398
mp-3924,LiNbO2,156.667,100.566,236.22886767142157,140.54181375525954
mp-3927,CaAsAu,60.978,27.657,68.09921256672818,36.245871236013386
mp-4001,BaTaS3,48.992,10.165,88.26699177428338,42.12609019442987
mp-4120,CaCuAs,64.433,42.103,71.3477082124105,46.02274171555969
mp-4227,BaVS3,46.423,2.098,67.70949459167471,31.828374715742555
mp-4613,Zr2SnC,126.349,78.073,157.80662322923362,95.86371537904468
mp-4678,Zr2AlN,142.503,97.869,170.70332463769793,93.4362812477016
mp-4798,Sc(AlC)3,166.256,138.55,192.8050895459095,145.20640421652428
mp-4835,LaCuSi,82.111,45.769,84.66303165676364,40.53851412138751
mp-4887,BaCeN2,103.462,41.631,113.69210276759378,49.40937725479331
mp-4893,Hf2SnC,137.648,80.746,173.72959580378327,102.47808553564084
mp-4978,Ti2AlN,156.701,118.851,188.95750646702075,119.7055268829453
mp-4992,ScCrC2,208.072,136.76,283.97861674144156,155.69081579392216
mp-5025,Zr2CS,165.501,114.231,197.8781485670725,122.86971715004394
mp-504708,CsCoCl3,1.924,3.144,24.208613122829025,15.553413323319177
mp-505212,Cs3AuO,7.783,1.091,17.28783356079233,7.591135930452218
mp-510311,BaZnPb,29.868,20.614,32.07212418360024,20.599292984028008
mp-510441,YInPt2,121.073,39.147,141.99256878406888,52.490942214417075
mp-5111,YbCuGe,57.103,37.169,79.56508159478915,42.73816393547175
mp-5137,Zr2SbP,114.043,67.669,127.54531973043188,79.81121560711351
mp-5244,Ti2SbP,114.291,70.239,123.2358585259112,71.37624826491759
mp-540609,CsMnI3,9.466,2.656,21.37571394454733,7.076383057377847
mp-541899,CsCdBr3,10.141,0.275,26.308988145396963,9.22554544446527
mp-5443,Nb2SnC,161.142,81.589,228.01349131150113,95.66814197886411
mp-549158,InCuO2,120.572,35.461,132.74836710422716,58.609745377852285
mp-553308,CsNdO2,67.258,33.706,81.9886917758321,41.3465903571447
mp-561949,GdBO3,117.092,27.567,139.07583257072235,70.6841638091022
mp-5659,Ti3SiC2,183.669,133.36,216.0064533818592,145.24817839492337
mp-567220,Hf2SbP,122.772,69.177,137.2575044168915,84.32844957828318
mp-567666,Ba3BiN,24.629,10.225,47.00428697181449,27.800190751620494
mp-567698,CsTiI3,10.145,3.45,23.844780181694507,11.629754372322823
mp-567767,CoCN2,164.34,68.938,171.15735498351913,111.55716392379443
mp-568066,Pr2CBr,65.414,36.834,72.31816175458646,37.27309417414138
mp-568895,BaSbAu,44.396,26.141,52.17350156658699,29.22293403847026
mp-569151,MnGaPt,103.094,38.589,158.337013452679,48.5241562382964
mp-569458,AlV4C3,218.608,169.943,279.3600279434371,165.8579570075947
mp-569484,Cs3Ti2Cl9,8.691,5.017,32.74213679947532,15.479865971031131
mp-569568,Ta3AlC2,225.648,164.088,273.4731291034198,148.16420386302448
mp-569807,RbTiBr3,14.215,6.05,30.9293494502007,16.07057736666139
mp-569834,LiCu2Sn,75.321,44.076,82.05568131547874,47.131552228274266
mp-570099,RbVBr3,13.233,0.461,27.79082201683117,15.35454071505892
mp-570150,CaAlSi,56.461,39.274,54.29781730220005,43.18629363170072
mp-570713,TiAlPt,161.564,51.204,168.14328263700307,53.237952315190235
mp-570784,Hf2Al3C4,196.908,156.611,232.57747272834092,166.2469406675016
mp-571493,YbHgPb,38.302,15.009,50.761088462912376,19.06362970724574
mp-5910,CaCuSb,52.044,33.921,57.95643165542363,36.42903675174784
mp-5933,BaTiO3,139.365,73.886,162.7312377743544,93.5282440533935
mp-675287,CsCuCl3,23.924,30.852,32.56180515606108,7.886894947831066
mp-6954,SrAgAs,48.889,29.294,59.20296916980504,34.424599707904655
mp-7003,CePPd,110.052,48.649,121.44814468348198,53.97454161633931
mp-7288,Sc2SO2,139.478,67.795,159.35571684600478,80.8227703250504
mp-7359,BaAgAs,44.723,28.524,55.71630906510093,31.098833770887257
mp-7420,KHgAs,25.11,14.645,27.73654886018283,15.629674978220654
mp-7421,KZnAs,30.9,21.894,33.41685210493165,22.53033087415296
mp-7435,KCuSe,35.575,21.711,38.26846274144223,23.47597786355586
mp-7436,KCuTe,29.374,17.875,32.83777389712806,19.374844101737644
mp-7437,KZnP,36.508,26.245,41.159480909305834,28.08275847225452
mp-7438,KZnSb,24.441,17.165,30.033244596610935,18.39147264857816
mp-752927,LiAgF2,68.307,14.637,75.72711529846543,21.54317356478261
mp-753799,CsTmO2,80.308,43.86,86.52166760070384,52.81120171388386
mp-754055,CsErO2,80.061,42.918,86.99976834764695,53.75761536838992
mp-754110,SmAgO2,100.001,27.104,93.32701221779143,50.42479472645123
mp-754138,CsDyO2,78.024,40.984,86.04775029647396,50.24835835929317
mp-754154,CsHoO2,79.157,41.192,86.7622989653712,52.279811644092696
mp-754157,AlInO3,181.883,88.934,200.76918180384615,112.593678941735
mp-754165,ScGaO3,179.215,83.392,198.06556458316743,108.74802961098544
mp-754480,GdYO2,103.674,48.284,120.16679758515528,62.4107116904153
mp-755144,NaLiO,55.978,39.05,57.17962215641551,41.12272033951922
mp-755252,DyHO2,136.012,38.21,137.13763974514788,77.4135338190252
mp-755318,ScHO2,155.028,52.193,178.52934593225427,99.18978469826274
mp-755342,LuGaO3,172.4,80.173,188.81003298902792,104.6949478962919
mp-755651,CsGdO2,76.461,37.118,93.51686803078108,50.34298926324284
mp-764648,LiTiO2,140.834,93.619,211.43687018666623,118.95537445812076
mp-7650,RbScO2,94.252,55.927,110.19481029786958,68.07859977928368
mp-768358,ScInO3,151.834,59.427,168.6071282611974,80.82517137359977
mp-768479,YScO3,152.13,70.113,168.0147065613431,90.71300304640867
mp-768864,KNdO2,69.273,37.8,86.8437808994275,45.19795382033911
mp-774712,LiCuS,53.764,17.871,64.54853166320258,31.06472699374681
mp-7936,LiNbS2,82.755,57.167,135.13891568436028,83.41111918996451
mp-7937,NaNbS2,76.388,48.843,119.60302587538892,74.13276860769527
mp-7938,KNbS2,69.488,46.405,105.4962939121337,65.85191170193207
mp-7939,NaNbSe2,61.06,39.007,100.05092975041062,59.14028037404438
mp-7940,KNbSe2,56.925,37.527,93.29585362185242,53.95541569550241
mp-7964,YAlO3,171.919,82.453,188.2455855424515,113.2275238794091
mp-7977,CsSmO2,71.864,36.15,81.74303490237953,45.00306974135885
mp-8044,V2PC,227.261,151.481,257.29834071869726,156.86925187224162
mp-8098,InGaO3,168.242,74.36,185.06211337731668,95.9471084206419
mp-8122,ErCuSi,97.809,63.774,99.6298626509931,50.958568577948256
mp-8123,TmCuSi,98.396,64.836,103.41405176129044,55.28138432403741
mp-8125,LuCuSi,100.492,65.529,114.31619962576217,60.66578558804098
mp-8126,YCuSi,93.076,60.168,103.7802362134767,56.30537681206183
mp-8432,CaCuP,73.255,50.755,91.04036036286416,57.759715722607325
mp-8456,SrAsPt,72.367,29.338,78.0297320089759,35.53437649474764
mp-864954,MgMoN2,246.262,183.147,334.03377082137007,191.91191621304412
mp-865625,Na2MgSn,22.948,18.808,27.164068960575523,17.118281029552637
mp-8786,Zr2NiAs2,138.277,68.334,151.6685790310293,74.52717043341804
mp-8868,Ba3NaN,1.319,2.319,20.96777580020297,9.93483063274648
mp-9244,LiBC,153.134,133.263,184.51764936075512,133.5273157538862
mp-9264,NaTeAu,31.246,9.325,40.45257896459755,18.70250073816842
mp-9556,SrZnSi,49.807,40.121,50.78755812435295,36.11588184182254
mp-9573,NaBeAs,44.531,33.067,50.506122274680166,33.75042149227576
mp-9574,NaBeSb,34.453,23.924,39.070643129478235,25.039219306831736
mp-9586,NbSnS2,68.64,28.417,111.50487830781236,63.95410359095569
mp-9631,AlAgO2,154.008,59.765,180.82743992974625,104.3111171141847
mp-9743,SrAsPd,64.685,27.956,66.86358674807627,28.685314037546007
mp-985439,BaPAu,57.169,33.396,67.74049933459762,36.28702318553704
mp-9873,EuZnGe,52.444,36.396,53.37528674726478,37.38945752663474
mp-9898,BaCuAs,51.12,33.441,58.8514597680492,35.14787829923028
mp-9956,AlCr2C,188.491,140.846,230.22128630457073,141.901389471852
mp-9957,V2GeC,179.763,104.264,241.82870289948008,118.02095839514496
mp-9958,Ti2GeC,154.628,105.974,176.10108232327937,111.4275145161378
mp-9961,Ti2CdC,112.721,59.737,156.6390111813335,85.31954715746704
mp-996161,Nb3AlC2,200.473,134.763,271.524436805368,143.60014617045277
mp-996162,Nb2AlC,169.752,112.681,246.07161991532195,117.78248436623218
mp-996965,AgBiO2,88.77,19.323,100.5101284280638,42.53412688844485
mp-997010,TlAgO2,87.57,19.118,96.37243806981586,33.06551607909265
mp-9987,Nb2PC,222.653,130.576,277.9589323502853,162.1795413642952
mp-9988,Nb2CS,194.217,100.032,260.1393712412322,124.21960904660844
mp-9989,Nb2AsC,204.049,116.039,250.3837466780179,122.32220569412156
mp-3315,CaPd3O4,161.478,54.739,175.1045844616569,87.82339288916353
mp-542496,Ca6Ag16N,64.172,24.717,73.06615106898352,30.597487286308574
mp-697126,Ca4(H4Rh)3,75.603,40.914,105.58143719130054,60.39221692836357
mp-3050,Y3Al5O12,170.395,103.015,205.04156652160611,128.08400350494117
mp-3384,Er3Al5O12,173.762,105.755,198.3113854873299,125.08506765621829
mp-5444,Y3Ga5O12,166.366,14.871,181.73122268940992,103.95080356044788
mp-570845,Zn(GaNi)3,130.309,65.19,141.44624543762723,70.24428895298098
mp-1001012,Sc2ZnS4,73.999,32.261,91.29775231599127,53.511011806862065
mp-1001019,Mg(ScSe2)2,57.484,20.211,71.28013648462564,41.33988912569214
mp-1029293,CsVN2,105.401,43.204,108.21287027515264,48.98677548914743
mp-10953,Sc2CdS4,69.767,24.821,82.74103403328462,47.92279032454167
mp-12533,La2Hf2O7,160.548,89.983,180.9336728422746,94.29845281565788
mp-13801,Tl2Pt2O7,170.426,83.891,188.4285174157011,92.82953250392212
mp-14069,CsAlO2,92.213,47.586,96.4939685220528,50.88623052210793
mp-14070,RbAlO2,91.475,43.214,93.38361749999444,47.04011508078245
mp-14105,AlTlO2,96.438,34.159,99.49274821222537,39.19083769976681
mp-14476,LiRhO2,124.841,39.318,215.7141461796629,86.28291508540363
mp-15803,Y2MgSe4,51.637,18.906,63.43006562021323,36.18423182306379
mp-15974,Mn(CrS2)2,87.181,34.024,93.23117264997596,58.28994110235751
mp-16267,Dy2CdS4,62.141,22.866,74.61012326998467,39.94172051462008
mp-16293,KSbO3,112.518,73.035,129.49668983624943,82.8129641640491
mp-19784,In2Si2O7,230.416,91.928,239.8483678312291,125.48113318078488
mp-20499,Sc2FeS4,71.369,31.493,90.47634385966748,50.42758136298649
mp-22052,Zn(InS2)2,67.671,28.122,84.76673062893585,40.59274815588273
mp-22166,Co3Mo3N,298.478,118.524,311.1511387034637,131.64432380914224
mp-22803,Cr2CuS4,94.549,39.715,108.1979802765284,61.81093092954233
mp-22961,Li2ZnCl4,31.855,15.897,41.28383775102409,21.86057460156875
mp-23341,Bi2Pt2O7,179.413,76.076,178.72096609669316,95.22134289630088
mp-23445,Bi2Ru2O7,178.102,94.649,183.10251309588605,90.8089731830266
mp-27719,Al2CuO4,188.445,33.92,225.4793812349874,126.21713838282946
mp-2959,Yb2CdS4,46.567,22.518,65.12253893624091,32.6769480477708
mp-3138,Na8SnSb4,18.677,8.832,23.95658958828757,13.106675516553675
mp-3370,Y2Sn2O7,164.271,91.448,181.41410192407287,101.61148689434287
mp-3536,MgAl2O4,182.861,98.235,217.5624987941511,142.0662013170859
mp-35785,Y2CdS4,61.871,22.805,75.86008090876526,41.97105358325853
mp-3807,Al2CdSe4,63.038,26.285,74.73414159725682,42.89373252399948
mp-3951,Ti2CuS4,100.958,37.972,119.45143590829716,64.30116094421523
mp-4324,Tm2CdS4,64.903,23.205,73.3460835789403,41.13832658989719
mp-4408,Sm2Zr2O7,162.119,87.474,176.6064358788376,90.2586872286648
mp-4590,Mg(GaO2)2,162.924,75.837,195.4159575424324,101.62967730602642
mp-4602,Tb2Ti2O7,205.081,21.568,196.1168817631209,101.37450172881375
mp-4697,Zn(CrSe2)2,72.426,33.234,90.27842246297143,50.64880389097824
mp-4788,K(OsO3)2,129.08,80.552,173.05247477487256,85.56267423207993
mp-4842,Al2ZnS4,84.975,45.424,104.26008719516405,63.743526404223445
mp-4991,Tb2Sn2O7,166.521,91.856,182.8486408350825,98.17825438766845
mp-504543,SnPbO3,106.995,46.81,128.87338273116524,65.426637437018
mp-510619,Fe3Mo3N,184.008,48.139,266.80917265655074,127.21803144498736
mp-5146,Zn(RhO2)2,168.078,56.385,232.38977026709892,99.82327926286686
mp-5302,Gd2Ti2O7,183.909,95.771,196.5816334592336,102.09387111178792
mp-5373,Y2Ti2O7,186.139,98.422,197.1669031132832,106.1278013240656
mp-5472,Nb2Cd2O7,155.314,14.097,193.81686149155104,88.26304792809225
mp-5548,Ta2Cd2O7,155.679,84.063,206.7272328131727,97.76787333703702
mp-558392,Bi2Ir2O7,202.159,15.516,182.8411755432557,106.27412400759576
mp-558411,Y2Zr2O7,161.026,86.846,191.61921637383273,102.67708981590972
mp-559200,Cd(InS2)2,63.647,22.102,79.0059226572484,36.932155649603665
mp-559998,Cs(OsO3)2,134.549,83.735,169.10451752329178,87.42584477991292
mp-5602,Cr2HgSe4,67.353,24.062,85.08247620237351,46.060623192145485
mp-561442,Y2Hf2O7,169.817,95.728,195.29217046542755,108.7722311200652
mp-5639,Mg2SiO4,173.178,116.187,207.7848426036855,147.7322935440354
mp-5794,Zn(GaO2)2,168.278,76.893,201.6879062200155,102.85985907305243
mp-5889,Er2Ti2O7,193.302,102.343,194.31685422946197,104.18709028401489
mp-5977,Nd2Zr2O7,158.964,86.085,172.46960641046402,91.54356840307014
mp-640321,CsNa2Ge17,39.169,24.137,59.78868955800556,39.89194800051569
mp-684031,Mg3(TiAl9)2,79.394,51.059,79.6026957751368,54.41682599927702
mp-722913,Hf3Zn3N,135.395,84.456,146.17238594678628,79.69292582410677
mp-752849,Y2Pb2O7,139.254,70.675,141.65652251123163,79.37408342082924
mp-754596,RbGaO2,78.145,24.897,79.84285504020845,29.24193318255283
mp-754711,Nb2Pb2O7,146.353,77.006,174.805504703133,84.05688786584696
mp-754826,CsScO2,62.741,14.836,70.89248160968616,20.5732732440578
mp-755450,La2Ce2O7,133.226,60.716,148.32294771117995,65.78714288904224
mp-756297,ZnIn2O4,137.377,58.558,162.87314542304657,81.99882587983889
mp-776165,AgAuO3,123.896,56.909,154.18775965964358,48.86344314944792
mp-8978,CsNbN2,94.476,29.703,105.9450097362724,37.0031875029769
mp-753671,PNO,53.971,22.372,192.19580986279232,121.14009566414602
mp-20940,TiCdO3,146.93,62.805,208.41477283063145,91.29739443515496
mp-28339,CaPPt,95.286,39.105,105.7630784651074,54.09229944377619
mp-4681,NaNbO3,92.741,54.97,198.4520376590549,102.77693711702996
mp-644419,LiHS,21.647,6.659,37.09835283856677,23.212483526288416
mp-978568,Si3MoPt2,193.812,94.134,216.42229746003403,102.6761881239696
mp-1216475,V3ReB4,295.129,218.099,367.99336222938814,264.9136319279085
mp-1216493,V3Cr3B8,293.232,229.65,381.4815278994016,289.288848709774
mp-1217974,TaB4W3,324.571,194.458,378.9723134343998,235.0789588969677
mp-1217975,Ta3TiB4,266.336,207.503,291.75608710716574,220.54295079651368
mp-1221393,MoWC2,365.494,255.342,448.802147930611,271.5927511160597
mp-1221519,Mo2CN,353.135,222.816,485.4543069278207,268.87639298651214
mp-2977,CuAgTe2,20.693,10.103,69.48369920627334,20.499785371687228
mp-629458,BC2N,373.876,411.93,410.0365083450544,388.2738881416733
mp-1001914,Li2SnIr,85.092,24.121,95.39332783635504,35.27748174581699
mp-1005693,Sm2InHg,56.894,20.934,50.75940790269574,15.7616411743848
mp-1006057,LaPrIn2,51.388,22.228,49.57981460854345,7.129447002295839
mp-1007821,GaCo2Ni,198.722,53.674,200.5932219052192,76.56417788347939
mp-1007924,CrCu2Si,130.299,7.905,146.28272311104018,8.018529905134562
mp-1007961,CrInCu2,93.374,29.914,114.31529105102322,34.88825052463173
mp-1008224,CrCo2Si,222.218,94.391,221.49893613968484,42.8302441973496
mp-1008226,CrFe2Sn,143.331,22.082,155.1878658330675,70.95102886895248
mp-1008277,CrCo2As,187.113,76.573,189.35420994100588,8.43391442552369
mp-1014005,Mn2SiRh,134.27,41.113,109.1444181025153,-9.852865249370485
mp-1018071,MnFe2Ge,213.562,17.647,211.4108815254309,76.17421833976623
mp-1018074,GaFeNi2,167.75,27.984,187.4807932962771,40.03765380320324
mp-1018080,CrCo2Bi,137.255,56.721,133.42608764898756,33.96640660118975
mp-1018082,CrCo2Sb,173.777,82.553,190.4553722794693,49.21178456978857
mp-10181,LiSiNi2,149.838,65.605,159.93881458401086,84.59791400080412
mp-1019564,Ca6Ge2O,41.392,37.095,49.490822241418385,34.0829917654131
mp-1025456,CaZrF6,56.574,22.566,90.62606118897064,35.0198100796212
mp-10261,TiNi2Sb,137.552,27.593,159.13347342789362,26.93371145932908
mp-10474,NaPF6,23.499,10.027,94.52806336719593,64.37052192573002
mp-10492,Rb2SiF6,17.072,8.245,70.5427997083517,40.98692835215103
mp-10686,Li2CdGe,40.135,20.058,47.42579959403778,25.587815946081477
mp-1079896,Ca2H6Ru,56.915,41.307,89.006125043517,59.09520586689708
mp-10872,HfAlAu2,142.057,22.112,165.9774486209898,36.029225182064785
mp-10873,ScAlAu2,114.629,18.822,123.02816070106832,37.93535373169531
mp-10883,AlCrCo2,199.303,96.223,205.70964521976984,84.48684015507993
mp-10884,AlFeCo2,187.706,103.489,190.183808570474,86.67119912811965
mp-10885,AlCrNi2,160.697,41.844,157.46300816367082,54.96286499929845
mp-10887,HfAlCu2,134.159,56.709,144.70432189285324,66.45013639333261
mp-10891,MnAlPd2,145.343,43.389,171.8544227987033,35.14723645002034
mp-10894,MnAlRh2,185.161,94.704,209.28645587814424,64.74498986209565
mp-10895,Mn2AlV,185.386,96.779,189.35853980840545,94.82327901158511
mp-10898,ScAlNi2,129.687,57.619,132.25403252211788,62.28379627729198
mp-10899,AlVNi2,167.301,55.002,169.44508161219628,61.2740642340417
mp-11234,PrMg2Ag,45.818,17.459,43.92589433120666,21.856636756544223
mp-11235,SmMg2Ag,47.298,17.019,45.2264847673737,25.092716222189942
mp-11236,MgZnAg2,75.529,24.529,86.64336947320727,28.98692733233742
mp-11293,ZrCdCu2,113.193,50.865,127.33750494305896,56.208570134715906
mp-11360,ScGaCu2,107.905,47.008,117.40778841319565,50.38580918808106
mp-11366,ZrZnCu2,121.262,42.491,135.30274761547614,60.66935481664697
mp-11400,ScGaNi2,128.473,50.343,134.52724123403078,58.06144038587709
mp-11490,Li2ZnSn,37.548,27.734,39.52613303736532,21.58587804281771
mp-11492,LuNi2Sn,100.82,40.276,130.20769265486695,56.072695116614085
mp-11512,LiAl2Ir,135.916,52.607,144.98115876910697,70.49648038163805
mp-11519,NiSnRh2,180.244,20.057,197.42047475700548,38.39017715050885
mp-11537,NbAlRu2,230.476,116.78,263.33987682340063,122.3755961131656
mp-11947,LiAlAg2,71.27,32.565,76.68146177598258,36.34854900914415
mp-12128,Li2MgIn,29.856,20.946,33.064730394846165,24.09796465869556
mp-12559,MnAsPd2,130.581,8.795,165.27405958113303,-6.8513847020991445
mp-12580,Li2CdSn,35.899,23.104,38.17759499719681,21.243651841482276
mp-13254,CeMgZn2,51.635,33.459,56.597376102125814,43.23264109650716
mp-13322,LiGeRh2,168.2,90.626,184.36795324644976,88.99114601011703
mp-13396,LiIn2Rh,90.326,37.101,93.4834611166342,36.6996613400594
mp-13914,LiCo2Ge,154.032,97.165,163.543418168412,97.63766251547086
mp-13915,LiNi2Sn,112.914,29.525,116.8048831509979,45.84530182155791
mp-14088,Rb2PdF6,12.393,8.333,73.76166878934966,31.078025946158423
mp-15635,TiTl3F6,28.907,1.061,55.31046756527935,16.088217979767943
mp-15724,KNa2Sb,18.878,12.629,23.308104324060295,15.371667444765
mp-16271,Li2CdSb,36.538,0.834,38.96563942784158,19.64385172698643
mp-16341,Li2HgGe,41.262,4.176,44.78659877733861,14.31339304169404
mp-16349,LiNi2Ge,132.644,46.128,135.15667315602414,60.5607817844555
mp-16358,ZnNi2Ge,150.684,34.806,159.65428129907858,43.525591653296715
mp-16482,TiAlAu2,138.455,26.152,156.00395903777496,33.02702348858814
mp-16494,AlCrCu2,119.908,48.944,136.19370549855907,47.237702266886394
mp-16495,AlCrFe2,223.142,92.876,209.88898957448868,109.9380380198642
mp-16497,ScAlCu2,106.697,52.175,119.19803252721864,59.841287469806375
mp-16501,HfAlPd2,156.936,7.228,169.26324969584996,37.8967577205555
mp-16524,ScAlPd2,129.942,41.369,139.08613271021025,42.89327931960746
mp-16548,ZrTiF6,84.573,30.321,108.78542676349048,35.68609662471469
mp-16735,CrInCo2,169.302,60.198,170.685922753152,93.83918900201492
mp-19850,MnCo2Ge,197.347,93.978,225.52892145504237,65.256119624601
mp-19877,ZrNi2Sn,146.647,45.056,148.72401393681483,56.40985996140522
mp-19904,ZrNi2Sb,143.863,28.872,149.45242230859242,35.887477407413854
mp-19929,MgInNi2,106.537,41.076,111.48680615740837,48.982712954385555
mp-19946,YInCu2,84.23,39.817,93.1436527438853,48.90483216076847
mp-19963,TiFe2Sn,183.277,108.178,181.85006195315572,118.68082328610797
mp-19971,ZnCo2Ge,179.248,26.3,196.78594978503128,80.71941788326573
mp-20145,TiGaCo2,182.718,87.666,198.0108836177819,91.45568045599968
mp-20228,MnGaNi2,157.338,37.296,181.56936347639493,43.64696703178534
mp-20265,LiIn2Pt,81.018,28.966,94.5378322966557,30.193342723172865
mp-20358,UInAu2,35.525,34.562,111.18457963587048,32.02439056590347
mp-20363,LiGa2Pt,103.688,34.754,106.1877903987814,28.705081391260844
mp-20440,MnNi2Sn,141.181,41.266,163.63536251131382,40.89290200550606
mp-20463,CaPbF6,51.78,19.973,73.71048015559028,29.05184449052111
mp-20481,MnSnPd2,129.866,28.853,158.3831312137104,25.348295362851736
mp-20491,LaInCu2,70.523,26.891,80.68819830282803,39.85517394382304
mp-20521,ScInPt2,141.942,29.805,153.6338507483967,21.50451518492448
mp-20567,LiGa2Ru,115.246,46.408,136.92419909037474,44.51817066119223
mp-20586,VCo2Si,216.418,94.021,235.45604464538673,30.444558837169215
mp-20730,HfCo2Sn,161.751,81.16,180.38025580474067,74.7302716596865
mp-20744,ZrInNi2,140.627,53.067,142.52196454546592,58.10824590790459
mp-20801,LiIn2Pd,67.719,18.833,80.82114680774012,28.41706296484475
mp-20840,MnCo2Sn,166.928,81.836,179.2701688574547,71.59193033453215
mp-20864,VNi2Sn,122.027,22.62,156.97602446132902,48.205382576050894
mp-20898,DyInAg2,64.011,18.398,74.79412648606696,29.02168915932488
mp-21067,ScInCu2,94.727,47.368,109.64353724034578,51.522540030467354
mp-21171,MnGaCo2,186.181,85.891,214.60075091867117,84.16463202676657
mp-21175,TaGaNi2,192.999,39.868,200.8387380974199,57.28149300958447
mp-21211,InFeCo2,160.068,63.718,172.04020882754207,86.6453348444349
mp-21235,Mn2VGa,187.236,81.286,181.04993209081707,87.39154469869797
mp-21301,ScInNi2,128.198,59.957,118.0380237051347,53.314815834093466
mp-21467,TiCo2Sn,165.425,77.267,188.06723252547403,68.09284140154485
mp-21469,VCo2Sn,178.311,71.09,200.4312832439105,57.79642063643421
mp-21883,VGaFe2,222.851,122.941,215.2953913583706,116.3157425425841
mp-22029,MnNi2Ge,160.744,29.281,192.8380343376696,28.0005924071012
mp-22221,MnCu2Sn,103.969,30.817,114.0363302248732,20.457019865360312
mp-22300,FeCo2Ge,183.305,58.409,222.06871908230664,38.00476698838384
mp-22463,TiInNi2,153.635,50.534,161.412214012352,64.94216920271374
mp-22493,YInAu2,89.598,21.208,99.71276798606333,32.70408675239534
mp-22503,ZrCo2Sn,153.951,75.173,169.23404427498977,67.84700155344517
mp-22610,Mn2SnW,219.188,105.854,269.79507375812784,110.270145547489
mp-22673,MnInCu2,103.816,24.622,123.42655393421492,40.93460966431629
mp-22685,TbInCu2,90.141,43.172,88.9576371268196,42.16066097404183
mp-22712,YPd2Pb,93.034,23.095,104.8281565497028,28.104012334009024
mp-22725,TiInCu2,118.564,46.141,132.7319423354193,56.745085634267774
mp-22731,MnInNi2,235.971,89.09,143.8989146845259,44.20460678930314
mp-22790,VGaCo2,199.274,88.046,208.2980759611382,72.95547145837021
mp-22947,K2ReCl6,11.602,6.545,45.552895998635066,19.104276101740183
mp-22975,Rb2TeCl6,9.584,5.213,32.62324379036311,13.487542503247914
mp-23021,K2ReBr6,11.063,5.229,39.59152996291296,17.03115948900097
mp-23036,K2SeBr6,11.09,5.006,28.593055015926744,14.075246729818463
mp-23060,Cs2PtI6,7.331,3.998,27.56886063473571,12.347975235480437
mp-23067,K2PdCl6,12.406,6.418,41.712111667306125,19.87229992295337
mp-23383,Rb2TeBr6,9.056,4.79,29.1164160271256,12.638073145996913
mp-23406,Cs2PtCl6,8.616,4.775,39.84120118566087,19.87831131046775
mp-23425,Cs2PbCl6,8.082,4.508,26.648127372493654,12.413720811880893
mp-23438,BaBiO3,109.77,56.631,118.77089434758544,64.33019094943475
mp-23499,K2SnCl6,11.298,5.661,36.843655556097616,17.672205083699314
mp-23505,K2TeBr6,10.176,4.976,28.559995611914207,12.714727993823644
mp-23513,K2PtCl6,12.754,6.625,48.1554935221154,22.276721799039276
mp-23804,Mg2FeH6,76.609,61.863,112.40827638810832,68.42937161403974
mp-24292,Sr2H6Ru,48.381,32.026,74.42467527803933,46.74640819184063
mp-27304,K2MnCl6,11.197,6.094,37.59377031775297,19.051485554615184
mp-27315,CaTiF6,58.073,25.205,97.024314222895,42.026133097093144
mp-27632,K2TcCl6,11.33,5.731,40.443830873865856,19.113572730106473
mp-27636,Cs2SnI6,7.069,3.906,18.87856172419936,9.04546446534663
mp-27691,K2PtBr6,12.515,5.95,39.22091214721613,17.86015651743125
mp-27827,Rb2TiCl6,9.65,5.044,38.073501988426685,16.512304429774094
mp-27828,Cs2TiCl6,9.126,4.099,33.711755523308085,16.22048511670417
mp-27830,Cs2SeCl6,8.965,5.067,27.985991714131675,14.518126591762105
mp-27831,Rb2ZrCl6,10.523,5.344,37.50701942971969,17.033607493222988
mp-27833,Tl2TeCl6,11.525,5.702,31.341469702838825,12.298112950094458
mp-27834,Tl2PtCl6,13.744,6.203,50.25216841246706,21.555106383339183
mp-27835,K2OsBr6,12.514,5.247,43.21810738330863,17.17166024766028
mp-27839,K2TiCl6,12.238,5.72,41.5143738527492,18.128701394587395
mp-27882,Cs2GeCl6,8.703,4.521,31.596003214777177,16.914474131302605
mp-28084,Rb2PdBr6,10.289,4.884,32.95360183964315,13.596622453003295
mp-28110,Rb2PtI6,8.577,3.938,29.142825363055387,12.923588857291897
mp-28145,Rb2PdCl6,10.81,6.046,38.24029497454096,19.030268927161185
mp-2927,LiAg2Sn,59.483,23.975,63.96695554610617,18.11189694156247
mp-29398,Cs2HfI6,6.99,4.16,24.596253386410687,11.94620626666179
mp-29481,Rb2WBr6,9.727,4.388,37.22951980962484,16.63605911587282
mp-29556,Tl2WCl6,14.578,5.2620000000000005,48.12108099229699,18.06760323399036
mp-29633,LiGePd2,121.813,37.662,130.84482854575646,42.026686954131414
mp-2987,Li2MgTl,27.001,14.225,30.314919948683865,19.100962827985835
mp-30044,Fe2CoGe,158.882,3.563,191.2089411031899,34.16321818219513
mp-30062,Cs2PtBr6,8.763,4.908,33.085421149701354,15.979239318831196
mp-30069,CuNi2Sb,147.435,26.623,152.35801997207437,30.789526374540717
mp-30080,Li2GePd,62.413,22.035,68.05877189351342,18.43758220800429
mp-30227,Rb2WCl6,11.06,4.8870000000000005,41.66448343561423,17.209415569480335
mp-30340,ErInAg2,77.665,25.82,77.79823770398626,30.022649841335205
mp-30342,HoInAg2,77.054,26.089,74.59700825919519,29.65426725218705
mp-30347,ScInAg2,83.809,26.91,97.47219112087969,32.562476487184746
mp-30374,DyInAu2,90.936,22.045,90.38754906730313,28.872864207465287
mp-30395,ScInAu2,101.827,24.732,115.15263198224302,29.199427958288812
mp-30419,USnAu2,25.037,66.09,112.92736125660691,24.658572356479727
mp-3042,K2SiF6,19.56,10.152,81.47160634542327,46.73137423517271
mp-30465,YBiPd2,94.378,6.461,103.83568059971498,21.015948240109285
mp-30551,GaFeCo2,190.304,88.288,193.05322965271313,80.09290959315321
mp-30555,TaGaCo2,195.874,90.532,219.89116821824825,65.49190227189018
mp-30570,CrGaFe2,204.598,105.307,210.25274981927288,98.71914037405828
mp-30586,HoInCu2,86.981,41.739,89.93031140667937,42.67685780836644
mp-30592,CuNi2Sn,149.253,27.073,157.00763362642368,38.410671280447275
mp-30595,CuSnRh2,177.039,63.304,194.48721952121653,64.90837954023128
mp-30648,LiMg2Ga,38.321,26.698,40.20670962882603,22.713320794299342
mp-30657,TiGaNi2,166.368,48.916,174.33503949116644,63.167134937367166
mp-30658,VGaNi2,167.969,38.51,179.78321970581567,51.2761438978729
mp-30661,ScGaPd2,127.531,35.179,138.88398058880446,33.92277019982772
mp-30727,MgCdAg2,69.74,25.347,78.0520972311775,23.143363497709313
mp-30731,HoSnPd2,110.96,20.177,106.83241074814283,31.740788890639777
mp-30758,Li2MgPb,36.254,14.747,33.0573352167957,23.03840469955449
mp-30759,LiMg2Tl,32.073,13.48,36.17104906428772,15.17769865104004
mp-30763,LiPd2Pb,81.931,9.173,100.07902343797208,18.581751610318623
mp-30773,MgNi2Sb,113.99,41.733,121.27070010194944,45.63348181799542
mp-30774,MgNi2Sn,116.057,51.674,121.2711345476757,54.10157644641281
mp-30817,LiAl2Pd,104.819,56.274,119.05596211826408,58.19309778104786
mp-30819,LiAl2Pt,124.378,59.706,137.7891178797026,62.763495170122
mp-30821,LiAl2Rh,119.342,55.198,126.68483405042868,65.3060346266637
mp-30844,ScSnPt2,142.674,13.402,143.19926117598112,19.41797877574487
mp-31169,ScAlAg2,93.143,31.362,97.57401975262158,37.8152982879736
mp-31170,Cd2AgAu,82.477,13.904,92.92285174956166,14.381714808635072
mp-31171,Zn2AgAu,102.933,25.725,119.66599843248382,25.275212952427893
mp-31173,CeCd2Ag,53.25,17.503,57.03384654370604,26.135966008562015
mp-31185,MnAlFe2,204.228,131.417,195.88420728752223,95.65965786776108
mp-31187,TiAlFe2,184.183,85.502,196.5415032390248,113.25181994343906
mp-31208,LiIn2Ir,103.987,40.176,109.54561922004216,37.73615042089457
mp-31339,ScInPd2,118.985,41.443,123.96865873488066,36.76281053803491
mp-31363,K2TaCl6,12.244,4.805,45.336171545284984,18.53073727547593
mp-3340,TaAlCo2,203.111,103.041,226.57135661609337,78.61518769681537
mp-34023,Ba2NbO,24.277,53.855,24.055581191979403,10.831443981087338
mp-34418,AgPF6,25.022,4.15,82.46300978376692,53.29955122736507
mp-3464,FeSiRu2,232.733,118.341,260.26049354352966,111.0714327269296
mp-3498,HfGaNi2,128.242,22.94,163.43387237098088,62.56588027977079
mp-3499,MnSbPd2,122.697,13.5,155.9747533592092,10.83624236599702
mp-3504,NbNi2Sn,156.967,39.414,174.41542184571873,48.721144202039426
mp-3539,NbGaNi2,186.563,37.235,193.50841571546377,49.49563563684125
mp-3574,MnAlCu2,125.381,47.176,145.89065948335363,48.47099224584767
mp-3576,HfGaCo2,172.836,77.795,181.23983139484727,83.44760661634265
mp-3623,MnAlCo2,188.169,102.715,204.43633994833337,88.56610784615843
mp-3640,Nb6Si7Ni16,218.334,105.841,242.81319244287155,106.48598232533604
mp-3648,Zn2CuAu,112.628,18.83,128.10515197405442,22.83022883384073
mp-3657,TiCo2Si,206.714,96.955,228.6524302623452,80.29047717693177
mp-37153,AgAsF6,25.367,5.244,79.88807301214,42.43336369460998
mp-3736,ZrAlCu2,127.356,49.2,139.83390313260372,67.66999731269789
mp-3740,TiNi2Sn,159.419,36.868,160.18015900893656,56.88704501324494
mp-3791,ScCo2Sn,137.52,75.57,150.62647246366004,74.04222366312415
mp-38843,CaTa2O6,203.358,107.446,233.32774034822492,119.27216386484646
mp-3909,ZrAlCo2,162.789,79.114,184.86158434756828,86.17458913065651
mp-3942,TmSnPd2,113.153,28.127,112.3864026212588,33.302051588302206
mp-4047,Cs2SiF6,16.017,6.5760000000000005,60.69620233921172,35.82734193218563
mp-4364,NbGaCo2,193.763,82.303,215.99090931096785,64.62661592745067
mp-4492,MnCo2Si,218.693,111.468,233.69618020271017,61.58178936479734
mp-4536,ScNi2Sn,126.056,50.791,129.99517046933204,56.60796232939303
mp-4552,ErInCu2,88.491,42.728,93.60869895580942,45.365538543252384
mp-4595,VFe2Si,243.627,2.215,239.78178097163251,122.79711450761442
mp-4612,TiCo2Ge,188.455,84.07,212.7749278082909,63.418676427658056
mp-4652,MnRh2Pb,151.048,28.127,163.94417409461067,30.13493974613771
mp-4664,MnGeRh2,189.249,15.755,217.87878144007692,20.608496755431815
mp-4771,TiAlCu2,134.483,58.316,149.41724665541642,66.68008226304653
mp-4813,NbAlNi2,181.822,49.39,185.5171448256575,59.12052690709064
mp-4828,HfNi2Sn,153.406,48.08,161.06250815379948,60.938816139239435
mp-4897,ScSnPd2,123.983,34.491,130.42922254431411,35.229839681197845
mp-4913,LiGa2Rh,103.896,33.902,103.18794757337434,33.18906671970822
mp-4922,MnAlNi2,158.539,52.165,172.90283488882883,53.04940770196007
mp-4955,AlVCo2,195.177,101.019,209.7660719738537,81.91183926269817
mp-4972,LuInCu2,89.584,42.279,102.39613306071928,49.53264671003595
mp-4990,MnSnRh2,169.635,39.345,177.08553741739,32.08679540907407
mp-504729,Cs2PdF6,11.305,6.937,58.79504996015877,24.720315077283956
mp-505781,MnGePd2,134.593,22.932,173.68574906536412,15.692248456514523
mp-5077,NaLi2Sb,29.136,22.606,35.072300301328475,28.35056222705127
mp-5124,MnNi2Sb,137.829,18.952,177.12897563178308,30.874414336512732
mp-5149,NbAlCo2,195.157,94.077,214.94642931654627,74.61166853420858
mp-5159,LiGa2Pd,83.371,20.021,89.34514209129028,27.38477697245192
mp-5221,HfAlCo2,172.038,89.886,185.45174624209557,93.73799006524288
mp-5382,Sc6Si7Ni16,159.405,82.144,177.71969976503118,91.16961570783349
mp-5396,MnCo2Sb,174.535,76.297,185.42191584441696,49.04677262049588
mp-5407,TiAlCo2,179.963,98.873,203.15421604480989,101.69326162211854
mp-540957,Cs2TeI6,7.489,3.894,20.724399345278535,9.206013583470758
mp-541047,ZrAlPd2,148.827,52.246,162.82162251202513,39.243201311629974
mp-5419,LiGa2Ir,121.949,40.935,130.605082570989,37.70648917670445
mp-5436,FeCo2Si,200.083,87.106,220.409216588691,51.642821646365306
mp-5478,TlPd3O4,139.649,38.327,143.70320941793472,61.62398466917556
mp-5491,MnAlAu2,121.118,15.261,152.18161428560407,22.2645589981312
mp-5529,MnFe2Si,237.181,23.421,219.0797735972404,94.8702375829176
mp-5538,YSnPd2,107.794,14.252,115.51718798188688,36.41915716011244
mp-567097,LiCu2Ge,88.21,36.738,101.10164499244344,42.34525569585379
mp-567210,TbInAu2,89.859,22.082,92.70237922581134,29.21934921777219
mp-567389,Li2ZnGe,42.925,25.919,44.86517789341686,23.512422019824506
mp-567787,LiInAg2,60.474,20.019,66.31569774410399,21.861688230927715
mp-567981,CrGaCo2,199.836,78.329,201.9546207945459,76.12812263971162
mp-568139,NdInAu2,81.431,20.018,80.8273732908841,28.70514984445064
mp-568333,K2SnBr6,10.429,4.995,29.2328585853983,13.850067518025202
mp-568537,YbInAu2,66.646,19.356,80.19469860995484,26.695001607075945
mp-568596,SmInAu2,85.394,22.155,76.1330949471305,26.047661794540726
mp-568719,SmInAg2,72.272,24.328,66.5818615861833,27.717980884698935
mp-568880,YInPd2,102.492,30.541,109.26180786506902,36.71270633557351
mp-568914,K2WCl6,12.36,5.031,43.725708225230626,17.671583047966827
mp-568917,LaInAg2,63.889,17.957,69.1915216786757,28.57426115169909
mp-569028,Rb2SnBr6,10.022,4.644,28.50990482659836,13.555847420540774
mp-569066,Cs2PdI6,7.646,3.865,23.38441418872642,9.774924981218284
mp-569149,K2TeCl6,10.788,5.438,32.23660848861465,13.969434490464774
mp-570528,Li2GaIr,87.044,4.657,105.86433923210458,6.669617575049808
mp-570611,PrInAu2,78.371,18.309,78.52918616713315,28.635377239336528
mp-570683,PrInAg2,67.825,21.183,69.45767417767654,29.684877480438413
mp-570826,VSnRh2,179.263,8.617,175.33244375809596,-16.267203820366266
mp-570899,YbNi2Sn,98.691,48.37,101.5273730965968,46.37418009413213
mp-571126,Ti2BRh6,225.583,110.559,249.42277129456227,109.22262369629166
mp-571310,ZrInPt2,160.728,27.431,174.68938584783623,27.856122121400627
mp-571648,Rb2MnCl6,10.441,5.332,33.225143472254665,16.605736901726203
mp-574025,HfInAu2,128.33,28.838,147.7751886815313,32.59562582825072
mp-5748,HfAlNi2,160.645,37.535,162.03288513019436,72.82131532180367
mp-5778,AlVFe2,220.899,137.797,226.21477098182393,133.38975899970794
mp-581024,CsK2Sb,12.368,7.769,13.0800332833459,8.541404785402282
mp-581707,ZrInAu2,122.347,25.139,142.0032558273222,30.716730703516664
mp-5921,TaAlNi2,192.409,53.507,195.21834863335977,67.9734920903844
mp-600125,HfInCu2,120.211,52.466,132.74801450902902,56.99848719107749
mp-608555,Cs2SnCl6,7.82,4.029,32.91521740728261,15.553584946622024
mp-621348,TiInAu2,113.257,16.645,136.417993929789,31.13942016488566
mp-622041,ThInAu2,99.696,22.021,107.23486055491028,28.248939203062527
mp-623134,ZrInCu2,115.986,51.305,128.00185043142332,56.2324805897922
mp-628606,Rb2PdI6,9.032,3.947,25.40061606130824,9.535375414400576
mp-631305,Ga2WSe,100.347,15.888,99.9895760807554,-75.39178591442665
mp-631316,Li2GaSb,35.3,32.36,37.24795439334881,22.279143295163472
mp-631323,HgOsPb2,76.298,5.414,89.4487157583845,8.124645542689365
mp-631336,LaMgNb2,74.131,8.397,78.34686231428147,15.755715808390304
mp-631362,SiTe2Os,111.294,36.429,130.77189012752703,38.84690364256101
mp-631377,Re2PtRh,293.668,233.098,304.9943481402479,-366.08640309114185
mp-631412,NbRu2Cl,167.909,24.724,184.95554945037728,-69.11006332010454
mp-631417,ReRuCl2,146.466,20.711,111.47652336702764,15.658556039000157
mp-631420,CaRe2Si,162.622,1.128,174.59630130972002,36.86372073937713
mp-631425,FeTc2Cl,169.338,87.129,235.545885193414,72.33610135296473
mp-631473,KTi2Bi,53.236,23.084,37.47406419033826,19.87695481414073
mp-631524,BTe2As,65.801,8.576,69.00768947910798,6.549659415728739
mp-631529,BSe2Cl,65.622,63.846,84.3281584083788,-14.802668773460264
mp-631535,BeW2Cl,180.881,15.248,250.25649765762185,111.5810027691401
mp-631536,KBIr2,136.47,27.99,149.7057282841237,21.84054078541469
mp-631547,In2ReB,107.248,3.701,111.19955561344364,140.09174126066313
mp-631571,Bi2OsAu,106.645,65.202,121.07912417141098,18.370208157201812
mp-631633,LaCoTc2,448.872,68.24,169.98901876534734,42.874818334157986
mp-636212,GaFe2Co,157.963,15.311,189.7792739387925,33.5735178012611
mp-636320,TiGaFe2,190.307,102.391,191.13555026959608,103.49556397581324
mp-636599,FeSnRu2,200.71,88.857,222.0961754381674,91.05133871066552
mp-638729,Cs2ZrCl6,9.79,5.257,34.94074812637267,16.710335979982077
mp-640024,HfInNi2,145.405,57.313,150.59435252135114,64.30197260680869
mp-641923,Cs2SnBr6,7.65,4.313,25.785722040620794,12.822462316204891
mp-643002,Mg2H6Os,76.044,56.035,146.39524696166237,73.9282671658707
mp-643101,Rb2H6Pt,13.624,8.42,42.1116729969888,25.083160930407097
mp-643243,Cs2H6Pt,11.873,5.377,34.62173339697805,22.68839616890162
mp-643279,K2H6Pt,15.531,9.309,52.79505871819208,30.960050236833503
mp-644281,Mg7TiH16,63.812,30.422,66.16784912577309,38.32410663957327
mp-644504,NdMg2Ag,46.464,17.132,46.508174857094886,22.444407535682124
mp-672259,AlFe2Mo,230.256,52.491,246.145262424909,100.5580092073548
mp-672340,LiIn2Ru,95.132,41.998,100.78609164048711,40.485204714857026
mp-672374,UNi2Sn,146.821,45.894,151.79127855978936,48.81100609693364
mp-690785,Na2H6Pt,22.335,15.848,69.74854928438073,38.44819033418459
mp-690789,K3ReH6,25.075,8.757,37.80345236689287,18.98402596184892
mp-697030,Mg2H6Ru,75.094,53.259,127.7945227632009,64.3573498818123
mp-697038,Ba2H6Ru,42.322,21.525,62.243598949690174,34.36513571679442
mp-697044,Ba2H6Os,41.59,20.0,71.60832297127713,37.88011630990518
mp-7187,TiAlNi2,164.644,62.108,171.53797303350802,72.73037387094035
mp-7243,LiSnPd2,108.005,25.46,118.75527853771618,35.70559299831003
mp-7473,LiCu2Si,105.396,55.803,120.05089022303048,61.66844583714031
mp-758835,Na(Cu3O4)2,127.552,79.085,131.34648479855758,58.926388052280565
mp-8224,CaSnF6,56.223,22.76,87.78069133473132,35.027232261747365
mp-8414,K2HfF6,15.293,6.037,78.59467782667217,33.694056532830515
mp-861460,AcInTe2,42.162,17.936,45.053809638453025,19.77002426172255
mp-861479,PrYMg2,39.202,22.951,31.70522022675195,23.2239766835228
mp-861481,Pr2AgRu,75.998,22.525,80.61784586976802,22.230130764359345
mp-861483,Pr2IrPd,91.797,28.342,97.87695096579358,18.28644312993944
mp-861498,Pr2HgPb,53.36,18.268,51.89020507532208,8.345008796008901
mp-861499,Pr2CuIr,84.313,24.217,90.3901486431307,24.97063486613534
mp-861501,AgHgPd2,117.832,0.118,132.85507161046735,24.88764856778909
mp-861505,Pr2MgTl,43.757,17.977,33.244859727423886,5.158163679698324
mp-861508,Pr2ZnIr,78.497,24.587,87.10207904824723,23.243531666990172
mp-861510,Pr2SnHg,53.848,19.059,56.674783887917776,7.0577919108337905
mp-861588,Pr2CuRu,78.771,27.35,82.06617609874685,18.960868943682662
mp-861594,Pr2TlCd,48.605,17.214,40.49606655361869,8.6277949874669
mp-861600,Ho2ZnIn,60.928,31.772,49.31052539085761,25.02814981606167
mp-861616,LiSc2Ir,99.243,38.644,101.68457184909845,37.67029693569993
mp-861617,LaHgAu2,69.273,3.22,79.91718963873944,19.59374619832946
mp-861624,LiLaHg2,44.988,9.091,45.5508123531501,18.15397984005183
mp-861625,LiZnAg2,65.489,15.67,72.23017259734318,27.682046455199792
mp-861627,Ti2AlMo,150.337,40.787,182.71728918753936,65.10001049231214
mp-861628,Er2TlCd,59.121,24.637,47.42996506118813,22.119833673330167
mp-861629,LiMnPd2,102.805,43.455,116.7616272440074,35.57931576535877
mp-861637,Ti2AlTc,159.815,61.979,179.3428313270434,66.33449860500826
mp-861639,Ti2CoIr,193.269,71.126,202.0668836853203,43.88110404422802
mp-861640,Ti2AlRe,172.0,72.215,195.7896035476292,74.45248943493677
mp-861641,Ti2CoRe,190.189,96.956,231.68759450669555,94.1408561106841
mp-861643,CaLaMg2,29.61,18.121,28.72741004113714,19.88869306536003
mp-861645,Ca2MgTl,28.633,18.831,30.35014150972377,19.67971177927229
mp-861651,Li2PdPb,50.293,20.181,58.31685442613046,24.123353313032467
mp-861652,LiLuPt2,106.05,41.098,126.65600922607256,11.51016589258072
mp-861656,Ti2CrIr,194.37,78.863,199.88558609133935,98.68866994932796
mp-861658,LiMnPt2,134.07,50.068,163.83008349400913,39.24873906623285
mp-861660,LiNdHg2,48.714,9.543,45.70917003647502,21.664306703350384
mp-861661,LiPr2Ru,61.849,22.364,71.93895829823978,22.17008676271211
mp-861662,CaZrRh2,120.366,34.247,132.6458495811403,39.28283538168953
mp-861663,LiRh2Pb,125.906,52.058,133.20236318118216,57.45904640932395
mp-861665,LiTmIn2,38.577,18.108,36.64434082667432,25.558322164981192
mp-861666,LiRu2W,221.989,82.095,244.7627558761908,83.48358688132751
mp-861667,LiSbRh2,149.879,13.887,166.7159253137402,73.61057681520316
mp-861672,Ti2FeIr,191.953,75.782,206.401421937897,75.77689626746927
mp-861724,Ac2AgIr,67.493,14.533,72.00583416235945,25.87460730655241
mp-861733,LiTePd2,94.385,19.117,108.92174091994636,21.128531334834065
mp-861735,AcMgTl2,39.982,10.424,39.16681432749192,15.41590969522309
mp-861736,LiSbPd2,107.809,33.967,114.61931948614456,33.51280349672225
mp-861872,Ac2HgGe,47.445,14.917,46.22970020336139,14.055449275575016
mp-861875,LiHf2Re,137.66,44.212,153.35210126904676,54.58524418800275
mp-861876,LiAc2Si,39.953,22.936,42.7115804464888,19.97299086237151
mp-861878,Cd2AgRh,104.19,15.442,121.30346153305108,30.622039319767513
mp-861880,AcCdRh2,93.343,27.025,107.09608215240804,30.35194952581085
mp-861881,LiGeAu2,77.804,17.072,84.0433561202343,12.224793344946187
mp-861882,LiGeIr2,206.944,107.147,225.74191263768367,104.23845709861314
mp-861883,Ac2CuIr,68.935,18.099,79.46511721471822,24.12952154668617
mp-861884,AcGaTe2,43.131,14.998,46.461178676287886,20.550036541379413
mp-861896,LiHg2Pd,69.136,11.597,76.06834494843737,19.248425754048988
mp-861900,LiGaAu2,85.118,26.976,92.90979052217078,21.645104067386058
mp-861901,LiGaCu2,86.815,36.374,98.12668567868732,45.64707390639222
mp-861905,LiBiPd2,82.613,15.71,90.12604419439003,18.482929188212907
mp-861908,TaTiRu2,234.152,70.548,247.91517817612808,65.84198833459773
mp-861909,CdGaRh2,160.28,52.518,183.66680321571243,72.98378488259598
mp-861912,TaTiTc2,230.754,101.829,256.4111363517866,90.66592110024668
mp-861913,LiDy2Al,49.683,31.25,42.01865694945175,27.696036677955007
mp-861930,LiPdAu2,102.194,11.699,111.1622382044191,14.464474864044472
mp-861932,LiZnAu2,86.57,0.923,95.99943921707988,23.38763179906112
mp-861933,LiTmHg2,54.296,15.603,43.00674551946267,19.806527637862285
mp-861935,CaSnRh2,116.199,38.677,122.68209713092207,51.51368083194076
mp-861937,Ba2AsAu,36.968,20.318,38.23651144049496,17.338940818347556
mp-861940,Ca2CdSn,34.346,24.541,34.71953413999704,22.226197327210084
mp-861946,Er2MgAl,57.65,36.576,47.77701676141234,30.18858077424724
mp-861947,LiPm2Ga,41.038,25.461,35.9778659519914,17.561387147675088
mp-861951,LiTaRh2,185.431,67.999,202.2130966157502,69.17664214521376
mp-861953,AlFeRh2,193.542,40.729,208.815044713527,62.24474683679661
mp-861954,LiTaRu2,190.046,66.077,187.3792802034735,66.30464436655559
mp-861955,LiPm2Ge,52.428,26.487,52.71044836682817,25.38387644378926
mp-861956,LiPm2Ir,73.728,28.359,64.05601545894156,29.00076214753587
mp-861958,Ti2MnBe,153.777,55.985,180.8065024453606,73.36900504131216
mp-861961,TiZnRh2,190.201,83.01,205.0299620239376,78.64360335368958
mp-861974,PaCdPt2,145.981,32.81,158.04236336145613,31.127494253785997
mp-861978,Hf2ReIr,213.322,103.795,235.6148694332668,93.18900744993228
mp-861983,Ti2MnFe,184.197,76.543,199.7237019428264,66.68131323038908
mp-861993,Ho2TlAg,63.714,26.76,50.193266338359315,22.09468996207578
mp-861994,Ho2TlCd,59.723,25.452,43.91810471315651,19.361972694466186
mp-862258,Sc2ZnPt,112.221,7.036,106.19737844602716,44.90358519234568
mp-862262,LaCdHg2,52.817,14.129,58.166884046865626,25.29714651632833
mp-862287,BeAlRh2,199.23,102.765,211.6175498674523,117.10072528461043
mp-862288,AlFe2W,238.376,45.537,267.6402428730231,106.91910821845762
mp-862290,LiFeRh2,145.894,65.499,177.4268892631261,72.83217366353682
mp-862291,BeGaRh2,200.601,91.436,217.8737097454128,110.57288225687635
mp-862296,LiAlPt2,151.998,104.435,173.69058971079485,59.07419314171071
mp-862297,LiAlRh2,147.585,66.739,152.54254649942976,78.68712218970667
mp-862312,LiBePd2,124.471,56.945,144.6696237919187,64.60240955457469
mp-862316,LiBePt2,165.822,79.648,187.08644609233133,86.52328050444916
mp-862318,LiAl2Ni,103.846,69.544,115.41831512061876,82.83293515231432
mp-862319,Ac2CdSn,42.615,16.536,38.90570264967874,15.878090653308632
mp-862321,LiAsPd2,108.466,35.687,121.297130402423,31.41092624350624
mp-862335,LiAsRh2,160.442,59.369,187.96557552356063,79.50807753858243
mp-862338,Sc2CuRu,113.161,46.784,118.51074410968111,47.63984189929389
mp-862339,Sc2GaAg,81.21,41.463,81.32463003459385,37.80547480967384
mp-862340,Sc2GaCu,85.089,45.774,84.62255188756845,44.43425702946168
mp-862360,Sc2NiIr,137.387,49.792,139.631619039372,50.66352298846146
mp-862361,Sc2NiOs,145.388,62.463,143.23564055531318,60.29751152275274
mp-862368,Sc2NiPt,130.308,7.693,120.55988894076788,41.3344192692447
mp-862372,Sc2RuRh,148.186,63.627,143.68615103704263,57.06560085534647
mp-862374,CdInPd2,115.643,16.611,124.46000015909476,28.12492645358185
mp-862375,Sc2TcHg,109.754,27.74,111.5713153812951,48.63358232194077
mp-862376,Sc2CuTc,107.482,48.992,113.49216998029765,49.32232967670992
mp-862377,LiBe2Ir,139.753,64.707,160.93081251540255,72.90782142049405
mp-862378,Sc2TcAu,124.283,49.234,120.83844556249292,53.55663691211245
mp-862379,Sc2TcAg,108.026,42.33,110.7214795079256,46.345889584678154
mp-862423,Sc2TcPd,123.752,53.036,126.1927606143073,45.932663471994886
mp-862431,Sc2AgOs,123.096,45.47,130.35228564799422,54.457718306620144
mp-862432,Sc2AgIr,120.565,37.764,128.2819537751733,48.91201288625329
mp-862445,TaAlOs2,268.452,143.473,300.4461941269472,152.85207461452262
mp-862446,TaAlRu2,240.988,132.422,275.32278083214203,131.20864039019918
mp-862473,Sc2AgRu,111.847,37.977,118.90780310194415,46.20355122797725
mp-862486,Sc2AlOs,123.137,49.483,121.99166015822568,63.64578641486312
mp-862492,LiErTl2,43.284,21.383,44.05842742456419,22.98773817927576
mp-862543,Sc2AlTc,109.061,43.786,108.78506517270502,66.33276760105112
mp-862546,Sc2AlRu,110.743,39.474,110.61940311511972,54.631493608591434
mp-862548,Sc2AlZn,76.171,45.758,76.33827817520594,45.905110551568335
mp-862549,LiAcTl2,34.711,6.17,38.26339906729607,19.313204026689657
mp-862553,Sc2BeRu,112.509,47.296,111.76969841651376,53.460222676362434
mp-862555,LiY2Al,50.306,33.33,51.70151523793725,33.768384347813964
mp-862556,ScSiPd2,142.61,32.762,150.16307046090537,23.016283958294668
mp-862561,ScSbRu2,181.046,100.408,215.05257853183048,108.22281238933392
mp-862563,Sc2BeTc,105.286,45.33,111.80726647143904,59.84485482101698
mp-862588,LiDy2Tc,68.896,31.932,67.16067546436754,31.35237809076492
mp-862600,Be2PtRh,216.114,113.636,234.96515987829233,124.08390795300387
mp-862602,ScAlCo2,146.391,94.037,161.89864495849028,94.01910068570984
mp-862610,LiHfIr2,174.685,62.733,199.40248441528,75.03969027925577
mp-862613,LiAc2Ga,33.104,19.764,33.043014023430075,19.624978767315127
mp-862619,LiErIn2,43.83,20.144,42.51161312101532,26.498714051069097
mp-862622,BeRu2W,270.586,117.74,315.7167137882731,118.80804710057892
mp-862623,ScSnRh2,154.264,212.422,161.9924105115836,51.87692010695674
mp-862629,ScRh2Pb,139.016,187.799,154.27509712630132,37.332188160502525
mp-862631,Ba2SbAu,31.487,17.679,33.949181803714566,16.637192523107842
mp-862632,LiCa2Al,29.043,20.041,28.34061608304646,20.24034105128606
mp-862657,LiCuPd2,144.978,37.593,124.06760255632244,46.25166442877271
mp-862662,LaMgZn2,51.066,28.284,54.61362567624693,37.495682221117626
mp-862663,LaPbAu2,71.48,19.936,82.34294082023713,22.13410797598059
mp-862666,DyGaRh2,141.67,47.905,151.1943697236855,48.783196665989614
mp-862667,LiAc2Ge,38.715,20.637,31.70882260929922,16.717816234245067
mp-862669,BeFe2Si,219.307,127.552,182.94649698332037,130.53796035052318
mp-862673,LiY2Ru,70.948,29.28,85.82001443518232,30.141000341320932
mp-862677,LiHoTl2,42.546,19.632,42.79586226938679,24.328255189495092
mp-862680,DyMgAg2,65.63,12.356,61.34061932558877,24.164130593585224
mp-862684,LiHf2Os,145.945,59.172,143.30699292038585,48.209334972046456
mp-862691,Al2FeCo,179.509,118.533,177.65595242054928,119.69744891565108
mp-862692,DyHoMg2,43.612,18.839,30.794970009104617,22.891409805233987
mp-862694,Al2IrRh,211.649,97.627,243.43950943208216,114.56889983045946
mp-862695,Al2CoRu,185.345,112.686,200.27638259119587,116.62127712329868
mp-862698,Ac2SiAu,56.494,16.796,60.37509207976974,18.039502047978136
mp-862699,ScTaOs2,235.29,121.918,264.3190539965947,124.70487773963188
mp-862700,AlVOs2,270.525,140.544,296.10865102941835,140.77671571868714
mp-862702,Sc2AgHg,79.681,32.127,82.35866522569957,35.1940365540218
mp-862703,Sc2AgAu,91.964,32.821,95.41356806337932,37.156970971690555
mp-862704,ScZn2Pt,123.901,29.224,124.8047651664147,36.67460889612347
mp-862705,AlZnIr2,220.942,108.285,257.81692550853387,114.40479132429802
mp-862706,BeCo2Ge,201.076,80.844,209.9427140162246,107.62107088180164
mp-862710,Sc2CdTc,100.691,31.014,105.9974325071936,48.31926485081628
mp-862712,Sc2CoIr,137.361,60.261,150.47834043806677,62.897893362155955
mp-862713,BeGeRu2,227.447,99.655,233.7359563971368,101.64618000113455
mp-862715,Al2PdRu,180.532,80.631,211.5166296529071,98.6121502761286
mp-862717,LiAlAu2,97.735,36.27,109.64310969142542,34.615688179262165
mp-862719,LiY2Os,80.346,34.286,97.80148452181608,39.64664824321638
mp-862720,Sr2CdIn,26.36,15.966,24.490874382443984,17.337224507218895
mp-862721,Sr2CdPb,27.344,21.316,27.443608769682413,17.129074658874764
mp-862723,ScTc2Mo,207.886,80.503,245.75665168253536,88.71182876774125
mp-862725,ScTc2W,219.455,89.291,257.78119749566525,95.07399796618397
mp-862727,Pm2ZnPb,54.069,19.066,51.87405829618552,11.319811115765154
mp-862728,Pm2ZnRu,78.796,22.938,71.45709035259044,23.0028935581144
mp-862730,LiGaRh2,148.873,59.775,158.50564320570527,81.03006983933162
mp-862733,Pm2ZnSi,64.649,27.683,59.42544877173599,12.739770638444172
mp-862734,Pm2ZnSn,58.086,21.841,56.31586841596629,13.419644770900158
mp-862737,LiHgPd2,97.049,22.7,106.73975873120304,19.609626105008505
mp-862740,Sr2TlCd,25.727,15.711,25.98091216971318,16.724690357893923
mp-862742,Pm2ZnGe,62.046,26.438,60.98965200906177,11.44735873228467
mp-862745,Sr2LiPt,30.834,14.401,34.74358687602875,18.369945103207016
mp-862747,Sr2PtAu,45.405,19.997,48.16598989551491,20.14856364874206
mp-862752,SmBiPd2,92.277,9.574,96.89800338574784,25.659126241576715
mp-862757,PrDyMg2,39.675,23.289,27.51924208004755,19.81924728426804
mp-862759,PrMgZn2,55.055,26.176,56.5506303370138,38.66646216213383
mp-862767,TbMgCd2,54.108,26.564,54.512484856102915,32.56554106566349
mp-862774,LiInPt2,128.499,129.985,141.75745585675352,13.493789973316217
mp-862775,LiInRh2,125.117,36.12,126.9028188729865,64.55453565296547
mp-862778,AlSiRu2,230.759,113.371,247.76470726560103,122.2296125026166
mp-862781,AlCrRu2,230.931,111.317,246.7198806963317,119.64888899315736
mp-862786,Ac2CuGe,54.864,19.11,52.15192493383813,18.420048101163232
mp-862788,Er2ZnIn,61.635,31.697,53.75313009669243,26.57269745436041
mp-862790,FeSiTc2,246.944,108.248,285.0401792353977,107.15665604292928
mp-862791,GaCuPt2,185.797,298.985,207.05566415669628,19.63796205401509
mp-862795,CaLaAg2,44.205,19.952,47.1553815534694,23.127719503368265
mp-862797,RbAcTe2,36.494,17.941,41.37431531676467,17.12279733895113
mp-862805,PrSnAu2,80.55,17.514,84.60975652719097,24.59575881986644
mp-862813,PaPbAu2,102.518,14.015,118.44460952875713,21.92486757052055
mp-862814,PaSiTc2,200.716,42.399,288.3335210067843,70.23141766951805
mp-862815,LiScAu2,82.368,15.743,86.49123538697724,29.045129843668988
mp-862821,PaSnAu2,109.742,15.551,126.18962260613358,25.357725555553344
mp-862830,PaTlAu2,99.51,24.885,113.45039812387768,26.261789350056176
mp-862831,PaTiTc2,172.516,49.108,235.35446894565808,47.642838012952126
mp-862837,PmAlAg2,77.247,15.124,74.07317889747647,28.49702941899313
mp-862838,PmAlCu2,86.005,12.642,83.76185609599187,45.63855105353423
mp-862841,LiPm2Os,74.575,31.331,67.03566433194746,30.533394180439032
mp-862842,LiPm2Pt,63.715,20.936,59.63618687840067,18.678897575182994
mp-862843,PaZnRu2,175.731,34.878,204.99265194109617,43.18677615912353
mp-862846,CaLaHg2,44.947,22.0,42.805292084045206,23.758245727261553
mp-862849,Ac2NiIr,71.229,20.391,84.20109191011912,20.51342841948698
mp-862872,PmAgAu2,83.952,10.746,81.58468607063344,18.18922299172394
mp-862873,AcAgHg2,52.065,0.917,54.0799994983799,11.37233773468914
mp-862874,PmAgHg2,66.323,17.984,62.77429544637806,19.033690920260867
mp-862875,ThGaAu2,100.3,11.401,109.10207533416312,24.94694738981378
mp-862879,PmBiAu2,80.185,9.199,86.50783544709033,12.727789783473993
mp-862880,PmBiPd2,90.9,10.223,100.9229781527664,23.406190962231396
mp-862881,CaPmCd2,42.236,22.358,35.71069461615302,23.60752663218537
mp-862882,CaPmAu2,66.309,27.483,62.82582021441914,26.513713799144924
mp-862883,CaPmHg2,48.969,24.664,41.758950193640686,25.773320844435336
mp-862884,CaPmPd2,67.273,24.337,67.42555191781503,20.832620588879013
mp-862885,CaPmRh2,83.697,28.891,86.1010111375175,28.131118707144793
mp-862886,CaPmPt2,87.525,34.909,91.89940772647388,27.94196822867583
mp-862887,LiSc2Os,98.86,40.992,103.60796746757268,39.65903797634346
mp-862888,CaPmZn2,44.865,26.906,42.365138718129465,29.624156302170885
mp-862890,AcAg2Sn,60.159,10.533,70.304625507531,23.22373724145389
mp-862891,PmCdAu2,79.05,6.423,80.57848200625959,24.819649767640517
mp-862892,PmCdHg2,60.32,16.513,58.357005547710486,25.300453525193628
mp-862895,Er2ZnRu,92.632,33.2,83.34236094356991,35.96955695080069
mp-862896,PmCdRh2,111.806,38.736,122.4858212688963,42.29383655911279
mp-862897,PmCdPt2,108.292,17.543,113.95493347771536,21.140738396604235
mp-862898,PmCdPd2,90.071,19.041,87.68879097823137,22.73456600445386
mp-862902,PmDyMg2,40.229,22.558,28.457929182408684,21.74353866475503
mp-862903,PmGaAg2,66.067,11.484,68.14469298168851,22.888294632551123
mp-862911,Ti2CoTc,187.175,91.654,212.6593485135423,84.90031074817433
mp-862912,PmHgAu2,80.514,6.17,77.83713171370577,21.539085278845253
mp-862918,PmHoMg2,40.038,22.248,28.025393390198868,21.431570647309968
mp-862923,PmInAg2,71.516,23.111,72.18287550282098,30.67528996876031
mp-862926,LiPmAu2,65.291,67.79,63.03169844982054,19.076099847650145
mp-862927,LiPmHg2,49.81,11.196,44.108333697872574,23.031019344046765
mp-862928,LiPmTl2,41.737,15.462,40.57224636479651,22.004525694663915
mp-862930,Li2PmIn,38.084,30.714,41.691570707582734,33.101437128849355
mp-862934,Li2PmTl,39.836,30.085,40.30408939515123,28.00076446005377
mp-862936,PmMgAg2,60.967,5.559,59.4658266937808,25.097481872411123
mp-862938,PmMgHg2,59.195,24.499,55.34170743389893,28.04411897539686
mp-862942,NaPmAu2,59.173,18.208,57.33988250804143,19.71215770743063
mp-862943,NaPmHg2,43.007,14.658,37.812038763913904,19.615372095409132
mp-862945,NaPmTe2,44.621,12.633,43.514001528285114,12.483630229668044
mp-862948,Li2PmPb,40.01,24.17,52.497894167367186,35.17561923973756
mp-862949,NaPmTl2,36.356,18.771,33.05761564016069,19.42200110517751
mp-862956,PmSnAu2,83.851,17.853,87.33566784479913,24.9309851214599
mp-862962,CaLaZn2,42.467,25.998,42.998100702877665,29.226537502754837
mp-862964,PmSmMg2,39.146,23.357,26.06914991036645,18.767667397482043
mp-862966,PmTlAg2,65.448,18.899,59.81989481652189,22.750922151895708
mp-862969,PmYMg2,39.687,22.085,33.24894061931612,25.06563800489859
mp-862972,AcAgAu2,66.953,280.555,77.9883188498169,16.307595319277723
mp-862974,PmZnAu2,82.867,8.779,77.27009492009635,20.637422863022945
mp-862977,Pm2AgIr,86.836,23.457,84.07355005010689,29.683161844559994
mp-862979,Pm2AgGe,64.38,23.361,61.28160263879008,15.663403629414004
mp-862981,Er2CdIn,60.36,27.973,50.51338034414552,23.905617049823096
mp-862989,Pm2AgPt,78.671,22.251,75.7243014091725,22.288543421399247
mp-862990,Pm2AgSn,61.036,21.122,56.84200984001719,14.875737674047516
mp-862994,Pm2CdGe,58.544,20.724,56.780142994275025,10.3335893251708
mp-862996,Pm2CdIn,52.402,23.145,46.31360912113633,16.67009724084799
mp-863251,Sr2SbAu,37.562,22.936,37.38841156422204,19.45746173373396
mp-863258,Sr2AsAu,42.139,25.646,41.56422677386162,21.468187204405645
mp-863651,Ho2CdIn,59.553,28.777,47.664559427874,22.42310569238984
mp-863652,Ho2CdOs,97.343,33.714,90.56054443768396,40.1439644973896
mp-863654,Pm2CdSi,62.306,21.073,57.75522672094159,11.272291103303496
mp-863655,Pm2CdSn,56.296,19.511,53.49934308645851,14.05046899400767
mp-863659,LiScHg2,57.209,15.302,59.60223249564073,32.15426491260129
mp-863664,Pm2CuGe,66.228,24.887,65.42832514934682,20.629689404978777
mp-863667,Er2TlAg,64.936,27.903,56.58988564209839,23.65850201845596
mp-863668,Pm2CuOs,92.175,35.405,82.69470930192564,28.144457238962723
mp-863669,Pm2CuPt,80.655,26.778,77.46888013235419,23.59525754321014
mp-863671,Pm2CuRu,83.241,31.005,69.68267167665685,22.453230899907243
mp-863672,ErMgCd2,54.634,25.799,53.45400640177741,29.809073560519597
mp-863673,LiPm2Rh,62.498,22.513,54.22867148182285,21.09238102179984
mp-863674,ErMgHg2,64.404,25.837,56.51289300538013,27.230307453488816
mp-863675,LiPm2Ru,65.347,24.444,54.79559549603579,24.02239013794599
mp-863676,Pm2CuSn,61.633,19.596,61.46733352453335,16.746303875586893
mp-863679,ErTaRu2,185.741,78.278,190.79816997135612,64.47401524728316
mp-863684,Pm2GeAu,71.259,22.807,64.68528691012934,11.33297062022473
mp-863685,Pm2GePd,73.852,21.327,67.37128883464898,12.178518837924267
mp-863686,Pm2HgGe,64.276,21.386,68.87699382705834,10.407148604593065
mp-863690,Ti2MnCo,185.408,83.539,195.18774948369085,69.0568271801078
mp-863696,Pm2MgSi,54.978,23.108,49.37759285374157,15.239566625800425
mp-863697,LiPm2Si,55.755,30.263,50.24330460571083,24.363831980797663
mp-863698,Pm2MgAl,48.974,29.34,39.55503490732575,21.39286654466869
mp-863702,Er2MgIn,54.51,28.117,47.172715582813424,24.150049565289557
mp-863703,Pm2MgSn,50.105,19.158,47.98143318950811,16.727045331842508
mp-863704,Pm2MgTl,45.993,20.753,35.58522970539555,11.845483663246256
mp-863705,Pm2MgGa,48.403,26.907,38.66230473831179,17.01595074485691
mp-863707,KNa2Bi,16.554,10.679,17.934627698479936,11.959372769991662
mp-863710,KAcTe2,37.606,18.514,43.44992301094815,18.8407774204542
mp-863711,ErGaRh2,145.122,52.644,158.0079485674066,57.72740121427192
mp-863713,Pm2NiIr,97.769,34.119,95.4642257321124,26.626882024417117
mp-863715,Pm2IrAu,95.226,26.464,96.6617553242838,29.084296102453894
mp-863716,Pm2IrPd,97.934,32.964,96.70229002185866,26.21221670182798
mp-863717,Pm2NiRu,89.451,28.709,84.0791761328538,21.603444990902123
mp-863724,InPd2Au,135.641,10.065,150.63654011940702,17.24924984977807
mp-863725,Pm2PdPt,89.689,26.998,86.38119784568623,19.574337491022373
mp-863727,LiTiRh2,154.975,60.474,178.56451494138494,72.61438770071297
mp-863732,Pm2PtRh,96.963,33.757,93.27672175510762,21.067254028146213
mp-863733,Pm2RuAu,91.146,28.354,84.92572342949654,21.278139254364604
mp-863735,ErRh2Pb,126.347,158.517,133.660929910492,37.79792029798701
mp-863736,Ho2OsAu,113.765,42.631,97.79598455285604,34.49761230625718
mp-863738,ErCdPd2,101.867,28.245,99.00924737109904,26.404335736125887
mp-863739,ErCdRh2,125.414,51.651,128.89309599895833,50.72770303472653
mp-863740,Pm2IrRu,111.946,38.388,103.42757856415986,28.392042487902863
mp-863741,Pm2PdRu,92.259,28.348,82.18261640588565,23.394557873023636
mp-863743,Pm2SiAg,67.211,25.639,60.23749027523326,16.290216784262277
mp-863744,Ca2PdAu,51.164,22.324,54.39845288052562,23.10703832826408
mp-863759,CsK2Bi,10.835,6.6370000000000005,10.702474445850273,7.522761336161298
mp-863760,CsAcTe2,34.847,16.227,38.28961030847094,16.18969115936455
mp-864597,LiMgTl2,30.009,13.128,29.808823515932897,11.67659636321642
mp-864598,LiMg2Ag,44.769,22.76,49.0321468985392,25.15455814099342
mp-864599,TbSnAu2,88.449,16.179,93.13852474539476,22.378972947682712
mp-864601,LiMg2Rh,66.418,29.172,69.14198109639625,36.23583941847243
mp-864602,Nd2MgTl,44.88,19.556,34.17182217652753,13.075469973132536
mp-864607,ZrCdPd2,132.25,34.849,143.2723223407156,32.73756555349172
mp-864608,NpGaRh2,104.218,20.073,175.53130441032906,23.200539354315985
mp-864610,Nd2MgAl,46.7,27.158,37.76795693575333,20.18081713941205
mp-864611,Nd2IrRh,105.456,22.447,99.59265549760876,17.220735944711834
mp-864612,Nd2MgIn,46.386,22.87,35.64540703121411,18.031153662611786
mp-864614,LiMg2Pt,70.501,34.393,70.41418039055,36.741238460433955
mp-864618,BaHg2Pb,31.615,8.736,36.681213578339694,12.072772088800956
mp-864620,CaSmCd2,42.683,22.585,34.40567617788763,21.33158637273426
mp-864622,Nd2IrPd,94.942,30.569,93.59044149324237,20.810411585988245
mp-864624,HoZnRh2,130.834,47.959,131.36352732165926,51.191606432967944
mp-864625,Ho2IrRh,124.915,34.581,113.55324591861704,36.61813444463824
mp-864626,HoThTc2,121.902,24.383,102.08508627668952,19.007879923985836
mp-864628,Pm2SnPd,67.466,14.374,62.68955231922082,9.978308991654952
mp-864629,Pm2TlCd,52.345,19.813,44.0536598947464,14.067579453256558
mp-864630,LiMg2Hg,42.537,22.643,44.05218373318213,24.19139915276777
mp-864631,LiNbRh2,175.191,56.338,187.19399487164983,59.91757358366171
mp-864633,Nd2SnHg,57.531,19.66,50.60904679120504,5.7332530119324545
mp-864639,Ta2NbOs,240.518,104.993,277.3849232255197,79.99185502273608
mp-864640,Ta2NbIr,234.508,108.32,289.1049344038462,85.0247392274333
mp-864650,Ta2OsW,272.496,131.157,323.5632512913329,110.38841856211523
mp-864651,Ta2NbRu,221.392,92.928,266.1311826804717,73.5016520696549
mp-864654,Zn2NiRh,161.838,59.551,171.10736515657825,65.75687024249089
mp-864659,Nd2NiIr,106.997,31.941,98.8007511882958,23.52657442297045
mp-864661,ZnCuPd2,150.032,56.792,160.72779044333367,48.82550235815686
mp-864667,NdTlAu2,69.742,16.502,65.83258296984286,19.054521291805376
mp-864668,NdSnAu2,82.554,18.058,82.92165359923916,25.418788867096833
mp-864669,NbGeRu2,220.427,8.017,267.8791998685594,80.07429793828335
mp-864670,Ta2VOs,245.861,94.95,280.3480058084377,81.57898566050666
mp-864671,HfAlRh2,187.174,270.528,202.7483663396924,63.78544301111434
mp-864672,NbSiTc2,245.129,86.818,269.18859391743985,109.85317224144346
mp-864674,Ho2AlZn,65.575,41.214,52.08498123647814,33.14788484607265
mp-864684,Hf2MoIr,189.709,80.044,224.1942381635213,69.68931162512358
mp-864715,HfInCo2,206.086,107.967,178.74361232190864,83.94407132813545
mp-864732,Yb2CdGe,40.172,26.401,50.99470723189737,28.79929010513
mp-864734,HfInPd2,141.693,35.064,158.15575179052595,39.84008754010572
mp-864741,Yb2TlPb,33.91,16.655,44.7624883944967,16.308954661594612
mp-864743,Yb2TlCd,33.659,19.632,43.613254471888766,24.0530251172944
mp-864744,HoMgRh2,113.756,50.305,112.73946540447425,44.61341883421406
mp-864747,HoMgTl2,47.359,10.455,44.88954827358961,14.123351392284231
mp-864748,Gd2MgIn,67.859,21.207,51.77518772268293,22.08640093951221
mp-864756,Yb2MgIn,30.524,17.477,38.4696028256046,23.01031466506952
mp-864761,Ta2MnOs,249.914,79.922,288.5930665267895,84.42228519770482
mp-864762,LiMg2Zn,40.259,26.795,41.12825845524313,27.94817724519426
mp-864763,LiYb2Rh,41.92,20.811,63.437382956685255,29.25025221108595
mp-864764,Ta2FeOs,247.114,83.08,260.36259684094136,54.34617737105934
mp-864769,LiYb2Tl,25.992,16.634,35.26293093811045,21.517614296040872
mp-864770,Ta2MoOs,265.254,131.074,313.4264260045185,104.7697109116312
mp-864771,LiYb2Pd,33.235,15.65,43.01821378348269,21.775091412745994
mp-864772,LiSc2Au,74.156,36.814,75.62404310839075,34.15056794557188
mp-864775,HoAgHg2,70.325,16.174,67.59997660206905,20.888957890891923
mp-864780,PaAlAu2,123.458,11.963,136.69869578330008,33.84208536602874
mp-864782,Ta2MoRu,246.749,118.496,300.40752321076735,97.67408860278974
mp-864783,Yb2SbAu,49.015,29.746,52.10390734878236,21.99471793765457
mp-864784,LiSnRh2,142.707,67.926,154.16100500012487,73.93112474682245
mp-864787,NpCdPt2,56.084,47.324,128.97519504850746,29.02313348158134
mp-864788,NbInRu2,210.794,96.619,244.3979074822784,108.00653450457015
mp-864789,Yb2SnHg,39.222,30.672,53.07665016804328,24.634323801562765
mp-864795,Ac2SnHg,45.028,15.851,43.568368879023055,13.813906318226916
mp-864796,EuCdHg2,37.559,11.896,42.184616158428064,18.60402415189598
mp-864798,HfZnIr2,211.726,86.11,237.60987200922855,70.7521082284387
mp-864799,HoLuMg2,43.429,22.812,40.67163230799826,25.729297338262192
mp-864800,Yb2PdAu,55.635,21.308,70.91024607280742,28.818601119113495
mp-864804,LiTbHg2,52.714,4.747,49.87433928619906,26.34594440577263
mp-864805,Nd2CuIr,86.254,26.005,90.4245150987627,30.224415057148462
mp-864807,HfZnNi2,150.532,43.706,154.10924599869207,56.9332278052331
mp-864835,Hf2CoIr,184.201,26.08,194.157601624765,48.70895041395405
mp-864837,Nd2CuRu,81.88,29.061,77.99034566283285,21.515245672624506
mp-864839,Zn2PdRh,156.281,66.416,169.71403904352235,66.52657221208038
mp-864840,NbZnRu2,218.128,77.859,224.2561521620399,88.94345625270279
mp-864857,NbZnCo2,192.655,69.361,204.29568561681648,78.4482953058605
mp-864877,Hf2CoRe,177.868,87.341,204.6764513990558,83.23511718825988
mp-864878,ZrAlAu2,135.096,19.536,160.35062901610607,32.534610638012595
mp-864883,MgSnPd2,112.134,33.55,120.7802841385274,38.05416085778885
mp-864884,DyCdHg2,63.398,20.259,58.581968329915846,22.958125868610345
mp-864890,Hf2FeIr,180.435,67.035,196.9873775871249,56.898095056907835
mp-864892,NdAgAu2,81.37,9.329,80.44000003307916,18.8876047753519
mp-864893,NdAgHg2,64.746,16.75,62.10739461319658,18.227041211210825
mp-864895,Be2NiRh,194.531,107.76,209.7317176632748,118.69254889937883
mp-864896,Zr2CoTc,93.62,69.086,168.88712746093174,68.30294454502463
mp-864897,Zr2CuOs,162.384,48.901,162.17961401096443,48.12443628247867
mp-864898,Na2TlBi,22.587,16.745,22.49852602823301,13.383442774004433
mp-864902,MgTlRh2,131.037,56.136,142.86233880522494,62.107227135987145
mp-864903,MgTaRu2,198.121,91.46,208.1545500823193,96.7200287947426
mp-864904,HoCdAg2,73.061,16.491,65.47042590600502,20.063156104743392
mp-864907,MgZrPd2,121.633,41.79,125.6901949566663,39.94908684423059
mp-864908,MgTiIr2,191.279,107.865,219.6708581058794,100.02939534208348
mp-864909,HfAlRu2,195.913,81.051,217.64732893139904,98.54916610396072
mp-864910,MgZrRh2,149.687,63.086,166.98224834954974,65.68593664285925
mp-864916,Hf2TcRh,187.509,87.375,196.0932084130526,88.23110185710894
mp-864919,MgTiRh2,161.554,76.667,177.22968707830324,80.31766628171528
mp-864920,MgZrAu2,114.52,36.177,124.33332767358732,46.12603665222542
mp-864921,MgZrIr2,178.265,83.49,213.2235178009908,79.81432796355043
mp-864922,MgZnAu2,94.828,25.037,108.93631783242677,25.267948330107505
mp-864924,NdMgHg2,58.214,23.305,55.79177401964186,27.9879822690016
mp-864925,NdMgZn2,56.12,32.136,58.29720362889761,38.52086994578962
mp-864926,HfPaTc2,171.303,46.246,211.27727141937444,58.36850255035005
mp-864927,Hf2ReOs,217.65,103.317,224.6690089721944,92.02804108028612
mp-864930,LiTiIr2,190.484,77.224,208.2998685225979,90.61069502190426
mp-864932,Mg2AgPt,84.193,30.478,97.92858290255312,38.10916682263403
mp-864933,Mg2AgRh,88.2,20.608,100.7279055470698,43.952548220140464
mp-864936,MnGeRu2,227.345,109.437,265.0467265090551,105.98040763162628
mp-864939,Hf2CuIr,160.206,49.295,170.7220279777474,39.79612249957312
mp-864940,Mg2PtRh,120.332,58.45,130.48093512376917,65.03327107235178
mp-864943,MnBe2Ir,193.511,108.004,203.0106200024656,104.26745223574038
mp-864944,MnBe2Pt,139.445,27.168,168.93227494460982,99.06311895224177
mp-864945,MnBe2Rh,171.181,98.352,173.04755740090212,93.207484133197
mp-864946,MnCuPd2,143.606,48.766,173.25463531854558,31.23019963492932
mp-864949,MnGaRh2,188.351,86.0,214.8821908909937,54.89744676394363
mp-864950,MnAlIr2,228.585,102.886,288.1800252215453,76.54112920791943
mp-864953,MnV2Cr,231.986,93.042,234.4591000217956,51.36915527922312
mp-864955,Mn2CrCo,153.099,93.542,147.35044724930594,84.01934114619979
mp-864957,MnSbRu2,200.874,93.704,233.47529607481928,79.37987618184593
mp-864959,Dy2CuOs,103.481,44.291,99.50096494462086,40.74859179507799
mp-864961,Be2PdPt,194.226,42.134,220.59706458958277,97.54645443514735
mp-864962,CaAcZn2,38.641,23.217,38.61463535459277,27.57181442181417
mp-864966,MnSiRu2,247.412,124.181,288.5469594324723,122.2768889282872
mp-864968,MnInRh2,155.882,66.691,169.7014352741086,52.18869078480914
mp-864969,Mg2PdRh,106.207,58.013,113.37892121343046,55.867569356083855
mp-864970,MnSiTc2,252.159,102.98,299.53854340517563,109.50881925956472
mp-864971,MnSnRu2,176.935,80.201,234.5437701308689,104.57097390445932
mp-864972,Mg2PdAu,88.039,26.291,92.10592061930348,32.38122567649983
mp-864974,Hf2CuOs,175.345,56.988,171.48761724357064,52.63670630782744
mp-864975,Mg2PdPt,106.503,6.267,115.1561157719188,44.030238960833344
mp-864976,Mg2AgIr,99.15,31.582,119.84829702409618,50.732467560143995
mp-864977,Dy2AgOs,101.086,41.391,96.21070158134994,41.36604359416523
mp-864978,Mg2AgAu,73.054,33.934,80.4770336357099,30.15007322765991
mp-864980,MnAlRu2,218.933,130.613,261.31088481271485,121.88375752759296
mp-864981,Dy2AgIr,99.317,32.495,93.31038914288295,39.21940777420911
mp-864983,MnVRu2,228.444,98.864,226.44098573764967,83.19690802527812
mp-864985,MnZnIr2,226.37,78.633,271.7300929734303,84.45479289098817
mp-864987,MnZnRh2,168.969,55.119,199.33269680825623,65.32010972912555
mp-864988,Mn2AlCr,193.97,102.349,203.8814645232844,113.20997201026697
mp-864989,Mn2AlRe,255.756,128.084,298.84989077088005,126.97994840322376
mp-864990,Mn2AlW,237.182,126.511,251.3530248026119,109.09742645948008
mp-864991,Ca2AgPb,37.203,5.626,39.40169565007825,22.381772365523876
mp-864992,MnNbRu2,218.17,89.826,240.97626287895423,63.3995355896627
mp-864997,LiSiPd2,139.601,50.183,152.94584404280178,58.25323826725668
mp-865000,HfScIr2,182.895,90.315,194.953799457569,47.36995593213033
mp-865001,HfScOs2,197.703,93.516,215.62861891503127,100.40134638869804
mp-865002,CaYRh2,89.209,34.602,99.07820680515842,37.69074170655136
mp-865003,Be2IrPd,214.003,111.931,252.6054387414497,120.69167777069087
mp-865006,Dy2MgAl,55.262,35.437,45.24938870278125,29.37689504405844
mp-865007,Dy2MgIn,52.775,27.596,42.172921932995266,23.408657196912284
mp-865010,HfGaRu2,197.202,78.797,215.261794923471,101.35268330001117
mp-865011,Mn2NbAl,195.796,100.021,201.9446282758269,90.4333671431648
mp-865015,MnSiRh2,208.501,21.435,229.57894618535457,29.11825909188638
mp-865019,HfGaRh2,183.393,118.314,205.50366326370772,52.329702531199594
mp-865020,HfMgIr2,187.046,99.508,214.33206711288884,84.44595625925643
mp-865021,Be2RuPt,219.105,107.454,247.64776580927975,122.25163568409371
mp-865023,HfTc2Sb,201.069,95.257,236.6581399256889,103.2693035650218
mp-865025,HfTaRe2,244.954,109.351,276.69319863298784,110.33525118918844
mp-865026,Mn2VSi,242.884,131.761,254.8853694591664,121.66244479302404
mp-865028,AcTlTe2,41.684,19.533,48.66133347996566,19.71461040656945
mp-865029,LiPaRu2,146.833,9.708,168.5848884734312,31.640452586868097
mp-865030,HfScRu2,172.957,80.426,181.05772651682616,77.65099563019842
mp-865032,Mn2PtRh,174.551,77.815,204.03867156542748,19.75242691683328
mp-865038,HfTaTc2,222.224,99.455,243.2727258814083,91.65949363589192
mp-865039,HfTc2Sn,187.383,73.235,208.12663201553852,95.37286759811772
mp-865043,MgInPd2,109.21,28.094,115.62446220697696,36.11654729945041
mp-865044,MgInIr2,165.085,79.164,195.72083789274544,78.66065903504916
mp-865048,TiZnIr2,226.509,104.561,248.54845399169156,90.09844964133302
mp-865049,HfMgPd2,128.55,39.982,132.32300382792818,43.00655073405974
mp-865050,HfMgRh2,154.665,68.281,172.6178609907228,70.97170893313017
mp-865051,NaCa2Tl,22.925,14.702,26.115050859098588,15.988629472798168
mp-865066,HfInRh2,172.181,244.174,189.41502863875183,49.185663022305825
mp-865067,Li2EuGe,34.651,23.508,47.96715875444805,41.73782875572005
mp-865076,NaCd2Pt,69.41,22.098,75.40303480648637,21.086827491306725
mp-865079,TiZnPd2,150.486,29.824,164.2258488308576,29.91022228220704
mp-865081,NaAcTe2,40.126,10.792,45.99298415813665,18.3624605605285
mp-865082,NaCaAu2,41.303,20.408,42.58855459394988,18.40115564271847
mp-865090,NaAcTl2,31.125,12.636,32.50641519799568,16.834479949600645
mp-865091,HfMnRh2,175.043,62.602,197.18154176819297,43.3297860950046
mp-865092,MgGaNi2,116.982,40.522,128.50896069268924,57.526633341697725
mp-865093,TiZnNi2,160.513,55.791,169.54147937261672,58.76947358584381
mp-865094,HfNbTc2,218.707,90.767,239.88214000684653,87.35515322316677
mp-865096,NaHoTl2,38.106,23.742,35.7540807375936,21.1593475739924
mp-865097,NaHgPd2,80.025,24.87,85.06267718571466,15.9030055283276
mp-865098,NaLaAu2,55.109,16.143,58.790142541219595,20.48190802353062
mp-865100,NaInHg2,25.727,9.66,24.29771627060703,7.988155389633256
mp-865107,NaMgPb2,15.404,7.06,32.25994376889564,11.08555421705224
mp-865108,NaSmHg2,43.362,14.613,33.957729994074036,17.920674926935217
mp-865109,NaSmTl2,36.766,19.687,31.230116770656807,17.799142290520116
mp-865110,NaMgTl2,24.965,13.0,24.242422000429727,10.335854207983358
mp-865111,NaSmAu2,59.904,18.192,51.024701963693005,17.276527541989154
mp-865112,NaPrTl2,35.668,17.268,33.94687422063023,17.48909599877849
mp-865113,NaNdAu2,57.865,17.696,56.91185564138245,19.420355514422944
mp-865115,NaNdHg2,42.221,14.872,39.38176890541636,19.38947688196946
mp-865116,LiSmTl2,41.722,15.962,37.423055964213255,20.84145326822368
mp-865117,NaErTl2,37.926,23.846,36.76706695921808,20.47241482091883
mp-865118,NaPrAu2,56.68,17.065,55.97592605232288,18.52071165981025
mp-865119,NaPrHg2,41.671,14.842,41.496195452459666,18.64265551621214
mp-865123,MgGaPd2,120.303,31.091,130.18306347072095,41.318870223162264
mp-865125,MgGaRh2,155.284,80.766,169.33040861147714,85.16064028556292
mp-865127,NaTl2Cd,23.718,7.617,23.20351643785802,6.646306139525908
mp-865130,Hf2MoRh,173.159,75.907,208.2124907362372,59.42236982420051
mp-865131,Hf2OsRh,201.65,55.152,205.76682122668123,59.167190386464526
mp-865138,Hf2MnIr,192.899,88.412,204.1059052199022,76.09084768143707
mp-865145,NaTl2Bi,27.25,8.941,26.460966143207106,3.587631074917166
mp-865147,Be2CuRu,182.617,96.573,231.4142456650749,93.58350996405473
mp-865148,PaAlTc2,181.984,42.333,238.8991571399518,73.01969816695252
mp-865149,PaAlRu2,178.546,15.527,198.55267433814723,47.99687693219147
mp-865150,MgCdAu2,86.378,21.743,96.7270830140404,19.718329846086196
mp-865151,YbNdRh2,87.977,27.617,101.4789828235556,25.460603772694316
mp-865152,MgAlPd2,124.171,40.012,133.1375575421645,49.71695229595449
mp-865155,MgAlRh2,155.745,85.611,169.85898020358044,93.27684643962291
mp-865156,Dy2ZnGa,65.862,39.796,56.84430714603751,28.94572978398373
mp-865158,YbNdHg2,49.525,23.048,49.036581382481195,21.74319796758912
mp-865159,Dy2AlZn,63.933,39.898,54.14661145969526,30.219957999389667
mp-865160,MgGeIr2,184.958,79.79,226.8818383387577,81.61208735496214
mp-865162,MgGeRh2,162.451,58.759,180.8336883010295,82.59614935132993
mp-865163,HfBeRh2,189.784,67.567,206.3395893777313,80.90536835134621
mp-865165,HfScCo2,138.178,69.939,147.90161778218598,55.983275030274136
mp-865167,Ca2CdPb,32.385,21.831,32.008813570040424,21.182121265641793
mp-865172,YbTaRu2,171.591,73.821,180.99708408640808,60.122259278425254
mp-865174,HfCdRh2,169.501,60.425,187.0582481656844,64.68261330607683
mp-865178,Hf2IrRh,191.166,11.426,196.59091193564936,29.926993980134412
mp-865179,Hf2FeOs,201.248,95.692,204.92022370673996,84.47870560304654
mp-865183,MgGaAg2,68.65,15.528,77.44913321171508,22.530836739787897
mp-865186,MgGaIr2,187.256,96.083,225.61868083570357,97.45214426201848
mp-865187,MgFeRh2,154.144,73.504,175.96683954329018,75.10758968929233
mp-865191,FeGeRu2,223.605,101.794,236.289124142593,91.65369379959743
mp-865195,TmGaRh2,147.294,55.923,156.74325369271108,58.85019722728231
mp-865202,TmCdPt2,123.512,20.588,126.8651720929608,12.577467135226128
mp-865206,TmCdRh2,127.101,52.847,127.31420031723852,49.35938627076633
mp-865209,TmHfOs2,182.794,86.548,181.91834289318805,73.77980217113966
mp-865210,TmLuMg2,45.134,23.143,41.06415989303704,25.469597478297597
mp-865211,TmInRh2,134.846,40.486,137.15867972174547,52.97839563516989
mp-865215,TmHfRu2,161.823,73.726,151.64563071690264,56.68890597038007
mp-865216,Dy2PdRu,104.247,37.091,101.30515993890543,35.777792850062596
mp-865219,Dy2IrRu,125.9,53.425,128.54217818936198,43.95696342489217
mp-865224,Th2BiTe,80.336,50.256,77.20822452536845,42.24727261251142
mp-865228,LiScPt2,116.125,61.788,132.05490560511336,22.19253116860568
mp-865229,Be2NiIr,231.437,114.747,239.00318591985803,125.12610132945126
mp-865230,TmMgRh2,116.23,52.742,113.29331012339328,46.296679439783915
mp-865231,LiScTl2,44.718,22.125,47.366971713221666,23.510589985424375
mp-865232,TlPd2Au,124.074,6.664,131.37373404735,13.640576556853564
mp-865234,TaZnRu2,226.089,85.139,234.73099299393795,100.6702329151427
mp-865235,Ti6Al16Ni7,128.39,89.296,138.48625789155213,93.6770792337781
mp-865237,Tm2ZnIr,100.748,38.748,82.16917003634565,40.2047667488754
mp-865240,Lu2MgIn,55.4,32.495,57.07235126727728,24.981409937967104
mp-865241,TmNbOs2,205.913,90.483,233.20001620036567,84.5480036864314
mp-865248,TmNbRu2,179.898,73.733,188.15641520905788,59.83340600856941
mp-865249,TmSnRu2,153.366,68.88,158.9059161420031,73.5115617237181
mp-865250,TmTc2W,202.895,78.138,221.753493794527,48.37913124491727
mp-865252,TmSnRh2,141.544,187.815,152.9486994078597,46.81007796534003
mp-865254,TbYbHg2,52.205,26.236,52.79336381754677,25.361545377526102
mp-865255,LuNbRu2,182.535,79.038,224.92883143555017,74.13072430872154
mp-865257,DyZnRh2,129.806,45.355,129.1290460280556,47.21369655697338
mp-865262,TmTaRu2,188.12,80.951,184.4240271972233,62.60557597708457
mp-865273,TmUTc2,108.871,80.134,173.43487940778405,30.62666585303466
mp-865278,NbAlOs2,260.723,129.33,284.57262642180507,139.0358215008767
mp-865280,NbAlFe2,209.082,126.798,228.33172822080073,119.11044868891382
mp-865281,Tm2AgPt,96.269,34.96,79.71973689930444,33.89228314139264
mp-865282,Tm2AgRu,96.69,38.929,80.38815095258059,35.760636178038745
mp-865284,Tm2CdOs,101.396,37.595,86.87020973748459,35.12327483753193
mp-865297,Ho2InAg,65.284,29.025,53.41456186084249,24.979397913886466
mp-865298,TmZnPd2,108.889,15.796,105.42116114222766,26.6351878578224
mp-865299,TmZnRh2,135.447,52.839,132.38107605363103,53.45439489567503
mp-865308,Be2CuRh,171.518,52.236,192.05880648900447,92.54217348496071
mp-865320,Lu2PdRu,115.779,46.14,121.45330461488008,43.997877936451786
mp-865321,Lu2IrRu,137.722,66.037,150.02083187067566,56.61977921027017
mp-865325,Lu2CoRu,118.848,56.419,121.4077547881068,47.002835309508114
mp-865329,Lu2MgTc,79.162,27.045,86.78331321459841,42.21916968249334
mp-865338,Tm2ZnPt,93.112,39.448,74.59174265624382,32.010047194390246
mp-865340,Tm2HgOs,106.578,35.412,79.94299073087427,35.096690001957604
mp-865356,Tm2MgAl,58.554,38.344,38.03381484046029,28.023910679149505
mp-865360,Tm2MgIr,87.72,26.832,78.48222249174566,39.38861461646824
mp-865361,Tm2MgOs,89.938,29.624,76.71662079019532,35.92308289820822
mp-865364,DyTaRu2,181.822,68.958,190.67307505468708,59.5532339411258
mp-865378,LuSnRh2,142.714,236.351,163.74419400336572,55.00884861102696
mp-865379,LuSnRu2,156.439,71.105,180.1495184613987,82.41542771196065
mp-865406,Lu2ZnAu,80.916,38.614,89.23821371204595,42.42582887065769
mp-865421,UGaTc2,191.62,23.041,281.0463021985767,61.60702668978351
mp-865426,YbNdAg2,50.84,19.85,47.83077951251765,22.41614776332918
mp-865432,Y2NiIr,106.626,42.924,111.28465045056484,41.12373366702838
mp-865433,Y2MgRu,74.058,20.648,80.37581055309381,30.422864434717393
mp-865434,LuZrRu2,156.979,72.197,170.02528792666047,63.14203944058976
mp-865441,TiAlPd2,158.18,28.706,167.76349145817795,35.18996419381951
mp-865442,TiAlOs2,244.229,113.141,263.2661878917346,131.0479024522752
mp-865443,LuRh2Pb,129.632,168.188,150.8496978925425,40.83540880470022
mp-865444,LiSc2Pt,89.908,37.52,93.37748551981852,38.10252647392598
mp-865446,Lu2AgHg,73.413,29.755,82.29035789029186,36.97584842571066
mp-865448,TiGaRu2,212.674,87.343,221.1445781128246,107.22468485685704
mp-865449,Tm2MgTc,77.305,27.589,59.3150579226574,29.712408808220193
mp-865459,Lu2AgRu,98.781,39.928,107.4716990381918,45.20998072871509
mp-865462,MnV2Os,265.263,115.151,276.292948245213,110.75018553875852
mp-865465,VCo2Ge,197.789,81.715,217.72984576977112,28.93218250048987
mp-865467,Pm2SnAu,65.878,19.943,62.266295337074204,11.937440428115345
mp-865468,Pm2SiPd,75.342,23.479,68.92247806810772,9.592454296201971
mp-865469,Ti2MnRu,193.143,78.85,202.07817901107123,81.04440503738651
mp-865470,Ac2CuSn,46.296,13.564,46.34481942387981,16.44069337987707
mp-865471,VGaTc2,229.778,78.962,244.6014081034198,78.44284827169811
mp-865472,VSiTc2,258.765,107.994,270.031705662809,95.63862234762826
mp-865482,VTc2Ge,243.003,96.105,262.5935131273567,98.68575454311473
mp-865484,V2CrRe,253.319,112.266,275.02475220554476,93.58020171836564
mp-865485,V2CrOs,261.007,118.265,273.56003307180947,112.27630934826308
mp-865486,VZnRu2,225.829,79.087,240.41263938250017,96.70751593917282
mp-865487,VZnRh2,203.686,18.666,211.9202488361696,60.27662247473267
mp-865490,V2CrFe,231.816,102.939,220.0134069158368,80.51464911412039
mp-865494,V2CrRu,241.192,103.536,246.6154160776078,89.08375764386682
mp-865495,V2CrTc,238.066,95.291,258.0385147524922,74.05172682185282
mp-865497,V2ReOs,289.662,136.853,306.8532441743014,138.28887236469265
mp-865499,V2TcOs,275.44,129.105,288.819003544486,126.9703369404465
mp-865501,V2TcRu,254.239,109.902,263.88919073214987,104.93045298540125
mp-865502,YAgHg2,69.569,17.156,73.35833596149347,22.352327387851712
mp-865503,YCdAg2,71.324,15.786,75.73545169833253,26.790421920953253
mp-865504,YAlAg2,82.71,23.742,86.11837272493541,35.176605042838105
mp-865505,Lu2InAg,69.509,32.13,72.45321101071745,31.512494409484074
mp-865506,VSiOs2,286.547,125.357,333.15085657374595,144.442846982116
mp-865507,VSiRu2,250.046,119.671,306.7891712770963,130.95421105175132
mp-865512,YMgCd2,53.873,26.509,54.05485270629041,31.460188203835795
mp-865515,YMgZn2,59.874,36.417,62.863719989793374,45.47446014178352
mp-865517,YZnRh2,126.817,44.737,138.1281525926905,53.05965837409211
mp-865519,YTaRu2,179.127,69.742,205.9132787491958,69.58833096626938
mp-865520,YCdPd2,97.382,27.819,102.64019199279367,29.148805626298383
mp-865522,YCdAu2,87.395,21.097,95.31949864334936,29.82087953481247
mp-865523,TiMnRh2,183.807,75.228,201.850082961145,48.898002277016545
mp-865524,YCdPt2,116.26,20.954,130.4971841661137,24.207397392596025
mp-865525,YCdHg2,76.015,19.287,65.7379468666421,24.920165816384444
mp-865529,Ti2NiIr,190.543,7.109,191.1651377462844,32.963826328290146
mp-865530,YThRu2,124.42,30.249,113.03852633003488,38.83137919892617
mp-865531,TiMn2Al,159.093,83.1,153.8167637018863,81.65887180367467
mp-865533,Ti2ReOs,240.23,110.684,255.84803968134045,101.58790596488916
mp-865536,YbZrRh2,127.688,30.229,142.04207953366108,36.34378595181946
mp-865537,TiMnCo2,168.613,77.429,207.9955856272177,67.30024958249237
mp-865538,Ti2RePd,193.113,72.804,218.3444211280682,81.46420691799294
mp-865545,Pm2SiAu,74.428,22.913,63.60664233967023,11.180734338472735
mp-865546,Yb2AgBi,38.939,24.271,42.52263759012286,16.979944163009257
mp-865547,Pm2CuSi,68.269,27.721,63.67227565093416,20.19706200153695
mp-865554,Mn2VGe,224.329,110.157,236.83266564539775,107.92260136314144
mp-865560,Y2AlZn,62.953,40.862,65.56318223948546,33.62294230647817
mp-865561,Y2AgRu,90.313,35.774,101.30204474119104,37.80931541170689
mp-865563,LuZnPd2,111.102,18.066,126.20877807624404,32.87796598620663
mp-865566,LuZnRh2,138.683,56.941,156.11857938663795,62.055430437770006
mp-865569,Ti2MnIr,212.034,97.188,215.36704885282467,94.62767595461514
mp-865577,Li2CdAu,44.869,12.122,50.05177577718919,21.247562717676153
mp-865578,LiNd2Ga,43.608,24.558,35.90826295645256,18.38100772998648
mp-865582,Li2CdPd,50.434,7.951,56.707742777097685,19.788642058831073
mp-865585,VGeRu2,236.881,105.622,273.88000575429925,113.14655957370285
mp-865586,VGaRu2,236.904,112.122,256.3078374616415,118.58859193055812
mp-865587,Y2CuRh,88.993,33.634,88.21641210388832,35.70415645138856
mp-865588,Y2CuRu,92.142,40.684,97.89287180152596,36.78005238722419
mp-865591,Ti2NiMo,170.681,76.912,209.96907030644468,71.28573793421691
mp-865592,Y2ZnRu,87.008,30.47,97.29480274288127,39.27356915461764
mp-865594,Y2CuIr,99.876,37.98,101.23580153700274,40.658694472001386
mp-865597,NdPbAu2,75.68,19.233,79.16801699966157,22.65691787830185
mp-865600,Y2IrPd,109.327,42.364,117.57246426306872,36.72885491536453
mp-865602,Y2MgAl,54.789,36.348,57.79282382389273,33.70229944018874
mp-865603,Y2IrRh,119.564,33.326,130.0300716340665,43.99775367894545
mp-865607,LuGaPd2,115.558,18.845,131.57982814491766,35.11361236218633
mp-865609,LuGaRh2,149.694,60.379,178.11647657625025,70.9961796932362
mp-865615,GaSiRu2,228.828,88.656,249.47417423703897,111.43010344173616
mp-865630,Yb2AgGe,46.404,1.24,56.96719074629591,30.06720800248102
mp-865640,TiGeRu2,228.106,116.587,244.76338735101035,122.40449987104915
mp-865641,Y2NiRu,104.846,40.076,101.23492163816351,37.88554827095779
mp-865648,Yb2CdPb,33.75,22.062,45.163248498891605,22.102842378061336
mp-865649,Ti2TcRh,203.459,95.495,220.5990842233836,84.19999478514555
mp-865650,Ti2TcRu,208.121,94.372,217.02660482558775,90.55292452514033
mp-865652,TiMn2Si,207.779,105.768,225.4818656226089,115.05894401934536
mp-865653,TiNbRe2,250.96,111.453,283.673816350222,105.36701595288012
mp-865655,TiNbTc2,223.438,94.868,246.06556473198887,86.33754158371606
mp-865656,TiMn2W,243.092,113.185,296.5624152456974,88.78952207464594
mp-865659,Y2ZnIr,93.884,35.758,96.69948937025276,44.23460287524999
mp-865660,Yb2AgPt,56.533,22.834,74.0315900798514,30.51314413342192
mp-865661,YbMgCd2,38.38,17.587,48.676465636174115,24.046033478446205
mp-865663,YbLuRh2,100.492,38.627,123.7667005239485,39.71222207021325
mp-865664,TiRe2W,287.241,142.198,344.48555802870044,130.0953841007679
mp-865665,TiReTc2,271.275,125.232,309.7116422299605,105.4954048822292
mp-865666,Li2TlAg,32.933,17.026,38.98029854202432,17.774152604474324
mp-865669,TiSiTc2,228.921,85.424,258.1717892752157,102.11648601847438
mp-865671,Y2ZnIn,59.596,33.082,57.059418563157664,24.88241842084584
mp-865678,TiMn2V,195.509,76.292,231.66400803232617,71.23134504693235
mp-865679,TiSnPd2,146.595,3.057,148.17707114422018,24.4911650343307
mp-865680,TiSiOs2,283.881,134.466,323.0918553791389,155.53388798634128
mp-865681,TiSiRu2,244.997,129.794,273.55963251437095,136.31764418769794
mp-865696,HoGaRh2,143.634,49.846,154.61823397305733,56.113850006287144
mp-865708,LiSm2Ru,66.47,25.565,49.420293750622214,20.32864280536069
mp-865712,Ti2MnNi,173.551,66.646,191.9364247445831,65.89321947229271
mp-865713,Li2TlBi,30.009,22.827,33.68579318378171,16.121056093116007
mp-865714,Li2HgAu,40.536,7.09,44.36655570570559,19.50361097420667
mp-865717,Ti2ReIr,234.973,118.676,260.3273468675004,115.65229525702088
mp-865728,Ti2ReNi,194.083,80.092,217.66941251890992,83.5888008728832
mp-865730,TiZnAu2,133.602,28.603,144.0796392305827,34.227295170624785
mp-865731,Li2HgPd,52.245,13.98,55.87559888148777,17.93544948633927
mp-865735,Li2YbGe,38.24,30.808,41.61633145510354,39.60259043381412
mp-865737,Li2InSn,35.36,14.569,34.709002228097944,20.735402458950787
mp-865738,LiPrHg2,47.688,9.986,46.48419863376109,21.492893005408792
mp-865739,YbCdAg2,53.798,15.429,63.88771982011698,21.399152496039957
mp-865742,YbCdHg2,41.342,11.442,51.73170729794011,20.295947563280215
mp-865743,Ga2IrRh,198.415,48.354,231.7111906635039,70.05580603063333
mp-865752,YbGa2Ir,119.704,390.759,121.1316022412493,41.6776969924248
mp-865753,YbErPd2,79.277,27.507,79.62929004478634,28.879886470382207
mp-865756,YbGaPd2,94.214,9.818,109.0380657569003,31.17969167647891
mp-865757,YbGaRh2,130.602,55.665,153.25981724830046,57.20115529412605
mp-865759,YbHfRh2,134.565,38.75,148.39142766985495,39.83316267290765
mp-865768,Ti2MnOs,210.074,88.015,223.78362540469067,84.93258745379823
mp-865779,Ga2CoRu,188.326,88.172,196.7548397256513,90.5705962648954
mp-865780,TiMn2Ga,160.207,76.368,155.7025579063185,75.82453695491289
mp-865785,YbHfIr2,159.762,176.796,179.62486351283084,46.86397827883723
mp-865789,YbInAg2,55.757,21.769,69.73997140445829,26.01976487265488
mp-865790,YbInHg2,40.699,8.103,49.478052062441925,17.225246356859834
mp-865791,CrSiRu2,253.029,138.001,274.81639091117216,124.25655646705296
mp-865792,BeSiNi2,196.801,75.961,214.58286496173852,79.18029375430703
mp-865793,LiSc2Rh,85.14,30.034,84.74829274520468,31.48784713936012
mp-865795,LiSc2Ru,87.654,34.245,91.48300840113647,33.47149461744266
mp-865796,LuCdRh2,128.593,53.675,149.62402117168,60.288597825806974
mp-865797,LuCo2Sn,127.341,69.17,153.27972721427662,73.29479174101463
mp-865799,Yb2AsAu,55.734,36.046,60.91259942307033,24.523216513987116
mp-865800,Yb2BiAu,45.488,26.674,49.43165411622362,18.480999789598098
mp-865803,Ti2MoPt,194.966,87.695,235.2665700330737,82.43842396238644
mp-865805,TaZnCo2,201.21,81.324,223.20202960613543,82.41750852945272
mp-865806,LuGaCu2,94.234,31.195,108.91600598391992,48.742595923770416
mp-865807,Ti2MoIr,208.29,83.939,248.88491054648017,87.90595955892009
mp-865809,TiTc2Sb,210.128,97.116,229.28719822169157,99.5903649466906
mp-865810,TiTc2W,257.893,119.069,310.2438174473287,121.45786438800307
mp-865811,LaYbAg2,46.367,16.211,49.649467922566565,21.900479304822262
mp-865812,LiSmHg2,50.518,10.941,39.05550153412327,21.0101042707841
mp-865813,YbMgTl2,35.189,17.094,41.69670651487544,17.109268896569414
mp-865814,YbMgHg2,42.899,18.79,51.36756037741041,26.178618484901182
mp-865815,YbPd2Au,104.932,24.769,122.91738086779267,22.37374818491848
mp-865840,Ti2TcIr,223.944,110.73,236.82788243116676,104.99325405738406
mp-865841,YbPaPt2,118.801,28.281,124.63280394391978,26.028398290374064
mp-865842,Ti2OsRu,231.602,119.766,239.1134180365567,102.9141309161326
mp-865845,Yb2CuIr,69.855,33.64,97.04606736726733,34.59146112468279
mp-865846,LuHfRu2,163.884,74.76,174.28236484318234,67.20547591659427
mp-865847,Lu2CuPt,101.128,42.41,112.43383334640632,47.33989898652577
mp-865854,Yb2CuRh,54.848,25.194,82.47306466953333,31.82758751734784
mp-865855,Ac2SiPd,57.83,17.435,63.47594945652944,17.52644826499392
mp-865857,YbNbRu2,163.841,66.692,179.54446272332896,54.844157297397686
mp-865859,LaYbCd2,40.401,20.338,42.91897453401773,20.620483431259803
mp-865863,Li2TlPd,48.609,13.18,52.28006630131029,19.93250607172899
mp-865866,LiZrPt2,139.016,27.199,160.40477418759613,19.12357458432643
mp-865867,Li2YTl,41.319,32.362,57.21527070422889,41.5685736493626
mp-865868,LiZrRh2,137.351,45.895,157.6143748905333,55.02452504646242
mp-865869,Be2CuPt,173.915,70.542,186.4157046149956,73.08058169252317
mp-865870,LiZr2Os,134.753,47.3,132.9656563396171,42.56741371752075
mp-865871,Li2ZnAu,46.741,4.542,51.765647091267326,17.94845463028311
mp-865872,LiZr2Re,126.874,37.587,137.82846774869375,48.071258539914766
mp-865874,Li2AgHg,37.398,9.484,42.74814531825091,19.1356166740014
mp-865876,Ti2TcOs,225.088,99.119,235.36385485611848,91.99524874572316
mp-865877,Ti2RePt,212.512,77.792,240.58229554152305,88.08511396534558
mp-865878,Ti2TcNi,168.312,73.802,195.8283186304244,72.7258627984605
mp-865879,Li2AgAu,49.503,17.539,53.596812969145184,20.45117796175428
mp-865884,LuInRh2,138.075,43.403,159.97839457946773,65.40622229162533
mp-865888,TiSnRu2,205.955,106.326,225.5166918486269,120.0792248747503
mp-865893,LiZr2Tc,117.351,26.476,120.06170791559074,36.465920634782655
mp-865894,YbPmAu2,68.459,25.776,70.1937906639362,25.22765564463384
mp-865895,GaGeRu2,203.806,74.202,223.68350736620516,93.33452871687736
mp-865896,YbPmAg2,51.003,21.554,49.681793117464665,22.39635668922112
mp-865897,Li2AcIn,35.03,19.316,38.13690463160809,30.242443363429267
mp-865898,TiZnCo2,180.042,89.75,199.7012989037699,92.70516258464428
mp-865901,BeCo2Si,226.523,132.598,241.33355319849812,146.56753416563024
mp-865903,YbPmPt2,91.912,34.918,97.5690288354224,27.89981450031274
mp-865904,BeSiIr2,268.28,105.257,304.99028102138686,135.18450201790947
mp-865908,Yb2HgPb,37.023,28.619,46.32919266895996,21.339234813916136
mp-865909,Yb2HgGe,44.342,32.244,55.5705975359636,28.691121761036815
mp-865912,LiZn2Rh,102.513,37.415,118.1779504016906,42.1767001135304
mp-865914,TiVTc2,226.153,95.113,259.76044264540843,91.98277622505287
mp-865916,TiVRe2,257.696,111.69,291.57538104608506,115.54932095374676
mp-865918,Yb2CdSn,36.108,25.303,50.20515082942581,25.25481994259894
mp-865919,MgAlAg2,80.359,21.024,85.60596979812954,30.140331523033847
mp-865920,YbPmZn2,45.614,29.381,46.46857344004105,28.327741268848012
mp-865921,MgAlIr2,188.646,106.717,223.7433990790679,111.75100631371168
mp-865924,LiZrAu2,103.353,5.343,119.51308206500394,38.54775719379693
mp-865925,LiZrIr2,164.912,53.838,189.36131453171333,64.49881071163327
mp-865926,Cd2PdRh,123.024,48.221,139.68378741854374,44.127911134839955
mp-865928,Ti2TcPt,201.234,72.828,220.84708931058603,80.29409704288366
mp-865929,Cd2PtRh,136.955,44.683,158.17246459134157,44.85085134001556
mp-865930,TiZnCu2,130.031,52.34,146.15931901661978,63.49162922894859
mp-865931,Ti2TcPd,182.368,65.713,194.891238864149,69.13068230090623
mp-865932,Li2CePb,46.894,33.556,43.43227906327353,32.24088765454643
mp-865933,LiSiIr2,230.966,127.917,251.76778916864944,129.2690834862686
mp-865935,Li2MgSn,34.883,21.546,37.418085419453504,26.96401527914563
mp-865936,LiSc2Tc,82.734,32.676,86.39745282213754,34.094007005652315
mp-865940,LiThAu2,83.821,9.884,91.04454730817504,23.740536640754662
mp-865944,ThSnRu2,152.686,51.878,176.01336602756697,46.47696488687058
mp-865947,YbPrAg2,54.172,18.108,47.97642033852174,21.36007856208026
mp-865948,Ti2ReRh,213.72,102.659,235.7581219486038,92.69129164297624
mp-865951,Ac2IrAu,75.286,17.573,84.33842546065014,24.740594564220977
mp-865952,AcTlAu2,59.76,10.319,65.10447614450689,16.957346768945364
mp-865957,AcSnAu2,70.36,14.645,76.43934448730347,21.592208515391036
mp-865963,LiGaAg2,66.916,27.563,71.73068553015824,30.758957523008423
mp-865964,Li2CaSn,34.099,27.664,40.52817278017873,40.65839682651602
mp-865965,Li2CaSi,40.875,29.73,47.52024770310998,48.06497844818659
mp-865966,BeAlIr2,237.931,124.518,269.95804458479455,139.06301645133436
mp-865968,CeAlAg2,68.397,13.835,79.2956256892841,28.06977794625096
mp-865969,LuReTc2,218.979,90.915,280.19943250671935,85.00961872038275
mp-865974,TmNi2Sn,117.1,32.569,108.77119726005203,47.79526665369845
mp-865978,YbPrHg2,48.488,21.802,49.303166239715566,19.99047404881164
mp-865979,AcMgCd2,43.051,14.378,43.476446421066115,24.655986827648576
mp-865982,TmCdPd2,102.769,28.97,99.49222980847524,25.020237415171167
mp-865983,TmCdHg2,64.458,20.768,53.63306574744815,18.488619241123946
mp-865984,BaTlHg2,26.909,8.57,30.525343285480265,10.787713112681589
mp-865986,Li2CaGe,37.315,26.755,44.02452836667574,40.728572088677325
mp-865987,Li2AgPd,56.116,10.22,62.84035929368331,24.509938883648218
mp-865989,Al2IrRu,218.535,127.182,245.7517677985857,128.9362876918036
mp-865991,YbSmZn2,45.837,29.126,44.59621273600232,29.18474026887529
mp-865992,YbSnRh2,126.934,36.271,144.21518247442395,47.384548809723306
mp-865993,YbSmRh2,90.68,29.843,95.31215212701063,25.100301299342583
mp-865994,YbScRh2,108.619,40.561,128.6016726596965,42.94490654107071
mp-865995,YbSnAu2,70.05,15.34,82.76678802816726,23.412264615081327
mp-865996,YbSbPd2,91.016,23.938,108.03762899049109,28.14947520630044
mp-865997,YbPrZn2,43.874,28.411,45.94377014013166,28.521829272580927
mp-865998,HfGaIr2,212.925,67.428,237.88524552387477,11.886017733523
mp-865999,YbTlPd2,82.283,15.978,88.2989142318496,25.7612947796479
mp-866000,CaLaCd2,40.129,20.861,35.96100431866722,22.236644016375305
mp-866001,AlVRu2,236.108,125.212,266.74034333783425,117.6300771846485
mp-866002,YbTl2Cd,34.091,11.787,41.884463515714735,11.640145184965585
mp-866004,Er2InAg,65.736,30.299,58.38119269264942,25.804155069420972
mp-866005,Dy2TlCd,57.964,25.723,47.27028590216174,19.84467139086903
mp-866007,DyMgTl2,47.333,10.569,43.447754462400816,13.972167243002213
mp-866008,Dy2TlAg,61.975,25.22,50.93738240339467,23.09145735670376
mp-866012,Hf2ZnRe,160.36,60.682,177.84123622697268,66.19508187779502
mp-866014,CaSmHg2,49.261,25.27,41.83872526260206,24.649994836521273
mp-866015,CaPrZn2,43.686,26.267,41.73748490033309,29.865948736470013
mp-866018,Ac2ZnGe,47.092,21.003,48.004031206096464,16.837637330729923
mp-866020,YbSmHg2,50.682,25.265,47.64337102664427,21.798502036279768
mp-866024,Be2RhAu,183.765,27.888,206.6912894028727,92.68282987911748
mp-866026,ErNbOs2,202.723,87.3,235.2438403776581,89.61090733558507
mp-866031,Al2FeIr,203.229,110.178,201.12036986002173,114.7176790178776
mp-866033,AlZnRh2,184.832,92.448,197.9790380972159,96.84823553982322
mp-866037,GaNiRh2,173.642,64.205,234.17389845346844,69.02993066429181
mp-866051,HfFe2Sn,183.726,107.986,176.27666704401162,103.0187499160721
mp-866061,CaSmZn2,45.189,27.213,38.948487356539175,28.87749669440466
mp-866062,HfSiRu2,228.517,106.888,254.6290996224381,122.33170729518396
mp-866063,NdDyMg2,40.013,22.984,28.747107773883172,20.601194450562136
mp-866067,Nd2CdIn,50.858,21.146,40.00759228457313,16.926165005630462
mp-866069,MgScRh2,127.869,60.221,134.79334051466194,62.92362363264555
mp-866071,MgTaOs2,228.974,100.834,246.54099951144445,129.93931252935627
mp-866073,MgSnRh2,147.583,26.257,161.32252028566535,74.13368025541556
mp-866075,MgTaIr2,216.134,183.204,258.2548024439918,65.01636624499614
mp-866077,MgSc2Cd,57.839,33.262,60.45994784927286,33.67240981856988
mp-866079,MgSc2Ru,90.878,16.985,92.63212023429442,37.88412372868154
mp-866080,MgSc2Tl,58.309,23.613,57.74911307882193,24.87415693682488
mp-866081,MgSc2Os,105.142,25.439,102.74397460216572,40.03340375160492
mp-866082,MgSc2Tc,88.439,22.204,89.73917521479463,38.55025830472402
mp-866086,MgSiIr2,213.993,97.486,252.42366611366697,112.47158882411746
mp-866087,MgSiRh2,179.203,75.943,200.3416282467275,100.83239524141489
mp-866088,Hf2CoTc,177.082,84.695,193.33569005220124,87.24780819234248
mp-866094,HfZnCu2,129.32,43.166,142.64783041124534,61.30825684603936
mp-866103,Ac2MgSn,38.111,15.688,35.56554154941552,15.91763766305587
mp-866104,CaCdHg2,38.807,11.995,39.734009981959694,15.876314587797856
mp-866107,Ac2IrPd,77.317,20.378,84.91318943128498,19.304067768035473
mp-866109,HoNbOs2,200.406,84.188,240.38099201874505,91.77690192952828
mp-866112,HoNbRu2,173.786,66.781,196.78208334080904,57.96003961571011
mp-866114,HfTc2W,246.139,118.179,291.96238982294216,122.01520129086218
mp-866115,Be2PdRh,193.549,99.772,217.11749246575155,109.47401432001602
mp-866116,HoTaRu2,183.596,73.942,196.0235184252728,62.690079346095935
mp-866117,HfZnAu2,137.013,16.877,153.03199920151786,36.526328415106214
mp-866120,Tm2TlAg,66.273,29.296,52.161465648037,26.277616223001523
mp-866125,LuTaRu2,190.885,87.342,226.98002799721917,78.29843504889826
mp-866127,LuTaOs2,218.717,102.576,259.08042547452726,102.9364459452686
mp-866128,NaTmTl2,37.535,23.164,32.086054598322036,18.680891581943943
mp-866131,Lu2TlAg,65.545,29.72,70.06931292276145,28.91255718208388
mp-866132,Na2TlSb,24.55,18.578,26.341605226249396,15.109338688374091
mp-866133,Lu2TlCd,60.239,21.558,61.890860816979114,22.467613380458015
mp-866138,LuSbRu2,168.296,88.091,212.94635040023155,100.49393133217616
mp-866139,TiBe2Ir,189.33,65.793,196.5820711434508,43.698442292904566
mp-866140,TiGaPd2,155.629,18.4,169.42047988769158,21.98645572920937
mp-866141,TiFe2Si,230.374,146.521,243.1373955162194,149.2235297331234
mp-866142,TiGaIr2,227.636,85.752,255.08056593796945,26.843832785084626
mp-866143,TiBeRh2,203.582,98.384,231.3259854565893,100.43209156534826
mp-866146,LiSm2Ir,74.686,30.036,66.56279224508016,30.231341676597953
mp-866150,LiSm2Os,74.266,31.695,62.551609712960555,25.134245514414054
mp-866152,TiBeCo2,191.214,104.999,203.28650256990244,106.58939976683892
mp-866154,TiBeIr2,241.903,121.444,285.20988194933375,122.62409802114944
mp-866155,TiAlRu2,209.627,91.984,228.99706336463515,105.38486913089834
mp-866156,YGaRh2,138.306,44.976,162.5394628619999,58.86505178386217
mp-866158,YLuMg2,43.556,23.614,45.264126303504526,27.353268169950212
mp-866159,YZrRu2,147.893,65.206,158.1412102271737,59.724075727387145
mp-866160,Y2AgIr,96.832,32.475,103.83488438239446,40.69513628081712
mp-866162,YMgAg2,64.686,13.385,70.0427771128421,30.34101760433876
mp-866163,YInRh2,127.682,37.6,143.14291519152695,55.47727440498216
mp-866164,YMgHg2,61.585,26.818,60.80199745128949,31.09692106926069
mp-866165,YMgRh2,109.638,47.658,120.69252920299556,51.062913570754375
mp-866166,Y2PdRu,102.15,37.213,112.56546830214978,38.858510953731354
mp-866168,TiInPd2,125.716,22.501,151.2063600563602,34.012562092054935
mp-866169,KTl2Bi,22.656,5.834,24.72934260156748,5.045791759030399
mp-866171,YMgAu2,83.086,20.128,89.71424979133398,35.52923063364517
mp-866173,Y2RuRh,111.433,46.33,120.90695204644987,44.1092308980468
mp-866174,ThSnAu2,99.611,17.763,111.71467036098346,20.88146304710053
mp-866175,Yb2CdIn,34.611,20.71,44.229041440080806,24.213820698032823
mp-866176,Li2PdAu,68.175,23.405,75.18700250298582,26.084824153846657
mp-866177,YbAgPd2,91.195,24.979,112.39769622306692,25.03193405048947
mp-866178,Li2NdAl,42.611,29.333,48.320679194573415,35.29711151421688
mp-866179,Li2NdTl,39.457,28.708,42.11125579662624,29.466646528589695
mp-866180,Li2YbPb,28.662,23.4,42.766915187379645,30.44502599212405
mp-866181,Li2NdIn,40.663,29.888,43.90021864029605,33.97733354658584
mp-866183,Ti2ZnRe,168.977,62.502,190.73110908114955,74.14247849269941
mp-866185,CeCdAu2,74.979,2.402,86.64378236550247,29.42598055008897
mp-866187,Ti2ZnTc,158.023,47.873,172.1980805031731,64.87886529124846
mp-866188,TlCdRh2,137.541,51.879,152.49670639967337,52.48435156920661
mp-866191,Li2YbSi,42.316,33.395,45.97868035681406,45.39748961987549
mp-866192,Li2YbSn,34.107,29.306,44.32979871272826,36.72431137567135
mp-866193,Li2LaIn,37.747,26.277,46.019217016358866,39.25333256559583
mp-866194,Li2MgCd,28.998,20.86,32.994507761576614,18.38192876244336
mp-866196,Li2PrIn,38.333,27.925,41.85836128793253,35.13203003511898
mp-866202,Li2SnPt,67.708,29.364,75.82801100294454,29.183550164378012
mp-866203,AcYbHg2,42.483,17.216,48.3756086685958,21.2836206439667
mp-866204,Pm2SiHg,66.613,21.006,67.64281513920658,11.317798122030728
mp-866211,Lu2CdIn,59.863,20.582,63.76019455877677,24.932878432401388
mp-866213,TiTc2Mo,248.307,122.887,290.1501031715381,108.3547984926198
mp-866218,Ti2MnRh,191.897,80.041,205.61403716759816,78.1407185287209
mp-866219,HfSnRu2,199.577,107.6,221.63411105922225,115.2730681672352
mp-866220,CaNdZn2,44.441,26.537,41.08419533175684,29.480719556598824
mp-866223,CaYHg2,52.306,27.182,50.73502725103557,29.559778674337075
mp-866224,Be2NiPt,197.731,63.503,208.0302525587076,98.06126419080272
mp-866225,AcMgHg2,48.779,13.617,48.860231800320186,22.676347291405808
mp-866227,CaNdRh2,82.434,27.763,87.09705178819885,24.826036965937305
mp-866228,CaDyHg2,51.03,26.726,47.09951126624749,27.094349343582717
mp-866229,Ca2SnHg,36.778,28.384,34.54459334005188,21.49944784148758
mp-866279,CaCdPd2,75.884,15.863,81.46302612350445,24.39558874154324
mp-866284,Al2IrOs,233.311,130.885,271.797801129282,147.00189084681747
mp-866285,ErSnRu2,150.594,66.736,161.60741109027964,70.45479024119754
mp-866287,DySnAu2,88.94,15.162,90.01399571118145,21.482085385612677
mp-866288,BeVCo2,44.835,57.185,222.5229208527063,101.10858687302355
mp-866289,Ac2ZnSi,48.815,23.997,54.18137737000263,18.533016278905517
mp-866295,DyLuMg2,43.506,22.533,39.74683482058211,24.319201166578537
mp-866296,AlCuPd2,161.409,15.865,178.53061450741495,47.037713882064885
mp-866299,ErTaOs2,212.608,95.013,232.78087395224085,93.1108300972542
mp-866375,TiFe2Ge,210.464,127.259,224.6562030008173,127.71741765637388
mp-866376,TiMn2Ge,191.642,85.453,199.8852683642899,96.0032899970592
mp-867107,BeSiOs2,286.259,149.646,318.8739316379045,165.6373703030919
mp-867109,ScZn2Ag,84.013,35.169,89.27418159348106,42.54027722555928
mp-867110,Sc2CoOs,137.844,64.672,153.10026774024217,71.15606605518153
mp-867114,TaBeRu2,234.983,73.87,259.2238807917593,111.21748433277632
mp-867116,BeGaIr2,238.142,107.436,274.09971038798164,124.70504354404156
mp-867117,Sc2CuPt,112.788,44.091,115.31302683889716,43.73862744538083
mp-867118,LaSnAu2,77.314,21.755,85.67594501758079,22.68128487445838
mp-867119,LiHfPd2,117.376,19.867,126.8222825291238,26.29325771843514
mp-867120,TaMn2Al,201.123,107.903,208.9807297819221,100.26856209665148
mp-867121,LiY2Pt,71.412,30.073,81.70479872662796,31.193844098004263
mp-867123,TaTiOs2,267.946,94.516,291.37747788522853,93.27429649471544
mp-867125,Al2RuPt,201.068,97.729,231.71110299182163,101.5341404985451
mp-867127,ScCdAg2,80.644,26.055,86.0633613154439,30.293469417344287
mp-867128,Sm2PdRu,94.638,29.904,76.61273359288592,23.3806672116302
mp-867130,SmHoMg2,40.49,21.549,26.149260465714622,19.015476043014697
mp-867131,SmMgCd2,52.617,25.367,47.6136761487356,28.58111385268785
mp-867135,ScZnPd2,117.696,13.032,128.70071343759716,33.31895155480754
mp-867137,ScVRu2,194.203,87.109,219.1257141074591,87.08347274510803
mp-867144,CaMgHg2,40.504,17.74,40.61925686774091,21.68486686865416
mp-867145,LiHo2Ga,54.046,34.678,39.48288433982505,29.099393772382715
mp-867146,ScNbRu2,196.752,92.83,221.89047320968308,89.02358821748997
mp-867147,BaNaHg2,20.768,2.7,22.900417624548844,10.09243984692994
mp-867148,LiHfRh2,145.866,55.025,163.0822490088556,61.29988792139109
mp-867149,Sr2CdSn,29.052,22.989,29.67312112668953,19.214619230662446
mp-867156,ScGaRu2,167.594,62.044,185.79806977655923,79.34673838080654
mp-867157,SmCdHg2,60.568,13.446,53.80846851785702,22.763426266413266
mp-867159,SmDyMg2,40.294,21.856,27.773913482945748,19.804965038524273
mp-867160,LiCd2Au,64.741,16.546,74.2916768182924,21.104109485071863
mp-867163,Sr2AgPt,39.938,16.759,41.99742269036106,18.631240918513196
mp-867167,LiCa2Tl,26.242,14.441,28.26199011358896,18.267870638638012
mp-867169,Sr2SnHg,30.248,23.267,31.06140374571719,18.74360058079177
mp-867170,LiGaPt2,151.641,153.628,168.48831523718428,48.63474295949449
mp-867171,SrLi2Sn,30.554,21.366,35.49047360997575,35.4759904432384
mp-867172,SrMgTl2,29.945,8.433,28.905115533818147,15.95706166199219
mp-867177,PrCdHg2,57.938,18.366,57.019726292200616,23.97963999033932
mp-867178,PrMgCd2,50.25,23.368,51.8188467072496,29.516814293011404
mp-867181,SmMgHg2,59.687,25.006,50.01745893575348,26.19734763644636
mp-867182,Sm2ZnIr,86.846,30.325,79.28593630698234,30.203667366184888
mp-867186,CeZn2Ag,58.884,25.752,70.28608960602348,33.17348154592567
mp-867187,ScInIr2,175.784,79.491,194.1881914918035,65.73752876359138
mp-867191,Sm2TlCd,53.486,21.025,39.90893085359841,13.111857614557657
mp-867193,Sr2BiAu,35.078,20.738,31.8506794926474,17.31874094912335
mp-867196,LiCd2Pd,71.539,22.13,79.09640851369299,25.620121277691663
mp-867206,LiCd2Pt,84.2,23.689,93.00462338913614,26.726847209221525
mp-867207,Sr2HgPb,28.446,21.909,28.665949853917272,16.282887936102835
mp-867210,LiCa2Hg,26.023,12.698,25.94762857121015,14.26164025506373
mp-867211,LiCa2In,27.505,18.813,28.494994883455753,19.963178117218483
mp-867213,Er2OsPd,117.96,47.096,107.04098598166686,38.45374778989915
mp-867214,Er2IrRu,130.801,58.373,124.16491077945902,44.97621401399236
mp-867216,TaFeRu2,238.287,104.493,259.525371190664,63.20751773613319
mp-867217,CaPrHg2,47.326,22.66,42.5770310036552,24.0550314177489
mp-867218,SmAgHg2,67.274,18.217,58.79838596774171,17.17881280740854
mp-867222,LiCa2Ir,48.032,26.111,48.62843065965816,24.760134809547925
mp-867223,LiGa2Ni,90.52,42.228,91.56394175533995,51.23476011772897
mp-867224,CaNdCd2,41.739,21.903,36.9089191673357,22.603068943718764
mp-867233,Sc2ZnIr,119.005,40.989,119.1887820347048,51.157926377388144
mp-867234,TbMgHg2,61.719,25.823,59.32971895626544,31.529007890012544
mp-867235,LiY2Ir,80.823,32.546,90.4889041741968,33.30320476516461
mp-867241,Ac2GePd,56.205,16.817,57.771040123707174,15.618216739915272
mp-867242,Sc2ZnGa,78.569,46.4,80.6935814912192,42.08265559480217
mp-867243,Sc2ZnOs,120.86,45.33,123.18851941484068,53.961253614098794
mp-867245,LaAgHg2,59.426,11.582,60.56300696627884,15.923301993646314
mp-867249,TaAlFe2,219.675,139.325,241.90971706856885,120.75874738370028
mp-867250,LiZn2Pd,87.893,26.455,93.65032418242866,29.70051307834009
mp-867251,LiZn2Pt,104.433,31.667,111.07216898826154,36.21379788565161
mp-867252,LiZn2Ni,41.35,35.747,94.95214550484654,42.31962263893041
mp-867253,LiZn2Ir,116.817,40.679,137.46309120743925,48.679251799923776
mp-867254,SmAgAu2,84.99,12.155,73.72713899505811,14.080711516487291
mp-867255,LiZn2Au,80.793,20.303,90.10122600650232,27.775746597411107
mp-867257,CaPrCd2,40.978,21.552,36.98681715302622,22.913902707220657
mp-867258,LiZnPd2,109.393,50.885,118.16946229498124,46.24153593923031
mp-867260,CdAgPd2,115.666,10.784,127.77333777529202,26.63094736422759
mp-867263,ScCdHg2,68.137,23.311,72.67519895600046,23.067726353485213
mp-867266,CaMgTl2,33.477,10.983,33.13990115729912,15.876119229717048
mp-867267,LiHo2Pt,74.476,31.91,63.58977245369688,32.7390422581306
mp-867270,Be2CoPt,207.943,111.666,209.46060318960852,125.16021209916912
mp-867271,Be2CoNi,194.115,125.949,203.6052558064346,126.34324105335848
mp-867272,LiAlCu2,87.133,53.421,99.64060787165388,49.54474497842943
mp-867273,Be2CuIr,210.143,67.75,225.78574968530032,101.252569691152
mp-867274,Be2CoIr,219.36,113.398,222.92109324852763,133.20744682379296
mp-867275,BeVOs2,276.013,123.705,299.473427333894,129.070275933444
mp-867277,Ho2MgAl,55.443,36.114,39.65435648955437,31.50457492570345
mp-867280,Be2IrPt,238.159,125.302,268.3564724372269,132.92316956001534
mp-867285,LiTb2Ir,81.503,33.159,82.75327701681894,33.5686675100896
mp-867287,LiInAu2,76.048,20.793,80.32627178979395,13.633658742347317
mp-867292,Ga2RuRh,199.112,92.754,217.29713603711485,90.17814852305474
mp-867293,LiCo2Si,171.867,117.437,190.20392438688083,117.89464675123476
mp-867304,BeVFe2,212.177,107.484,210.8893066266225,114.281219056072
mp-867306,AlCuAu2,134.721,18.751,152.73097846278523,17.228816354317892
mp-867307,Be2RuAu,193.573,99.781,236.9746512344237,104.86114527187856
mp-867308,InCuPd2,148.622,3.839,149.83185709867385,27.814811299697215
mp-867313,LiTmPt2,103.456,37.47,106.0337266063592,-5.135820449320369
mp-867319,Al2CoIr,199.848,93.491,218.6760751036894,112.3955804586196
mp-867326,Al2RuRh,200.128,119.809,219.93153394307575,120.6594047126437
mp-867327,Hf2TcRu,193.02,91.598,196.48842842108175,86.85284099558945
mp-867330,Al2FeNi,163.496,89.022,167.97096442978722,96.45658962087174
mp-867338,AcCdAg2,52.821,4.795,59.88424415776835,19.759911812683796
mp-867346,ThCdHg2,72.453,16.677,81.41549844264361,28.703877921399013
mp-867349,Dy2MgTl,50.473,21.635,39.85959449570427,16.50397177856811
mp-867350,Ca2MgIn,30.387,20.709,31.477696928623324,21.867064709690837
mp-867353,ThCdAu2,99.567,19.368,112.23258699220077,32.59247911821334
mp-867361,CeTlAu2,83.944,20.109,75.96002691987331,20.597713851170848
mp-867372,ThCdAg2,82.451,19.287,91.62985509578196,31.086904467331465
mp-867422,AcPbAu2,65.405,17.124,72.14733470527091,20.603673112647325
mp-867507,TaGaFe2,222.56,126.478,235.6868136818682,111.44189171418282
mp-867748,ScSnRu2,169.616,80.239,183.5377472138819,96.18881639033155
mp-867751,Ca2AgSn,39.951,2.711,39.89080519230657,22.9824783552067
mp-867753,CuSbRh2,187.6,192.924,195.05092193535833,40.6487614476543
mp-867756,Sc2CuAu,97.087,36.068,99.88527241465644,42.360098633745245
mp-867761,Sc2CoRu,135.073,59.335,135.2029907417764,61.203136270279806
mp-867762,DyMgAu2,84.578,20.809,80.03955785508187,28.89130741944601
mp-867769,ScZnRh2,151.149,60.401,155.15742385564664,66.64252364674552
mp-867771,TaCuRh2,224.467,40.955,249.26668899665057,54.430925161112135
mp-867773,DyMgCd2,54.341,26.236,53.48642192246614,30.631117182029257
mp-867775,Al2NiRu,180.486,83.722,206.0690657928859,99.84787186277052
mp-867779,Ta2CrFe,231.932,99.304,269.7203535897411,87.33638969329708
mp-867786,ScNbOs2,220.674,108.258,260.7843298687318,117.20336978061586
mp-867788,TaGaOs2,268.88,122.335,312.78834296754826,142.78362881529668
mp-867794,Sc2CuIr,129.422,46.495,129.50854110124587,50.73392399768272
mp-867795,ScNbTc2,186.133,66.322,211.30208928794403,67.1046570814653
mp-867798,La2AgRu,71.667,8.445,79.40279466796925,20.47339612259906
mp-867799,Ca2BiAu,42.058,24.891,40.89111492741581,20.211874821636854
mp-867801,La2AgSn,49.213,17.588,50.349854306796054,12.234033209660218
mp-867802,Sc2CuOs,127.176,53.734,134.883721820765,56.02577484486456
mp-867803,LiCa2Cd,23.718,11.67,25.59344925058233,14.714750541068543
mp-867805,LiCa2Ga,28.548,20.928,29.72229790786756,21.18455182858569
mp-867807,LiYTl2,41.8,16.305,46.63600962137123,23.210699934883817
mp-867810,LiYHg2,52.184,12.474,51.015544581913055,26.562175936066517
mp-867812,LiAlNi2,117.454,4.832,128.80330664329543,61.93133496988833
mp-867821,TaTiMn2,207.781,83.607,241.88445965919837,74.71163173978813
mp-867826,DyMgHg2,62.879,26.307,55.92872853159228,28.305070911615324
mp-867828,BeNbRu2,227.135,69.434,248.02471170478444,99.40874760179662
mp-867829,LiVRh2,179.191,80.647,196.14369391970743,72.89730251367921
mp-867834,LiHfPt2,146.996,23.595,166.48645861429824,26.833495864866293
mp-867835,BeSiRu2,247.221,122.52,260.03740234149694,115.34056799011942
mp-867837,BeCrRu2,254.421,103.767,297.6633458718284,126.27845824195826
mp-867840,BeFeRh2,206.038,87.815,216.1973460719275,86.76776113361743
mp-867842,ScInRh2,149.145,70.882,161.5456939867706,68.8816907878324
mp-867846,TaTiRe2,257.421,116.994,295.90708077760377,113.81415149160436
mp-867847,La2ZnRu,69.985,3.618,72.46034597414352,21.86158777349201
mp-867849,Ca2TlCd,32.155,19.163,32.29752067812907,20.198526712172924
mp-867850,ScMnRh2,149.04,62.195,178.81328254688117,56.10630383999564
mp-867853,SmCdAg2,67.735,8.012,60.229371029254125,18.11689636682536
mp-867854,Ca2ZnRh,48.691,21.138,52.56175599181539,21.08149495836042
mp-867859,Sm2IrRu,114.186,41.151,99.14331804372556,27.8344140246984
mp-867861,SmYMg2,40.002,21.373,31.3765271447444,22.844988886299227
mp-867862,SmMgAg2,62.849,6.665,52.84366612169176,21.234976233015026
mp-867867,SmMgAu2,78.669,0.457,67.71084924580673,23.845922342851654
mp-867868,Sm2AgIr,89.778,25.511,83.32222170894644,31.014544812700425
mp-867869,Sm2AgRu,83.326,27.293,69.48884634663615,24.445448773673583
mp-867872,LiCdAg2,58.234,8.994,63.730676980835845,18.688762061569633
mp-867873,LiTm2Al,53.804,35.568,35.911228657352055,29.733232375219952
mp-867874,BeVRu2,241.663,90.582,283.1502979512156,108.699346732184
mp-867876,SmTlAg2,65.15,19.196,51.97509619356381,19.031288709383677
mp-867878,AlFe2Si,214.474,123.796,199.3240040456798,139.66398761434436
mp-867881,ScTlRh2,143.099,59.512,162.22104174357162,61.03380187307612
mp-867882,SmCdAu2,82.573,7.809,72.53087454442725,21.197728011721352
mp-867887,Sm2CuIr,89.382,30.369,82.71361898689315,34.05150437934572
mp-867894,Sm2MgAl,50.087,30.872,33.93882735734635,22.06068217008286
mp-867895,Sm2CuRu,84.831,32.134,65.68587757497576,23.480020328690397
mp-867896,ScZnCu2,99.218,28.575,108.15044649464087,44.38471455547061
mp-867897,ScTaRu2,204.892,102.073,229.60262179015203,96.04673903263408
mp-867899,Sm2IrRh,110.279,24.382,99.10331313860186,24.604288080917996
mp-867901,ScTaTc2,194.629,73.091,216.6666333504097,70.94460342973038
mp-867902,LiSiRh2,186.513,102.23,202.04958052680945,101.99202603629844
mp-867904,AlGeRu2,214.114,94.027,226.89562083500468,107.71548440578854
mp-867908,LaBiAu2,73.505,12.425,79.7535311662971,11.359586645849896
mp-867909,ScCdRh2,139.152,50.956,151.55866927387856,62.63374009895377
mp-867911,ScCdPd2,113.454,22.942,117.8031144634194,30.58383198387567
mp-867915,ScGaCo2,149.332,87.694,162.11482123709663,88.99001864901436
mp-867916,ScGaIr2,192.627,94.927,221.73405322346187,85.32953541936782
mp-867917,CuGeRh2,199.92,66.761,235.07410344677464,71.92817621877873
mp-867919,ErNbRu2,177.241,70.762,192.9555956022381,60.762677728204416
mp-867921,Sm2ZnRu,81.483,24.579,62.333208611008665,23.392272618229654
mp-867922,ScAlRh2,163.077,82.681,172.8969541202078,82.6889254274776
mp-867923,ScGaPt2,151.349,0.02,157.01434893421396,5.930003120346605
mp-867924,LiCdPd2,93.448,30.879,102.88683909687394,25.947038891015925
mp-867925,SrAcHg2,37.418,18.913,37.46138728442778,23.56114562263397
mp-867927,LiVIr2,223.046,108.216,256.4148070241716,106.1182429718114
mp-867928,ScGaRh2,163.021,75.808,179.03589692627492,77.499210149307
mp-867978,SmInRh2,121.874,38.283,118.40873496736197,42.879967804134985
mp-867979,LaInHg2,52.025,11.561,63.18290246660904,24.570765063989143
mp-867985,SmPbAu2,77.954,18.567,78.1673583994856,20.920160918665413
mp-8812,Rb2GeF6,17.736,7.65,66.96388154686147,35.51186325120762
mp-9262,Cs2PtF6,11.837,7.232,66.11667765596175,25.691234313500633
mp-9472,LiAg2Ge,64.676,17.417,70.37871048723837,23.264180471783177
mp-971702,YbNdCd2,42.101,21.937,41.363897371587946,20.772429634591767
mp-971705,Tm2MgTl,51.653,19.59,41.10856496580291,22.29741419392586
mp-971738,ZnCuNi2,155.672,56.716,174.90931118715923,55.039422574763385
mp-971739,ZnCuPt2,183.726,55.834,202.5290096072876,49.174395960618824
mp-971799,DyYHg2,66.15,27.672,59.911336406218574,25.021993561880176
mp-971827,Zn2CuPt,142.949,3.265,151.65934703180622,29.020310221589025
mp-971836,Zn2NiIr,176.569,56.286,191.1263486531382,63.37386880813889
mp-971891,Zn2PdAu,128.444,18.995,142.99784106485794,28.82398469690572
mp-971922,DyYAl2,65.046,36.907,62.52741218442525,24.94666003994251
mp-971924,DyYAg2,67.395,33.808,62.54760403410344,26.072725058574935
mp-971979,Tm2ZnAg,68.975,31.805,52.23771324060211,28.01064658331305
mp-971985,TbAlCu2,92.528,23.388,96.75123915578862,48.99472147803023
mp-972062,YbTmHg2,53.312,25.438,51.613384348945345,22.776961914234164
mp-972119,SrCaTl2,28.313,16.901,27.559571877084824,18.86782803001738
mp-972180,YbMgIn2,37.737,17.921,42.18428417312126,17.512681434353105
mp-972183,ZrGaPd2,146.226,5.176,162.49822930616202,29.304738263556228
mp-972205,V2MoOs,263.582,116.67,292.23792674385214,103.29886456841729
mp-972209,Ta2TcW,250.356,104.672,305.43056859793467,90.6211319786238
mp-972217,Ti2CuTc,167.17,52.288,181.61334284079,64.3122239484125
mp-972238,Ti2VIr,179.691,84.534,197.15187225683053,73.0027923708251
mp-972241,Ti2ReTc,217.331,83.786,231.63786356001643,71.13288034735612
mp-972244,Tm2ZnGa,68.836,41.351,45.23005095777068,30.23694027781504
mp-972274,Tm2ZnHg,68.285,32.424,53.44479510405972,25.74910626275266
mp-972275,Ti2ReRu,219.69,93.59,232.94671247936353,97.1760634743872
mp-972323,TaNbTc2,251.053,123.911,280.57081158023635,104.22120785540012
mp-972337,Ti2IrW,216.082,92.111,254.21184370877248,97.77340327063752
mp-972370,Yb2InHg,36.324,18.49,46.94892300705736,23.253716764399325
mp-972396,Ti2MnRe,230.659,71.729,220.5317309984013,68.06541905568976
mp-972415,YErAl2,65.872,36.138,64.90404883826818,24.60807190161027
mp-972420,YErAg2,68.674,35.034,64.91668295102576,27.13196318055959
mp-972455,TmLuIn2,57.35,15.051,57.94019359631164,13.104481651139327
mp-972504,Sm2AlZn,56.309,31.189,41.51653625018801,22.913839336579848
mp-972511,Sm2AgSn,62.377,21.731,44.43140338947384,12.164283952188534
mp-972522,SmTmZn2,58.598,27.032,41.53729380381038,26.541140965771262
mp-972526,SmSnAu2,84.809,17.723,79.98612559644148,23.10877944695201
mp-972528,SmYAg2,63.294,27.002,56.42962653721549,22.584622671876907
mp-972530,Sm2AgRh,79.206,21.569,65.45327491277729,23.34554840285241
mp-972536,Sm2TlAg,57.182,18.836,42.03330679630571,14.239611953119471
mp-972540,SmYZn2,59.049,27.058,50.07437008816863,28.78202855243915
mp-972541,SmTmTl2,52.625,15.513,44.95952289580608,12.827073864858628
mp-972601,SmLuMg2,40.91,22.235,34.78902832513692,21.87262567664232
mp-972623,SmHgAu2,83.971,11.832,69.66825837527394,17.232697272830265
mp-972635,SmErHg2,62.653,21.019,51.22337245078136,21.106080724890564
mp-972640,SmDyZn2,57.307,27.83,44.89798229847886,26.57176991663688
mp-972641,SmHoIr2,127.431,124.147,116.46633832787504,29.910679891392373
mp-972653,SmHoTl2,52.516,15.194,44.698659678003175,10.098071290649026
mp-972657,SmBiAu2,81.328,9.128,78.46151309492237,10.44689509262389
mp-972810,SiTc2W,286.173,99.977,331.8595799293564,127.78634022502769
mp-972861,Sc2TlTc,103.541,32.002,100.21596511572233,46.25368196481461
mp-972866,Sc2PdAu,107.16,28.725,102.3248722773337,36.734207057982346
mp-972869,Sc2GaPt,107.133,36.88,106.39630276382124,45.00510120134772
mp-972877,Sc2AlIr,117.54,51.8,115.48013103502385,57.80449287960024
mp-972879,Sc2RuAu,125.306,30.673,124.1648131035238,44.73208980014228
mp-972882,Sc2CdAg,72.853,31.094,77.46098480826956,33.93073333747573
mp-972884,Sc2AlCu,81.231,38.357,77.55984248263303,43.87007099423008
mp-972898,Sc2GaAu,90.144,35.177,92.87042930878464,37.441319855505945
mp-972899,Sc2GaIr,118.555,47.121,117.61521761519606,54.35825466753598
mp-972907,Sc2AlAg,78.735,34.736,74.82032169070912,37.20066068268394
mp-972914,Sc2AlCd,72.984,37.11,75.92794527652646,37.71862184645535
mp-972925,ScZn2Au,98.751,37.129,107.5551566010204,44.02207527802141
mp-972945,HoErAg2,69.968,35.826,57.05546312370108,27.152269324888504
mp-972949,LaSmZn2,49.862,26.851,43.35861501732153,23.45862919128816
mp-972957,ScTiRu2,177.267,77.929,188.2538666220901,80.52869391124288
mp-972960,La2IrAu,86.527,12.239,94.58099098197036,21.71077171425518
mp-972961,Sc2NiRh,118.07,40.973,120.8392529770934,44.278927442935185
mp-972966,Sc2OsAu,135.881,36.621,136.74345789949376,54.85157428570642
mp-972970,ScSiRh2,179.189,40.67,192.88059888933344,64.37328902806225
mp-972984,HoErAl2,67.462,36.47,54.72367727780979,22.49969177063216
mp-973056,Na2CdHg,17.144,7.485,16.963907130609996,4.4856920638439615
mp-973058,LiLu2Al,54.59,35.495,63.12195627747622,41.50019746722827
mp-973066,ScGeRh2,172.9,161.339,184.7655305095204,49.48302409406421
mp-973067,ScGa2Ru,128.767,23.656,130.0040949450232,15.377304237763484
mp-973088,MgInAg2,68.284,19.238,73.27915879819751,18.752524821295665
mp-973109,NdYIr2,120.551,64.194,129.67997377389324,28.63898665690739
mp-973133,ScCuPd2,127.319,285.597,138.85169372536356,25.82029326032505
mp-973141,ScCdCu2,90.97,37.258,103.4548081786769,42.930831454021174
mp-973142,ScZn2Pd,104.061,33.304,104.9621821837436,24.64066506463909
mp-973153,ScAlPt2,157.156,14.097,161.3427656859173,28.60075213496438
mp-973256,LaMgTl2,44.465,15.15,45.5267710068936,15.90610153359146
mp-973270,Ho2RuAu,104.31,35.688,88.20736985164518,30.98450482188461
mp-973276,HoLuCd2,59.674,28.768,57.80681531972073,27.896523752943132
mp-973325,Li2MgGe,38.78,25.839,44.376702047818966,31.595849708414736
mp-973343,Li2MgHg,30.915,18.917,35.32986331217716,17.689610973580436
mp-973432,LuScRh2,130.571,46.272,144.20812788858538,50.98095823371123
mp-973434,Hf2IrRu,199.022,376.325,207.9360627723207,53.64561779245642
mp-973442,Lu2AgPt,99.763,35.918,110.212108746357,43.82254036980536
mp-973443,Hf2ReTc,199.747,79.557,209.32967074760825,64.7126669175574
mp-973538,Lu2AlZn,67.89,40.238,74.53745761744624,38.54111094486077
mp-973561,LiCe2Ru,65.477,6.7,73.67782525067472,9.32477508827434
mp-973564,La2TlZn,45.039,16.18,46.48103552198638,13.98859856983723
mp-973572,La2TlHg,48.249,17.844,50.093147435187674,12.22282421916337
mp-973606,Nd2IrAu,92.21,24.25,97.6963399552512,27.841923618116574
mp-973636,Lu2ZnGa,68.94,40.108,76.07436133684081,35.192565728913394
mp-973646,Lu2ZnHg,70.073,32.936,74.68534029379032,32.67310798519566
mp-973653,Lu2ZnAg,69.957,32.871,80.15519212837864,39.57523848175068
mp-973734,Lu2InHg,65.863,24.399,65.44644053163222,18.737971941252493
mp-973771,Lu2MgHg,57.128,25.804,57.2526275072967,23.739620073946973
mp-973826,LiHoSn2,46.456,79.056,41.10000158876374,-11.60150735859355
mp-973841,LiHo2Al,51.616,33.455,36.91642698539155,30.865098381786957
mp-973847,La2ZnGa,47.145,25.569,52.602697220285926,18.492063384553948
mp-973874,LiLa2Al,36.572,21.112,41.984460524685105,22.024764436821147
mp-973887,LaPrHg2,51.146,17.531,48.92427475505906,16.087035352530823
mp-973890,HoHfRu2,157.415,71.534,150.7455313053131,56.22667166655278
mp-973893,Lu2TlHg,63.57,21.382,64.05704339765377,19.12139626427028
mp-973894,LaNdZn2,47.768,27.055,44.11215161181942,21.245360985331903
mp-973910,PaAlCu2,112.124,27.647,131.42898141339276,54.98356176316759
mp-973956,Lu2CdAg,66.319,28.195,75.3652364960923,34.780303625958695
mp-973957,La2ZnAg,48.916,16.435,50.72535272474368,17.038868419852616
mp-973979,LiFePd2,119.616,34.793,122.44105876122578,38.01021078530819
mp-974063,HoScRu2,130.162,51.077,123.4204889359956,38.92398892905094
mp-974221,HoErTl2,52.564,13.122,49.33450811086162,13.027398928996384
mp-974253,HoErZn2,62.845,30.971,53.88229098076782,34.79356358333768
mp-974387,Nd2AgHg,56.88,17.033,46.419795376062595,16.058623860271002
mp-974517,NdErMg2,40.097,22.854,29.463934741778633,19.207034375321513
mp-974523,NdErTl2,51.522,14.981,48.45778030164223,13.610115348446891
mp-974527,NdSmZn2,53.007,28.981,41.66209655020839,22.417890923301098
mp-974583,NdSmIr2,116.681,217.193,112.604350172217,20.07285097114952
mp-974638,NdErZn2,57.029,27.584,49.82706977716297,26.789607447714246
mp-974642,LiAg2Pb,47.164,8.871,54.80235689726344,8.342595504569907
mp-974708,NdTmTl2,52.034,16.032,44.047989293059864,13.909275536558
mp-974782,NdTlAg2,62.88,18.307,57.887807960856534,21.748153930537523
mp-974943,HfZrTc2,182.079,71.432,195.2117402300937,51.85207292401307
mp-974973,HfZrZn2,109.761,49.601,121.5974258919107,32.80651697377878
mp-975049,NdSmHg2,57.477,18.171,48.695452297032965,16.333637352199318
mp-975176,Rb2HgAu,10.354,4.825,11.097093754531436,4.861441095855362
mp-975275,RbNa2Sb,17.884,10.261,21.648911306844617,13.94443833061318
mp-975368,LiCa2Mg,20.611,9.154,22.345008459752336,13.30252888452086
mp-975515,NdLuMg2,40.599,23.058,35.944188494039594,23.040924904619605
mp-975518,NdLuIn2,55.675,20.488,57.6216819543908,14.852327513766758
mp-975522,NdLuTl2,52.906,17.653,53.25144288116984,11.10098098361434
mp-975608,Li2TlPt,56.12,17.316,62.324122122566,24.963678255976653
mp-975609,Li2TlPb,29.094,2.173,32.927437745674666,15.89196142568527
mp-975650,Pr2ZnHg,52.434,21.09,47.66056817608776,11.11675870965094
mp-975656,Pr2NiIr,62.475,28.516,99.09911849913604,19.541546815565617
mp-975769,PrYZn2,55.032,27.633,53.00502112394477,25.31402028436199
mp-975788,Pr2AgHg,54.491,17.233,49.69553661891021,14.035489767621424
mp-975793,PrTmTl2,51.881,16.163,47.61422343349973,10.668738673701007
mp-975801,PrTlAg2,61.809,18.365,57.331184307629094,21.30198744873165
mp-975822,PrNdZn2,51.524,27.862,42.911448063138025,19.010508856379573
mp-975848,PrNdMg2,37.416,22.948,25.552234533423892,16.453033221495023
mp-975880,PrSmMg2,38.321,23.158,25.04028024032479,15.850143846884732
mp-975883,PrNdHg2,55.153,18.684,50.38412747897216,14.681819392014148
mp-975896,PrNdTl2,50.892,16.497,44.50411546282915,4.02737384992295
mp-975920,PrSmTl2,51.835,17.144,44.490485503961914,2.2665144810695703
mp-975932,PrLuIn2,55.104,20.724,57.928015054403346,9.584536369062896
mp-975933,NdHoIn2,55.325,21.051,46.71257354760595,14.646394677940076
mp-975972,PrLuMg2,41.51,23.46,33.97159623278344,21.59656503651101
mp-975997,NaLi2Pb,22.028,13.808,24.81722166742627,17.348788541519287
mp-976008,NdTmMg2,40.406,22.702,29.245754970849468,21.124257539518553
mp-976030,PrHoMg2,39.674,23.12,27.507436523941347,19.98001251306024
mp-976076,NaAc2Sn,33.683,15.328,33.51878976854791,17.39224010201453
mp-976082,Mn2GaW,240.29,114.133,234.02470468509387,103.14874504502956
mp-976114,Li2CdHg,30.724,12.342,36.93383212378026,19.85726776789591
mp-976125,PrGaAu2,75.216,152.053,76.32067280612578,22.96423929530704
mp-976129,PrErZn2,55.889,27.557,49.45883650680295,25.10968091662635
mp-976142,PrDyTl2,54.819,16.048,47.85754840791952,6.38619380486796
mp-976151,PrErMg2,39.817,23.028,28.144531015701833,18.2556809196671
mp-976159,PrErIn2,54.562,20.646,53.139313614535695,12.13267589955838
mp-976220,NaCdHg2,24.122,8.211,24.0107846472257,8.18973546666526
mp-976236,NaCaTl2,24.373,11.459,24.73802249854971,13.61934701445394
mp-976259,LiTmRh2,103.934,38.993,103.15064651174649,42.46882947244116
mp-976260,LiTm2Au,64.88,35.495,38.89695998543346,22.877965800945244
mp-976261,NaCa2In,24.704,15.823,26.77429155928736,17.501939720259834
mp-976265,Hf2OsPd,187.278,51.58,196.83006961126904,48.5767383879004
mp-976289,NaCd2Au,49.057,7.419,51.46930651056385,13.534359711925136
mp-976330,LiZr2Ir,131.667,40.126,140.10613352916656,41.84977324389904
mp-976333,Li2AcTl,33.082,14.653,35.303358238563355,27.67582518587156
mp-976341,Nd2ZnAg,54.104,21.056,43.92489429665395,17.50659997620677
mp-976343,HoErPd2,92.604,26.844,79.26051054932695,30.502656178495084
mp-976344,Nd2ZnGa,54.936,26.014,50.05848282851675,19.25616998006523
mp-976426,LiLuHg2,54.534,16.026,56.72674004882331,28.749239200246116
mp-976596,LiLu2Ga,56.068,37.55,62.52945009068497,36.58642160480488
mp-976598,LiHf2Ir,142.948,57.973,143.0738330727144,43.010773486609075
mp-976600,LiHf2Tc,127.886,38.137,145.5912358020868,54.17567391035042
mp-976744,LiEr2Tl,50.836,28.817,43.48967980869308,19.8254216185244
mp-976793,LiEr2Ga,54.254,36.081,46.08937308178911,25.418414179545497
mp-976884,PrBiPd2,88.095,11.465,98.40740709972722,24.279157680892027
mp-977110,NaSnPd2,80.165,24.056,89.72853649940065,30.01222251977321
mp-977143,LaDyRu2,101.916,33.847,102.8502573746407,24.129311856506813
mp-977187,La2MgTl,40.649,16.716,40.42578951859296,14.02730624388471
mp-977352,ThMgZn2,67.816,23.653,72.97085049808796,42.29818976207234
mp-977353,Ta2ReMo,256.583,110.354,306.1778635240353,104.28444164735508
mp-977354,HoTaOs2,210.79,91.004,236.6802760375473,94.3786182875899
mp-977356,ZnGaIr2,216.901,92.854,261.8150321416311,101.0548054611524
mp-977358,Ho2AgIr,101.795,33.565,89.28296583821253,40.83888065104254
mp-977362,ZnGaRh2,177.634,83.13,200.4432526202974,88.49313621060874
mp-977363,Ta2TcMo,242.63,102.984,294.6474160834733,86.66180322794315
mp-977367,CdInRh2,144.382,59.398,158.88940176305738,63.8804456437782
mp-977369,HoMgHg2,62.805,26.252,53.5347376878484,29.007102426464325
mp-977372,Pm2SnHg,58.633,19.612,64.63551464769445,14.145570059867786
mp-977374,LiLuPd2,84.798,0.971,92.80516084027876,21.413022248973565
mp-977376,TbCdAu2,87.541,21.331,90.1242741169885,26.635023101969512
mp-977380,LiMg2Pd,57.675,25.898,57.83107044027725,30.325415073273476
mp-977382,Ta2VRu,227.823,82.513,266.5064121459494,72.29035078323582
mp-977384,ZnSiRh2,204.49,66.124,222.77290591437193,83.36733460277146
mp-977391,LiNd2Os,73.027,30.528,68.62457216129017,27.75238419895182
mp-977392,Ho2MgIn,53.469,28.17,42.67487992318729,24.62420183223572
mp-977396,TbMgRh2,113.246,45.839,110.6477345374388,43.71581608400599
mp-977398,TbCdAg2,71.476,11.975,69.64094866634449,22.25307665894837
mp-977399,LiMgPd2,84.673,40.498,88.66014726354287,36.77988171298152
mp-977401,NbGaRu2,233.221,106.447,262.8102418303817,116.38911011354736
mp-977404,Nd2AgIr,83.856,20.958,88.28576195415509,29.66519779260036
mp-977407,Hf2ReRh,197.44,92.43,218.1243851705009,86.70382308851426
mp-977415,HoCdAu2,89.835,22.834,84.0623698178584,25.724994842256834
mp-977416,Er2AgIr,103.391,34.938,94.77828521744604,43.60974446340119
mp-977418,LiMgAu2,68.967,18.185,72.69918572165086,23.488578677554617
mp-977421,TbGaRh2,132.553,44.279,153.0797194020114,53.579318889317065
mp-977425,Ta2CrRu,243.884,104.198,283.00581046892853,95.3976143254587
mp-977427,Zn2PtRh,174.554,67.06,190.8895815932299,73.9582835374162
mp-977430,MgNbRu2,188.842,81.355,198.7370180290913,87.28508702445716
mp-977435,ZrAlRh2,179.07,249.566,200.5434676150373,68.98194578107724
mp-977436,ZrAlRu2,188.517,75.849,210.76719121326323,91.39178308129848
mp-977438,MgInRh2,136.968,68.715,143.84398656962605,74.12076371038611
mp-977439,Ce2ZnPb,35.63,16.368,50.91294053316477,-10.787858106949226
mp-977440,LiTiPt2,148.971,47.643,174.22716190948336,34.90944161162414
mp-977442,Yb2ZnGa,37.583,26.477,50.68212394116446,34.84092820867242
mp-977443,ZrGeRu2,205.066,90.314,229.33123143592505,105.71461851383955
mp-977444,PaAgAu2,121.198,16.372,125.9018154902969,28.061598209864812
mp-977445,Nd2ZnIr,80.699,26.458,84.3035772141899,30.10257014823709
mp-977462,ZrCdAu2,121.203,33.045,139.349099152517,40.7243575172963
mp-977463,MgMnRh2,136.68,56.653,168.13583996077855,69.75158499830482
mp-977534,ZrNbTc2,203.512,77.459,239.7990167517604,79.04463185947844
mp-977537,ZrCdRh2,161.156,52.302,185.28352081589472,60.02166823112646
mp-977541,Hf2TcOs,206.099,92.747,207.88357620005735,89.38709286355612
mp-977542,LiTbTl2,42.072,17.115,41.109792800775175,22.7252372424
mp-977545,ZrTc2W,238.342,113.467,284.5999842383887,115.43139471953894
mp-977546,Pm2ZnGa,56.628,28.549,54.85486080865809,19.884652877842473
mp-977547,MgZnRh2,140.599,62.854,144.79472548173254,70.91844113851968
mp-977549,Zr2OsRu,196.255,91.155,214.19382010558232,81.81941879089926
mp-977550,ZrScOs2,188.108,91.242,201.84564950468888,91.0344236271068
mp-977553,Yb2PtAu,63.365,20.657,80.64296295153584,31.690825157656953
mp-977554,MgScAg2,72.567,28.927,77.07364935123456,33.99052763472935
mp-977561,LiTaIr2,222.448,100.908,247.35987301353248,85.39141271942333
mp-977562,NdCdAu2,79.109,0.078,78.68734088459506,24.99889117044717
mp-977563,LiNbIr2,209.556,85.649,238.52362049053428,75.05936123195212
mp-977565,NdBiAu2,78.758,9.338,80.51125133266756,13.90369698886868
mp-977566,MgScPd2,101.961,30.299,100.2933068831623,36.03902339237208
mp-977568,ZrSnPd2,142.057,14.39,143.42027199534786,31.25369341957022
mp-977570,LiPr2Os,70.817,28.583,77.69706753938131,26.621902104018197
mp-977572,Hf2MnRh,175.266,73.696,186.3352292835227,71.14838754154103
mp-977578,Zr2TcPd,159.375,52.852,170.53689769583414,59.66682442127317
mp-977580,MgSc2Al,64.52,43.212,67.45545406969032,43.8904408344882
mp-977582,ZrZnRh2,172.759,59.624,199.39604618181653,65.98284288473779
mp-977583,LiNpIr2,183.332,197.522,170.8833825148445,2.473830502679061
mp-977589,Tm2TlCd,60.245,24.389,46.2416379131774,24.58262669998333
mp-978083,Pr2ZnAg,52.345,20.487,45.5902067923997,13.357416354684496
mp-978085,Pr2TlAg,52.072,15.917,43.82588077508745,10.60376992049794
mp-978089,Pr2IrAu,89.437,21.893,95.09398838196502,26.338003333636607
mp-978095,Pr2CdPb,50.071,18.011,45.80617413451995,7.89636316191157
mp-978100,Pr2InAg,51.212,15.684,45.699917018769334,12.100373767461804
mp-978256,Mg2TlPb,35.144,4.9350000000000005,38.07727202115709,6.776647042522809
mp-978261,MnBe2Co,172.297,95.017,175.2865543181677,89.63152771124406
mp-978265,Mg2ZnPd,72.28,25.948,79.18176255719496,29.01725708027034
mp-978267,Mg2ZnRh,84.27,29.257,92.93037732444591,30.138905062755928
mp-978500,Si2TcOs,264.313,95.512,288.4135268087924,146.21425726932273
mp-978513,SmErMg2,40.708,21.424,28.639456567965834,18.848397417411213
mp-978515,SmYAl2,61.458,35.85,56.201231594638784,20.22012127660774
mp-978519,Sm2AlCd,56.287,28.563,39.743955315389954,17.65746604649921
mp-978523,Sc2ZnCu,81.396,42.953,78.51337269750057,44.25858453272233
mp-978527,SmDyTl2,54.144,16.825,45.35556338338377,9.776648307306177
mp-978529,SmTmHg2,63.549,22.229,48.34694685125799,19.82901799401402
mp-978537,SmHoZn2,57.325,27.18,44.46583884005756,29.190971467344617
mp-978542,SmErIn2,55.814,20.911,47.21367173184683,13.62129936956225
mp-978543,SmErTl2,52.76,14.781,45.8490651590395,11.564456715897714
mp-978545,Sm2AgHg,59.622,18.699,45.382237169097344,17.394809810731093
mp-978547,SmLuIn2,56.065,20.047,55.71389733736001,10.984718008088576
mp-978549,SmLuZn2,59.305,29.737,56.506950595145135,31.945681417400323
mp-978555,Sm2CdIr,83.241,23.106,75.96783401448229,25.950241731702555
mp-978557,SmDyHg2,61.688,18.658,52.461607413526075,21.196829943204747
mp-978563,SmHoIn2,56.394,21.466,45.13474935549607,12.76688121514102
mp-978564,SmYTl2,53.46,17.948,49.43589398324917,10.889193373947624
mp-978624,Sm2MgIr,75.698,18.839,72.14517819309964,27.22164795837129
mp-978625,Sm2MgTl,46.667,21.479,35.98232546327767,13.018152901529689
mp-978796,SmDyIn2,56.106,22.203,46.52025299434744,13.02358078180216
mp-978807,Sm2TlHg,57.031,20.78,49.64904384314533,14.250805592818878
mp-978808,Sm2ZnGa,58.628,30.881,44.20056541113867,22.215981095748955
mp-978815,Sm2TlZn,55.425,22.421,42.324448650716896,15.576293987640977
mp-978824,Sm2RuAu,93.022,29.788,74.48923692150038,17.42395824924048
mp-978833,SmYIn2,55.99,22.726,50.40238162907509,12.057947182718449
mp-978907,TbTlAg2,68.02,20.09,62.55410646200925,20.264108747568905
mp-978911,TbYHg2,64.962,27.122,58.46820858585155,25.41552723918454
mp-978929,SrAcZn2,34.157,22.956,33.389876039355805,25.76081099714557
mp-978950,Sm2ZnIn,55.434,26.257,42.35030739417302,19.670511620151466
mp-978953,SrAcTl2,33.088,16.505,30.828661162148983,16.152412946590573
mp-978973,Sm2ZnHg,56.78,20.46,45.10306601713001,18.45065067245924
mp-978975,TbYTl2,54.245,16.993,51.93776893411623,11.810573909380608
mp-978976,Ti6Al16Pt7,131.544,38.65,158.6295767793013,88.18317081306836
mp-978988,TbTmHg2,68.08,27.068,55.76453918850267,24.65507309063966
mp-978995,TmMnRh2,135.403,49.453,141.4654430877654,40.288270515541456
mp-979044,Tm2CuAu,86.553,40.594,67.3497745182528,31.334789554514195
mp-979057,Sm2ZnAg,57.911,22.245,41.612221943313195,18.84732176029283
mp-979073,TmMg2Sc,46.104,24.536,41.37627125158791,26.87614454729487
mp-979176,Tm2AgHg,71.509,28.734,54.4461077584139,27.625449347240057
mp-979258,Tm2CdHg,65.115,28.297,47.9026246190665,22.94361031848541
mp-979267,Ta2FeMo,231.554,107.068,274.3959022865042,101.4104596369388
mp-979270,Tb2AgIr,96.964,31.058,96.74445852523688,38.19395361607725
mp-979287,TbLuHg2,67.917,26.88,63.49838107858138,26.4024015771588
mp-979417,DyYCd2,56.229,24.488,51.10604303760057,25.23333444371348
mp-979421,YErZn2,61.225,31.495,59.00147270356504,34.968302803296716
mp-979422,YGaAu2,85.925,3.029,99.45820641942312,27.87958956859299
mp-979424,YErIn2,57.035,21.058,55.95703916572888,15.353269554380994
mp-979425,YHoAg2,68.344,34.495,64.28653785108257,27.62972731127527
mp-979427,YHoZn2,60.525,30.364,54.40053992366443,34.87681843124043
mp-979429,YHoCd2,57.371,26.801,50.49291278072897,26.13147832853614
mp-979430,YLuTl2,55.052,16.293,56.821736056762575,8.933872967090409
mp-979431,YLuZn2,62.844,35.072,66.56887838032307,38.990659591112625
mp-979434,DyYTl2,54.087,16.268,52.78099292156955,12.53291090266367
mp-979435,YMg2Sc,44.842,25.076,45.1146828166373,28.833165928890267
mp-979712,DyYZn2,59.82,29.032,55.61821835995363,32.652466342191765
mp-979715,YHoAl2,65.616,36.683,62.483054016178635,25.906364812070706
mp-979751,TaTiFe2,211.21,80.366,228.4279169479908,71.38431330036514
mp-979910,VCuRh2,218.716,37.09,240.3777351658379,65.4791811084819
mp-979931,YNbRu2,169.646,62.863,206.28999451227057,65.69779802190011
mp-979934,YErHg2,63.799,28.694,60.91611872468358,26.17095060804619
mp-979950,AcYbMg2,27.943,16.494,30.819856067056826,20.67023696589349
mp-979961,Yb2AgHg,38.785,18.393,49.89982399753678,24.141479270248
mp-979962,AcYbCd2,36.361,18.723,42.457030753097406,21.702030972237687
mp-979965,YbSmPt2,93.151,35.89,88.83295443010394,26.580672674614856
mp-979967,Yb2GaHg,39.597,23.271,50.1223477872743,28.00668431939639
mp-979968,Yb2CdHg,34.65,17.672,44.533169019842475,22.689791412624157
mp-979987,YbThPt2,106.657,30.747,119.24698676907182,27.358502790944517
mp-979989,Yb2AgPd,47.651,18.544,62.33873690279319,26.95941898935366
mp-980044,YbPrCd2,41.352,21.5,42.0647908366485,20.102409790526888
mp-980053,YbPrAu2,64.929,20.684,66.09435380862071,22.392418368970265
mp-980054,YbPbAu2,62.462,14.993,74.15700657791972,19.25516795738303
mp-980055,YErMg2,42.167,20.656,37.00482710671552,24.60706770956161
mp-980059,TbPmRh2,102.32,15.253,98.9749934652945,22.98042993533684
mp-980062,YbErZn2,48.824,29.049,53.808417420299094,34.49691056474902
mp-980064,YbErHg2,52.673,25.653,53.30451748864595,24.237684489615713
mp-980068,YbSmPd2,71.092,20.256,71.8225958167267,23.162161957183734
mp-980191,BaSrYb2,11.948,6.437,13.11295572517044,6.442565224569669
mp-980199,YbDyHg2,52.438,26.151,51.88314180123059,23.345181554574214
mp-980206,TmScRu2,132.156,53.361,125.22710020476664,42.068886409466735
mp-980392,TmScHg2,72.216,28.405,64.95397114766541,28.571609946409936
mp-980662,YTmAl2,66.272,35.136,60.105457183113465,26.216801605564275
mp-980665,Zn2CuIr,158.591,13.058,168.44624807103497,42.313724150673146
mp-980669,TmLuCo2,209.285,47.005,96.7011495970346,45.02925120184038
mp-980749,VFeRu2,232.744,108.03,225.81905962776457,83.16599264766724
mp-980942,YTmMg2,42.606,21.693,36.611675441040454,24.644435442244323
mp-980947,SrCaHg2,31.022,16.275,29.80287515277214,19.266018033556676
mp-981234,Yb2InSn,35.777,16.544,52.1323963427778,19.81723280310089
mp-981311,SrTlHg2,29.409,5.404,28.030725613349546,9.25463473773168
mp-981312,ZrCu2Hg,122.147,47.151,134.8659828901454,54.77212464223833
mp-981365,V2ReRu,268.222,126.088,278.15740088800055,112.64232630908148
mp-981393,Lu2HgAu,82.566,32.929,95.73964977939876,40.621177256059894
mp-981397,YbPrMg2,30.717,18.446,28.695743842830012,18.34418332606232
mp-981530,YbPrPd2,64.73,12.754,74.38207579629278,19.690506177359577
mp-981548,YErTl2,53.212,14.644,53.70670275537729,13.245474400868735
mp-981933,NaPd2Pb,72.915,14.516,77.16453069042144,20.31350835398885
mp-982009,Pr2CdSn,54.037,19.655,49.608602130969494,5.3434957282848
mp-982010,Pr2CdAg,50.574,17.421,42.30498599630126,12.041531811109811
mp-982015,LaDyMg2,38.201,22.827,31.107286222157168,22.190932983416584
mp-982017,PrYTl2,51.765,17.376,49.48660621818609,7.276767199650757
mp-982387,Pm2ZnHg,56.196,20.8,52.80420718958981,17.824699275405475
mp-982388,HoTmMg2,42.853,20.63,31.04326805390817,23.110060015326432
mp-982393,Pm2ZnAg,56.992,21.588,49.55772942917655,18.611989322645876
mp-982613,Pm2InHg,55.365,19.899,54.87550484387755,14.538416196230695
mp-982666,LiAl2Tc,115.85,61.853,155.3636743971982,57.6309494279322
mp-982667,LiAl2Os,136.0,67.515,168.8461501596161,69.96243769353684
mp-982724,HoTmTl2,53.76,14.109,47.941113625712184,13.828384710626498
mp-982725,Nb2RuW,237.553,106.444,291.6883343021035,80.42271820369088
mp-982739,TmHfCo2,111.695,58.693,130.4554257076883,45.04281119665403
mp-982772,Pm2PtAu,87.278,24.629,84.98593134934193,22.402526055802134
mp-982869,PmYAl2,60.622,35.164,65.57575619933179,20.09093587288016
mp-982870,HfAlIr2,214.618,81.996,245.30825732578205,38.409195374101486
mp-982974,LiBeAu2,105.456,34.74,118.74904283785207,43.987346270253006
mp-983063,PmSmHg2,58.175,17.81,50.47550878642773,17.473807062440713
mp-983123,HfMgAu2,121.119,33.178,127.52044223844956,47.77682055425337
mp-983126,HoTmZn2,63.012,32.116,47.66772104765855,32.845316965371694
mp-983154,Pm2ZnPt,75.923,25.95,72.00853481013152,21.440016197133897
mp-983229,Pm2ZnRh,74.896,24.411,69.72049303291243,21.574907805549007
mp-983236,Pm2ZnOs,87.655,28.611,79.58534074877339,29.78826442401033
mp-983358,HfAlFe2,172.287,92.953,184.08958841553795,105.35863148308243
mp-983425,Li2PmGe,50.35,26.433,62.0046056383536,46.63106541647055
mp-983427,PmDyHg2,60.869,17.988,56.129089551440835,20.926035283942568
mp-983428,PmDyIn2,55.936,21.872,53.11497815452516,14.959171551560514
mp-983430,HfZnPt2,175.442,6.555,179.72260513211086,13.287122783805472
mp-983555,Er2PdAu,94.432,33.306,82.33090864174112,31.815145503029036
mp-983556,Er2MgTl,51.119,19.866,44.86496415208895,20.062128556768517
mp-983566,Ca2AgGe,43.252,8.029,43.542608816264526,25.206769615276414
mp-983583,Er2ZnCu,68.856,33.579,65.69716188545064,34.30580066005079
mp-983586,Ac2SiHg,49.655,16.682,52.722089107249225,15.051947152425598
mp-983587,Ac2NiGe,54.432,13.482,58.383108173598615,21.767476415569096
mp-983908,Er2ZnAu,77.836,35.198,68.97093548583511,29.569601574653554
mp-984104,Dy2IrAu,108.554,34.691,104.9150135462912,36.48398678826547
mp-984352,Al2CoOs,203.003,111.008,225.4357935440144,125.6865517293238
mp-984544,Dy2ZnIr,95.673,36.14,84.1072036119957,38.35042532012777
mp-984551,AcTlHg2,44.138,7.739,45.540772948035574,13.83304289520545
mp-984627,Dy2ZnHg,63.653,27.597,56.83156642911642,25.57892694770035
mp-984702,CeDyZn2,51.683,30.59,52.609194542430025,22.479814414798614
mp-984721,BeGaCo2,189.356,99.193,200.8418828722922,113.9419952094456
mp-984767,DyHoIn2,57.572,21.948,49.786412023650264,16.323187372022247
mp-984791,CaTmCd2,45.017,24.297,37.06703518962155,20.968784936828783
mp-985438,Ce2CdHg,77.089,16.069,48.179037528291765,9.4445257894603
mp-985450,CaAcIn2,37.832,17.546,35.378075621528055,20.220601624118075
mp-998965,TiInFe2,246.765,130.828,142.8010215981957,88.70706754108417
mp-998970,TiFe2Sb,187.429,27.731,213.14966022587723,114.47428057866831
mp-999002,TiFe2As,207.251,178.915,263.8962745000273,117.00357628259586
mp-999257,Sc2MnC,113.031,46.178,117.48537873566237,27.38905822432075
mp-999258,Sc2MnGe,81.341,32.765,70.97033010673682,28.69133185477991
mp-999508,MnSiNi2,170.737,22.904,204.39161503802532,35.981526263450284
mp-761842,Hf3SnO8,182.505,77.664,226.2470564751211,115.4565469612415
mp-20817,GePtSe,120.097,66.408,152.94842105385902,81.26565294351748
mp-27198,Cd(NO3)2,24.793,12.29,131.51503606396528,68.7613309123093
mp-27367,SeOF2,8.58,5.136,80.66626519619459,42.33948830660164
mp-4627,CoAsS,135.022,105.649,161.86582929303688,114.37828332362764
mp-9270,SbIrS,142.102,87.554,163.63622546339985,101.69557574426996
mp-13725,Li3PO4,70.982,43.757,140.82245628034238,96.69787360781116
mp-17287,TaTe4Ir,17.614,12.492,95.0469027641381,42.70540935154574
mp-23803,GaHO2,132.704,86.963,208.9827272694611,111.16174869978606
mp-23807,AlHO2,157.945,134.235,241.93678496383723,163.38089583822477
mp-2724538,LiCuS,25.653,20.946,66.13111763900797,35.63399758074253
mp-3345,Cu3AsS4,72.969,33.161,90.01844765078621,41.84474755873988
mp-35082,BH6N,8.054,4.31,80.53687190518437,65.19217370484414
mp-3934,Cu3PS4,78.018,35.591,97.24216618889234,51.780947128650006
mp-4962,CoSbS,113.942,77.053,126.9439709476844,83.26166839955796
mp-510346,In5Se5Br,26.65,13.917,56.20819121183659,24.485841042897505
mp-510347,In5S5Br,30.845,16.474,63.1408387834056,28.20192288873975
mp-553946,CoAsS,142.377,99.452,155.60436874166132,103.99891340821333
mp-5540,SrB4O7,147.126,118.908,245.19489610844937,161.00056606838376
mp-5756,Cu3PSe4,62.703,27.883,78.06567252148598,37.8416253605085
mp-755543,HoHO2,107.968,59.121,142.47500258351278,79.7397151991154
mp-769365,ZnSeO4,71.196,28.639,156.65517607389762,87.00878780996145
mp-777422,DyHO2,106.131,56.792,134.08504272589258,75.1954939025659
mp-9711,Ba2Si5N8,159.326,99.809,190.32292979715209,133.34828577673682
mp-4117,Li2Si2O5,78.037,49.052,158.36209898079647,101.20560578016332
mp-23558,Ag2BiO3,99.447,20.823,110.29306541392056,46.06518750856498
mp-1016108,TiZnN2,154.329,55.654,179.41775543125098,89.60261531825185
mp-1019550,BeGeN2,189.429,145.289,218.65978558134333,169.07885157641874
mp-1029469,ZnSnN2,131.461,65.055,145.23410104984134,95.9493886311842
mp-1029633,CaSnN2,95.413,36.268,111.7564271789076,68.74078866769273
mp-1029791,MgSnN2,119.793,61.364,132.0136100376908,92.05743336485604
mp-1029932,LiVN2,80.75,46.341,168.0738485359978,79.74506173015408
mp-11582,LiGaSe2,34.67,17.624,52.455430676003694,31.609756843547512
mp-1189451,BeCN2,310.237,292.421,369.2410140797415,298.62537546225053
mp-20310,LiInSe2,29.929,13.618,47.45046765318789,27.64321387702963
mp-2979,ZnGeN2,161.837,95.434,182.35940712633723,126.1059814203753
mp-3606,MnSiN2,184.321,91.55,205.02917891794883,124.37632493660507
mp-3660,LiB3O5,83.932,47.464,195.9540570823964,127.37450802004552
mp-3677,MgSiN2,173.274,105.134,204.45101272088257,148.33252105760658
mp-7798,MgGeN2,146.174,84.791,166.6040746882683,119.89288828170646
mp-7913,BeSiN2,220.956,174.122,258.5571163759049,201.15661911359888
mp-862754,PrBS3,52.732,22.607,89.92790072089642,48.58006149259897
mp-1020059,LiGe2N3,122.768,86.576,168.13853887037445,123.40602585127652
mp-1029257,Zn2ReN3,132.827,19.372,194.4580659020915,81.400437896718
mp-1029262,VZn2N3,152.958,60.484,175.6892754922299,93.41085484050392
mp-1029294,LiSn2N3,83.514,48.959,124.01910925303936,86.6571005395081
mp-1029334,Zn2SbN3,129.688,64.008,157.4369249741471,96.08104556266738
mp-1029368,Mg2VN3,128.676,54.099,162.22582817849812,96.20509069476294
mp-1029378,Mg2SbN3,114.786,58.969,145.28887836259733,96.30815681386846
mp-1029403,RbGe2N3,129.861,83.772,142.0145768377579,97.26882373175766
mp-1029404,KGe2N3,135.298,78.625,144.0136823237315,98.96765178876409
mp-1029408,Mg2NbN3,118.753,50.692,172.01983002887712,92.15035069551102
mp-1029422,NbZn2N3,138.984,52.641,186.11506006463736,90.7199701841123
mp-1029442,Mg2TaN3,122.385,53.646,175.4056844495999,102.01898333077492
mp-1029458,Zn2CrN3,154.566,59.218,188.02596763528263,91.08254540014327
mp-1029520,Mg2CrN3,124.288,51.678,164.90329806421033,93.19253145884734
mp-1078233,H3CCl,3.07,18.317,49.86509377655498,33.737121607267056
mp-12268,BaCuF4,53.979,15.813,84.0174479360744,27.74463579291352
mp-13542,ZrGeTe4,13.848,10.867,60.11668415961635,31.132273005614124
mp-1374018,Ca3Sn2O7,128.105,63.424,145.5812388215511,82.87250142907095
mp-14433,NaGe2N3,134.959,77.934,157.87065641664958,109.1131434681339
mp-14568,BaMgF4,59.463,29.668,74.4500816410439,40.41894047136751
mp-20257,AsPd3Pb2,87.148,28.112,110.91016162912231,35.01868135199188
mp-21521,Cs2PbO3,35.148,13.531,59.92077036033551,24.94582197025847
mp-22756,K2PbO3,39.098,17.293,69.15448524104781,32.61562158896873
mp-28264,RbH3O2,23.952,10.843,58.04357988070382,27.79406870535797
mp-28369,GeH3Cl,1.243,0.967,35.31279862501479,22.444414803124356
mp-3258,Ca3Ru2O7,148.022,60.41,179.89806328971923,81.3627526434015
mp-3281,Al5BO9,159.267,78.213,192.00569065174048,121.48044676025246
mp-3451,BaVS3,64.505,8.829,73.57173870445472,35.85924584306829
mp-3881,BaZnF4,57.665,23.691,77.72389615952471,31.457123484813092
mp-3933,Mg2PN3,149.391,87.587,187.6401203694763,139.01320675570514
mp-3998,LaTaO4,122.275,67.187,214.98670309524667,102.45309785237532
mp-4163,Ca3Ti2O7,129.623,65.502,171.2634734330321,99.0268320581594
mp-4187,Ge2N2O,84.757,60.474,166.71452312018698,108.90406664391618
mp-4533,Na2SiO3,61.337,35.839,118.89559363395728,76.45667027669944
mp-5012,Li2SiO3,76.805,51.443,148.78690393304657,100.3170212100219
mp-567817,HfGeTe4,13.342,10.704,61.274953870258216,33.17477773850575
mp-569106,Yb2CdSb2,32.654,21.329,52.87471458281984,31.259827225554368
mp-570172,HgIBr,2.114,1.935,14.36089854775997,7.180131781388329
mp-5784,Na2GeO3,53.912,28.066,100.76129639194632,62.68041924256659
mp-5853,LiSi2N3,158.088,121.468,225.62937084766028,163.22664005380156
mp-625054,AlHO2,106.355,79.123,209.51998339618137,136.58929711270272
mp-625136,CsHO,24.052,9.372,34.35528275323253,14.292384611046122
mp-625150,ScHO2,82.391,49.224,162.43427308315268,90.16436475744952
mp-626620,RbHO,26.262,13.038,40.879459242492054,18.284201347423803
mp-626785,KHO,30.922,17.006,46.7236261223024,22.29107708247224
mp-643009,SrMgH4,37.878,26.867,45.62149196127237,36.064892867131306
mp-685935,CdGeO3,60.062,35.545,124.80808501732562,64.20579939845979
mp-753798,Rb2SnO3,43.223,18.638,73.9394021889924,37.78453404893457
mp-754150,La3GaO6,114.302,44.069,137.48290081467903,64.99269882217186
mp-754718,NaCuO2,59.984,20.992,105.338674909295,59.21499178107664
mp-8973,NaSi2N3,186.672,116.13,217.99334678741383,149.93570701031803
mp-9248,Cu2SiS3,78.911,36.107,102.7977231270279,56.08897053175075
mp-3094,SrAl2O4,83.129,45.935,138.4780378865375,86.74029041319176
mp-5724,AlPO4,26.709,29.63,152.12282690303658,96.37190146485116
mp-644271,LiHS,21.446,7.822,35.8354179653399,21.69050440709549
mp-1016442,SrMg6Ga,29.542,19.932,34.18788238152108,18.21016105635346
mp-1016601,Mg6NbC,44.097,24.745,60.196398523282795,33.43966710150834
mp-1017377,Mg6SiB,46.07,21.502,55.21038181447412,28.752277944604423
mp-1017387,RbMg6B,28.187,8.551,32.47990590924746,17.000956321861807
mp-1018048,LaNiC2,135.707,77.026,171.0560555554897,88.52374705643442
mp-1021779,Mg6VB,40.719,125.594,55.62477395611672,26.05597231251707
mp-1022051,Mg6CoC,46.621,21.126,55.86685582642179,32.037421762498255
mp-1022116,Mg6CuB,46.163,15.92,55.242278568055234,23.789620401427293
mp-1022207,Mg6FeC,46.323,19.814,54.26125153293479,32.58447792345783
mp-1022553,Mg6ZrC,41.717,18.43,55.30471127107196,29.362411694164333
mp-1023319,CaYMg6,34.78,13.092,37.91874465784471,23.911401420593705
mp-1216295,VRe11B4,354.771,132.178,395.8021521608531,195.45427233522992
mp-1216398,VCrB2,279.569,219.064,383.8211791629234,280.54335923032653
mp-1217965,TaB2Mo,296.676,188.191,350.94682597175887,228.20500086951756
mp-1220383,NbB4Mo3,297.126,188.514,363.48801485187914,225.84742995585012
mp-1226242,CrB2W,301.097,201.556,411.255758804043,263.61825697122293
mp-13501,ErCoC2,177.407,98.793,184.9483568864384,112.80984947251518
mp-13502,TmCoC2,172.008,100.095,176.57410394152538,106.95386830085366
mp-19741,CeNiC2,129.653,71.17,184.6052896803932,92.89298072212482
mp-20337,ZrPbO3,118.685,34.182,169.93301331784303,76.00934331902425
mp-2420465,RbHS,28.078,18.076,31.381614890083657,14.663375783208672
mp-3061,TbNiC2,145.7,95.952,175.46317449015456,105.47847497710154
mp-4037,TmNiC2,170.384,100.038,178.6581209367146,107.09140822127463
mp-4248,YCoC2,164.762,94.828,194.1437833163806,112.84632523836984
mp-5106,TbCoC2,175.952,95.326,183.59682027608355,105.25317268001233
mp-5154,HoNiC2,166.911,98.467,185.9330821464936,108.54488544305656
mp-5246,KNbO3,103.853,50.363,179.86088688067147,101.45729851360406
mp-5383,NdNiC2,145.636,86.592,167.69543397180513,93.93313515097196
mp-569450,LiB6C,196.324,184.076,244.02167813678383,211.0650519552832
mp-5777,BaTiO3,97.867,51.278,170.29384386030873,98.47526996984476
mp-644497,BaTiO3,22.363,23.855,77.24521547563359,-102.020173444351
mp-752415,NbO2F,139.921,52.116,192.25635612518437,88.22271175842542
mp-8540,NdRhC2,146.188,69.882,156.33293596028858,82.21980460700476
mp-8758,SmRhC2,149.588,71.025,150.60047656858768,78.35037707375366
mp-9312,PrNiC2,141.136,84.913,169.97468456256271,90.89618610566136
mp-989613,TiPN3,178.71,62.581,194.58812221866188,116.72028340362382
mp-999088,ThCoC2,180.213,93.646,225.00039427836344,108.32655447465991
mp-999190,SmCoC2,151.847,90.299,164.7424917138997,87.1130578336175
mp-999287,PrRhC2,143.047,68.759,162.04550922510882,75.71652288705612
mp-23427,Ti3(BiO3)4,81.207,20.723,187.12682616474132,84.07979525699385
mp-30161,Si2CN4,134.468,25.701,185.27741086130163,117.21462765766633
mp-760411,Bi2CO5,99.855,43.642,147.4269670438276,67.160039447734
mp-770118,Ba3Ti2O7,86.219,47.62,144.97356286208947,82.34300509696695
mp-22966,C(ClF)2,2.89,1.303,58.17040068748844,32.552209330702794
mp-25886,CuPO4,59.509,44.354,160.18928644298575,96.41911650635645
mp-28896,CuBIr,195.576,67.035,261.99097448951386,100.83631055029866
mp-28897,BIrPd,236.227,73.014,291.2393118828885,95.82028510636133
mp-675531,NaBiS2,27.308,21.644,59.577283069587914,29.15755190637376
mp-11560,TiSiRu,203.131,103.155,210.59336763686775,108.96475102892838
mp-560530,Nb2Cd2O7,117.943,7.723,196.85493167472396,89.04255625038817
mp-8648,TiFeSi,187.835,113.376,187.4434844401372,123.63488482547872
mp-10443,YbSiAu,80.541,46.731,99.75672742877188,51.60456131038579
mp-1105595,Zn2SiO5,89.508,31.475,134.5814247609028,79.12754900179311
mp-11752,Lu7(NiTe)2,66.909,35.549,75.07147312604268,36.12313634873587
mp-1189355,Zn2SiO5,91.797,31.336,135.45225241417563,78.63681493166752
mp-12806,Cu2GeTe3,49.734,21.715,57.5726978784697,25.085037111650394
mp-13089,Cu2SnTe3,46.933,19.796,54.67424808123956,23.292485915024542
mp-22065,UGePt,124.931,36.408,145.0389593771943,58.463731756298955
mp-2220557,Ta2CuO6,133.739,76.212,242.8439864118168,113.96096483839644
mp-2626703,BaCO3,50.172,19.045,93.36616502830384,45.52407084843513
mp-28945,Si2NiP3,108.208,56.276,112.73365886166978,58.11042047549092
mp-2964,NaNO2,23.903,13.819,61.337420429195696,33.64104733987332
mp-29761,UCO5,38.531,24.118,186.0225424095652,69.69392122136344
mp-35035,KCN,15.286,7.891,39.069753345293094,18.557403556012673
mp-4276,NaSi2Pd3,105.869,46.48,128.71118412383186,58.915484551220146
mp-4728,Cu2GeSe3,59.424,26.243,65.62520778312997,29.66515448290887
mp-567278,Sr(Si3N4)2,148.737,99.896,213.2497363119056,145.84511038081968
mp-567771,Ba(Si3N4)2,157.981,105.514,206.9743977083804,142.1165821374121
mp-753081,Li3(CuO)4,61.32,23.563,79.68202060563539,41.81982601215062
mp-867701,Li6CuS4,33.107,11.558,52.08984284138534,27.45161931530069
mp-1018699,EuZnGe,46.265,37.428,54.28695167311373,37.68694965156153
mp-1224184,HfZrB4,244.894,237.314,286.7748766703097,243.82855885203193
mp-2349989,NbAgO3,117.29,40.927,183.2750961967895,71.95439527257987
mp-2488451,Fe11MoC4,201.371,86.946,205.28996237665245,95.6209098215309
mp-27418,KAuO2,46.429,18.352,69.81956990950579,33.321505855715785
mp-637575,AlCr3B4,248.749,182.763,299.5363591003434,221.50558726680865
mp-996954,CuPtO2,172.104,33.467,172.66979383284053,59.99969926942779
mp-996971,CuPdO2,155.3,28.501,155.5771640844475,57.59308198306489
mp-996975,CuAgO2,111.192,14.729,111.4180227072632,29.66588215133131
mp-996988,LiAgO2,75.626,6.182,97.09604878701252,33.7398407844274
mp-997084,RbAgO2,40.617,18.339,54.34942281634154,25.47241182110801
mp-1019509,B2S2O9,32.078,30.371,183.59799451199464,113.53495991066951
mp-23349,Bi(BO2)3,51.828,25.333,161.71022233358187,77.91257825960834
mp-25317,Li3(CuO2)2,69.336,33.635,84.69452765604461,48.50882797942892
mp-549720,NbI2O,12.477,8.811,77.07295965541527,37.508721317813006
mp-550070,NbBr2O,15.153,10.177,89.20506139112483,45.046571103362886
mp-768241,Dy2Ge2O7,125.554,48.501,152.44326810163787,81.6426793079468
mp-768680,CrP2S7,11.204,3.779,60.78571495869972,34.72319334719
mp-996960,AgNO2,19.738,8.52,57.79878315683269,25.22620412226517
mp-17129,Sr3(AlN2)2,85.441,45.483,108.38794419805777,72.65574693218673
mp-1018702,EuZnGe,42.42,27.809,53.180149909555624,34.53769021600288
mp-13504,CeAl4Co,88.552,64.222,103.31637116161016,69.18608001200982
mp-16053,CuSiO3,31.454,19.986,146.70836660007973,72.1230850482383
mp-19955,Co2CuGe2,157.602,75.992,177.52590184763605,88.95753175896947
mp-2619433,BaCuO2,79.134,26.205,106.51117725371004,45.377809467280095
mp-29015,CaThBr6,9.879,5.456,43.268147274982034,18.463097884189896
mp-561033,CsCu5S3,34.94,13.442,72.66781361158434,29.803455429679744
mp-573755,CsTeAu,9.36,3.5869999999999997,24.786798893471904,9.928970474693871
mp-759636,Nb5O12F,177.534,52.642,255.7915552967466,106.80068635813797
mp-996964,CdAgO2,111.634,32.744,134.9232619959889,42.49269257122115
mp-997085,SrAgO2,80.968,31.012,95.33360909726926,46.29050587522019
mp-31043,H5NF2,30.335,11.003,85.60456900915118,54.6848595624227
mp-996980,AgAuO2,91.988,45.731,111.46318572141774,29.403329937559853
mp-997012,CuPdO2,136.396,35.461,149.64690986624328,56.30444501306482
mp-997098,CuPtO2,78.908,21.439,168.00679985565105,62.37095060546558
mp-24834,H4N2O3,24.063,10.798,128.16266517597023,83.9708435194852
mp-1047601,Zn(CuO2)2,105.439,49.916,180.1854243546585,74.02523572855108
mp-3671,NaNbO3,101.993,59.156,200.01759626567073,105.28971192430848
mp-504741,Hf(FeSi)2,181.136,91.29,210.15486129051104,120.62809606764776
mp-505554,Sc(FeSi)2,172.302,111.219,178.43572628713875,113.8322501211862
mp-5611,BaUO4,90.551,40.544,141.9791499046414,64.40371841894779
mp-571039,CaAlPd,62.104,28.522,78.31927551749581,35.05534064133686
mp-768342,SrNb2O4,147.015,72.302,222.01172465665724,123.80139923482083
mp-1191244,YbAlB4,163.313,141.6,198.5923839265066,152.91136289584924
mp-1191390,TmAlB4,181.007,153.686,191.80781175622943,171.25269265711893
mp-1191630,ScCoB4,223.874,172.568,243.6106550009279,193.0432494740315
mp-1196116,Sc2ReB6,226.401,195.537,260.98456454610624,192.559482284333
mp-1210846,LuCoB4,218.149,174.986,234.40448064140816,191.0482285202874
mp-20944,Sr2PbO4,91.606,44.253,110.00045913853208,54.91072313267703
mp-23426,Al4Bi2O9,107.974,70.056,178.22785486786128,106.98432104983772
mp-27321,Na3(CuS)4,41.123,18.701,67.98907456425677,29.795990520361705
mp-27693,Sc(BC)2,190.279,150.727,219.2148722758428,161.72240848095998
mp-28954,Tl2PdSe2,31.919,8.703,50.29646953498655,13.776066927438888
mp-510306,Sc2CrB6,208.603,203.456,240.93062990728976,200.08283897133975
mp-542903,ZrPbO3,111.123,61.413,173.59362195725623,78.18507959325754
mp-649479,Ca5(InSb3)2,35.751,19.61,43.28926012228565,25.249036904732463
mp-8439,Ca5(AlSb3)2,39.186,22.791,46.04981195994573,27.301543564899976
mp-8631,LuAlB4,182.221,153.632,201.6186621535477,170.2900154038993
mp-1079629,Mg(BC)2,145.308,118.054,196.14138639961985,137.8023509393981
mp-2514049,Tm(CuTe)3,54.308,29.553,66.02365069904157,36.75972182002731
mp-2717767,Er(CuTe)3,53.642,29.57,66.93987559457378,38.193984114636315
mp-27891,Bi2SO2,43.238,25.849,114.60138745914657,49.89981473468803
mp-28254,LiRuO2,196.978,103.758,245.3264652452168,111.06966531752452
mp-4753,Al2SiO5,142.634,88.811,210.1961326226961,135.16601311305482
mp-766486,LiCuS2,46.834,21.639,61.72435907624665,25.6205532067505
mp-996987,LiCuO2,78.449,43.139,134.86641569910498,60.81313842562292
mp-676586,Na(VS2)2,43.286,17.426,90.16083674179696,50.81747627514157
mp-1029474,Ca7SiN6,79.323,54.329,104.44752172600016,69.84685254994884
mp-17177,Nb2ZnO6,143.453,58.521,229.6581973521455,104.36108003299336
mp-28364,Rb2CdO2,36.278,14.225,47.06067609982514,22.65984182711326
mp-4643,Nb2CuO6,105.183,54.339,229.48908590598103,104.853341508348
mp-15960,Li5AlO4,80.916,54.227,104.4014671553386,75.4687071382805
mp-5525,KAlO2,65.943,40.349,110.20109926808156,65.51711485586881
mp-5881,CoSbS,118.332,79.673,135.84287344577572,88.13844402484686
mp-657338,MgSiO3,67.946,54.694,175.46565095411984,115.77175708759262
mp-1029448,Li5OsN4,70.247,38.982,134.066920580619,75.5349571323969
mp-1029574,Na5OsN4,39.663,14.17,92.7157284674888,46.42656396476821
mp-12759,Zn2CuAu,112.113,31.739,132.78222565821875,38.62754816848868
mp-22992,TiClO,22.827,12.826,108.29629022575898,44.2523170365482
mp-23002,TiBrO,25.612,14.541,101.09455872364404,44.30704184142899
mp-23052,ZrIN,19.161,15.301,92.34704020639909,45.85230506228326
mp-27226,MgCu2O3,98.437,54.6,147.08854086750517,73.56029626708083
mp-27246,LuSBr,11.68,5.042,53.15151202181931,26.987228703548915
mp-27454,BaLi2Si,27.21,16.167,31.784363208615652,20.251196995437247
mp-27848,TiIN,24.065,17.04,94.27536896403352,48.5797734471239
mp-27849,TiBrN,27.742,19.671,105.8609783908762,59.35819722599513
mp-27850,TiNCl,30.511,21.367,115.13336937965175,65.09544905369661
mp-27863,AlClO,32.289,20.406,116.15504422126368,68.4524410103549
mp-27989,CBrN,3.927,2.16,33.10613632311744,19.825680574786755
mp-28929,DySI,10.461,5.307,39.17146119128009,19.921092508635677
mp-29898,Tl2Au4S3,18.684,7.562,61.45428566444914,19.70227477460282
mp-30053,NaCN,18.145,11.602,54.881778234796485,27.537797308982107
mp-3205,CaCO3,66.245,8.308,123.77221154676732,67.26872905599544
mp-3255,SrCu2O3,96.392,42.367,108.548786205174,56.77520667201943
mp-3838,Li5ReN4,71.86,46.271,145.0172316929238,83.93462574598176
mp-546279,ScBrO,22.781,13.41,85.12615763011553,41.222227847376175
mp-568346,HfBrN,25.147,18.845,110.95789615692678,60.20967154816293
mp-569299,Be(BC)2,194.761,153.362,222.96629787108503,159.61784561602852
mp-570157,ZrBrN,22.365,16.412,100.9186272238706,54.06362034012435
mp-605028,Te2Pd3Pb2,33.635,16.154,86.82743562068453,27.475694023035015
mp-7466,CaCu2O3,77.591,29.185,111.85784512443315,56.634386814960095
mp-753059,TiOF,38.582,27.664,154.21585071144492,62.23923863802944
mp-754010,ZnCu2O3,90.85,35.895,130.81933200799224,57.57967731695229
mp-754113,TmClO,17.642,13.897,62.77250601696869,33.172397993935625
mp-754978,CdCu2O3,75.269,27.57,117.57143530618212,50.8880638085581
mp-755689,ErClO,19.511,12.683,66.81388112978256,34.94761987990436
mp-1022726,Ba2CuH6,30.978,23.505,52.45900833264183,35.82659875674716
mp-1029711,NaVN2,46.808,10.582,130.55131320991703,59.95901920679492
mp-1029832,Ca2NbN3,81.221,41.117,138.4142444039203,72.21264223797895
mp-1029923,Sr2CrN3,88.705,46.392,128.33304312542612,67.27939239300909
mp-16115,Pr2CuO4,124.593,50.075,149.2126471038002,62.88294317939432
mp-3582,Mg(BC)2,157.751,104.546,191.9333810471197,127.45323555516572
mp-36480,La2CuO4,120.072,51.158,152.19777331758803,64.72655059746081
mp-559612,KLiO,31.925,20.733,42.94793469434689,22.930893957519512
mp-1025309,Pr(Re2Si)2,165.622,103.392,266.3329175772703,122.45974509111852
mp-10284,YSi3Ni,120.066,85.329,135.92342613108775,91.93862844623186
mp-1070857,NdSiNi4,167.643,62.88,162.15933273677254,65.2897182545723
mp-1070859,TbSiNi4,151.371,72.048,169.23231501764766,73.56220149679076
mp-1102585,UReB4,276.868,213.715,296.8489168102431,196.36682186689723
mp-14344,Yb2(NiB2)3,166.869,119.842,191.9103078650271,125.62453031115068
mp-21139,Mn2SnS4,42.268,29.863,87.42136378008671,40.45969872776902
mp-2224869,CuTeO4,67.337,37.194,134.10933652620284,75.7759142206134
mp-22967,Li2FeBr4,25.291,16.303,32.93253499916142,16.0617554398296
mp-22980,Li2CoCl4,8.956,1.69,35.91567924255107,24.032033282787467
mp-2724101,Li2HfO3,124.693,45.772,173.14348110879988,107.1048876973504
mp-27861,Ce(Re2Si)2,177.68,97.153,271.01055533658024,120.39755139239142
mp-28250,Li2MnBr4,19.113,11.927,35.119165245936706,15.282649940178272
mp-29009,Li2MgBr4,19.912,12.262,33.06939287234726,17.41512646122821
mp-29674,Al2B2Ru3,230.449,103.58,274.0424388366788,107.97702428737
mp-29896,Y2B3C2,149.778,37.797,171.8901749750127,120.0233440232123
mp-31136,Lu2NiSn6,65.165,38.649,76.65604659688444,38.04207105850422
mp-3398,Ho2Ni2Pb,74.964,28.014,79.86694516910141,26.83674905745308
mp-3805,Al(FeB)2,224.5,133.097,253.2130032419038,150.39322232679174
mp-3988,BaCu3O4,77.551,32.974,86.36893589222952,39.4990650934696
mp-4071,Er2(NiB2)3,194.285,139.105,198.03377926947715,136.38246976945217
mp-5446,Li2PrO3,73.939,21.617,142.23508898113718,55.28250442971132
mp-545598,UCdO4,114.796,40.843,160.15824992375943,52.860720058662
mp-546142,Na2UO4,42.279,24.83,103.775911632709,44.457003669606614
mp-568624,Tb2B2C3,152.212,43.587,170.2122362515027,111.7824683860276
mp-569496,Ce(SiAu2)2,94.876,27.788,129.91829153836224,38.6760515654116
mp-569523,Y2InNi2,77.414,40.912,89.19461911612682,39.44862657953903
mp-570272,Tb2Mg3Ni2,48.67,23.537,60.84125402079088,23.43802658305227
mp-5938,SrCu2O3,96.447,44.756,108.17351262732952,56.41033661540137
mp-603719,AlPO4,233.171,172.168,296.4521686756306,209.8207474491589
mp-643273,NaH2Pd3,108.766,34.066,128.93994482551432,38.07254390561245
mp-643945,TiFeH2,176.085,73.984,169.68067798837353,72.04826021701815
mp-675025,SbRhO4,187.689,94.281,213.7765152676859,110.24949201858178
mp-675172,TaAlO4,208.145,120.083,270.8270858874847,144.03635199882436
mp-676861,AlSbO4,197.857,120.349,226.48032434646905,138.17582131493546
mp-752843,Li2CuF4,42.328,15.213,72.44357795618829,56.81414615399752
mp-752953,ZrTi2O,133.961,72.906,160.23349657363866,82.03965275786273
mp-753315,Mg3ZnO4,155.464,99.01,172.97365254045542,106.33626357877348
mp-753459,Nb3O7F,212.133,90.785,250.86820997432343,105.6188399744039
mp-753495,Sb3O7F,169.58,105.424,189.25337394790935,106.75256307725124
mp-753747,Ta3O7F,233.926,118.214,275.2116091151052,122.21579144799364
mp-753823,CeTh3O8,184.155,82.439,205.0392873624196,86.62935700304675
mp-754478,HfZrO4,204.4,98.032,224.35108140911504,110.57163980776949
mp-754534,Li2CeO3,95.497,38.795,127.70720535471658,57.82732485857873
mp-754631,NaCu2O3,69.185,36.587,84.21172553958742,40.44296790772982
mp-755287,Ca3CdO4,109.381,63.525,115.33570811131484,68.6203291611041
mp-755594,ZnReO4,150.108,65.836,239.84683891275708,104.01485453133468
mp-760401,Nb3O7F,188.369,60.171,218.949920678594,98.18949852108824
mp-760403,CaCd3O4,120.187,49.517,125.37192069633691,53.29192042144013
mp-7692,Al(CrB)2,227.31,178.062,301.0141366749496,216.6829265483486
mp-7892,Mn2AlB2,199.942,155.272,273.5892018203855,192.44089350914967
mp-8207,Zn(PtO2)3,193.672,63.614,234.52488984685755,117.35265465569488
mp-8208,Mg(PtO2)3,187.744,69.992,232.8258485844966,119.62588973938009
mp-8212,Cd(PtO2)3,192.406,71.033,223.93552024500545,104.9013965569495
mp-866818,Ca2SnS4,42.206,26.896,64.55682552818335,33.880727690542976
mp-867744,LiTi3O4,193.852,81.153,253.70948483115865,106.58758202589608
mp-8771,Lu2(NiB2)3,202.613,141.073,205.39854166705769,139.0064718497978
mp-973540,LuAlB4,181.461,150.52,200.4620984381303,170.2593593520216
mp-976271,KTi2F7,83.985,38.463,125.0178105875798,44.39658704038486
mp-980004,SmGa2Co,93.932,39.1,88.01100466228255,46.15884630653965
mp-997005,CaAgO2,97.227,39.248,119.08903210047232,50.68425012998932
mp-997037,CdAuO2,113.831,28.905,125.42841642536692,44.62775812054661
mp-10057,VCoB3,296.493,203.341,366.7773499362656,233.41127183096071
mp-1014227,Ti2ZnN,147.64,95.909,187.36422121079923,106.66947071651968
mp-1014252,Hf3ZnN,149.253,92.143,171.71797874599454,99.577233478813
mp-1014257,Ti3ZnN,145.73,94.61,170.94199591864046,97.62798414848052
mp-1025105,LuAlGe,84.386,58.396,102.0782260768483,57.65900565376188
mp-1025390,LaSi2Ag,87.646,55.061,104.77979483125829,59.076559306026745
mp-1025393,TmSi2Ni,116.907,64.624,144.10049073754917,86.51377950863346
mp-1025408,TmCoSi2,123.961,57.852,148.7779204558058,75.7972254473986
mp-1025413,ThSi2Ni,132.143,76.034,161.53838118310097,91.10995301057154
mp-1025420,SmSi2Ni,101.226,68.458,126.62933780227368,82.28352002845317
mp-1025453,SmSi2Rh,122.727,44.065,124.74090716959113,53.07182200411147
mp-1025504,TmGa2Ni,100.012,56.193,92.80264488484616,49.542973717593675
mp-1025552,LuGa2Ni,103.459,57.495,115.63109628633372,58.27590374881534
mp-1025554,PrSi2Ag,91.203,56.773,101.1207592412792,60.067649929138504
mp-1029338,LiV2N3,147.437,66.596,233.34421842403492,108.61748748257196
mp-1029424,LiTi2N3,134.345,71.603,207.29605316325524,115.017062354145
mp-10381,K2CuSb,17.39,8.653,26.722723612714507,12.558521737391908
mp-1078497,YbGa2Ni,69.78,36.326,94.72097187224357,46.25376961255192
mp-11392,TmGa2Pd,100.437,49.426,93.59198476191769,41.95403420209638
mp-11401,ScGa2Ni,101.551,60.478,111.21629723828256,56.847545634673104
mp-11431,CaGa3Ni2,90.845,38.686,104.49199249280132,55.38912883188233
mp-11444,YGa2Ni,91.18,51.773,104.68529891204383,55.5968472876996
mp-11486,Y2(Al3Co)3,106.898,76.465,118.597870006985,89.19664845112686
mp-11788,YbSmSe3,51.516,16.855,59.66732405978591,29.64199014721327
mp-11957,CaSn2Ir,75.338,38.941,89.95981332786552,37.60915377278669
mp-11958,CaSn2Pd,58.694,22.729,67.65847862180715,24.930330048328265
mp-11959,CaSn2Rh,66.913,32.392,78.89237914840572,32.46156738334479
mp-12382,ErSi2Ni,126.591,65.384,140.98402485766562,87.92296760339448
mp-12630,MgSeO4,60.907,39.538,150.3904603804195,87.61743496356614
mp-12781,ScAl2Ni,95.155,65.059,114.51675315018286,66.724915963949
mp-12782,YbAl2Ni,63.701,42.116,95.41250422893214,55.00029601251908
mp-13094,YAl2Ni,93.804,57.961,107.13309597570075,63.62571156781827
mp-13512,CaNiGe2,74.289,35.772,85.02170006611941,45.67257695649776
mp-13513,SrNiGe2,66.576,37.748,76.89915102898873,46.72199445560905
mp-13520,Na2ZnGe,23.139,15.794,29.422149960478617,16.62167543297767
mp-13572,ScSiPt2,173.75,72.253,196.19620206177404,83.94595503713866
mp-14763,Ca3MnN3,88.138,50.938,108.32517393145106,69.76612584888872
mp-14815,TaTe5Pt,20.983,12.991,78.80116842386143,36.5712588674361
mp-15120,RbFe2Se3,20.081,8.887,31.816121348079097,25.298101467773815
mp-1524357,BiPO4,71.431,40.169,175.20364949447466,84.25395265072017
mp-15316,SrMgF4,54.98,27.75,78.32791379368058,43.706543567588696
mp-15684,K2CuAs,22.329,9.944,31.66775107310515,14.00537876743957
mp-15685,Na2CuAs,31.898,18.43,42.228731244190314,21.440645131876312
mp-16493,YAl2Co,93.21,44.624,107.1700581299713,58.72446093973978
mp-16503,HoAl2Ni,97.439,57.089,94.99506774232178,55.39169757169196
mp-16516,TbAl2Ni,90.658,55.21,98.51502024240482,54.68672883585154
mp-16517,TmAl2Ni,100.232,59.378,98.58299001708735,56.9714147176651
mp-18468,Mn5SiC,205.196,116.345,209.61203774250689,130.6775554673644
mp-19968,CaIn2Cu,45.357,32.042,56.3643795513152,29.46816706770396
mp-19991,SrIn4Pd,47.85,24.856,56.03476198259043,26.331886578322138
mp-20343,NaAuO2,40.105,13.28,67.76933004383392,32.94871529697987
mp-20479,SrIn4Ni,47.444,27.899,55.04898090661194,29.72665208789144
mp-20497,SrIn2Ir,58.263,26.933,78.17300984583137,33.162445687519195
mp-20533,SrIn2Pt,55.359,26.311,69.36858338707293,30.944024620987836
mp-20754,LiCeSn2,47.381,27.191,53.783692286788984,36.40758108586408
mp-21024,SrIn2Pd,47.596,23.163,60.67338187514202,27.81989775400173
mp-21027,CaIn2Pt,66.9,26.547,77.21858762536176,32.955086575320976
mp-21124,SrIn4Pt,52.456,26.341,62.66144102586851,28.38152090193702
mp-22056,YIn2Ni,84.822,40.977,84.91875259995595,43.846888406461574
mp-22717,CaIn2Pd,59.191,25.46,67.95651600209577,29.02293735084934
mp-22739,BaFe2S3,56.257,27.532,72.83060553168127,44.09640434716665
mp-23431,CsCu2I3,8.359,3.14,25.118968719325377,7.891677910246346
mp-23891,NaHO,33.109,24.155,58.351198971307,32.85644172952442
mp-23918,NaGaH4,13.991,8.089,36.30100251623032,22.774787099196832
mp-2654140,CaSn2O5,122.592,44.726,147.27253732825076,79.47418088852712
mp-27360,ReBiO4,136.128,63.278,216.73325577228607,92.55742534562413
mp-27388,Ba(SiNi)2,62.603,37.793,83.57885666655834,43.35053863475899
mp-27768,Co(BW)3,331.967,203.68,391.1624075607132,228.85121080117503
mp-27769,V3AsC,190.279,76.549,250.6507403866915,114.05861274589545
mp-28232,MgTi2O5,162.509,72.047,199.5761744737243,97.99018262254936
mp-29111,Al2Fe3Si4,173.637,105.494,179.64211171457785,125.23274889003072
mp-29175,Ca2AuN,59.67,26.965,70.82721360976687,39.22600159011784
mp-29658,ZrNiH3,166.689,69.397,151.99145691184486,81.92628279791246
mp-29736,YAlGe,81.107,56.76,89.93920206840002,57.17198043996636
mp-3034,MgAl2Cu,76.205,48.745,92.17160550523668,46.637970493655104
mp-3047,MgGeO3,161.312,45.242,214.3718586731515,133.26142710259688
mp-30598,SrCuSn2,47.714,24.239,53.97297478878655,30.939905639379177
mp-30750,CeAl4Ni,89.025,64.291,99.48351360636909,68.09255590543157
mp-31080,YAlSi,87.972,63.155,100.23950132954032,69.56721267935825
mp-31182,ErAl2Ni,93.639,57.442,100.38439414738916,57.04196700784353
mp-3128,ErCoSi2,124.346,59.572,137.36195628832635,73.00849150598371
mp-31368,KClO2,17.963,7.959,42.97083937895571,20.743796438299466
mp-3143,Na2SO4,42.966,23.265,116.57897488307611,75.0977484849251
mp-3521,NaBF4,28.014,12.385,96.17226788613658,49.21201908253978
mp-3602,YAl4Ni,92.48,59.11,104.0271936299287,68.02322479146322
mp-3982,KCuO2,34.178,17.182,55.55072411199586,30.7779053076665
mp-4009,BaPdS2,39.963,12.375,70.13900581639302,33.67465319525043
mp-4171,DySi2Ni,111.364,66.451,142.91128166632572,89.42980488385952
mp-4196,NdFeSi2,113.322,81.325,131.0526420396221,87.52976348590845
mp-4243,CaIrO3,154.842,70.601,208.5623295213523,99.85213919946816
mp-4253,V(CrC)2,292.334,44.953,333.06496353035004,183.10322263829207
mp-4283,LaSi2Pt,117.105,61.786,140.34642617181913,66.92070055263079
mp-4288,TbNiGe2,95.826,42.414,112.30631748498956,62.630693059423905
mp-4391,MgSiO3,199.288,108.878,259.9001439159582,176.64003457015048
mp-4406,CaSO4,64.243,31.298,150.6833980713083,88.46392285778302
mp-4472,BMo2C,316.049,172.69,397.448375488485,183.7414942541501
mp-4673,SrHfO3,154.945,91.224,181.7146131494276,110.77555902300509
mp-4699,NaTaO3,127.767,47.441,227.13824292358677,124.10194970525592
mp-4784,CaPtO3,147.319,68.474,200.44593447199205,98.500487670606
mp-4930,TiAl2O5,184.787,94.223,227.0571647378248,130.36664406943666
mp-4969,TbCoSi2,125.927,61.752,146.10325247799852,76.57692449017932
mp-510086,Ca2InN,44.387,30.063,56.24434170484596,38.13295876626248
mp-5150,HoSi2Ni,128.804,66.265,139.44416903174695,87.5174429049559
mp-5170,NdCoSi2,119.87,62.859,125.22979419398614,71.85594107872329
mp-5215,NdNiGe2,100.569,47.553,103.80814634224488,54.78669535195168
mp-541037,CsCuO,13.66,6.941,43.41967286775602,17.599478763815064
mp-548658,RbPO3,23.454,14.52,93.88429875307376,55.57444717398931
mp-5493,PrSi2Ni,106.474,68.41,140.26214174793748,81.82787894876202
mp-553310,CsCuO2,29.967,12.092,45.89607822848415,24.86708106305695
mp-567229,LuAlSi,93.387,65.957,110.4237065203188,70.11477922127816
mp-569385,DyAl2Ni,92.155,55.971,93.51488892839792,54.500008144787984
mp-570303,KTmI3,17.864,7.948,20.2912028877428,9.220517297913911
mp-571506,TmAlSi,92.341,65.876,88.38591023686038,63.254290016396794
mp-574599,CsAuSe,10.009,4.7620000000000005,30.465664967290586,9.560819048729076
mp-5787,SrCuO2,86.243,41.969,104.36887917925736,57.977591743451654
mp-5821,TaAgS3,82.882,36.596,126.36260157563603,61.50887664286338
mp-5839,TiPO4,102.75,63.424,214.7489584653551,129.39620097977777
mp-643718,BaMgH4,36.372,28.352,47.80088534688951,33.859223293859735
mp-7077,KAuS,13.02,6.053,38.62705005612193,15.334063516241068
mp-7276,ScUS3,79.572,39.135,91.46572613776286,49.33468721167886
mp-7472,RbAuO2,28.089,12.606,46.03962917869878,26.114162804162525
mp-753490,TiCuGe,127.282,71.103,144.77786773524863,76.72071537630836
mp-754358,ZnSeO4,63.922,30.51,149.0209043764635,73.24556694902279
mp-755646,LiCuO,28.615,17.231,84.36831971446196,38.16127824296306
mp-755920,Ti3NO4,183.115,75.836,227.48904554978,98.72805178257376
mp-7572,MgSO4,72.292,48.378,173.86785213926564,114.38329227636522
mp-7574,AlBMo,211.148,134.6,295.52670742071973,176.27546950680397
mp-758302,LiAgF2,54.712,112.431,58.08390523620597,18.637238828205785
mp-761036,CdSeO4,52.257,20.744,123.24135898409058,62.96440866830526
mp-7639,Na2CuP,34.554,20.74,48.68580108340704,24.123507198276716
mp-7643,K2AgSb,17.264,9.354,25.66047460462188,11.85660387787386
mp-8215,LaYbS3,54.948,19.623,74.373110086236,34.93138711568083
mp-8446,K2CuP,21.887,10.978,36.51900049689224,14.291705986668244
mp-8459,CdSO4,62.326,26.036,141.28756700700927,82.59625510353506
mp-862750,SrNiSn2,57.57,27.429,62.77088066984528,36.42597393411444
mp-863757,K2SbAu,16.33,8.023,27.19196686081155,11.918846716077937
mp-8670,Ca3CrN3,85.654,51.84,114.8256249679144,69.50473907812153
mp-8742,DyCoSi2,127.501,61.207,140.69193205278015,77.39123472665148
mp-8911,CuAgS,46.958,15.031,79.26345744859057,31.798399252805662
mp-9010,RbAuS,12.48,6.133,34.95878989265475,13.558763932327526
mp-9029,Ca3VN3,87.062,50.486,120.26019403352652,71.59838143862471
mp-9172,Li4TiO4,79.937,43.617,116.59808280910296,65.76775110371123
mp-9527,NdMnSi2,106.828,74.2,112.23576764260768,79.240323266776
mp-9672,K2NiP2,20.879,13.474,51.71101367326919,23.45593151543555
mp-9687,K2PAu,21.569,9.22,36.71603975396896,13.48133945245442
mp-972406,YbSi2Ni,94.349,57.765,131.18988266581013,75.26425015314257
mp-9731,RbAuSe,10.503,5.168,31.379261656162704,11.00101054711524
mp-973633,LuSi2Ni,128.819,63.787,154.8320056262422,85.4692406837316
mp-9768,BaSb2Pd,54.789,21.62,60.9851691357189,23.33116593080339
mp-9778,K2AgP,22.143,11.106,34.43666887935671,13.48697809521427
mp-980760,SmNiGe2,99.958,44.624,97.18429148751676,55.23449236285617
mp-982511,HoGa2Pd,97.878,48.755,94.23541443011636,44.44464784911476
mp-9881,KAuSe,13.45,5.715,34.7120241617406,12.59077551365259
mp-989554,LaMnN3,135.546,49.111,187.87292923321277,80.92218652924221
mp-989609,YWN3,144.802,69.624,229.18493929440817,115.32389818385003
mp-996979,BaAgO2,67.271,27.745,77.16674092210206,34.75928321390179
mp-997024,CsAuO2,25.856,10.8,43.87877415464361,23.04117058391123
mp-997034,BaCuO2,76.627,34.529,94.57934703866285,45.1630901107246
mp-997041,NaCuO2,48.702,22.051,71.60727126532203,40.145315478751534
mp-9985,NbNiB,230.082,138.977,268.4959791243737,149.06936678494682
mp-997004,CaAgO2,97.491,51.187,114.67969979575984,53.810926159321326
mp-997031,MgCuO2,136.108,63.634,175.5861087141822,81.60584844932816
mp-615141,Pb(ClO2)2,16.556,9.506,64.19641175435194,29.706622975908253
mp-29541,GaTeI7,5.463,2.9619999999999997,22.30948631716107,12.017544217084716
mp-675009,Y4CuTe8,48.972,11.154,63.39116073022773,29.408691910979066
mp-1012551,BaBrCl,29.178,12.482,36.699101133940566,15.352393797237577
mp-10240,ScNiP,147.371,92.423,158.1510238232124,87.7893102297779
mp-1029251,LiRuN,104.541,58.104,201.28277274873267,91.45619384813416
mp-1029336,KZnN,36.495,12.387,48.00599324937507,27.40303206941299
mp-1029420,RbCoN,39.714,18.619,70.55421013298596,33.119253963921345
mp-1029444,KCoN,43.832,33.031,79.15102507048042,37.33179804128875
mp-1029466,NaNiN,60.312,29.1,89.86152255084541,43.75203257221225
mp-1029491,CsCoN,24.172,11.342,63.79570939505206,25.227289047534356
mp-1029536,MgZrN2,149.501,69.353,185.1733591886363,110.3048542599505
mp-1029605,Na2MnN2,44.14,22.139,76.12516784748178,38.10957361534664
mp-1029702,MgTiN2,161.671,77.978,196.6498541866169,117.76759887779748
mp-1029834,HfMgN2,157.33,75.632,199.6833453572538,117.54391505640686
mp-1029903,LiNbN2,110.992,59.002,218.48201914919477,105.4370718906083
mp-10456,HfSiPt,192.495,100.864,221.45369595255585,108.19209493056704
mp-10457,HfSiPd,169.282,93.146,187.43452204333784,93.3201635886998
mp-10469,NbSiPt,215.103,82.355,247.7675993701381,96.38731859453924
mp-10470,NbSiRh,221.086,113.62,240.4321322747066,118.42513690202207
mp-1102762,SmAsS,79.756,52.875,74.85603986622357,42.364066526593305
mp-1105765,NaNbO3,111.184,84.477,206.74077795997167,108.56449332140572
mp-11649,Ca3SiO,58.542,46.042,67.41155215722058,46.31155743342538
mp-12480,ScPPt,149.536,69.61,188.63808495626853,78.05663220944194
mp-12613,LaNiSn,73.286,31.135,87.04468396411322,42.66226995055871
mp-1340758,YCuO3,118.951,56.266,180.78729990800304,81.40958537800651
mp-1345518,CaTi2O4,155.411,86.945,202.88640309798575,97.98062364486042
mp-13459,NaCdSb,32.293,13.704,38.80493751973572,16.696332772065105
mp-13472,HfSiRh,189.725,98.602,207.28814436604793,103.99022653210254
mp-13916,LiCaSi2,47.84,36.127,57.31532562504061,44.101019569999
mp-15236,CrSbSe3,31.363,19.498,71.75255205850688,36.24367463138425
mp-15641,CaMgGe,46.805,37.809,51.06735561523682,38.37054687330988
mp-15642,SrMgSi,43.089,33.218,47.057046063793194,33.54043214184459
mp-15643,SrMgGe,39.991,31.634,45.081201247511,33.721564152658495
mp-16253,BaCaSi,31.094,18.718,35.930658927247016,22.413509974593943
mp-16356,TiNiGe,158.126,83.324,169.3432193234141,94.92783062220424
mp-16646,PrMgRh,72.105,27.733,76.44368427910783,27.570896089103908
mp-16919,Y2HfS5,85.427,45.222,111.01406550674552,53.66024619956149
mp-17275,SrY2O4,112.287,62.641,137.54704149401965,80.68039972710292
mp-17546,Cs2RuO4,18.521,7.793,73.88963260001081,32.505333666410934
mp-17612,Ba2SiO4,71.162,30.552,117.53302305422028,70.55578043716966
mp-18300,Ca3AlSb3,37.606,23.128,46.132059814020586,29.34394737017163
mp-18513,Ba2MnSe3,35.573,19.958,45.43003513936264,24.668772034418648
mp-19727,PbCN2,22.297,6.787,97.64213232247832,47.6425433887998
mp-19728,YSiRh,124.598,62.797,147.27043084296534,65.91492168365235
mp-19809,MnCoSi,160.562,85.796,178.58067050628102,114.9686161895224
mp-19893,PbCO3,57.971,21.437,114.16834812463986,55.42590414404268
mp-19967,LuMnSi,103.621,55.573,104.3842902785112,66.70750859076018
mp-20001,SrSnPt,69.787,28.578,75.67664748864406,30.91706307746405
mp-20007,MnNiGe,142.033,60.689,148.4268550533022,71.9710877063942
mp-20043,ErGeRh,122.853,56.481,131.59462127670872,58.25671691229379
mp-20059,ZrMnGe,81.216,68.296,150.4172186663215,95.87663540061888
mp-20083,ScCuSi,110.432,61.217,121.09137924813116,75.061879787952
mp-20144,NbCrP,214.246,115.435,247.70401866630576,116.45180844577854
mp-20147,ZrMnP,174.291,111.101,184.6434625717,110.36819684529542
mp-2015815,PCl3O,2.568,68.257,47.97467151609739,24.777456426050605
mp-20192,HfMnSi,163.306,85.586,152.09871064026893,101.78129174630789
mp-20203,MnCuP,104.956,25.421,91.6626295440167,42.42149718376984
mp-20249,MnCoP,201.268,108.089,183.1377654203419,124.74498224262868
mp-20255,TiCuSi,147.728,77.37,158.74001185656766,100.64977826937924
mp-20268,TiGePd,150.678,68.935,163.76074601889607,76.32176574076324
mp-20281,DySiIr,146.12,72.446,168.94580380572646,77.3194386133478
mp-20335,MnNbP,227.683,277.419,243.40012568941947,131.4079671030327
mp-20395,VAsRh,183.377,76.499,200.6086882036567,92.55865894784056
mp-20436,TaSiRh,234.349,118.177,259.9964613248183,126.57126372029111
mp-20489,SrPbO3,105.376,50.244,116.33928321022503,60.61006533631833
mp-20490,NdNiSn,82.249,33.482,86.94633283152055,43.179342338431745
mp-20492,ScSiRh,147.712,73.9,162.66789310462832,76.75404417367285
mp-20525,CuSO4,63.477,28.551,167.6203801158218,99.6262914174898
mp-20557,YSiNi,104.111,62.677,123.72416380887654,64.05103196416
mp-20697,ZrNiSb,133.345,55.766,144.55158479632567,74.42724216519943
mp-20733,ErSiIr,151.348,78.089,167.66406652892806,75.68944251193122
mp-20777,SmCoGe,100.361,52.148,105.4452065773225,59.81903053250719
mp-20892,ZrFeP,195.86,119.784,206.2156290584267,117.01605863909052
mp-20932,NbNiP,215.347,97.397,247.07027304778,109.31706744345809
mp-20949,MnSiNi,162.799,86.46,159.7230737128143,90.19183357883776
mp-21003,Y2ReC2,122.595,74.404,177.85147121361777,91.893507968617
mp-21069,YSiRu,131.731,50.299,149.01466748880054,62.721374392178234
mp-21157,TmNiGe,108.787,61.869,109.28182395120726,53.401491618337225
mp-21248,NbSiIr,244.124,121.83,276.3561400597219,129.39145162379154
mp-21286,MnCoGe,145.917,63.269,165.9888559855166,83.56647822991607
mp-21306,TiCoSi,185.534,100.664,210.49603349284496,122.28705394556322
mp-21316,TaSiIr,258.184,125.054,294.27398713112393,137.9606866771582
mp-21336,TaFeP,254.448,143.287,293.75596418993894,151.94299782852332
mp-21340,HfGePt,176.04,79.095,201.1068060987039,92.2526635918687
mp-21347,CoBMo,299.575,177.92,342.11205615110504,161.3858087736321
mp-21371,VCoSi,216.773,113.415,232.45466324089247,130.40777338382838
mp-21449,NbCoP,233.807,118.544,265.10670474029826,126.70488597913624
mp-21455,EuAlO3,177.251,105.877,200.15675687981857,111.4505908766088
mp-21464,CoReB,352.135,122.896,412.68681926819767,176.0287155451886
mp-21490,CeSnPd,77.982,32.062,91.52074001252043,42.48345494076783
mp-21495,CrFeP,238.171,144.123,246.82635622781,154.93993854132452
mp-21609,SrCuN,67.221,34.378,86.29868972481884,42.54553520403819
mp-21851,MnSiIr,163.928,77.404,212.84654603716356,98.75339053447432
mp-22036,ZrSbPd,129.477,35.872,148.65850304634805,65.19463339059729
mp-22174,Zr3NiSb7,88.746,53.506,105.94210136929306,54.05639851988231
mp-22206,TbCoSi,110.589,62.194,124.66587413263828,70.12762649711965
mp-22212,NaSbO3,128.735,94.186,172.01081308464182,110.0536914610902
mp-22220,LaLuO3,146.049,71.956,157.1179255667254,86.45155878971897
mp-22227,ZrMnSi,146.187,81.493,150.54964701687996,96.9113502765251
mp-22258,HfSiMo,188.59,103.44,208.92405129718145,116.64247935048978
mp-22262,CoMoP,244.767,123.348,294.37514595819334,127.48669078754578
mp-22268,ZrPRu,208.218,108.505,230.67186279484667,106.6363482579254
mp-22275,YSnPt,108.198,41.035,118.51875539849054,47.96606705582916
mp-22284,SrInPt,62.337,26.962,69.24175327263686,27.435766074514497
mp-22287,NbGeIr,223.174,94.126,250.0385037395961,104.24171426254696
mp-22302,ZrVP,177.538,107.666,199.95414299006563,119.93994141313424
mp-22307,ScSi2Rh,140.355,85.12,170.7552690410321,89.3118853828485
mp-22390,SrRuO3,166.165,71.269,197.71986534966936,79.74873332055031
mp-22414,CuSeO3,27.12,28.384,138.21292198720806,59.34138251573368
mp-22426,ScSiNi,134.315,71.704,141.1960969485929,71.30845414803686
mp-22428,SrCeO3,113.27,51.662,132.687799468191,60.242382426096086
mp-22434,HfFeP,216.434,126.335,214.81908783438243,126.309144474841
mp-22440,LuSiIr,158.407,84.508,187.81830125236576,86.14717094463211
mp-22489,HfCuSi,153.001,87.244,162.12850816550275,99.8880932934984
mp-22522,ZrCuSi,145.249,85.05,151.71125278991818,92.62187467764528
mp-22546,CoAsRh,195.109,63.555,230.28297393582503,78.87670587716734
mp-22565,MnSiRh,154.446,70.41,182.73471183262015,86.67324726955238
mp-22617,YNiSn,88.056,43.823,97.70613884289472,52.61687369480209
mp-22636,TaNiGe,196.746,73.151,220.7517679219496,105.92281921852428
mp-22637,HfNbP,179.549,100.086,222.85028282446677,122.12374543344777
mp-22670,HoGeRh,120.656,55.178,127.2396192886342,54.99823644561372
mp-22701,ScFeSi,126.32,60.573,141.95474719046672,77.07555014157526
mp-22722,NbSiPd,194.818,82.78,218.14363063321056,92.70431883324146
mp-22759,CoBW,325.769,195.015,388.7974222512032,185.5592097397097
mp-22801,LuSiRh,137.113,70.8,160.6847241368591,73.5372397781029
mp-22971,SbSBr,7.311,3.768,51.95203471591956,27.363519626811662
mp-22982,CuBiS2,49.799,22.669,82.02951567145014,34.16325840606518
mp-22996,SbSeI,7.09,5.167,43.77305191488088,21.700832798822756
mp-23013,U(ClO)2,24.898,15.1,93.46194302139968,34.23674628580045
mp-23041,SbSI,6.858,45.967,47.048765437605454,24.151183058769455
mp-23514,BiSI,7.175,20.538,46.823980750154405,22.653447258352426
mp-23526,KClO4,16.231,8.709,89.26970796437892,60.35910548990616
mp-24290,HS7N,1.828,0.961,45.66657223312728,22.47813784192365
mp-2719342,Ca2SiO4,99.117,45.967,142.625968819599,87.61798038455757
mp-27381,CsSnI3,9.875,4.784,20.017385960580995,9.555380996373865
mp-27425,Sr(HO)2,41.76,25.359,84.84935131885783,47.090228480482025
mp-27865,KMgCl3,31.053,15.706,35.27955960153416,19.56140845468509
mp-28024,YSiPd2,126.394,50.1,143.98616645857544,60.50807724160064
mp-28049,BaBrCl,15.233,5.971,30.98907287006083,13.990423159804848
mp-28270,KCuS,16.721,5.768,34.28671702560146,14.789991041420503
mp-2878,Li3PO4,70.849,42.146,139.1211567161429,95.89874752341036
mp-2879,SrSnO3,137.515,74.953,152.68316670657026,87.9535282308385
mp-2892,BaNd2O4,97.689,48.593,112.0267879810191,54.93196434840657
mp-2895,Mg2SiO4,119.124,74.609,176.42616441844947,118.37746987618917
mp-29356,NaTi2O4,143.935,77.985,206.63264342009896,95.99370771790434
mp-29374,KGaSb4,21.147,13.849,38.7054363402131,25.780134461904787
mp-29476,Cu3SbSe3,51.967,17.901,74.69774944408694,29.515466847351504
mp-2955,NaMgF3,69.146,41.752,79.9005188875426,50.77839398691045
mp-30057,LiCN,23.889,8.104,53.57157772805353,23.68245266882693
mp-30156,LiMgN,96.016,79.534,106.67673661609514,82.56100913847278
mp-30206,CsClO4,12.446,5.747,69.64585671734409,45.995542640158654
mp-30209,LiBH4,15.533,7.936,51.6225963772556,41.46699986228031
mp-30301,LiClO4,30.023,18.037,123.87430557276554,87.55663436158312
mp-3031,BaSi2O5,58.4,34.2,138.35751453693447,87.58520593519664
mp-3032,RbBF4,16.78,8.554,68.73143842211721,39.13963843771568
mp-30437,CaSnPd,66.403,24.277,73.74875431731822,29.84797609301634
mp-30528,MnTlCl3,34.135,12.796,43.28080712035005,18.137058042052328
mp-3081,BeAl2O4,214.562,147.365,243.4495542921125,168.03320530096588
mp-3102,TaCuS3,39.914,25.486,116.78185093670884,59.84168444856028
mp-31116,LaScO3,153.924,79.013,169.66865884090137,89.44154061664645
mp-31118,SmScO3,162.11,81.837,165.2907625351255,91.17963488843152
mp-31119,TbScO3,163.461,82.231,177.2444348029541,98.30882669272572
mp-31120,DyScO3,164.678,82.262,173.59925234535632,96.29432482820825
mp-31152,CaGaPt,81.877,24.132,92.0290856753895,33.60162768549208
mp-31153,CaGePt,89.711,35.644,97.11460021435376,38.60756106438308
mp-31468,LiCaN,69.668,40.787,74.25494343240594,48.916101553930886
mp-3164,BaSO4,51.775,20.306,127.89562077910315,80.7194631761534
mp-3196,NdGaO3,161.789,76.582,181.51444128550415,88.07191065328334
mp-3204,YbSnPd,69.65,25.619,85.11266770440302,33.76607482205432
mp-3372,Rb2SO4,25.157,13.378,83.00301502568796,56.11344803433399
mp-3378,SrHfO3,155.349,92.483,174.89133071036548,106.36302197263144
mp-3472,PbSO4,38.265,20.584,146.53785276030658,82.54588396858352
mp-3733,BeTl2F4,24.832,8.47,51.694954286903354,23.66324228306936
mp-3792,YAlO3,190.06,111.803,228.7109361781647,130.76118614140594
mp-3795,NaZnF3,68.824,30.263,87.33825605623407,36.5796320781536
mp-3822,SrCO3,60.547,29.338,114.71050581808026,67.14160346201149
mp-3917,Cd2GeO4,99.731,33.82,131.83401444847027,61.48196131512841
mp-3952,BaY2O4,113.773,59.353,132.66380679136932,73.56194563226816
mp-3991,UMoC2,255.507,145.732,289.593006121832,144.02400353912773
mp-4019,CaTiO3,172.274,102.365,193.48590533626128,111.25540622562688
mp-4054,YAl3Ni,96.501,59.711,103.53301323145205,68.54911060729268
mp-4056,CaSc2O4,144.156,82.699,170.82505442203026,100.48191373793684
mp-4112,Tl2SO4,23.802,8.835,92.566616559822,50.56272374877297
mp-4192,Ca3AsN,59.9,45.452,65.15283831624758,50.14899145249515
mp-4308,PrAgAs2,74.255,42.754,81.12156207702766,40.03371561376623
mp-4355,YTiO3,184.267,77.988,205.80014631061795,92.05199260457928
mp-4387,SrZrO3,145.804,82.978,169.06539838158983,97.77502719163108
mp-4438,CaSnO3,143.373,77.611,161.20242357871442,91.0032523326421
mp-4468,CuSbS2,46.586,26.263,84.03280375030612,37.21005600423524
mp-4471,ScAlO3,205.767,116.509,242.65730781510777,135.22801272598795
mp-4481,Ca2SiO4,89.257,49.717,132.03287867836914,85.89988037714838
mp-4499,MgAlSi,67.736,39.357,62.9888743050958,24.746272216017985
mp-4500,ZrNbP,173.675,100.233,206.767736520376,113.44195998284192
mp-4529,K2SO4,28.688,16.186,94.19155683627756,64.2357104972235
mp-4571,CaZrO3,149.043,85.19,180.9534829904295,100.6623398491402
mp-4626,CaCO3,71.259,33.183,136.175252395644,73.77706449226189
mp-4789,PrRhO3,178.185,61.536,208.09082856923976,79.7453573045765
mp-4864,CaMgSn,40.739,28.662,41.651916443824376,31.121740913651575
mp-4934,Al2SiO5,176.285,183.311,216.2816279757655,133.44189204878003
mp-5014,CuAgS,43.849,16.322,83.28637927130413,29.986859202769537
mp-504935,K2PbO3,38.231,19.096,69.77768300851986,33.0242407208
mp-505206,Ta3SiTe6,20.916,15.495,91.36930617358472,53.08537863082694
mp-505282,CeGeRh,109.376,29.558,119.77041810578152,40.518253029121574
mp-505540,TiAsRh,176.642,76.463,198.5099258185676,96.19773173453132
mp-5056,Mn2SiS4,57.588,26.202,78.75209458840901,38.8396411784346
mp-505782,Cs2SO4,21.231,10.568,73.62033072872974,47.477132518241795
mp-505822,TiSiRu,189.963,75.142,215.77210704018825,97.0677767099464
mp-510152,DyNiSn,22.797,5.475,90.44882616533278,47.754929842604994
mp-510409,TiSiNi,176.474,104.824,185.57932331569916,107.90059376259252
mp-5126,ZnSO4,71.11,32.925,168.6773036637337,106.27935812633643
mp-5158,KNO3,17.312,8.418,55.02756868660129,34.6330520022916
mp-5163,LaRhO3,173.36,58.779,198.19870324461223,73.70327262708379
mp-5186,ScNiSn,93.391,38.313,105.44519277782771,57.93022741043798
mp-5193,SrZrS3,69.284,36.069,85.47619667131461,46.84822016968994
mp-5223,GdAlO3,184.501,108.981,222.2361766809268,125.4925056209434
mp-5251,Ca4CN4,66.517,33.929,96.3038639110864,59.189026774088475
mp-5285,SrSO4,60.595,25.048,145.76201206082382,92.80287252409654
mp-5305,CuAsS,66.107,30.222,78.59418238102263,34.360544050373775
mp-540771,BaZrS3,69.975,33.616,83.29566637193923,42.9916237336927
mp-540839,CsPbI3,9.811,4.607,19.735384654031787,9.010160240448345
mp-542172,YbMgGe,48.382,40.06,59.78582157973665,42.09790957918177
mp-5473,CaMgSi,50.491,40.749,55.424681513638625,38.96304740285012
mp-5504,BaCO3,51.872,21.914,95.8446113839823,55.26951864973299
mp-553939,CaCO3,72.622,29.508,130.0621645720598,80.27621336549326
mp-556075,SrDy2O4,113.78,63.877,127.77062551745102,73.42534064169712
mp-556084,KClO3,15.73,8.247,67.6766031519148,41.199530095815966
mp-557753,K3PO4,36.838,19.669,83.80306818129951,50.04846244181788
mp-560445,SrEr2O4,120.303,68.24,130.9827147466231,77.9091546437798
mp-5637,SrZnO2,92.231,50.077,113.26498866279024,62.55867024750507
mp-567601,Sr4CN4,52.92,25.037,78.21092572737759,45.22845365265148
mp-567681,CsPbBr3,11.602,5.511,23.29408057397263,10.208210338954109
mp-568424,CaAlAu,66.363,29.879,72.03048496962435,30.899715845951405
mp-5690,GdScO3,162.616,80.921,180.62194742442287,95.4011357889138
mp-5692,TbRhO3,185.684,68.207,223.04315154019028,94.14792747295876
mp-569267,Ca2CdSb2,28.687,19.747,44.899545590696185,29.009423562191447
mp-569511,NiTePd,120.245,37.576,140.75849289648866,45.89272206522397
mp-569628,CaCdAu,53.32,22.156,58.53168849050056,22.786245367684423
mp-570689,CaInPt,72.999,28.849,81.65184117472421,30.91208234374251
mp-571440,K2CuBr3,15.253,7.497,22.724381364698896,11.555876988718255
mp-5788,NaUO3,83.733,53.954,151.56226683016658,64.61145530778697
mp-5900,Ba2ZrF8,48.085,23.193,98.65571948415402,41.795725358056174
mp-5915,TlNO3,21.657,8.29,94.724006961148,47.94846321318819
mp-620571,CaInPd,60.927,22.758,67.75409639696522,26.171633747992868
mp-625152,AlHO2,144.446,113.213,229.06876521001615,150.1495609399157
mp-672645,TiSiRh,187.886,89.044,200.81635443326135,102.89926060040445
mp-695998,K2ZnH4,16.778,11.148,30.57693819076338,19.982424366505334
mp-7066,ScNiGe,124.163,63.254,131.5031242805617,65.42943150758326
mp-7352,MgCuP,91.308,48.485,104.14775798902495,45.20626398276217
mp-7405,SmAlO3,179.771,110.879,202.87195912702464,123.66415726496707
mp-7427,Ba(ZnAs)2,51.414,28.814,59.07105667637585,34.15809543680624
mp-753360,BiOF,44.218,27.419,129.18009433261355,52.158729670273985
mp-753508,LiCuS,38.109,15.988,52.73081885238004,32.954121915465876
mp-753605,LiCuS,26.248,16.527,60.52595134739819,27.442338585248397
mp-753656,SbOF,19.518,13.074,114.898709655887,48.33298661534547
mp-756630,DyAlO3,191.925,113.32,215.4762470571057,126.08580018303502
mp-770771,SrSc2O4,141.067,81.465,164.12367623122617,95.63296990740966
mp-777413,CeScO3,160.352,87.319,167.69740716333197,84.51760070061756
mp-7781,CaZrS3,68.832,36.572,90.65921582863378,49.267542918994266
mp-7899,BaCdO2,78.484,36.031,89.7070105900791,42.061924189245765
mp-8418,ZrCoP,199.308,115.332,224.1084797419703,121.82850714033395
mp-8487,CaSbPt,81.669,35.587,93.14746313388108,41.709421235479226
mp-861738,CaMgPb,36.51,25.863,40.511000125694856,27.493161712366685
mp-864645,YbSiPt2,128.857,47.427,163.44091085272183,65.69980635850801
mp-8754,NaLiTe,24.832,15.62,29.555301406961576,18.484397825208603
mp-8983,CaSiPt,102.152,40.756,110.6860132389051,45.69238085633835
mp-9225,ScSiPt,149.146,61.333,162.46903832677697,62.077894982308784
mp-9440,YbAgSb,53.668,25.323,68.86434057358457,34.63036432798585
mp-973217,SbSI,6.279,1.942,42.7235845924549,21.931092446732865
mp-9801,HfCoAs,177.383,92.377,190.4967660191237,109.04480858148156
mp-984714,AgAsS,46.738,14.032,59.456010174585465,24.407130290574727
mp-985583,Li3PS4,22.427,11.673,55.62345354650621,34.012565519882585
mp-11694,Cs2Pd3Se4,15.031,5.749,52.711264702609654,23.812044860243255
mp-11695,Rb2Pd3S4,18.72,7.235,61.10892031050985,27.15213911841948
mp-13992,Cs2Pt3S4,20.277,6.76,72.04708368032101,32.22368128584809
mp-14336,Cs2Ni3Se4,13.155,4.317,53.09446289300463,26.707965117021885
mp-14338,Cs2Pt3Se4,15.169,6.519,66.36434298734487,28.35887602285846
mp-29752,NiGePt2,195.587,57.888,224.14216662107592,64.52648012770443
mp-4030,Rb2Pt3S4,22.197,8.082,74.60471437939907,33.988778625967974
mp-510268,Cs2Pd3S4,18.92,6.469,58.37230624699176,25.62478889984632
mp-8895,Ca2B4Rh5,156.278,81.829,192.40328940455336,93.05871480250362
mp-8896,Sr2B4Rh5,146.854,79.667,179.58539821795344,82.44528087232322
mp-15999,Li3AuS2,40.186,20.397,56.409094982313455,25.68643804283106
mp-20618,Y2Co3Si5,142.289,61.852,162.03249026063855,93.9420181017862
mp-27227,LiAg3O2,66.519,19.457,91.56780942756032,28.59296608739599
mp-2884,Cs2Mn3S4,24.479,11.784,29.02771062312984,19.977586095305934
mp-3527,Na3AgO2,50.007,27.831,59.10330419312894,32.19961710792117
mp-5122,Na3AlP2,28.353,15.648,43.75260292127408,25.778516187409902
mp-561830,Cs2CoS2,17.491,5.807,33.2987356143559,17.36874951406521
mp-6960,Rb2SiAs2,17.864,9.887,35.61710130185373,21.999082357101475
mp-754352,Na3CuO2,50.896,26.427,63.93193615364691,36.313761720551106
mp-8187,K2ZnO2,42.145,9.082,61.21903788127904,31.23359051339616
mp-8543,Na3AlAs2,23.337,12.749,37.81307381264457,22.32173976139837
mp-8932,Cs2SiP2,15.288,8.595,35.43106648506092,20.73196686919448
mp-13109,SrHfO3,157.502,87.118,174.7907516185714,105.97466687122446
mp-13475,CeSi2Ir3,195.504,103.095,238.2374768691957,111.49665609106091
mp-2923,Ca2Os2O7,157.29,79.679,201.55843014624895,99.90527763004664
mp-5391,Mg2SiO4,156.143,102.589,198.40720772241897,135.47156431494147
mp-5392,Mg2SiO4,111.352,65.679,173.20256500260345,115.60176181506806
mp-568803,Mg(B6C)2,228.181,213.484,274.05169349132785,239.2888309675686
mp-675464,CdIn2O4,132.026,41.566,143.42972870096708,65.16251133638015
mp-8204,LiAlB14,194.262,188.166,238.86563899484017,205.30950471523545
mp-8535,ErSi2Rh3,171.529,93.249,187.3324868911969,99.94531385605607
mp-1190619,Ca(BH4)2,19.985,4.36,59.707928544169654,46.26241164572675
mp-14622,Y(BIr)2,197.034,43.85,235.6757603006247,87.18414934284449
mp-23850,NaH2N,13.017,10.054,48.547600309618595,31.44179732725088
mp-27175,InOF,135.341,57.034,148.49433171602846,70.37523460213488
mp-3348,LiBIr,163.719,69.518,188.2491796850163,83.45819546596621
mp-4770,Na2SO4,42.716,21.97,114.29142665959132,75.74964767902642
mp-5141,Na2SeO4,37.641,21.775,99.79552505021982,57.776749898726024
mp-5625,Ag2SO4,48.044,11.243,111.15489632573956,53.871254842202774
mp-6939,Sr(BIr)2,165.802,67.481,195.24276970755884,83.17798403126552
mp-754084,Cu2OF2,24.57,10.449,49.171430073406455,18.56293895109779
mp-8431,Ca(BRh)2,151.502,52.405,170.60308363598162,70.55646510971417
mp-853967,LiCuS,42.412,15.398,59.98977089788037,26.47790221314527
mp-10055,Co2B4Mo,312.139,184.439,398.5315545291668,203.34409666382567
mp-10076,Hf3(NiGe)4,157.766,87.552,175.16042876343917,92.21114593888944
mp-10244,Zr3(CuSi)4,148.032,84.654,153.17078004746062,92.45201868077775
mp-10245,Hf3(CuSi)4,155.079,84.106,163.3680152610294,96.42282174255678
mp-10247,U2CrN3,225.315,98.863,230.72441514846716,111.67516105288128
mp-1025183,Ho2B4C,165.827,135.007,178.0989534704859,141.62819499816334
mp-1025246,Er2B4C,167.373,137.312,171.1219955020061,141.5982059018669
mp-1025379,Tb2B4C,160.424,128.824,160.11386449787565,137.10634089297164
mp-10527,Y2AlSi2,84.925,53.174,89.88266636882284,65.93068281534312
mp-10528,Ho2AlSi2,88.264,54.353,81.61827874720957,59.422807187161155
mp-10669,Ba3(AlGe)2,33.114,21.056,37.110787970150845,25.721687471948073
mp-10670,Ca3(AlGe)2,45.848,34.119,48.447916446819995,38.06104000124488
mp-10671,Sr3(AlGe)2,40.325,29.986,40.836626045756184,31.761562601705783
mp-1087505,U(FeB3)2,201.105,194.582,296.82655197093993,228.1037868637534
mp-1101850,Ho3(CuSn)4,82.772,121.332,82.40876731645174,50.97017507429894
mp-11113,TiTeAs,77.175,60.194,102.2884162841391,56.65436375085016
mp-1220650,Nb4B20Mo11,303.254,195.691,374.7592669632904,240.87772810729535
mp-12414,K(USe3)2,36.136,22.025,63.59040567453592,32.36927860229026
mp-13431,Dy2AlCo2,82.859,30.594,88.57671945028395,37.02927499740372
mp-13535,Tb2ZnNi2,70.66,31.218,88.10701978258142,33.47805128995409
mp-1394400,YSnF5,55.059,20.038,77.57757448315843,29.208993455433212
mp-15722,Fe2B4Mo,322.925,169.103,343.15538613758815,195.1129272445124
mp-20054,TbGe2Pt,111.302,52.781,121.04219264378612,61.82047286190164
mp-20844,Dy3(CuSn)4,81.322,17.296,84.57901582780633,52.60530381450451
mp-22313,Na2PtO2,73.912,27.803,96.90247648754716,45.69987031571243
mp-27471,NbPS,139.088,72.998,168.2890115940851,83.98581788538958
mp-27562,Na2Pd3O4,94.869,34.888,129.98746776790952,58.11712105336531
mp-28683,Ta(ICl)2,3.984,2.594,49.73649161249197,24.06831874687174
mp-29025,Li5Br2N,26.516,16.903,33.92276650387764,23.425995357329946
mp-29133,OsCl2O,36.377,22.51,109.27660080363938,52.52518052063849
mp-29352,Ba2PdO3,86.049,44.286,101.34744040738506,46.459100992003926
mp-30472,Ca2GaCu2,53.652,25.146,54.410996484057,25.16021357009503
mp-3155,Sc3FeC4,174.3,121.834,219.00648482397412,136.05066699662646
mp-38818,HfNbB4,268.54,221.748,280.08371748478027,228.27568030904655
mp-3923,Th2MnN3,197.985,101.138,204.86856044332413,105.84413807867408
mp-4359,Sr2PdO3,97.839,55.987,114.34417416171527,60.99184248113985
mp-4711,Li2CuO2,84.8,43.976,96.6845077601768,55.492656622494984
mp-4817,CeAl5Ni2,96.912,61.918,109.63067683498502,68.45730490499976
mp-5075,Sc3CoC4,177.226,121.093,230.87371864653352,137.39772815873303
mp-510076,Rb7Au5O2,14.598,7.755,20.88879491031299,11.0937997237659
mp-540584,K2PdO2,54.425,17.436,71.70250328832529,35.14641476443927
mp-5456,Sr2CuO3,96.649,53.877,110.06891390018644,62.23935991046133
mp-5495,Ag2PdO2,84.084,16.27,126.77858135747742,35.070846765815745
mp-556953,RbPS3,8.701,3.385,43.11804921907083,22.964478512460964
mp-568541,Dy2B4C,164.005,132.338,166.2659126077213,133.240594033845
mp-571420,Ba(NiP2)2,93.31,49.484,107.27687061556055,56.35657207944218
mp-5869,Ca2CuO3,112.399,61.191,120.30660817523837,67.19655309685432
mp-604516,Y2AlNi2,68.417,34.404,94.76388855815658,37.05141420871617
mp-7068,Sr3(AlSi)2,43.146,31.93,43.874656031782486,33.17467076721708
mp-7376,Sr3(AlSn)2,36.254,25.252,37.840803228273714,27.45002445153084
mp-7377,Ba3(AlSn)2,31.429,20.566,32.98516793672895,22.611349948942152
mp-7524,NbPSe,127.788,74.558,149.28763792567568,83.87256478141677
mp-755974,Na2CuO2,67.632,24.372,81.55354701728172,35.35885788798374
mp-7573,Co(BW)2,335.374,208.11,414.21456917034743,232.96854037193285
mp-7608,Li2PdO2,91.447,43.646,110.59308435075094,64.05486192938443
mp-768197,Li5SbS4,38.444,24.406,51.76757309255253,31.578555023528747
mp-7928,K2PtS2,35.048,17.968,53.35217411718291,24.811224900532856
mp-8249,TlPS3,10.753,5.047,49.815827236832746,24.302484564916508
mp-8267,KPS3,10.254,4.41,45.62274976069941,24.26554347643139
mp-8621,K2PtSe2,28.157,14.58,45.37981963765664,21.06135132883985
mp-8622,Rb2PtSe2,27.207,13.652,42.7845265309092,20.045494326308255
mp-8623,K2Te2Pt,22.506,10.459,38.00971103270389,14.198121980248402
mp-8790,Ba2CuO3,77.113,39.302,96.46917790780849,46.19824209218304
mp-882700,KTiF4,35.497,13.954,73.22041223378854,27.882119043267476
mp-8996,Sc3RuC4,182.544,108.952,222.82657471980977,126.95441162564973
mp-9523,Rb(ThSe3)2,36.343,19.856,68.49238435787335,32.50456467778125
mp-9577,Ca3(AlSi)2,49.839,35.571,51.756951902573675,39.828275609009786
mp-9578,Ba3(AlSi)2,35.047,21.934,36.421851698841046,25.084404078810017
mp-975640,Pr3(CuSn)4,79.671,48.022,80.55018073485694,47.66818814958574
mp-997055,CuBiO2,73.064,21.79,111.11919716517453,45.3428197828512
mp-9999,Ni(BMo)2,308.058,179.014,358.30171015538303,200.67341964153368
mp-2051619,Cd(HO)2,57.133,21.765,109.5111886201314,49.18881207843696
mp-2458726,Zn2MoN3,148.381,59.017,197.06184312183515,82.77861418740369
mp-30461,BiPd2Pb,83.365,23.445,100.22962982363131,26.091921435622428
mp-34579,Na3HfF7,39.246,16.325,86.51634302948612,44.091923690604126
mp-34857,KNO2,14.294,8.844,41.68837956332656,21.394943334378187
mp-675755,TiCu3O4,79.739,26.249,138.82335829120808,63.40755275248963
mp-761034,Hf5N5O2,237.818,124.731,255.46061624778952,144.10910972416633
mp-773044,LiCuO2,57.048,22.461,88.09030226941289,46.13395574635951
mp-850251,Na2Ti9O19,125.464,20.715,202.27025736719935,99.02754007011916
mp-1181812,Ca(BH4)2,15.864,10.493,61.36326261180696,49.74314290720033
mp-560340,La2Pd2O5,128.177,49.329,160.46741142008798,74.40742963677647
mp-1025331,In2AgSe4,21.185,6.531,50.5407138414263,19.867274824281807
mp-10955,Sn(HgSe2)2,23.898,13.331,49.67708662787029,21.683984055921055
mp-13949,Cd(GaTe2)2,25.359,15.703,43.1335750569374,21.47976950786273
mp-15776,Zn(GaSe2)2,36.647,24.208,58.82395037917417,31.24753277672789
mp-15777,Zn(GaTe2)2,29.631,19.075,46.62144346865578,24.80210022198619
mp-16337,Ga2HgTe4,25.141,15.716,43.71597081241553,21.414838507076382
mp-19765,In2HgTe4,20.25,12.565,39.59335502111068,18.79858015956567
mp-20025,Mn(GaS2)2,38.003,22.73,70.37808914069352,32.25419885700891
mp-20261,Mn(GaSe2)2,32.669,19.199,55.61112738696525,26.033155095120534
mp-20731,In2HgSe4,23.239,13.929,49.553874011234875,22.49108546001756
mp-20790,InPS4,15.077,11.744,60.1621118093469,30.775872193486325
mp-20832,Zn(InTe2)2,23.091,14.549,41.592133763647965,20.895135330700672
mp-21374,Cd(InTe2)2,20.89,12.794,39.43558537426412,19.043249793882975
mp-22304,Cd(InSe2)2,23.569,14.371,49.517240682674064,22.715551219831852
mp-22607,Zn(InSe2)2,27.992,17.561,52.58996160971429,25.754436403513942
mp-23485,Ag2HgI4,10.806,5.389,24.63487588233796,8.731579696514578
mp-23702,LiH2N,28.876,21.892,79.0927374156664,57.48223919567585
mp-29403,GaCuI4,8.702,4.898,26.321310974424815,11.19198245576141
mp-3038,Al2HgSe4,31.433,19.26,55.32614670721147,27.22549124012515
mp-3159,Al2CdSe4,31.918,19.435,55.94512245432463,28.256974687383657
mp-3277,BAsO4,52.254,42.303,175.05950843190675,95.61402586950582
mp-3589,BPO4,59.735,60.977,210.03089102885937,123.62031368250156
mp-36592,Nd5AgSe8,60.875,28.881,73.83701691632326,37.05910658849241
mp-3772,Cd(GaSe2)2,31.353,18.984,54.639924578146655,27.136971065086684
mp-4152,Ga2CoS4,40.307,28.303,74.04244942673982,34.02886152910407
mp-4452,Cd(GaS2)2,36.683,22.088,65.77446375837089,31.8162739887719
mp-4730,Ga2HgSe4,30.818,18.665,54.353065370025824,26.47346055818921
mp-4809,Ga2HgS4,35.968,22.015,64.96091847190343,31.276687144363382
mp-5046,BeSO4,37.858,34.279,161.53970429416972,97.70098174884072
mp-5350,Zn(GaS2)2,41.892,29.034,74.44954905075222,38.04980945642087
mp-540284,CuPO4,43.445,29.816,133.55021454888796,83.4573378753686
mp-5928,Al2CdS4,38.504,22.514,69.57552612836376,33.10235605402296
mp-677335,GaPO4,29.965,19.522,138.90408347607638,72.60292373224367
mp-760410,BePO4,31.26,25.169,137.81138807026554,56.39584504371123
mp-7848,AlPO4,23.763,24.692,146.60403388516596,78.4888829124761
mp-7849,AlAsO4,23.997,18.753,128.64997136054046,59.86750467310023
mp-7906,Al2HgS4,37.528,22.148,67.48899366717396,32.31009912964541
mp-7907,Al2ZnSe4,36.886,24.465,59.904522619250216,32.42357378091877
mp-7908,Al2ZnTe4,28.836,19.161,47.63586917733082,25.129311702981944
mp-7909,Al2CdTe4,25.418,15.84,44.4888587313158,22.259614916462784
mp-7910,Al2HgTe4,25.112,15.86,44.83928084187083,21.64317222117587
mp-15922,Gd2ReO5,136.02,59.655,196.12889227477447,89.37059621750355
mp-1105839,Sm(CoB)4,203.871,115.136,228.8002195291828,132.10226977994864
mp-1106404,Nd(FeB)4,216.78,121.151,228.07987014406677,145.68550725935586
mp-13967,Nb5(CuSi)4,180.208,99.478,199.39729717981737,105.73174239287786
mp-27660,Ba(FeS2)2,41.504,18.92,71.99828348365668,32.21921083087075
mp-28698,Na4IrO4,41.96,21.927,93.35801775684794,45.45278197633508
mp-5327,Na4UO5,46.607,31.019,123.52709490911984,61.545461528939846
mp-755298,Li4NbO4,73.687,37.488,121.87365156241005,76.25077689891613
mp-7714,Li4UO5,85.449,52.804,153.92004277512908,83.21424514470485
mp-867568,CsTi6O12,116.019,52.941,183.5956437391272,90.41211632508134
mp-10519,Cu2SnS3,66.366,27.459,78.00014211949245,34.24618319584209
mp-11658,Cu2SnSe3,55.604,22.247,64.77263463923892,28.16884258264169
mp-15252,Cu2GeS3,72.817,33.867,85.67033287049016,40.07393646880539
mp-15895,Cu2SiS3,78.369,35.964,103.1228626709023,47.98130518724642
mp-15896,Cu2SiSe3,63.392,28.611,76.81376187580283,35.98880858973002
mp-18163,Cd4GeSe6,28.173,15.493,54.4390480015992,29.839277580355983
mp-20753,CeCoC2,171.563,77.456,200.6795055954448,89.91634513856123
mp-36066,PNO,53.348,54.638,189.47966534432524,118.80044985579156
mp-5151,Cd4GeS6,33.377,17.369,64.67423224397844,36.28987723436392
mp-674953,Cu2GeTe3,49.179,21.681,59.340696947597934,25.596291239640433
mp-675120,Cu2SiTe3,51.832,24.981,64.47072585528086,28.75483453743948
mp-675880,Cu2SnTe3,45.399,19.187,56.55157511072061,23.846673370492866
mp-677105,Cu2GeSe3,58.829,26.47,68.47299726115784,31.003647464598153
mp-685991,Li5SiP3,35.658,27.044,54.27254745306607,38.69977717728684
mp-752401,Rb2ZrO3,35.661,13.136,81.58072926407769,38.02347668511863
mp-752467,NbO2F,94.407,57.843,172.37290463617433,76.71675006904356
mp-8761,NdCoC2,161.032,81.561,180.86644507372733,93.28526108156125
mp-11736,ZrSiO4,222.449,101.928,269.91325149665374,146.23335162793506
mp-12523,YbPO4,100.063,48.444,236.99615203814136,136.4825934505951
mp-15051,Nd(PdO2)2,147.983,47.35,179.1730342689311,74.52265221697387
mp-15053,Y(PdO2)2,155.622,61.345,195.2420442928148,84.5549955901312
mp-23034,SrZnCl4,32.01,12.913,43.02954431220426,19.897086033642747
mp-23562,KIO4,20.199,10.494,88.33583044331964,46.87051896043648
mp-23704,NaAlH4,19.606,13.109,42.251596561644575,28.831019225820544
mp-28567,LiBiF4,75.053,26.886,94.07509242817147,38.35836980914229
mp-28995,Cu4SiP8,89.914,54.3,106.90621824098056,61.26529549914596
mp-3700,LiYF4,79.743,31.762,101.350515584636,50.24723678069359
mp-4757,KReO4,18.263,11.252,125.21853078215028,52.26875816093733
mp-5078,SrZnF4,61.603,22.407,79.78831245471942,37.50777419024416
mp-5104,CaZnF4,69.912,23.473,88.68754512104549,43.21944206341703
mp-5558,NaReO4,21.527,10.392,155.63967300489293,68.463741620115
mp-559598,LiScF4,86.711,31.055,114.23299347843616,56.903887613191706
mp-753911,GdAsO4,138.263,59.557,187.58926788286777,100.98450674902892
mp-759541,Ba(PdO2)2,65.978,24.505,130.51086997179394,46.7475195444604
mp-7621,KTcO4,17.135,10.609,108.39978992040128,46.477462522801424
mp-772099,Cd(CuO2)2,127.189,48.069,166.64645827837492,64.9602616238284
mp-8042,ZrGeO4,202.683,86.908,246.6428850506315,128.96193740919185
mp-9755,HfGeO4,213.567,93.452,257.02204014562824,138.02694540303372
mp-9756,ThGeO4,172.653,65.809,206.28272045781353,94.30579242886512
mp-976291,LiAlH4,24.716,16.29,53.6054919740657,40.90951770422998
mp-757031,Mg2TiO4,146.153,71.912,180.65423453118993,106.99624783595418
mp-33880,Sr(GaTe2)2,22.92,13.8,43.8288042727182,22.333497362770988
mp-37091,Sr(AlTe2)2,23.229,14.651,43.973082186493485,22.17602378201689
mp-38394,Ba(AlTe2)2,21.215,13.061,40.38656074910389,20.634029338617225
mp-677072,Ca(InTe2)2,22.877,3.435,45.26851692520072,21.271023648114543
mp-28273,K3CuO2,27.774,13.205,41.91268067694021,21.657835143179845
mp-3427,LiAlO2,92.356,52.968,151.08054389780423,100.25996534249082
mp-8537,S(OF)2,3.686,1.6760000000000002,83.98996832555446,62.15599517661893
mp-29816,Ag2HgO2,39.693,12.451,80.9747293764341,30.31001345882822
mp-11596,PrBPt3,167.556,61.066,184.5786705254327,51.67828699515104
mp-11597,NdBPt3,170.929,60.983,186.2973795042853,52.25643865559121
mp-13108,SrHfO3,156.926,91.657,179.97485590945968,105.66468835554448
mp-1391774,Ti(BiO3)2,35.72,246.489,121.75184766669416,46.76822559089709
mp-20459,TiPbO3,65.557,40.241,163.60659222550152,70.16745491083465
mp-22435,CeBPt3,174.986,62.475,199.61604832945417,60.50923069775243
mp-2795318,RbCaCl3,24.006,12.606,28.094474785403563,13.789642885398056
mp-4342,KNbO3,109.845,60.647,187.24528945590464,106.11210652045214
mp-5986,BaTiO3,107.183,49.773,171.031055305013,101.82085857001287
mp-760376,KTiO3,52.449,24.293,122.61925903731702,173.44358372244355
mp-1019573,CaAl2SiO6,126.05,71.871,197.14229424622496,126.3071968243258
mp-24390,CaPHO4,72.678,39.173,160.48677406789423,104.07873872579366
mp-6081,Ba2Ti(SiO4)2,81.257,35.951,141.6028278830984,80.32338088495433
mp-1025276,Sm2AlNO3,177.684,110.244,179.02368312102038,111.92946667208916
mp-1025277,Pr2AlNO3,171.663,102.849,182.2978811761556,110.9810492384066
mp-546679,Nd2AlNO3,174.661,105.689,186.88405332946883,114.35177350667902
mp-557950,TiZn(BiO3)2,83.663,70.619,161.5559094795481,70.14627130976466
mp-19949,Sc2Cu2Ge4O13,70.626,35.69,156.04616585613454,81.94367655888267
mp-6384,RbSO2F,14.178,7.871,48.961964807414255,28.850705297720346
mp-6560,KSO2F,17.575,8.399000000000001,54.81933956900695,33.243326173758476
mp-6781,AgCNO,8.598,4.82,56.844494126162466,29.438812663929905
mp-559691,Ca2Al2SiO7,101.962,53.471,154.6125219829284,97.5385982145496
mp-6094,Ca2MgSi2O7,86.507,35.75,144.40704711277974,92.53555890447862
mp-6564,Sr2MgSi2O7,86.466,43.679,136.26503084849972,87.15355807161792
mp-754213,Li2ZrCuO4,114.265,58.508,185.8239423280284,92.3184215681188
mp-754238,Li2CuBiO4,90.724,55.545,139.9980102455383,69.4893173432565
mp-23996,BeH8SO8,39.315,14.245,107.60063810696468,65.74958072539017
mp-1025500,ZnCu2SnS4,63.497,28.999,74.53584169454881,33.45994418826482
mp-10824,ZnCu2GeSe4,55.144,26.528,61.94325884688632,29.354481133478647
mp-10952,Cu2HgGeS4,64.58,28.359,69.86350411052092,31.330197998860452
mp-10967,CdCu2GeSe4,50.594,22.751,58.431987797473305,26.47316910376929
mp-11770,CoCu2SnS4,68.316,27.976,74.88642285973026,30.42582051159357
mp-12015,KAg2AsO4,55.676,19.499,94.1106468477349,41.73773604315327
mp-12532,KAg2PS4,36.776,13.319,52.19684107235257,23.177007033809804
mp-12854,ZnCu2GeTe4,47.476,22.69,53.89362012145944,24.889905788367365
mp-12855,Cu2HgGeSe4,53.306,22.713,57.06707862809343,25.335202126251858
mp-16565,CdCu2SnSe4,49.675,20.463,56.97891666160367,24.68799892876266
mp-16566,Cu2SnHgSe4,49.545,20.154,55.60826837674919,23.735681605328576
mp-19722,MnCu2SnS4,64.725,23.957,72.81424168127452,29.64121595625476
mp-19896,Li2GePbS4,41.491,19.979,61.20295871992962,30.278448838094672
mp-22053,FeCu2GeS4,71.55,31.294,76.19773322860537,34.503392795071036
mp-22400,MnCu2SnSe4,50.85,19.337,57.90773758673101,23.520681656327337
mp-22648,FeCu2SnS4,70.285,26.429,69.71286118427793,28.947524015186815
mp-6408,ZnCu2GeS4,68.717,33.762,79.17422789947798,37.65273636857866
mp-6498,CoCu2GeS4,72.689,32.065,79.48127298593151,36.572882121251354
mp-9490,KAg2SbS4,30.86,10.721,46.71750392261717,18.816965940084547
mp-1025205,Y2Re2Si2C,142.796,72.317,198.54157709714735,91.49613081732588
mp-1025262,Sm2Fe2Si2C,110.881,72.64,139.91724036506508,76.32421780872727
mp-1025285,Ce2Re2Si2C,114.211,59.756,181.91072926870763,72.74995304807352
mp-1025316,Ho2Fe2Si2C,132.603,82.417,164.2707166348614,89.99391330611147
mp-1025339,Y2Fe2Si2C,124.98,81.239,177.04945273075953,97.1169843461593
mp-1025354,Er2Fe2Si2C,131.673,83.433,165.57379995881936,92.78183382214678
mp-1025357,Lu2Fe2Si2C,141.073,84.313,178.4805918705241,98.58321256156428
mp-1129406,Ca2Mg5(SiO3)8,79.469,53.835,173.0433244194657,112.6266741032726
mp-11705,Dy2Fe2Si2C,129.258,81.477,164.90371771133408,91.12216244472442
mp-1542940,TiTlPS5,9.808,4.58,61.97638183337092,32.61729888606135
mp-541275,Cs2U(Cl2O)2,12.286,5.649,42.279214674933115,18.540265108384293
mp-551092,KLiZnO2,58.328,29.535,81.67263926263227,49.59441204471288
mp-556536,Na2Zr(CuS2)2,49.275,19.957,83.20354542555374,42.51323059878368
mp-561079,CdBiS2Br,31.738,16.051,62.705354357265435,25.983592679587257
mp-567655,Sr2C(NCl)2,42.78,18.993,63.911227134419256,34.65554538949832
mp-6167,Ba2NdNbO6,124.323,48.803,141.3358255478683,72.51744014696678
mp-6624,Tb2Fe2Si2C,127.515,80.136,169.72000026778846,91.25619719578675
mp-9211,Tm2Fe2Si2C,139.272,84.491,173.24998356275694,96.56209580217094
mp-5990,CsLi(B3O5)2,30.297,17.192,114.08687932265978,77.83604601134643
mp-696752,KP(HO2)2,26.171,10.626,113.46045495036851,78.61479358708239
mp-703470,AsH6NO4,29.325,4.705,112.15695480912376,72.73084710831118
mp-557862,BaAg2(HgO2)2,45.872,17.366,79.6013415390629,28.46310002752135
mp-571594,K3AgSn3Se8,14.728,7.569,40.46205289222466,21.03403971538202
mp-1002069,NaLiICl,20.106,11.883,23.293702685703632,12.406415226114538
mp-1002081,KNaICl,14.528,8.011,16.999547939384396,8.298060148473784
mp-1002083,CsKICl,10.751,5.533,13.139327379243666,6.663243093158403
mp-1021327,KLiICl,15.287,8.606,18.269196082558956,8.729481850275201
mp-1021431,CsNaICl,11.698,5.876,13.788158414754063,7.383742791510162
mp-1025437,CeBi2SeO4,95.872,30.437,139.7692245514998,56.86431059029106
mp-1046056,Ba2TlBi2O7,27.729,8.573,82.95615520091143,36.50989288135716
mp-11147,Na5CuSO2,35.442,18.576,43.34847808077896,26.164890900567386
mp-545344,NdTe2ClO5,56.269,17.613,139.48871043890895,62.5538761670769
mp-545529,NdBi2ClO4,61.877,27.064,118.6689252305835,53.648341996919726
mp-545788,Ba3ZnN2O,58.353,29.13,62.57684247814201,37.321585890999366
mp-546152,SmBi2ClO4,63.228,28.016,117.15831893357291,54.02338463467885
mp-546266,DyBi2IO4,67.212,36.507,108.43580159858764,50.394063602684895
mp-546350,TmBi2BrO4,69.604,37.545,113.6839133415188,54.36085236774353
mp-546621,ErBi2BrO4,69.714,36.579,114.42630699107042,54.537291850462125
mp-547125,TbBi2ClO4,67.575,31.122,121.55879870370178,57.54582820239232
mp-549475,TbBi2BrO4,66.169,33.63,116.30659137071844,54.14461945780691
mp-549490,KNb4O5F,139.204,85.723,223.8409849450372,94.75763247626584
mp-549709,ErBi2ClO4,70.382,34.205,123.12231208980572,60.353780272661126
mp-550111,SmBi2BrO4,64.294,31.398,111.41154761636236,50.37994904122983
mp-550437,GdTe2ClO5,61.076,20.662,147.5822899005798,65.67747579657758
mp-550566,EuBi2ClO4,58.82,30.184,113.20683235928745,53.46930084869168
mp-551101,HoBi2IO4,66.034,37.166,110.71260723521324,52.62860535654704
mp-551250,ErBi2IO4,66.464,37.804,107.88799728096156,51.86742549545572
mp-551900,PrBi2BrO4,60.739,28.69,111.59849216831373,49.778875366761994
mp-552008,DyBi2ClO4,66.798,33.28,120.6572236009822,57.12604009923638
mp-552016,YbBi2BrO4,60.024,25.112,112.02278488765054,51.69889488945115
mp-552292,SmBi2IO4,63.113,34.12,106.6918863516542,48.600880210651994
mp-552738,TmBi2IO4,68.302,37.095,109.03501996007684,52.47956718993638
mp-552857,TbBi2IO4,64.933,34.827,111.33788207802824,52.114920306755174
mp-552992,DyBi2BrO4,67.393,34.704,114.23711069279314,52.6391961356986
mp-553243,YBi2BrO4,66.252,34.566,114.85481806479513,56.04777389049309
mp-553248,CsLaNb2O7,71.326,36.293,166.57757547914832,78.18924371141574
mp-562809,GdBi2BrO4,57.14,36.117,113.444029180897,53.38430476646887
mp-620290,Sr2TlCuO5,108.842,50.601,124.18083193629698,60.50525911479956
mp-6562,Ba2CuHgO4,66.455,24.898,84.95128495096941,39.77357090278358
mp-1019584,CaAl2SiO6,125.948,71.471,197.09796855423195,126.39055289256888
mp-6442,LiAl(Si2O5)2,63.864,44.628,168.69851019511162,100.00390480521467
mp-6127,BaCu(Si2O5)2,84.902,31.781,157.63058995092945,95.9491248234559
mp-552454,SrTaNO2,178.247,121.168,215.65076865418067,129.66157814847813
mp-6468,BaNd2ZnO5,115.481,61.928,127.04561081911886,66.91679099319109
mp-1022723,Ce2Cu(NO)2,145.569,60.588,173.37328213418152,71.51849151711039
mp-1024963,TbCo2B2C,171.359,66.442,208.70805717017868,117.85396675921756
mp-1025123,UNi2B2C,242.745,91.914,217.2665749619381,120.29480495768264
mp-1025127,UB2Rh2C,216.199,53.324,252.79054321139265,130.0677084207029
mp-1025280,Sr2Cu(OF)2,89.884,45.094,96.65637503349537,54.344618359921945
mp-1025321,Rb2Cr(BrCl)2,19.075,7.49,26.8909149480468,14.06803990992452
mp-1025360,Na2Ti2As2O,59.913,26.878,87.90653140115597,43.21676374265339
mp-10960,Tb2Ti2S2O5,136.183,61.451,156.47822092022918,80.62327834356336
mp-12736,TbB2Rh2C,202.448,51.366,213.97501216329783,100.45217100586892
mp-12737,YB2Rh2C,201.495,52.887,215.1415655911292,98.38644023865668
mp-12985,PrCo2B2C,205.885,65.201,210.6165269354989,98.39342989748856
mp-15901,Li2LaTa2O7,107.176,69.73,207.8043533112176,97.41587421054643
mp-21445,Ba3In2O5F2,84.511,35.548,104.35345539359338,54.57673081734834
mp-23085,Ba2Cu3(ClO2)2,45.518,22.391,59.57977225508529,26.9249575128476
mp-23095,Ca3Cu2(ClO2)2,53.19,36.986,94.41763219058416,48.67646846552042
mp-23102,Sr2Cu(ClO)2,45.573,29.537,76.44332840930024,39.62448128958041
mp-23143,Ca2Cu(ClO)2,41.495,26.242,79.86919229517075,39.64831634367373
mp-543024,Cs2Pd(IBr2)2,11.422,5.269,30.634082450264877,11.338313232087316
mp-545481,Ca2Cu(BrO)2,27.645,16.752,64.07548024175614,32.73364370636133
mp-546898,Sr2Cu(BrO)2,20.99,14.909,58.64003902436186,32.063595226241794
mp-549487,Sr2Cu(IO)2,15.256,10.073,52.90048295157395,28.855843023712644
mp-552028,Nd2Ti2S2O5,127.005,54.774,150.5480329426961,76.26531366408847
mp-552802,ErU2S3O2,89.139,35.678,114.16463389947546,58.32971596567212
mp-556004,Ba3In2Br2O5,38.546,25.265,84.1170835201938,44.145844634184286
mp-567948,Rb2Pd(IBr2)2,12.107,4.31,32.77822156451408,11.55790351652186
mp-568083,LaNi2B2C,175.52,68.222,183.48694727111524,92.10545816075924
mp-571041,DyB2Rh2C,204.223,50.0,208.53906920672793,92.04738569374692
mp-5999,Sm2Ti2S2O5,130.487,58.295,152.49257402971097,80.64835739889759
mp-6092,TbNi2B2C,174.217,71.075,199.78466460673343,113.13398618378103
mp-6098,ErNi2B2C,170.408,72.989,194.2946196252964,112.51910997704502
mp-6102,NdNi2B2C,185.091,66.271,198.28041678190263,103.28365389182152
mp-6223,DyNi2B2C,174.721,70.588,194.34533514523108,106.79033322863802
mp-6328,Na2Ti2Sb2O,52.503,29.889,70.60167073355922,35.4852604230222
mp-6646,HoNi2B2C,157.954,64.68,198.1061721988448,110.46751090559292
mp-6754,TmNi2B2C,154.321,73.834,196.05518511350917,109.24412262973658
mp-6794,LaB2Rh2C,185.956,59.085,213.28808161035448,91.5208621704194
mp-6982,ErB2Rh2C,204.567,48.692,213.31703190143728,108.26278551252491
mp-7112,Sr2Cu3(SO)2,63.77,41.762,97.35785511523764,45.11197752658577
mp-990430,SrTa2H2O7,75.39,44.35,198.07187129950785,106.8646093620596
mp-1105147,Sr2YOsO6,138.817,66.968,168.89306524558324,86.08524094130944
mp-16796,Sr2GdRuO6,132.861,64.717,158.76780557687982,78.45659556683208
mp-23733,Cu3H2(CO4)2,41.379,20.925,145.933990581481,75.43067585267475
mp-23780,Na3H(SO4)2,35.743,19.094,114.94303147786668,81.02477570075094
mp-24141,CsHSeO4,15.292,6.873,71.99155781301451,42.08770634964069
mp-504600,NaH4ClO2,19.203,10.767,55.24286801653892,34.18797114989393
mp-540554,NaH5SO4,22.716,11.199,88.81978928842084,56.80258284648155
mp-541627,K3Fe(CN)6,18.725,8.879,90.30294017116462,34.3376103006714
mp-557713,Ba2LaTaO6,121.346,48.516,144.6122942587623,73.6948625975055
mp-6099,LiSc(SiO3)2,92.293,59.882,189.8277692025146,120.69832271869755
mp-6109,CaTiSiO5,115.567,68.582,192.123694553754,114.46993641931311
mp-6152,La2ZnIrO6,151.657,41.096,190.5311894889307,69.38713822036516
mp-6241,LiGa(SiO3)2,96.585,60.422,205.53400118622693,128.5711175588138
mp-634431,KHCO3,23.521,11.61,66.49362285326548,40.94498877514938
mp-6353,Y2Si4CN6,167.246,102.676,216.1324726065101,148.94920632410887
mp-6362,Sr2TbIrO6,138.501,61.191,165.9957939739845,78.39607171336954
mp-6676,Sr2HoRuO6,137.633,68.552,161.86331182045762,79.75859097737872
mp-6726,CsLiSO4,30.843,15.01,90.39732865197712,60.402057866532616
mp-6772,CaBe2(PO4)2,84.663,51.832,178.58664599559077,118.00408572888556
mp-727932,BeAlSiO5,144.449,77.839,202.0624644795025,121.40082014560144
mp-39681,NaTi2BiO6,103.839,32.797,189.9235504566753,89.66820878886293
mp-6628,CsCd(NO2)3,27.837,12.769,95.10461890912444,45.361825609440984
mp-1020011,Li14P2(N2O)3,83.023,68.471,120.45268634749424,97.11303381511254
mp-554822,CsSb(PO4)2,28.723,27.719,133.3613631502652,88.97740833305235
mp-1412249,La2MgTiO6,145.937,73.976,179.65483443296776,94.5395008060921
mp-14398,CaSn(BO3)2,111.164,53.909,155.30679925432815,98.59523191894444
mp-550081,Ba2LaIrO6,122.823,38.399,152.2108226651683,59.53275125222396
mp-555477,Ag2H3IO6,86.697,22.067,139.9287997608102,82.77906478275095
mp-568428,KNa(BH4)2,16.079,8.573,46.062722152135414,32.361508557767756
mp-6122,Ba2NdSbO6,120.71,45.988,129.60988914830517,77.60788274533397
mp-6459,CaMg(CO3)2,88.959,41.324,139.2470149421083,88.2998057403894
mp-1190751,Cs2H2C2O5,18.333,0.288,63.69740753806801,38.13567176977185
mp-20605,PbC2(SN)2,26.314,10.896,61.6020322234173,32.0042444543961
mp-23684,NaHCO2,25.163,12.017,73.26426030704351,40.09304475294112
mp-560767,KNaTiO3,58.009,27.905,109.38283046638328,54.65020878931121
mp-561536,NaMgBO3,97.556,33.187,130.48540692277462,82.40127225413757
mp-562517,CaMg(SiO3)2,76.691,49.081,161.24245711101523,99.5153037647399
mp-6333,NaIn(SiO3)2,98.189,51.456,180.4493644760852,111.03900645202012
mp-6340,LiAl(SiO3)2,132.634,77.257,216.21165018888033,141.16826407990484
mp-6553,LiSc(SiO3)2,105.957,64.604,189.2380080376408,120.30307762333868
mp-6693,CaZn(SiO3)2,97.63,52.483,182.67909757377004,108.87027148609629
mp-6745,LiGa(SiO3)2,110.559,60.904,204.5441131313356,127.7709755459303
mp-6766,CaMg(SiO3)2,102.013,65.007,181.4065720884956,119.29343178575328
mp-6822,NaGa(SiO3)2,169.061,16.845,201.51501836873032,125.4306691944978
mp-6824,Na2ZrSi4O11,89.399,1.261,167.105336123419,105.83159284016222
mp-9844,BaAl2B2O7,88.056,30.704,127.59242794206529,69.62662244825268
mp-1008506,BaGaSiH,48.357,37.37,59.81435708475082,38.64751809694855
mp-1029037,MoW3(SeS3)2,19.986,14.183,106.47695882062588,68.23583154212125
mp-568177,CaAlSiH,54.38,39.121,65.37937952098582,46.77701980453981
mp-570485,SrAlSiH,51.695,40.529,59.194903837914474,43.67025876481903
mp-624929,CdInGaS4,40.615,19.038,55.71508422002094,27.01677463222715
mp-23764,Mg3Si2H4O9,63.515,35.137,155.30928469475106,98.15792314411172
mp-10316,CeCdAsO,70.396,27.351,96.9884469886459,39.63599896968946
mp-12444,SrCuSF,65.563,32.756,76.45118466056655,34.503896222084244
mp-12516,NdZnSbO,62.385,23.131,89.4457753677224,33.959598268286236
mp-21372,CePRuO,119.689,66.587,178.882795392786,91.48082777566025
mp-22620,CeZnSbO,67.523,9.095,91.28462507398646,33.12648048636668
mp-23116,CuBiSeO,72.93,30.493,106.88067291102998,41.009717745855234
mp-546011,YZnAsO,74.762,33.473,108.48148466241967,46.374471667740416
mp-556194,SrSbSe2F,43.286,122.464,60.8538710912656,30.847964442644763
mp-559470,AgPbBrO,12.127,3.395,44.34617511747865,14.370469701407146
mp-604496,CeSiHRu,84.663,65.472,138.9020112479685,75.88858189146598
mp-6088,LaCuSO,79.381,40.612,116.920924251747,48.65653927005847
mp-6228,Na2TiGeO5,82.829,43.09,134.9580478277253,75.59352474422663
mp-6521,LiLaTiO4,122.869,53.816,171.51764393253433,87.40531604538299
mp-6625,LaAgSO,70.603,34.38,101.87011209485142,40.81495281509134
mp-9194,SmCuSeO,74.998,35.782,107.71742315575447,45.58314996737603
mp-9195,BaCuSeF,52.129,13.895,66.12958216944345,26.04787589166575
mp-9304,DyCuSeO,82.277,38.336,113.76484028035028,49.66017829292808
mp-974307,NdCuTeO,73.474,16.667,97.15327896733668,38.197710608752736
mp-975646,PrZnSbO,61.109,17.24,89.71428115617717,32.085431325123295
mp-983603,ErZnAsO,75.818,34.846,98.220675986623,41.97394938429749
mp-9929,ZrCuSiAs,121.166,76.784,142.22350862585546,76.54887189397557
mp-546500,NaCNO,27.617,12.586,66.74709217085281,37.52287477039692
mp-542136,Na3PSO3,38.66,22.051,89.09572650557091,57.11478313938158
mp-554041,Na2Al2B2O7,61.102,33.783,135.81186543115965,76.78868787724535
mp-6134,LiCaAlF6,66.385,37.152,97.49391824061844,55.10786553809496
mp-13041,Yb2C(NO)2,64.282,104.473,147.0529277727659,78.83263123383125
mp-560620,BaZr(PO4)2,65.107,41.188,152.88369087864157,83.47661492162315
mp-643264,BaMg2FeH8,51.372,40.431,74.79647818211633,52.95323614344489
mp-6474,Ba3MgNb2O9,127.395,78.056,165.33467046234128,91.46741103717328
mp-6654,Cs2LiGaF6,23.035,9.426,51.96095337801249,27.382325389061556
mp-6150,Na4Zr2(SiO4)3,91.312,47.588,153.19744825151983,93.14642696327456
mp-6723,Sr3ZnIrO6,107.808,22.835,139.04778344398116,66.65836696868483
mp-550820,SmZnPO,98.485,54.698,113.3879482697725,57.87208893248321
mp-552934,Ba2CuBrO2,39.984,14.478,59.033130956409,23.77720372790333
mp-569396,BaLi2(MgGe)2,36.665,27.584,43.616709646008914,31.272282200947405
mp-570771,BaLi2(MgSi)2,39.487,29.927,46.37037642675764,31.871199329460964
mp-6494,K2Ca(CO3)2,46.261,21.788,86.64569305950795,52.93677228784535
mp-6504,BaMg(CO3)2,73.809,30.686,116.7106922240142,67.77530846637482
mp-8891,K2Zr(BO3)2,64.928,34.028,122.74996591443742,72.73636014238542
mp-6179,KLiSO4,36.141,20.883,102.3362485997514,70.63175822977728
mp-23121,Sr5P3ClO12,66.189,38.059,130.72411038075887,82.70067130022895
mp-23141,Sr5P3BrO12,64.465,35.671,128.4198130871868,80.6500411703336
mp-504748,P3Pb5ClO12,51.897,10.688,129.97218160609003,69.20800462289431
mp-6473,Ca5P3O12F,83.004,46.252,151.23980789210415,97.05378302121972
mp-6669,Sr5P3O12F,75.339,40.323,133.6731548565316,84.81423066776878
mp-6326,LiAlSiO4,114.023,45.755,148.0359331847156,80.98059135509988
mp-6661,BaTi(SiO3)3,108.915,57.615,173.44546655357846,106.0355397762147
mp-12388,Er3Al3NiGe2,85.284,61.119,86.88359777150285,56.75331946050831
mp-21038,Dy3Mn3Ga2Si,75.386,40.184,70.33472815411918,45.98822895567069
mp-567416,Ho3Mn3Ga2Si,81.648,44.054,64.5833368294165,43.53470826444705
mp-568631,Lu3Mn3Ga2Si,92.061,53.078,89.13592181043678,51.95389888588045
mp-981207,Yb3In3Ge2Au,54.772,37.631,68.88204685198895,33.44830825752143
mp-23797,LiH6ClO7,20.3,13.733,104.61565961228057,66.40809367189306
mp-24066,SrHClO,40.872,18.806,58.94484918040566,31.21321192621828
mp-559044,CuCSN,47.668,19.3,75.44610331182962,43.48789513570037
mp-6606,SrYSi4N7,170.189,102.31,204.3844844040347,141.32640876818508
mp-7204,CaZnSO,70.349,33.123,87.15713499649762,49.03559825997059
mp-23934,PH6NO4,31.399,10.701,121.23421870904664,84.31358672538995
mp-20288,CeCO3F,97.559,15.484,160.32108592681374,86.87532604143453
mp-6030,Be3Al2(SiO3)6,170.348,72.955,194.98475402945053,129.532254340496
mp-22352,Ba3InRu2O9,201.204,33.35,161.4039777203093,73.22122214483481
mp-6345,Ba3TbRu2O9,118.047,44.573,161.9434267065775,75.27658546128784
mp-1201205,Li4BH10N3,20.395,12.493,71.62107318321327,55.88075829591769
mp-1195282,ZnH6Cl2O3,14.375,7.765,61.63737727446032,34.94833061274473
mp-1196039,CuH10SO9,31.174,13.415,127.88938941576,79.82924503815268
mp-1198750,MgH22SO15,27.639,11.1,103.17415851220125,65.82162618624638
mp-2932665,Cu2Hg2SF6,16.664,2.623,85.61451594027427,28.65736889482447
mp-555576,KNaS2O7,23.283,12.267,109.06422827007472,74.25870369622199
mp-6097,Li3Al(BO3)2,66.385,39.258,128.4496554047516,85.80106906749
mp-696497,Mg3Si4(HO6)2,54.317,30.348,176.09558072841847,113.67173252997392
mp-697670,KAlSi3O8,60.988,31.661,156.39755055284022,95.62942059776252
mp-758658,CaAl2(SiO4)2,84.622,42.222,163.64016854596085,100.14848637420098
mp-765294,SrP2(H2O3)2,25.933,16.32,117.65913946577508,74.99849906480813
mp-973966,LiIn(IO3)4,29.761,21.039,116.77683437446866,63.78367802822742
mp-10413,AgB(CN)4,32.863,2.992,99.33531184361918,32.77850694901773
mp-13590,LiB(CN)4,28.204,6.383,106.5819271764038,36.11994940746482
mp-644264,Ca4Mg4Fe3H22,57.274,44.04,78.86976191639461,58.77005281078871
mp-1008530,AlVFeCo,204.053,82.704,211.52492331706804,116.14094771179283
mp-1018012,TiFeCoGe,197.425,72.561,214.37579805204305,98.58812557550291
mp-1018024,MnFeCoGe,205.404,88.054,217.3605429742705,72.91750651661994
mp-11806,LiMgSnPt,86.934,37.269,97.81581659552056,44.309697915881735
mp-7554,LiMgSnAu,61.1,16.802,67.40134450916788,16.92819911240763
mp-7555,LiMgSnPd,73.754,33.072,81.46484753329358,39.41976807275879
mp-998964,TiGaFeCo,192.595,113.059,200.619435082543,112.59568953038534
mp-998971,TiFeCoSi,215.232,90.291,235.22461003624235,122.63497277925217
mp-998973,TiFeCoSb,170.979,68.732,184.96637193228804,63.83933500102392
mp-998974,TiFeCoAs,187.342,52.824,230.02278692059815,70.16920915093748
mp-998980,TiAlFeCo,189.547,126.046,211.48876344623895,123.4589996273076
mp-542090,Na4Al3(SiO4)3,24.097,28.081,104.70909634983003,65.0416097680242
mp-997590,La8MgAl7O24,183.604,99.276,207.14912869552583,129.55316489562776
mp-1023127,Ba4Cu3PbO9,97.683,44.106,109.81020526624086,54.80759489087973
mp-643409,Ba4Y(CuO3)3,103.322,50.961,118.0215756434131,61.527779829917776
mp-20623,K2Cd(CN)4,14.761,5.221,62.230745520621944,23.890574647035617
mp-22592,CaTi4(CuO4)3,202.999,107.341,222.6650063157335,109.45325977374344
mp-555166,BaAg2SnS4,31.441,13.867,55.51851811883008,24.505390852263655
mp-569114,BaAg2SnSe4,28.003,11.553,49.24584879515695,21.864864603223253
mp-6008,Ca3Al2(SiO4)3,153.627,97.534,206.2014405865626,135.94789278502802
mp-6073,Mg3Al2(SiO4)3,158.13,84.574,222.76813158658905,145.16391415755362
mp-562854,CsNb2BiO7,53.728,31.983,158.4297068065494,74.4779722009491
mp-23087,Mg3B7ClO13,133.058,94.309,209.93332804689993,144.25668913449115
mp-6706,TiTlPO5,79.378,46.869,153.38970541150331,93.18858946389788
mp-13982,CdCu2GeS4,68.712,27.986,80.03481415517015,44.58304810763561
mp-20474,MnCu2GeS4,70.597,27.746,82.80183081241643,44.56796534779358
mp-1020019,Li2PNO2,87.664,60.241,167.34206528447274,120.03017058142572
mp-11738,Na3PS3O,25.786,12.971,59.77039352219134,36.95910070124461
mp-23089,SrTa2Bi2O9,86.266,65.455,188.78655722835583,99.43196079922328
mp-1188121,CsP(HO2)2,21.448,10.388,90.97047529422636,54.122659955083826
mp-556609,KSb(PS3)2,10.832,6.848,58.72877391695832,35.24936722665413
mp-1217964,TaB2Mo3C2,315.136,199.102,389.05056694361343,195.65795079475063
mp-559847,Ag5P(S2Cl)2,40.593,10.303,59.43680298289725,23.795754295294113
mp-1196695,Na2Al2(SiO4)3,46.316,26.647,126.2926650548926,77.78809228016092
mp-23959,KP(HO2)2,24.639,16.417,109.3790689127594,75.00806775173824
mp-20674,Ba2YCu3O7,107.52,55.659,140.54796330036388,68.66018725741203
mp-20897,Ba4Y2Cu6O13,93.404,48.754,133.3338157879349,64.44776995093135
mp-22719,Ba2NdCu3O7,107.725,55.03,135.0031268573112,63.746895964171706
mp-552663,LiScAs2O7,88.172,46.083,159.85121878501644,88.7057617296036
mp-6543,VAg(PSe3)2,10.516,2.107,58.35912775606916,28.842211774813908
mp-7079,CaZrSi2O7,139.562,61.97,188.92690522507976,108.23455914055278
mp-643754,HgH2NCl,29.989,10.733,65.52733303025401,30.268692450165865
mp-23875,CuH4(ClO)2,7.042,5.065,45.36964733324342,24.95084757100915
mp-557687,TlHCO2,7.668,3.731,44.87890624654487,23.002742194172715
mp-8871,CsNa2BO3,47.016,21.559,73.92771792798835,41.75710373036002
mp-1012640,CrFeCoNi,191.177,97.13,213.95100138734688,116.05621199465244
mp-6511,KCSN,15.519,8.426,42.65537273117543,21.325535682777332
mp-558137,AlBPbO4,65.18,45.16,161.28448706602617,94.48581257253572
mp-866314,Ca5Al2(SiN4)2,125.918,75.063,154.10987088235171,104.53570149343696
mp-1192758,CaAl2(SiO5)2,106.023,64.802,185.2920454396693,110.2656817305495
mp-23084,BiPbClO2,43.224,17.959,87.26677083778507,37.645947172516095
mp-23138,SbPbClO2,46.555,21.923,91.33185825238114,37.676679696389506
mp-23906,LiH6NO6,24.827,10.563,86.18074267833526,46.07437901607747
mp-547244,SrBiClO2,38.621,2.055,78.17282588893764,38.19684739546466
mp-548469,BaZnSO,59.92,35.008,76.61739241583474,39.35347011533958
mp-554238,CuBiSCl2,44.718,18.654,63.11345491520038,22.705609229451973
mp-556094,AgBiSCl2,36.771,14.436,57.63840633094621,21.434084048267323
mp-570102,HoSiRu2C,185.265,76.705,209.21569421230785,97.05189004128334
mp-643989,KHCO2,18.439,10.788,62.060627519118775,33.309384882060435
mp-9318,KZrCuSe3,30.478,18.801,69.637407983752,37.037141988369896
mp-9503,BaDyCuTe3,36.445,14.922,48.81441592615198,25.8337020991237
mp-10584,Ba2LiOsO6,82.233,43.765,157.0275416654272,71.33691994055323
mp-1079630,Ba2TaInO6,140.02,78.541,169.51831149417964,94.70465372400352
mp-11734,Sr2MgReO6,131.312,74.578,186.45287184783783,82.25839076971612
mp-13190,KRb2GaF6,35.653,15.358,57.136071040483685,29.25707801391859
mp-13797,K2NaCuF6,42.815,24.134,68.97202468498676,32.22266816736385
mp-13798,K2NaTlF6,37.066,18.04,58.28924642676574,21.893154832059754
mp-13799,K2NaYF6,36.926,19.851,59.023400859234165,27.827993241371463
mp-13811,Ba2MgUO6,104.102,57.23,139.60392413092833,69.05254852659085
mp-13815,Rb2NaErF6,34.753,19.848,53.4582722830655,28.89789965116009
mp-13816,Cs2NaErF6,31.129,17.633,53.32215593186833,29.09105761721375
mp-13925,Cs2NaYF6,32.42,16.618,55.42525571872827,28.717533801593245
mp-13937,Sr2TbReO6,142.094,43.535,172.39091561577172,74.20887086899879
mp-14038,Rb2NaRhF6,40.086,21.126,74.59704262806969,35.15679367563033
mp-14039,K2NaRhF6,43.639,22.615,80.07681494763325,32.40152319868306
mp-14223,Ba2YbSbO6,57.328,4.985,77.11881469981353,2.2759555217520213
mp-14226,Ba2YSbO6,50.889,1.073,92.27886818088788,2.6064349283199544
mp-20841,Ba2CaIrO6,108.746,57.48,151.67975888655985,70.86737582871797
mp-21309,MgTe(PbO3)2,122.031,61.486,157.89295200373795,95.48835496649885
mp-21879,Ba2CePtO6,137.231,62.307,158.90078641837698,69.32881803928126
mp-22441,Ba2MgReO6,121.859,68.97,175.98439775891006,87.25612523378649
mp-23137,Ba2YBiO6,113.974,68.485,130.75760494627636,78.87259685065733
mp-549970,Ba2ZnReO6,124.748,53.073,176.40390647743268,77.38279202883955
mp-560037,Rb2NaBiF6,32.377,16.405,59.2696723579394,26.150679291163087
mp-567652,Cs2LiYCl6,19.256,9.676,33.39881576800189,17.571249190329837
mp-570379,Cs2LiLuCl6,19.84,9.195,34.966425955648134,18.761429140813146
mp-571124,Cs2KScCl6,16.957,7.863,27.75842759707455,13.9805925765761
mp-571467,Cs2NaYBr6,15.187,8.079,24.59393963590119,12.57677760054452
mp-6058,K2NaScF6,41.223,23.479,65.15822715650872,32.28535946042627
mp-6065,Sr2GaSbO6,147.444,88.417,168.45061633693533,107.40468351778296
mp-6074,KRb2TiF6,34.699,22.332,55.06139148646458,18.544236595353233
mp-6204,Cs2NaScF6,34.148,17.639,59.832984444097434,32.03462171886684
mp-6270,Ba2LiReO6,84.792,43.501,161.7867948277512,84.5299883729048
mp-6492,Ba2YSbO6,129.55,78.167,148.91466163362105,94.2589820190768
mp-6586,K2NaAlF6,45.766,27.366,74.02019789662994,43.93135891918797
mp-6613,Ba2YTaO6,137.826,79.834,166.30749585847113,94.04933936103282
mp-6686,K2NaInF6,39.509,20.537,65.19006200069535,29.717539565635683
mp-6968,Cs2KCuF6,34.359,16.596,53.505984649887544,26.109382825887145
mp-7251,Ba2YNbO6,133.322,75.75,159.28785408531158,87.23467187106995
mp-7889,Sr2YReO6,142.445,51.221,172.91588006737533,75.66632383052165
mp-9349,KRb2ScF6,33.983,13.221,56.39502826100375,26.514113427169608
mp-9839,K2LiAlF6,49.406,25.226,80.4571083173226,50.57175491262546
mp-989388,Rb2SCl6F,18.336,15.863,32.515656559217355,20.201335576643665
mp-989399,Ca6Al2NF,42.035,17.548000000000002,50.40964883193019,34.24869530502928
mp-989402,Sr6In2NF,31.841,11.569,39.26333940121809,26.944844498936796
mp-989404,Ca6In2NF,40.468,13.77,48.31492930314071,31.009024586785596
mp-989405,Cs2LiInBr6,16.592,8.914,26.550739251798067,13.572754837215063
mp-989504,Na2LiNF6,59.139,30.306,75.68480829005473,41.448601093844424
mp-989512,LiTl2InCl6,22.841,10.42,37.40102833202078,15.49719309941339
mp-989514,Cs2NaSbCl6,17.435,9.454,29.88457138137621,13.995979862246823
mp-989516,Cs2ICl6F,14.69,4.966,30.474183064196794,11.777479280132583
mp-989521,Cs2SCl6F,13.044,10.592,28.17753425104093,18.392559305391615
mp-989523,Rb2NaAsF6,36.315,19.293,64.25826607960263,26.5217603333768
mp-989527,Cs2NaNF6,35.858,18.173,57.94656965716368,34.07034741989806
mp-989528,Rb2AlInH6,23.765,14.191,32.577152653762404,20.27550001654965
mp-989533,NaTl2InF6,39.944,17.814,61.969255305256574,26.24702229708372
mp-989535,Cs2AlInH6,23.35,15.191,32.34159355044543,24.107967555100107
mp-989537,Cs2TlInF6,31.424,11.015,50.552145994363634,20.6984896569015
mp-989538,Cs2InBiF6,27.515,10.349,46.67336533662585,18.54902275936509
mp-989539,Rb2AlTlH6,23.369,14.582,32.78638492912183,20.89433674266604
mp-989540,Sr6Sn2NO,43.347,28.342,49.50158070804169,37.64835490520508
mp-989541,Rb2NaSbF6,33.711,17.354,59.82892788678073,25.81579016992583
mp-989542,Ba6Tl2NCl,22.374,11.356,30.117118320242433,16.890336313134863
mp-989544,Cs2SeClF6,11.517,0.447,36.90715658955326,19.11070101575573
mp-989545,Rb2NaSbCl6,18.041,9.127,31.521684450041132,13.575348623357772
mp-989548,Rb2NaTlF6,34.898,17.791,55.349540539405744,23.986819844738477
mp-989550,Rb2TlInCl6,17.779,229.284,29.619837370365328,10.272934828126417
mp-989551,LiTl2InF6,41.494,13.628,70.72004462621102,30.81881587890085
mp-989553,Cs2TlGaH6,22.583,15.57,30.93205575026092,21.688722989148825
mp-989560,Cs2TlSiH6,16.605,10.145,31.668624460817306,21.266281275565603
mp-989561,NaTl2GaF6,42.375,18.37,67.27767486570593,30.33864617627051
mp-989562,Cs2LiTlF6,33.191,8.613,58.95298736463705,27.64655405646244
mp-989563,Rb2NaTlCl6,17.958,8.845,29.044794401864092,11.257169315370808
mp-989566,Rb2InGaF6,37.52,10.4,56.79279781157233,26.58522989283326
mp-989568,Cs2NaMgF6,31.063,12.854,46.376977051928904,26.474660677824165
mp-989570,Cs2CaSnCl6,23.328,11.223,28.6035422878803,12.636198617934792
mp-989573,Rb2BrCl6F,18.72,8.094,31.34008675156259,10.34932527588929
mp-989575,Cs2AlTlH6,23.081,15.28,28.95221682669219,21.703041494353876
mp-989578,Rb2NaInF6,38.727,20.572,62.22659074769171,31.424791085950027
mp-989579,Rb2LiTlCl6,19.666,10.376,32.402917355823675,12.962193713515845
mp-989580,Cs2KNF6,34.612,17.281,55.67077973931848,31.278171973352947
mp-989583,Rb2LiInCl6,20.952,10.025,35.721625693004256,16.239805474848655
mp-989585,Cs2KPbF6,26.386,13.579,38.64252466440201,17.69469590452957
mp-989590,Ca6Sn2NF,45.559,37.923,55.30693853945128,40.99941569830848
mp-989592,Sr6Sn2NF,37.078,29.733,47.75485614612796,34.76865615422843
mp-989605,Cs2RbInF6,28.556,9.87,48.901079006612235,21.35515695995418
mp-989608,Cs2NaAsCl6,18.551,10.352,30.98968422762213,15.153732585492854
mp-989642,Cs2NaAlH6,23.548,15.331,37.05828698578119,28.327987100585357
mp-989644,Cs2NaCaCl6,16.182,4.943,23.77653399585362,11.120422022314152
mp-996944,Cs2TlInBr6,14.846,4.623,24.478770588723535,9.167308225815214
mp-556125,Na2BHO3,47.14,18.023,87.29443559533514,53.01622786804453
mp-559276,AlBPbO4,74.458,45.124,163.32981626554252,94.04540012978325
mp-601257,DyCuPbSe3,45.811,23.788,65.00148036957931,30.44249988471528
mp-614311,CsCSN,11.126,4.588,35.41182454903534,15.982653893468806
mp-6224,LiScSiO4,109.06,64.49,178.21972087519023,109.5843220232759
mp-643727,HPbBrO,28.159,8.568,58.5679869073309,25.128550703474403
mp-6493,CaMgSiO4,100.479,54.985,146.945750405307,97.24336490044315
mp-6633,NaCSN,18.759,8.919,48.63986559202867,27.319852119410537
mp-6668,LiTiPO5,97.252,58.853,194.78280342208143,113.55966217513657
mp-6812,KBaPO4,55.459,26.743,111.7055826390423,71.03230353209123
mp-721314,NaH2SO4,25.943,14.764,96.6229073691096,69.62009056535733
mp-866650,La2Si4CN6,151.815,83.776,204.36643666525913,134.71010902998174
mp-23662,LiB(HO)4,41.323,27.904,136.92079848373422,91.33098911422724
mp-23685,CaH2(CO2)2,23.946,12.259,117.85415726327838,62.51302084508922
mp-541431,Ca2SiH2O5,71.587,36.758,128.62606282605864,80.28499384739737
mp-558432,Na3P(SO)2,27.644,14.486,71.64238334449594,44.86244380687243
mp-1023132,K2Cu(ClF)2,19.095,10.273,39.68801118231165,18.500982966114517
mp-571638,Rb2Cu(BrCl)2,12.111,6.631,25.68608292343025,12.393100496018462
mp-9719,Na2LiAlP2,40.227,27.656,53.95964943835591,36.57609466895242
mp-6205,Ba2Ho(CuO2)4,104.048,39.752,135.91222025759149,64.18739283087446
mp-6779,Ba2Pr(CuO2)4,102.385,40.374,134.55211006477495,60.29187103904164
mp-6174,Mg2Al4Si5O18,123.273,50.367,164.3478776632334,106.94977027181426
mp-555229,H5CNO2,18.19,6.13,87.47861612424002,53.750131651163144
mp-6391,Na2ZnSiO4,77.843,34.457,126.67632002310772,75.1840526112192
mp-756088,SrTaNO2,151.127,92.324,209.7086517531706,120.797766967558
mp-24148,LiLa2HO3,125.243,72.439,127.30659086848766,69.20711471952404
mp-24149,LiCe2HO3,123.514,67.366,132.35551241550894,81.21902538693413
mp-24150,LiNd2HO3,133.492,86.992,132.46166794365297,80.51388510840103
mp-555056,SbS2NCl6,4.891,1.901,43.836369142686486,22.50828821602004
mp-9068,K2NaAlP2,24.93,16.531,40.219600330652575,24.578355714646364
mp-9069,K2NaAlAs2,22.098,14.515,34.63696274876205,21.966850475312615
mp-6319,Na2MgAlF7,64.198,40.586,90.59368823145137,52.553329302812614
mp-1020703,SiGeN2O,117.612,76.296,196.57542638570231,130.5895678330192
mp-2665147,MgNb2(PbO3)3,76.292,44.811,168.69229467927093,78.62560485207088
mp-11175,LiZnPS4,31.32,15.461,60.82700272329805,31.43252589627008
mp-2831941,Na2CdSnS4,30.022,9.886,41.47329715275109,17.55789308868591
mp-632402,LiCaUF8,44.136,14.907,104.84234549858654,46.60271722708705
mp-8873,LiGeBO4,89.133,60.304,170.65710481453957,97.64048385784442
mp-8874,LiSiBO4,94.759,73.016,196.51657194910297,114.50311355670428
mp-12385,Ba2YTaO6,135.914,80.852,160.95295279999024,91.0819107762302
mp-12427,Sr2TaGaO6,159.165,88.394,187.31819735562436,104.64201610652592
mp-15318,Rb2NaHoF6,34.367,17.647,51.88950508443179,28.078442636124443
mp-6304,Sr2GaSbO6,144.046,47.009,164.78546299770596,103.1325664980888
mp-40143,Cs2KZrOF5,29.868,16.081,58.516189761846945,27.29596615700534
mp-40204,KZrTl2OF5,31.533,7.198,59.82639177397202,22.7422611769924
mp-42022,Cs2RbZrOF5,28.677,13.976,56.16699760640678,24.74886245886852
mp-1219652,Rb3H(SeO4)2,19.292,8.997,78.12970952060688,45.56826354433158
mp-1226195,Cs3H(SeO4)2,17.551,7.136,69.91892876232934,39.72398151349106
mp-6598,K2Cu(PO3)4,34.223,20.176,135.38170331051322,90.16433841032946
mp-950995,Li6PS5I,26.78,13.335,48.59206357444116,29.459911927279094
mp-556856,BaCSNCl,26.639,11.927,47.9717794565085,24.83540969417364
mp-866298,BaNaScSi2O7,88.541,48.571,150.59376622962907,91.34646988302931
mp-550306,YCu2Bi2(SeO2)2,61.482,33.01,112.71945976257646,52.4194353780577
mp-9453,Sr2ZnCu2(SO)2,82.152,42.477,93.77784880970054,45.855436997809754
mp-571384,KMnAg3(CN)6,34.471,16.27,69.08567347739746,37.08822106191124
mp-1021669,Ba2CuC(NO)2,68.126,11.095,101.95958083740145,45.046375741634414
mp-1021672,Sr2CuC(NO)2,76.475,35.049,115.44065136481096,55.78813915104846
mp-6847,KY2Ti2S2O5,73.072,31.84,123.49776862035904,55.42274638326085
mp-6879,Ba2CaCu2HgO6,73.578,34.342,99.71897440024908,46.58622750908804
mp-24214,KPH3O4F,19.525,10.781,100.4836503416578,67.23191948822526
mp-24366,K2ZnH12(SO7)2,27.544,12.739,107.7893336500977,69.31508448937093
mp-706284,ZnH20S2(NO7)2,27.358,12.5,122.92776335278792,80.87657851303982
mp-16136,Sr3TaGa3(SiO7)2,93.461,46.289,160.94522261245632,93.3449253503762
mp-6870,KBe2BO3F2,49.645,34.42,110.18362737420836,66.75907830040403
mp-1030827,Te2Mo3W(Se2S)2,16.34,11.578,91.25214526431444,54.66321389923901
mp-1019551,BaNa2Mg(PO4)2,82.728,46.497,144.36748274282024,91.09482339588725
mp-556562,LiAsH6(OF2)3,16.616,9.562,89.05294702610537,62.19468600709374
mp-40251,BaLaMgTaO6,141.408,37.417,186.4285855914341,107.2414829469848
mp-6867,KCaCO3F,51.664,29.357,96.36838133453392,53.062133778911885
mp-23145,Na4Al3Si3ClO12,56.124,31.02,115.9173593858894,72.46354194472381
mp-6884,Cs2LiCo(CN)6,25.8,8.334,99.9223425742964,37.375166538217215
mp-977012,H6PbCBr3N,13.813,5.918,46.37391952048482,30.18588318401087
mp-977013,H6PbCI3N,10.549,4.636,40.08516638571757,25.617994853532498
mp-23915,Ca2Al3Si3HO13,118.621,64.867,203.2272220600661,130.60934890732352
mp-722270,ZrH7CN4F5,19.43,3.138,120.6728567352927,62.90235045712339
mp-643431,AgH4WS4N,8.86,6.91,74.52613604955319,34.76506190245094
mp-707746,CaAl2Si3H6O13,57.584,34.407,145.4685493847421,94.0432614074192
mp-1042151,BaYCuSbO5,78.076,35.946,124.28019970521838,56.98210918354591
mp-1200331,MgB2H4C8(N4O)2,27.179,11.096,113.9091905097999,50.53682406168069
mp-977011,H3PbCI3NF3,9.507,5.147,49.48268563131298,29.487088763650068
mp-542264,BaNaCe2C4O12F,74.92,34.761,127.02037403217768,69.32092855085493
mp-541025,Ca3SiH30CSO25,40.697,7.629,117.21704571594032,74.80295115890944
