{"temperatures": [0.0, 75.0, 150.0, 300.0, 600.0], "free_energy": [113.08866507249124, 111.93030819162023, 102.78564246491871, 55.55626927561829, -122.82251240316316], "entropy": [0.0, 55.38099750470763, 190.32056365907258, 427.46526133637, 734.0149213685642], "heat_capacity": [0.0, 121.80398600504932, 271.28108925806174, 403.84716006955557, 469.94067989006584]}