{"temperatures": [0.0, 75.0, 150.0, 300.0, 600.0], "free_energy": [537.6997723279093, 525.5059258186776, 470.7570876235159, 250.60897284947293, -497.87200857461323], "entropy": [0.0, 434.4823688462454, 1007.7898007971928, 1877.406640824051, 3018.580873244119], "heat_capacity": [0.0, 619.6141078849545, 1038.205373495059, 1468.5811147890101, 1791.215273472907]}