{"a": 3.0689455432666986, "c": 5.051567108714883}