Model,K_bulk [GPa],K_shear [GPa]
mace_omat_0_D3,34.965993480030455,21.941351164312614
