Model,K_bulk [GPa],K_shear [GPa]
mace_omat_0_D3,22.798240892215205,11.506565078605448
