Model,K_bulk [GPa],K_shear [GPa]
mace_omat_0_D3,34.96598856936308,21.94134341977894
