Model,K_bulk [GPa],K_shear [GPa]
mace_omat_0_D3,34.01690730681377,22.039515071218272
