Model,K_bulk [GPa],K_shear [GPa]
mace_omat_0_D3,34.965989825266035,21.941351250915762
