Model,K_bulk [GPa],K_shear [GPa]
mace_omat_0_D3,34.016841127879516,22.03906632185829
