{"temperatures": [0.0, 75.0, 150.0, 300.0, 600.0], "free_energy": [108.2683991436723, 106.85329978416173, 95.94374140079927, 39.68051418422952, -169.66906523148253], "entropy": [0.0, 66.26359497967655, 227.26473100208977, 507.12727832486735, 855.1426376186703], "heat_capacity": [0.0, 143.81154529244668, 325.01214436703253, 467.49291469620823, 525.8280551667023]}