{"temperatures": [0.0, 75.0, 150.0, 300.0, 600.0], "free_energy": [108.2691916734546, 106.85415419500983, 95.94488693486493, 39.68245433798191, -169.66537697788613], "entropy": [0.0, 66.26096271295759, 227.2600280014405, 507.12164661387203, 855.1367087537567], "heat_capacity": [0.0, 143.8078939888441, 325.01004693630284, 467.4921698354828, 525.8278438287255]}