{"temperatures": [0.0, 75.0, 150.0, 300.0, 600.0], "free_energy": [112.185424031129, 110.88989928695214, 101.19743336095257, 52.49042453480521, -129.01504961942024], "entropy": [0.0, 60.442386638425845, 199.16120783000144, 437.7774799836642, 744.4572381864308], "heat_capacity": [0.0, 128.01762977337086, 275.24097114921756, 404.53568600663476, 469.9060706301693]}