{"temperatures": [0.0, 75.0, 150.0, 300.0, 600.0], "free_energy": [15.606150014259995, 13.000195245527545, 2.3266202705461847, -34.809208272143664, -143.88888026589802], "entropy": [0.0, 91.61271638880486, 186.17727630839715, 297.91174985894736, 416.2772631807492], "heat_capacity": [0.0, 116.83360786093266, 152.108812007427, 167.72569959516363, 172.77286503912902]}