{"temperatures": [0.0, 75.0, 150.0, 300.0, 600.0], "free_energy": [476.9707948027149, 468.94774193979697, 426.5049183633231, 225.00186068402667, -523.9368148387018], "entropy": [0.0, 301.07494932037383, 837.6741586686446, 1804.9240735526128, 3074.425728573913], "heat_capacity": [0.0, 496.8678135062054, 1086.281564390161, 1665.581452595531, 1950.2141413276913]}