step,energy,fmax
0,-3.404121539224639,0.09800372210943649
1,-3.4044271159391686,0.04779902652594021
2,-3.4045238841833805,0.0008235714449711725
