step,energy,fmax
0,-13.475525430095821,3.675909738062204
1,-14.050185921000601,3.5476307842383132
2,-15.543247812252266,0.9060487378140102
3,-15.578795975618604,0.6139057771278486
4,-15.602369280235026,0.03707140031834361
5,-15.602464023666785,0.0013336041308717097
