{"temperatures": [0.0, 75.0, 150.0, 300.0, 600.0], "free_energy": [54.140552670980355, 50.602457408227274, 39.95680565018086, 3.9076900675493462, -107.3517236776093], "entropy": [0.0, 100.30343725695188, 179.78652093724648, 293.5065837694183, 435.3761319893912], "heat_capacity": [0.0, 92.58739480575161, 138.70513596274395, 187.75958845112513, 217.90112051352185]}