Model,MAE (kJ/mol)
mace_mp_0a_D3,17.424694766431468
mace_mp_0b3_D3,46.72135909709572
mace_mpa_0_D3,78.76401204425693
mace_omat_0_D3,53.23410237213772
mace_matpes_PBE_0_D3,35.96253421820496
mace_matpes_r2scan_0_D3,31.21579698354201
