Model,MAE (kJ/mol),Score,Rank
mace_mp_0a_D3,17.424565274000734,1.0,1.0
mace_mp_0b3_D3,46.72144397267766,2.6813549284004763,4.0
mace_mpa_0_D3,78.76395276099451,4.520282229279977,6.0
mace_omat_0_D3,53.234150672771015,3.0551207353334613,5.0
mace_matpes_PBE_0_D3,35.96224223080229,2.063881747710613,3.0
mace_matpes_r2scan_0_D3,31.215501441010087,1.791465149927549,2.0
