{"temperatures": [0.0, 75.0, 150.0, 300.0, 600.0], "free_energy": [67.20552896128274, 50.68997970936195, -14.434107495027732, -234.99149531751314, -868.7491891056192], "entropy": [0.0, 568.8643573409254, 1123.528580866677, 1751.4006366021342, 2400.851633127299], "heat_capacity": [0.0, 700.4393688315143, 872.3444283397324, 927.8684386377735, 942.780229000509]}