{"temperatures": [0.0, 75.0, 150.0, 300.0, 600.0], "free_energy": [113.08855349815809, 111.93016359709442, 102.78538173911329, 55.55573259820186, -122.82360772465356], "entropy": [0.0, 55.382177384808706, 190.32231814673537, 427.467128500177, 734.0167769258237], "heat_capacity": [0.0, 121.80520476642386, 271.2815036994487, 403.84717132455944, 469.94065855598404]}