{"temperatures": [0.0, 75.0, 150.0, 300.0, 600.0], "free_energy": [113.08868076783277, 111.93030478177208, 102.78558131635765, 55.55607955341876, -122.8229435687713], "entropy": [0.0, 55.38159902528434, 190.32141763807832, 427.4660996029084, 734.015704367719], "heat_capacity": [0.0, 121.80456350490724, 271.28121081792347, 403.8470655474186, 469.94062616570864]}