{"temperatures": [0.0, 75.0, 150.0, 300.0, 600.0], "free_energy": [24.729783636654574, 14.341623697732127, -19.097212391064858, -124.48546250953082, -416.5899659865185], "entropy": [0.0, 315.3305476287821, 555.5043546950546, 821.4112862066768, 1095.1771022895755], "heat_capacity": [0.0, 312.5110152124073, 371.58518345812416, 391.62165616367037, 397.1040569501389]}