{"temperatures": [0.0, 75.0, 150.0, 300.0, 600.0], "free_energy": [3.852401821987768, 1.8988234819018428, -4.69339228299433, -25.310056225376567, -81.92322432594695], "entropy": [0.0, 61.945619354476825, 109.33096085045649, 160.00624921897744, 211.57101478374096], "heat_capacity": [0.0, 63.44404089760196, 71.69019804048162, 74.02402129486471, 74.62669771017882]}