{"a": 3.0689442722045084, "c": 5.05156979811992}