{"a": 3.0689474280713904, "c": 5.051567419755384}