{"a": 3.068945490564256, "c": 5.051568985498883}