{"temperatures": [0.0, 75.0, 150.0, 300.0, 600.0], "free_energy": [49.256766072550015, 47.49384771180476, 37.97800886394808, -2.4430590532577625, -138.1903622736595], "entropy": [0.0, 69.97149372239734, 181.17000156256975, 345.8846410835168, 539.6435755618455], "heat_capacity": [0.0, 115.82182027440199, 203.61927911547056, 264.8630635820553, 289.60348528012526]}