step,energy,fmax
0,-7.846828477989917,0.03449798457268511
1,-7.846878424963769,0.031715841269336235
2,-7.847140053174406,0.0003419398186784072
