{"temperatures": [0.0, 75.0, 150.0, 300.0, 600.0], "free_energy": [98.10688121565151, 96.28264698801395, 86.47318628012393, 43.744195317596834, -106.62978200739074], "entropy": [0.0, 72.21975059427506, 187.5541074706163, 371.8344280290462, 609.9517038554894], "heat_capacity": [0.0, 118.21633974387207, 216.9895062378716, 310.8661514077904, 368.8508763430632]}