{"temperatures": [0.0, 75.0, 150.0, 300.0, 600.0], "free_energy": [98.10707315027676, 96.28283341401331, 86.47339163960558, 43.74447373006999, -106.62931380436851], "entropy": [0.0, 72.21964939215476, 187.55373911271934, 371.83386087510905, 609.9510321842682], "heat_capacity": [0.0, 118.21594917183774, 216.98915365196376, 310.8659342712891, 368.8507846539695]}