{"temperatures": [0.0, 75.0, 150.0, 300.0, 600.0], "free_energy": [33.34711078689065, 32.42049416939036, 26.848444464194433, 1.7254873127915324, -85.16096453325963], "entropy": [0.0, 38.900346822264375, 109.03426937482016, 218.3949835967745, 347.83076189068817], "heat_capacity": [0.0, 69.50697997721367, 133.05836964168572, 176.95020057490908, 193.33912323145515]}