{"temperatures": [0.0, 75.0, 150.0, 300.0, 600.0], "free_energy": [12.265774991614236, 11.63926618806499, 7.969892968630341, -7.54882170449757, -58.00698406768983], "entropy": [0.0, 26.082986911183028, 70.42373746838041, 131.1823206170141, 198.03429221002418], "heat_capacity": [0.0, 46.51441019047848, 78.94229073360607, 93.74516657968037, 98.20555733950029]}