step,energy,fmax
0,-1.8293192448871491,0.10582149152973547
1,-1.829764374107255,0.09351625974777936
2,-1.831270410259679,0.011275046979696727
