{"temperatures": [0.0, 75.0, 150.0, 300.0, 600.0], "free_energy": [11.650604656136679, 10.952086702822376, 7.020166664778439, -9.192984221723382, -61.160081839925894], "entropy": [0.0, 28.593995238847093, 74.58386659248231, 136.06913693684717, 203.13734333919894], "heat_capacity": [0.0, 49.34896359234767, 80.62976216705742, 94.30083512367325, 98.35513798500021]}