step,energy,fmax
0,-4.677176605914594,0.07319235207558789
1,-4.6773483162204155,0.03625558918072164
2,-4.6774038525984825,0.00034894207040095566
