{"temperatures": [0.0, 75.0, 150.0, 300.0, 600.0], "free_energy": [24.15811459085059, 13.191260166979756, -21.030318926117825, -128.08623344283316, -423.55025823244887], "entropy": [0.0, 325.0831712278255, 566.3781542828831, 832.6282845890955, 1106.3295009339772], "heat_capacity": [0.0, 314.4665150117777, 372.61111836482957, 391.71844122181733, 396.88544856744096]}