step,energy,fmax
0,-4.067409449395134,0.05042933390752095
1,-4.067501866816189,0.034754371128214626
2,-4.067584020087267,0.0004921168353670979
