{"temperatures": [0.0, 75.0, 150.0, 300.0, 600.0], "free_energy": [2.331229874441649, 0.9038191014292054, -3.760763059970157, -18.088922316972027, -57.02243614578394], "entropy": [0.0, 44.538280369885015, 76.67518956169509, 110.61508116704319, 145.03235814973152], "heat_capacity": [0.0, 43.60567036971449, 48.1986310175699, 49.456806063385194, 49.77881875550281]}