{"temperatures": [0.0, 75.0, 150.0, 300.0, 600.0], "free_energy": [166.45630687883587, 162.39930796741805, 144.98646912187243, 77.31853754773967, -149.5570228350597], "entropy": [0.0, 142.450919487099, 315.1947181955304, 572.3474715429982, 912.7282527535971], "heat_capacity": [0.0, 192.97843743364862, 307.48582895525476, 435.5600663698763, 536.6796345076854]}