{"temperatures": [0.0, 75.0, 150.0, 300.0, 600.0], "free_energy": [166.45639725532791, 162.39923982333522, 144.98627809363185, 77.3181181609038, -149.5578872439314], "entropy": [0.0, 142.4527000285147, 315.19627901965305, 572.3489723764161, 912.7297253332782], "heat_capacity": [0.0, 192.97796985653704, 307.4856758798261, 435.5600110665115, 536.6796082110752]}