{"temperatures": [0.0, 75.0, 150.0, 300.0, 600.0], "free_energy": [15.633835365528947, 6.198769102415268, -22.016036564365727, -107.97385937827181, -341.2889312469189], "entropy": [0.0, 273.79297824915886, 461.10240931657114, 663.0366884557213, 869.0898738232588], "heat_capacity": [0.0, 249.3085451517681, 284.84289210461037, 295.55292222338693, 298.36922673319805]}