step,energy,fmax
0,-5.832987232537846,0.274743109373808
1,-5.834924239666722,0.06683075698389383
2,-5.835053771320855,0.0018731025829183971
