{"a": 3.06771732944697, "c": 5.010742924622624}