{"temperatures": [0.0, 75.0, 150.0, 300.0, 600.0], "free_energy": [51.49906222111257, 47.61679493181104, 36.66496638681176, 0.16278563962969628, -111.43997873414061], "entropy": [0.0, 104.99895094141863, 183.45862417043494, 295.858414117915, 435.44680195295086], "heat_capacity": [0.0, 90.6382841179223, 137.4178001847561, 185.08738750312986, 214.09043548268212]}