{"temperatures": [0.0, 75.0, 150.0, 300.0, 600.0], "free_energy": [36.09434281910378, 35.63436057670782, 33.206809688360586, 22.788425109498572, -12.878165265032102], "entropy": [0.0, 17.692196118971136, 46.44944587854188, 89.56714072591369, 143.59522378546137], "heat_capacity": [0.0, 29.351910965775186, 52.82531466712927, 70.76302523845561, 84.57204293154876]}