{"temperatures": [0.0, 75.0, 150.0, 300.0, 600.0], "free_energy": [33.87913064963759, 33.23404924368327, 30.254928696837588, 18.363517301491996, -20.696053926526055], "entropy": [0.0, 23.28690387239529, 55.05161913710223, 100.21420825531247, 155.29878114146334], "heat_capacity": [0.0, 34.30835948893303, 56.43184148559272, 72.99331910482228, 85.51251665582274]}