{"temperatures": [0.0, 75.0, 150.0, 300.0, 600.0], "free_energy": [12.761009141914661, 12.211748300937385, 8.795494094150444, -6.08630031563534, -55.18123001340883], "entropy": [0.0, 23.517884470240304, 66.53108738046726, 126.74413648332508, 193.4359272234417], "heat_capacity": [0.0, 44.06020295883826, 77.65715035055554, 93.33287677074617, 98.09470089097954]}