{"temperatures": [0.0, 75.0, 150.0, 300.0, 600.0], "free_energy": [113.08867055690658, 111.93032454209704, 102.78567638208318, 55.55631815649136, -122.82243692324235], "entropy": [0.0, 55.38067751437656, 190.32041098775875, 427.46517912229984, 734.0148257163642], "heat_capacity": [0.0, 121.80406354032769, 271.2813228182213, 403.84716225944607, 469.94065820646836]}