{"temperatures": [0.0, 75.0, 150.0, 300.0, 600.0], "free_energy": [105.58440231133572, 104.16035411161037, 93.76186012859829, 42.42268473911579, -146.09048282896998], "entropy": [0.0, 65.81041645103386, 212.14983042699873, 458.56123950716784, 769.2844650319732], "heat_capacity": [0.0, 136.93265158707956, 287.61261493126204, 413.38808059921615, 473.1897517644924]}