{"temperatures": [0.0, 75.0, 150.0, 300.0, 600.0], "free_energy": [105.58437676913347, 104.1603328858582, 93.76184367001103, 42.42267214356828, -146.0904950719696], "entropy": [0.0, 65.81033214351056, 212.1497847676461, 458.5612274885186, 769.2844700527402], "heat_capacity": [0.0, 136.93269050242588, 287.6126721140871, 413.38811780722745, 473.1897656503238]}