{"temperatures": [0.0, 75.0, 150.0, 300.0, 600.0], "free_energy": [105.58441368053003, 104.16037605463131, 93.76190535062739, 42.42277693646584, -146.09029771382745], "entropy": [0.0, 65.8101275421556, 212.14951466050488, 458.5609284719261, 769.2841558941118], "heat_capacity": [0.0, 136.93253644976417, 287.6126177285234, 413.38808603050484, 473.18975273239147]}