{"temperatures": [0.0, 75.0, 150.0, 300.0, 600.0], "free_energy": [108.8051380843838, 91.48631173668963, 40.54123311602439, -127.75438638948162, -624.4267234416071], "entropy": [0.0, 483.47897704621363, 855.0140002542645, 1348.1614821603082, 1904.956820557208], "heat_capacity": [0.0, 439.41715613813426, 633.7943158153439, 772.1491167237683, 824.2998797739446]}