{"temperatures": [0.0, 75.0, 150.0, 300.0, 600.0], "free_energy": [104.76118662475822, 102.50104547496424, 90.58130690702319, 36.75121103144603, -156.64554876616796], "entropy": [0.0, 87.45643140668089, 230.4032715734746, 474.6069700831012, 785.8111658496518], "heat_capacity": [0.0, 139.62341862179903, 280.69347845486226, 413.34812762734464, 473.95653440795587]}