step,energy,fmax
0,-10.00859360738897,0.05386438406458413
1,-10.008713590688364,0.050053217497171794
2,-10.009479732133611,0.0005996872815723464
