step,energy,fmax
0,-9.99577908559942,0.012792373248309763
