{"temperatures": [0.0, 75.0, 150.0, 300.0, 600.0], "free_energy": [107.98352420109607, 105.79222794461121, 95.18993977320652, 51.20662507923154, -99.77276930598795], "entropy": [0.0, 82.13415469895307, 198.04282814943502, 377.714196700115, 609.1781255048398], "heat_capacity": [0.0, 121.74764145164218, 214.4898163159844, 300.9061166881286, 361.2173782567233]}