{"temperatures": [0.0, 75.0, 150.0, 300.0, 600.0], "free_energy": [15.450254672145748, 12.760220257513904, 1.9034008795490518, -35.63605626278196, -145.53580932731924], "entropy": [0.0, 93.73117447888099, 188.79313474277754, 300.63442403619933, 419.01553793460283], "heat_capacity": [0.0, 117.97320612823894, 152.44460856494396, 167.77618883586356, 172.78077161649878]}