{"temperatures": [0.0, 75.0, 150.0, 300.0, 600.0], "free_energy": [15.901615813355141, 13.397301263031471, 2.961782776317417, -33.63258928919477, -141.58525725572068], "entropy": [0.0, 88.87004004162507, 182.7413370077611, 294.207474040457, 412.4937192029472], "heat_capacity": [0.0, 115.41417526556656, 151.47631847347833, 167.52203995973485, 172.71799677801243]}