{"temperatures": [0.0, 75.0, 150.0, 300.0, 600.0], "free_energy": [111.25282306263536, 109.13443597546896, 98.7770637951419, 55.577423277546494, -93.30903471650346], "entropy": [0.0, 79.93255283550985, 193.86944628343332, 371.6977949414941, 601.4934492042552], "heat_capacity": [0.0, 119.41843758995688, 211.54780458845883, 298.36653614098714, 359.1998532660087]}