step,energy,fmax
0,-8.904850556219644,0.005185085874582952
