Model,K_bulk [GPa],K_shear [GPa]
mace_mpa_0_D3,41.210772246935136,3.4422061861626645
