{"temperatures": [0.0, 75.0, 150.0, 300.0, 600.0], "free_energy": [575.3120406091383, 570.7761739850438, 543.5864969928043, 410.63162557387744, -97.50238673186027], "entropy": [0.0, 183.25699515895798, 546.0986721709351, 1200.0994896955108, 2119.276324660009], "heat_capacity": [0.0, 333.43268070175793, 729.7431393015149, 1150.876175044296, 1475.1693979620013]}