step,energy,fmax
0,-1.0281390184376373,0.17747677843523996
1,-1.0294468146666984,0.16645637195944574
2,-1.0413210317294865,0.05857213266049505
3,-1.0445492062631885,0.04354214191032241
4,-1.0356174488920369,0.25560387077045377
5,-1.0454067121971984,0.027874398954501882
