{"temperatures": [0.0, 75.0, 150.0, 300.0, 600.0], "free_energy": [102.5813349556242, 98.05618235034623, 78.79209448013145, 5.42503267010818, -232.4804754327506], "entropy": [0.0, 159.24106770975763, 346.31793610189334, 613.8734705209198, 941.3571699845746], "heat_capacity": [0.0, 212.5764673592779, 328.5836307731438, 438.0486128219985, 497.7437038612953]}