{"temperatures": [0.0, 75.0, 150.0, 300.0, 600.0], "free_energy": [74.38297268125223, 64.63533502211538, 33.42537617855997, -70.08734356257705, -375.7651705544143], "entropy": [0.0, 290.74816361501775, 526.3440297262505, 828.7870177767247, 1173.8989432531184], "heat_capacity": [0.0, 288.1048530965008, 391.1406021888333, 474.93078629038405, 514.126048260023]}