{"temperatures": [0.0, 75.0, 150.0, 300.0, 600.0], "free_energy": [11.650602286507027, 10.952083337324773, 7.020161389005114, -9.192993818780895, -61.160100510167695], "entropy": [0.0, 28.594018350589177, 74.58389385323565, 136.06916664523095, 203.13737386218804], "heat_capacity": [0.0, 49.348969585245406, 80.62976734971815, 94.30083716501134, 98.35513856257343]}