{"temperatures": [0.0, 75.0, 150.0, 300.0, 600.0], "free_energy": [11.650595849329866, 10.952067939441767, 7.020130658627349, -9.193055624757461, -61.16022436462065], "entropy": [0.0, 28.594215089944154, 74.5841008986792, 136.06937367526658, 203.1375805730238], "heat_capacity": [0.0, 49.34900762179367, 80.62976954391185, 94.30083650771341, 98.35513829942398]}