{"temperatures": [0.0, 75.0, 150.0, 300.0, 600.0], "free_energy": [11.650603710279016, 10.952078032176091, 7.020146717879692, -9.193025828684894, -61.16016597921107], "entropy": [0.0, 28.59414832180132, 74.58401389483008, 136.06927967443025, 203.13748461603353], "heat_capacity": [0.0, 49.34896423126141, 80.62975238143478, 94.30083141721694, 98.35513696267498]}