step,energy,fmax
0,-31.23350858096558,0.08722751095472407
1,-31.233964879529925,0.06727480941301325
2,-31.234364543597213,0.04260680939262319
3,-31.23448136123207,0.027909985492072853
