{"temperatures": [0.0, 75.0, 150.0, 300.0, 600.0], "free_energy": [44.301021282205966, 42.60104462393442, 34.49820681415666, 1.2173159114213519, -110.15745245670357], "entropy": [0.0, 63.0599904726408, 150.98025734790383, 283.7418443935421, 443.1346244201906], "heat_capacity": [0.0, 92.50296358301014, 161.88946962673464, 216.01643516319373, 239.70909624429007]}