{"temperatures": [0.0, 75.0, 150.0, 300.0, 600.0], "free_energy": [110.92004781413502, 109.54514340704556, 98.79801421336904, 43.306495549247074, -163.7391091651477], "entropy": [0.0, 65.04019223441227, 223.9997339975779, 500.5810812593908, 846.8202533656763], "heat_capacity": [0.0, 142.37333706836023, 320.39310938457857, 463.58239002485385, 524.4019048952871]}