{"temperatures": [0.0, 75.0, 150.0, 300.0, 600.0], "free_energy": [110.92009533155283, 109.54521112069521, 98.79811057731402, 43.30664982955574, -163.73882655647094], "entropy": [0.0, 65.03977493828975, 223.99936714035223, 500.58067437681063, 846.8198133575397], "heat_capacity": [0.0, 142.37342690714007, 320.3931005566564, 463.5823215376663, 524.4018770486585]}