{"temperatures": [0.0, 75.0, 150.0, 300.0, 600.0], "free_energy": [110.91986766749606, 109.54499002344868, 98.79789530290337, 43.306389299919886, -163.7392470922228], "entropy": [0.0, 65.03954986707859, 223.99945784086268, 500.581113378731, 846.8203978990107], "heat_capacity": [0.0, 142.37354320072396, 320.39371756437396, 463.5826647854478, 524.4019867161339]}