{"temperatures": [0.0, 75.0, 150.0, 300.0, 600.0], "free_energy": [110.92000888012902, 109.54510764642448, 98.79797935695309, 43.30645151977406, -163.73918259565934], "entropy": [0.0, 65.04013602824173, 223.99975873218688, 500.5811648621126, 846.8203590158734], "heat_capacity": [0.0, 142.37342997303122, 320.39322378887385, 463.58244367525975, 524.4019209676026]}