{"temperatures": [0.0, 75.0, 150.0, 300.0, 600.0], "free_energy": [18.354711953245353, 14.470251742039077, 1.0106301996092242, -43.60412071235872, -172.36000868249485], "entropy": [0.0, 123.088822865129, 228.28586557215507, 354.41094819502155, 489.24068666877463], "heat_capacity": [0.0, 130.96055376006325, 170.17171972867553, 190.52045586396088, 197.1534875586376]}