{"temperatures": [0.0, 75.0, 150.0, 300.0, 600.0], "free_energy": [18.354861002142965, 14.470625978735466, 1.0113252143962121, -43.602763605392724, -172.35731230581536], "entropy": [0.0, 123.08467838639505, 228.28150833836176, 354.4065023786018, 489.23621289113254], "heat_capacity": [0.0, 130.960095791044, 170.17152015090934, 190.52038519702353, 197.1534678796582]}