{"temperatures": [0.0, 75.0, 150.0, 300.0, 600.0], "free_energy": [2.7368008112193833, 1.5908183713437394, -2.5290693633483037, -15.699348236902138, -52.28054834716437], "entropy": [0.0, 37.836735428558804, 69.11506134896122, 102.81511762349847, 137.17069201689148], "heat_capacity": [0.0, 41.51105258707419, 47.57358024930275, 49.29321467730684, 49.737445276840766]}