{"temperatures": [0.0, 75.0, 150.0, 300.0, 600.0], "free_energy": [2.7368028311499706, 1.5908326515113618, -2.5290401214793303, -15.699289371067929, -52.28043041878452], "entropy": [0.0, 37.83653398755123, 69.11486308549603, 102.8149205349041, 137.17049524973612], "heat_capacity": [0.0, 41.51105826361579, 47.57358315455858, 49.293215519240476, 49.73744549497196]}