{"temperatures": [0.0, 75.0, 150.0, 300.0, 600.0], "free_energy": [2.736799883670113, 1.59081959662995, -2.5290662191714666, -15.699341581361736, -52.28053484974154], "entropy": [0.0, 37.836707300359464, 69.11503716227185, 102.81509461265661, 137.1706693135172], "heat_capacity": [0.0, 41.51106165836589, 47.57358327318739, 49.29321548983682, 49.73744548367694]}