{"temperatures": [0.0, 75.0, 150.0, 300.0, 600.0], "free_energy": [2.736808264489278, 1.590840154995635, -2.5290270006794295, -15.69926410256634, -52.2803803722869], "entropy": [0.0, 37.83646666100933, 69.11478420771445, 102.81483848303668, 137.17041238480383], "heat_capacity": [0.0, 41.51102970603011, 47.57357485352322, 49.29321336167225, 49.73744495026581]}