{"temperatures": [0.0, 75.0, 150.0, 300.0, 600.0], "free_energy": [2.7368825899339715, 1.590971532386198, -2.5287903500958, -15.698804382806278, -52.279467794421144], "entropy": [0.0, 37.835164939845114, 69.11332626891033, 102.81333651613656, 137.16889906179543], "heat_capacity": [0.0, 41.510651118367335, 47.573460339714536, 49.29318326920882, 49.737437331627014]}