step,energy,fmax
0,-7.906414438766257,0.935226483813806
1,-7.923665066582665,0.04500538354725461
2,-7.9237089952342785,0.0030008058119010655
