step,energy,fmax
0,-3.3951732131137993,0.020091194419012245
