{"temperatures": [0.0, 75.0, 150.0, 300.0, 600.0], "free_energy": [294.77231468153525, 283.73617425045796, 239.1384577286686, 69.45154664613764, -484.5465204556308], "entropy": [0.0, 372.6300420320415, 800.248785164438, 1421.7901613511608, 2202.085384445102], "heat_capacity": [0.0, 476.18580809692975, 759.4072314207663, 1027.003053024592, 1202.7057409739093]}