{"temperatures": [0.0, 75.0, 150.0, 300.0, 600.0], "free_energy": [50.470980583147565, 49.32896276534827, 42.977691827319155, 14.736994305597015, -84.31045051183796], "entropy": [0.0, 45.584842555652806, 122.92211975201099, 246.18596685762668, 399.7519065501575], "heat_capacity": [0.0, 77.3429336258211, 146.56630904609702, 204.85750920521068, 233.55741921657182]}