{"temperatures": [0.0, 75.0, 150.0, 300.0, 600.0], "free_energy": [39.94291488646877, 39.02586530033871, 34.079793844508885, 11.947128648362476, -66.43733852800335], "entropy": [0.0, 35.894400679523585, 95.61996410232422, 193.89123976470907, 317.0873220094523], "heat_capacity": [0.0, 59.28394330341195, 115.06718933691322, 164.43798294395108, 187.10357522512922]}