{"temperatures": [0.0, 75.0, 150.0, 300.0, 600.0], "free_energy": [16.19533214554665, 15.214862672156114, 10.487709899415576, -8.38720170220115, -69.0230765187649], "entropy": [0.0, 36.58645388163393, 87.63034014682665, 158.21955684602307, 237.68487967456767], "heat_capacity": [0.0, 55.58115323821852, 90.32447174908393, 110.45160623184212, 117.43873491194832]}