{"temperatures": [0.0, 75.0, 150.0, 300.0, 600.0], "free_energy": [16.5958705159827, 12.166397430419533, -2.4450008304781505, -49.78381084254812, -184.32195381421826], "entropy": [0.0, 136.20455839603224, 245.2097910364309, 373.27513127481683, 508.7275135754298], "heat_capacity": [0.0, 137.24561230536554, 174.43010368186592, 192.09199033422368, 197.5920117525936]}