{"temperatures": [0.0, 75.0, 150.0, 300.0, 600.0], "free_energy": [24.236534309496133, 21.99791870062277, 14.635491564901805, -9.68161908743301, -80.69362193864669], "entropy": [0.0, 68.32792091582398, 124.20326372966045, 193.85365433159623, 271.6058915157827], "heat_capacity": [0.0, 69.05535664896338, 91.70164818579376, 107.6062406520725, 116.10613352149647]}