{"a": 3.0783938916187292, "c": 5.034743394555903}