{"temperatures": [0.0, 75.0, 150.0, 300.0, 600.0], "free_energy": [97.50773635752692, 95.62549729959302, 85.68617934242688, 42.60136487133362, -108.62026980853311], "entropy": [0.0, 73.61556966443868, 189.5755302997815, 374.45421137722735, 612.8974593352438], "heat_capacity": [0.0, 118.98017326192986, 217.96562620444868, 311.5537779982359, 369.1238309100147]}