{"temperatures": [0.0, 75.0, 150.0, 300.0, 600.0], "free_energy": [44.54382737237284, 37.547580705522364, 10.666104436848357, -82.33374154320003, -356.8178347036501], "entropy": [0.0, 235.3140225605067, 466.044526208159, 747.2656217942389, 1049.7740713759267], "heat_capacity": [0.0, 281.5270978743945, 377.3087688993363, 426.5381319856931, 442.9804859092968]}