Model,K_bulk [GPa],K_shear [GPa]
mace_matpes_PBE_0_D3,47.554534841333776,16.27414873898931
