{"temperatures": [0.0, 75.0, 150.0, 300.0, 600.0], "free_energy": [16.6768520453491, 8.518655293807786, -17.69893331534874, -99.50981784252033, -324.44719741706615], "entropy": [0.0, 248.37620958980105, 433.81690799940543, 635.2058326873216, 841.1165527528094], "heat_capacity": [0.0, 244.86471309441112, 283.4378969307334, 295.17643959735904, 298.2733832110718]}