{"temperatures": [0.0, 75.0, 150.0, 300.0, 600.0], "free_energy": [77.85436022936159, 76.93145236396266, 71.0008003359314, 42.84365441602874, -61.08313845699294], "entropy": [0.0, 39.915009218289406, 118.16615232501655, 250.75438641713828, 427.24778446957606], "heat_capacity": [0.0, 75.36884563289264, 152.36044250105135, 227.8191620424389, 275.2575692529384]}