{"temperatures": [0.0, 75.0, 150.0, 300.0, 600.0], "free_energy": [191.5122887612871, 188.47489814900854, 174.1003820651527, 115.34129647877964, -88.12860073664297], "entropy": [0.0, 111.72337070586765, 266.7121518584565, 504.1270716399601, 828.1224734159118], "heat_capacity": [0.0, 167.6705364238702, 280.4208741297143, 407.14223812343596, 519.3688607954795]}