step,energy,fmax
0,-2.0710912710835188,0.00540897159178907
