{"temperatures": [0.0, 75.0, 150.0, 300.0, 600.0], "free_energy": [80.38862277126834, 79.46179091477615, 74.68562745566227, 54.10800095015833, -22.392394527172172], "entropy": [0.0, 36.463586321388725, 89.76966141637759, 181.87995774406565, 318.5070572505937], "heat_capacity": [0.0, 56.654209207748664, 100.42185599245683, 167.6697397389422, 220.58900198337088]}