{"temperatures": [0.0, 75.0, 150.0, 300.0, 600.0], "free_energy": [18.46577243515528, 15.027021771132706, 2.3483888686433936, -40.74346285597114, -166.53044977599032], "entropy": [0.0, 112.94726385096713, 217.91160945990623, 344.41016303074855, 479.4003892604933], "heat_capacity": [0.0, 128.97625797478346, 170.73430762250868, 190.90421441353473, 197.27219857132906]}