{"temperatures": [0.0, 75.0, 150.0, 300.0, 600.0], "free_energy": [18.46603432249054, 15.027323236706067, 2.348854097289653, -40.742611536466896, -166.52878860716683], "entropy": [0.0, 112.94548145167664, 217.90918733395782, 344.4075077521262, 479.39766720082673], "heat_capacity": [0.0, 128.9749197388133, 170.73374551542014, 190.90404162003964, 197.27215266937463]}