{"temperatures": [0.0, 75.0, 150.0, 300.0, 600.0], "free_energy": [18.46596796252079, 15.027191126477925, 2.3486179257852093, -40.74306876202159, -166.52969526118886], "entropy": [0.0, 112.94676636255421, 217.91063020681406, 344.40899743333966, 479.39916956192786], "heat_capacity": [0.0, 128.97529464739108, 170.73386433402288, 190.90407475381835, 197.27216130664723]}