Model,K_bulk [GPa],K_shear [GPa]
mace_mp_0b3_D3,25.260515068328935,18.393107554234227
