Model,K_bulk [GPa],K_shear [GPa]
mace_mp_0b3_D3,28.15952384121701,18.999344847741455
