Model,K_bulk [GPa],K_shear [GPa]
mace_mp_0b3_D3,25.27113455214394,18.39767686844617
