Model,K_bulk [GPa],K_shear [GPa]
mace_mp_0b3_D3,56.67209817037801,23.39985170624962
