Model,K_bulk [GPa],K_shear [GPa]
mace_mp_0b3_D3,28.159525133880965,18.999343859724412
