{"temperatures": [0.0, 75.0, 150.0, 300.0, 600.0], "free_energy": [7.193769171680461, 5.562614797090376, -1.0919327128967238, -23.892089682318694, -89.76444912564811], "entropy": [0.0, 57.36053099765103, 115.51987716729167, 181.56792536277513, 249.92133175358066], "heat_capacity": [0.0, 73.07804475158284, 91.69844321521549, 97.6439347367475, 99.23318823122533]}