step,energy,fmax
0,-1.8687447371738313,0.11446590292848192
1,-1.8692396397720135,0.08706212410200065
2,-1.8699149416772578,0.00025269387862832343
