{"temperatures": [0.0, 75.0, 150.0, 300.0, 600.0], "free_energy": [77.76580526012188, 74.43610025266231, 61.98639994120601, 19.221287009684218, -109.18528975265403], "entropy": [0.0, 109.97204733698244, 214.7738331960372, 344.30011931984984, 498.40579974915977], "heat_capacity": [0.0, 128.75546660622354, 170.66491998108515, 203.5005155942488, 240.69698710328916]}