{"temperatures": [0.0, 75.0, 150.0, 300.0, 600.0], "free_energy": [69.39814444239536, 68.13952364449896, 60.93335306171093, 28.765763163613634, -85.21408444483535], "entropy": [0.0, 51.34955575623245, 139.711432063747, 281.16488546767056, 462.5893244613986], "heat_capacity": [0.0, 88.78609127415959, 166.94866107481104, 238.10086029041747, 279.4951759753707]}