{"temperatures": [0.0, 75.0, 150.0, 300.0, 600.0], "free_energy": [136.9033987975872, 134.56283671648524, 122.0080234543007, 63.55551881998686, -151.4285071168038], "entropy": [0.0, 89.48030170061624, 246.03299820490753, 520.4777840029922, 880.7253953096558], "heat_capacity": [0.0, 149.39511255293627, 310.6214490119517, 471.8156840495093, 554.2883797388538]}