step,energy,fmax
0,-8.971142763237053,0.07210160124831737
1,-8.971343962642335,0.057180254417588124
2,-8.97167793120122,0.0004986366486230882
