{"temperatures": [0.0, 75.0, 150.0, 300.0, 600.0], "free_energy": [551.4460838471283, 546.6010303137479, 517.5710433732428, 377.8312089536299, -149.13907621140277], "entropy": [0.0, 197.40107592474445, 579.5936298590545, 1254.2243936064688, 2187.6226726157215], "heat_capacity": [0.0, 357.0893695329296, 760.393995252757, 1177.5104145886094, 1489.2148893734527]}