{"temperatures": [0.0, 75.0, 150.0, 300.0, 600.0], "free_energy": [3.4656892916678594, 1.2166092103788748, -5.9252292738508086, -27.705017864190154, -86.67872928463522], "entropy": [0.0, 68.75205971722012, 116.936454687426, 167.83603098777127, 219.45901939322502], "heat_capacity": [0.0, 65.3897934649685, 72.27356503800435, 74.17760193576211, 74.66622681859151]}