{"temperatures": [0.0, 75.0, 150.0, 300.0, 600.0], "free_energy": [80.97955851546972, 78.14174488237923, 66.80131755847684, 26.597285243717003, -96.24427698356185], "entropy": [0.0, 97.20216332759746, 198.72108884368444, 326.52389213116743, 479.2922085679308], "heat_capacity": [0.0, 122.21670618876715, 167.4409760241734, 201.3906517576493, 239.09272350858055]}