step,energy,fmax
0,-9.998306322537896,0.0734401031143408
1,-9.998528443783743,0.06737325964163547
2,-9.999727172273548,0.0016137373315421942
