step,energy,fmax
0,-8.949651712516838,0.13161159394214988
1,-8.950330177862677,0.1090596535399362
2,-8.951785767759764,0.003256433296148621
