{"temperatures": [0.0, 75.0, 150.0, 300.0, 600.0], "free_energy": [47.09869191633081, 45.513143394576424, 37.80391208028273, 5.861626734991141, -102.05856437642038], "entropy": [0.0, 59.58206833805029, 144.11702334346705, 273.3720787598444, 430.9568245673783], "heat_capacity": [0.0, 88.8059408299397, 156.2349965675276, 212.09648342030764, 238.1838424430562]}