Model,K_bulk [GPa],K_shear [GPa]
mace_mp_0a_D3,29.14619098073591,19.410043757335405
