{"temperatures": [0.0, 75.0, 150.0, 300.0, 600.0], "free_energy": [488.36601403870844, 480.9474537387017, 440.75602878792625, 246.4357567459543, -484.3812001930808], "entropy": [0.0, 281.08333011083005, 799.3756841612966, 1750.3109979581695, 3010.3752557498065], "heat_capacity": [0.0, 473.01897263890515, 1059.2993737477047, 1646.8964497678824, 1940.7983455726014]}