{"temperatures": [0.0, 75.0, 150.0, 300.0, 600.0], "free_energy": [76.3744773544773, 69.8541970512398, 46.28450442055055, -38.00564196912053, -298.1764450119041], "entropy": [0.0, 206.0162526331758, 412.0585907773553, 690.002002223868, 1012.0424180346705], "heat_capacity": [0.0, 238.64470248355596, 353.4829578225603, 441.09296874240664, 481.16339299802684]}