{"temperatures": [0.0, 75.0, 150.0, 300.0, 600.0], "free_energy": [34.55878423418492, 34.05272751443377, 31.434863518308973, 20.474977938658064, -16.48329930619382], "entropy": [0.0, 19.448026870942048, 49.54224715539097, 93.52962641006472, 148.1455209577555], "heat_capacity": [0.0, 31.501848132941422, 54.3968310666233, 71.76230961723931, 85.28796593339668]}