{"temperatures": [0.0, 75.0, 150.0, 300.0, 600.0], "free_energy": [83.96530591177901, 83.10382261349457, 78.54455721438768, 58.710836504428045, -15.47160335829912], "entropy": [0.0, 34.26988599653915, 86.21883596809768, 175.62764463177103, 309.83165166335294], "heat_capacity": [0.0, 54.87152734469119, 97.65230295722311, 163.28303324720466, 218.23527573203356]}