{"temperatures": [0.0, 75.0, 150.0, 300.0, 600.0], "free_energy": [112.18518802234121, 110.88963580392574, 101.19706560190691, 52.489783616056314, -129.01628166751243], "entropy": [0.0, 60.44338915696447, 199.16285197664436, 437.7793973728223, 744.4592357137674], "heat_capacity": [0.0, 128.01876882792132, 275.24161159380907, 404.53589282538263, 469.90612577741217]}