{"temperatures": [0.0, 75.0, 150.0, 300.0, 600.0], "free_energy": [48.12199191814546, 46.31276488941119, 38.03969896416366, 5.14654893138804, -104.2575285610603], "entropy": [0.0, 66.29636033651441, 151.5193862511364, 278.9053210107668, 435.5983201921619], "heat_capacity": [0.0, 93.44481130616992, 153.97224410063734, 209.93219084670676, 237.58764100227205]}