{"a": 3.075849509281809, "c": 5.024365371176}