{"temperatures": [0.0, 75.0, 150.0, 300.0, 600.0], "free_energy": [65.30214707631623, 53.65991631471136, 18.95691054235892, -92.56632412707046, -414.72850939100647], "entropy": [0.0, 332.2181206230265, 576.6105054222683, 883.8182151735456, 1228.1151377242654], "heat_capacity": [0.0, 302.40799731811904, 401.80724214225705, 477.433227146936, 510.1116902889179]}