{"temperatures": [0.0, 75.0, 150.0, 300.0, 600.0], "free_energy": [44.430128090282494, 42.94387631158068, 35.35569415183925, 3.366484015757436, -104.73769483792898], "entropy": [0.0, 56.90717272220401, 143.5155357603548, 274.12867927422303, 431.2286361618989], "heat_capacity": [0.0, 90.14798944546631, 159.4374849101321, 212.63290312422353, 236.49951649392972]}