step,energy,fmax
0,-11.388033917720328,0.09418314288039734
1,-11.388429222640028,0.07421056604279574
2,-11.388976335138711,0.0008884642521162479
