{"temperatures": [0.0, 75.0, 150.0, 300.0, 600.0], "free_energy": [44.47035646681575, 37.53687396717531, 10.887778063508875, -81.66458821052328, -355.3394327295658], "entropy": [0.0, 232.6517481803859, 462.8657878899711, 744.4414938608749, 1047.146762319083], "heat_capacity": [0.0, 279.350574449201, 377.6463270235168, 426.98475297887074, 443.1330546511472]}