step,energy,fmax
0,-31.302768224520268,0.1080335825688787
1,-31.303451686384047,0.07118218745811551
2,-31.303987057864767,0.02479969527471356
