{"temperatures": [0.0, 75.0, 150.0, 300.0, 600.0], "free_energy": [36.41637823953459, 35.34412869854179, 29.851752507795347, 6.020335273886911, -76.42976598011484], "entropy": [0.0, 40.89608021508822, 104.81670380624409, 206.5961920271045, 331.0136710998029], "heat_capacity": [0.0, 64.63607729133992, 121.32927301778115, 167.8203993792897, 187.57629746548196]}