{"temperatures": [0.0, 75.0, 150.0, 300.0, 600.0], "free_energy": [113.74599553808496, 112.50617179692402, 102.57354523735762, 49.6058070100744, -151.7590997779185], "entropy": [0.0, 58.750264731382224, 209.7645853028475, 482.3625424796964, 827.5309119486085], "heat_capacity": [0.0, 130.97118715333227, 311.11862110501664, 460.69227302184754, 523.7073182334501]}