{"temperatures": [0.0, 75.0, 150.0, 300.0, 600.0], "free_energy": [113.74582511102379, 112.50599443543187, 102.57333230044931, 49.60547708670576, -151.75970580872297], "entropy": [0.0, 58.75053314291817, 209.7652198915081, 482.3634091477751, 827.5318606051195], "heat_capacity": [0.0, 130.9716809445988, 311.1190950882228, 460.69247500888764, 523.7073773928571]}