{"temperatures": [0.0, 75.0, 150.0, 300.0, 600.0], "free_energy": [113.74628995761422, 112.50646489143062, 102.57387879373319, 49.6062940184908, -151.7582313713795], "entropy": [0.0, 58.75003605904508, 209.76380043192498, 482.3613706382796, 827.5295867965613], "heat_capacity": [0.0, 130.97044018985736, 311.11787593792894, 460.6919093743178, 523.7072030695168]}