{"temperatures": [0.0, 75.0, 150.0, 300.0, 600.0], "free_energy": [26.08646850292689, 25.631013156488333, 22.91684249252184, 10.176625661728904, -36.0714249421924], "entropy": [0.0, 18.793356659552934, 53.684092490984156, 112.99017776583766, 188.36957307314543], "heat_capacity": [0.0, 33.346450775096734, 68.65284875771539, 100.01939980817082, 114.99263436157862]}