step,energy,fmax
0,-1.0155898565266266,0.08519426874296306
1,-1.0158919785330927,0.08003913453569987
2,-1.018205258942292,0.005211670925090747
