{"temperatures": [0.0, 75.0, 150.0, 300.0, 600.0], "free_energy": [53.817816183603156, 50.780729617857524, 41.111033639109124, 7.123789194340638, -100.20046249780174], "entropy": [0.0, 88.58484156697196, 166.08764488173418, 279.94097026757703, 422.6246644818439], "heat_capacity": [0.0, 88.19426141341684, 137.57732228350963, 188.7825535444147, 219.04925884140508]}