{"temperatures": [0.0, 75.0, 150.0, 300.0, 600.0], "free_energy": [102.62033940655823, 97.66317728582189, 77.38096059910896, 1.286350418759966, -243.5685321521325], "entropy": [0.0, 170.24236710903446, 361.88803507386467, 634.2149209105236, 966.7678565718502], "heat_capacity": [0.0, 219.5058296987171, 335.0811399597703, 445.2870834749755, 505.04240386674127]}