{"temperatures": [0.0, 75.0, 150.0, 300.0, 600.0], "free_energy": [46.93022347225385, 45.05449204864742, 35.13133748036334, -6.607732767152335, -145.60578208292785], "entropy": [0.0, 73.63494972370557, 188.14269762202878, 355.8731825869231, 550.9419960201268], "heat_capacity": [0.0, 119.83665513275099, 208.8513043679269, 267.9206441220041, 290.59946031685706]}