step,energy,fmax
0,-1.1967328925159122,0.011283426361874417
