{"temperatures": [0.0, 75.0, 150.0, 300.0, 600.0], "free_energy": [109.53654801229403, 107.28304077475036, 96.56586815706989, 52.33301792550764, -99.02921126651502], "entropy": [0.0, 83.54951977782495, 199.65176913276994, 379.3439766971459, 610.099148697277], "heat_capacity": [0.0, 122.1429460707377, 214.73324145467052, 300.4180035686696, 360.00906935944676]}