{"temperatures": [0.0, 75.0, 150.0, 300.0, 600.0], "free_energy": [58.952678244913116, 55.13829612219938, 40.689414670256596, -10.546899038833942, -167.05858513910306], "entropy": [0.0, 124.6699913282886, 252.94424836320633, 416.6215936994591, 608.5891963494164], "heat_capacity": [0.0, 151.6421762010978, 213.29667670148905, 258.48931546915344, 291.74842421363036]}