{"temperatures": [0.0, 75.0, 150.0, 300.0, 600.0], "free_energy": [56.91515649289655, 55.97842947760602, 50.71135074786963, 26.099105202105672, -64.73211019700452], "entropy": [0.0, 37.506789091795156, 103.25797266604312, 219.58428661943128, 372.2928402808065], "heat_capacity": [0.0, 63.21986853747227, 130.9230609345717, 200.330158541898, 234.56095393438918]}