step,energy,fmax
0,-14.739996956315537,40.17207717895508
1,-30.50759217257759,4.350301902984715
2,-30.86929183878462,2.815197342888391
3,-31.21505405861317,0.9501470968397796
4,-31.27663509350487,0.33872884895287786
5,-31.285679689145912,0.35526087176140864
6,-31.290155722444915,0.3256757709829374
7,-31.297371421476157,0.22012998995936514
8,-31.302192329825157,0.13246591913431818
9,-31.30383726502517,0.04967918406620031
10,-31.304032914214893,0.009990176436729344
