{"temperatures": [0.0, 75.0, 150.0, 300.0, 600.0], "free_energy": [174.99007938300312, 173.8176727310007, 167.65793603172023, 138.07498846709842, 20.989431295099195], "entropy": [0.0, 44.2422995579596, 121.20936014749277, 269.4779800702403, 496.9930846312403], "heat_capacity": [0.0, 71.2808174798071, 157.76631234692994, 272.6530658546151, 376.6293145812419]}