{"temperatures": [0.0, 75.0, 150.0, 300.0, 600.0], "free_energy": [103.0094457850652, 101.482675846587, 90.61392599841338, 37.79454131181234, -154.29043308294555], "entropy": [0.0, 69.75158373492886, 220.2358080780273, 469.59175377107175, 781.6904978013631], "heat_capacity": [0.0, 142.6153658691486, 293.07565256021564, 416.4136896363715, 474.31489579045126]}