{"temperatures": [0.0, 75.0, 150.0, 300.0, 600.0], "free_energy": [103.00971466685847, 101.48298290823833, 90.6143548883057, 37.795289043750984, -154.28899760254262], "entropy": [0.0, 69.75042264769871, 220.2338819715757, 469.58952123118297, 781.6881739655007], "heat_capacity": [0.0, 142.61404024439526, 293.0749117815689, 416.4134600431903, 474.3148303083849]}