{"temperatures": [0.0, 75.0, 150.0, 300.0, 600.0], "free_energy": [103.00975911053654, 101.48300418600955, 90.61431053959568, 37.79511655426698, -154.28939776217192], "entropy": [0.0, 69.75117148914657, 220.23478932892982, 469.5903258830558, 781.6889064434528], "heat_capacity": [0.0, 142.61461594408664, 293.0748480266637, 416.4133066311843, 474.3147709062132]}