{"temperatures": [0.0, 75.0, 150.0, 300.0, 600.0], "free_energy": [103.0092374496579, 101.48246776315258, 90.6136651610884, 37.794122752665004, -154.29121180223956], "entropy": [0.0, 69.75198690386237, 220.23670639280084, 469.59289664646406, 781.6917289172914], "heat_capacity": [0.0, 142.61628186015244, 293.0761627710464, 416.4139048042887, 474.31496000644887]}