{"temperatures": [0.0, 75.0, 150.0, 300.0, 600.0], "free_energy": [16.59592124231529, 12.16647433564617, -2.4448657952230306, -49.783550760799, -184.3214387345907], "entropy": [0.0, 136.20385218627632, 245.2089783758095, 373.274286847964, 508.72666077901175], "heat_capacity": [0.0, 137.2453620056449, 174.430022356043, 192.0919682583035, 197.59200611110575]}