{"temperatures": [0.0, 75.0, 150.0, 300.0, 600.0], "free_energy": [16.59588266831108, 12.166393029780407, -2.445014527169757, -49.783840420052016, -184.32201400424805], "entropy": [0.0, 136.2047081309853, 245.20990246575383, 373.27523452306446, 508.72761502766264], "heat_capacity": [0.0, 137.2455095011699, 174.43008022888546, 192.09198538469184, 197.59201059720462]}