{"temperatures": [0.0, 75.0, 150.0, 300.0, 600.0], "free_energy": [310.20264001828485, 300.505369539514, 259.7964032252177, 101.11191124239303, -426.4569094348446], "entropy": [0.0, 333.7545079177483, 738.147652142512, 1340.581100012009, 2109.6393737674853], "heat_capacity": [0.0, 443.38411047859125, 727.1576014999557, 1005.0082117276722, 1191.548346505265]}