{"temperatures": [0.0, 75.0, 150.0, 300.0, 600.0], "free_energy": [103.58852893952803, 101.98260955895199, 89.98117180643291, 30.228061221836413, -187.2220840327886], "entropy": [0.0, 74.73692773131167, 246.49122100701848, 532.7390128082094, 882.8671085597], "heat_capacity": [0.0, 158.61880262723463, 338.54182362447176, 472.8034015748302, 527.3200972893269]}