{"temperatures": [0.0, 75.0, 150.0, 300.0, 600.0], "free_energy": [49.916863762091246, 48.243642240859046, 39.00186892706669, -0.6937891446223361, -134.85383211255123], "entropy": [0.0, 67.28303760209953, 176.84435791308397, 340.760887784758, 534.2657967690502], "heat_capacity": [0.0, 113.19229976660824, 201.83438673894435, 264.22352787051886, 289.42353901350634]}