{"temperatures": [0.0, 75.0, 150.0, 300.0, 600.0], "free_energy": [24.976259626487945, 22.791696826647197, 15.550080933389491, -8.384199508353902, -78.46591090157725], "entropy": [0.0, 67.20309275796946, 122.15081101464854, 190.98005599525285, 268.37267918418223], "heat_capacity": [0.0, 68.08758824519396, 90.21113556314685, 106.80564866100738, 115.78797526249893]}