{"temperatures": [0.0, 75.0, 150.0, 300.0, 600.0], "free_energy": [18.683502641750525, 14.983701921558538, 1.8731938707722477, -41.9757112647533, -169.15098866760277], "entropy": [0.0, 118.85979207917444, 223.36522513496496, 349.2024867952203, 483.93969884064444], "heat_capacity": [0.0, 129.59130204218255, 169.51100944460003, 190.29314047560442, 197.08285932104235]}