Reference,Predicted
49.35604807932862,49.45677768418184
