Reference,Predicted
49.35604807932862,49.45680208880169
190.29314047560442,192.09198538469184
93.33287677074617,94.30083141721694
454.8356274669954,472.8034015748302
400.0063988624852,413.3880581884451
