Reference,Predicted
-16.668626471581156,-18.088267110263423
