Reference,Predicted
-16.668626471581156,-18.088899900243845
-41.9757112647533,-49.783840420052016
-6.08630031563534,-9.193025828684894
53.97177339907461,30.228061221836413
59.727117049133426,42.422694449594644
