Reference,Predicted
3.657122584777909,3.0261994154213343
