Reference,Predicted
3.3180075845953856,2.745487092155228
10.534772370327735,9.242534516469616
9.752476356053446,8.553826478477784
17.551764746273093,16.59309116951535
22.59080549719326,22.580875209065997
