Reference,Predicted
0.006649352200582881,0.00550207561394539
-0.05030157706731209,0.01852208319772186
0.019544068914600476,0.017141695757938447
0.03517379627129191,0.033252519274147296
0.04527203414748948,0.045252149017647625
