Reference,Predicted
105.982577404969,110.6150104489765
349.2024867952203,373.27523452306446
126.74413648332508,136.06927967443025
476.00762624893446,532.7390128082094
419.48927332015876,458.5612452542087
