Reference,Predicted
105.982577404969,110.61292573463707
