{"temperatures": [0.0, 75.0, 150.0, 300.0, 600.0], "free_energy": [2.3896980748027694, 0.9926558703190431, -3.605164188460642, -17.789185676181933, -56.42874953050534], "entropy": [0.0, 43.734815534575674, 75.73895328662192, 109.64162710340797, 144.04932273377318], "heat_capacity": [0.0, 43.28293568289259, 48.101691559710815, 49.431406267114454, 49.772393389818205]}