Reference,Predicted
49.35604807932862,49.29318326920882
