Reference,Predicted
49.35604807932862,49.293215519240476
190.29314047560442,190.59536776352525
93.33287677074617,93.69439053418172
454.8356274669954,460.69227302184754
400.0063988624852,404.46858151990546
