Reference,Predicted
-16.668626471581156,-15.698804382806278
