Reference,Predicted
-16.668626471581156,-15.699289371067929
-41.9757112647533,-45.32370451508481
-6.08630031563534,-6.904083628609104
53.97177339907461,49.6058070100744
59.727117049133426,56.755159299709405
