Reference,Predicted
3.3180075845953856,3.325400112038779
10.534772370327735,10.16642162444111
9.752476356053446,9.08038569736891
17.551764746273093,16.820934352583325
22.59080549719326,21.732432025473443
