Reference,Predicted
0.006649352200582881,0.0066642372171181186
-0.05030157706731209,-0.03654067021649077
0.019544068914600476,0.018196999687106974
0.03517379627129191,0.03370914807338021
0.04527203414748948,0.04355183931375883
