Reference,Predicted
105.982577404969,102.81333651613656
