Reference,Predicted
105.982577404969,102.8149205349041
349.2024867952203,360.0630243890858
126.74413648332508,129.08048583644444
476.00762624893446,482.3625424796964
419.48927332015876,421.707465650511
