{"temperatures": [0.0, 75.0, 150.0, 300.0, 600.0], "free_energy": [101.57925708872375, 96.32049547697434, 75.09718638782424, -3.448110021746473, -254.17171181544012], "entropy": [0.0, 180.1570651477034, 376.26086212543214, 652.0504665759349, 987.6388202391923], "heat_capacity": [0.0, 227.44225033792904, 340.4440866404523, 449.9836980579873, 509.1341253642427]}