{"temperatures": [0.0, 75.0, 150.0, 300.0, 600.0], "free_energy": [32.49136728947319, 31.84892574770999, 28.79594552489694, 16.529179746664706, -23.652334930346235], "entropy": [0.0, 23.61269145294668, 56.65238828933417, 103.38780070870546, 159.36918075989465], "heat_capacity": [0.0, 35.70773102237805, 58.716770673983234, 74.8951338099593, 86.26994175777047]}