{"temperatures": [0.0, 75.0, 150.0, 300.0, 600.0], "free_energy": [19.263414990874594, 18.831538697394706, 16.261957092196052, 4.6422343331604115, -36.190475946777916], "entropy": [0.0, 17.96203362343999, 50.21789870768356, 101.53642337223913, 164.6346300778043], "heat_capacity": [0.0, 32.1536820572829, 61.203731215317845, 84.80219213543634, 95.4027921472302]}