{"temperatures": [0.0, 75.0, 150.0, 300.0, 600.0], "free_energy": [108.77630016405216, 106.58343410129802, 95.93086898713955, 51.777527317246104, -99.50209742388775], "entropy": [0.0, 82.46562850150971, 198.97503677052444, 378.90618571125026, 609.9741151158413], "heat_capacity": [0.0, 122.58754988893178, 215.26459535006558, 300.7295323495325, 360.5112043456852]}