{"temperatures": [0.0, 75.0, 150.0, 300.0, 600.0], "free_energy": [20.843615194100206, 20.06423705163639, 16.214731554274415, -0.030466024416355708, -54.80453039951712], "entropy": [0.0, 29.115798041558744, 72.77161564739993, 139.20799563383073, 218.09716785626924], "heat_capacity": [0.0, 44.73744402839598, 81.26375203210166, 107.50494527634622, 118.15901640356242]}