{"temperatures": [0.0, 75.0, 150.0, 300.0, 600.0], "free_energy": [17.053718994215842, 16.07424138268139, 11.452571352974147, -7.0892723990008015, -67.0521064489338], "entropy": [0.0, 35.8431738591057, 85.73804179098683, 155.87411727776396, 235.58890958950155], "heat_capacity": [0.0, 53.88799541195896, 89.0058322976053, 110.42292478041423, 118.07231811584319]}