{"temperatures": [0.0, 75.0, 150.0, 300.0, 600.0], "free_energy": [76.17540510071436, 75.23981392738015, 69.31253464107559, 41.109013926356376, -63.29916590863263], "entropy": [0.0, 40.08004222486097, 118.04836200948724, 251.601263169197, 429.35684221429057], "heat_capacity": [0.0, 74.77381576673656, 152.64378389389913, 229.9452219072307, 276.5319009132657]}