step,energy,fmax
0,-12.072373436418076,47.740058898925795
1,-30.027474075817835,5.932852038526394
2,-30.646011873193594,3.8383686403648087
3,-31.197124478254892,0.7099916332812708
4,-31.225042895458003,0.1969968186504534
5,-31.22847774957331,0.2013876158203372
6,-31.231057999046275,0.16091421565158162
7,-31.233559713480567,0.10850673480186193
8,-31.234362348518268,0.05411103972794037
9,-31.23448059414895,0.021628336093692132
