{"temperatures": [0.0, 75.0, 150.0, 300.0, 600.0], "free_energy": [111.25303876254425, 109.13476199658754, 98.7776024998075, 55.5784428151832, -93.30701601668223], "entropy": [0.0, 79.93003448464617, 193.86639751079298, 371.69450482491396, 601.4901008237431], "heat_capacity": [0.0, 119.41749812914018, 211.54724504089333, 298.36636301874887, 359.19982435227155]}