{"temperatures": [0.0, 75.0, 150.0, 300.0, 600.0], "free_energy": [26.41443796800187, 25.9330370356598, 23.171195030206444, 10.290611428943631, -36.388658257884934], "entropy": [0.0, 19.33657845062444, 54.41869482951586, 114.11716537444576, 190.0754744484043], "heat_capacity": [0.0, 33.517536688353225, 69.0650088916911, 100.73534680335895, 115.92283702400317]}