{"temperatures": [0.0, 75.0, 150.0, 300.0, 600.0], "free_energy": [45.360250431847106, 43.58424889091278, 35.370536418400654, 2.072295292578886, -109.00951201677418], "entropy": [0.0, 64.91861662592657, 151.9381004458872, 283.24818973775774, 441.8845250199301], "heat_capacity": [0.0, 92.41889310154733, 159.71982710660407, 214.34602382556272, 239.1008254652433]}