step,energy,fmax
0,-3.2932449790134575,0.07790337419892332
1,-3.2934421611736675,0.0405453895618405
2,-3.293544792124833,0.0004295256102947098
