{"temperatures": [0.0, 75.0, 150.0, 300.0, 600.0], "free_energy": [143.5469393673176, 141.38912699856388, 129.71744818982228, 74.32487465443832, -132.82843405257265], "entropy": [0.0, 82.21379865841435, 230.36010219977373, 496.82522990029327, 853.2612891985051], "heat_capacity": [0.0, 139.12491407631802, 297.40103826586, 463.1898419434071, 551.3318419524614]}