step,energy,fmax
0,-2.1136479145695417,0.05473855268693655
1,-2.1137652656626247,0.04580321792439325
2,-2.114041740831501,9.461634391939668e-05
