{"temperatures": [0.0, 75.0, 150.0, 300.0, 600.0], "free_energy": [83.77167393896816, 82.9233447507206, 78.4323398222724, 58.74976376456968, -15.202958850820934], "entropy": [0.0, 33.673711354193934, 85.14920102709924, 174.7290923040304, 309.1428735560127], "heat_capacity": [0.0, 53.88321542004134, 97.48343259886765, 163.706656382208, 218.40052967758717]}