{"temperatures": [0.0, 75.0, 150.0, 300.0, 600.0], "free_energy": [575.2850707328449, 570.5324956402883, 542.974043422491, 409.3551024699536, -99.85445152470811], "entropy": [0.0, 188.05318433633926, 550.9259823608315, 1204.159175642482, 2122.500732026489], "heat_capacity": [0.0, 334.49230778392604, 728.9886903751888, 1149.6122467988216, 1474.0501195044737]}