{"temperatures": [0.0, 75.0, 150.0, 300.0, 600.0], "free_energy": [19.228793767675327, 18.733281901992076, 16.055430954505855, 4.233336488244005, -36.96747446832031], "entropy": [0.0, 19.354291117362212, 51.644801181274, 102.82529148608127, 165.81665759777974], "heat_capacity": [0.0, 32.52223800436856, 61.02676919383175, 84.6231537562275, 95.26525669382286]}