Polymorph,mace_matpes_r2scan_0_D3
Ih,-1658.2874007845323
II,-1645.3255448235548
III,-1643.5739438602911
IV,-1631.0770888930026
VI,-1637.699885673465
VII,-1587.2260930854357
VIII,-1596.6391964714521
IX,-1646.746183330519
XI,-1666.967071077023
XIII,-1646.4240129733714
XIV,-1640.7763215710443
XV,-1636.8881476261326
XVII,-1640.240959146288
