{"temperatures": [0.0, 75.0, 150.0, 300.0, 600.0], "free_energy": [47.87071188624642, 46.55656650493774, 39.622884361573405, 9.688829588072501, -93.34657530033633], "entropy": [0.0, 51.14005151008989, 132.40818883019728, 258.65668243371994, 413.4829396875542], "heat_capacity": [0.0, 83.01365568809423, 151.91906823199815, 207.85612687673031, 234.45155696389125]}