{"temperatures": [0.0, 75.0, 150.0, 300.0, 600.0], "free_energy": [109.29909893264234, 107.84108818128756, 96.72774116069866, 40.107541373064905, -169.5880227791771], "entropy": [0.0, 68.14598747382352, 230.24735886543743, 508.89415041323673, 855.9340218017151], "heat_capacity": [0.0, 146.80842475781327, 324.4475137779433, 465.49084057258693, 525.0008478595676]}