{"temperatures": [0.0, 75.0, 150.0, 300.0, 600.0], "free_energy": [109.29902708001396, 107.84090339448906, 96.72728046058482, 40.1065140324864, -169.59014736035743], "entropy": [0.0, 68.1492297802373, 230.2511884969712, 508.8978668261698, 855.9376454388054], "heat_capacity": [0.0, 146.8103287512296, 324.44755371793707, 465.4906421552424, 525.0007723244091]}