step,energy,fmax
0,-1.459327991904219,0.09139223319563015
1,-1.4596725666035444,0.08446689212439337
2,-1.461703209720888,0.0031730834020905607
