Model,K_bulk [GPa],K_shear [GPa]
mace_mpa_0_D3,37.81555738782645,22.99234872297944
