{"temperatures": [0.0, 75.0, 150.0, 300.0, 600.0], "free_energy": [49.19699523859601, 47.32427163970896, 38.899051950584976, 5.772474962883699, -103.75784551219527], "entropy": [0.0, 68.00390151465311, 153.60129405847232, 279.9207769638872, 435.6513865770057], "heat_capacity": [0.0, 94.69522905277515, 153.34888842631588, 208.0847430909222, 236.70420157729748]}