{"temperatures": [0.0, 75.0, 150.0, 300.0, 600.0], "free_energy": [80.20099611663558, 77.44784403034075, 66.17765556038427, 25.982623695371274, -97.07191732862954], "entropy": [0.0, 95.87766727757953, 198.14597921716887, 326.8645724501273, 480.21900103247333], "heat_capacity": [0.0, 122.98979927847773, 168.73596453842748, 202.59611353797615, 239.58212880407527]}