{"temperatures": [0.0, 75.0, 150.0, 300.0, 600.0], "free_energy": [470.6041353979572, 462.27383609941, 418.7537730961684, 214.050442517099, -542.0392156199802], "entropy": [0.0, 311.0280266662756, 855.594426845616, 1828.186344799012, 3098.1798996980842], "heat_capacity": [0.0, 507.55557594315104, 1097.358666942018, 1669.3452877741727, 1948.6676817891848]}