step,energy,fmax
0,-11.480430653865348,0.36951344202848746
1,-11.48569264360624,0.2878211967813647
2,-11.493277202395547,0.028212650256656348
