{"temperatures": [0.0, 75.0, 150.0, 300.0, 600.0], "free_energy": [81.32857617718219, 78.66809264791107, 67.65724200295581, 28.109662959979985, -93.42316713636916], "entropy": [0.0, 93.12016748852085, 194.25336385074647, 322.1993811790033, 474.874499872312], "heat_capacity": [0.0, 120.77024019937107, 167.61144739786758, 201.42711451884517, 238.8786855855057]}