{"temperatures": [0.0, 75.0, 150.0, 300.0, 600.0], "free_energy": [18.450902988012313, 16.75261945084637, 9.74778091861151, -16.370556774014947, -97.47125276458011], "entropy": [0.0, 58.519286985703424, 125.372187340182, 215.1755358877829, 314.90568092572215], "heat_capacity": [0.0, 75.20555028000716, 116.25979682013009, 139.29622346666156, 146.90635605011335]}