{"temperatures": [0.0, 75.0, 150.0, 300.0, 600.0], "free_energy": [73.34025266077136, 64.0294261996972, 34.25831697608261, -64.93904101802822, -359.0570745126487], "entropy": [0.0, 276.88656400471694, 502.90839861965895, 795.7541574591482, 1130.9464248502065], "heat_capacity": [0.0, 274.63680490498786, 377.3365412086879, 460.8899943638696, 499.5915626704189]}