{"temperatures": [0.0, 75.0, 150.0, 300.0, 600.0], "free_energy": [2.3312564283426593, 0.9038710234691147, -3.7606667743304594, -18.088733616567037, -57.022060692347516], "entropy": [0.0, 44.53771994052859, 76.67458189712328, 110.61446080999175, 145.0317345604312], "heat_capacity": [0.0, 43.60555147415464, 48.19859766721114, 49.45679747601156, 49.7788165926547]}