{"temperatures": [0.0, 75.0, 150.0, 300.0, 600.0], "free_energy": [100.0690382432897, 97.49100995829225, 82.35379861134514, 15.108525021414252, -217.67349337387532], "entropy": [0.0, 107.11336392432871, 293.8079035046902, 583.7089339585025, 933.9617175268886], "heat_capacity": [0.0, 188.95126587938256, 350.35129974389827, 473.9702543148482, 527.1398899607995]}