{"temperatures": [0.0, 75.0, 150.0, 300.0, 600.0], "free_energy": [10.832034467948176, 10.081708591668171, 5.890765656919194, -11.079583624320168, -64.73557641386472], "entropy": [0.0, 30.72715972711523, 78.95522004987428, 141.49021813428834, 208.8739994843805], "heat_capacity": [0.0, 52.88352663271498, 83.04120301357504, 95.11034815820648, 98.5737915788581]}