{"temperatures": [0.0, 75.0, 150.0, 300.0, 600.0], "free_energy": [10.831976228276403, 10.081613753853718, 5.890604132216006, -11.079890594037266, -64.73618198216458], "entropy": [0.0, 30.72796791168161, 78.95615831927314, 141.4912044744439, 208.87499938417233], "heat_capacity": [0.0, 52.8837887078911, 83.04131962290965, 95.11038340824793, 98.57380085194677]}