{"temperatures": [0.0, 75.0, 150.0, 300.0, 600.0], "free_energy": [10.832011407350972, 10.081673199726948, 5.890707546476481, -11.079692433866647, -64.7357901498067], "entropy": [0.0, 30.72742987564302, 78.95554391789825, 141.4905637416762, 208.87435135385485], "heat_capacity": [0.0, 52.88362543699344, 83.04125476298694, 95.11036437035474, 98.57379587843405]}