step,energy,fmax
0,-2.229595048038686,0.06800247733260004
1,-2.229771448279292,0.05164224952397631
2,-2.2300079508902857,0.00032176225720261463
