{"temperatures": [0.0, 75.0, 150.0, 300.0, 600.0], "free_energy": [104.37520099617271, 100.1164428243432, 81.16808301588324, 8.041884006063412, -230.61360594884147], "entropy": [0.0, 154.3161359373061, 342.9620449432523, 613.8983723693021, 945.9232980022646], "heat_capacity": [0.0, 213.40158404910736, 332.2140111431254, 443.99939543070604, 504.6991148563029]}