{"temperatures": [0.0, 75.0, 150.0, 300.0, 600.0], "free_energy": [71.02356680244557, 69.88098374216268, 63.33752399793702, 33.266092397535985, -76.07688277789134], "entropy": [0.0, 46.2251097467586, 127.96880178540077, 266.10176854687387, 446.96594628935605], "heat_capacity": [0.0, 80.13670347197284, 158.63971551549483, 236.23461524085045, 279.1790638972426]}