{"temperatures": [0.0, 75.0, 150.0, 300.0, 600.0], "free_energy": [112.18519176300832, 110.88964965387034, 101.19708843739356, 52.489820871483985, -129.01621342973777], "entropy": [0.0, 60.44322981179249, 199.16275323733515, 437.77929879517416, 744.4591295390599], "heat_capacity": [0.0, 128.01889143061433, 275.241644328416, 404.53587883984585, 469.9061190104144]}