{"temperatures": [0.0, 75.0, 150.0, 300.0, 600.0], "free_energy": [112.18514061853848, 110.88956892850823, 101.1969483593953, 52.48956638898328, -129.01670094429358], "entropy": [0.0, 60.44401228700402, 199.16352699783096, 437.78006354108226, 744.4599148202691], "heat_capacity": [0.0, 128.01907925643036, 275.2415734763316, 404.53590786160663, 469.90614100313724]}