Model,K_bulk [GPa],K_shear [GPa]
mace_mp_0b3_D3,28.15952488171509,18.99934534487989
