{"temperatures": [0.0, 75.0, 150.0, 300.0, 600.0], "free_energy": [12.265784005343514, 11.63928054461297, 7.969917584133914, -7.548774528130663, -58.00689071827778], "entropy": [0.0, 26.08286577796557, 70.42359183130132, 131.18216785112617, 198.03413773448742], "heat_capacity": [0.0, 46.51435747420463, 78.94227166470839, 93.74516194656533, 98.20555622117456]}