step,energy,fmax
0,-9.618397866462184,0.0657301734359698
1,-9.618567652950965,0.055104091639854545
2,-9.61896714503497,0.0005332782453849208
