{"temperatures": [0.0, 75.0, 150.0, 300.0, 600.0], "free_energy": [2.3312280723406493, 0.9038190319660826, -3.7607623073061145, -18.088920345089242, -57.02243196596284], "entropy": [0.0, 44.53826599905654, 76.67518043563993, 110.61507354746743, 145.0323509204509], "heat_capacity": [0.0, 43.605682862344864, 48.19863492136865, 49.45680709671521, 49.77881901757477]}