{"temperatures": [0.0, 75.0, 150.0, 300.0, 600.0], "free_energy": [2.3312392482327797, 0.9038268975457677, -3.760750955611995, -18.088899900243845, -57.02239221456747], "entropy": [0.0, 44.53823711136509, 76.67512470676583, 110.6150104489765, 145.03228593492688], "heat_capacity": [0.0, 43.605616499369155, 48.19861564253598, 49.45680208880169, 49.778817753484894]}