Polymorph,mace_mpa_0_D3
Ih,-1192.8477340309466
II,-1142.8142651661713
III,-1155.6995993881199
IV,-1112.463415611293
VI,-1098.5030435078259
VII,-1018.9677699545214
VIII,-1028.4211383495378
IX,-1158.8218038487614
XI,-1197.4787508940476
XIII,-1133.3644245552339
XIV,-1118.1858274088245
XV,-1097.0510854935576
XVII,-1175.5322408706022
