Polymorph,mace_mpa_0_D3
Ih,-1192.847733676631
II,-1142.8142628761098
III,-1155.6996016964263
IV,-1112.465319301041
VI,-1098.5030544357937
VII,-1018.9677668357202
VIII,-1028.4201862206928
IX,-1158.8218040834875
XI,-1197.4777975273785
XIII,-1133.3655138118886
XIV,-1118.185829665661
XV,-1097.051092101351
XVII,-1175.5322430105562
