Polymorph,mace_mpa_0_D3
Ih,-1192.8477392135637
II,-1142.811719224234
III,-1155.6996067164018
IV,-1112.463411123594
VI,-1098.5030683232858
VII,-1018.9652159475937
VIII,-1028.4211296409592
IX,-1158.821810154201
XI,-1197.4787501777762
XIII,-1133.3644226161646
XIV,-1118.185835079368
XV,-1097.0510845208264
XVII,-1175.5322413041024
