Polymorph,mace_mpa_0_D3
Ih,-1192.8496509247193
II,-1142.816184245982
III,-1155.7015435504993
IV,-1112.4634190347872
VI,-1098.5034407920705
VII,-1018.9672140127026
VIII,-1028.4212350897803
IX,-1158.8237239907216
XI,-1197.478784660534
XIII,-1133.3631106132937
XIV,-1118.1852262352816
XV,-1097.0530344564615
XVII,-1175.5316214581892
