{"temperatures": [0.0, 75.0, 150.0, 300.0, 600.0], "free_energy": [7.1064765440642015, 5.427503983959456, -1.3265784655029824, -24.342694235577294, -90.65646446069438], "entropy": [0.0, 58.55571530698418, 116.91928712850348, 183.02840867679214, 251.3982844109337], "heat_capacity": [0.0, 73.55304846961143, 91.85471384730296, 97.68665850876882, 99.2447755470215]}