{"temperatures": [0.0, 75.0, 150.0, 300.0, 600.0], "free_energy": [109.53662914534532, 107.28330383105916, 96.56638920417421, 52.33406230177587, -99.02711798647191], "entropy": [0.0, 83.54611545910322, 199.64830049054768, 379.34047995341786, 610.0956536036949], "heat_capacity": [0.0, 122.14285538185848, 214.73315830826007, 300.41799706556674, 360.0090739029921]}