{"temperatures": [0.0, 75.0, 150.0, 300.0, 600.0], "free_energy": [48.2725116493128, 42.01471150483446, 17.09923047828186, -71.07346831161254, -335.1785207822437], "entropy": [0.0, 214.08370982513878, 436.48237150628756, 713.573586376321, 1014.7027171305167], "heat_capacity": [0.0, 266.7218149685342, 368.36927508173335, 423.10746038799095, 441.9896637704445]}