{"temperatures": [0.0, 75.0, 150.0, 300.0, 600.0], "free_energy": [565.0370720392606, 560.3186425447144, 531.9660759653249, 395.1966906628197, -122.63911614788117], "entropy": [0.0, 192.37746927252533, 566.5059145719222, 1229.057646547388, 2153.849698706939], "heat_capacity": [0.0, 349.3381101884516, 744.4700618549921, 1161.082693246435, 1481.0175289956965]}