{"temperatures": [0.0, 75.0, 150.0, 300.0, 600.0], "free_energy": [90.31292144713011, 88.15749834065501, 76.9531924497009, 29.840671639091795, -131.16052225263587], "entropy": [0.0, 84.26476569669755, 211.3914006934761, 404.59136343486193, 646.9057504257685], "heat_capacity": [0.0, 134.05865969703424, 233.2489021507919, 320.06444777456005, 372.3161190105601]}