{"temperatures": [0.0, 75.0, 150.0, 300.0, 600.0], "free_energy": [117.59643328930748, 116.26330803893279, 106.30412525622224, 53.97177339907461, -144.97948588977835], "entropy": [0.0, 60.49165844479166, 208.40647165335884, 476.00762624893446, 818.5304595172928], "heat_capacity": [0.0, 129.44493403265568, 303.9273210731771, 454.8356274669954, 521.5920911976707]}