{"temperatures": [0.0, 75.0, 150.0, 300.0, 600.0], "free_energy": [7.04606704702759, 5.34505772666106, -1.4643250358654747, -24.60370079610628, -91.17110641300107], "entropy": [0.0, 59.19575319899292, 117.71059625178265, 183.86578604394595, 252.24780158283778], "heat_capacity": [0.0, 73.89781582811955, 91.97249393622539, 97.71868653034775, 99.25295576995582]}