{"temperatures": [0.0, 75.0, 150.0, 300.0, 600.0], "free_energy": [43.87760064439897, 37.293767438246704, 15.50970002503746, -58.752190685268815, -279.4546467467462], "entropy": [0.0, 198.47504244410868, 372.62588785714945, 597.8394332671348, 847.048050465028], "heat_capacity": [0.0, 206.3343189191126, 294.1041232004697, 348.1474501179475, 367.1264462781638]}