{"temperatures": [0.0, 75.0, 150.0, 300.0, 600.0], "free_energy": [2.389702189160565, 0.9926515245637624, -3.60517504358633, -17.789208505968176, -56.42879575480468], "entropy": [0.0, 43.73491091892351, 75.73903553587478, 109.6417057081409, 144.04940040286223], "heat_capacity": [0.0, 43.28290349851989, 48.10168204592499, 49.431403785354284, 49.77239276271951]}