{"temperatures": [0.0, 75.0, 150.0, 300.0, 600.0], "free_energy": [2.3897299579943643, 0.9927209721986594, -3.60504298796929, -17.788947892776047, -56.4282762876899], "entropy": [0.0, 43.734104415930645, 75.73818611471229, 109.64084480728188, 144.0485365813858], "heat_capacity": [0.0, 43.28279499475072, 48.10165185775743, 49.43139602449488, 49.772390808750686]}