{"temperatures": [0.0, 75.0, 150.0, 300.0, 600.0], "free_energy": [2.389772696520521, 0.9927855416315339, -3.60493055655357, -17.78873173538878, -56.4278483724131], "entropy": [0.0, 43.733531077908246, 75.73751329840918, 109.64014379389656, 144.0478282881422], "heat_capacity": [0.0, 43.282555429404944, 48.10157858401181, 49.43137673702404, 49.772385923980565]}