{"temperatures": [0.0, 75.0, 150.0, 300.0, 600.0], "free_energy": [44.77668796999164, 38.15348058103211, 16.49339576248271, -57.27383982073843, -276.72866073274156], "entropy": [0.0, 197.8571155125553, 370.1442812174376, 594.0329243253481, 842.6866160431673], "heat_capacity": [0.0, 203.82367269353463, 291.5486897445008, 346.90023014327534, 366.64532413936564]}