{"temperatures": [0.0, 75.0, 150.0, 300.0, 600.0], "free_energy": [62.537483609370035, 58.25699086633826, 42.05391525360935, -15.230951660469366, -189.81682452117306], "entropy": [0.0, 140.43340691663175, 283.12583769917825, 465.4566228410387, 678.0567552808453], "heat_capacity": [0.0, 169.00898804285384, 237.6364671246295, 287.3193537334781, 322.13915541579763]}