{"temperatures": [0.0, 75.0, 150.0, 300.0, 600.0], "free_energy": [22.951578364078745, 20.60677587886105, 12.90000389253038, -12.429955855342204, -85.7751127098023], "entropy": [0.0, 71.54609342919446, 129.90607371592284, 201.23669050083186, 279.5925723124059], "heat_capacity": [0.0, 72.22449010038235, 95.0893512872008, 109.08167987483768, 116.55016233812124]}