{"temperatures": [0.0, 75.0, 150.0, 300.0, 600.0], "free_energy": [24.91808544394809, 22.877813594773805, 15.869211519103011, -7.526880877109182, -76.46078606730285], "entropy": [0.0, 64.35995251005309, 118.81745968663922, 187.23044048559723, 264.5344611483781], "heat_capacity": [0.0, 67.47068406233728, 89.4554102412804, 106.42659356544549, 115.86954523898248]}