{"temperatures": [0.0, 75.0, 150.0, 300.0, 600.0], "free_energy": [81.95494232769761, 78.83230937320398, 67.09036620258817, 26.171475136762922, -97.90044923086069], "entropy": [0.0, 102.76839759734442, 203.84118769290234, 330.9928461724337, 483.1329685683166], "heat_capacity": [0.0, 122.03912685379765, 166.57730537325878, 200.3880325531963, 238.38153310832303]}