{"temperatures": [0.0, 75.0, 150.0, 300.0, 600.0], "free_energy": [78.15214219478977, 74.34472470906088, 61.84806625866365, 22.02998151159575, -93.46844136842498], "entropy": [0.0, 117.28837590606543, 207.94577464560084, 314.0928247714485, 445.5126546271361], "heat_capacity": [0.0, 119.0045987878652, 140.5833955294986, 169.17641223888572, 209.3847952157441]}