{"temperatures": [0.0, 75.0, 150.0, 300.0, 600.0], "free_energy": [497.8743380272883, 490.54953884489476, 450.9054057961196, 258.7859250842315, -466.46094245104615], "entropy": [0.0, 277.1565691903514, 788.8387362733881, 1732.9554391499198, 2991.65462412529], "heat_capacity": [0.0, 466.4918269967543, 1047.6107578636177, 1640.6666966733342, 1942.3858588860717]}