{"temperatures": [0.0, 75.0, 150.0, 300.0, 600.0], "free_energy": [74.75968276574248, 70.38931632140779, 57.03778957630357, 15.539056584207344, -103.3189246333691], "entropy": [0.0, 128.5044344018633, 219.28857927640766, 325.2536501799409, 456.6989669611054], "heat_capacity": [0.0, 120.4889556703262, 140.08932161803648, 169.248570829612, 209.0801513852105]}