{"a": 3.074349155086946, "c": 5.047366926046478}