{"a": 3.0743487938936602, "c": 5.047368086367104}