{"a": 3.0743493590955993, "c": 5.047367728635061}