{"a": 3.074348629464103, "c": 5.047368254726117}