{"a": 3.0743495557270855, "c": 5.0473672257480935}