{"temperatures": [0.0, 75.0, 150.0, 300.0, 600.0], "free_energy": [51.0004477291328, 47.42255317652497, 36.9218150859618, 1.391862828534748, -107.90993770971527], "entropy": [0.0, 99.15273272614388, 177.32872336291274, 288.9708579377345, 427.08199604709085], "heat_capacity": [0.0, 89.92835019535329, 136.9113588446002, 183.38541472795515, 211.66479692440834]}