{"temperatures": [0.0, 75.0, 150.0, 300.0, 600.0], "free_energy": [12.662243004549067, 12.095861317722303, 8.635401289407852, -6.361493188022999, -55.70759970427454], "entropy": [0.0, 23.970847158500302, 67.21982331412154, 127.55581715152658, 194.28645991828802], "heat_capacity": [0.0, 44.409575317681146, 77.9299796255841, 93.4310866545714, 98.12222380526468]}