{"temperatures": [0.0, 75.0, 150.0, 300.0, 600.0], "free_energy": [105.58442032541258, 104.16036908571597, 93.76187194980665, 42.422694449594644, -146.09047278764007], "entropy": [0.0, 65.81047870738024, 212.14985738020852, 458.5612452542087, 769.2844598046804], "heat_capacity": [0.0, 136.93260490341618, 287.612573281054, 413.3880581884451, 473.18974202287876]}