{"temperatures": [0.0, 75.0, 150.0, 300.0, 600.0], "free_energy": [12.402592978703721, 11.831123472922279, 8.303519523541718, -6.9038935750105335, -56.72762461407082], "entropy": [0.0, 24.448338484575498, 68.40594476897618, 129.07988862592305, 195.91351462023465], "heat_capacity": [0.0, 45.53452049878716, 78.6993102588079, 93.69435681399422, 98.19382775442824]}