{"temperatures": [0.0, 75.0, 150.0, 300.0, 600.0], "free_energy": [12.402597078459603, 11.831114485738832, 8.3034957039971, -6.903943883549967, -56.72772643532497], "entropy": [0.0, 24.448559325775342, 68.4061286087585, 129.08006182062667, 195.9136856209806], "heat_capacity": [0.0, 45.53445364301065, 78.69928009893238, 93.69435057586652, 98.19382640002235]}