{"temperatures": [0.0, 75.0, 150.0, 300.0, 600.0], "free_energy": [12.402548119689616, 11.831059235797579, 8.30341672565681, -6.904083628609104, -56.72799644176935], "entropy": [0.0, 24.448791898018975, 68.40649836597282, 129.08048583644444, 195.91412500638432], "heat_capacity": [0.0, 45.53470503767953, 78.69941068298627, 93.69439053418172, 98.1938369071211]}