step,energy,fmax
0,-18.505744702436825,0.2240137745131677
1,-18.507473657426363,0.1352140051787942
2,-18.508439823813926,0.003707535024735361
