{"temperatures": [0.0, 75.0, 150.0, 300.0, 600.0], "free_energy": [18.36254994557398, 17.794488107431924, 14.904924990421412, 2.5601791447061366, -39.683344147419895], "entropy": [0.0, 21.56191693420366, 54.873643966352866, 106.40426234360243, 169.14820232725936], "heat_capacity": [0.0, 34.34440788900052, 62.061303873120295, 84.61933372318975, 94.64769379023726]}