{"temperatures": [0.0, 75.0, 150.0, 300.0, 600.0], "free_energy": [18.36236960366499, 17.79396318108164, 14.903932360511169, 2.5582238797124877, -39.687240165070264], "entropy": [0.0, 21.56795946775982, 54.879993592414976, 106.41071453831832, 169.15467982461902], "heat_capacity": [0.0, 34.3450609598557, 62.061565109771344, 84.61940279357889, 94.64771007056476]}