{"temperatures": [0.0, 75.0, 150.0, 300.0, 600.0], "free_energy": [20.12435251119628, 18.698402818002428, 12.412534776262582, -11.846362946180534, -88.86715922949448], "entropy": [0.0, 51.004028508874235, 114.26561967117577, 202.02716141094456, 301.0701831040976], "heat_capacity": [0.0, 69.71251353394987, 111.9416336345087, 137.58161734744772, 146.41692586924785]}