{"temperatures": [0.0, 75.0, 150.0, 300.0, 600.0], "free_energy": [78.10994287220466, 71.6188556101707, 48.47051383079482, -34.44418716427883, -291.21533990833814], "entropy": [0.0, 202.84520319076827, 404.63746196220353, 679.6644267769027, 1000.0607825716812], "heat_capacity": [0.0, 232.15469118618452, 348.1972018411511, 437.9365963939635, 479.3884247006721]}