{"temperatures": [0.0, 75.0, 150.0, 300.0, 600.0], "free_energy": [18.963194979762, 18.432663921158017, 15.642471208190988, 3.52748260126943, -38.30600868349558], "entropy": [0.0, 20.472027193045484, 53.4026674685898, 104.88353803356343, 167.9472296198503], "heat_capacity": [0.0, 33.60384847761654, 61.71752064097521, 84.84067312177825, 95.29505309606407]}