step,energy,fmax
0,-7.900712896865622,0.9854932734131878
1,-7.920773691541083,0.010355072415602481
