{"temperatures": [0.0, 75.0, 150.0, 300.0, 600.0], "free_energy": [2.3944917572053415, 0.9954281998174015, -3.6015539413974507, -17.782967065051494, -56.41681788525549], "entropy": [0.0, 43.73131435706308, 75.72372575674707, 109.6231412330034, 144.02999945800167], "heat_capacity": [0.0, 43.25417598384272, 48.09319206990575, 49.42918562878345, 49.771831991427625]}