{"temperatures": [0.0, 75.0, 150.0, 300.0, 600.0], "free_energy": [2.6770213658009103, 1.4958376596714236, -2.6967013480521533, -16.022989953690114, -52.92195964934203], "entropy": [0.0, 38.7184206920634, 70.13015301554314, 103.86787990117367, 138.23317249033101], "heat_capacity": [0.0, 41.83355537071127, 47.6715375049502, 49.31896616533952, 49.743965217553246]}