{"temperatures": [0.0, 75.0, 150.0, 300.0, 600.0], "free_energy": [2.67706373653814, 1.4959177605790885, -2.6965551472570692, -16.022704822468715, -52.921393058241], "entropy": [0.0, 38.71759439683668, 70.12924246355081, 103.86694574826195, 138.23223225927225], "heat_capacity": [0.0, 41.83335007728225, 47.67147604463286, 49.318950054022174, 49.74396114104679]}