{"temperatures": [0.0, 75.0, 150.0, 300.0, 600.0], "free_energy": [2.677007602766488, 1.49580987734796, -2.696752591010786, -16.02309020393607, -52.92215902204497], "entropy": [0.0, 38.71871630038923, 70.13047490204599, 103.86820906522105, 138.23350352282452], "heat_capacity": [0.0, 41.83361997034113, 47.6715565036234, 49.31897112116034, 49.743966469894126]}