{"temperatures": [0.0, 75.0, 150.0, 300.0, 600.0], "free_energy": [2.5776287365052237, 1.314060812769378, -3.0278829428015204, -16.668626471581156, -54.20479775261607], "entropy": [0.0, 40.58117057180808, 72.19035274161513, 105.982577404969, 140.36184771084507], "heat_capacity": [0.0, 42.32009624915989, 47.8139207327128, 49.35604807932862, 49.75333192386033]}