{"temperatures": [0.0, 75.0, 150.0, 300.0, 600.0], "free_energy": [113.00556240422556, 111.92323850723359, 103.11635451188327, 56.75510084550588, -119.97343388523602], "entropy": [0.0, 52.39006499586883, 184.84580556833083, 421.7079963924247, 728.6945709130473], "heat_capacity": [0.0, 117.61799594959433, 269.1977208013409, 404.4684242520374, 470.40495599914544]}