{"temperatures": [0.0, 75.0, 150.0, 300.0, 600.0], "free_energy": [113.00548599846131, 111.92317361146837, 103.11632797914257, 56.755159299709405, -119.97323266892742], "entropy": [0.0, 52.38967965511986, 184.84522619253733, 421.707465650511, 728.6941306134673], "heat_capacity": [0.0, 117.61760472923211, 269.19762674277564, 404.46858151990546, 470.40504346948353]}