{"temperatures": [0.0, 75.0, 150.0, 300.0, 600.0], "free_energy": [50.154872599896386, 49.00683093017034, 42.59468878452884, 14.111454654421578, -85.65852589055288], "entropy": [0.0, 46.023285230100754, 124.06420372284835, 248.17956056796857, 402.45925308414644], "heat_capacity": [0.0, 78.1853765796553, 147.74268517665413, 206.03746055342663, 234.44678685254925]}