step,energy,fmax
0,-13.627974084270626,3.916990236206259
1,-14.258166752530077,3.5370819232125195
2,-15.64261859870371,0.7319674283550307
3,-15.674348576921362,0.3760356520849251
4,-15.683172306581193,0.034951906240882874
5,-15.683270014098285,0.001806741632504503
