{"temperatures": [0.0, 75.0, 150.0, 300.0, 600.0], "free_energy": [55.93181882453791, 54.9368179325278, 49.526603134287335, 24.514675147693115, -67.28788511473232], "entropy": [0.0, 39.07230204282344, 105.47021200596026, 222.58322980402625, 375.63917487326995], "heat_capacity": [0.0, 64.08483054329474, 132.05266423734287, 201.24251507507887, 234.69688174584445]}