{"temperatures": [0.0, 75.0, 150.0, 300.0, 600.0], "free_energy": [90.79468316424212, 88.48894558594164, 77.11457758600329, 29.86185341075724, -131.24409842003712], "entropy": [0.0, 87.24528175448901, 212.9917404368484, 405.1404591560122, 647.1633371071617], "heat_capacity": [0.0, 132.92537176298023, 231.0844024090841, 319.22971163564677, 372.15700807657265]}