{"temperatures": [0.0, 75.0, 150.0, 300.0, 600.0], "free_energy": [0.2582725083414057, -2.492267626254453, -7.5875271540608455, -20.366682427365273, -51.10943614333794], "entropy": [0.0, 58.343731144369016, 75.56950531887726, 92.84300559970197, 110.12847288735405], "heat_capacity": [0.0, 24.773912097097142, 24.900879853436454, 24.932772903517805, 24.940755652942507]}