{"temperatures": [0.0, 75.0, 150.0, 300.0, 600.0], "free_energy": [2.38970880360006, 0.9926712518162111, -3.605137253966827, -17.78913378533334, -56.42864674630771], "entropy": [0.0, 43.73467678343064, 75.73879118846727, 109.64145855967153, 144.04915253700875], "heat_capacity": [0.0, 43.2828781921869, 48.10167471899578, 49.43140188163845, 49.772392282124805]}