Polymorph,mace_mp_0a_D3
Ih,-805.3399870249791
II,-763.8806882336127
III,-776.3146416950306
IV,-742.2050877359592
VI,-740.1736678428516
VII,-668.7894491201245
VIII,-701.0000467352882
IX,-778.3839656899403
XI,-813.6134282152217
XIII,-762.4524660820438
XIV,-747.8556872541607
XV,-737.266047151774
XVII,-787.991439980324
