{"temperatures": [0.0, 75.0, 150.0, 300.0, 600.0], "free_energy": [564.6720548272888, 553.1384893851977, 501.8084145175085, 292.82698971231605, -425.6462276063536], "entropy": [0.0, 405.006401132935, 949.335400860117, 1790.58452146776, 2909.567565690485], "heat_capacity": [0.0, 578.8269618444084, 996.2969672479613, 1430.034059506451, 1766.7551677865072]}