{"temperatures": [0.0, 75.0, 150.0, 300.0, 600.0], "free_energy": [18.663720697887264, 17.739115307325434, 13.46190373268754, -3.78927782815353, -60.33695983398923], "entropy": [0.0, 33.44652178905043, 79.26874276184111, 145.80112476819312, 223.3200864788729], "heat_capacity": [0.0, 49.03330228282885, 82.85162702117925, 106.36935196387745, 115.55984398686093]}