{"a": 3.0677176168992917, "c": 5.010743019202714}