{"a": 3.0677172690130976, "c": 5.010743671596506}