{"a": 3.0677178114086607, "c": 5.01074330424798}