{"a": 3.067717524410186, "c": 5.010746846021096}