{"a": 3.067718334622175, "c": 5.010743514592483}