step,energy,fmax
0,-5.855383797021489,0.006193819484071159
