{"temperatures": [0.0, 75.0, 150.0, 300.0, 600.0], "free_energy": [97.01818996963173, 91.82260347224836, 70.55885882324478, -8.582905865549463, -261.06703348295963], "entropy": [0.0, 179.4009185190387, 378.23299017798, 657.3392514111512, 993.5649434275257], "heat_capacity": [0.0, 229.2342071000638, 345.983635816023, 453.02677811158725, 508.28416549846554]}