{"temperatures": [0.0, 75.0, 150.0, 300.0, 600.0], "free_energy": [76.14199869874444, 72.84110664896639, 58.35408767127173, 2.203829295679867, -180.08587574326725], "entropy": [0.0, 117.59108598433072, 263.18346905731477, 470.693836187073, 720.7402586197674], "heat_capacity": [0.0, 161.11553107435216, 257.8236382987823, 336.21072496510027, 378.9785494621964]}