{"temperatures": [0.0, 75.0, 150.0, 300.0, 600.0], "free_energy": [18.354649780328796, 14.470219726827008, 1.0105838311187583, -43.604205675642106, -172.36017499141266], "entropy": [0.0, 123.08892159912024, 228.28610248339442, 354.4112150468401, 489.2409599039774], "heat_capacity": [0.0, 130.96091963525961, 170.17180600172966, 190.5204736562745, 197.1534916069928]}