{"temperatures": [0.0, 75.0, 150.0, 300.0, 600.0], "free_energy": [566.308815490444, 554.9693700707512, 503.9894506077686, 295.7567891564371, -421.5286941980438], "entropy": [0.0, 401.0146265525388, 944.2921053965575, 1785.8505049160024, 2906.3489351594544], "heat_capacity": [0.0, 576.7046802914826, 995.6786552000318, 1431.5030810519604, 1769.457688238053]}