{"temperatures": [0.0, 75.0, 150.0, 300.0, 600.0], "free_energy": [109.29889274534786, 107.84071809794305, 96.72704463781676, 40.10615540518363, -169.59079607277278], "entropy": [0.0, 68.14997732171669, 230.25188938953795, 508.89877074030596, 855.9386469715904], "heat_capacity": [0.0, 146.80982582296843, 324.4478330344003, 465.4908679060955, 525.0008470015181]}