{"temperatures": [0.0, 75.0, 150.0, 300.0, 600.0], "free_energy": [109.29906712299716, 107.84101815515181, 96.7275879144083, 40.10721594318234, -169.5886871790113], "entropy": [0.0, 68.14698967700791, 230.24850899710108, 508.8952904450357, 855.9351455392613], "heat_capacity": [0.0, 146.80889786244333, 324.4475490686589, 465.4908090162052, 525.0008334669441]}