{"temperatures": [0.0, 75.0, 150.0, 300.0, 600.0], "free_energy": [55.670982844908465, 54.634830476408986, 49.05808301079613, 23.57866185289725, -69.2557903064791], "entropy": [0.0, 40.585652886137446, 108.20338599620901, 225.9028221862377, 379.155147161507], "heat_capacity": [0.0, 65.93053966582089, 133.44890426337057, 201.66646872715492, 234.91638506858044]}