{"temperatures": [0.0, 75.0, 150.0, 300.0, 600.0], "free_energy": [49.66284185344439, 47.8606403057751, 39.695098687321725, 7.266319298452984, -100.72213856773494], "entropy": [0.0, 65.50376354560261, 149.46801694882402, 274.9753321013931, 430.3899703080791], "heat_capacity": [0.0, 92.01401679719984, 151.5393864628236, 207.41691588206464, 236.3699426506061]}