{"temperatures": [0.0, 75.0, 150.0, 300.0, 600.0], "free_energy": [102.83433419089931, 97.97715710936193, 77.78794660054209, 1.975004023864102, -241.9720416983352], "entropy": [0.0, 168.97163341981167, 360.5205197138471, 631.8452017305608, 963.2461166415238], "heat_capacity": [0.0, 220.06131438230986, 334.18610898195317, 443.542943331862, 503.5214607998164]}