species,reference,predicted
AM2-AD2,1.34,12.682675981440298
AM3-AD3,1.99,15.973530964085057
AD4-AM4,2.89,18.84143328421169
AD5-AM5,3.78,21.87167961680052
AD6-AM6,4.6,25.331247184559288
AD7-AM7,5.55,29.047858397640994
