species,reference,predicted
AM2-AD2,1.34,12.68302761629593
AM3-AD3,1.99,15.974058183833222
AD4-AM4,2.89,18.841433162397607
AD5-AM5,3.78,21.870975646819716
AD6-AM6,4.6,25.330191649563858
AD7-AM7,5.55,29.047505268043096
