species,reference,predicted
alh3-al2h6,38.5,59.79128117204232
al2f6-alf3,51.6,82.49167565017149
al2cl6-alcl3,32.5,47.90497492407144
alme2-al2me4,38.4,55.68725432961173
alme2-alme3-al2me5,31.2,47.5591182053804
alme3-al2me6,23.1,40.105909633772626
