species,reference,predicted
alh3-al2h6,38.5,59.79132492892836
al2f6-alf3,51.6,82.49176367531322
al2cl6-alcl3,32.5,47.90488642865205
alme2-al2me4,38.4,55.68690222447913
alme2-alme3-al2me5,31.2,47.55867821166976
alme3-al2me6,23.1,40.10573317868466
