species,reference,predicted
ed1-ts1,25.65,9.647248533846323
ed2-ts2,56.9,60.65471245755225
ed3-ts3,36.53,39.95992258927117
ts4-ed4,96.17,55.76714075742166
ts5-ed5,15.94,1.9819442212797185
ts6-ed6,13.64,9.51098366503038
ts7-ed7,27.49,15.151866657698292
ed8-ts8,50.24,37.678907822299834
ed9-ts9,65.84,44.13811026033477
ts10-ed10,64.93,57.32117766983583
