species,reference,predicted
ed1-ts1,25.65,9.647248587280046
ed2-ts2,56.9,60.65471278357904
ed3-ts3,36.53,39.95992280364999
ts4-ed4,96.17,55.767228612701274
ts5-ed5,15.94,1.9818561997051347
ts6-ed6,13.64,9.510983293069103
ts7-ed7,27.49,15.151690181653521
ed8-ts8,50.24,37.67873204485841
ed9-ts9,65.84,44.13811032439867
ts10-ed10,64.93,57.32135349182954
