species,reference,predicted
1-2,37.4,24.42559605995484
1-3,56.87,35.391081975343695
1-4,56.89,35.01468260810725
1-5,69.89,36.26828909294454
1-6,100.48,49.85122024733573
1-7,111.72,57.152043572994444
1-8,142.18,75.55068095727256
1-9,143.96,82.41779877948466
1-10,164.88,105.08023664688517
