species,reference,predicted
1-2,37.4,24.426992397304275
1-3,56.87,35.3896670771519
1-4,56.89,35.01749679201748
1-5,69.89,36.2725120306859
1-6,100.48,49.852623311893694
1-7,111.72,57.15204525288755
1-8,142.18,75.55207885559321
1-9,143.96,82.42061494220616
1-10,164.88,105.08164476011552
