species,reference,predicted
1O_A-1O-1O_B,5.37,6.937838538540461
2O_A-2O_B-2O,6.047,12.923077493296546
3O_B-3O_A-3O,2.421,7.332324976179166
4O-4O_B-4O_A,9.967,20.30452707172776
1N_A-1N_B-1N,2.357,6.706323725722768
2N_A-2N-2N_B,3.021,9.334558812928663
3N_B-3N_A-3N,1.205,6.198187856359823
4N-4N_B-4N_A,4.177,15.572478320283608
1CL_A-1CL_B-1CL,7.839,21.429169222046482
2CL-2CL_B-2CL_A,10.483,32.77635707100079
3CL-3CL_B-3CL_A,3.241,15.170595321996274
4CL_A-4CL-4CL_B,16.296,37.349188235252896
