species,reference,predicted
ant-antdimer,-9.15,8.523141350342485
pxylene-h2-pc22,-60.28,-60.40849545597848
octane2-octane1,-1.21,-8.309807746854858
undecan2-undecan1,9.1,-3.7326657804651404
F14f-F14l,-3.64,0.9546134698366586
F22f-F22l,-1.96,28.029612255490065
