species,reference,predicted
ant-antdimer,-9.15,8.523848302068473
pxylene-h2-pc22,-60.28,-60.408451569866884
octane2-octane1,-1.21,-8.30945476512079
undecan2-undecan1,9.1,-3.7323132318060743
F14f-F14l,-3.64,0.9532056321722848
F22f-F22l,-1.96,28.026795690342624
