species,reference,predicted
1a-1b,4.3,9.760925570832342
2a-2b,6.56,6.867344310905992
3b-3a,-5.44,-12.309342562776692
3c-3a,5.25,11.196339978323977
3a-3d,13.03,10.450703634770889
4b-4a,0.93,-7.764038817853816
5a-5b,0.74,-6.6831265917242035
5a-5c,1.45,-2.5806220995921194
6a-6b,-0.17,-4.49772695551701
6a-6c,-0.87,-6.106059256913795
6a-6d,2.85,-0.26322103301436073
7b-7a,2.15,3.482653824476074
8b-8a,0.55,4.569182371675197
9a-9b,0.95,5.043961912847294
10b-10a,-0.45,-14.315444444071773
