species,reference,predicted
1a-1b,4.3,9.760925926180334
2a-2b,6.56,6.867256314871383
3b-3a,-5.44,-12.308990538882881
3c-3a,5.25,11.196692292841817
3a-3d,13.03,10.451231419287069
4b-4a,0.93,-7.764038839541399
5a-5b,0.74,-6.6831266241488265
5a-5c,1.45,-2.580622195723663
6a-6b,-0.17,-4.497374556638533
6a-6c,-0.87,-6.105531077740125
6a-6d,2.85,-0.26234107316531663
7b-7a,2.15,3.4826539157920706
8b-8a,0.55,4.56918203901364
9a-9b,0.95,5.043829980148075
10b-10a,-0.45,-14.315268543033199
