{"temperatures": [0.0, 75.0, 150.0, 300.0, 600.0], "free_energy": [162.50825836622917, 161.6882855076659, 156.26071372804884, 127.97949358069908, 11.545771979805352], "entropy": [0.0, 35.03722365955777, 111.33988785358846, 262.78225391462274, 498.4313789741214], "heat_capacity": [0.0, 68.20334640192931, 158.29606840149702, 282.6074665037984, 387.2244483693942]}