{"temperatures": [0.0, 75.0, 150.0, 300.0, 600.0], "free_energy": [77.69826611405392, 76.46325829436921, 70.87478269317941, 47.99241015465755, -33.898514679852866], "entropy": [0.0, 44.921911996853154, 102.65070114391158, 198.8633459186634, 336.9528210783627], "heat_capacity": [0.0, 62.34789570754757, 107.50186430101127, 171.56864904842345, 221.4734331281388]}