{"temperatures": [0.0, 75.0, 150.0, 300.0, 600.0], "free_energy": [14.632200370719627, 11.733676916289326, 0.29966088868736485, -38.58470812273589, -151.29675089724947], "entropy": [0.0, 100.10623032438423, 197.26800480063594, 309.8642804269591, 428.46375460937355], "heat_capacity": [0.0, 122.3978062490012, 154.26365444885275, 168.3389026818471, 172.93157150667423]}