{"temperatures": [0.0, 75.0, 150.0, 300.0, 600.0], "free_energy": [6.7864238595329285, 5.032483393118969, -1.9479823995525587, -25.4938547453574, -92.9119085689755], "entropy": [0.0, 61.00773238082972, 120.2617931728531, 186.65823176535747, 255.1050299048237], "heat_capacity": [0.0, 75.48507545601255, 92.57994273784264, 97.88893716707838, 99.29677778520063]}