step,energy,fmax
0,-7.198486922750184,0.03946081448145471
1,-7.198551663277803,0.03623976382518397
2,-7.19889270033305,0.0006927092659332949
