{"temperatures": [0.0, 75.0, 150.0, 300.0, 600.0], "free_energy": [98.42006813193444, 95.77636765708287, 80.27545204053288, 11.939573946315235, -223.41383093017208], "entropy": [0.0, 110.25461492276052, 299.8959347412733, 591.741383880408, 942.8303538072144], "heat_capacity": [0.0, 193.66218732617648, 353.97634993902966, 475.89692765424024, 527.787248024162]}