{"temperatures": [0.0, 75.0, 150.0, 300.0, 600.0], "free_energy": [164.60953918349315, 163.4959797345359, 157.20785725660014, 126.86553820566886, 6.812328283807574], "entropy": [0.0, 43.86277068747612, 124.54029517362318, 276.2148221644932, 509.4052828371468], "heat_capacity": [0.0, 75.82942386976802, 162.29570242265132, 279.71826049379695, 384.04236796022246]}