Polymorph,mace_mpa_0_D3
Ih,-1192.8477351629995
II,-1142.8117124154724
III,-1155.6996026941438
IV,-1112.4653200047767
VI,-1098.503060458068
VII,-1018.9677637251648
VIII,-1028.4201770695738
IX,-1158.8218016530175
XI,-1197.4787499593233
XIII,-1133.365513992409
XIV,-1118.1858351011301
XV,-1097.0510914371641
XVII,-1175.5322459815307
