{"temperatures": [0.0, 75.0, 150.0, 300.0, 600.0], "free_energy": [304.7367050154491, 293.8921971313993, 250.49176287597257, 85.04279676710371, -457.8826214919346], "entropy": [0.0, 363.3165186838683, 778.6388263491442, 1388.8543273613136, 2162.7833400402396], "heat_capacity": [0.0, 461.0369780248468, 740.763216963589, 1013.945423586071, 1196.9794359121317]}