step,energy,fmax
0,-1.0385806793186798,0.0028473890008504023
