species,reference,predicted
AM2-AD2,1.34,15.64270214479916
AM3-AD3,1.99,19.281743425532568
AD4-AM4,2.89,23.345163285807303
AD5-AM5,3.78,27.48946609939594
AD6-AM6,4.6,31.63344326376864
AD7-AM7,5.55,35.567515912619456
