species,reference,predicted
AM2-AD2,1.34,15.642878332056853
AM3-AD3,1.99,19.281744027897275
AD4-AM4,2.89,23.345163434052665
AD5-AM5,3.78,27.48876254374227
AD6-AM6,4.6,31.63449885844784
AD7-AM7,5.55,35.56646149364951
