species,reference,predicted
alh3-al2h6,38.5,46.07146880405048
al2f6-alf3,51.6,69.18906296043895
al2cl6-alcl3,32.5,32.23050501919772
alme2-al2me4,38.4,53.888788226066026
alme2-alme3-al2me5,31.2,43.51239389312741
alme3-al2me6,23.1,33.19794926292661
