species,reference,predicted
alh3-al2h6,38.5,46.07142504716444
al2f6-alf3,51.6,69.1890629056494
al2cl6-alcl3,32.5,32.23050554426493
alme2-al2me4,38.4,53.8887884497899
alme2-alme3-al2me5,31.2,43.51221809437311
alme3-al2me6,23.1,33.198301640456066
