species,reference,predicted
ed1-ts1,25.65,12.309231390596324
ed2-ts2,56.9,65.47988627423297
ed3-ts3,36.53,30.86132505153728
ts4-ed4,96.17,50.17108274464999
ts5-ed5,15.94,-0.914919475772308
ts6-ed6,13.64,4.199949593298925
ts7-ed7,27.49,12.125510602247914
ed8-ts8,50.24,30.648493217349824
ed9-ts9,65.84,48.382151930561804
ts10-ed10,64.93,83.44283013298593
