species,reference,predicted
ed1-ts1,25.65,12.309231444030502
ed2-ts2,56.9,65.47988660025976
ed3-ts3,36.53,30.860973337707946
ts4-ed4,96.17,50.17108262957731
ts5-ed5,15.94,-0.914831556642639
ts6-ed6,13.64,4.2001251620420135
ts7-ed7,27.49,12.125510066907736
ed8-ts8,50.24,30.648669321317357
ed9-ts9,65.84,48.381976053921335
ts10-ed10,64.93,83.44291798462734
