species,reference,predicted
1-2,37.4,28.344136238858482
1-3,56.87,42.48641132763987
1-4,56.89,42.577316976343354
1-5,69.89,44.11946744450506
1-6,100.48,65.45926755017535
1-7,111.72,75.4569161330146
1-8,142.18,99.97405614441232
1-9,143.96,104.8875391243364
1-10,164.88,132.10472942198066
