species,reference,predicted
1-2,37.4,28.34414842512524
1-3,56.87,42.48641836575189
1-4,56.89,42.577317166109424
1-5,69.89,44.12087402045472
1-6,100.48,65.45927294759895
1-7,111.72,75.4569146408885
1-8,142.18,99.97406517374839
1-9,143.96,104.88753672611347
1-10,164.88,132.10613676623143
