species,reference,predicted
1O_A-1O-1O_B,5.37,10.557950521366706
2O_A-2O_B-2O,6.047,13.625212941919017
3O_B-3O_A-3O,2.421,4.732713022642088
4O-4O_B-4O_A,9.967,22.100397633683315
1N_A-1N_B-1N,2.357,8.345981123004094
2N_A-2N-2N_B,3.021,12.060496394222582
3N_B-3N_A-3N,1.205,4.714304103868699
4N-4N_B-4N_A,4.177,15.756863933810337
1CL_A-1CL_B-1CL,7.839,10.822067057575737
2CL-2CL_B-2CL_A,10.483,20.045881664225902
3CL-3CL_B-3CL_A,3.241,6.656142860488245
4CL_A-4CL-4CL_B,16.296,23.50771312211029
