species,reference,predicted
ant-antdimer,-9.15,-15.230261261962369
pxylene-h2-pc22,-60.28,-47.66517621798266
octane2-octane1,-1.21,-12.087254669156664
undecan2-undecan1,9.1,-10.09186659833631
F14f-F14l,-3.64,8.792419967028763
F22f-F22l,-1.96,39.51854024926433
