species,reference,predicted
ant-antdimer,-9.15,-15.229553978234435
pxylene-h2-pc22,-60.28,-47.66517643180032
octane2-octane1,-1.21,-12.086197893786448
undecan2-undecan1,9.1,-10.091514049677244
F14f-F14l,-3.64,8.792419947543749
F22f-F22l,-1.96,39.517131038363004
