species,reference,predicted
1a-1b,4.3,8.568048018347326
2a-2b,6.56,11.14349513399361
3b-3a,-5.44,-9.117953984164615
3c-3a,5.25,14.698792012843114
3a-3d,13.03,6.751198406897402
4b-4a,0.93,-0.8126216108425979
5a-5b,0.74,-0.1895071081576134
5a-5c,1.45,3.504287064072514
6a-6b,-0.17,-0.7808031180397847
6a-6c,-0.87,-2.987158033916785
6a-6d,2.85,-0.25864631837384877
7b-7a,2.15,-3.128318173274238
8b-8a,0.55,0.7067557565123934
9a-9b,0.95,1.5958760119092403
10b-10a,-0.45,-8.586815150241364
