species,reference,predicted
1a-1b,4.3,8.568223536072537
2a-2b,6.56,11.14340718932408
3b-3a,-5.44,-9.118130067354741
3c-3a,5.25,14.698791579734007
3a-3d,13.03,6.751374385197778
4b-4a,0.93,-0.8124456484508755
5a-5b,0.74,-0.18933113502862398
5a-5c,1.45,3.504287160204285
6a-6b,-0.17,-0.7811555169182611
6a-6c,-0.87,-2.9873343316817227
6a-6d,2.85,-0.25882251540588186
7b-7a,2.15,-3.1283181413136845
8b-8a,0.55,0.7069320298783168
9a-9b,0.95,1.5960079446084592
10b-10a,-0.45,-8.586639169871205
