{"temperatures": [0.0, 75.0, 150.0, 300.0, 600.0], "free_energy": [116.76244226404303, 113.60957107534603, 97.80762759129786, 28.573035024271803, -213.55373755295773], "entropy": [0.0, 117.24835760060405, 302.54206411133333, 602.8468603452997, 975.8922082704584], "heat_capacity": [0.0, 184.81261525630438, 354.43228052890504, 499.6975698975578, 565.1668005031476]}