{"temperatures": [0.0, 75.0, 150.0, 300.0, 600.0], "free_energy": [15.929570052371126, 13.424013929077972, 2.988123632215304, -33.60584400248024, -141.54869109369884], "entropy": [0.0, 88.85002325202925, 182.75502527476758, 294.1890774207579, 412.45277695029483], "heat_capacity": [0.0, 115.48253483980568, 151.45972676612897, 167.47350293681507, 172.69970502054335]}