{"temperatures": [0.0, 75.0, 150.0, 300.0, 600.0], "free_energy": [49.42961573388666, 47.73025033185333, 38.42064728871193, -1.5076569837332272, -136.26823207875935], "entropy": [0.0, 67.90978336811561, 178.02302721274057, 342.57016067421495, 536.3743282919635], "heat_capacity": [0.0, 113.70444884255515, 202.8463221460714, 264.9055741104593, 289.65652199594905]}