{"temperatures": [0.0, 75.0, 150.0, 300.0, 600.0], "free_energy": [82.44352660174604, 79.63580574457615, 66.68268262497034, 14.960455396169564, -156.97345191143023], "entropy": [0.0, 102.86007579474544, 238.1951039358508, 438.261965696801, 685.0538758739367], "heat_capacity": [0.0, 147.21801465972877, 243.91215611609297, 328.8274495483287, 376.4012587840991]}