Model,K_bulk [GPa],K_shear [GPa]
mace_matpes_PBE_0_D3,21.769371020854727,16.933581751316932
