Model,K_bulk [GPa],K_shear [GPa]
mace_matpes_PBE_0_D3,18.974104290295877,15.751455713730424
