Model,K_bulk [GPa],K_shear [GPa]
mace_matpes_PBE_0_D3,21.768905316242687,16.93331092090186
