{"temperatures": [0.0, 75.0, 150.0, 300.0, 600.0], "free_energy": [168.13277175981887, 167.14836238889959, 161.31713516812317, 132.00800867176451, 14.084110543022945], "entropy": [0.0, 39.61235040156718, 117.48688613995068, 269.53818582398014, 501.78446496736274], "heat_capacity": [0.0, 70.35980930240548, 161.2665019798339, 279.7382489199715, 382.20480415903256]}