{"temperatures": [0.0, 75.0, 150.0, 300.0, 600.0], "free_energy": [17.971187515434362, 17.452920722258124, 14.589817293062591, 2.112253523707629, -40.753702638019945], "entropy": [0.0, 20.752372835244753, 55.008453315135846, 107.86926434168542, 171.65851119881665], "heat_capacity": [0.0, 35.04055551990864, 63.944221331273965, 86.38274629904056, 95.94075127051603]}