{"temperatures": [0.0, 75.0, 150.0, 300.0, 600.0], "free_energy": [33.872693506006215, 32.95083888796395, 27.42463387190017, 2.5165845680001553, -83.79218334887288], "entropy": [0.0, 38.66983863714511, 108.04944402918981, 216.67038759620107, 345.796057915385], "heat_capacity": [0.0, 68.86791837122104, 131.7472658778509, 176.2192339054188, 193.10529794706204]}