{"temperatures": [0.0, 75.0, 150.0, 300.0, 600.0], "free_energy": [50.20721367023415, 49.044730962001914, 42.61514694477188, 14.12879358140949, -85.54695745023082], "entropy": [0.0, 46.28049519066612, 124.24438289958208, 248.05254738364735, 402.005422680897], "heat_capacity": [0.0, 78.1966949765435, 147.4465994830876, 205.5299517726554, 234.019310477187]}