{"temperatures": [0.0, 75.0, 150.0, 300.0, 600.0], "free_energy": [63.36617289163721, 44.51993917266789, -25.217091480092556, -255.73045336739798, -909.8067713179042], "entropy": [0.0, 624.6834383304359, 1188.1581547353896, 1818.6685660786482, 2468.8123344720702], "heat_capacity": [0.0, 720.8486804264267, 879.1109116012918, 929.6974020103595, 943.246732047645]}