{"temperatures": [0.0, 75.0, 150.0, 300.0, 600.0], "free_energy": [63.366088911671284, 44.51976978984166, -25.217406852163606, -255.73107218437093, -909.8080029654598], "entropy": [0.0, 624.6852881653115, 1188.1601515500429, 1818.670602214375, 2468.814380561898], "heat_capacity": [0.0, 720.849048659949, 879.1110152730781, 929.6974284959712, 943.2467386978304]}