{"temperatures": [0.0, 75.0, 150.0, 300.0, 600.0], "free_energy": [57.15582240817336, 56.22049755567333, 50.968137772420285, 26.42247668144609, -64.23270462142301], "entropy": [0.0, 37.4267838063572, 102.951499686955, 219.04985601447024, 371.6861540612501], "heat_capacity": [0.0, 63.00003511837993, 130.53307203122034, 200.10937780438377, 234.5507082253849]}