{"temperatures": [0.0, 75.0, 150.0, 300.0, 600.0], "free_energy": [17.37302156391661, 15.47750508064963, 7.962138343529023, -19.45516604223399, -103.37616785426204], "entropy": [0.0, 63.881157816372685, 133.20954169321533, 224.30373404727115, 324.44816114465533], "heat_capacity": [0.0, 79.11519985808324, 119.08756627672823, 140.3422032042736, 147.1980114226614]}