{"temperatures": [0.0, 75.0, 150.0, 300.0, 600.0], "free_energy": [16.595895077169796, 12.166430012086007, -2.4449478213312545, -49.7837114538453, -184.3217584411676], "entropy": [0.0, 136.20432746947492, 245.20949538804163, 373.2748150251273, 508.7271917577525], "heat_capacity": [0.0, 137.24546614735485, 174.43005190205008, 192.09197573175527, 197.59200797758893]}