{"temperatures": [0.0, 75.0, 150.0, 300.0, 600.0], "free_energy": [18.077786004299305, 16.491080269969647, 9.670080845911345, -16.204351086497667, -96.95683648864826], "entropy": [0.0, 55.8085619907352, 123.28846876290085, 213.83399152227318, 313.84055891536286], "heat_capacity": [0.0, 75.00493668336526, 117.65174332251546, 139.97355480761274, 147.10647987839374]}