{"temperatures": [0.0, 75.0, 150.0, 300.0, 600.0], "free_energy": [12.402586028243041, 11.831105010181485, 8.30348366438584, -6.903964601402086, -56.727766271444885], "entropy": [0.0, 24.448567037174474, 68.4061782234957, 129.08012367640106, 195.913750262513], "heat_capacity": [0.0, 45.53453748085952, 78.69931352471124, 93.69435824866284, 98.19382818813573]}