{"temperatures": [0.0, 75.0, 150.0, 300.0, 600.0], "free_energy": [99.63345043132924, 94.94290389931413, 74.80283701093228, -1.4467984501224151, -247.46147629690037], "entropy": [0.0, 167.15994806160305, 361.1059421815225, 636.7007789526781, 971.4795173508898], "heat_capacity": [0.0, 222.22170278538002, 339.35466048028337, 449.69571418487254, 507.08616732288425]}