{"temperatures": [0.0, 75.0, 150.0, 300.0, 600.0], "free_energy": [31.52821889902916, 30.51186356059844, 24.544511056651693, -1.8096245480890083, -91.61155138069215], "entropy": [0.0, 42.31621000429002, 115.77826304189009, 227.5153254693925, 357.86921643050863], "heat_capacity": [0.0, 74.0693943495992, 137.61093879007532, 179.15827509196478, 194.01760703805235]}