{"temperatures": [0.0, 75.0, 150.0, 300.0, 600.0], "free_energy": [16.135663202504862, 7.139850732978186, -20.316443893774743, -104.6722295301438, -334.7353529997764], "entropy": [0.0, 264.3347117898407, 450.6265567939947, 652.2512351175591, 858.2226533001352], "heat_capacity": [0.0, 246.97095487787212, 284.0523559104462, 295.33732054698504, 298.3140966208803]}