{"temperatures": [0.0, 75.0, 150.0, 300.0, 600.0], "free_energy": [48.68754318398747, 42.596252246939315, 18.008134520256366, -69.41577635175277, -331.9546168289598], "entropy": [0.0, 210.2813970301413, 431.75306975994283, 708.4351409707757, 1009.440737650264], "heat_capacity": [0.0, 265.0159737944193, 367.4406926390808, 422.7860141661368, 441.9094793793122]}