species,reference,predicted
AM2-AD2,1.34,-1.3566884625292914
AM3-AD3,1.99,-1.0193500837358442
AD4-AM4,2.89,-0.9793427045578937
AD5-AM5,3.78,-1.2335574406943124
AD6-AM6,4.6,-1.1710529924430375
AD7-AM7,5.55,-1.2540572304105808
