species,reference,predicted
AM2-AD2,1.34,-1.3566887090826185
AM3-AD3,1.99,-1.0197025709694572
AD4-AM4,2.89,-0.9793428424950434
AD5-AM5,3.78,-1.233557771563028
AD6-AM6,4.6,-1.1710530396258036
AD7-AM7,5.55,-1.2540585212373117
