species,reference,predicted
alh3-al2h6,38.5,40.60820226617386
al2f6-alf3,51.6,47.66482901740471
al2cl6-alcl3,32.5,34.057781714423186
alme2-al2me4,38.4,43.91259863198047
alme2-alme3-al2me5,31.2,31.034503342175867
alme3-al2me6,23.1,18.771163884108773
