species,reference,predicted
alh3-al2h6,38.5,40.60811406753169
al2f6-alf3,51.6,47.66491704254645
al2cl6-alcl3,32.5,34.05782517453213
alme2-al2me4,38.4,43.91259833748609
alme2-alme3-al2me5,31.2,31.034503164840316
alme3-al2me6,23.1,18.771163369724945
