species,reference,predicted
ed1-ts1,25.65,10.983342135707517
ed2-ts2,56.9,39.51086237210302
ed3-ts3,36.53,14.14379120601734
ts4-ed4,96.17,33.23986891370214
ts5-ed5,15.94,-21.508866906946423
ts6-ed6,13.64,-7.542245044381161
ts7-ed7,27.49,15.543862546980563
ed8-ts8,50.24,12.392357912326588
ed9-ts9,65.84,20.09414157480319
ts10-ed10,64.93,66.60680022308895
