species,reference,predicted
ed1-ts1,25.65,10.983166355376852
ed2-ts2,56.9,39.51068675742545
ed3-ts3,36.53,14.143791373596741
ts4-ed4,96.17,33.23978082827716
ts5-ed5,15.94,-21.508866941011433
ts6-ed6,13.64,-7.542245416342439
ts7-ed7,27.49,15.543862011640158
ed8-ts8,50.24,12.392534016293894
ed9-ts9,65.84,20.094141638867086
ts10-ed10,64.93,66.6068001043783
