species,reference,predicted
1-2,37.4,29.532100637514304
1-3,56.87,43.68140921970735
1-4,56.89,43.1797391852142
1-5,69.89,45.297568713811415
1-6,100.48,65.7295161591519
1-7,111.72,73.46104545134403
1-8,142.18,98.73262676658123
1-9,143.96,104.94665312633879
1-10,164.88,130.42977086380233
