species,reference,predicted
1-2,37.4,29.53068034896569
1-3,56.87,43.68140059155667
1-4,56.89,43.1797379480231
1-5,69.89,45.2975664008045
1-6,100.48,65.72951247205128
1-7,111.72,73.46104478291818
1-8,142.18,98.73261853455006
1-9,143.96,104.94665520099625
1-10,164.88,130.42977391661043
