species,reference,predicted
1O_A-1O-1O_B,5.37,6.796096308601989
2O_A-2O_B-2O,6.047,9.260805746015762
3O_B-3O_A-3O,2.421,2.2933832037182356
4O-4O_B-4O_A,9.967,10.902057892778885
1N_A-1N_B-1N,2.357,6.724775491110677
2N_A-2N-2N_B,3.021,6.062721514708983
3N_B-3N_A-3N,1.205,2.2786908398471724
4N-4N_B-4N_A,4.177,5.4501257075489775
1CL_A-1CL_B-1CL,7.839,14.219800928188874
2CL-2CL_B-2CL_A,10.483,19.987524172050087
3CL-3CL_B-3CL_A,3.241,5.798915771730037
4CL_A-4CL-4CL_B,16.296,18.51585745703602
