species,reference,predicted
1O_A-1O-1O_B,5.37,6.796118336575091
2O_A-2O_B-2O,6.047,9.260849822507566
3O_B-3O_A-3O,2.421,2.293449105005152
4O-4O_B-4O_A,9.967,10.901881765019425
1N_A-1N_B-1N,2.357,6.724753510222513
2N_A-2N-2N_B,3.021,6.0627657534299715
3N_B-3N_A-3N,1.205,2.2787129484351
4N-4N_B-4N_A,4.177,5.450301458415197
1CL_A-1CL_B-1CL,7.839,14.219800951017874
2CL-2CL_B-2CL_A,10.483,19.987623298499443
3CL-3CL_B-3CL_A,3.241,5.798970745209971
4CL_A-4CL-4CL_B,16.296,18.515857480649885
