species,reference,predicted
ant-antdimer,-9.15,-6.653499821361947
pxylene-h2-pc22,-60.28,-63.18541173198264
octane2-octane1,-1.21,-5.339927540195276
undecan2-undecan1,9.1,0.35232611535866454
F14f-F14l,-3.64,-3.4150498483841147
F22f-F22l,-1.96,-6.059252772387481
