species,reference,predicted
ant-antdimer,-9.15,-6.653503806518529
pxylene-h2-pc22,-60.28,-63.18541157784148
octane2-octane1,-1.21,-5.339928657499058
undecan2-undecan1,9.1,0.352677374441555
F14f-F14l,-3.64,-3.4150498632934614
F22f-F22l,-1.96,-6.059251092898194
