species,reference,predicted
1a-1b,4.3,14.736353172003192
2a-2b,6.56,13.7564784512208
3b-3a,-5.44,-10.584067873478034
3c-3a,5.25,13.904595640610296
3a-3d,13.03,3.348329211330565
4b-4a,0.93,-5.296998283205994
5a-5b,0.74,-2.860287000125254
5a-5c,1.45,0.26451493425065564
6a-6b,-0.17,-10.149821647872614
6a-6c,-0.87,-8.933953840801678
6a-6d,2.85,2.28035398603879
7b-7a,2.15,-5.397337466868748
8b-8a,0.55,1.926904541149952
9a-9b,0.95,-3.5257139064181047
10b-10a,-0.45,-14.772186552218955
