species,reference,predicted
1a-1b,4.3,14.73635274902449
2a-2b,6.56,13.75647853026635
3b-3a,-5.44,-10.584068015963112
3c-3a,5.25,13.904595240317576
3a-3d,13.03,3.348153341039051
4b-4a,0.93,-5.296998261518411
5a-5b,0.74,-2.8602869677008584
5a-5c,1.45,0.26451503038242663
6a-6b,-0.17,-10.14982208262245
6a-6c,-0.87,-8.933954197862022
6a-6d,2.85,2.2803537297118055
7b-7a,2.15,-5.397249464555898
8b-8a,0.55,1.9269048738115089
9a-9b,0.95,-3.525713929247104
10b-10a,-0.45,-14.772186512553162
