{"temperatures": [0.0, 75.0, 150.0, 300.0, 600.0], "free_energy": [108.77637192162479, 106.58348226766044, 95.9308891323723, 51.777511824969544, -99.5021628029792], "entropy": [0.0, 82.46607402209703, 198.97534342509312, 378.90638068146023, 609.9742654167978], "heat_capacity": [0.0, 122.58743516048716, 215.26437788034738, 300.72942919407296, 360.5111686299052]}