{"temperatures": [0.0, 75.0, 150.0, 300.0, 600.0], "free_energy": [2.689942519938153, 1.5228618752235625, -2.646318047741546, -15.92410717256616, -52.72514279143413], "entropy": [0.0, 38.42187555021133, 69.81091416841502, 103.54248098408306, 137.90620004186448], "heat_capacity": [0.0, 41.77683013747294, 47.65538980175434, 49.31478830502468, 49.74291161836267]}