{"temperatures": [0.0, 75.0, 150.0, 300.0, 600.0], "free_energy": [60.21108037380051, 56.1914592500433, 40.61044894748801, -14.332311676744325, -180.9582100760796], "entropy": [0.0, 134.2778705498702, 272.41037574634737, 445.3688188375114, 646.2780661725575], "heat_capacity": [0.0, 165.44749800486437, 227.34249196359113, 271.357111131014, 304.84927739130427]}