{"temperatures": [0.0, 75.0, 150.0, 300.0, 600.0], "free_energy": [190.30845433730275, 187.5948622505833, 174.23111039778937, 117.93561231258367, -81.04980906330326], "entropy": [0.0, 101.46576702163635, 251.2034837333532, 487.73028071831914, 814.533279246472], "heat_capacity": [0.0, 157.8878000333803, 275.60096094134286, 409.4612347220122, 523.8974801888613]}