{"temperatures": [0.0, 75.0, 150.0, 300.0, 600.0], "free_energy": [190.30826820243237, 187.5937972913633, 174.2290053124761, 117.9314232902597, -81.05817309968995], "entropy": [0.0, 101.47960139683563, 251.2173634577612, 487.7441855859452, 814.5472028881578], "heat_capacity": [0.0, 157.88800787439249, 275.6009863536781, 409.46127331200324, 523.8974957228318]}