{"temperatures": [0.0, 75.0, 150.0, 300.0, 600.0], "free_energy": [142.51540779621163, 140.42461102738122, 128.74645413803773, 73.17578776529643, -134.4421324521596], "entropy": [0.0, 81.61443319558485, 231.01268259710085, 498.30711969691214, 854.773629768433], "heat_capacity": [0.0, 140.6774999063665, 299.1638330400697, 463.73752781295633, 550.9989753091421]}