{"temperatures": [0.0, 75.0, 150.0, 300.0, 600.0], "free_energy": [77.72721931369178, 76.49884475477532, 70.8673746332895, 47.96957631051461, -33.84983982593374], "entropy": [0.0, 45.30722626209803, 103.14040210238183, 198.71254837196048, 336.701526332621], "heat_capacity": [0.0, 63.539679536958204, 106.59705413634721, 171.04888744763278, 221.52625369590407]}