{"temperatures": [0.0, 75.0, 150.0, 300.0, 600.0], "free_energy": [40.392309339069996, 39.629820577410584, 34.99868937669519, 13.326937818393056, -64.77930426513565], "entropy": [0.0, 31.920979550387536, 91.60505055776608, 191.71798495143156, 317.1439346638397], "heat_capacity": [0.0, 57.516828636609226, 116.73074987499616, 167.63100576941204, 190.27113464534222]}