{"a": 3.0860040548203673, "c": 5.050236605162334}