{"a": 3.0860037080557077, "c": 5.050240381439211}