{"a": 3.0860050831312065, "c": 5.050234457807458}