{"a": 3.0860035766831255, "c": 5.050235653795198}