{"temperatures": [0.0, 75.0, 150.0, 300.0, 600.0], "free_energy": [24.547808466090885, 13.868542447309045, -19.893468739218953, -125.98664816357106, -419.55109959320043], "entropy": [0.0, 319.3934408935734, 560.0240737868452, 826.2139600602441, 1100.0791197454564], "heat_capacity": [0.0, 312.895870571332, 372.2009690596294, 391.8562113599068, 397.1860623753406]}