Model,MAE (meV),MAE relative to Ih (meV)
mace_mp_0a_D3,59.789738673946935,13.058342578658616
mace_mp_0b3_D3,204.65351848950917,8.436642403362479
mace_mpa_0_D3,429.3967837742324,31.907272746360672
mace_omat_0_D3,447.0782032306303,18.91839344126377
mace_matpes_PBE_0_D3,64.34277478730856,12.352224317943078
mace_matpes_r2scan_0_D3,940.7610908044977,19.01883337017358
