Model,MAE (meV),Avg MAE relative to all polymorphs (meV),Score,Rank
mace_mp_0a_D3,59.788848669307406,10.35416583159301,1.0,1.0
mace_mp_0b3_D3,204.65401885567036,5.478941950721734,2.995778871233067,3.0
mace_mpa_0_D3,429.3963234802105,27.3794516330492,6.512063651147986,4.0
mace_omat_0_D3,447.0781470888179,18.003783114632217,6.630481075167933,5.0
mace_matpes_PBE_0_D3,64.34203698339266,16.477649795945737,1.1522129089319497,2.0
mace_matpes_r2scan_0_D3,940.7593295196051,15.581645596117012,13.634158467817857,6.0
