{"temperatures": [0.0, 75.0, 150.0, 300.0, 600.0], "free_energy": [18.291607961686616, 17.38208541157272, 13.060877980764793, -4.540398340111512, -62.24710600423021], "entropy": [0.0, 33.25874570339421, 80.6019822540086, 148.88065102743838, 227.7560854751367], "heat_capacity": [0.0, 50.41051725781058, 85.51543170862165, 108.60357879900917, 117.30374581023592]}