{"temperatures": [0.0, 75.0, 150.0, 300.0, 600.0], "free_energy": [48.75294647762538, 45.198643570334106, 34.73432025742367, -0.7658730544846151, -110.16611512724026], "entropy": [0.0, 98.74982946585571, 176.8559240616678, 289.0393570366248, 427.5394164604729], "heat_capacity": [0.0, 89.5641096319967, 137.2931661343578, 184.26066949047444, 211.81114918815663]}