step,energy,fmax
0,-7.8189029866569095,0.015385320517396984
