Reference,Predicted
49.35604807932862,49.42914793051246
