Reference,Predicted
49.35604807932862,49.429175239121655
190.29314047560442,192.28992010280945
93.33287677074617,93.74515236861413
454.8356274669954,463.58239002485385
400.0063988624852,404.53587883984585
