Reference,Predicted
-16.668626471581156,-17.78185433892351
