Reference,Predicted
-16.668626471581156,-17.78262674001662
-41.9757112647533,-50.59767352699883
-6.08630031563534,-7.548717398584111
53.97177339907461,43.306495549247074
59.727117049133426,52.489820871483985
