Reference,Predicted
3.3180075845953856,2.973063210171847
10.534772370327735,9.22729910665791
9.752476356053446,9.257480612340824
17.551764746273093,17.205718839472933
22.59080549719326,22.647205411393273
