Reference,Predicted
3.657122584777909,3.2769344865537415
