Reference,Predicted
0.006649352200582881,0.005957926455905649
-0.05030157706731209,0.018491497904868925
0.019544068914600476,0.018551888966366392
0.03517379627129191,0.03448017855576446
0.04527203414748948,0.04538495661984898
