Reference,Predicted
105.982577404969,109.61947009495645
