Reference,Predicted
105.982577404969,109.62201727713841
349.2024867952203,375.77277840578273
126.74413648332508,131.1819876967456
476.00762624893446,500.5810812593908
419.48927332015876,437.77929879517416
