{"temperatures": [0.0, 75.0, 150.0, 300.0, 600.0], "free_energy": [3.3632906458110474, 0.8127339458329046, -6.715332747360157, -29.258336493143233, -89.73502303838853], "entropy": [0.0, 73.91313372731415, 122.06453246110541, 172.89047791665485, 224.43318675127108], "heat_capacity": [0.0, 65.42989018864291, 72.18001608901992, 74.06419474503313, 74.54893725303675]}