{"temperatures": [0.0, 75.0, 150.0, 300.0, 600.0], "free_energy": [195.49603941317102, 192.77086349871013, 179.3415969567473, 123.33829412109641, -73.04884465418414], "entropy": [0.0, 102.43918267379208, 251.50396685674997, 483.3016309300439, 802.4941515592237], "heat_capacity": [0.0, 159.09363567323334, 272.0671564080312, 399.39449860586313, 513.4309769642091]}