{"temperatures": [0.0, 75.0, 150.0, 300.0, 600.0], "free_energy": [195.4962314632983, 192.7715999497502, 179.34298471118603, 123.3410090391981, -73.04345312863737], "entropy": [0.0, 102.43068183983351, 251.49518487446292, 483.292741153537, 802.4852110813548], "heat_capacity": [0.0, 159.0929461332981, 272.0669384338132, 399.39438809129325, 513.4309356157777]}