{"temperatures": [0.0, 75.0, 150.0, 300.0, 600.0], "free_energy": [49.009002232049205, 47.22288125972358, 39.065650918500864, 6.563145633026515, -101.79203167860268], "entropy": [0.0, 65.26249353277194, 149.5342406144588, 275.83166963753916, 431.8422315824091], "heat_capacity": [0.0, 92.20077833333308, 152.40656105492553, 208.56458875521858, 236.94579079095695]}