{"temperatures": [0.0, 75.0, 150.0, 300.0, 600.0], "free_energy": [2.3945278264506427, 0.9955190217477183, -3.6013814370860335, -17.78262674001662, -56.41613959190558], "entropy": [0.0, 43.73026278490881, 75.72261715008824, 109.62201727713841, 144.0288715910184], "heat_capacity": [0.0, 43.25403251728325, 48.09315175641438, 49.429175239121655, 49.77182937397938]}