{"temperatures": [0.0, 75.0, 150.0, 300.0, 600.0], "free_energy": [79.69432907773056, 73.66807392135485, 51.424411279575516, -29.4355226705284, -282.00595536593175], "entropy": [0.0, 192.3733746289732, 391.5772751885087, 665.6645352743919, 986.1556367665881], "heat_capacity": [0.0, 227.20589218882648, 345.75764615956206, 437.50219445721325, 479.9384666934617]}