{"temperatures": [0.0, 75.0, 150.0, 300.0, 600.0], "free_energy": [115.18000120865499, 105.03887607080252, 66.13979075589071, -77.30566272641015, -524.9646252433395], "entropy": [0.0, 333.3671272649226, 689.6727116392452, 1183.1787156484313, 1742.8891001097054], "heat_capacity": [0.0, 399.01425152400896, 627.6800917049725, 775.9429356462524, 828.5650020411825]}