{"temperatures": [0.0, 75.0, 150.0, 300.0, 600.0], "free_energy": [2.6898435615889578, 1.5226844382889826, -2.646640899406052, -15.924736336152716, -52.72639277863778], "entropy": [0.0, 38.423686317044876, 69.81292047551847, 103.54454119254402, 137.9082740714326], "heat_capacity": [0.0, 41.77731257613791, 47.65553065867855, 49.314824973305676, 49.74292087966502]}