{"temperatures": [0.0, 75.0, 150.0, 300.0, 600.0], "free_energy": [175.37717616104734, 174.21113448874348, 168.07539868039262, 138.59312187456374, 21.858758547014418], "entropy": [0.0, 44.03492151857617, 120.77308117681214, 268.59069065789566, 495.61457768721766], "heat_capacity": [0.0, 71.05416837439455, 157.28440119293379, 271.89257847747206, 376.0215562004475]}