Model,K_bulk [GPa],K_shear [GPa]
mace_matpes_r2scan_0_D3,33.975957133692134,21.422683874326868
