Model,K_bulk [GPa],K_shear [GPa]
mace_matpes_r2scan_0_D3,35.841868558767324,21.189307454277213
