{"temperatures": [0.0, 75.0, 150.0, 300.0, 600.0], "free_energy": [560.3070467923638, 548.9097943586521, 497.36035532103074, 286.98276885086455, -436.81309378176184], "entropy": [0.0, 405.4026537977262, 954.6303919834011, 1803.4668961821735, 2931.0275367189815], "heat_capacity": [0.0, 584.2986285989879, 1005.2355236798387, 1442.611595604009, 1778.1360007623518]}