Polymorph,mace_matpes_PBE_0_D3
Ih,-799.2294774170485
II,-762.4126344215991
III,-765.3238337523138
IV,-741.7177420067684
VI,-749.188174214181
VII,-725.3149079227654
VIII,-736.8418898354535
IX,-767.2863664391868
XI,-809.8730844260658
XIII,-757.865246754994
XIV,-754.4646169124345
XV,-746.0379095258602
XVII,-768.8905971554334
