Polymorph,mace_matpes_PBE_0_D3
Ih,-799.2304314626413
II,-762.4136192435404
III,-765.3222736326928
IV,-741.718713834592
VI,-749.187606746661
VII,-725.3159510935934
VIII,-736.8429422431007
IX,-767.2873292356766
XI,-809.8759785692256
XIII,-757.8651563809409
XIV,-754.4656039411724
XV,-746.0388971883951
XVII,-768.891568662779
