Polymorph,mace_matpes_PBE_0_D3
Ih,-799.2294730074434
II,-762.4126413503714
III,-765.3238315243929
IV,-741.7177502171661
VI,-749.1881718811992
VII,-725.3149138655513
VIII,-736.8418863004482
IX,-767.2863638077488
XI,-809.8730823277994
XIII,-757.8652434995607
XIV,-754.464618391955
XV,-746.0379072297236
XVII,-768.8905972898397
