Polymorph,mace_matpes_PBE_0_D3
Ih,-799.2307449932952
II,-762.4126527935911
III,-765.3238355691432
IV,-741.7177537360722
VI,-749.186662130775
VII,-725.316180748699
VIII,-736.8418939827634
IX,-767.2863653504436
XI,-809.8730843989835
XIII,-757.8652429605306
XIV,-754.4646133112689
XV,-746.0379098248318
XVII,-768.8905982564993
