{"temperatures": [0.0, 75.0, 150.0, 300.0, 600.0], "free_energy": [63.41560701792937, 59.38003068681728, 43.273848540991054, -14.40769048230704, -191.41374607331323], "entropy": [0.0, 137.68246604976756, 283.2484017159462, 470.35523736066017, 688.6797539498529], "heat_capacity": [0.0, 172.10775797944166, 243.15433554983568, 295.2547247397464, 330.5045551279132]}