{"temperatures": [0.0, 75.0, 150.0, 300.0, 600.0], "free_energy": [105.65423859351134, 89.31562509839577, 39.70316947811595, -127.05693248068388, -622.4944705605773], "entropy": [0.0, 463.98831512512584, 840.1210143856011, 1341.2224433012095, 1902.6603642910757], "heat_capacity": [0.0, 437.7077374302826, 646.1800433968967, 781.2096039139741, 829.2114483591959]}