{"temperatures": [0.0, 75.0, 150.0, 300.0, 600.0], "free_energy": [79.97397253614216, 76.54546074680734, 64.8316034824821, 26.66113468032089, -85.5205976964628], "entropy": [0.0, 107.73391098859545, 197.10778080209994, 303.03544300244636, 434.51568487788626], "heat_capacity": [0.0, 115.42884480734502, 139.9398725124848, 169.0256328192984, 209.77306887281662]}