{"temperatures": [0.0, 75.0, 150.0, 300.0, 600.0], "free_energy": [80.73191221430712, 77.46712072977735, 65.96860542580522, 28.057781973828277, -84.11770458248402], "entropy": [0.0, 104.66897626612361, 194.6009676111299, 301.99077485545206, 435.36513563220046], "heat_capacity": [0.0, 115.1201871599592, 141.64454312366766, 171.45707586898718, 212.749428075713]}