{"temperatures": [0.0, 75.0, 150.0, 300.0, 600.0], "free_energy": [142.9875549539028, 140.83371361683254, 129.09146631840133, 73.42170940292289, -134.4276144814324], "entropy": [0.0, 82.61638792663422, 231.74831055574228, 498.9601483788094, 855.6784946112539], "heat_capacity": [0.0, 140.35587418403404, 298.82026070196656, 463.88178061071045, 551.5307227884462]}