species,reference,predicted
AM2-AD2,1.34,9.392584810175777
AM3-AD3,1.99,9.93102341403619
AD4-AM4,2.89,11.104968632722375
AD5-AM5,3.78,12.57462091776597
AD6-AM6,4.6,14.294838682361842
AD7-AM7,5.55,15.902272731746962
