species,reference,predicted
AM2-AD2,1.34,9.392232682213717
AM3-AD3,1.99,9.931022811671482
AD4-AM4,2.89,11.104616613376493
AD5-AM5,3.78,12.575324475666093
AD6-AM6,4.6,14.29483861243898
AD7-AM7,5.55,15.901919579763671
