species,reference,predicted
alh3-al2h6,38.5,18.917880353026817
al2f6-alf3,51.6,62.36010040717531
al2cl6-alcl3,32.5,37.6818083425361
alme2-al2me4,38.4,36.08570045845681
alme2-alme3-al2me5,31.2,34.24155050098943
alme3-al2me6,23.1,27.1798979669029
