species,reference,predicted
alh3-al2h6,38.5,18.917924109912974
al2f6-alf3,51.6,62.36001249161268
al2cl6-alcl3,32.5,37.68171984711671
alme2-al2me4,38.4,36.08570016396288
alme2-alme3-al2me5,31.2,34.24146235330181
alme3-al2me6,23.1,27.18007339322321
