species,reference,predicted
ed1-ts1,25.65,12.04954296441656
ed2-ts2,56.9,46.71053226066033
ed3-ts3,36.53,27.799605082092512
ts4-ed4,96.17,46.11617721652192
ts5-ed5,15.94,-6.7667073535328655
ts6-ed6,13.64,-3.1227908638825284
ts7-ed7,27.49,8.249360409467272
ed8-ts8,50.24,-5.684669592409364
ed9-ts9,65.84,37.855795594326764
ts10-ed10,64.93,70.44477062897556
