species,reference,predicted
ed1-ts1,25.65,12.04989479239066
ed2-ts2,56.9,46.710531934633536
ed3-ts3,36.53,27.79925297203681
ts4-ed4,96.17,46.11608936124253
ts5-ed5,15.94,-6.7666193491154445
ts6-ed6,13.64,-3.1227025215694084
ts7-ed7,27.49,8.249009063398944
ed8-ts8,50.24,-5.684493814968391
ed9-ts9,65.84,37.85579553026287
ts10-ed10,64.93,70.44477074768622
