species,reference,predicted
1-2,37.4,24.559299806973286
1-3,56.87,36.29329853467243
1-4,56.89,36.13366462038721
1-5,69.89,38.217712457932066
1-6,100.48,57.38429298352639
1-7,111.72,66.6711411208089
1-8,142.18,90.10167134216681
1-9,143.96,92.64488115314452
1-10,164.88,119.27372573545836
