species,reference,predicted
1-2,37.4,24.56212573177254
1-3,56.87,36.29471135207132
1-4,56.89,36.13788889148964
1-5,69.89,38.220529299569534
1-6,100.48,57.38570405736391
1-7,111.72,66.67114117863275
1-8,142.18,90.1030903419105
1-9,143.96,92.64769695152972
1-10,164.88,119.27653911935522
