species,reference,predicted
1O_A-1O-1O_B,5.37,7.94971751440869
2O_A-2O_B-2O,6.047,8.695882136949649
3O_B-3O_A-3O,2.421,9.467695312235037
4O-4O_B-4O_A,9.967,9.665436659697207
1N_A-1N_B-1N,2.357,8.307560059992738
2N_A-2N-2N_B,3.021,6.189706718070397
3N_B-3N_A-3N,1.205,4.366161319144794
4N-4N_B-4N_A,4.177,5.433675308710917
1CL_A-1CL_B-1CL,7.839,12.993197318960767
2CL-2CL_B-2CL_A,10.483,25.74517272546929
3CL-3CL_B-3CL_A,3.241,10.677410618121698
4CL_A-4CL-4CL_B,16.296,20.17249313656687
