species,reference,predicted
1O_A-1O-1O_B,5.37,7.949761534969809
2O_A-2O_B-2O,6.047,8.695926213441567
3O_B-3O_A-3O,2.421,9.467717228345691
4O-4O_B-4O_A,9.967,9.665832339226881
1N_A-1N_B-1N,2.357,8.307670034632906
2N_A-2N-2N_B,3.021,6.189575016087019
3N_B-3N_A-3N,1.205,4.366205420320853
4N-4N_B-4N_A,4.177,5.43336716562203
1CL_A-1CL_B-1CL,7.839,12.993186345495701
2CL-2CL_B-2CL_A,10.483,25.745106907508188
3CL-3CL_B-3CL_A,3.241,10.677421606425597
4CL_A-4CL-4CL_B,16.296,20.172328215770605
