species,reference,predicted
ant-antdimer,-9.15,-38.1321108652337
pxylene-h2-pc22,-60.28,-29.48885201496796
octane2-octane1,-1.21,-11.327542707792418
undecan2-undecan1,9.1,-4.507860523812269
F14f-F14l,-3.64,-0.24917282929618523
F22f-F22l,-1.96,8.601535918820446
