species,reference,predicted
ant-antdimer,-9.15,-38.13281040208767
pxylene-h2-pc22,-60.28,-29.488808128857272
octane2-octane1,-1.21,-11.327541590488181
undecan2-undecan1,9.1,-4.507859912821004
F14f-F14l,-3.64,-0.24952456276423618
F22f-F22l,-1.96,8.601534049610564
