species,reference,predicted
1a-1b,4.3,1.9940231774910444
2a-2b,6.56,11.315037346413192
3b-3a,-5.44,-11.498431856447496
3c-3a,5.25,7.184715978537497
3a-3d,13.03,9.951559856541735
4b-4a,0.93,-5.738785370130472
5a-5b,0.74,-3.4539109041631946
5a-5c,1.45,2.1622114674551085
6a-6b,-0.17,-4.5198954842644525
6a-6c,-0.87,-2.590939924790746
6a-6d,2.85,4.160983918462989
7b-7a,2.15,-2.7366741334401468
8b-8a,0.55,1.9371094346633981
9a-9b,0.95,3.6661262719400156
10b-10a,-0.45,-6.3527200467940474
