species,reference,predicted
1a-1b,4.3,1.9938476597658337
2a-2b,6.56,11.314949297015573
3b-3a,-5.44,-11.498255773257824
3c-3a,5.25,7.184716411647059
3a-3d,13.03,9.951735759649637
4b-4a,0.93,-5.738785391818055
5a-5b,0.74,-3.4539109365878176
5a-5c,1.45,2.1620354306191985
6a-6b,-0.17,-4.519719026090115
6a-6c,-0.87,-2.591115508434541
6a-6d,2.85,4.1613360561987065
7b-7a,2.15,-2.7364981014195564
8b-8a,0.55,1.9369331612974747
9a-9b,0.95,3.66608230959298
10b-10a,-0.45,-6.352896027163979
