{"temperatures": [0.0, 75.0, 150.0, 300.0, 600.0], "free_energy": [69.52988567864296, 53.516910723537904, -10.080606700584852, -227.00519409716864, -853.1442153497266], "entropy": [0.0, 552.5729257994426, 1100.773303871117, 1726.4133997280596, 2375.2480403930053], "heat_capacity": [0.0, 687.0712064555166, 866.8122641947886, 926.2646091966809, 942.3554071511255]}