step,energy,fmax
0,-2.1614640780374654,0.05704412722832162
1,-2.161590741257552,0.045592963549688253
2,-2.1618114146156104,0.00010963463280745264
