step,energy,fmax
0,-9.514328156684352,0.28419791305113024
1,-9.517463886843782,0.23018123149395087
2,-9.523098437749228,0.01769993932131527
