{"temperatures": [0.0, 75.0, 150.0, 300.0, 600.0], "free_energy": [134.1815168670305, 131.8046053599643, 122.0727739365458, 80.88266043966034, -67.94900534252162], "entropy": [0.0, 77.63304019229378, 181.3451488043097, 360.60576846669176, 612.4093921048135], "heat_capacity": [0.0, 102.95986724179959, 201.17336845488413, 316.23331438240683, 400.8775106901216]}