{"temperatures": [0.0, 75.0, 150.0, 300.0, 600.0], "free_energy": [2.689838945623487, 1.52267255141829, -2.646663126834733, -15.924779979767157, -52.726479655116016], "entropy": [0.0, 38.423818327988975, 69.8130615189549, 103.54468485032726, 137.90841840801275], "heat_capacity": [0.0, 41.7773339676019, 47.65553742161951, 49.31482676965529, 49.74292133566184]}