{"temperatures": [0.0, 75.0, 150.0, 300.0, 600.0], "free_energy": [108.26875601500893, 106.85370342275695, 95.94429902199836, 39.68146055373714, -169.6672696787117], "entropy": [0.0, 66.26199734116796, 227.2623803882403, 507.12454127874076, 855.1397568958314], "heat_capacity": [0.0, 143.8101330754699, 325.0113514862313, 467.4925686755858, 525.8279488744761]}