{"temperatures": [0.0, 75.0, 150.0, 300.0, 600.0], "free_energy": [108.2690511202269, 106.85404528699628, 95.94476791610111, 39.682249951975635, -169.6657768758896], "entropy": [0.0, 66.26064700192711, 227.2604493428339, 507.122278759919, 855.1373680496348], "heat_capacity": [0.0, 143.8091259791316, 325.0106884481511, 467.49226610806625, 525.8278549135883]}