{"temperatures": [0.0, 75.0, 150.0, 300.0, 600.0], "free_energy": [17.971119282847145, 17.452953225639426, 14.589933546423179, 2.112517639510278, -40.75315689936075], "entropy": [0.0, 20.751117576995668, 55.007415618449286, 107.8683080245577, 171.65758168353378], "heat_capacity": [0.0, 35.04104329074117, 63.94440544824047, 86.38281280529196, 95.94077051606499]}