{"temperatures": [0.0, 75.0, 150.0, 300.0, 600.0], "free_energy": [18.709886682901193, 16.97749817052998, 9.840480213004092, -16.493752012712044, -97.90522489125843], "entropy": [0.0, 59.97053939088655, 127.11821823376911, 216.38469145987622, 315.84662628582714], "heat_capacity": [0.0, 76.95633389720626, 115.59447060253987, 138.6765294679095, 146.70162083931172]}