{"temperatures": [0.0, 75.0, 150.0, 300.0, 600.0], "free_energy": [40.03525869991522, 39.14609076042395, 34.241004365248806, 12.145243808801286, -66.28743278859302], "entropy": [0.0, 35.283803173888714, 95.17238491800481, 193.81972156417302, 317.4332906779657], "heat_capacity": [0.0, 59.26817343016278, 115.51282981208377, 165.0321611292693, 187.70774673769324]}