step,energy,fmax
0,-1.1568776507403995,0.1184931117226874
1,-1.1574573860542618,0.10996533173569463
2,-1.161018540496347,0.0006253298105396645
