{"temperatures": [0.0, 75.0, 150.0, 300.0, 600.0], "free_energy": [62.61083581978841, 58.54212290890941, 42.836957643427, -13.28588395001227, -185.36838053465542], "entropy": [0.0, 134.73886055532518, 275.86895242182374, 457.4059801214759, 669.4776724242756], "heat_capacity": [0.0, 166.08340564261795, 236.00522585891235, 286.51303256695195, 321.34600595796553]}