{"temperatures": [0.0, 75.0, 150.0, 300.0, 600.0], "free_energy": [109.29129107387915, 107.12253009829678, 95.77417638638374, 44.09320309609893, -143.79216609413538], "entropy": [0.0, 83.35476104763832, 219.66549289163075, 457.91361703939214, 766.5183721935825], "heat_capacity": [0.0, 132.20260527073177, 270.20951862374653, 407.3240099372954, 471.96007466461896]}