{"temperatures": [0.0, 75.0, 150.0, 300.0, 600.0], "free_energy": [114.61290130130784, 113.41979587861579, 104.1942415309011, 56.95811773711658, -121.00624115822457], "entropy": [0.0, 56.47138093121886, 191.16042150660638, 426.8035266664816, 732.1945076794058], "heat_capacity": [0.0, 122.44737065120898, 269.7691171191192, 401.5748719394307, 468.9040474405534]}