{"temperatures": [0.0, 75.0, 150.0, 300.0, 600.0], "free_energy": [114.6127553883493, 113.41969691585388, 104.19420662771374, 56.95816497535111, -121.00608075045712], "entropy": [0.0, 56.4703845037366, 191.1597106243578, 426.8030824316961, 732.1941657187534], "heat_capacity": [0.0, 122.4475504881362, 269.76960926809306, 401.57512258040026, 468.90412065200445]}