{"temperatures": [0.0, 75.0, 150.0, 300.0, 600.0], "free_energy": [12.662228881080445, 12.09584472907444, 8.635379621256664, -6.361528895880134, -55.70766693625921], "entropy": [0.0, 23.97089899865662, 67.21990456375703, 127.55591794833629, 194.28656722912208], "heat_capacity": [0.0, 44.409605901621084, 77.93002068387968, 93.43110299206602, 98.12222841892284]}