{"temperatures": [0.0, 75.0, 150.0, 300.0, 600.0], "free_energy": [12.662215742044577, 12.09582851210529, 8.635353571529464, -6.361577672473928, -55.70776281602738], "entropy": [0.0, 23.97100595978742, 67.22004888361008, 127.55607310907344, 194.286725167082], "heat_capacity": [0.0, 44.40969168224854, 77.93004892744787, 93.43111036759488, 98.12223027761901]}