{"temperatures": [0.0, 75.0, 150.0, 300.0, 600.0], "free_energy": [12.662236276103567, 12.095854814094283, 8.635394019219742, -6.36150393853508, -55.70761912666269], "entropy": [0.0, 23.9708491166753, 67.21984037265726, 127.55584393032379, 194.28648993243132], "heat_capacity": [0.0, 44.409592325095744, 77.93000011068217, 93.43109476775429, 98.12222609733209]}