{"temperatures": [0.0, 75.0, 150.0, 300.0, 600.0], "free_energy": [3.4188759602757064, 1.1785931276145556, -5.977106019179082, -27.796050604579165, -86.8543482535086], "entropy": [0.0, 68.84663848547633, 117.17043082883667, 168.11089989921118, 219.74453541559055], "heat_capacity": [0.0, 65.71539583344463, 72.37909601163199, 74.20576299329844, 74.6733830316504]}