{"a": 3.075849319176181, "c": 5.024364869309432}