{"a": 3.0758493721093396, "c": 5.0243650530091735}