{"a": 3.07584940092928, "c": 5.024364830694673}