{"a": 3.0758493540022545, "c": 5.024365343113134}