{"a": 3.075849372538356, "c": 5.024364918720968}