{"temperatures": [0.0, 75.0, 150.0, 300.0, 600.0], "free_energy": [17.234268775842537, 9.066507777441261, -16.90445987533389, -98.08260436620638, -321.67407058256447], "entropy": [0.0, 246.13267891069245, 429.93851308032595, 630.811609842476, 836.583275001828], "heat_capacity": [0.0, 241.24616259823094, 282.13092474068185, 294.81343859209437, 298.17743473921615]}