{"temperatures": [0.0, 75.0, 150.0, 300.0, 600.0], "free_energy": [6.729914592013951, 4.909714005047219, -2.1770576319855044, -25.943025733730163, -93.80564035609994], "entropy": [0.0, 62.36864329585698, 121.71074797543247, 188.1350914456184, 256.58943187492594], "heat_capacity": [0.0, 75.68771710848947, 92.65003792870283, 97.90872059728896, 99.30189018062401]}