{"temperatures": [0.0, 75.0, 150.0, 300.0, 600.0], "free_energy": [41.649463029729105, 33.60287722403006, 9.289132360481645, -70.46634813325406, -302.40705291515496], "entropy": [0.0, 229.25415845076904, 408.12980786089366, 635.0433045590205, 884.608311915482], "heat_capacity": [0.0, 216.03403867464775, 298.30975843489443, 349.2947781921805, 367.21872074455274]}