{"temperatures": [0.0, 75.0, 150.0, 300.0, 600.0], "free_energy": [45.033489761925296, 42.706433332097674, 33.252823293714584, -2.5541589780181724, -118.18902508192639], "entropy": [0.0, 79.3084223086981, 169.2502619941726, 299.28561726184205, 456.44996743169094], "heat_capacity": [0.0, 100.87554556851762, 159.66562552949154, 211.9022294661036, 237.31795107248757]}