{"temperatures": [0.0, 75.0, 150.0, 300.0, 600.0], "free_energy": [18.141769119802706, 14.00093827330215, 0.13357061401297088, -45.32370451508481, -175.78098580653315], "entropy": [0.0, 128.31288284056086, 233.83647738104264, 360.0630243890858, 494.9218469458355], "heat_capacity": [0.0, 131.76381641864046, 170.42071834211762, 190.59536776352525, 197.17359620849624]}