{"temperatures": [0.0, 75.0, 150.0, 300.0, 600.0], "free_energy": [18.141556699217617, 14.00042969038838, 0.13260372990611913, -45.3256150725275, -175.78479588068853], "entropy": [0.0, 128.31875014322353, 233.84271068451343, 360.06934323885224, 494.92818496113966], "heat_capacity": [0.0, 131.76475998635763, 170.42095828379777, 190.59542050446967, 197.17360854005602]}