{"temperatures": [0.0, 75.0, 150.0, 300.0, 600.0], "free_energy": [18.14160104189502, 14.000694053202663, 0.13317387676739045, -45.3244452219259, -175.78243954115197], "entropy": [0.0, 128.31464912572386, 233.8386695633492, 360.0653716643308, 494.924238756003], "heat_capacity": [0.0, 131.76471188040298, 170.42109177877268, 190.59548291497, 197.17362684219293]}