{"temperatures": [0.0, 75.0, 150.0, 300.0, 600.0], "free_energy": [143.18841151263624, 141.0176607108099, 129.2925635407612, 73.78503397088686, -133.5309288471021], "entropy": [0.0, 82.77919257573575, 231.1434057327445, 497.5339976058446, 853.6452360003577], "heat_capacity": [0.0, 139.67167287659925, 297.50414926495483, 462.8706115751272, 550.7561906181585]}