{"temperatures": [0.0, 75.0, 150.0, 300.0, 600.0], "free_energy": [72.75877054020812, 62.89498723927183, 31.439349589366195, -72.58034826809337, -378.85735678427517], "entropy": [0.0, 293.452024014588, 529.9316367954433, 831.7536270388989, 1175.0146964255823], "heat_capacity": [0.0, 289.79769508362165, 391.5089605060884, 472.9170624885147, 510.998875523245]}