{"temperatures": [0.0, 75.0, 150.0, 300.0, 600.0], "free_energy": [61.816905585671044, 42.7947551025868, -27.770516500795104, -260.339538844538, -918.7686320819954], "entropy": [0.0, 632.9214462607466, 1200.857008046679, 1832.8998948249061, 2483.462245744388], "heat_capacity": [0.0, 730.0839951514466, 882.9187188077424, 930.7934372371707, 943.530919438544]}