step,energy,fmax
0,-2.0644632345844953,0.15802773380117874
1,-2.065373755186184,0.11091086414322174
2,-2.0662757337805226,0.0029915135343818477
