{"temperatures": [0.0, 75.0, 150.0, 300.0, 600.0], "free_energy": [19.707970521477364, 18.238567808700736, 11.816924195763454, -12.817438738393221, -90.68586505665773], "entropy": [0.0, 52.34596979023195, 116.43672250720475, 204.72926105487116, 303.9605909929882], "heat_capacity": [0.0, 70.9049189620882, 113.01713676355232, 138.04573425222168, 146.55267701462088]}