{"temperatures": [0.0, 75.0, 150.0, 300.0, 600.0], "free_energy": [92.0704091323829, 88.81751797272439, 75.26917462501434, 23.094014354206138, -147.64125613003634], "entropy": [0.0, 112.16817933391363, 244.5478730432357, 438.17430496919695, 678.4144761628139], "heat_capacity": [0.0, 145.40331524654792, 237.1679940534636, 317.8460201189899, 369.55486009361886]}