{"temperatures": [0.0, 75.0, 150.0, 300.0, 600.0], "free_energy": [95.7612950649135, 92.96146411521967, 76.9281877696425, 6.933389533054481, -232.4152911904057], "entropy": [0.0, 115.07711477024895, 308.9015153975157, 604.1308496354781, 956.6561329731547], "heat_capacity": [0.0, 198.8719967975452, 360.126022546579, 479.2424341829155, 528.8857077788675]}