{"temperatures": [0.0, 75.0, 150.0, 300.0, 600.0], "free_energy": [30.98664035818739, 30.047946260121897, 24.20629047012025, -2.062940693905201, -91.87835238504957], "entropy": [0.0, 40.2243171826454, 114.61014299831665, 227.32263511608875, 358.03991393725374], "heat_capacity": [0.0, 74.15168051508783, 139.45550391063173, 180.047304174199, 194.28119693244108]}