{"temperatures": [0.0, 75.0, 150.0, 300.0, 600.0], "free_energy": [558.2090667775625, 545.98936017976, 492.52395056269864, 277.71892823972166, -454.6191712349945], "entropy": [0.0, 426.3667196758085, 982.9825957488503, 1833.0825782043096, 2958.390337749398], "heat_capacity": [0.0, 598.2780509406222, 1011.4506794180662, 1440.851822256748, 1774.2301689496705]}