Polymorph,mace_omat_0_D3
Ih,-1198.2506256909512
II,-1161.1464107751476
III,-1162.1553489665234
IV,-1134.835646211423
VI,-1127.269686465258
VII,-1039.8023662116652
VIII,-1054.557533599004
IX,-1164.3086125368586
XI,-1197.2822935616546
XIII,-1158.1332570168374
XIV,-1148.0638082444354
XV,-1125.068517172112
XVII,-1189.1418057027624
