Polymorph,mace_omat_0_D3
Ih,-1198.2506187327556
II,-1161.1464234686296
III,-1162.1553405312052
IV,-1134.8356590065514
VI,-1127.2681515085524
VII,-1039.8023726932788
VIII,-1054.5575349102824
IX,-1164.3086097733767
XI,-1197.2822916774976
XIII,-1158.132165009853
XIV,-1148.0638060247354
XV,-1125.068515310458
XVII,-1189.1418076846278
