Polymorph,mace_omat_0_D3
Ih,-1198.2506235808098
II,-1161.1464173354254
III,-1162.1553440098041
IV,-1134.8375625863855
VI,-1127.2696895996362
VII,-1039.8023687361172
VIII,-1054.557533748019
IX,-1164.308606457837
XI,-1197.2822930933748
XIII,-1158.1299831287683
XIV,-1148.0612639990734
XV,-1125.0700464781928
XVII,-1189.1418086538224
