Polymorph,mace_omat_0_D3
Ih,-1198.250617896015
II,-1161.1464201544327
III,-1162.1553462415318
IV,-1134.8356555756532
VI,-1127.2696879221958
VII,-1039.8023673522
VIII,-1054.5585048205587
IX,-1164.308605814581
XI,-1197.2822915522113
XIII,-1158.1332553015002
XIV,-1148.063803648638
XV,-1125.0685051990122
XVII,-1189.141806954451
