Polymorph,mace_omat_0_D3
Ih,-1198.2499906870885
II,-1161.14580460731
III,-1162.1572828896926
IV,-1134.8366184976778
VI,-1127.2685469932426
VII,-1039.8018189117906
VIII,-1054.5585870795264
IX,-1164.310530224446
XI,-1197.2832814256708
XIII,-1158.1308500454916
XIV,-1148.0606636539007
XV,-1125.0689341146635
XVII,-1189.1437328676932
