{"temperatures": [0.0, 75.0, 150.0, 300.0, 600.0], "free_energy": [18.641545573275128, 18.13435582209641, 15.317655718630348, 3.0581420472300778, -39.18152480523544], "entropy": [0.0, 20.4497904051496, 54.05272774856527, 106.05931499998638, 169.4146360777228], "heat_capacity": [0.0, 34.53204535422756, 62.639544233856356, 85.41536149218506, 95.59565665436776]}