{"temperatures": [0.0, 75.0, 150.0, 300.0, 600.0], "free_energy": [106.28318267527399, 104.1573927693607, 92.67467835753955, 40.15269558608068, -150.26321238195297], "entropy": [0.0, 83.54474369128981, 223.03450742345817, 465.11370277743714, 775.6473421749056], "heat_capacity": [0.0, 135.3236184227114, 276.1224829151262, 411.635184481927, 473.49106235732086]}