{"temperatures": [0.0, 75.0, 150.0, 300.0, 600.0], "free_energy": [195.71514603244472, 193.0062796331046, 179.71938906384383, 124.12459954464012, -71.36860145491804], "entropy": [0.0, 101.22986786190111, 249.13919242341052, 480.38402366177394, 799.5056562843681], "heat_capacity": [0.0, 157.1176908790512, 270.8252867108893, 399.0275423719848, 513.4729653107419]}