{"temperatures": [0.0, 75.0, 150.0, 300.0, 600.0], "free_energy": [26.451512649334305, 16.796183833093, -14.969121742309973, -116.6546669248376, -401.15965791618214], "entropy": [0.0, 295.75075355870894, 531.6713060237643, 796.2930376374727, 1069.7431397996563], "heat_capacity": [0.0, 302.85686821163716, 368.2711141608366, 390.75029234971953, 396.9162682610486]}