{"temperatures": [0.0, 75.0, 150.0, 300.0, 600.0], "free_energy": [19.22879922076258, 18.73313379546348, 16.055106355738513, 4.232660981793195, -36.96884318567868], "entropy": [0.0, 19.35662535618839, 51.64715668515919, 102.82761620159673, 165.81896004560275], "heat_capacity": [0.0, 32.52233846957674, 61.026744191087744, 84.62310778323412, 95.26523779934297]}