{"temperatures": [0.0, 75.0, 150.0, 300.0, 600.0], "free_energy": [107.98358628020102, 105.79229771808274, 95.19003620031172, 51.20680092858502, -99.7724133725726], "entropy": [0.0, 82.13391130811442, 198.0423833582625, 377.71361820836233, 609.1775177781273], "heat_capacity": [0.0, 121.74737032978724, 214.48954217386196, 300.9060136363901, 361.2173734332297]}