step,energy,fmax
0,-1.1792764802005435,0.08895428710237879
1,-1.1795945132329058,0.07795520178582918
2,-1.1806702242516351,0.0007688370293470957
