{"temperatures": [0.0, 75.0, 150.0, 300.0, 600.0], "free_energy": [37.66532576824451, 36.603925354720786, 31.215190659409757, 7.895537178657985, -73.01912208648747], "entropy": [0.0, 40.31868908498529, 102.61371582667644, 202.28879896702531, 325.3751179574714], "heat_capacity": [0.0, 63.224194850103274, 118.21406786482383, 165.24998801039627, 186.19858843496957]}