{"temperatures": [0.0, 75.0, 150.0, 300.0, 600.0], "free_energy": [80.16942808919927, 79.34018200566207, 73.79048149791382, 46.79264698228241, -54.280096315608006], "entropy": [0.0, 36.48392832835808, 111.81101385107898, 242.06199687823357, 417.2443237640877], "heat_capacity": [0.0, 71.15067278643738, 148.42086550199033, 225.12013992607518, 274.11241787853834]}