{"temperatures": [0.0, 75.0, 150.0, 300.0, 600.0], "free_energy": [99.39386744040516, 96.98728917145955, 84.51171780129562, 28.57285191680468, -170.526428616826], "entropy": [0.0, 92.12507814571983, 240.5491999794941, 491.45380381974616, 806.0333262407629], "heat_capacity": [0.0, 144.87923813011938, 291.01190787114575, 420.8951715373408, 476.6322722490106]}