{"temperatures": [0.0, 75.0, 150.0, 300.0, 600.0], "free_energy": [39.61716073328761, 38.81520777718538, 34.00306716781309, 11.761402284208355, -67.67740517140015], "entropy": [0.0, 33.43965010759225, 94.73244122710938, 195.91812588637757, 321.7112631659965], "heat_capacity": [0.0, 59.65476863096725, 118.90269293840095, 168.55361084158045, 190.52919270600347]}