{"temperatures": [0.0, 75.0, 150.0, 300.0, 600.0], "free_energy": [193.6561605337794, 190.9256093485234, 177.54379532070848, 121.5596002609411, -75.07898620021066], "entropy": [0.0, 101.8327812698584, 250.97845457293627, 483.5742410513432, 803.7289684122629], "heat_capacity": [0.0, 158.54907924836826, 272.77070236019335, 400.8956606411641, 514.4680993003511]}