{"temperatures": [0.0, 75.0, 150.0, 300.0, 600.0], "free_energy": [193.65621121111505, 190.92542036998074, 177.54341545059617, 121.5588476325069, -75.08048542482729], "entropy": [0.0, 101.83543746124425, 250.9809503406366, 483.5767254523172, 803.731459949443], "heat_capacity": [0.0, 158.5486276646765, 272.7706298944904, 400.89567093554024, 514.4681062637818]}