Model,K_bulk [GPa],K_shear [GPa]
mace_mp_0a_D3,32.630401415561785,22.258056902607436
