Model,K_bulk [GPa],K_shear [GPa]
mace_mp_0a_D3,32.63017259594236,22.25762948235272
