Model,K_bulk [GPa],K_shear [GPa]
mace_mp_0a_D3,29.14567332133712,19.40968422273768
