Model,K_bulk [GPa],K_shear [GPa]
mace_mp_0a_D3,32.63055822058814,22.257782448539604
