{"temperatures": [0.0, 75.0, 150.0, 300.0, 600.0], "free_energy": [569.7413318490469, 565.2933495628653, 538.1875937854893, 405.17149555781765, -104.02794302304687], "entropy": [0.0, 181.75965356467708, 545.3878596025959, 1201.7091092802582, 2124.3133425869755], "heat_capacity": [0.0, 334.1323184568251, 731.5973182316766, 1155.644100893796, 1479.4913990720881]}