{"temperatures": [0.0, 75.0, 150.0, 300.0, 600.0], "free_energy": [19.720115300575735, 18.892631310878784, 14.828556642242788, -1.9182957923342272, -57.48187009894436], "entropy": [0.0, 30.969911557515424, 76.14240859880005, 142.35609329719045, 220.25318088504886], "heat_capacity": [0.0, 48.02378079435603, 81.96949916976116, 106.45359515340056, 116.45525966011297]}