step,energy,fmax
0,-8.959047867621011,0.05197184638287427
1,-8.959159544152609,0.04773861592337735
2,-8.95975121267749,0.000820771078593969
