{"temperatures": [0.0, 75.0, 150.0, 300.0, 600.0], "free_energy": [24.484048574317203, 13.847770883860449, -19.845983301202704, -125.83591446270705, -419.2152348755703], "entropy": [0.0, 318.3043257466598, 559.243869966834, 825.5739775323494, 1099.4718698279135], "heat_capacity": [0.0, 313.30175080328985, 372.539677245146, 391.9539891396065, 397.1998601480242]}