{"temperatures": [0.0, 75.0, 150.0, 300.0, 600.0], "free_energy": [309.13042302822856, 300.3859625946131, 261.81843019813857, 107.83395424097495, -411.5847274668051], "entropy": [0.0, 309.62205863442813, 706.962150794488, 1310.4060813657968, 2084.8740758326867], "heat_capacity": [0.0, 429.7001368698927, 721.9844743099296, 1011.8433991634847, 1198.8969822574365]}