{"temperatures": [0.0, 75.0, 150.0, 300.0, 600.0], "free_energy": [500.5953678222443, 493.45812164545646, 454.5067901050821, 264.5975361720459, -455.1042633470168], "entropy": [0.0, 270.99527450957015, 777.0344254199039, 1716.2042813106848, 2972.043513715461], "heat_capacity": [0.0, 459.27514996537036, 1039.2207760330693, 1635.1545151413684, 1939.3125455696766]}