{"temperatures": [0.0, 75.0, 150.0, 300.0, 600.0], "free_energy": [50.120497991143914, 48.990931838725054, 42.60426921794782, 14.015124181205707, -86.48472970857725], "entropy": [0.0, 45.57665356276214, 123.9833929809282, 249.62385889014217, 405.65510807037384], "heat_capacity": [0.0, 78.04135532084318, 149.21101184503843, 208.62741353209077, 236.84877514653544]}