{"temperatures": [0.0, 75.0, 150.0, 300.0, 600.0], "free_energy": [529.0304826830571, 522.6089522229631, 488.9512745424196, 336.9669560171807, -217.90617793580486], "entropy": [0.0, 243.31916245111006, 652.360896113001, 1341.496952501624, 2284.7516762360524], "heat_capacity": [0.0, 399.9749239048316, 790.0861928513651, 1193.4415084058828, 1500.7658718031078]}