{"temperatures": [0.0, 75.0, 150.0, 300.0, 600.0], "free_energy": [113.58437939923891, 111.6343401486289, 101.73294908926411, 59.78014766095623, -86.14443906134832], "entropy": [0.0, 75.19997882005563, 186.7248452817477, 362.5667171778842, 591.1477700993655], "heat_capacity": [0.0, 115.9957881057491, 208.19639006418782, 296.0467200149016, 358.00634815272747]}