{"temperatures": [0.0, 75.0, 150.0, 300.0, 600.0], "free_energy": [3.543700458625886, 1.3356560186553348, -5.716931392753383, -27.303921892203725, -85.88436754280966], "entropy": [0.0, 67.67836915921792, 115.68445406399171, 166.53377300806272, 218.1438015162859], "heat_capacity": [0.0, 64.95801340774109, 72.14283173372863, 74.14325772219871, 74.6575327173713]}