{"temperatures": [0.0, 75.0, 150.0, 300.0, 600.0], "free_energy": [40.0863015177922, 31.795688854696373, 2.1649421074276276, -97.36950166111023, -385.8020457656049], "entropy": [0.0, 266.65237210949016, 506.47197213826576, 792.6592682838004, 1096.845120731764], "heat_capacity": [0.0, 296.50393966445444, 387.83057542592536, 430.7161011802715, 444.17776782220466]}