{"temperatures": [0.0, 75.0, 150.0, 300.0, 600.0], "free_energy": [2.6770122135127705, 1.495814252966462, -2.696746275700991, -16.023078866281445, -52.92213700342921], "entropy": [0.0, 38.718699296329355, 70.13044415080911, 103.86817418244627, 138.2334675571088], "heat_capacity": [0.0, 41.833588479694555, 47.67154589851857, 49.318968260774135, 49.743965741020396]}