{"temperatures": [0.0, 75.0, 150.0, 300.0, 600.0], "free_energy": [2.677014522509162, 1.4958254249983747, -2.696723708229464, -16.02303359396825, -52.922046386559984], "entropy": [0.0, 38.71854702610354, 70.13029252924927, 103.86802295688422, 138.23331644791227], "heat_capacity": [0.0, 41.83358852262186, 47.67154681256236, 49.318968561499375, 49.743965821014136]}