{"temperatures": [0.0, 75.0, 150.0, 300.0, 600.0], "free_energy": [43.79350675033011, 36.9592514218127, 14.777270679831535, -60.27269379026917, -282.5255910161578], "entropy": [0.0, 203.62215793591255, 377.9466096148119, 603.0442907703836, 852.1953490592816], "heat_capacity": [0.0, 207.28980913933, 293.95631938483075, 348.01784361572015, 367.0785076082137]}