{"temperatures": [0.0, 75.0, 150.0, 300.0, 600.0], "free_energy": [21.764191823728524, 9.429382655475804, -27.584911506805945, -140.71975989738525, -448.66491020844666], "entropy": [0.0, 358.6631235906147, 605.6733541772029, 873.8207227726625, 1148.173215076297], "heat_capacity": [0.0, 327.3310200306172, 377.2189939393359, 393.1938155879718, 397.4798361765669]}