{"temperatures": [0.0, 75.0, 150.0, 300.0, 600.0], "free_energy": [18.465954940836962, 15.027235929398605, 2.348717608062284, -40.74286285418364, -166.52927991213375], "entropy": [0.0, 112.94601965285925, 217.90991095084362, 344.4082956153717, 479.3984733254725], "heat_capacity": [0.0, 128.9753268397294, 170.73390178611356, 190.9040889191121, 197.2721652110437]}