{"temperatures": [0.0, 75.0, 150.0, 300.0, 600.0], "free_energy": [24.770628324914505, 24.25415794080515, 21.32233003026768, 7.901305287711743, -40.02033829159975], "entropy": [0.0, 20.780559595294736, 57.349395213319745, 118.12296817765136, 194.19440829070606], "heat_capacity": [0.0, 35.503578143182125, 71.15286590776734, 101.58980934909685, 115.51682926596196]}