{"temperatures": [0.0, 75.0, 150.0, 300.0, 600.0], "free_energy": [103.52934542317809, 101.15642966990278, 86.81415964442995, 21.97026588599067, -205.16111525760653], "entropy": [0.0, 99.9489727755779, 280.4900703106651, 566.009158781141, 914.5107546525544], "heat_capacity": [0.0, 180.5123435627739, 341.99753714423207, 469.8259363432406, 525.820603895112]}