{"temperatures": [0.0, 75.0, 150.0, 300.0, 600.0], "free_energy": [0.12125128955822359, -3.1427952062468982, -8.518820944912894, -21.50041619584868, -51.92453709790571], "entropy": [0.0, 63.403122559612655, 78.25856240288675, 93.12628208736483, 107.99707436307231], "heat_capacity": [0.0, 21.4118485055209, 21.444572316722095, 21.452764489242725, 21.4548132344768]}