{"temperatures": [0.0, 75.0, 150.0, 300.0, 600.0], "free_energy": [48.03237960234366, 41.55306777346051, 16.225362986107303, -72.8120758082938, -338.65906509975065], "entropy": [0.0, 219.1658173015851, 442.1753845390642, 719.368063544658, 1020.5158957104452], "heat_capacity": [0.0, 268.3482506952724, 368.70774288105935, 423.1553298627051, 442.00702488635125]}