{"temperatures": [0.0, 75.0, 150.0, 300.0, 600.0], "free_energy": [12.71808520393468, 12.158351926839256, 8.714371861783341, -6.233533360661417, -55.46799380367558], "entropy": [0.0, 23.820285298843846, 66.94313442686632, 127.20049799879088, 193.90557435539836], "heat_capacity": [0.0, 44.26925554788258, 77.76146854070721, 93.36659282816947, 98.1042190712441]}