{"temperatures": [0.0, 75.0, 150.0, 300.0, 600.0], "free_energy": [12.718070442622944, 12.158337763597482, 8.714356184034042, -6.233556332056148, -55.46803512928463], "entropy": [0.0, 23.820286572136016, 66.94316963607533, 127.20055447412432, 193.90563799157874], "heat_capacity": [0.0, 44.26929939515029, 77.76151305939017, 93.36661072919641, 98.10422416017403]}