{"temperatures": [0.0, 75.0, 150.0, 300.0, 600.0], "free_energy": [12.7180909759093, 12.158353011873153, 8.714366597140845, -6.233549004112961, -55.46802792404083], "entropy": [0.0, 23.820376886910168, 66.94321154169279, 127.20056246377412, 193.90563444119414], "heat_capacity": [0.0, 44.26925153459878, 77.76144307239775, 93.36658192328467, 98.10421594907748]}