Model,K_bulk [GPa],K_shear [GPa]
mace_mp_0a_D3,48.03163599941408,13.867129058950134
