{"temperatures": [0.0, 75.0, 150.0, 300.0, 600.0], "free_energy": [49.996617151430236, 48.24150501253609, 40.1677669719713, 7.956701083855215, -99.56859133745311], "entropy": [0.0, 64.42949018241478, 148.13109652117052, 273.4534840842798, 428.8534297661597], "heat_capacity": [0.0, 91.6064194296481, 151.19304062936695, 207.26537883174043, 236.45838549474126]}