{"temperatures": [0.0, 75.0, 150.0, 300.0, 600.0], "free_energy": [17.81266559220051, 13.924338424561816, 0.38091934947238215, -44.55268874362568, -174.0846044505347], "entropy": [0.0, 123.56020668125984, 229.92752961710602, 356.8233169100915, 491.9188134874892], "heat_capacity": [0.0, 132.41145311468426, 171.75642528034527, 191.18083944527865, 197.34348431215997]}