{"temperatures": [0.0, 75.0, 150.0, 300.0, 600.0], "free_energy": [17.812555288418224, 13.92418220149605, 0.3806537598210902, -44.55319635880763, -174.08560800254168], "entropy": [0.0, 123.56147349635948, 229.9290899300986, 356.82495692698143, 491.92047313354374], "heat_capacity": [0.0, 132.412152954684, 171.7566376895044, 191.18089211345773, 197.34349730384415]}