{"temperatures": [0.0, 75.0, 150.0, 300.0, 600.0], "free_energy": [17.81262876162387, 13.924457884224886, 0.3811887548650823, -44.552134792582784, -174.08348905038733], "entropy": [0.0, 123.55807711781864, 229.92559825094781, 356.82143700277936, 491.91694617689905], "heat_capacity": [0.0, 132.41194023387948, 171.75656356900078, 191.18087324911295, 197.34349265172284]}