{"temperatures": [0.0, 75.0, 150.0, 300.0, 600.0], "free_energy": [12.718101337490845, 12.158377916906382, 8.714417828873604, -6.233444521446534, -55.46781768949621], "entropy": [0.0, 23.820043308010607, 66.94285529619154, 127.20020880248207, 193.90528257452846], "heat_capacity": [0.0, 44.26916418310634, 77.76144213187514, 93.36658598376489, 98.10421733511707]}