{"temperatures": [0.0, 75.0, 150.0, 300.0, 600.0], "free_energy": [302.6543352575987, 293.46403996827723, 253.8782530458813, 97.28897999198529, -428.46980322381063], "entropy": [0.0, 320.98801486495785, 722.1520894341601, 1329.6158945396046, 2107.153356702245], "heat_capacity": [0.0, 436.0868732351567, 727.1053983905317, 1017.8588112738995, 1201.389126440858]}