Polymorph,mace_mp_0b3_D3
Ih,-946.4411807975797
II,-915.2777372333229
III,-916.9173599582834
IV,-884.807999493571
VI,-887.2558131297818
VII,-826.6943071547938
VIII,-839.524970612402
IX,-920.8075789440802
XI,-951.1294161595014
XIII,-907.7981078079827
XIV,-895.8194918131337
XV,-884.6578909888408
XVII,-931.3661817375607
