{"temperatures": [0.0, 75.0, 150.0, 300.0, 600.0], "free_energy": [450.9073207637061, 441.0688995463106, 397.0829676494264, 214.82436287976157, -414.523395343274], "entropy": [0.0, 343.10521280255875, 819.9586526267042, 1568.0252723278409, 2545.7568933844864], "heat_capacity": [0.0, 496.2671239823761, 885.0341898774966, 1264.3163656750328, 1528.7975872836375]}