{"temperatures": [0.0, 75.0, 150.0, 300.0, 600.0], "free_energy": [190.6927412854919, 187.96292680392915, 174.25664265340464, 117.25289878866855, -81.76985161375652], "entropy": [0.0, 104.37194867916953, 256.57284677467374, 491.1328400559092, 811.7692750569117], "heat_capacity": [0.0, 163.6346420838636, 276.4488276010138, 402.7035374779725, 514.19740586144]}