{"temperatures": [0.0, 75.0, 150.0, 300.0, 600.0], "free_energy": [70.83402134752649, 60.69656987443199, 28.420661600450067, -78.29868493263908, -391.90319735486446], "entropy": [0.0, 301.0539441605355, 543.8691833539141, 852.8452282243799, 1201.8790754131576], "heat_capacity": [0.0, 297.01639149619825, 402.06759378342565, 482.35714169469566, 518.4195091315567]}