{"temperatures": [0.0, 75.0, 150.0, 300.0, 600.0], "free_energy": [114.612778249579, 113.41968174856665, 104.19412885740101, 56.95797513779257, -121.00647772749313], "entropy": [0.0, 56.47122357909199, 191.16051285344628, 426.80379413188325, 732.1948457037108], "heat_capacity": [0.0, 122.44767794214998, 269.7694541263754, 401.57503889281406, 468.9041005060272]}