{"temperatures": [0.0, 75.0, 150.0, 300.0, 600.0], "free_energy": [2.689850331288332, 1.5226956828780924, -2.646620257917307, -15.924695989840258, -52.726312555948816], "entropy": [0.0, 38.42356887304056, 69.8127911686964, 103.54440879201557, 137.9081408894585], "heat_capacity": [0.0, 41.77728202854736, 47.65552247722428, 49.31482289372746, 49.74292035763255]}