{"temperatures": [0.0, 75.0, 150.0, 300.0, 600.0], "free_energy": [2.6898508549783346, 1.5226860142925691, -2.6466418206699136, -15.924740326470697, -52.726401848169395], "entropy": [0.0, 38.42373477625112, 69.81294549939406, 103.54455931960383, 137.90829040059978], "heat_capacity": [0.0, 41.77725791947606, 47.65551287643369, 49.31482021922628, 49.74291967093063]}