{"temperatures": [0.0, 75.0, 150.0, 300.0, 600.0], "free_energy": [106.27546383053497, 103.93726970373348, 89.80361522847872, 25.871923736505437, -198.6693720118579], "entropy": [0.0, 98.49861272526783, 276.3729709260576, 558.5058196884149, 905.2363302740303], "heat_capacity": [0.0, 177.97039164335592, 336.9056114379229, 465.91961046871035, 524.3945525682716]}