{"temperatures": [0.0, 75.0, 150.0, 300.0, 600.0], "free_energy": [75.09930563130015, 65.26824873970021, 33.92709147726367, -69.88146485573336, -376.3165469492359], "entropy": [0.0, 292.4027084378072, 528.1707409539621, 830.9286871108817, 1176.7858706360046], "heat_capacity": [0.0, 288.32421801744783, 391.40063586319854, 475.6887766549383, 515.4563197594373]}