mp_id,formula,K_vrh_DFT,G_vrh_DFT,K_vrh_mace_omat_0,G_vrh_mace_omat_0
mp-1120447,Si,67.85,28.045,79.18404099524956,40.54599764183425
mp-644693,Si,49.084,20.284,82.70048162617998,47.048088828587744
mp-1008395,C,401.484,421.283,551.0443870233169,440.64746478744235
mp-1010136,Cu,137.832,92.026,153.1525921598787,-172.18726154992137
mp-1095534,C,149.065,64.776,205.272130261775,115.12591281746214
mp-140,Ga,49.645,8.836,51.96708576358677,7.936302142395308
mp-166,Ca,16.881,3.229,19.050562530302894,8.056083791916002
mp-55,Sn,46.694,5.892,53.5615961446367,108.41938467849776
mp-62,Pa,96.151,11.45,104.6694366218841,-226.07538933891416
mp-999200,Si,81.337,46.823,100.08080413718504,66.53143571906266
mp-1064933,S,10.987,3.458,41.46407029411991,1.96400007850871
mp-23157,Bi,43.62,11.548,57.00078098782159,15.046504321058377
mp-570459,Te,42.656,20.96,56.51333393187718,9.244908458028052
mp-542461,Se,1.09,0.5650000000000001,43.200628001255474,18.034092233039253
mp-557559,S,0.876,0.398,37.098796825507335,16.379832754212938
mp-42,Ta,195.555,60.284,216.2314813724181,68.37754388002345
mp-128,Ge,55.811,40.309,76.69083698728879,50.66791830039611
mp-147,Se,4.152,4.031,35.87860219997884,14.78567056723699
mp-571520,Si,79.59,60.71,104.01784041052814,72.98921571490459
mp-7,S,1.874,1.075,33.19732157958296,14.756657218838818
mp-567308,Sc,45.528,30.675,57.83765890432724,25.89668583933247
mp-78,Ge,69.319,39.008,87.09489797465419,38.53872361168
mp-84,Sn,47.261,25.121,55.71776584804567,21.92761680862271
mp-92,Si,107.613,62.896,124.05301219609048,65.94756857196008
mp-14,Se,4.123,10.032,37.30595008634124,10.547271598863007
mp-19,Te,19.355,14.952,57.41662456306419,9.198351945601486
mp-1014111,Ni,15.039,9.808,58.406680433657385,22.696543286186092
mp-555760,S,6.378,4.006,34.52817316484559,16.030126213235803
mp-567313,Te,19.198,15.001,57.41242612860823,9.197934285345609
mp-1018122,Tm,43.971,28.525,44.93730207958092,28.975048316040706
mp-1018134,Li,13.804,4.151,14.33563438869635,6.966764221910328
mp-104,Sb,32.445,20.273,54.53386130424929,26.58622875125057
mp-10658,Dy,41.039,27.353,44.1031375488306,25.7232025649433
mp-10659,Ho,42.255,27.815,44.97456345357643,28.25448147160984
mp-11,As,31.388,20.3,70.42023435742843,39.52833414445015
mp-11698,Tb,40.128,26.556,43.96583518902719,24.716965401227434
mp-1184569,Hg,11.457,2.516,19.258324233958515,2.476604363194876
mp-130,P,49.335,39.838,77.20431705889035,59.59460831471489
mp-160,B,210.223,172.392,296.6980165859802,241.7971658008568
mp-169,C,115.697,80.084,144.97362398089294,93.95621519567597
mp-23152,Bi,27.767,8.365,46.99822214273058,20.16098092654519
mp-2516584,C,113.32,87.786,145.08610164250743,94.57056172475792
mp-2629196,Hg,7.622,3.832,7.006491703018399,1.2375541663552938
mp-569007,Ga,47.111,12.714,55.5274927251998,15.00027410637158
mp-569416,C,95.263,62.899,112.30641009694386,71.60305615126893
mp-86,Sm,36.407,23.389,40.05790911461024,21.810073987800344
mp-972364,Yb,14.69,9.767,42.78751288532647,27.20324849182692
mp-973571,Lu,44.851,28.755,44.48892027835381,32.63519549838473
mp-975065,Re,365.253,182.644,377.6331690183386,147.4440557832938
mp-1063005,Li,13.65,5.187,14.386973730236374,6.0555711093429805
mp-10861,Hg,7.842,1.6800000000000002,9.821702502010728,1.2942477820453353
mp-34,Si,106.499,56.749,118.635745039471,60.97457684166191
mp-568806,C,112.835,71.286,149.6882078941067,102.76805452943364
mp-72,Ti,112.881,62.245,129.2891550874699,52.59243611260409
mp-1007760,Ge,59.529,45.231,73.51214618080692,56.51366840700729
mp-1008634,Au,120.075,12.694,166.7564088879034,31.61970715335616
mp-10172,Na,7.777,4.588,7.552739239436036,3.5989847428362074
mp-10173,Li,14.344,7.956,14.529781179754233,7.638514098308316
mp-10257,Ni,197.345,80.204,227.5160866288529,96.85530952352076
mp-103,Hf,108.287,56.604,136.5296942290189,56.58704045580486
mp-1059256,Pr,32.605,13.525,33.27755858299624,17.70323426345384
mp-10597,Ag,90.122,33.559,107.06892739633024,35.076270592355705
mp-10649,Si,87.289,64.435,86.33912188633751,10.515697086927268
mp-112,Y,41.717,27.122,42.863076386498825,23.932685613624788
mp-113,Tc,296.007,145.8,318.4805469741188,117.62976104545284
mp-1184554,Hg,7.877,3.948,7.1575514047569735,1.2117698427143009
mp-1184755,K,3.576,1.623,2.677048725401796,1.3515761227157204
mp-1186901,Re,364.898,196.072,383.70387707567915,146.79434693522964
mp-123,Nd,33.844,21.438,36.50381576696171,20.301270979725068
mp-131,Zr,93.831,33.105,106.20994178450684,35.301844855230065
mp-132,Ca,17.349,10.874,18.28421763906059,10.896274747562916
mp-136,Fe,295.605,180.477,385.06590879141544,192.84941412689025
mp-139,Sr,11.529,7.697,10.941305257065013,9.184194686521908
mp-141,Yb,14.467,12.032,42.76731034694692,28.182005971978104
mp-143,Tm,45.516,31.32,46.19483549407732,28.60555679253083
mp-144,Ho,43.126,28.414,45.51718460694843,27.05468988216181
mp-153,Mg,36.448,24.389,40.96051747312156,22.623958552945176
mp-165,Si,88.815,61.322,109.27396783864938,82.62028550548384
mp-18,Tb,38.449,23.903,45.590092800610904,23.44690196387543
mp-20372,Ce,34.679,23.828,60.56145211216127,36.96817190305707
mp-20736,Ce,31.937,32.268,57.76707983481427,32.837888661289476
mp-20745,Pb,38.724,11.459,46.960830434614294,10.94059024900471
mp-26,La,25.86,16.922,26.54648615792793,18.912096825666353
mp-33,Ru,310.062,193.869,370.2942674551009,217.206220504704
mp-38,Pr,32.216,19.899,33.0412939204997,20.42650796405386
mp-46,Ti,112.944,48.257,135.53820775088832,54.29680145496252
mp-48,C,115.976,89.734,135.1899295279897,78.87508457614994
mp-49,Os,400.41,244.666,452.28810667101993,271.7992805923746
mp-56,Ba,8.259,4.782,7.621441827456082,6.518053116739782
mp-571249,Tb,40.022,26.483,43.05563824754811,26.138417237147628
mp-604318,K,3.566,1.596,2.6243032031931053,1.315034738340891
mp-67,Sc,54.533,32.26,61.082652369683544,37.813570104539565
mp-68,Sm,35.412,19.245,40.343598940044224,19.70799465880203
mp-69,Sm,36.692,24.026,39.60371817632946,22.967530624251033
mp-8,Re,365.046,168.04,367.7886890303854,155.82660470315886
mp-82,Tl,26.378,11.153,27.92387176914612,5.719365277324923
mp-8566,Ag,88.449,32.087,104.64035056868258,34.232025720357484
mp-862690,Ac,24.648,17.221,24.492261098912913,21.097291012555484
mp-867200,Pm,35.282,22.869,36.13494845785714,21.112879270577317
mp-867202,Sr,11.444,6.8870000000000005,11.008464102912376,8.956957597633068
mp-867351,Tc,299.67,149.971,309.22549358765093,102.56634862884984
mp-87,Be,120.019,133.872,134.0736200396731,138.22035468727688
mp-88,Dy,40.246,26.543,45.51067870317016,24.57919618757854
mp-94,Cd,41.91,13.413,44.28948022619125,9.002197291039908
mp-973364,Mg,35.997,24.167,40.474953765642866,21.669599641584643
mp-973986,Ho,42.273,28.439,44.457536507114305,28.790207406900496
mp-976411,Li,13.866,6.849,14.29549872013422,7.271128226990241
mp-982370,Na,7.773,3.678,7.554462260772132,3.624108454737084
mp-989695,Cu,132.163,65.761,158.07948289634027,57.27449929663212
mp-99,Er,44.76,31.02,44.826928261401754,27.94454359403622
mp-118,P,0.973,0.503,50.54470100118503,30.482655273056025
mp-168,Si,86.24,62.471,104.66111452564463,75.54000216489753
mp-542909,Mn,248.693,81.197,203.59519955565435,92.00546662862588
mp-971661,Si,79.715,47.329,89.22241877874973,68.11333976724269
mp-569423,Ga,62.324,38.547,55.530628422554784,10.5261867485165
mp-11334,W,298.22,134.395,328.7081903253986,104.66888907019629
mp-17,Cr,252.155,116.144,289.6980905327173,74.04826016857201
mp-971662,Si,75.91,45.957,78.76545292752229,65.88700143441717
mp-10,As,79.731,32.38,92.67801031287188,38.47571874747693
mp-10654,Te,50.533,5.86,62.62615194782424,12.004873758784958
mp-133,Sb,56.475,22.101,64.46041111333527,25.90524935727265
mp-567597,Bi,46.757,16.698,58.213848369259445,17.207750387254208
mp-7755,Se,70.526,4.975,81.70947062754084,16.649918239383467
mp-998866,C,355.313,470.461,531.5103060335532,557.6200671036496
mp-105,Te,34.252,11.377,58.557311699996774,10.369336776481129
mp-117,Sn,35.858,22.399,34.28813116616386,20.432711944279102
mp-149,Si,88.916,62.445,98.97113915619076,63.607529066876914
mp-16220,Si,61.244,37.17,75.57831561595346,46.42436198461506
mp-32,Ge,57.916,45.07,66.83453078041825,42.860723007634355
mp-10018,Ac,23.574,13.226,22.75258875222458,19.070997798808992
mp-1008669,U,110.797,58.014,91.1341770807024,-0.6410521565004761
mp-101,Ir,345.128,208.901,448.2446116994094,237.31882183402297
mp-10157,K,3.578,1.235,2.6716695570492583,1.1507101891586746
mp-102,Co,200.587,120.256,217.5626247990372,93.51753104816052
mp-1022725,Sn,46.107,15.269,57.16529649428068,5.167963230992812
mp-10740,Pa,94.772,50.133,117.98390409088812,30.922646300576968
mp-10750,Dy,41.225,26.058,39.641583676694665,25.242020186965892
mp-10752,Er,42.186,26.865,40.474760815582336,27.124363782797055
mp-114,Pu,34.9,17.687,80.36842585842338,28.823499921386304
mp-12093,Ge,63.414,27.414,76.0758880364183,3.0454455468503574
mp-124,Ag,87.692,13.21,98.5709210678916,26.60855429102669
mp-126,Pt,248.014,49.52,295.63084301260284,54.76170709545451
mp-156,La,20.188,14.36,24.9694271103035,19.440184558589458
mp-159,Nd,31.862,18.911,33.91957065807635,19.63630288742713
mp-162,Yb,14.766,8.32,41.8457967061575,21.573038710862757
mp-2,Pd,166.982,48.469,183.23793736568405,45.81904975387759
mp-20483,Pb,39.516,11.204,44.11222781065351,9.761657352842692
mp-21377,Sm,36.46,22.798,36.0989506000795,22.519781911784698
mp-23,Ni,173.808,91.592,222.50492533955688,86.43628126385818
mp-28,Ce,39.338,33.95,63.83422760859405,37.532183518127795
mp-30,Cu,151.394,49.843,152.6387760124313,48.53166559375886
mp-36,Sc,50.651,22.413,56.00386706515925,27.436165077812884
mp-37,Th,55.005,39.908,74.14251703737834,32.23149562096593
mp-45,Ca,17.224,7.495,18.450748631633697,8.382807747539559
mp-51,Li,13.874,3.618,14.39329684066245,4.127227354034151
mp-6985,Ti,108.54,37.093,134.67861286720287,32.64620092620177
mp-6986,Ta,191.164,219.943,188.5023590956014,6.581107681598196
mp-7163,Tb,40.344,25.572,40.065645587577094,25.038234190084488
mp-74,Rh,252.9,150.16,310.1006089640032,162.39827082246865
mp-753304,Hg,6.758,3.256,7.158792227610174,0.8229500368751654
mp-76,Sr,10.978,5.411,11.017657315044165,6.682690505178355
mp-85,In,35.245,11.555,33.02907096338001,6.013364000166927
mp-8634,Mn,280.959,120.902,208.78962588693096,59.507941210926234
mp-8635,Zr,89.974,29.84,103.62056878128168,24.270781417649655
mp-8638,Tc,298.021,140.215,300.4068673262626,87.11022183000438
mp-8639,Ru,303.897,198.805,350.7302967078715,226.8566980081574
mp-8640,Hf,102.549,45.446,153.7150176636449,42.49836222772416
mp-8642,Re,363.048,195.364,370.1446995662419,128.29264815675234
mp-8643,Os,394.005,247.391,431.1614336109391,295.1980174942884
mp-9,Y,39.59,23.2,37.465570955524335,23.694436434721887
mp-97,Pr,32.21,16.891,32.18225317628628,21.07869535841329
mp-974558,Na,7.76,2.856,7.582662588772565,2.779029563800566
mp-1017981,Hg,24.448,2.877,11.492158776884844,1.1675386100299443
mp-10641,Sc,53.18,10.981,52.18694021073918,14.249528860541728
mp-110,Mg,36.66,9.504,38.12967660670137,12.96097508595732
mp-122,Ba,8.934,5.667,8.916422881242228,3.4881654735109824
mp-127,Na,7.808,2.099,7.353078621450327,2.6529419525068767
mp-129,Mo,262.529,117.048,284.6936729299631,100.54373634384464
mp-13,Fe,207.093,67.563,226.2732251687684,105.30305415816792
mp-135,Li,13.87,3.745,15.039225534346668,6.751251832194992
mp-146,V,181.232,40.746,213.05290375552812,2.269365579833717
mp-20,Be,125.076,111.454,122.69926088896652,107.35600139924078
mp-22692,Pb,37.674,17.212,44.00984980488699,4.707572566875948
mp-39,Tl,27.941,3.464,28.081889100949283,4.477671330909684
mp-4,Nd,30.908,11.48,27.35699920176336,-36.435960446561
mp-41,Zr,88.4,1.932,88.2804617675159,-32.74489685369977
mp-50,Ta,194.527,64.83,203.31870803133384,39.62165390112427
mp-568610,Bi,52.755,16.667,60.634332243065614,1.7048732678293042
mp-570002,C,311.258,219.493,442.7117156815808,349.12317079276846
mp-70,Rb,2.79,0.8200000000000001,3.8960246307284856,0.3496644257061755
mp-71,Yb,15.868,10.038,37.943021751714035,16.99243542583706
mp-7162,Sn,46.763,11.057,54.69278487157742,2.049757862140773
mp-75,Nb,172.05,25.854,188.640034502371,38.19459866020813
mp-90,Cr,233.652,76.972,276.525648594252,91.06994299122184
mp-91,W,302.264,148.152,347.19493301681376,134.63557528335494
mp-95,Sr,12.611,7.209,12.752180534461228,5.551609756063169
mp-998860,Al,70.361,48.263,67.88836495440557,-19.36597997102774
mp-998883,Ge,61.324,19.966,80.48038431969019,-7.528220121636931
mp-998890,Cu,139.175,19.372,152.79390500096298,28.870700512310066
mp-11534,Np,166.958,112.037,243.82279558337396,89.10825810197456
mp-10021,Ga,55.429,46.698,56.85104360240898,11.76878327178132
mp-1009757,Se,21.351,4.74,40.53429281137284,17.91660570704633
mp-2351841,Si,82.314,205.333,98.6116503702816,25.82375885867164
mp-44,U,147.81,113.597,189.47038585614212,83.8534386004772
mp-567540,Ga,49.491,2.943,57.1749044380147,16.523049585980086
mp-64,Ce,44.169,32.576,56.7679529888859,33.8993534591913
mp-1079020,Ge,61.934,17.699,71.7782811746863,13.287338240100006
mp-142,Ga,50.024,30.01,56.82294564697115,26.650230846916383
mp-1546032,Hg,6.181,3.265,6.044742137334146,1.1847278741606009
mp-157,P,20.688,12.609,83.04336930902268,59.01360587670106
mp-23153,I,4.837,3.174,14.203767636545216,7.547239447056978
mp-23154,Br,4.11,2.895,13.74995193787073,6.862266844594451
mp-1008374,C,311.565,215.557,347.64317374273014,273.79278262327205
mp-9924,Te,19.866,13.84,43.96095409809139,12.464607684281711
mp-568286,C,118.035,88.909,128.71176871677542,89.00659957778612
mp-109,Si,96.905,70.562,117.54713831366308,60.28670242253342
mp-937760,C,118.816,91.861,129.53149204976998,89.53726887672308
mp-1077723,Zr,88.774,28.123,105.23556247559108,34.987404649113444
mp-137,Ge,53.667,42.715,77.48947368004069,47.47084118452419
mp-20466,Sn7Ir5,135.271,57.92,161.6049495039268,72.57819398526534
mp-7591,GeAs,68.076,36.685,83.37324028468964,36.98859897930312
mp-2637304,Al2O3,89.312,49.715,143.47427494948047,91.968405480007
mp-567345,NbRh,217.831,60.562,240.33421795207437,74.98674736753263
mp-569073,LiSn,34.696,19.881,39.75505905254562,19.69489321768286
mp-1019086,CN2,84.186,92.215,159.15748845474428,165.5184446954693
mp-20683,Cu3Se2,73.545,16.086,89.37791649047037,35.95129841317715
mp-239,BaS3,33.079,19.508,55.12280667276981,27.56590142895732
mp-1936,TaAs,175.774,92.363,208.07802510280712,131.80087873071483
mp-2059,NbAs,161.259,85.622,193.4313563733392,121.38567751717376
mp-28978,Ba2S3,33.026,13.188,50.71793159311676,26.86888894908955
mp-9339,NbP,185.947,104.288,220.77681447496843,137.27421266944452
mp-28056,P2Rh3,209.142,60.797,245.8477382932823,77.24532143301522
mp-570922,MgCl2,5.603,3.946,31.867440754726285,11.04943337763639
mp-632311,Ta2H,202.519,64.761,241.79659121174353,90.37836412388418
mp-23195,Bi2O3,20.242,25.082,116.2822534852575,56.90128850140484
mp-27519,SeO3,5.11,3.287,91.52869412425773,56.978363861327814
mp-20191,Si3Ru2,200.155,115.548,243.64739264457612,133.84336586781276
mp-680677,Sn3Ru2,125.829,58.454,156.97326598869765,75.11505191376799
mp-1048,TiNi,146.751,40.28,168.94219719593195,49.77327341229516
mp-10636,SrSb2,29.551,13.043,45.929846568734725,25.18313406301752
mp-12700,NbPt3,249.254,101.745,300.1027964912709,120.20444328259596
mp-1399,AlAu,92.438,26.205,120.66676419603296,43.79958613698262
mp-15622,HfSe3,14.39,10.616,88.82773650428389,47.13236163742744
mp-1627,Mo2S3,98.313,62.627,181.14503597376856,107.57738113549765
mp-1683,ZrSe3,15.158,11.664,86.22938534026615,45.42204771268706
mp-2025704,Ag2S,9.903,6.9190000000000005,49.19545929883659,22.546957962448356
mp-2089,ZrTe3,19.908,10.753,66.43865166398133,34.29874025306704
mp-2234,Er2S3,69.36,33.204,86.78808687906256,48.32184420024365
mp-2330,Nb2Se3,68.479,42.182,131.64737194129037,72.13936271530534
mp-2475638,LiBe,34.988,27.752,54.45850489822871,28.006173567458635
mp-29652,TaSe3,19.248,13.686,102.74082941399726,51.46370486595315
mp-29661,Si5Pt6,180.761,70.297,213.95678552040067,89.5584018083756
mp-30768,Li7Sn3,30.336,23.766,33.8142987105957,19.056403346699017
mp-368,P2O3,2.982,0.877,103.20146390276813,56.76971160708336
mp-541289,Y2S3,65.707,30.591,81.90393626681605,44.90985589754228
mp-568792,Si5Rh4,181.55,90.151,215.70276383502772,109.03770734923424
mp-571279,ZrI2,10.245,7.71,54.097839221034846,34.06466908183103
mp-624668,BaSb2,28.581,15.19,39.658942898110126,22.148108216669847
mp-684679,Sb6O13,119.442,70.699,161.645183442369,99.03606601191402
mp-7459,Te2Mo,18.341,10.737,95.7337749312444,54.73405560371506
mp-7493,CaSb2,34.216,17.996,51.4532147665671,26.00012057718814
mp-775907,Y2O3,128.193,63.43,162.72488775611782,90.61157385334847
mp-776456,Ti2O3,206.646,108.773,241.91370481331313,114.29258537132692
mp-9850,DyP5,66.326,42.871,91.27991126216104,56.601964938400585
mp-9853,LuP5,68.608,46.754,93.16620816881309,58.89899262435856
mp-9920,TiS3,14.85,8.458,96.7316588368538,53.852421930359
mp-9921,ZrS3,18.634,11.217,98.66955040347251,53.23794321046924
mp-9922,HfS3,16.695,12.408,101.75740607406377,55.18877138006841
mp-9983,Ta2Se3,70.995,45.809,141.82484441884105,75.52047741804184
mp-1009818,CN2,397.571,291.21,451.6956203721155,354.5103768281835
mp-2362466,GaAs,65.249,23.295,82.85039348417924,38.797205068628585
mp-632219,ZrH,112.984,169.416,137.33734011430107,15.884597947301105
mp-530074,B4C,219.382,186.743,283.5489263884125,233.01878913403925
mp-556788,SiO2,42.63,38.011,190.6703759472651,130.30218118153618
mp-632442,Al4C3,137.887,86.229,167.96854181779048,107.29146231252771
mp-633538,B9C,193.287,107.233,257.1388182351255,190.53081337597297
mp-676241,FeCl3,6.185,2.166,28.42931822632837,12.898787580432126
mp-684591,Al2O3,141.633,83.335,215.43676354516023,147.59639145808018
mp-752826,Al2O3,166.16,81.144,214.9569737023876,144.72444838266233
mp-32829,CuCl4,1.099,1.644,38.152898402195554,5.316752221726659
mp-33107,SF4,5.902,0.27,52.8512050086944,31.65167954387644
mp-10074,GeSe2,13.587,10.677,49.25649961342591,25.39462448322123
mp-1042098,TiS2,6.954,8.086,62.49160307543437,20.73652126191655
mp-1042127,BiS2,1.723,0.5760000000000001,31.01587616427648,9.39011585962566
mp-22909,ZnCl2,6.868,5.593,37.017636470396305,14.235811354235052
mp-546794,SiO2,35.06,33.443,164.56449647992451,87.0173832722281
mp-7582,GeS2,17.991,13.525,60.68196324003115,32.18968641806248
mp-7583,SiS2,27.416,18.786,74.6956832973944,41.155172847834336
mp-10048,GaAs,64.687,22.978,81.24905931667429,29.08386956662077
mp-1009223,NaAs,42.172,26.894,48.31986248108075,24.873673803603523
mp-1018140,MgNi,88.25,39.279,96.13837521115217,45.46084143072931
mp-1039124,MgCd,41.638,12.967,47.90629202884616,14.851718229400124
mp-1039141,MgAl,55.516,34.684,59.66569902561332,30.298472273177
mp-1065811,SnO,87.558,47.731,121.38854600538434,46.67815199194894
mp-11359,Ga2Cu,70.807,30.62,92.52482720006208,41.618323256392834
mp-11470,Hg2Pt,82.793,25.105,100.55335395690994,27.653736483008352
mp-11841,CeAg,39.055,26.525,47.03579493413185,22.320855444837928
mp-11870,Hg2Rh,88.269,38.861,99.69359437886376,39.74178643637487
mp-1194,CdPt,139.891,49.526,160.63582207388782,53.00214104360609
mp-1235,TiIr,227.385,82.089,233.9381307639756,82.20500429120052
mp-1251,VRh,232.563,101.713,254.79145596840044,94.97979537694816
mp-12581,CdTe,34.687,5.92,40.83201811755332,28.936369922395254
mp-12794,Al2Cu,99.432,58.974,102.40105534210764,46.080512011487656
mp-1281,VIr,273.207,126.573,295.9017232320916,125.34485985955494
mp-1359,NbIr,258.818,109.754,271.8312425608922,103.17472621736398
mp-1526,TiHg,104.414,47.479,114.1020202526477,49.555057014444465
mp-1601,TaRu,253.312,75.517,253.7359480099129,65.63530890695452
mp-1652,ZnPd,140.545,58.525,158.0815798434882,51.183608783601606
mp-1670,MnPt,166.177,69.08,172.57333094419698,67.48924066010603
mp-1696,CdPd,111.855,45.078,128.08277619206288,41.098925616610856
mp-1953,TiAl,113.483,68.456,120.07284779904366,82.65228034996257
mp-1961,TiAg,98.421,40.299,122.60048673806196,41.47588115439459
mp-1963,NbRh,227.229,76.178,236.25350809232705,76.02201148407278
mp-19889,ThPb,68.606,58.614,75.20056920877714,-281.34798638302317
mp-20034,CaPb,34.167,18.789,34.99405308237166,18.28576441396223
mp-20055,NpSb,70.61,31.362,76.67216082313197,25.384301334032127
mp-20738,FeSi2,185.12,124.055,200.14863100148895,131.7218623423055
mp-21098,UPb,58.263,16.258,72.00778355367267,18.820822154584565
mp-21468,PuIn,48.478,11.144,58.70318776870837,33.89238539359524
mp-2213,FeNi,184.902,87.323,188.6908939046728,90.27279485328287
mp-2260,FePt,200.39,92.583,225.92203572024152,100.50432774144792
mp-22924,NaBi,29.484,12.854,32.60405627379824,14.509306551944103
mp-2313,MgIn,38.92,14.062,41.43680291535188,13.701057133652116
mp-238,MnPd,131.6,42.263,149.85876366134542,43.211901934608115
mp-2556,TlSn,35.834,4.601,39.30297157549993,7.642794243541113
mp-2583,TiRh,187.501,51.647,202.80957121854817,49.79804286324
mp-2673,YbPb,36.103,22.646,60.18873559767174,13.609339441715994
mp-2678,VPt,241.671,140.06,281.08942736129734,138.9694696231437
mp-2685,HgPd,114.745,38.262,132.16707239175835,34.36363691462018
mp-2728,MnIr,265.335,186.427,195.60213469947777,131.5751123587052
mp-2767,TiGa,116.187,80.336,132.03062372994685,75.09557017102304
mp-2806,YbSn,41.231,27.276,64.0283750620148,15.668138397388589
mp-2831,FePd,168.069,77.686,185.925289522434,75.10427872473385
mp-429,ZnNi,144.695,62.202,158.97711800940422,58.0458483317551
mp-432,NbRu,234.476,50.729,231.0949805408565,51.944504412150074
mp-522,CuAu,138.201,31.3,160.88774266461735,45.1392161853629
mp-554355,CaF2,76.358,35.479,78.85775006563304,37.04259448299173
mp-570199,Ti3Pd5,160.452,43.074,182.01385441470052,36.56057934941613
mp-581833,RbN3,16.297,8.126,46.26250236304581,28.663318016598616
mp-601820,Fe3Co,182.283,94.289,216.54017885529296,88.35325154291885
mp-601848,Fe11Co5,193.849,98.488,202.67459603195312,89.84171043362724
mp-623,HgPt,143.364,27.186,165.89710926066937,35.949124036193425
mp-634965,NbO,129.596,69.155,152.76917637676573,69.46275138057386
mp-641526,Fe13Co3,170.181,82.143,194.1662739249507,87.30332806592962
mp-672265,Cu3Pd,152.324,65.218,161.22293785492363,52.02591404532798
mp-758104,Mn11Pd21,142.138,56.025,158.37429466830838,51.99460527548827
mp-771,MnAl,122.529,80.027,129.44431362101133,69.54974796395395
mp-7754,Si2Ru,173.191,94.85,213.01548417560957,138.91108904006563
mp-894,ZnPt,174.196,64.5,199.04588718626556,68.08469937808164
mp-945,NiPt,216.646,93.38,268.3173852341074,96.40767290354184
mp-949,CoPt,218.25,108.106,256.47320729308194,126.28730477550516
mp-985281,CsIr,44.499,15.369,52.683384579312104,21.34600271423883
mp-985825,Al3Cu,64.012,67.864,106.2360676257536,37.42484640836703
mp-988939,AlAs,59.005,20.016,90.45463759134708,25.493784282781828
mp-999542,MnFe3,195.98,93.423,147.35453207519097,84.86425731252376
mp-20196,NbTe4,32.222,20.449,74.55877854830386,36.86796378350832
mp-22817,TaTe4,32.198,20.271,76.14203337573667,37.16168117257694
mp-1025067,ReGe2,157.22,96.466,196.7271456849219,114.23916924588003
mp-1028,V3Te4,49.227,32.562,65.72839520032159,49.32583230838825
mp-1038767,MgCd,41.755,20.186,49.052190438490065,18.85325384873544
mp-1064272,NaN3,5.642,3.789,21.30547660179337,10.533427239240655
mp-1064715,NaN3,88.221,50.804,113.51145559752914,58.97210844344361
mp-1081,V3S4,97.046,70.615,131.8648255321272,95.977898915293
mp-11329,P2W,189.376,116.307,234.9593985999528,141.24769511593726
mp-1147,Ti3O5,170.755,76.573,239.98484631895263,110.52380773582549
mp-11675,NbTe2,28.028,19.583,85.76432335334819,43.78052365509078
mp-11687,VTe2,25.137,17.848,67.80379189188858,36.246189544971685
mp-11690,Tc2P3,185.303,131.667,244.86941512814377,143.9893245142072
mp-11696,As3W2,134.969,76.425,192.0301090215178,111.52234064803014
mp-11697,TaSb2,101.369,72.515,127.9888819676068,72.88229756148998
mp-11800,Co3Se4,91.783,41.97,133.95163745738557,64.33846801502014
mp-1203,TiO,195.566,107.51,231.55739132444964,106.72692071757189
mp-12561,TaAs2,133.144,96.926,161.16616802611804,88.54050499757173
mp-13363,SiPt3,203.951,59.761,266.60917838087124,75.65563002274536
mp-13447,Zn13Rh,88.419,40.635,99.93918415852166,42.43631266671437
mp-1402363,MoN2,143.969,38.369,242.11807139212863,112.49188658672313
mp-1474,Re3P4,183.793,136.862,281.2115089836117,168.52895313266976
mp-1551,Te2Ir,87.362,47.591,112.73250774171066,61.38578454810776
mp-15669,Ti3Te4,52.172,34.865,76.87398553853986,48.671487396440206
mp-1595,Nb2O5,135.559,49.941,223.8704362582025,102.39506699038289
mp-1722,Zn13Fe,83.349,42.179,91.72160250012988,41.79758703793389
mp-1745,Sm2O3,133.404,55.025,155.66726891342694,81.17424718495161
mp-1969,NbSb2,96.221,69.318,118.7224341461498,66.13418107994119
mp-20174,Ni3Sn4,96.833,50.419,111.90662220982402,53.53875433839866
mp-2036706,TiCl3,6.83,4.9190000000000005,52.87179763171387,22.24493121192584
mp-21237,CoGe,156.743,83.056,184.3620869619742,95.42949701572216
mp-22510,FeGe,136.965,76.238,138.1125201844385,79.93412387195117
mp-22700,V3Se4,80.248,53.787,92.48146455462933,69.14834383775845
mp-22853,MoCl3,12.057,8.227,68.4021354527006,33.277235657668136
mp-2353328,ZrCl3,7.86,4.879,60.361098872252335,22.003625013374933
mp-2360071,CuBr2,12.606,5.1,20.08061258744792,9.6528309496354
mp-2460,Er2O3,152.954,69.138,176.3503292896514,98.53696591064632
mp-2500,AlCu,112.579,68.61,129.94671569790364,73.20814404646487
mp-2512,AsPd5,151.799,44.754,190.35837836985564,56.1466672393866
mp-25469,AlCl3,10.009,6.716,51.193999966710365,27.845959359057897
mp-2659,LiN3,35.899,18.796,102.8077936514892,65.07982332003921
mp-27194,SnI2,9.95,1.628,27.295487442850636,12.21449454753561
mp-2733,Al8Mo3,142.751,104.805,165.07146273744107,102.45808017398087
mp-27455,YCl3,5.717,3.334,39.37741480793946,16.570140687497553
mp-2760,Nb6C5,235.464,160.992,328.4584320899675,168.36029656021043
mp-27630,CrCl3,10.055,7.434,53.7357828860798,29.772928639077413
mp-27666,IrCl3,12.169,6.513,71.72906889412596,36.741909274304774
mp-27678,Y2Cl3,15.328,11.944,55.23881178243765,28.435503348226113
mp-27793,Nb2Se,119.719,57.905,170.1987768007755,76.43141162464266
mp-2780,Fe3Se4,85.127,32.298,79.15218088806,55.766625281213656
mp-27840,Cr3Se4,59.625,34.015,76.93315412396112,49.13677749524004
mp-2793,AuSe,9.015,6.012,43.07487431026376,18.23998473163342
mp-2925199,NaN3,5.959,144.08,24.46593644712334,17.284939389261027
mp-29973,SrN,39.109,25.771,65.03036914842932,37.11795621447776
mp-30410,Mn2Au5,127.572,32.116,144.38700119932457,35.76989040173712
mp-30952,GaCl3,0.919,0.772,29.346646344298687,13.726116832991028
mp-30999,CuCl2,6.14,4.404,23.800737878240955,11.56592709652727
mp-31404,Mg5Si6,47.255,20.315,68.29227528173739,26.335756023527097
mp-31467,Ga3Pd7,150.991,50.274,176.75018743507815,59.98231151937784
mp-32679,Nb10C7,226.442,133.288,308.60446884690185,150.2026095085438
mp-484,Te3As2,15.222,11.435,48.92052572146641,23.284137885813657
mp-542812,GaTe,9.638,7.349,44.004701994611096,28.228834412578745
mp-554278,TiO2,180.571,60.573,223.9704359391579,106.55702409556952
mp-556253,Tm2O3,155.798,71.182,177.6896869522354,101.64034457184223
mp-558573,Y2O3,142.737,62.537,165.9188426775992,91.1930071485919
mp-567929,Al13Os4,147.4,78.001,175.1275866583673,97.82866169352614
mp-568018,RbSb2,13.935,6.536,25.50705927702724,12.060083921050012
mp-568172,Ca3N2,68.719,30.316,78.60270266986943,46.16390292408395
mp-568306,Mg5Si6,62.938,23.069,74.95068428903559,28.21283193375657
mp-568388,BiI,3.863,2.127,29.740827436250136,13.32552855078611
mp-568404,Li9Al4,31.163,23.614,36.802147394464605,24.39069382907532
mp-568746,Bi2Pd,55.534,19.911,86.74145488238901,24.08913369470578
mp-570219,InBr3,5.717,3.834,35.095021251671355,14.220748461162074
mp-570538,NaN3,23.382,3.498,69.2115956118891,39.946903961455035
mp-571247,Al3Mo,135.713,98.633,162.91443182077563,98.70664050999584
mp-573,Ni3Se4,88.611,34.383,120.80590083988407,40.70539751955703
mp-580931,MgZn5,62.771,11.369,72.71828829287749,29.40666498926733
mp-601823,TaTe2,24.147,18.072,91.300075479272,45.573955078055235
mp-642644,V2H,190.35,44.977,216.59465232724276,59.504872191392685
mp-643084,Gd2O3,94.858,60.907,159.03469340000467,81.42299879657865
mp-684969,Sc2S3,55.493,38.964,87.38135563671135,50.89389926344001
mp-6950,BaSb3,27.116,16.98,43.21160979103695,21.735516997389738
mp-695850,CdCl2,7.855,5.381,39.52308563109159,11.98489141368869
mp-7048,Al2O3,186.365,102.826,226.31425440604872,147.18752811909806
mp-754698,NbO2,160.143,48.466,231.3359209467737,96.69921942656102
mp-754812,Al2O3,128.947,53.564,189.95603426410457,123.49710270019771
mp-754815,YBr3,4.557,2.819,32.60910495279396,14.257673129775949
mp-755769,ZrO2,159.745,45.236,201.93931405765576,91.02010259748438
mp-758933,B8O,204.847,179.969,281.75047532776904,257.2997823982494
mp-7598,NbAs2,125.156,90.659,151.92939067327356,80.35502891922785
mp-766454,TiO2,155.372,65.111,217.14766125152423,112.76349755855624
mp-775935,ZrO2,127.742,50.589,188.87026858431253,89.45516595899483
mp-886,Ga2O3,155.545,70.553,194.96694708484517,104.8806857901521
mp-917,CaC2,57.644,24.134,84.76857197892174,44.58321714433048
mp-9254,Al2Te5,5.745,4.37,44.86214214718664,25.776770922447373
mp-9548,GeAs,20.046,15.662,68.61442206690482,46.07988459126664
mp-971673,BiS2,23.495,11.797,70.5766913138313,35.9093275782844
mp-973455,LiMg2,29.769,23.398,33.098960988680936,18.25381070619101
mp-975,SF6,5.548,1.734,78.52295654725629,58.8712791118465
mp-976262,LiMg,25.743,18.66,29.127572353113912,16.50423234213274
mp-976843,Li2Mg,20.847,15.238,21.61395820789423,8.528392884968525
mp-980663,Yb2Mg,21.912,6.47,43.11659964404544,21.425609032478064
mp-981252,YMg5,37.533,17.204,39.54906219009002,8.460190116723938
mp-9907,SrAs3,37.824,22.866,62.78724567256693,32.54500546798052
mp-9923,VP2,154.817,123.748,190.9054388733254,118.248659886919
mp-995197,HC,12.473,2.536,100.59547042763396,70.725060454135
mp-1104008,NdGa6,60.633,45.953,70.96523373722637,41.20061707421889
mp-21296,PtPb4,12.723,4.893,63.43942447584679,20.087996131372176
mp-2374583,SiO2,89.352,42.035,191.3629293490029,113.47444808569468
mp-644739,LaGa6,59.389,45.523,68.23351605430092,39.681575281638885
mp-10162,La3Si2,58.118,26.178,56.72682641151991,32.74926027863478
mp-1019055,ReN2,384.053,265.328,476.83954522629426,264.68105440877315
mp-11272,Be2Nb3,166.723,74.026,181.24251613178637,98.91247023369746
mp-11288,Ca3Hg2,30.44,10.343,34.30899457302861,15.17882016077763
mp-11393,Nb3Ga2,167.906,99.899,192.9613972290215,122.84225876299162
mp-20405,V2Ga5,113.09,78.828,123.19951858265144,75.09557959696906
mp-20689,Nb3B2,241.544,170.502,279.2015062375059,172.70714027000304
mp-2091,V3B2,257.602,199.016,335.5967378843557,209.70424135248848
mp-2105,Hf3Si2,143.703,95.21,163.21321125786775,111.33424272408656
mp-22050,Hf2In5,73.035,46.706,79.34600327054793,42.47172045401193
mp-2847,ErB4,180.963,137.339,212.30956365298016,163.61618159824027
mp-30670,Th3Ga2,74.25,24.825,79.72714505982856,35.471120794535175
mp-30684,Zr3Ga2,111.017,66.922,113.92895357385196,59.83469720256151
mp-30721,Hg5Pd2,68.584,10.762,85.97918600332541,17.593185770221048
mp-314,Th3Ge2,85.628,46.181,96.53418430895708,48.27113143652658
mp-571495,LuB4,181.742,127.875,216.74059677615665,156.95789471907284
mp-607111,AlPt3,218.746,77.711,262.0415225392288,92.19287235770742
mp-637,YB4,177.419,139.258,208.62699388717496,162.1765096708244
mp-7283,LaB4,170.08,155.057,191.3285327107643,155.83917945697192
mp-7924,Li2Sn5,41.724,18.289,47.08561454880851,21.20128658147209
mp-976273,Hf3Ge2,133.921,84.987,157.79645192823685,101.80266926966242
mp-1007660,IrN,301.33,153.835,362.2619448825566,196.2899778069828
mp-1019097,SiC2,165.345,58.095,184.13103330813,87.23648200960243
mp-1336,PdO,155.722,34.529,163.90929381381193,60.25451529495481
mp-1692,CuO,144.365,23.585,154.2072013591751,44.88129277677811
mp-2803876,AgO,102.564,11.556,110.49124794519844,25.17049458055827
mp-288,PtS,131.19,33.953,144.58660984749662,66.261889832077
mp-690760,TiH,127.744,29.293,136.85408206891282,54.71609765152646
mp-697179,ZrH,119.121,24.169,123.47579742979136,48.44413336626624
mp-999086,TcN,278.811,108.369,344.3298189371959,130.99264215039148
mp-999264,ReN,323.875,153.168,411.5425452507362,183.57072912591133
mp-999307,OsN,329.587,170.722,419.8804537763259,203.78724717009553
mp-759943,Al2O3,196.991,111.116,230.65894329187532,157.79233003273663
mp-726,SeO2,17.612,10.038,105.63543451390318,60.29531294689082
mp-1018721,HfO2,185.839,49.71,275.2516585478934,133.88431130756237
mp-2071,Zn3P2,64.514,34.222,78.51578316708061,39.78838994270851
mp-23192,HgI2,3.392,2.493,22.152841567185632,6.62194436068513
mp-2574,ZrO2,167.345,50.773,257.6734820922916,121.90935935626467
mp-567279,ZnCl2,6.478,5.067,38.9193858580335,14.308211774148518
mp-1001023,BeC2,81.201,44.943,104.17130220118852,54.600327525719585
mp-1014265,Zr2N,174.788,88.758,198.04122752961257,111.20959853967004
mp-1018664,CeO2,128.806,47.443,141.3530730854277,42.861587427905114
mp-1039208,Ca2Zn,22.911,6.963,23.375290089749974,11.059900340949277
mp-1058,PdF2,94.029,6.318,99.58501669997229,20.32934672019197
mp-1071541,YbBr2,28.836,9.471,39.282804310403954,19.246666586671815
mp-1077353,TiH2,156.801,90.2,132.38266284680824,0.4535837050508938
mp-1249,MgF2,92.21,51.311,101.2395494083741,55.027728204376075
mp-12875,ReO2,295.868,133.476,369.3470631835066,145.59637868810813
mp-16723,Y3Al2,59.161,33.73,60.6549584445202,35.72317267517864
mp-18167,Ca3Cd2,28.128,15.413,30.077883514896044,15.460903185880213
mp-18427,Nb2Al,159.974,82.863,171.4166573380514,103.96632734995252
mp-1873,ZnF2,94.832,35.487,105.90643612032456,36.32261803642022
mp-20725,PbO2,114.693,46.309,123.29191726029472,49.53934748329774
mp-20994,TaO2,255.403,113.66,279.50633754104217,131.8912423768252
mp-2237,TeO2,146.533,49.766,149.8822053176255,46.74665177421951
mp-22904,CaCl2,31.987,12.661,35.318590218933885,15.06735848341811
mp-23710,MgH2,49.554,36.195,51.04250798616254,34.90240685392809
mp-2533,NbO2,234.511,94.33,248.81604115979633,120.2796139268505
mp-2657,TiO2,208.538,107.377,243.7035396356156,124.3618701494338
mp-2723,IrO2,269.435,106.561,322.02099261541844,145.99896620392408
mp-29771,MgC2,77.515,30.575,110.09495572867932,47.489712769306784
mp-470,GeO2,202.915,130.151,242.83489804648497,142.80978409551628
mp-558928,KrF2,5.35,2.596,23.393789294326016,6.090152080163503
mp-570232,TbCl3,12.883,8.631,44.608923751646614,20.806005802210393
mp-571166,CaBr2,25.73,10.446,28.820866770792428,12.94081770449943
mp-636368,Ga3Fe,102.587,66.476,109.97238344896532,65.45422486265235
mp-639874,Ta2Al,161.55,54.621,186.09874053458043,63.8604538856268
mp-644607,CO2,4.674,2.184,51.50552195045669,32.530877400195585
mp-6947,SiO2,272.328,201.767,337.70017395403886,230.3373935675971
mp-725,RhO2,234.909,100.944,275.8671406126093,130.52706000953057
mp-7599,BeO,195.52,131.584,229.6676919997227,166.9928037258694
mp-775909,ZrO2,194.576,92.442,215.07730769895636,100.61383011328272
mp-776532,HfO2,211.548,106.112,229.39682649272683,117.60145948470708
mp-825,RuO2,252.231,96.302,295.744021740487,131.1727475739818
mp-8282,Ti2N,203.884,120.619,248.69424376066655,145.34956167495662
mp-8462,Hf3Al2,116.6,68.275,122.23582960765502,73.33400775708695
mp-856,SnO2,171.933,87.385,184.06147042214283,92.05111183563923
mp-862565,ScBr2,37.721,20.383,44.568766389017206,24.50720012850651
mp-862601,RhI2,55.598,13.605,62.658529332662354,25.908634418498803
mp-862855,PaO2,141.582,50.388,172.10248165796364,53.89614770282383
mp-862868,PbBr2,24.977,7.332,28.54330510262392,10.01603243971839
mp-862871,PbCl2,29.472,8.309,34.23808251921964,11.414777166392696
mp-863764,TeBr2,2.772,1.687,20.039044797008344,3.688602092419608
mp-864616,ICl2,4.924,2.24,13.295684196988326,-2.2526425125532747
mp-864641,HoCl2,45.439,20.537,52.128255573606594,24.741161063825484
mp-864647,Hf2N,194.409,146.294,209.91046529833469,135.63587583416825
mp-865534,YBr2,35.495,15.633,40.34659992070368,21.020448412313865
mp-865716,YbCl2,36.225,14.586,53.29371354964745,24.183244329038928
mp-865934,YbF2,81.712,26.713,69.55445298878809,11.938186197250896
mp-867259,RhCl2,76.882,24.906,77.27696156064088,28.592067401166577
mp-978846,SnI2,20.719,6.9190000000000005,24.839052161155426,9.944099712865464
mp-982734,WN2,265.886,131.508,303.6264248586991,156.0549220086795
mp-996,OsO2,281.2,103.408,315.7690657084515,135.27733188662242
mp-27725,AuI,2.167,2.17,19.90076678080594,9.778883434692936
mp-616575,MnB,173.805,61.398,181.04593780191027,122.62765786249328
mp-10155,P2Ir,193.222,129.322,231.39877559122257,144.4351272200358
mp-1106184,MnB4,274.672,239.029,360.3913839646882,317.7479033670814
mp-1180046,NiS2,12.339,26.828,50.07489407173469,35.81063999790232
mp-1182259,BaO2,46.552,16.064,88.1620518014983,41.6322472016735
mp-1229,CuF2,66.947,26.442,93.40954013340348,31.80893377869962
mp-1247,Sb2Ir,117.399,72.314,144.87222619763256,74.15945757060086
mp-14285,CoP2,164.337,122.955,200.40913297448387,116.94980742895017
mp-15178,Lu4C7,128.084,76.958,170.14396824713216,108.00977339862678
mp-15649,As2Ir,152.046,96.953,185.36306213973435,105.47516413580476
mp-1581,As2O3,9.944,8.605,101.25967851021166,54.93259856432896
mp-1592,Ag2Te,52.909,14.653,66.2597300771705,19.33571677305533
mp-15953,P2Rh,164.999,106.028,198.04527853507784,116.47357019732894
mp-15954,As2Rh,134.441,78.547,158.9597441327074,81.5795217603971
mp-16488,Al9Co2,107.487,72.22,124.65055028928336,74.40922960222646
mp-22652,FeS,154.674,36.714,153.1815020309244,103.3101333679307
mp-2287,SiRh,184.478,90.948,245.7706771529894,105.48636753300308
mp-23217,Bi2Rh,82.795,36.378,101.67234884311462,45.36644152586762
mp-23261,I2O5,17.477,14.793,111.18506335882805,65.62587014700009
mp-23262,Bi2O3,53.426,30.036,128.8996688950412,60.62484173862252
mp-23288,AlBr3,0.983,0.38,25.41767459808541,14.065666981808318
mp-2682,Sb2Rh,104.082,59.183,126.9871675495172,61.50604563620198
mp-2715,CoAs2,121.796,90.498,156.74313092839674,86.40254954806962
mp-27164,FeP4,136.947,112.471,162.24444914338125,115.31236911111802
mp-2831849,RhN2,213.938,108.263,303.4605462886525,161.25934734689898
mp-28391,SiCl4,0.521,0.163,33.71015691975933,19.639716351614016
mp-2858,ZrO2,183.109,85.963,244.4934001430712,112.78574408852931
mp-2913080,BiBr3,3.53,1.748,31.85254036983172,11.941790002453956
mp-30930,AlI3,1.042,0.713,20.56369551115676,8.434643458916153
mp-30953,GaBr3,0.727,1.064,25.56896234097028,10.019629596233363
mp-30954,GaI3,1.125,0.757,19.69191000632263,8.151966534283693
mp-33137,TcO2,255.97,111.765,336.5630162015059,164.686269884349
mp-352,HfO2,204.904,100.522,264.2782982571919,130.1256038942917
mp-384,MgP4,57.463,37.098,80.36509995532987,53.18963727860131
mp-415,IrN2,339.595,206.661,350.1534849678392,191.9099939397541
mp-430,TiO2,157.994,88.246,268.0486294369136,107.29726293874836
mp-542570,AsSe,1.962,0.987,52.142708337199686,29.66921980364098
mp-542738,SN,2.832,1.739,50.18130501458689,34.23913586782748
mp-558149,BF3,5.472,3.883,84.97151125901907,45.33021789210325
mp-570707,NdSe2,65.98,36.511,78.7823536187382,36.94854791978953
mp-571264,Ca5Au4,41.626,15.392,47.50014193910042,19.99580752640866
mp-641,As2S3,5.969,3.185,52.66300023325609,24.752057220759102
mp-669426,SiO2,18.076,35.939,174.69747992291838,105.79165483700515
mp-7262,ZnAs2,51.454,29.777,64.55338469357208,41.535175738629654
mp-754531,Al2O3,106.927,57.732,188.55646362264883,125.3420961105744
mp-755,CoSb2,98.829,63.743,124.10790452934522,63.39963302686279
mp-755066,Al2O3,182.223,84.014,224.45978964698512,146.4626558840673
mp-769096,MnP4,117.205,89.323,146.3151998457629,109.9715363368026
mp-775,Er5Si4,77.6,43.758,92.1837157963234,60.509191851963216
mp-7904,CdP4,55.424,28.159,80.66898642162656,44.36617638431329
mp-8200,AgP2,63.049,25.878,86.52117473050298,47.425288870425874
mp-909,As2Se3,7.518,4.43,50.12417922959194,23.500694815201605
mp-927,CuP2,87.682,51.586,107.5608642825137,66.14101234783534
mp-9588,LiP,41.365,26.861,64.14425251259341,37.11770963054659
mp-1032,Ta2B,248.908,179.27,280.46652017622057,145.79737066790014
mp-1052023,Mg2Cu,59.925,25.405,59.68155353258679,30.562443400575596
mp-1072181,FeSb2,65.924,24.115,90.40838531558092,35.50504551687687
mp-1113,BW2,329.552,157.907,377.1872647652571,187.89792083548673
mp-11278,Ta2Be,185.869,111.426,207.51634533628163,97.43409010264156
mp-1159,Zr2Fe,123.018,31.901,131.56774879376874,33.9017700705219
mp-12772,Hf2Al,111.173,53.8,112.79766846726042,65.62017523270936
mp-12773,Zr2Al,97.792,41.265,103.9829457275126,53.80248665272673
mp-1278,Zr2Si,127.293,86.698,147.74355839669252,93.8404331223488
mp-13208,Mg2Pt,70.693,36.113,92.08493148236138,40.67700518313642
mp-1332,Si3Mo5,240.773,121.292,254.34684109995175,124.95151036500576
mp-15617,Cr5B3,290.926,196.282,377.44892504630576,240.00551301784665
mp-15809,Cr2B,292.013,188.047,337.05539096986115,211.3938563704083
mp-16370,Th2Ge,80.239,41.432,91.00162567520258,41.12567936116968
mp-16724,Zr5Al3,101.787,44.441,105.95138062279612,62.07189925537678
mp-1836,TlSe,20.394,9.644,40.642636074040425,19.24330830073382
mp-1841,SiIr3,298.389,102.452,348.1263828520364,152.7453290294184
mp-1867,Ta2Ni,228.033,83.263,228.86584564945449,71.86011094416293
mp-1915,Fe2B,220.866,140.537,196.56248939908335,175.3485994406553
mp-1989,Ta5Si3,215.33,131.92,247.8367786305463,147.93797025372692
mp-19974,In2Ag,42.934,15.587,54.23718301176939,14.465196758523996
mp-20086,MnSn2,66.375,50.437,66.82801432130313,44.12583018463862
mp-20155,CoSn2,103.565,55.693,116.88551758388344,48.54035033525345
mp-20318,Mn2B,301.039,168.637,269.0421500503574,192.45841105583457
mp-20320,InTe,14.809,12.459,36.69072354352529,18.26429524679549
mp-20599,PdPb2,65.662,17.014,77.11015130122055,20.191933803940568
mp-21108,U6Fe,145.539,9.664,186.06804139626723,58.61751174021716
mp-21117,FeGe2,117.621,74.651,130.37328189019894,65.19605450243156
mp-21318,PtPb2,74.915,19.891,90.80586093200246,21.385697304105232
mp-2150,BaTe2,28.302,14.972,36.76331906432319,18.205363573277623
mp-2233,Th2Ag,71.978,24.919,74.886833707584,23.16254005944127
mp-22752,FeSn2,80.683,60.881,95.33882134398884,49.49060041027331
mp-23180,In5Bi3,36.164,8.227,40.1322013886407,7.0366565816247615
mp-2501,BMo2,293.327,147.601,319.69895789012634,152.37859278627852
mp-2536,Ni2B,238.119,98.426,291.0749824825631,121.53192376940888
mp-2666,CrSb2,82.324,35.331,66.64477070543114,34.64572349056513
mp-2783,Ta2Si,214.601,108.228,244.2202163993093,155.86921478082024
mp-2786,Ca5Zn3,27.439,11.457,28.71054176739159,13.357617276811729
mp-2851,VSb2,99.681,47.367,104.63137147429342,54.72824874284467
mp-30371,Cd5Au3,73.514,11.916,88.059346106372,21.303175655107378
mp-30571,Tl2Au,38.126,8.532,45.3551041250758,8.927080444070118
mp-30572,Hf2Ga,119.01,63.266,124.64895071937876,69.46534639303586
mp-31172,Ca5Ag3,30.043,12.638,32.64830160614952,15.12526521144792
mp-31219,Si3W5,267.109,121.199,304.51581986891705,139.3606658304958
mp-321,RhPb2,80.123,28.256,97.29188523079075,30.191061761981715
mp-322,TlS,23.073,10.224,45.62878792095186,22.380948846414658
mp-328,Zr2Ni,117.807,20.086,135.4912287569491,30.432813432539636
mp-510219,Sn2Ru,117.026,63.673,130.17746221836654,54.53908411497173
mp-510557,CsN3,15.276,7.301,41.202305274436895,22.708057125432312
mp-565,Sn2Rh,107.752,50.824,125.04356947533267,49.41966445702433
mp-567735,Nd5Si3,55.178,28.511,65.90157906501672,35.35945293922167
mp-567996,Nb5Si3,192.916,107.54,207.84937451246856,124.13938082746246
mp-568,TiSb2,89.181,54.473,96.93022788348996,49.30567945905528
mp-568411,Th2Ga,72.297,32.054,76.44502192230263,34.989722323520226
mp-568671,V5Si3,193.107,121.043,209.7775354034636,144.61073540581177
mp-569833,Zr2Ga,107.034,55.298,118.71311160390934,57.60204906864189
mp-569837,Ti3Sb,109.29,59.1,116.95943086138466,66.09093344101308
mp-570287,Ta5Si3,210.57,114.096,238.96236768193887,143.69358551712546
mp-570293,Nb5Ga3,164.794,59.837,174.2907253709409,103.98878809830812
mp-570896,Tl2Pd,56.741,12.66,65.52759688531134,17.381962434021972
mp-571160,Tl2Pt,64.88,19.653,73.2597544848363,17.876600099660727
mp-571664,Zr2Rh,126.117,6.6850000000000005,146.1686487281393,36.46286046678189
mp-574,Ta2Co,213.632,78.733,230.9064769095592,72.11362407687318
mp-628,Zr2Co,110.323,23.228,137.78006587951091,31.33355871353081
mp-636056,KN3,4.298,4.717,19.738767065097868,6.974020410945481
mp-743,RbN3,17.987,9.539,51.96667859055159,30.796294041486263
mp-7506,Cr5Si3,224.113,131.374,204.44199685057288,158.68946286009023
mp-755435,Tl2Au,37.616,4.547,46.121161241966725,10.433714748744062
mp-793,Ca5Si3,40.597,26.846,47.13501076542671,32.68621906233109
mp-827,KN3,20.517,11.746,57.813533872628504,35.13247876604539
mp-861,Hf2Ni,140.732,19.409,143.4273296925407,35.16938032479804
mp-870,TlN3,19.737,8.923,57.50233480703567,30.02524377959803
mp-956,U3Si,141.244,69.262,133.4704914319634,57.0357703365177
mp-982261,PbSe2,44.759,18.15,56.37087999423659,22.580130948509183
mp-9938,Hf2Si,141.732,100.146,154.41391540321018,110.15987187396745
mp-9939,Hf2Ge,133.014,91.279,153.4874141883655,104.86531255212309
mp-998,Al2Cu,107.587,47.617,109.39419773863314,51.2745734570027
mp-1017540,ZrCd,79.118,28.439,87.01672290635973,35.08964529816881
mp-1017985,TiAg,102.455,28.597,119.27358714592997,44.242502144250736
mp-1018679,DyTe2,58.827,22.777,63.9670658394921,24.78331109262503
mp-1018683,DySe2,77.099,40.405,82.97205592970425,35.88369583087917
mp-1018692,ErTe2,59.579,21.657,65.08709942934851,23.940916109199772
mp-1018717,HfSb2,87.513,34.866,100.16867454519462,47.124340577875365
mp-1018728,HoSe2,77.657,40.426,84.22730979741839,36.87036038552833
mp-1018732,HoTe2,59.177,22.227,63.59928240862981,24.094124935404924
mp-1018751,LaS2,79.438,41.711,85.5237699748182,40.34918230471866
mp-1018940,PrSe2,69.96,36.5,76.83627322296823,35.00175390084413
mp-1019266,SmTe2,56.908,24.397,60.56917377557003,23.480574899573735
mp-1019324,TbTe2,58.632,23.413,65.24616608731293,24.71340147500965
mp-1025077,TbSe2,76.389,40.268,83.81676920421599,36.44458000476321
mp-11239,ZrAg,105.282,47.55,125.12442842360706,54.72637170341854
mp-13156,HfAg,114.117,45.823,134.45527202143867,65.09772273901567
mp-1329,LaTe2,52.576,26.802,57.11116474656557,24.672302926396075
mp-1825,Cu2Sb,79.248,34.066,110.22047099107598,39.84276316630448
mp-19921,PbO,15.634,10.522,73.91241478655651,29.40441956511614
mp-20311,FeSe,21.309,13.304,57.70428523701602,40.380451953133985
mp-20426,Fe2As,136.13,27.967,133.94032578641932,57.58513948092542
mp-20552,Cr2As,155.123,75.452,145.12125262554477,47.520350463143686
mp-20560,CeS,16.621,11.772,45.720709305509125,24.12295255832071
mp-20664,Mn2Sb,82.893,29.216,91.06096598380198,59.87144026606756
mp-2078,TiCu,127.744,62.551,158.98042647893877,65.85992566698003
mp-2097,SnO,29.755,21.245,88.09171737017125,39.41343556878049
mp-21149,GdO2,156.341,93.602,182.70401442895968,430.4556797539905
mp-21273,FeTe,18.22,12.678,54.746395907826994,32.769911163608256
mp-22863,CuI,6.287,11.412,40.14823510065962,4.168436554545328
mp-22917,CuBr,5.964,5.924,47.01215308511675,14.135640305859855
mp-23313,InBi,31.715,13.341,46.41537252369366,13.708040620250852
mp-2350391,PbS,6.9510000000000005,4.85,31.560883095495296,13.525404972330564
mp-2394167,VN,299.032,148.726,312.71152925771526,167.3463759906718
mp-2707,USb2,71.721,13.117,86.35973910207679,43.100242160552895
mp-27757,Be4B,138.194,144.093,160.25638427110542,148.9385279320829
mp-30500,TiCd,81.552,26.541,100.403334754881,41.03364234321954
mp-413,UP2,118.372,68.706,124.77986965527816,77.9827624226013
mp-505531,FeS,27.657,17.295,85.94106922115594,48.213020547692665
mp-567809,AgI,5.005,1.812,28.296640609155883,4.94237750933843
mp-569679,ZnSe,8.299,5.361,50.74875095555444,21.595997395871983
mp-571033,NiSe,11.162,9.905,100.32366249485705,35.96464597574669
mp-571335,ThBi2,63.583,26.476,71.9377573545186,31.993364725349664
mp-580226,CuSe,25.895,6.978,74.98925011216818,22.866309373563517
mp-604908,CoSe,10.701,7.382,98.97159027809268,44.7668604178005
mp-604910,MnSe,22.494,13.087,59.75842160047924,38.52184310629318
mp-622570,Ti2Cu3,130.158,56.753,156.9503506647465,52.66436633231821
mp-7192,Sc2Sb,72.039,41.139,82.06887765207661,50.308088885818606
mp-7474,Cu2As,110.379,26.428,125.51100764852968,39.22729497124968
mp-7568,ThSb2,73.11,31.269,87.41080110817727,42.69507109260044
mp-7859,ZrS,116.09,48.599,137.9631020733476,74.68586414285383
mp-8732,Ta2Se,42.606,24.229,165.7034993409237,70.18585861231624
mp-8936,SnSe,5.698,5.736,24.56301609183764,10.768294962610597
mp-973750,LuTe2,60.626,19.562,66.43967349212711,22.797968094637877
mp-975652,PrTe2,54.837,25.001,58.60784186968427,23.31304087127995
mp-9978,ErSe2,78.653,40.498,87.16062663786747,37.40194026032843
mp-999133,TaPd,201.83,71.407,243.16219916392868,70.439272339637
mp-999295,PrN,53.402,19.436,130.28589690529773,61.30558825228733
mp-1007664,InPd3,143.481,47.548,158.2617096030485,39.17694933811166
mp-1007855,FeNi3,193.048,95.457,214.437905024653,90.7608262200054
mp-1007923,CrNi3,196.281,105.884,221.1955355996521,100.07772862860548
mp-1008617,YbAg2,51.549,17.035,92.36297819673526,37.97535249348133
mp-1008682,TiS2,60.041,32.196,101.23393993325352,53.64080136187188
mp-1008806,ReC2,356.799,90.421,448.0121667973687,320.1148424263477
mp-1008860,NbS2,32.808,25.033,134.77001318002218,81.53761006610307
mp-1009238,Hf2Tl,102.866,5.866,109.87877221501664,32.082218574894895
mp-1009657,CaN2,82.688,39.226,111.46416270511769,52.87722370543296
mp-1009834,Al2Ru,168.314,122.506,200.7938762792936,122.35039115482644
mp-10106,Ca2As,37.761,29.961,40.96913084818895,33.13109636872857
mp-1011375,CeSe2,53.95,48.227,75.73151546762149,42.213965321825725
mp-1014229,Ti2Zn,112.106,50.566,125.24777289225102,57.039535732269805
mp-1014231,Hf2Zn,109.609,58.908,119.23541425139412,51.70710703018856
mp-1014303,Cr3N2,162.71,139.586,378.3853939363402,209.05995604969567
mp-1017511,Cr3Fe,284.19,37.134,233.99604017348275,104.3386697795228
mp-1018102,ZrPd2,145.885,40.853,173.1212665481222,49.9316215273336
mp-1018103,ZrAu2,140.699,23.112,174.15025754196975,46.989643464949985
mp-1018104,Zr2Cd,78.996,32.238,94.22384748330956,35.727189224612694
mp-1018121,TiPd2,160.261,99.939,184.1975860551488,41.91450584170438
mp-1018123,TiAu2,147.433,25.114,180.4218264151621,47.71226403057256
mp-1018124,Ti2Rh,162.15,84.389,206.32668842178452,75.26254147604017
mp-1018128,ScAg2,88.836,36.624,100.97301440523954,43.161118960920945
mp-1018148,ScAu2,117.569,46.472,135.10933762955065,53.605790678986686
mp-1018149,ScCu2,101.63,42.846,107.5351441835433,51.342917369352854
mp-1018153,HfAu2,152.12,13.529,182.1741252451131,52.45261407480337
mp-1018154,Hf2Hg,111.5,44.974,125.29602684375894,47.4914950873716
mp-1018166,AlTc2,224.534,119.613,289.52801511309934,130.31115264380873
mp-1018179,AlAu2,127.617,25.387,143.96340155258648,26.909218895562496
mp-10201,Ge2Mo,171.888,138.022,209.78008493102988,119.92758951773544
mp-1022728,Cu3O2,112.469,36.808,126.13771192236727,42.93975897550212
mp-1038916,MgAl3,65.112,27.355,67.19090031417794,30.117739114576807
mp-1039229,Ca3Zn,19.475,11.541,19.83395490276576,9.91403303549611
mp-1039293,Mg3Cd,38.235,12.876,42.64143613778973,16.782674752007747
mp-10564,SrN2,68.626,34.11,93.39955811783798,44.207516065748855
mp-10909,AlRe2,244.694,139.655,336.69522471868385,149.09127802503417
mp-1100,YbC2,64.179,8.69,174.77713928889528,79.88833543537861
mp-1105,BaO2,65.16,35.973,94.8446532697724,43.35031203203244
mp-11252,MnAu2,121.429,28.325,140.09104316652,32.275708251073134
mp-11299,Cd2Hg,37.856,13.28,38.45832455643515,1.538342176772381
mp-1135,NbPd3,197.625,82.517,225.30050356212163,87.35662839185542
mp-11387,HfGa3,100.608,71.102,107.8552084757747,59.03898360530053
mp-11416,TaGa3,125.826,77.813,145.86478879706155,70.92967934996268
mp-11454,Hf2Pd,136.094,56.325,153.6604572678609,58.73109629945865
mp-11464,MgHg2,40.223,14.936,44.58911063965346,8.008862621048669
mp-11513,NbNi3,197.229,90.468,223.02293449328457,91.45962007428288
mp-11567,ScZn12,81.144,49.667,94.7767683969522,44.9792441699752
mp-1157,TaNi2,213.178,85.348,231.4725758322456,67.14707517232938
mp-12105,RbO2,20.844,7.798,35.86927621035661,18.53278006787957
mp-12605,ReSi2,222.923,120.031,276.5343645060313,177.07859631028856
mp-12693,Mg2Rh,63.8,43.121,92.24714105865492,49.658523560261656
mp-12742,MgPd3,129.074,40.626,133.6008774831396,44.11093007685138
mp-12761,BeAu2,137.288,27.364,167.24045907474013,40.129464185271694
mp-12764,SmC2,106.514,37.163,135.5058958879098,54.85669795008023
mp-12765,GdC2,82.475,40.245,141.59938069480998,67.3367816889244
mp-12857,Mn3N2,203.771,71.803,182.28966045421913,155.79184607904725
mp-1299,SiPt2,206.108,65.451,227.0053459794822,68.18744421046434
mp-13155,Hf2Ag,111.1,49.936,127.70794134256973,54.65122381846368
mp-13164,Ti2Pd,141.684,64.242,169.38028260631012,65.00373936860032
mp-13452,BePd2,166.194,67.77,196.4881153532723,77.86963190045152
mp-13498,Tb2Mg,39.124,15.539,41.69595802674601,20.379168347151666
mp-1380,Zn3Ru,135.455,55.505,153.5299934801244,58.10441242639685
mp-1416,NbF4,33.398,27.791,130.8196365498491,56.45068840543746
mp-1423,HoC2,117.335,42.118,160.29340597208156,75.57140195229645
mp-1441,CsO2,18.38,4.644,30.67062487020453,15.160034983459116
mp-15624,Sr2Sb,27.607,19.874,30.73436460989987,21.100472981442813
mp-15697,Sr2As,31.995,22.573,33.65670070809144,24.597419597172376
mp-1579,ErC2,120.452,44.098,161.65064455272346,77.1550934339725
mp-1590,Be12Cr,179.312,70.648,155.33107899106426,158.92043246573994
mp-1620,Si2W,219.443,189.139,257.01056261771026,184.8192749470851
mp-16521,Al3Os2,202.423,117.084,239.85372382926317,149.30738510523153
mp-1668,YbAu2,68.738,16.578,118.72344583569571,46.38484373008919
mp-1699,AlCr2,183.355,102.319,214.02867248489991,129.36996090219318
mp-171,VNi3,217.129,101.539,248.67598268171923,103.04595956686735
mp-1749,CaAl4,56.287,6.588,62.63590081229434,36.7335449385833
mp-1827,SrGa4,48.048,23.313,52.93199134679893,30.13113699301579
mp-1834,NdAl4,70.958,21.595,77.51928725530506,45.75121990611584
mp-1842,NbAl3,126.155,103.51,135.99012636328564,92.49211538784212
mp-1866,KO2,24.246,9.593,42.943666420562984,21.56062047921459
mp-1879,SmS,17.244,55.552,49.8078237978154,26.699547630838055
mp-1891,SmAl4,72.01,18.401,79.0877006700626,46.18413383272598
mp-1903,BaAl4,50.737,29.625,59.25778720236089,38.32188866979715
mp-193,Zr2Cu,105.707,46.073,119.63880444186216,38.97822476928449
mp-1973,NbGa3,122.973,86.662,132.09585746410968,74.92995347637503
mp-1976,CaGa4,51.077,6.594,56.20755879122336,27.04800761417017
mp-1995,PrC2,97.481,36.052,121.70126767986731,54.708888826187
mp-21109,LaAl4,70.525,25.994,75.13400118663897,46.905282394150696
mp-2119,TbC2,114.409,39.897,153.16068350490391,71.59254632336321
mp-2120,HoAg2,76.004,33.252,83.8220279884972,33.589500685932855
mp-2123,Nb3Au2,174.046,59.048,199.55885100379936,63.18917134798111
mp-21477,RbIn4,22.069,12.4,26.897119513124863,16.018829583356485
mp-2221,Zr2Ag,97.936,39.298,111.93363966336162,36.50653961895824
mp-22508,YMn12,138.221,87.231,142.96661468312536,81.51008584685644
mp-22687,BaIn4,33.333,16.521,37.23552278025945,18.877883610817424
mp-22859,HgI,10.38,4.529,16.4782043158,8.982350256557618
mp-22897,HgCl,11.79,5.628,23.204055886486287,12.668004963702185
mp-2297,NdC2,101.733,37.086,129.7247578771623,56.10050017615014
mp-23177,HgBr,11.597,5.809,20.17445651491283,11.30156158472132
mp-23194,LaI2,10.546,8.796,35.371761915980585,23.357121731398152
mp-2348,Zr2Au,119.202,46.202,137.466465035539,37.490092023584694
mp-2352325,HBr,9.513,5.496,6.382675792936511,3.968492184723016
mp-2367,LaC2,92.301,38.059,113.6594145866232,51.72156284434792
mp-24286,ZrH2,131.134,31.121,157.0593069343164,63.78737820743201
mp-24291,ThH2,88.564,12.304,89.07068051971498,31.472128185254164
mp-2466,ErAu2,103.81,43.716,116.15126859401684,45.30947952293624
mp-24726,TiH2,140.725,17.855,170.77078541445985,78.49751676983756
mp-2482,CaC2,56.56,15.017,82.07910654684687,44.41207262881676
mp-2486,UC2,173.368,76.295,220.54405569427576,95.05039241288742
mp-2554,Al3V,122.019,98.236,140.5998297879715,90.211790553283
mp-2592,Si2Mo,205.746,180.217,248.3927716845691,167.2369337485926
mp-2614,HfAl3,106.503,83.451,110.66540001508116,73.35689835760913
mp-2618,DyAg2,74.554,32.809,82.99986748221507,33.412786514519574
mp-2630,SrC2,47.378,11.912,72.56692262063359,37.3362387476226
mp-2643,Ti3Cu4,132.608,57.91,157.21489648359963,57.753156611138216
mp-266,Zr2Pd,123.894,49.979,138.21855055499543,46.07957018204759
mp-2697,SrO2,71.147,44.189,104.73696749034389,49.06272228086186
mp-2705,VPt3,247.745,108.174,304.1316560751748,122.92117223384165
mp-2706,SnF4,36.861,31.729,98.36191905749078,46.73064924920491
mp-2731,TiGa3,97.756,73.321,107.83384688158633,60.985627523711955
mp-27668,Mg2Ga5,51.099,24.366,59.71123443396086,30.553114347262177
mp-2768,Ba2As,24.595,14.75,27.915223871184217,17.026200990572264
mp-27731,HfH2,146.977,37.678,175.32967919560636,66.06178778713948
mp-2775,SrAl4,54.006,19.453,59.382695931424614,37.306666675409
mp-2839,CeC2,95.24,34.764,126.20413950158404,57.80851268839128
mp-28753,NdI2,2.392,9.017,38.54830755245363,26.203886222809967
mp-28919,Hf3Te2,37.225,23.847,90.15793389376267,45.729680582030895
mp-30339,ErAg2,77.336,34.07,86.35049686703942,35.7856071272579
mp-30358,TbAg2,72.426,29.94,80.24893531111125,30.822918144890245
mp-30383,Hf2Au,133.005,58.098,154.78943616470514,56.42577440484395
mp-30409,Mn2Au,107.796,40.081,85.8915304303786,57.89804251913174
mp-30488,CdHg2,30.017,10.68,25.454364770575808,2.8070152403970603
mp-30501,Ti2Cd,89.283,29.006,113.40164011819728,50.91983422692584
mp-30581,Hf2Cu,123.959,54.412,136.36675909347,54.88948146743036
mp-30599,Ti2Cu3,139.182,34.657,145.99387140138475,25.541080085659416
mp-30685,ZrGa3,97.364,72.855,101.9220080796445,58.9225463570725
mp-30836,TaPd3,210.488,86.887,242.88267478475643,93.32682085127658
mp-30852,TiPt8,240.535,86.388,294.17161617341895,97.7960579320112
mp-30883,V4Zn5,125.541,38.221,145.753991325114,58.96877849112538
mp-30886,YZn12,79.823,54.123,91.88811514600384,46.08722219641225
mp-31138,MnPd3,146.973,53.987,167.39811110550656,57.141875765443174
mp-31178,DyAl3,72.759,52.022,72.9018049267545,48.7269274251755
mp-313,YC2,113.31,41.291,151.695769968165,70.80154346991309
mp-31379,Zr2Sb,106.569,29.962,111.22388146870388,59.12032561927399
mp-323,LaF3,127.629,35.883,134.81995172790698,42.760888271656675
mp-32994,Hf4N3,225.032,97.549,282.95859280378266,148.77107216588652
mp-335,BaGa4,47.617,29.226,51.65429147461372,32.07867815960125
mp-341,PbF4,31.019,23.519,83.99912479717648,35.910575091122695
mp-395,ZrAl3,102.705,84.766,107.0238166595386,71.30312534695427
mp-454,NaGa4,39.224,22.906,47.165765475706586,25.741044758935004
mp-541840,DyC2,117.411,41.047,155.9497085562326,74.94902954621146
mp-542595,Ge2W,170.049,131.74,225.9945148671833,133.59435799402635
mp-542915,TiAl3,106.208,86.395,109.4837594057994,80.95683485899168
mp-555,Fe8N,185.005,89.567,182.4812219700131,97.55653755892725
mp-560,TmAu2,105.164,45.148,114.92897254368005,44.61849013023586
mp-567842,TaBe12,136.248,146.834,175.55882555789253,165.51732047358834
mp-568069,Ti2Bi,75.979,24.038,98.15352789290095,44.37822542028109
mp-568718,HfAl3,106.136,83.347,112.18940104838596,72.02307558438687
mp-568827,Be12W,144.936,154.988,191.1609114756718,172.5756478815214
mp-568912,Be12Nb,134.036,144.017,166.14702674037702,157.06890484036478
mp-569167,Nb4N3,282.104,142.488,329.7297109008713,118.94439674960655
mp-569535,Ca2Bi,31.265,22.911,33.81907936095856,24.720671608597108
mp-570179,TbAu2,96.855,38.817,108.03492207924285,38.960864528651335
mp-570197,Bi2Pd,52.094,15.119,87.93135535329883,19.851883022208224
mp-570286,BiSe,3.452,2.447,25.876952758713767,11.637603178693055
mp-570491,TaNi3,221.34,97.022,240.4568899055423,100.5488338487323
mp-570578,ZrIn3,75.835,48.163,86.89390926251994,38.67845268053482
mp-571030,TlPd3,133.935,41.898,148.53104056608555,34.79720567219878
mp-571438,Be12V,129.504,147.448,157.74231146794176,158.4181520575485
mp-571622,Be12Pt,132.244,33.971,141.6173482077208,138.16555573670627
mp-634859,CaO2,58.943,123.9,116.70600382376996,55.05772834391869
mp-684709,K3B17,97.13,68.913,140.93522736845455,111.30417600043394
mp-706,HgF,31.037,11.783,47.1877489897044,20.07964418042823
mp-7188,Al2Os,190.012,142.279,227.35350665497452,141.70275651779235
mp-742,Ti2Cu,130.928,54.059,139.91404321649867,43.436995635867554
mp-759,La2Sb,49.613,28.914,58.41603572440824,32.80073671516575
mp-8093,Ba2Cd,14.827,9.934,15.420713070059993,10.374252469425508
mp-8094,Ba2Hg,16.104,9.961,16.57823771741634,10.07084696638804
mp-861653,ThH3,101.664,30.932,100.42314764748728,45.65921678578071
mp-861975,PaO3,252.209,54.533,300.84134596318665,47.51332322454929
mp-862658,LiCu3,92.453,43.619,99.77731045304736,36.65702919795819
mp-862714,Be3Ir,189.038,188.109,194.27802016905756,-175.83791481557353
mp-862716,LiAg3,66.506,24.289,73.10273235609792,24.527956749601195
mp-862798,Pt3W,283.476,112.353,346.6873808011461,123.02892685841832
mp-862901,PmF3,136.242,46.704,144.82775856056494,50.40827282578278
mp-863709,Ir3Rh,324.498,203.512,410.3776943116638,221.68457437521369
mp-864742,Na3Sn,17.492,5.7219999999999995,19.217855262956093,7.770861128060374
mp-864758,Na3In,13.554,5.917,13.653166023339304,6.142102559866279
mp-865168,Be3Ni,153.479,267.579,172.3723321466091,69.31397137748672
mp-865194,TmF3,152.068,39.096,162.21341832970162,57.527882227614946
mp-865342,Zn3Rh,128.64,48.806,144.7051867097843,42.59827879307245
mp-865355,Zn3Pt,137.109,52.461,148.04115407209082,46.212495209389886
mp-865357,Zn3Pd,111.133,44.23,124.97512877030331,38.36606803373209
mp-865362,Zn3Ir,146.356,52.945,163.235657416535,47.33376324747446
mp-865425,ZnPd3,151.261,36.377,165.5091236052737,46.56858467448698
mp-865558,AcTe3,47.939,20.884,50.75809417452727,13.277201189262774
mp-865562,Be3Ru,180.438,123.56,185.79079756486905,92.0715913398829
mp-865856,PaBi3,64.281,26.866,72.32043518091024,21.04560305101898
mp-865900,Ti3Tl,108.872,59.015,113.88990925165254,48.28325923954512
mp-865939,LiMg2,30.17,19.141,33.146375174466215,19.483202737785007
mp-865985,CdPd3,135.78,42.281,148.05746328091652,43.18129031099461
mp-867347,Al3Tc,142.913,80.316,180.3913102006097,52.20254495921956
mp-867780,Al3Cr,106.001,84.189,110.85246950964208,72.8974350649774
mp-869,TaAl3,132.414,103.376,145.60795805392854,90.33523331574554
mp-873,VPd3,190.816,75.46,206.74635314543835,84.87955582500358
mp-8937,CrSi2,189.969,171.077,194.92513965888483,153.4913893322785
mp-971718,ZnBi3,49.557,24.613,53.73665926125233,4.885207168015813
mp-971779,ZnRh3,209.272,91.273,239.86199216060152,92.93742777586571
mp-971928,Zn3Ge,65.75,7.68,73.13754061302988,1.1576338163439588
mp-971948,Zn3Co,101.878,15.75,130.12580155374775,43.19101778020941
mp-971950,Zn3Sn,51.36,10.059,59.93855928243832,1.4844708187745728
mp-972069,Ti3Ga,116.433,64.387,136.3909138404475,54.44693555576274
mp-972077,TcGe3,114.297,2.215,131.26725711901076,-72.93989650135286
mp-972088,Zr3Zn,94.083,40.008,101.6897770128472,32.84670143851247
mp-972202,TcAs3,130.278,40.429,160.40242249008318,27.593007085994543
mp-972285,Sr3Li,11.008,8.744,10.395406680816434,4.42086995512103
mp-972324,Tc3As,247.646,89.479,275.71635453990416,23.573349550379827
mp-972326,TcPt3,261.344,134.934,321.6261835542367,126.44885430553497
mp-972353,U3Pa,96.534,34.507,120.1964281749934,29.67600533098467
mp-972828,Cu3Si,136.43,53.369,153.98807084212467,49.829191919691475
mp-972874,SeBr3,15.512,9.245,14.544522225609196,3.980984471726566
mp-972908,La3Dy,29.518,15.277,27.377891605607054,20.105488543447574
mp-972912,La3Er,29.595,16.724,27.856259401505948,20.587250037819818
mp-973022,ScRu3,203.422,59.908,213.58408262982817,46.893789060167286
mp-973092,ScCu3,103.118,39.197,116.65812092145455,38.09040935438523
mp-973174,NaAg3,52.516,21.232,59.202101681523224,19.635658186197652
mp-973175,ScBi3,55.254,20.144,65.80769080587646,9.821890573358385
mp-973181,Mn3Zn,199.466,65.253,146.83209879817213,57.93155762465468
mp-973250,KLa3,19.467,6.112,18.12323120139095,7.792144878372575
mp-973554,K3Sm,6.764,12.973,5.2713955700419115,2.2144716038624086
mp-973627,K3Sr,4.92,1.335,3.445078862272234,1.856645782430213
mp-973736,GeAs3,68.682,5.8100000000000005,82.3753292509584,24.044628833288208
mp-973767,PmBi3,53.458,5.094,59.87778719127467,16.67653098868233
mp-973792,Pa3Tl,90.32,17.107,99.2069363106278,32.323553058282805
mp-973896,Ni3I,140.931,23.914,140.7236256367676,25.38765502992498
mp-974330,SBr3,16.635,8.547,14.897691785611618,4.504386633128681
mp-974332,S3Br,23.338,10.805,25.04579986454432,16.402396172805005
mp-974358,Ir3Ru,337.871,226.427,430.8004744960036,261.5334237377106
mp-974416,Re3W,342.858,146.125,337.1489821424958,80.68883023464777
mp-974430,Re3Ir,366.016,218.264,382.0907885129377,215.56284038299552
mp-974616,Pt3Rh,249.556,79.874,305.4762913521579,82.43178564138547
mp-974738,KSr3,9.273,4.848,7.851740335741749,4.442697867468535
mp-974774,Rb3Tc,5.4030000000000005,1.895,5.0833699051585,0.8176520537370826
mp-974982,Rb3In,5.083,0.931,4.533694238923337,2.3407061376794083
mp-975043,Rb3Ca,4.327,1.545,3.1450389557787557,1.5500271898177076
mp-975055,Rb3Ac,5.073,8.733,4.449179112068776,2.2783342294493627
mp-975222,RbSr3,8.532,4.504,7.245569456420618,4.426274019547467
mp-975253,RbPr3,20.132,7.573,20.08774260410232,10.2354323415421
mp-975404,RbCa3,11.18,5.022,11.30345571981632,5.00396985150717
mp-975794,Li3Be,26.474,14.376,23.529165091147817,8.763497877808971
mp-975868,Li3Al,26.875,18.203,29.43213495684257,2.298658858226823
mp-975882,Li3Cu,31.489,12.521,28.563933899464917,10.26010344268844
mp-975904,Li3Cd,22.645,8.36,24.16337289452278,7.885812464306721
mp-975906,LiAl3,62.466,39.623,63.46143852032707,30.10851736990705
mp-975909,LiAu3,102.226,31.714,115.79935392116516,33.70701514000492
mp-975912,Mo3H,203.988,63.201,206.20048520061383,23.959178766519525
mp-976047,Li3Hg,25.641,15.939,28.718193019023328,8.51862571804485
mp-976055,Li3In,24.671,16.433,26.487457209754123,10.344645504019129
mp-976075,Li3Ca,14.299,7.417,13.983695953942991,5.8355250126168015
mp-976106,Hf3Tl,104.481,55.501,113.4993826009027,50.04901961084949
mp-976150,NaAl3,48.882,25.378,48.43158539991832,21.12893213199819
mp-976263,Li3Nb,31.347,26.561,32.91386837100342,22.02844900324388
mp-976407,Li3Ac,16.677,8.239,18.760456392314936,7.014053862057603
mp-976408,Li3Ag,25.865,12.498,26.692952101859007,8.79612162610317
mp-976414,Li3Zn,23.562,63.284,25.466104053198457,8.9024111170471
mp-976419,Hf3Bi,102.841,29.873,105.52057331355353,4.980232589058666
mp-976422,Hf3C,114.527,16.594,124.04675486136428,26.37293985828235
mp-976768,NaMg3,27.664,5.894,28.019102830818344,5.087009077695733
mp-976774,NiGe3,86.001,21.624,94.5368736529534,10.28542721828536
mp-976818,Ni3Au,173.428,60.99,201.6630619750833,70.99671046140755
mp-976870,NaNi3,96.01,36.546,103.4916699666255,35.95685944054368
mp-976971,NaPd3,97.437,36.663,98.65851088768656,32.291453224470494
mp-977057,NpAs3,99.455,30.199,102.9765651679548,42.84008082951419
mp-977128,NaRu3,172.715,41.644,184.2842900819791,44.41539966222366
mp-977230,Li3Tc,37.523,15.88,36.04661803690337,30.4050369611593
mp-977264,Pm2Mg,36.536,16.61,37.88808205142098,19.149167880361833
mp-977385,NpH3,95.25,58.63,96.74596494458991,43.68390716269172
mp-977403,Na3Tl,12.052,5.181,11.255248268398422,5.4290729687246015
mp-978272,Mg3Br,26.088,11.401,28.200478433890503,8.671545595643972
mp-978277,Mg3Cr,44.069,22.719,47.87338006962328,13.49325115587237
mp-978280,Mg3Ga,40.626,19.659,41.26304654495341,17.453405722140033
mp-978283,Mg3In,38.832,20.553,39.60136654225893,14.822464541845688
mp-978290,Mg3Os,85.241,31.04,88.06859580921964,28.026785475659484
mp-978293,Mg3Pb,36.348,18.965,36.490237945877105,12.61205443386168
mp-978524,Si3Ag,84.687,20.54,87.32864140236754,8.043604794736517
mp-978546,Sc3Sb,66.598,39.34,78.37159712870583,37.3737753191139
mp-978552,SiRh3,238.173,104.483,266.60590171643685,97.84228600164796
mp-978798,Sm3I,32.856,7.791,40.423583184963874,27.27814660737602
mp-978832,Sm3Pd,47.59,3.231,55.026948962633725,3.067444542604677
mp-978969,TlAu3,86.313,9.318,100.20936515253916,4.1377839965692385
mp-978993,Th3S,58.463,21.612,76.19468857206564,59.086665680189654
mp-979014,SrAc3,20.33,12.317,22.45210445374844,14.540879823965629
mp-979115,Ti2Ag,115.12,38.471,127.48044675292314,49.01971395002473
mp-979413,W3C,261.699,161.716,287.9296418721215,96.90681258428128
mp-979938,Yb3Tc,31.688,15.305,82.27035733244247,23.96992134712712
mp-980192,YbOs3,224.333,46.685,231.68565296899027,59.36256532743234
mp-980204,TiP3,107.326,23.118,95.65199549854698,-3.288808325319177
mp-981210,Tl3V,37.409,4.946,44.78945191823093,7.714172022849431
mp-981232,Ti3Nb,122.685,24.306,137.34153059200796,-98.387750760514
mp-981383,ScSn3,57.057,1.311,68.49479960753179,19.304514599229957
mp-981385,Sc3P,67.696,45.595,73.15554213661025,42.89544517892336
mp-981391,Hg3Ir,103.752,7.568,121.32821649597456,18.731190213794022
mp-981547,PrH3,83.047,42.938,91.8442608549644,43.252308817138015
mp-981749,TcAg3,104.348,34.212,119.94689461203689,31.695242009763557
mp-982195,KNd3,22.351,7.949,21.44077894249604,11.459651995647492
mp-982381,NaCu3,67.875,23.089,74.64570270784554,26.52847328383505
mp-982637,Na3Mg,11.333,4.612,10.601032382111336,3.373814089159232
mp-982664,K3In,6.456,3.082,6.335435906040644,2.8984710586018374
mp-984050,BiH3,73.332,26.673,67.56773338658118,11.562001313915
mp-984523,CsCa3,9.811,4.65,9.659831788942984,2.6456854460658104
mp-984705,ErRu3,181.137,33.566,191.1999802460472,41.23133574547866
mp-984772,Ce3Zn,34.023,19.568,40.67393905773971,21.01158919244865
mp-984796,BaTh3,37.503,24.562,47.07383688416207,27.38480872898431
mp-985059,AcLa3,25.05,12.805,23.772318378284787,19.05121150969904
mp-985278,AcF3,114.006,34.219,126.6936290235656,37.03141329430888
mp-985280,Co3Bi,147.231,46.944,147.3825172772039,52.11414756776577
mp-985295,Ag3P,90.676,80.813,100.685829327368,18.959088376113815
mp-985296,Ag3Pd,105.215,33.362,119.11755263765905,34.49748271485787
mp-985299,Ag3N,102.239,14.492,114.7783453890746,18.6570576912632
mp-985551,CeY3,31.059,20.343,34.15125580712449,24.813330490014625
mp-990,HoAu2,100.832,40.982,111.81000567371608,42.29363043032362
mp-9925,Ca2Sb,34.964,25.74,36.201011426718075,26.3601713369933
mp-999204,ScAl3,82.594,67.287,85.64683044214893,55.66253781152938
mp-999441,Nb3Cr,181.79,54.324,191.07807117888805,82.40917233377917
mp-1267,NaC,35.167,3.296,56.46753221035063,30.302358949476837
mp-1573,Sn2Pd,82.369,31.702,93.49925506882556,35.531523098624824
mp-31277,Sn4Ir,71.396,37.376,93.32484841546103,39.09556872219654
mp-10128,ThGe2,85.821,33.162,97.94855317126878,36.425740364200465
mp-1014261,IrO2,192.223,75.26,250.2015107260805,107.68461089616956
mp-1018026,LiAg,44.019,14.296,46.9114028927624,18.86391234183422
mp-10213,YGe2,68.32,21.049,75.95381943554246,27.560504799377753
mp-1080664,CrB,304.935,230.98,389.3638166164472,322.42092086722556
mp-11722,PrGe2,64.615,22.802,71.68841894309801,31.413581587072056
mp-12750,SmGe2,68.822,24.776,76.94115311366541,31.434881026783547
mp-12769,YSi2,85.55,19.816,94.15677922763994,56.10368987940631
mp-12770,DySi2,88.042,18.126,96.2516007358857,60.94588034299222
mp-13444,LiSn,37.597,17.536,38.9890758822797,17.639614175341457
mp-1727,SrSi2,52.527,34.563,57.29843772133677,37.99314109060524
mp-1890,BMo,311.129,205.308,361.5712789075911,226.6258381137187
mp-1898,CeSi2,89.084,47.956,101.92593276298076,67.39896980621779
mp-19761,LaGe2,62.983,17.74,70.89910193977946,32.29657015066515
mp-2062,LaSi2,79.133,37.317,89.75945564292972,58.76967639246466
mp-20800,ZrIn2,81.529,44.771,93.2218233611015,44.15245309284999
mp-21192,GdSi2,78.62,22.205,110.47719698920932,74.24533079197195
mp-2129,NdGe2,66.327,18.615,74.13446748333618,32.17624937978355
mp-23160,ThBr4,26.598,15.046,49.171746264749935,18.910110221278728
mp-2611,BaGe2,39.558,22.184,42.63267465155182,23.505983301925543
mp-27760,PrSi2,80.53,27.008,92.04103956334184,57.266155346174166
mp-27953,Mo2N,377.071,182.174,342.7877398937935,148.96116320277406
mp-27954,CuN3,15.781,4.885,54.890852951070805,7.555558678108949
mp-2831205,Cu2S,87.619,20.647,95.4668158503776,29.63798650294225
mp-2844,ThSi2,106.389,45.354,122.23633110621932,61.7854889060715
mp-30682,ZrGa,113.596,75.217,120.11198255819215,77.2172032694656
mp-32780,AuCl,10.267,2.471,47.46675054968163,12.059709674418896
mp-33104,Sm2O,80.158,44.22,89.65954211333461,48.63947279690677
mp-390,TiO2,184.247,47.35,229.4821702255187,103.08155019676656
mp-567705,TiAl2,109.691,81.43,117.45595088603682,84.29682079635786
mp-570140,AuBr,7.634,1.239,38.0155739907266,10.76359315666687
mp-571342,TiGa2,105.655,67.761,119.59075024340692,68.42474701401308
mp-642659,V2H,191.732,57.721,215.15477405437264,58.48076461531961
mp-754403,ZrO2,169.342,39.788,210.61719103473033,87.48192435568181
mp-755071,SnO2,139.796,49.089,174.77921443526904,92.55197928170271
mp-755690,NbO2,181.643,94.335,247.2674298408485,87.78671386524519
mp-7790,Ti2N,179.192,105.086,250.50417128126065,123.910989811013
mp-7832,BW,341.8,196.608,404.0689344042508,238.703366701436
mp-862,CaSi2,58.747,28.878,63.754283510902425,41.21440657841443
mp-884,NdSi2,81.814,25.855,91.6306526456687,58.9185545686261
mp-971683,C3N4,68.864,51.344,88.06366155095989,64.0131958468042
mp-2716,TiNi,150.897,38.05,170.23062265421953,47.92770588970155
mp-14112,PdF3,35.031,20.591,93.35647053896756,39.185842947591446
mp-1974948,Na2O,46.967,23.696,51.637012217199285,35.09452498844338
mp-673635,Fe3N,201.279,93.123,155.38640170703172,90.15427922064356
mp-753629,Zr2O,153.477,76.375,192.4560747392417,92.58529367825015
mp-10293,BaC2,40.469,19.114,67.86236584976992,33.1681598819704
mp-10390,Ta2O5,126.687,71.615,275.70451790367656,142.61562288346468
mp-10497,SrC2,49.739,21.069,74.99886137520124,38.499504915959136
mp-11508,MoP4,135.442,96.673,160.38195669454967,106.53939646879148
mp-1167,CF4,4.638,2.075,119.50144892296304,54.848704525616625
mp-11684,SiO2,110.695,59.798,217.504328132108,139.9806904947434
mp-1233,Cu6Sn5,79.958,14.854,92.54054045175516,41.510256686623386
mp-1575,CaC2,58.177,23.224,84.54918089275759,44.7421951445338
mp-1705,Sb2O5,125.537,75.478,204.37628861009765,124.5218107507074
mp-1819,SbO2,82.545,56.104,169.4105647313536,96.06367531734932
mp-21325,KO2,16.347,9.297,36.43422455324597,18.435119272180085
mp-2402,NaSi,17.961,10.842,39.60912868916198,22.642767965398836
mp-27148,BeP2,89.366,72.774,102.27754330445822,73.02890550431533
mp-2794,Fe5C2,230.615,87.878,208.69174463325427,147.35597704130024
mp-28266,P2Pd,110.324,58.503,137.7999814935951,80.92183081620217
mp-32570,Al2O3,197.042,111.213,233.328929861762,161.80420169780297
mp-486,NiP2,113.025,67.142,137.3820622548493,82.50259223637886
mp-540783,OsO4,3.799,2.284,99.47089814034686,42.74123172910514
mp-541013,TiI4,1.991,1.848,22.906194627329473,11.787155574657856
mp-557837,SiO2,14.613,32.297,171.8827389537303,93.41898038593992
mp-557993,BiO2,51.48,28.904,148.88006743954514,70.89063372102233
mp-558733,SiO2,263.994,193.946,347.5053490376841,240.83328224117557
mp-567907,P3N5,148.829,88.001,225.58348255620567,148.9916725114353
mp-570553,FeP4,135.276,114.39,169.44958335174485,116.7725349309594
mp-571193,MnP4,137.018,116.03,164.22466701493656,124.51640818787529
mp-7302,CrP4,125.759,101.107,144.23621672519013,114.11446920773564
mp-7547,BaSe2,30.263,12.256,40.2804455362423,19.386024267454477
mp-755453,MnP4,130.329,97.194,157.33393967902813,113.38015136100913
mp-28731,V6C5,237.852,175.41,338.8077330394308,207.1134749706824
mp-15951,BeF2,21.345,27.825,98.80643032406348,57.52432886479492
mp-306,B2O3,33.164,36.019,206.30452923432355,125.9139297941569
mp-489,Ge4Ir,108.621,58.027,133.19786295904512,64.81664502822846
mp-553432,TiO2,21.691,18.21,125.46958962988276,51.582149098298025
mp-634,HgS,9.306,7.553,43.36629799272167,17.89440591031077
mp-7000,SiO2,29.797,46.637,189.87194072576636,117.06517225457333
mp-733,GeO2,37.861,28.881,154.90653153993742,99.62411167194608
mp-223,GeO2,32.439,27.681,154.97950231290608,99.67654645451786
mp-6930,SiO2,33.568,46.226,189.6055827995434,116.1686652601707
mp-9252,HgS,7.841,7.541,43.15445911748456,17.860457824179942
mp-2056,Ni3Se2,105.255,47.072,135.76680303055193,55.815957100587944
mp-2351903,MgHg5,23.95,4.889,27.061842774051108,4.922394128340257
mp-30418,SnAu5,114.725,21.951,134.41455012344713,17.404115482316456
mp-362,Ni3S2,126.928,55.258,154.49670939087997,64.01670980699778
mp-546546,SiO2,63.433,31.521,157.68857083583714,105.68898804881684
mp-569103,Mg3Hg,40.607,6.856,45.56082606032203,21.976675856949782
mp-976976,MgPd5,140.811,37.371,156.23461336103145,54.82296796715486
mp-979459,Sm5Mg,35.469,16.772,38.59656677858233,18.842944148698297
mp-981935,Li5Mg,17.319,8.46,18.052877905441942,9.809153207441591
mp-1018649,BC5,376.878,331.922,462.7338581077731,371.9329125496809
mp-568619,SiC,213.208,188.038,250.9999386077828,198.07494285666536
mp-568656,SiC,213.229,187.484,251.88152537434607,204.22736862673736
mp-568696,SiC,213.095,188.173,250.691807847019,202.9768450481274
mp-568735,SiC,213.254,186.767,251.6214023509735,204.41070319195867
mp-570136,CuI,8.869,6.081,41.72777244861225,17.38894974620324
mp-570437,CdI2,6.7940000000000005,3.143,27.991210251560553,8.699041563468967
mp-570791,SiC,213.212,187.261,251.2050949107254,203.67436006161225
mp-570985,SiC,213.186,187.274,251.29728534810872,203.60041428763387
mp-582034,SiC,213.198,187.685,249.9754594488496,202.3314238332739
mp-775808,MgO,115.534,50.63,128.24488919141646,83.2267372163502
mp-995181,SnGe,4.869,2.614,7.04388135644015,5.219312270225843
mp-16886,CdAu,93.631,26.46,107.90670753312554,19.219551684475455
mp-597,TiNi,151.359,38.641,170.3439038860901,51.39614010532189
mp-12699,Ca3Au4,51.992,16.615,61.271039669021526,24.03052802433577
mp-12712,Zr3Pd4,144.324,30.697,166.2023684875465,42.29073566959723
mp-1407,Rh3Se8,74.501,46.162,121.65171252273568,74.49274082890945
mp-2164,Mo3S4,75.814,45.381,160.05231921052,92.74936691411482
mp-22849,BiI3,2.668,1.95,25.984385102741633,10.783236517431943
mp-23204,FeCl3,15.609,9.15,20.721750065176504,25.68281641341274
mp-23218,AsI3,3.438,2.604,29.348651730755396,15.040250215746855
mp-23275,TiCl3,6.025,3.743,53.63820032955226,22.317835997722774
mp-23281,SbI3,3.21,2.106,26.241440626414526,11.829899485236968
mp-23309,ScCl3,5.757,3.138,44.77764878438158,20.39152634891501
mp-27734,CrBr3,6.419,4.002,45.046553045846565,25.075465606887153
mp-2832,Cr2Se3,55.481,30.395,79.02839731717957,47.06869047455246
mp-30066,Sb7Pd20,139.813,28.979,160.61808232829156,44.85793843653704
mp-30357,Sr3Ag2,21.352,9.351,25.188749452439296,13.255809991169237
mp-567504,CrCl3,8.799,5.642,53.938858587354474,29.33113777102282
mp-567653,Ti3Ni4,156.786,39.688,177.04219028855138,55.22756219940943
mp-571518,WCl6,1.611,0.526,51.07997650038061,23.67975683305271
mp-669546,AlPd,149.807,62.629,164.5519508293475,71.6215128932573
mp-754455,Sc2O3,138.896,69.54,179.04093585993738,100.48272370065548
mp-754624,Al2O3,187.289,110.963,236.8653249058276,160.7270015477863
mp-8601,Te4Mo3,32.683,13.203,113.02279469921272,70.71813922660432
mp-9888,Ir3Se8,83.125,55.304,133.8830086984118,86.81297428454263
mp-1105780,Bi2O3,33.361,27.707,131.17265546479516,60.48558288152472
mp-2245,Si3N4,222.026,133.615,264.2187662832072,190.70463833278976
mp-568867,Si3N4,190.714,69.364,228.8780735139261,156.29398707270062
mp-672289,Ge3N4,163.42,90.833,191.51296090659267,137.32435002579513
mp-248,Fe2N,248.656,92.438,188.73626987688857,95.84984155393808
mp-33090,V2N,268.043,142.833,319.2441691847173,152.05767481674826
mp-567397,W2C,335.85,169.09,375.7068658370469,181.41784514390255
mp-569157,BiI3,3.613,2.172,25.105596143036035,10.53322594375851
mp-8780,Cr2N,288.234,141.769,271.3581430245878,166.4410593142603
mp-10014,TaS2,27.546,18.066,121.82244529611332,72.26168017900086
mp-11342,GaSe,14.697,10.32,54.51532414157765,38.75357116760502
mp-13150,BN,94.626,71.023,124.96245894285926,77.740071321947
mp-13456,ZnS,68.983,33.527,76.90979648543522,45.90469524191612
mp-1408285,TiO2,86.709,32.379,184.08126629402588,100.07892223379616
mp-1434,MoS2,24.506,16.102,109.92659093837048,78.89412017378899
mp-1547,NiS,120.17,60.39,150.77457519128913,62.354496503756565
mp-15651,NiSe,109.537,46.377,126.83578039383062,49.868051320112926
mp-22691,InSe,11.006,7.042,47.99454808430693,29.321153943004475
mp-23162,ZrCl2,15.281,12.215,83.94665103622228,54.28172285047129
mp-554405,ZnS,68.961,32.743,76.64950973994559,46.19647456987515
mp-555280,ZnS,69.547,33.563,76.78078229379443,45.36573046690283
mp-555763,ZnS,68.882,33.044,76.90330426047699,45.744258240204935
mp-755483,Al2O3,212.651,103.635,235.095935133545,158.35254866901332
mp-7581,MoSe2,19.537,14.459,107.5761132527815,77.70610768191757
mp-7597,NbSe2,20.516,13.817,101.933367321377,59.39173635638916
mp-7834,TaSe2,22.878,14.651,103.91840031929004,61.722862178447976
mp-938,GeTe,33.016,20.165,49.43530861054311,22.71064281849149
mp-966,NbS2,9.643,18.841,109.3302194825173,67.84308648446623
mp-9813,WS2,28.713,22.737,146.381577151668,103.29435210733472
mp-9947,SiC,213.105,188.499,250.4378151733305,202.44706800422895
mp-2750,Cr2Te3,42.043,25.838,59.06081691691717,36.863931282459845
mp-556464,SiO2,134.058,71.266,201.7756584337208,136.13036317222307
mp-755175,Al2O3,189.101,125.957,236.54801296583108,161.06772770982855
mp-1557,Mg3Au,57.636,34.45,66.56263902053095,33.89582399361738
mp-23706,YH3,78.381,54.412,100.82732581327342,77.02111129207756
mp-905,LaF3,102.112,39.391,122.78920280004957,50.72895981590628
mp-1008625,W2C,315.374,155.666,365.76192959166343,184.9183482495966
mp-1008632,V2C,218.716,99.627,318.70003918416774,169.93486911158163
mp-1017550,Be3N2,218.652,65.771,252.97242268227373,183.62785462592836
mp-1017552,Bi2O3,118.12,31.132,150.83642846845257,65.99396091284432
mp-1018107,ZrTe2,13.477,13.397,60.01937848928738,33.3846184059002
mp-1018138,VI2,9.164,5.8,33.46463285729048,18.393161283071024
mp-1018150,NbTe2,21.331,15.431,78.88584668635151,43.41766787514126
mp-10196,Ta2N,270.475,117.555,322.38178852190504,134.0098825486315
mp-10228,NbSe2,18.487,14.958,94.58998468055536,52.576680843104015
mp-1023939,MoS2,15.035,10.803,70.54918789641141,50.54657185656008
mp-1025044,AlNi2,170.075,37.02,188.01500672074093,51.44919906497267
mp-1028698,WSe2,16.447,12.676,95.62643166500617,65.08524018683087
mp-1038975,MgCd,40.188,8.885,44.84792100658705,15.893915477734382
mp-1057,Al3Ni2,131.24,87.345,144.9751213652795,94.71099355639444
mp-10886,Al3Cu2,97.903,49.461,121.87355529463645,64.4864538072834
mp-10901,Al3Pd2,127.891,63.127,139.9499644133661,71.85950396776974
mp-10905,Al3Pt2,150.267,77.09,172.7788848968792,82.83858671726799
mp-11107,Ac2O3,101.296,35.758,125.83991185118198,60.81958620142404
mp-1115,PtSe2,2.293,11.679,106.28571016014892,44.49751413265038
mp-11397,Ga3Ni2,118.283,64.945,136.8418832867696,71.93613992935798
mp-1170,SnS2,13.762,10.862,66.01879850237921,35.022960861894624
mp-1186,ZrS2,19.062,13.618,86.17062219232348,47.71887795452263
mp-1215,Ti2O,183.19,110.136,220.61049164587723,108.5876589931293
mp-13061,Y2O3,140.624,43.654,166.63985083493577,94.07862415501182
mp-13068,Lu2O3,155.662,47.365,187.1062611373567,111.99038592113432
mp-1391,Ag2F,78.406,18.365,87.03401277542719,23.748257356076508
mp-1690,TaS2,21.703,15.8,114.66928333791547,58.42311594214645
mp-1907,TiTe2,20.685,14.171,62.8413257565501,31.587082491667932
mp-1968,La2O3,116.022,39.07,141.162714273082,65.34927030579436
mp-2063,Pr2O3,121.654,39.845,146.82878095614245,78.80642299904977
mp-2076,ZrSe2,15.882,11.72,73.65486225996307,40.20517622967988
mp-21385,In3Ni2,105.586,55.446,109.00338206126015,52.200464447917525
mp-21400,Ga3Pt2,130.246,34.54,148.37165207380718,52.33664563867101
mp-2156,TiS2,18.003,15.707,86.14962865760381,50.2676610720133
mp-2194,TiSe2,11.057,5.916,75.00412720158123,39.42336294472753
mp-22787,Fe2Si,237.179,122.609,226.68126439701052,112.2202608534202
mp-2285,Te2Ir,48.777,20.99,94.3289831015963,41.68885244693335
mp-22877,VCl2,10.488,9.518,52.28445198099204,25.985423260480935
mp-22880,FeBr2,10.581,5.828,36.3437724219921,16.02080351905745
mp-23178,WCl6,1.108,0.59,50.440446306697865,25.130906767978843
mp-2318,Nb2C,223.238,61.973,272.8888522790805,141.43198200031892
mp-23205,MgI2,9.165,4.314,26.741606228230655,13.0876054840841
mp-23224,BiTe,23.047,14.843,48.76053542725028,19.44637111481951
mp-2578,NiTe2,57.823,22.605,87.5419458952056,35.38941304940545
mp-2646,Mg3Sb2,42.369,17.743,46.733815589720045,26.02072818959674
mp-2721,Ce2O3,120.983,47.005,140.96828918882667,68.52872771845418
mp-27785,TiBr2,3.721,5.097,50.16090077704145,29.888120998647636
mp-28013,MnI2,7.357,4.455,29.274897768955302,11.849078691603856
mp-28116,TiCl2,12.683,6.039,71.59515696399261,40.98516278638565
mp-28306,MnBr2,9.387,6.232,37.17514355535236,14.243539964399194
mp-29803,SiH,14.705,9.255,64.48055290316837,41.59388014466606
mp-29941,Sc2C,70.965,9.328,109.0690757935034,65.23218774647738
mp-29950,Nb3Cl8,12.959,8.72,78.57413798989532,42.13618558050021
mp-30031,CaI2,3.823,2.514,20.632270186954592,9.524095893746464
mp-30034,MgBr2,7.41,2.537,34.6880204908473,17.060603300427523
mp-30769,Li13Sn5,29.762,24.659,33.02186699150321,22.05506100582116
mp-32887,HfTe2,11.738,10.089,59.13759334370294,32.21985017249873
mp-399,Te2Pt,45.176,28.839,99.02443601101244,39.64670993458225
mp-510437,In3Pd2,88.536,35.851,98.96775334511352,38.89147545082939
mp-547622,Pm2O3,129.418,42.722,153.53204881168813,83.18535825198357
mp-567259,CdI2,9.621,1.967,28.017289282570832,8.691732716025806
mp-567510,BaSn2,32.687,17.29,36.663122251149645,18.573741069480015
mp-569018,Mg3Bi2,36.731,14.436,38.80341218072991,19.61092529520523
mp-569581,Bi2Pt,35.201,11.831,75.85026635474148,19.083801958124045
mp-569708,TiPt3,234.145,105.465,283.3118793736002,118.85968481160208
mp-569916,Al3Pt2,122.683,18.02,150.08501130476998,23.955835650043444
mp-570081,CuI,7.218,4.377,42.564295675774744,15.921904505026028
mp-570122,Cr3Te4,29.287,16.95,57.94512442344591,32.01802970090267
mp-570259,MgCl2,9.627,6.587,42.35212013544605,21.000296072730087
mp-570418,YbI2,4.411,0.321,39.05656621143047,17.62003035719585
mp-571096,FeCl2,8.913,5.459,37.731921876005465,16.45100438046328
mp-571122,FeI2,10.949,5.833,25.25728751780831,14.050024250232507
mp-617,PtO2,41.116,30.048,163.61574856064038,100.70577631225332
mp-665,SnSe2,11.592,9.691,59.85967737490324,28.260609065258983
mp-685055,CrTe2,30.068,16.759,57.93046101598963,22.582624785003265
mp-694,VSe2,17.979,11.236,78.55012199595096,43.536787716394855
mp-6997,Sb2Te,32.089,21.615,53.98088413644202,21.623050323439703
mp-7088,Ta2C,260.465,145.673,306.9906466927972,160.20454865423252
mp-7390,SrGe2,46.921,25.775,51.89226985248011,29.67217167551856
mp-753890,Ni2H,201.621,75.077,222.49252990693415,86.82702392063531
mp-7540,Cu3P,123.036,14.744,143.6127527178156,24.451176951664777
mp-755263,CrS2,33.052,19.441,69.99423228671128,43.82901271495158
mp-762,PtS2,20.713,8.299,117.70757250666216,54.48362837028008
mp-7655,BaSi2,50.296,36.821,54.674498136928264,33.342019662527896
mp-7711,Ag2O,94.131,21.968,102.00604526906598,25.20958959694465
mp-782,Te2Pd,53.053,17.97,89.53796563952032,33.04193508704712
mp-7891,Mg3As2,53.676,24.175,62.439577486220834,36.857959610874474
mp-8134,UO3,168.947,43.216,229.4775383412296,54.564492456408495
mp-8372,CaSi2,60.404,34.761,64.50473427481133,39.356394633750945
mp-9561,VS2,20.333,17.569,93.14539231623432,53.295961221045474
mp-973,U2N3,198.589,92.753,222.65546748745373,107.87151486920878
mp-985829,HfS2,14.334,12.581,87.7075670199824,49.24174299786901
mp-985831,HfSe2,16.811,12.019,76.2826022901839,42.62695194498439
mp-995122,NbS2,11.912,13.306,107.2399042467935,60.78299966005861
mp-1008776,SrC2,53.228,19.779,78.33704925250356,33.36284501114482
mp-1009653,CaC2,59.422,8.76,83.64122642346064,30.721539979892743
mp-1013526,VS2,16.881,13.814,94.62279219024336,56.476251899992654
mp-1024,CaGe2,7.822,9.098,63.40660393661726,41.65600315394808
mp-10264,NiTe,34.863,15.722,84.24738194034428,34.633566440048085
mp-1038972,MgCd,40.284,14.201,46.225611701094,14.988264381628603
mp-1039368,CaMg,21.47,8.429,22.561879136499844,7.887959785138584
mp-1095562,TbCo3,35.76,3.478,139.2784649209341,49.660178723961586
mp-1102078,DyNi3,130.886,52.85,143.34963716290218,65.22554297203716
mp-1102187,SmFe3,101.016,37.118,124.78724376494426,45.34089006546315
mp-11273,Be3Nb,153.691,115.023,178.4781925057288,125.55639527626792
mp-11693,TePt,46.872,19.788,117.5936123525522,40.677076920677074
mp-1189382,La2Co7,340.64,37.755,118.44476228580513,37.47855709818078
mp-1201,Sb2Te3,19.094,13.921,48.392017040588485,20.093604937080872
mp-1223677,Ir4Os,354.211,214.796,449.5789981881559,262.63263092137237
mp-1223860,IrRu,326.804,201.523,409.064705483442,265.0764950657292
mp-12283,Li5Tl2,24.305,16.195,28.186984168650277,15.012585872974771
mp-1245,Sr2N,24.67,9.666,41.368128733556944,23.812649440572
mp-12574,Dy2C,57.181,26.988,87.5024874069661,48.31778720967678
mp-12648,Ti2Be17,126.701,144.287,150.54100922764363,156.08689861649538
mp-1334,Y2C,59.24,31.783,85.65003288951665,49.9971021774467
mp-1346,B6O,228.689,207.712,292.2230884845393,264.8373202976518
mp-1390618,SnO2,42.723,28.477,122.36489785412012,74.35040413189287
mp-1413688,CrS2,39.182,13.302,58.75208752334624,43.00478642401029
mp-1419175,SbO2,36.048,15.287,72.93972049161137,55.25544933677155
mp-1422029,MnS2,6.171,3.564,67.97982782496251,40.10829936559937
mp-1473,Fe7W6,337.469,85.018,288.6670809314859,130.54157463395546
mp-1591,Al4C3,159.382,112.747,179.31821388191815,136.16021509040058
mp-1640,Ho2C,60.21,28.625,90.89491926243912,50.73004665403967
mp-16506,Li3Al2,38.92,32.272,45.68297604907667,28.886430203446015
mp-17639,Y2Zn17,80.602,51.513,91.06823187277908,50.61439956168094
mp-1802,NbS2,25.187,11.629,105.2408945532347,60.15875844895941
mp-20050,InP3,47.968,22.314,78.14910439666873,44.63248851487416
mp-22003,NaN3,25.56,10.625,67.62768910046431,39.17157920277957
mp-22881,CdCl2,8.647,5.888,41.64797192244355,13.162032155298036
mp-22883,PbI2,3.943,0.925,22.633111935891822,9.11276075423475
mp-23210,MgCl2,8.66,6.263,42.63448747601807,21.31608945761273
mp-23229,FeCl2,9.771,6.402,38.98657390352176,17.932945469713328
mp-2331,B2Mo,300.149,211.409,355.12293109121015,229.60762452506455
mp-2425174,PuRu2,159.058,6.6530000000000005,191.917427089599,37.47367783018809
mp-2451,YAl3,71.776,44.156,81.88510019910458,63.42995669078658
mp-25433,TiO2,43.04,30.243,167.99772680872792,95.56043395536165
mp-2686,Ca2N,33.874,15.634,57.31287948761648,33.68537994834406
mp-2699,CaSi2,62.216,43.161,71.35833856283269,49.67808873184666
mp-2700,CaSi2,61.714,41.833,74.29411459788494,56.509914938229144
mp-27396,NiCl2,17.245,9.563,52.0421350729544,26.30144549490211
mp-27440,ZrCl,18.837,3.242,84.56481713120553,41.38797750735667
mp-27505,Fe3Sn2,108.798,53.526,120.38675437016067,57.06317119381221
mp-27507,ScCl,6.959,2.887,55.769496113252664,34.12595899592435
mp-27637,NiBr2,11.992,7.055,43.11556640529115,21.735052723593267
mp-27638,NiI2,20.29,6.877,34.16573973237548,17.631872263092195
mp-27679,LaBr,12.532,4.615,33.21951043328076,12.93034359945167
mp-27705,Li2Si,32.884,23.382,38.12731901503277,31.654036655609175
mp-27919,Ti8C5,168.542,97.532,234.75872549898045,136.13925169234275
mp-28233,MnCl2,7.158,4.202,42.40241798336896,16.314935993756894
mp-28395,B6P,198.464,173.797,246.40568503967003,226.15595842358337
mp-2876153,DyMn2,74.233,34.868,94.28238314914326,38.62796022836051
mp-30441,Be17Nb2,140.051,150.117,175.867253603931,165.86115813739423
mp-30766,Li5Sn2,29.691,21.604,33.578136034263814,21.68468819886945
mp-34202,Bi2Te3,14.402,11.629,47.485443105157344,20.45368203709592
mp-467,Th3N4,147.036,48.498,172.24657383133774,84.76625038900913
mp-534,B13N2,246.599,159.851,307.3865698323029,255.55355575088805
mp-540789,PbI2,14.975,1.087,22.457774121834476,10.396238280686989
mp-541837,Bi2Se3,10.752,7.588,55.30908812817129,24.60457012894709
mp-542458,Ce2Zn17,76.111,52.03,88.03270439138859,50.030245041243504
mp-555037,TaS2,21.258,14.506,119.24902158736742,62.71056209847679
mp-557762,TiS,128.998,77.715,136.51902476012089,70.26682387541007
mp-558110,TiS2,5.928,13.215,65.7136543642898,38.14680388421027
mp-567456,CaGe2,49.42,36.036,63.79366030006632,47.280855750228326
mp-567724,TaSe2,19.6,11.97,98.12135312099738,51.033857424448314
mp-567747,Co7Mo6,317.793,121.476,271.4722711585499,124.86222098945905
mp-568233,CdI2,8.158,4.29,27.99633300979401,8.83333143072341
mp-569196,YNi3,134.026,48.827,141.89631464569823,63.8201984795168
mp-569594,Fe7Mo6,253.202,109.706,241.8253149427724,112.61958948348769
mp-569960,ZnBr2,9.581,4.594,39.18774645550611,11.761809746301076
mp-571149,Tb2Fe17,101.385,55.69,130.43567428209724,62.57566973676306
mp-571655,B4C,116.418,28.245,184.15949759376272,107.37027149031812
mp-576,B13C2,223.146,155.259,286.82794677100344,243.0436680237591
mp-644311,CuPt,190.686,68.019,234.23834591451285,79.0488639600102
mp-692,Tb2C,56.514,23.825,82.5743648518442,45.866437534985465
mp-696746,B4C,226.426,176.541,292.7883754517334,242.39617524714535
mp-7250,Nb6Co7,220.75,89.264,229.7096793593177,90.75965050278822
mp-7285,HfNi3,176.825,75.969,197.3621814285481,88.43730771311374
mp-753746,Rb2O,5.74,3.671,17.29823968695057,8.061261615740836
mp-7541,SnP3,43.262,25.39,74.36293662120055,41.96543022137158
mp-7542,GeP3,48.704,32.336,81.48629064324567,57.15503979804357
mp-754434,Hf3N4,212.613,66.114,258.07436670757033,151.47608592315422
mp-7988,Cs2O,6.526,3.041,18.754188858299468,6.763371272488936
mp-8101,WN2,311.395,69.541,424.0012848418584,153.84428158211145
mp-862656,ErAl3,76.785,56.514,85.34249480209975,64.58060484997364
mp-8628,Te4Pt3,47.518,24.441,110.0549970237795,41.016970453612295
mp-865373,YCo,53.429,22.17,83.81740853406916,31.894467480369784
mp-880,Pr2Fe17,140.767,63.032,128.10802666924835,53.613182403592894
mp-898,HoAl3,76.254,56.689,83.12975431723801,64.98055755311066
mp-9568,Li3Ga2,38.44,28.594,43.481568535848936,29.228121091898007
mp-978496,SiB4,129.631,90.777,215.35970152267345,148.14189157083115
mp-9889,GaS,14.686,9.646,62.04216155814189,39.447107902866485
mp-990084,Na2Cl,13.51,6.628,17.047771304053736,8.015375248113296
mp-999259,RuC,284.565,160.065,353.30078545255253,198.29421876109944
mp-2654,Al2S3,32.575,21.529,81.76172603187746,51.03356125461739
mp-1025421,SmO3,67.594,23.832,371.8970168484924,36.09682097770458
mp-1025565,HoO3,71.744,29.665,271.7283539740996,24.20651354523075
mp-13852,Ge3N4,174.776,82.389,197.8966976336243,142.44995343849547
mp-1985,C3N4,408.257,313.794,466.5900418384623,362.0252070521378
mp-22896,LaCl3,31.744,16.294,53.94783160945412,23.065860389761685
mp-23183,NdCl3,34.633,17.807,57.752895907721786,24.539304646493385
mp-23184,BCl3,0.113,0.102,18.515346136991717,9.505583431710743
mp-23189,BI3,0.806,0.637,12.949167966317322,6.901785234587037
mp-23208,UCl3,31.673,16.753,52.131564950109606,23.386697020320433
mp-23255,UBr3,25.058,13.099,43.0224683331695,18.831924308146174
mp-23263,LaBr3,25.473,13.286,43.78904593575821,18.35632205524515
mp-23265,GdCl3,29.009,15.213,57.99297827823492,23.944555686263595
mp-27971,AcCl3,27.477,14.801,52.11753808308674,21.809901019494568
mp-27972,AcBr3,24.348,12.791,42.45540678350738,17.723325635438556
mp-542854,Mg9Si5,58.465,38.545,64.89613436456726,37.1234075433399
mp-568170,TbCl3,26.359,14.238,58.867311273744555,25.94580350417392
mp-988,Si3N4,234.569,122.364,262.0052192382864,191.3073387558416
mp-11190,VSi2,174.655,148.681,207.12367633028677,157.44199095658888
mp-11191,CrSi2,194.648,156.37,211.37901080265664,181.014357752842
mp-11192,TaSi2,184.679,145.713,236.05083539022405,153.6644806308805
mp-12104,NbSi2,175.016,142.771,213.77764704404203,153.72678895895152
mp-12524,Al2W,158.714,171.783,158.51041101600478,99.3245969629774
mp-2675163,WN2,100.955,24.65,146.27013563272908,62.66039628219904
mp-2872104,CdTe,39.084,15.381,42.25798380605791,20.742341669063713
mp-1047,Ca3N2,70.981,33.499,73.6563378231099,42.58879141646059
mp-1143,Al2O3,231.003,128.563,259.10522500561024,177.9101837506969
mp-13679,PdF3,27.619,18.473,105.46593281099904,38.91875357696914
mp-14024,Zr3O,131.559,52.09,167.44055907322715,75.85773763058744
mp-16860,Mg13Ir3,60.24,27.013,71.50059986500848,39.79534618240682
mp-2068,RhF3,55.159,28.711,141.3061777826105,68.44046909971652
mp-22323,In2O3,149.39,52.286,164.3986285453751,77.95518262081578
mp-22375,In2S3,70.535,20.656,78.30798286934855,30.71177547988336
mp-23933,AlH3,27.922,35.304,86.03295039692813,56.34566572898451
mp-2552,TeO3,89.234,77.836,182.6765910865692,129.74250386478846
mp-28044,TmCl3,12.303,11.563,51.36792901425264,23.899550115470213
mp-2826,Lu2S3,76.765,26.429,85.262068138701,48.581501813848135
mp-458,Ti2O3,214.394,74.827,237.6082342518146,108.12547896345798
mp-468,AlF3,39.119,49.835,137.94925013970465,80.19906803085551
mp-571053,Al5Mo,117.921,82.612,147.58873264710604,92.59833903201748
mp-754759,Y2O3,135.891,53.717,155.35258082117983,84.75696446851967
mp-755313,Sc2O3,172.651,70.819,188.9064353256334,104.72270429801604
mp-7586,Ni3C,198.324,58.221,263.18223806276455,97.34770814911025
mp-861979,Ir2S3,165.426,71.569,195.1459421726905,95.12736579960784
mp-864675,Yb3N2,74.904,29.069,134.11077500671502,85.75678943875705
mp-866066,B2S3,20.061,14.14,45.46340291967965,23.71084450277356
mp-866083,Zr3N2,195.246,102.252,224.6823591493551,126.04318986840416
mp-10711,VSi2,175.432,148.53,207.12109222274077,157.44349597770196
mp-1222,CrSi2,194.579,156.409,211.92693436563476,181.4145695319855
mp-2137,Mg2Ni,71.061,33.4,71.39434296474128,37.20756852836768
mp-2478,NbSi2,175.204,142.4,213.79312814623955,153.7338174336783
mp-30047,Sn2Mo,117.067,70.54,143.2150878855373,65.65352426930913
mp-363,NbGe2,144.24,108.792,182.317076089913,113.57962693743656
mp-517,TaSi2,184.701,145.738,236.03231796311692,153.65448885497105
mp-6922,SiO2,134.073,35.048,183.61409961714625,100.16790152427714
mp-7558,TaGe2,148.824,108.018,204.9811250477486,116.8255611666559
mp-8938,Si2Mo,207.258,149.363,251.2574662003173,155.48563073244154
mp-8939,Si2W,220.371,147.913,270.7629829295699,164.81980363477825
mp-1017,Zr3O,132.953,59.206,167.3986589665476,75.25202718312669
mp-13154,Fe3C,201.825,90.624,191.88253943694295,100.00983849972556
mp-1804,Fe3N,253.773,180.178,152.55497573632462,88.71574981155135
mp-2033,Ni3N,201.929,73.848,250.804912319998,81.84215863542786
mp-30337,Al5W,126.403,102.302,151.9803372999999,91.7840341448932
mp-568607,Al5Mo,119.966,97.442,145.9301497525244,88.10147226863516
mp-9761,ReO3,158.374,111.219,293.9129329733465,156.54166239374462
mp-17783,Mg3Au,57.457,34.638,66.54193509721496,33.93657629395592
mp-18707,Mg3Pt,69.596,23.933,78.46092771092314,39.74365653666839
mp-18712,Mg3Pd,76.484,25.948,65.62039901213473,32.988359722448656
mp-334,LaF3,101.191,39.28,122.91906981108652,50.87950135222474
mp-542429,Mg3Rh,65.593,26.555,73.3881744996331,36.58119631011079
mp-568419,Mg3Ir,75.799,31.014,84.40839619357314,42.5530729675448
mp-7463,Cu3P,124.032,41.154,144.1786704411873,44.21635200285557
mp-1024071,SiPt2,205.034,28.066,250.97328706253364,60.72212527850442
mp-1079254,Co2As,183.184,108.614,204.53864933648265,83.74587824878306
mp-11584,Lu8Te,49.878,35.782,52.28696852299104,33.367561881177075
mp-1279,TaN,306.305,181.327,337.5454966567129,167.6574137624903
mp-13446,Co2P,229.015,133.101,253.26941885722135,110.00862599571376
mp-1345,CaP,52.775,33.528,60.96662614613928,41.89646740479671
mp-1545896,Li2Sb,33.938,23.465,35.80083224365591,24.075045708881856
mp-1849,Mn2P,193.549,101.56,177.24547636959124,102.0224777429933
mp-20061,GePt2,176.427,32.814,214.5758563577672,42.55977586550267
mp-21167,Ni2P,191.012,38.833,213.2576483205346,66.11307096169449
mp-2340,Na2O2,49.866,29.996,68.41745087105136,40.04791610064773
mp-308,U3O8,163.668,48.125,193.55479596649707,74.10487973190709
mp-30839,Th3Pd5,79.566,21.272,108.6908407268101,22.589055402529215
mp-31326,Mg2In,6.144,347.437,43.61819468232896,20.53680766662506
mp-349,Yb3Si5,52.419,41.818,110.06288633735522,76.04777027276975
mp-409,NaS,26.857,13.293,34.43816334350318,19.4616596001248
mp-423,GePd2,152.76,42.417,169.55676669357817,49.175741711748095
mp-567244,Mg2Tl,35.591,17.201,39.05522577305959,16.44200667239776
mp-568536,BaI2,21.274,7.604,24.21276337945773,10.562038835610355
mp-578,GaAg2,82.611,21.947,93.84235376079376,28.510970256890666
mp-697068,SiPd2,177.478,48.503,197.58603437074777,60.58998453869182
mp-767,Yb3Ge5,43.833,34.758,94.11640256679726,50.66629336605646
mp-778,Fe2P,219.035,94.973,199.26313754453815,101.44715160005283
mp-7931,SrP,44.749,26.944,53.75036896674443,33.450155363142386
mp-865604,Li5Mg,17.412,9.799,17.969162366189057,9.964709136317634
mp-888,CaAs,46.134,28.543,51.69717322141903,35.47141805321147
mp-9063,RbSe,12.853,6.659,19.40943116306309,11.02532598889382
mp-972954,MgCd2,42.98,4.888,48.78172384691638,14.451654411654191
mp-977059,MgPd5,140.05,44.646,153.11574715317414,53.9252435128862
mp-1001827,IrC,323.532,82.577,420.25544097931663,104.67321985290008
mp-1002188,TcB,302.964,177.149,339.87372851502784,187.15909249391143
mp-10030,RuC,337.414,77.299,418.4791247034974,186.51036552772993
mp-1008798,ReN2,332.601,140.635,348.96741725594603,197.87523249431337
mp-1008805,ReC2,348.477,205.664,378.5105796153634,207.38843812364868
mp-1008835,OsC2,357.547,194.292,411.63575685616513,216.606984892482
mp-1008965,CdN,100.433,3.451,114.97645767406264,26.450900541300523
mp-1009129,MgO,139.206,49.435,152.8696920415608,67.16678424909796
mp-1009646,ReN,376.048,8.778,469.61648499118303,192.17378748050623
mp-1009735,ReC,411.017,234.143,463.1213598037482,258.0803306039142
mp-1009838,ZrN,217.333,121.807,249.84604633194564,121.96023532311672
mp-1017987,Tc3N,331.138,180.392,405.1205329068113,188.8068764775007
mp-1018027,VN,334.002,255.479,456.5935594157712,292.298727783518
mp-1018028,TiS,139.693,101.235,147.08741111665958,100.46710602212656
mp-1018050,CrC,336.54,249.439,396.32184700453473,268.1643531841377
mp-1023924,MoS2,10.685,8.675,52.09286750811377,36.83575764151453
mp-1023934,MoSe2,9.262,6.3629999999999995,45.91952848969285,32.7139978031469
mp-1023936,WSe2,9.224,7.663,54.65276544275655,37.12059181783647
mp-1025571,WS2,19.263,14.933,97.8375573614025,68.97100486714996
mp-1025799,MoSe2,13.904,9.713,73.12826247748035,52.62941903078708
mp-1025874,MoS2,17.107,11.985,79.39538293120981,57.165611095588304
mp-1038715,CeMg,35.967,36.589,42.69060061993323,30.342404303597316
mp-1038724,Ca2Mg,19.546,5.786,21.22935252007198,11.81338839093695
mp-1038829,MgCd,40.104,51.088,46.085687520922754,16.010247523986656
mp-1038915,CaZn,26.262,9.932,27.49737817800196,11.96311937604524
mp-1038961,CaMg,21.589,6.514,23.283908465210647,12.05605192944711
mp-1039019,MgAl,48.143,7.203,56.81011590043753,26.677827858809025
mp-1039055,Mg3Cd,38.741,13.855,42.55126709857097,19.32931540357732
mp-1039385,Ca5Mg,18.063,7.009,19.584673137333304,11.48403811475826
mp-1039434,Mg5Cd,38.04,17.452,42.13059316993843,20.265344380259453
mp-11807,LiPt,113.442,51.982,128.5169879183012,58.69986574418909
mp-1183691,CrN,357.173,229.681,471.996929015903,291.3090316922806
mp-1217363,TcRu,306.075,167.325,351.3802620329506,170.11987989233683
mp-1219503,RuRh,282.182,137.973,337.079061577986,180.08689783929603
mp-1219509,ReOs,385.891,243.938,413.3092357758953,224.64366550441684
mp-1220023,OsRu,355.651,219.581,413.8433833336224,245.94961155271625
mp-1223655,IrOs,374.508,195.756,442.5963253613794,245.7275246989231
mp-13036,MoN,348.484,164.499,404.3861829410408,224.3300580827085
mp-1459,TaN,337.979,235.294,373.4471674987035,253.7723595861571
mp-1539,ZrTe,94.136,55.771,109.53558660305524,70.33939098236927
mp-1572,GaSe,14.135,9.134,54.37995991830246,38.6763915006032
mp-1874,NbS2,10.712,6.562,50.75326077079188,31.71321936614741
mp-1894,WC,380.208,263.151,432.14918872756687,272.0270880526177
mp-219,MoP,219.328,133.065,243.66634505276664,143.37877795458846
mp-2243,NbS,178.147,98.782,226.75520414947184,115.24753547954764
mp-2305,MoC,349.501,241.645,396.3682057053188,241.80648458913004
mp-2352722,Al2O3,42.688,0.799,145.59828750147287,90.6388926862062
mp-2634,NbN,312.566,209.5,347.8312211386462,206.0491202403024
mp-2744,LiPd,79.812,34.789,86.5066230424456,39.50947018440641
mp-2771569,CdS,14.2,4.464,15.9369171061014,9.488605463517974
mp-279,LiIr,141.786,68.118,166.23355502053576,74.76905198876065
mp-567885,C3N4,90.698,70.15,104.25974392178212,100.12404987710102
mp-571133,NbSe2,20.549,13.684,105.9093751159101,61.39200050794901
mp-571270,NbSe2,27.022,17.146,99.59235750884696,59.31482693234062
mp-600561,LiRh,106.321,41.679,120.00441934717006,53.344020156293546
mp-604884,BN,102.403,73.415,124.239977530987,77.37575259278154
mp-643063,NbSe2,21.889,15.092,100.42761384370692,59.4825817656725
mp-7142,OsC,384.511,61.473,484.3237358214504,204.11080364563193
mp-755264,TiO,234.957,165.923,249.6343372544721,164.1852225346222
mp-7760,AlSn,49.054,28.861,50.13628933981551,11.09399489482137
mp-865430,YTe,59.171,38.592,69.55607171860679,48.05075944803098
mp-867290,TbTe,60.402,39.055,69.12814531871093,46.643960285087616
mp-971933,YZr,62.206,36.189,73.84524054093735,39.3758583398479
mp-972692,SnPb,44.231,14.712,48.07259888243291,8.355486288434191
mp-972742,SmBr,46.102,32.427,47.720737579721884,32.404348453064344
mp-972845,SiMo,199.027,101.53,217.82795774914632,126.22492038817244
mp-973229,ScNb,102.567,32.331,109.65977559091571,25.827130637086785
mp-973534,FeRe,319.664,156.612,289.491073565065,126.98365535667944
mp-974421,IrRu,329.122,156.327,399.0064483866034,224.90292814445849
mp-974435,Re3N,388.181,212.936,455.6274855389531,220.9054698852668
mp-976292,NaCu,33.222,11.216,37.16809403586674,14.498269226278806
mp-978009,HgOs,188.781,64.102,226.2494696383324,63.84604213315363
mp-978918,TbZr,59.661,32.407,76.27909654153008,36.38599672613109
mp-979011,TmZr,67.086,40.177,78.63834724952181,40.94972686970453
mp-981458,YbTa,73.373,28.309,120.82585448523646,42.656298572405326
mp-982596,TbSc,45.098,28.229,48.55768017577043,31.320092094001662
mp-982779,NbTe,118.463,64.213,137.57652831847338,75.64053553524349
mp-983459,HfZr,101.368,45.497,118.13718453670585,44.89272450442445
mp-991,WN,375.17,165.988,449.2331106139053,279.1017373132419
mp-997617,BOs,354.637,212.354,415.04113701208246,227.88534550871768
mp-998900,TcN,336.076,34.576,462.1861333990076,210.77755200213412
mp-999549,WN2,352.115,226.611,360.4450958235695,271.51354481556643
mp-30650,Mg2Ga,45.747,25.13,48.82279347128925,26.320466306454502
mp-23280,AsCl3,0.557,0.311,25.729123166394412,12.791263810334495
mp-28336,Li3P7,24.186,11.791,74.28681687111974,45.58523012633472
mp-561664,TeF4,11.814,7.157,83.10314529005666,46.80638399338074
mp-568936,Ag2Se,56.451,12.175,73.585298524712,19.65419133480934
mp-7440,NaP,29.048,12.804,44.475052975773984,23.57385275796695
mp-7595,GeF2,8.284,6.065,58.26462944331899,28.219742662960357
mp-776896,Nb2O5,55.283,25.761,158.5979154218679,80.52911117612507
mp-8377,TeO2,21.082,23.269,126.00336767639112,66.03428313518275
mp-10736,Ba3N,12.544,5.365,23.138426644468336,11.268316475462862
mp-1105737,Dy5Ge3,71.114,51.133,78.82785061558684,51.27351857123568
mp-1111,Mn5Si3,313.656,101.503,183.8560177790427,131.76180369045406
mp-11465,Mg5Hg3,42.841,19.557,51.85412299388252,21.73254384413268
mp-11801,K3N,2.72,1.43,5.315424448929218,3.2165212510266703
mp-11854,Er5Ge3,73.265,55.383,81.49222524539965,53.541560217353904
mp-12467,Ca5Sb3,36.153,25.807,40.22168629229709,27.466096105433692
mp-13236,Ho5Si3,75.03,50.53,81.91722676479057,54.51560982363798
mp-15965,Hf5Si3,140.749,88.346,164.7514724713294,109.05242464814285
mp-17124,Pr5Ge3,56.951,20.961,61.62574001259848,32.67202586667417
mp-17190,Sc5Ge3,84.782,67.801,91.68694160116549,70.12918750312531
mp-17332,Sc5Ga3,70.414,68.245,74.63146692405135,46.697721454270386
mp-17695,Sc5Sn3,72.275,52.028,80.09999466267065,57.94016566602177
mp-17751,Y5Ge3,70.05,52.258,78.66698131921456,52.30725395877556
mp-20847,Ti5Sn3,106.614,50.343,115.83575379383082,85.23989798076344
mp-2108,Ti5Si3,139.791,94.124,169.50246551746423,118.68144828263526
mp-21104,Hf5Sn3,113.876,48.717,121.68460400899392,77.81913796940243
mp-22871,ZrCl3,4.878,3.407,55.41713112985161,28.097651996398778
mp-23223,TiI3,2.037,0.079,29.26617732367779,16.26055290598077
mp-23247,ZrBr3,5.309,3.074,41.28906013067077,20.959534253942564
mp-23282,ZrI3,3.862,2.612,32.9570922303786,17.124415810105166
mp-2361,Hf5Al3,111.876,23.687,114.50311725383632,76.4816927557095
mp-29621,Ba5Bi3,6.865,14.483,23.54386035980728,13.987141428975688
mp-449,Fe5Si3,175.831,104.859,201.67015914928095,112.58102734847348
mp-510503,Nd5Sn3,53.972,30.308,61.00568477080202,34.54486613415171
mp-510691,Hf5Sn4,111.118,64.424,122.16364101756696,63.511256828301626
mp-543001,Zr5Sn4,104.158,64.238,115.98174598436128,64.98294883495566
mp-567412,Y5Sn3,62.369,45.075,73.29205165505715,49.190213394998935
mp-567871,Nb5Si3,185.606,169.219,215.90955142690032,119.66633004187028
mp-568002,HfI3,5.829,2.043,35.005126735962655,18.668444607201728
mp-570196,Zr5Sb4,106.781,50.269,120.32804105455295,55.25693239432739
mp-570483,V5Si3,187.603,53.794,210.27286714763693,142.2069512145051
mp-570722,NbI3,3.502,2.302,37.6229594688878,20.912580539803
mp-571143,TiCl3,6.621,3.142,45.69443250531685,23.50226549996455
mp-7822,Sc5Si3,87.764,72.307,92.20397825043224,71.04621555898265
mp-1001581,LiC6,150.185,115.671,149.3908746669899,102.76446151560128
mp-1008568,ZrTi2,106.1,49.525,111.50764655202236,30.134659742892193
mp-1009655,CaC2,185.823,165.657,234.87255425542716,154.06392468070052
mp-1009695,CaB2,121.439,104.665,125.94940239996308,115.41572763063766
mp-1009823,BeB2,191.338,52.725,210.03368943314396,74.38315539776235
mp-10141,SmB2,140.817,106.77,144.90915585159678,124.88328874417208
mp-10144,B2W,321.856,144.049,422.4479314561318,199.5650615614724
mp-10186,PuSi2,94.62,49.752,113.97545975133964,72.83600580503199
mp-1021323,LiC12,140.283,106.231,148.58013843306676,102.23091950705684
mp-1025,ThAu2,107.422,37.338,122.75892289138208,37.96304629614947
mp-1025030,ErPt5,189.776,76.477,222.66527254248143,82.08677719121194
mp-1025223,Hf4Al3,116.342,87.932,122.66191506635964,84.875501528028
mp-1037,PrPt5,181.498,71.476,212.3547059541009,79.5929530269209
mp-1103,LuSi2,89.031,18.279,98.11248768358764,56.45944322040337
mp-1108,TaB2,303.164,199.428,355.16011713837446,238.63577144323853
mp-11267,BaHg2,23.258,5.763,26.9820041000932,11.60368420719748
mp-11277,ScBe5,108.626,103.678,122.3744099489914,117.24661741370596
mp-11280,TiBe12,122.106,39.713,140.8603011226007,143.30762053298184
mp-11283,ZrBe5,126.39,114.539,139.92625869536707,121.33777846346928
mp-11287,CaHg2,38.37,17.551,42.78118197115017,19.08274877897212
mp-11294,DyCd2,57.069,32.037,62.04527090032197,32.843731247760445
mp-11301,HoCd2,57.077,33.057,63.39198223444913,33.7716731505076
mp-11363,TbCu5,109.637,39.212,121.45696416313548,47.26181327632958
mp-11367,DyHg2,63.191,28.091,72.45684291561669,32.644884240032766
mp-11369,ErHg2,66.229,27.641,74.83741879587983,34.23230526308839
mp-11382,NdFe5,102.413,56.671,131.58440166863429,58.83625593418688
mp-11385,YFe5,119.682,224.371,130.19191635030097,66.68472188258342
mp-1140,NdCu5,101.881,36.16,113.03394235651642,42.390428475899945
mp-1145,TiB2,254.22,257.473,323.5941678927868,288.29631572772803
mp-11461,HoHg2,63.968,27.217,74.80383860347762,33.99683331468342
mp-11466,NaHg2,18.769,8.158,28.17546964619206,10.672034478598954
mp-11468,NdHg2,55.521,23.982,61.439169033248085,26.303199997651568
mp-11472,SrHg2,30.199,11.573,34.39737029194251,16.233487965309546
mp-11526,TmNi5,155.253,75.801,167.00096822335456,78.6957933839566
mp-11553,TlPt,62.299,7.605,54.037242179841726,13.280122542923682
mp-11562,TbRh5,179.088,76.027,202.5031952931583,88.3254703701503
mp-11565,YRh5,178.749,76.122,197.20764695522135,86.55195148189944
mp-1179,DyNi5,152.06,73.223,164.18647243878462,76.63314902703284
mp-11826,CaPd5,115.09,50.004,126.58503627096736,51.46503354863431
mp-12055,LaCd2,45.263,26.186,48.94914710103089,25.968457904585392
mp-12072,UAu2,111.096,48.418,127.4139820792242,50.128839818444305
mp-1209,RbAu5,71.996,25.159,84.58756304695517,28.58577823673976
mp-1210,ThCd2,66.397,37.237,75.76731622097734,39.003315955425975
mp-1219,BaGa2,35.919,24.771,39.00867660126063,27.59170259479443
mp-1252,ZrBe2,118.38,89.18,111.3097166867067,81.33503164525489
mp-1256,HoGa2,74.229,50.758,79.43438013498499,56.46820829204648
mp-1260,SrPd5,106.301,46.203,117.8278368145323,48.183882249651965
mp-12602,PrZn5,73.779,34.33,78.98492182236131,45.57032483555251
mp-12752,Zr4Al3,107.665,78.177,116.20685427404328,73.7000583205066
mp-12892,CaSi2,53.843,61.724,61.67260524031658,38.50535263665571
mp-1331,YCd2,55.449,31.607,62.09195014797017,34.06712804510212
mp-13449,YbGa2,46.483,35.142,81.8410591869865,50.2446476733379
mp-1377,ThCu2,94.521,32.47,103.5306959588014,28.48220054848506
mp-1472,ZrB2,237.763,227.984,302.30775828237705,234.4144442487625
mp-1491,VB2,283.799,240.821,349.5967713461427,301.4233962832511
mp-1497,TaN,289.035,146.051,319.4843873921339,131.7748581877822
mp-1514,UB2,210.847,214.267,236.7017211870936,174.1293175736005
mp-1535,TbSi2,85.829,26.002,93.4659941164591,56.751707806464374
mp-1542,YB2,163.074,152.469,173.49272755920666,149.14077733212275
mp-1553,HoNi5,149.455,73.617,165.58892449811688,77.32131564572992
mp-1566,SmFe5,92.119,59.905,133.09725979725584,61.2395613535753
mp-1567,ThNi5,154.083,65.856,170.98795181935506,67.15242335588032
mp-1606,NbAu2,176.852,63.241,211.68710918928736,77.49273830679353
mp-1607,YbCu5,98.016,39.517,123.6719817534144,48.523758556966584
mp-1709,U2Ti,130.716,129.399,153.6781274181726,98.549400641711
mp-1734,CaZn5,59.683,35.088,64.45013179478241,37.22949124335607
mp-1752,HoSi2,87.904,19.987,98.37203512124384,59.452562404261315
mp-1754,UHg2,72.435,37.696,95.25399215196614,40.02184872854931
mp-1774,ErB2,171.507,164.724,181.9597138930794,167.43820575769757
mp-1814,BaAg5,52.275,8.453,62.324828553425505,23.477558824238333
mp-182,SrGa2,41.237,31.131,45.20844713454457,33.10753051723618
mp-1831,SrAu5,90.516,27.279,106.59400660556284,30.530391006207715
mp-1832,LaPt5,178.329,71.862,209.24662863720505,77.38386001119476
mp-1882,CaCu5,90.279,36.849,102.40207744446928,43.770320305205466
mp-1910,CeNi5,146.347,65.083,162.75041408393574,66.19215675440388
mp-1914,YGa2,73.693,52.98,79.86511924272266,59.82832697185258
mp-19773,GdGa2,84.386,51.145,83.88674109825877,61.37646522941487
mp-19862,EuSi2,61.803,17.315,71.22282229653531,57.97473388961113
mp-19876,InNi,102.664,52.845,110.45397589726608,54.06402069088264
mp-1994,HfB2,252.303,244.359,309.72778991996665,254.18322766242233
mp-20064,DyGa2,74.223,51.788,77.56128666273337,60.17902052787603
mp-20125,GdSi2,101.405,15.334,111.51239877255684,75.77195925343115
mp-2025,HfBe5,130.956,120.416,148.37449193051785,132.36272504223896
mp-2051,LaCu2,67.31,20.287,71.83480918007437,21.235357405508378
mp-20536,CoSn,125.544,73.734,138.09038656869933,75.44714327195922
mp-2057,DyB2,167.701,152.964,173.26020622413816,151.8926378374946
mp-20632,UGa2,83.105,43.833,96.58566678445536,44.77361484457592
mp-21168,EuGa2,46.089,32.199,50.14503325936421,34.023757670384654
mp-21200,PuGa2,75.088,49.643,81.09640195711526,49.27430059047404
mp-21260,FeSn,95.179,53.266,111.68085794684688,66.34793954635721
mp-2145,ErSi2,87.942,22.573,97.19485507210948,58.72514166772866
mp-2152,YNi5,147.351,72.438,162.13658010813285,75.55379357356198
mp-2170,Li2Pt,66.968,30.516,71.41226708736887,33.41955305265317
mp-220,ThNi2,223.876,2.343,122.36301493250124,26.01015721912877
mp-22478,FeGe,152.403,77.414,149.10810663002545,83.80876800676013
mp-2251,Li3N,51.984,33.607,62.43945779430158,39.99979628645193
mp-2252,ScB2,191.13,195.809,234.10193520487343,211.8130185774346
mp-2267,HoB2,168.393,159.19,174.3011359327558,160.48431040933477
mp-227,SmCu5,104.928,37.739,117.29882039402492,44.48635034082611
mp-2317,LaNi5,114.252,59.861,143.2673327418686,60.44623550832114
mp-2370,PrNi5,139.425,63.816,151.00304428534494,66.55416994900031
mp-2410,SrAg5,60.814,21.072,69.1894752327675,26.550218037913055
mp-2422,ErGa2,74.361,49.575,80.1631362765999,55.995410937181674
mp-2424,LaZn5,70.032,33.134,75.3864101271426,43.06884586650539
mp-2435,HoCo5,377.141,59.059,153.53466852277282,61.21304806425453
mp-2462,PrCu5,99.806,34.941,110.53241509470058,40.647397405920245
mp-2524,NdGa2,70.177,53.203,68.96100251224269,55.75688819203179
mp-2553,HfBe2,127.5,108.178,122.538687987317,86.6929408089274
mp-2568,YSi2,85.401,29.796,87.51281717438445,52.08361203005095
mp-2606,BaPd5,99.329,39.724,107.63249908452812,41.59778555436843
mp-2645,YbNi5,131.006,69.809,171.90622191458257,80.65397723603422
mp-2684,TbGa2,73.518,52.463,80.65871079250749,60.38001939681066
mp-2689,ThFe5,117.852,50.22,134.87959183498972,54.75708688566888
mp-2740,ErCo5,215.833,50.054,153.34526318136972,62.16785862220219
mp-2797,YCu5,108.45,42.488,122.85254037631242,48.43995448674566
mp-2812,HoFe5,122.739,72.045,135.9872988209501,68.51903731567
mp-2827,YCo5,170.478,50.237,147.83695681152113,60.07363780461667
mp-2841,ScSi2,94.18,31.99,96.48945280216718,53.45756119472555
mp-30363,BaAu2,44.664,16.757,50.3804723368744,21.705442266856828
mp-30364,BaAu5,80.248,16.568,97.88513842112285,27.00781370118233
mp-30469,TlBi2,40.558,12.03,46.61393453926355,13.951686880783573
mp-30481,CaPt5,167.886,79.033,196.3798716338032,77.89936577760025
mp-30495,SmCd2,53.428,25.46,56.132530753188576,29.41929112050575
mp-30497,TbCd2,54.807,30.672,60.8567706171063,32.27043298412029
mp-30506,CeHg2,64.176,30.596,58.49811324967365,30.41440016235899
mp-30507,CeIr5,231.621,101.532,256.25718014384375,105.58571590702726
mp-30585,HoCu5,116.726,53.682,124.47102066965218,48.937449336775536
mp-30620,DyRh5,180.429,75.831,199.2770240994409,86.5820460442134
mp-30725,YHg2,62.527,27.952,73.2319789579296,34.02806359773702
mp-30753,LaPd5,126.008,47.043,140.33548821782898,50.7813809971887
mp-30801,NdZn5,75.202,36.423,81.1168684260195,46.9191406369059
mp-30808,TbNi5,143.336,72.199,163.37403595071467,75.31875544321922
mp-30885,YZn5,78.306,45.395,86.35727969683262,50.204856704975874
mp-309,ThAg2,83.938,36.124,92.07059095678387,32.412560442310465
mp-374,CrB2,259.702,185.971,325.40481306406355,264.53747646684275
mp-425,GdB2,153.466,127.484,164.0323886660228,136.415475216507
mp-450,NbB2,286.562,201.475,354.95405909206846,225.3831715425371
mp-477,SmGa2,71.852,53.193,73.71351508892778,59.9252906403713
mp-542568,EuAg5,65.098,20.975,72.55506117036427,27.18203967792364
mp-542777,CePt5,444.605,116.723,216.9303966155336,79.45880647046543
mp-567406,SmZn5,76.323,41.622,82.2337771802883,47.37611246398455
mp-567891,NdAg2,58.469,17.944,63.82484101629248,20.875436456071117
mp-568006,DyFe5,118.137,70.637,135.35703525484868,68.5708450923297
mp-568258,Fe2Ge,127.241,300.763,145.002651820777,-81.16856058739116
mp-568654,PrAg2,55.102,17.113,61.65636369596769,20.42719162538255
mp-569376,FeB2,276.937,126.51,263.0677841647941,98.214081766423
mp-569927,ErZn5,80.275,46.353,87.50217412882101,50.091179541480024
mp-570454,TaN,235.627,10.217,275.7143626675112,110.62517363491688
mp-570673,ScNi5,159.381,78.332,174.8838429442636,80.70719297219817
mp-570749,YbHg2,39.227,13.664,82.526122762936,37.35129379177427
mp-570832,SrPt5,158.423,71.316,191.9432242617296,77.26283574706086
mp-571172,In2Bi,33.986,7.887,40.17010888834997,-0.6614688141622832
mp-571292,ZnI2,7.077,38.176,14.883814408797589,-6.661401694454887
mp-571353,BaSn5,35.93,14.998,48.14230324210264,19.98103534863232
mp-579718,Th2Cu,65.07,9.32,66.96243923203293,17.468475391829898
mp-580,PuB2,120.478,143.495,165.42250002407766,144.04114785197535
mp-585,MnB2,253.476,171.71,251.40654629994728,173.4918768229538
mp-638,SrZn5,52.276,24.166,55.50141110810909,31.93549584416961
mp-668,PrGa2,69.061,52.941,69.07558811312401,54.808120898248625
mp-669,ThAl2,86.769,60.691,92.18797778633773,60.99723434766879
mp-672250,Ti3Ga,90.431,340.374,103.7184821370914,-64.47725615731866
mp-728,Li2Pd,50.698,21.97,55.19888117671327,24.727828991066904
mp-7497,ThSi2,105.59,47.811,123.67103584005908,59.91731270694927
mp-763,MgB2,147.434,114.34,151.1046151116829,129.2303689416695
mp-7701,BaSi2,51.685,11.65,53.9164618097877,32.61631308513345
mp-772,TmSi2,89.456,28.37,96.3523400116367,57.404553081039495
mp-774,CaNi5,115.071,63.525,135.65075173535988,67.41226034708171
mp-7954,Nd2O3,98.225,37.433,108.11647861835344,52.49020175829876
mp-800,TmB2,175.007,164.653,182.04529160192905,168.45906582389824
mp-811,BaPt5,147.734,62.266,177.55070265298957,67.83065071457081
mp-853,ErNi5,151.736,74.924,166.6373147418446,77.99783435511065
mp-866189,CeCd2,47.338,27.939,54.1741550855239,32.89379826048635
mp-944,AlB2,190.335,144.826,218.27031656116245,130.4583858705326
mp-960,B2Mo,303.426,158.777,360.4400433947635,193.082659250917
mp-965,TbB2,160.306,144.669,164.43441010860036,145.32678788263814
mp-973935,OsN2,207.427,115.236,250.04097628831093,134.6816380204316
mp-980,USi2,120.789,64.11,139.6740389996576,86.9931196552321
mp-981214,SrMg5,28.947,16.656,31.606413143452816,19.98978762544123
mp-985578,AlFe,90.176,5.364,100.38446407650648,129.52286465945588
mp-985579,AlFe2,147.957,50.081,154.10038913718776,63.45258071772682
mp-992,CaGa2,37.61,27.803,45.286212500759504,31.4903022513338
mp-993,DySi2,87.052,23.018,91.48902438807929,56.20926909453155
mp-999496,Na3N,27.127,13.547,28.82647120338432,17.916293660168463
mp-1025397,GeRu,171.945,78.948,245.3764208174696,112.83530549926454
mp-1025551,GaPt,167.158,51.944,198.17549407778307,60.52075797788106
mp-1078464,MnGe,142.529,76.408,149.58206123244204,142.29479988063338
mp-1078526,GaPd,141.771,9.952,152.25576525094095,57.85769753530438
mp-10904,AlPt,179.259,74.581,207.6390377944797,80.83764653811203
mp-1431,MnSi,203.381,142.935,227.70036168558627,165.1425006484
mp-1483,SiRh,221.514,83.86,264.9582531564853,108.17560046620392
mp-1490,AlAu4,127.118,15.302,148.62715805516623,28.271417496426313
mp-189,SiRu,203.638,99.337,284.6635447666526,145.96792762454473
mp-20861,CrGe,157.411,86.842,171.12317570767047,121.4192301828693
mp-20866,GeRh,101.132,47.092,217.74904721025703,81.8249968608664
mp-21255,FeGe,156.708,82.565,155.59362461748557,119.4251703070132
mp-21328,HfSn,101.827,9.431,107.21222523844344,54.132013890617785
mp-2488,SiOs,209.102,77.908,335.6944281828576,158.41324910239908
mp-29145,H3N,8.895,3.613,80.83966009548193,54.10240990580643
mp-30365,BeAu,148.197,42.582,169.23288113263976,60.35247802110009
mp-317,SnRh,140.398,54.997,177.27877613810796,66.59546387677129
mp-569671,ZrSb,104.291,59.306,117.63238349601052,65.87604163532778
mp-7189,AlPd,149.85,67.929,164.92820093217625,74.26922708418319
mp-7576,CrSi,183.655,118.732,176.83883152271014,137.25115038140726
mp-7577,CoSi,226.984,115.85,253.90666738489344,135.19394482311526
mp-8059,SiO2,19.957,41.802,165.37964476628463,96.2293129945226
mp-871,FeSi,201.745,142.052,239.77629810725367,163.16171396056097
mp-1004526,WS,176.693,76.921,269.01084579605805,156.02300389842097
mp-1008559,BP,162.161,162.369,188.2679761671791,176.0469061362744
mp-1018040,MgSe,44.971,16.917,47.98192670666102,28.33806345028394
mp-1018059,GaSb,44.722,29.749,53.35407147804578,38.13090409218129
mp-1018100,AlSb,49.329,28.721,58.203874590252624,39.454120996353126
mp-10281,ZnS,69.067,33.634,76.91995441934006,46.096226884759616
mp-1039,MgTe,33.954,12.887,37.45678435463576,21.492249721947168
mp-1070,CdSe,44.379,15.155,48.86289178343764,25.62375301356885
mp-1106180,Re7B3,362.159,142.666,433.9776968821354,196.43152790844312
mp-11714,SiC,213.331,188.708,251.54064447610165,204.78621844929393
mp-12779,CdTe,34.727,13.496,37.1876919069855,20.759545876943548
mp-13119,CdO,91.875,19.754,101.06099705317057,47.15053463929956
mp-13126,ZrN,229.371,6.272,241.57695834850105,113.62942887828696
mp-18257,Fe7C3,240.169,93.407,238.40009827192193,172.62364865449118
mp-2133,ZnO,128.167,42.921,142.51612390667205,75.23397463926106
mp-22205,InN,121.971,53.983,130.75302110015986,79.38107774471834
mp-22894,AgI,25.5,6.592,28.429385741609615,13.493013825954334
mp-24093,CuH,105.717,34.971,123.6275276695956,38.26189767207333
mp-24669,CrH,206.427,74.701,237.562379783195,125.01533708078922
mp-2542,BeO,208.037,156.717,249.0176083776901,178.22819559501005
mp-2562,MnS,60.391,16.136,51.590252603450466,30.42260335978934
mp-2653,BN,373.485,383.44,430.0070840946552,355.54190853910245
mp-27934,CdBr2,7.509,3.7,35.00827105510952,10.71028538827854
mp-2811,MoN,332.975,196.526,437.59084127893715,217.61951426645396
mp-380,ZnSe,56.264,27.422,63.10993436892859,38.77845460858037
mp-549706,MgO,110.7,48.431,128.96260592101146,85.5278285685642
mp-560588,ZnS,69.08,34.087,76.36527135144772,46.37280138013703
mp-561258,ZnS,68.976,34.258,76.86922372850192,45.86740898861892
mp-567290,LaN,86.477,22.739,111.72494409418871,44.744403414711016
mp-567503,PbI2,1.385,2.078,22.30089910769302,10.268734163284678
mp-567505,SiC,213.059,189.705,249.69480308397416,202.40963388471815
mp-567551,SiC,213.188,187.138,250.62588821309063,203.5332440441923
mp-569346,CuI,38.568,15.146,43.98807332779022,23.54850512121352
mp-570557,NbCo3,199.865,38.258,224.4278566100325,103.60330626729883
mp-570935,LiI,14.86,6.203,17.752822984322002,9.30189886745573
mp-661,AlN,194.62,122.306,213.2710274899317,156.62069359030295
mp-672,CdS,53.116,17.29,61.38750124467002,32.65578142125865
mp-7132,DySe,44.941,4.976,59.39546059563724,27.345956537306996
mp-7140,SiC,213.563,186.481,254.38164373061315,209.82344001826553
mp-7631,SiC,213.119,188.196,251.4034868318336,203.55724602118804
mp-776911,MgO,115.543,50.224,127.94912055959448,82.26353018090427
mp-7926,TaSe2,22.817,13.913,107.12527541039924,63.265939714260554
mp-804,GaN,172.144,104.855,184.3486140247223,132.85519706030374
mp-864928,BrCl,1.808,2.04,13.016031531989334,5.943675302646025
mp-866056,AcN,77.703,18.975,90.747757538273,37.63814506929922
mp-8880,AlP,82.62,47.048,92.09738853785731,63.59850041036598
mp-8881,AlAs,67.203,39.618,76.41769388528516,54.141546302490575
mp-8882,GaP,76.25,51.856,90.61307966508744,62.53466663570321
mp-8883,GaAs,60.75,41.228,71.06876273144273,51.32872180037902
mp-8884,ZnTe,42.546,22.507,48.607703134158555,29.133045226394692
mp-966800,InP,59.233,32.374,72.39113435361965,45.160778223961586
mp-971911,ZnN,130.313,30.673,137.2321612388304,69.34815983625015
mp-972036,WN,298.554,66.458,344.8610633349441,161.70339450522204
mp-973785,PbN,76.656,3.11,80.11100974310247,21.97153136065018
mp-973933,NiN,210.715,32.427,206.3564436027154,64.7653229474517
mp-974315,RuI,41.961,6.575,100.27359751454776,36.42273305231161
mp-974474,ReBr,145.813,54.122,170.2279846785679,86.45254228663126
mp-976280,LiBr,19.461,8.428,22.31742842365387,11.966341294776022
mp-978495,SiB,125.931,467.03,133.89181440736007,75.57553181305647
mp-978534,SiGe,73.122,55.607,86.63482249704462,68.76537540561567
mp-984718,BAs,132.161,126.051,174.09331271240526,138.73128486948926
mp-984728,BC,274.047,92.848,285.0680995866573,168.43139510949516
mp-9946,ZnS,69.008,33.915,76.881111750553,45.98041557979775
mp-999355,NbN,224.464,53.216,253.76685512240985,79.56710737422347
mp-999503,MoN,258.81,59.475,268.5704304869095,104.9705969357424
mp-999540,MnSe,51.3,13.695,47.745626831403264,25.362997245511465
mp-30784,Mg2Zn11,68.686,39.903,73.01039153195617,31.143951107933027
mp-568328,FeP4,144.455,118.841,172.54461497657414,126.224237264033
mp-568347,NbSe2,17.043,8.66,70.48840782941825,40.98505311068536
mp-10000,Hf2S,133.807,77.674,148.651569550942,85.91463334213528
mp-10009,GaTe,11.919,8.821,44.81544066131041,32.646731865903114
mp-1001835,LiB,70.778,45.849,77.37843083500653,48.75650798857833
mp-10026,ScTe,62.614,33.162,68.20166897376119,43.39714477667955
mp-10027,TiSe,105.341,56.829,103.11131088201752,47.959347351659986
mp-10033,NbS2,26.113,13.219,114.79929317794208,70.30795524640033
mp-10052,TiAs,115.242,62.395,128.3436435155535,85.86427432680892
mp-1007761,HW,295.549,163.378,353.34004247030947,157.80912047210123
mp-1007824,GaN,50.017,22.424,71.15931316554813,38.820807268030606
mp-1007906,ErH,67.398,47.034,73.8987572099108,47.679543203342085
mp-1007992,CrH,201.908,473.571,200.1016081603071,-108.64256036169172
mp-1008483,CdN,101.532,19.068,126.90111581496744,22.199676123301895
mp-1008488,BiPd,89.644,25.074,98.82117566706056,33.71122849584795
mp-1008500,BaO,67.199,28.172,72.46183486963085,28.812102681680937
mp-1008524,BeSe,88.735,23.739,92.32776116832729,24.924180094659313
mp-10125,SbIr,160.755,61.559,178.85874402748277,78.35817570880886
mp-1013525,VS2,26.366,15.667,90.85984463825211,55.94157240932268
mp-1014,ZrMn2,157.977,43.71,176.9084663025726,52.1237770200402
mp-1014246,ZrB,159.802,84.523,183.51601582516068,120.65353571308052
mp-1014307,ZrC,217.405,130.486,230.61730390677107,136.67855623019474
mp-1017532,VN,323.541,215.041,447.5713311565449,275.6560005257222
mp-1017533,YN,146.084,87.281,157.85524493284086,85.94441919838269
mp-1017546,ZrN,225.65,124.34,265.92267018070083,146.16272191233574
mp-1018053,InCu,68.624,19.561,72.64436699781236,30.387278938092013
mp-1018659,CeO2,149.642,91.323,156.86841424563065,71.85891573294334
mp-10187,TeIr,144.366,28.444,145.14150912161963,48.45171777659317
mp-1018794,Mg2Ge,48.583,15.766,55.98615047404199,19.956603418171632
mp-1018809,MoS2,27.047,17.899,111.08037381111168,79.74819527414911
mp-1018850,OsC2,361.737,206.455,422.1340317217224,241.0305790707528
mp-1018851,OsN2,311.159,11.242,348.68330596472083,186.95860477299647
mp-1018948,Re2N,387.147,182.404,494.344556525674,261.21220427060763
mp-1019054,ReC2,348.768,194.625,389.46412823356377,234.3916175227272
mp-1019272,TaN2,288.589,150.555,310.01592977366647,182.4096242761414
mp-1019317,TcB2,309.759,240.891,360.14017925776193,256.41771512577003
mp-10204,MnSe,55.613,26.089,49.80807767738834,22.36042021338872
mp-1025425,Co3H,215.784,117.284,221.100419750763,120.87434692339949
mp-10256,VTe,62.066,40.094,66.23014124956633,34.04996660201837
mp-1039075,Mg3Bi,39.454,4.819,46.08086086115605,11.91888627020966
mp-1039123,CaZn,18.586,0.454,17.43139797882906,4.989387661269471
mp-1039262,CaZn3,41.447,5.239,50.16966958608411,24.65372777372245
mp-1039292,Ca3Zn,20.668,2.458,21.5133713933516,14.121624415149642
mp-1039383,CaMg3,29.005,9.348,32.410332790101926,19.457749565774716
mp-10598,CuSn,76.069,40.891,86.50752812306354,41.715841229156965
mp-1064554,BiRh,111.998,38.731,123.60927876007123,53.8143195365864
mp-1065394,MoN,350.498,216.621,436.40409931032434,218.2770639094944
mp-10744,Si3Pt2,161.294,15.067,183.09294644732975,80.86598470350962
mp-10761,FeTe,61.5,46.767,59.93815390747718,45.74109522875854
mp-1077232,WN2,353.556,226.66,348.6065409051415,270.80431100084246
mp-1078,CaCd2,39.906,23.145,45.05029778599022,22.49849999921914
mp-1078389,MoN,351.233,217.459,415.3134799571524,217.18555704519997
mp-1079348,B3Os2,338.097,195.212,422.4022317854844,250.05018049012088
mp-1090,FeSe,78.571,36.343,66.6558810246001,41.33397135023274
mp-1095443,ScFe2,34.513,13.115,131.7940856065194,56.694505001369464
mp-1095682,Fe2Mo,229.35,121.212,235.65305723516892,121.43706027469447
mp-1114,VP,169.325,108.026,189.68648569971495,149.64749901599828
mp-11209,AlAs,82.001,37.331,91.41524094095844,35.42425306937898
mp-11220,Sc2Al,70.371,45.946,71.3965435380843,51.651813188886955
mp-11232,YAl3,32.234,97.757,41.73633136441029,8.569579195749167
mp-1124,MgZn2,63.27,43.383,70.18652059026873,35.43473205295535
mp-11251,Mg3Au,43.494,9.418,50.71777895036709,20.16771808576727
mp-11275,Be2Re,241.539,173.672,283.99197799794274,186.582087917713
mp-11281,Be2V,158.028,137.179,189.39305222703797,124.7683184046047
mp-11282,Be2W,217.897,168.39,246.62222373877063,160.49083419869126
mp-11284,CaGa2,46.436,41.853,55.70574425074372,45.76012891239918
mp-11345,ZrP,135.334,80.903,157.7187048808667,104.5835953506076
mp-1136,Na3As,22.238,13.902,24.59348100919831,16.396429823983045
mp-1139,Co3Mo,283.145,138.782,283.2912182601029,142.67216598368404
mp-11449,HfMn2,357.683,12.124,206.1570520172558,63.51898822458324
mp-11453,HfPd3,178.957,84.487,208.14368749058133,87.16336293407026
mp-11456,HfPt3,230.018,105.973,269.09189550898645,111.7143472929858
mp-11482,MoIr3,337.003,189.314,393.1908266089759,221.2251792587862
mp-11499,YMg2,42.792,22.125,40.74890995447647,24.909861614862752
mp-11557,ScRe2,226.157,75.273,253.8408199537389,86.75482452791066
mp-11820,BaNa2,8.587,5.631,8.05293847884422,5.5801587802095876
mp-1186923,Re3Rh,328.997,175.246,381.0316397841027,197.5139956051185
mp-11883,MgIr2,197.34,57.181,222.8608037552904,88.42856085970026
mp-1190697,ScFe2,128.842,64.99,140.93857231602095,60.32502155886563
mp-12070,CuAs,106.034,24.932,116.9513223800096,43.90680574088559
mp-12109,ZrRe2,252.922,75.042,282.1414414031453,89.51585061353774
mp-12120,FeN,293.289,175.639,327.9812639622501,177.65955262097776
mp-1214,VS,129.858,71.568,122.07586863037794,67.98511325693443
mp-1250,Lu2In,58.376,31.582,61.90764064807328,35.860149557225114
mp-12553,PrAl3,65.851,44.296,76.112668284627,55.97771531720521
mp-12600,Pr2Tl,44.062,16.519,48.81190618000598,20.049431066946003
mp-12657,HfAl2,119.513,89.118,128.20681473719796,97.9417177367966
mp-12659,Mn2Nb,223.474,77.447,239.3917879072981,68.24258938446049
mp-1274,CoS,165.111,50.421,178.87703872701377,69.91781405417287
mp-12748,ThMn2,92.241,65.624,112.66867940151324,37.46617398730823
mp-13051,Sr2Si,30.437,17.973,31.90235989289219,25.565051924555217
mp-1306,ThAl3,85.595,43.904,98.16970976231065,64.49961659936274
mp-13138,Cu3Sn,106.478,47.503,122.7342074669682,44.40596948328953
mp-13173,PtN,176.104,1.966,273.8109521695326,147.65162529784956
mp-13178,AlN,204.816,122.484,240.8423024882897,175.5980458546253
mp-1319,ZrTe,88.453,48.267,98.90241091636352,40.48466783637091
mp-13364,CaZn2,46.953,29.598,48.41871711597759,27.87486911561227
mp-13365,SrZn2,36.313,20.102,38.286079487753774,21.15940468223035
mp-13503,ScZn2,81.128,49.625,84.30570101798386,47.45339968905158
mp-13548,Cs2Pt,12.618,4.817,12.709194911911656,7.687980248125276
mp-13854,B3Ru2,300.208,172.829,373.2357277544346,212.82777339409827
mp-14018,K3As,12.83,5.999,14.905179579705177,8.888927201485652
mp-1409,TiNi3,189.888,96.324,213.69351008728643,99.17199345073556
mp-1524551,Zn3N2,132.434,56.294,145.81942240563944,74.01878474642909
mp-15668,NaSe,21.931,11.917,30.693995812861683,14.960281442364158
mp-15679,CoAs,161.139,76.351,178.45797971213725,88.3417402030154
mp-15799,NbN,298.99,138.373,330.4776139885646,149.90235458303837
mp-1589,TiCr2,199.407,71.552,235.2366942455673,59.803221994317894
mp-1594,Ni2Ge,173.653,44.062,194.6280014420711,63.671288726017615
mp-1598,Na3P,24.781,14.892,28.47204003888687,17.996125821191843
mp-1634,MoSe2,18.747,12.625,104.4063776774729,75.46123709609746
mp-1641,CrSb,73.845,48.058,77.10301258687927,48.18494888004857
mp-16513,NdAl3,66.853,39.767,76.66682372319973,55.99914875935284
mp-1659,ThRe2,194.385,131.709,210.1358170175917,26.7014641754622
mp-1667,Co2Ge,208.679,54.043,215.66369212891823,72.41274539650612
mp-1677,Be2Mo,197.598,148.915,219.41501930539087,146.7511358346697
mp-16775,CdCu2,100.935,30.995,113.6997190123015,39.3586274882145
mp-1682,ZrAs,117.987,65.248,134.16265822420894,84.76117330928149
mp-1689,HfRe2,262.427,79.393,293.8028348155469,93.31446467474684
mp-1704,Tb2Tl,52.499,22.879,61.03877197079696,28.053848096366533
mp-1769,SbPd,104.823,29.332,115.82332859991584,42.4564923440824
mp-1773,ReB2,337.733,276.94,399.5187703736194,293.71866350335176
mp-1775,SnAu,72.865,20.977,82.92913130385202,25.842157984591843
mp-1791,Al5Rh2,131.181,77.568,151.3724262449011,81.80155398091321
mp-1821,WSe2,23.208,17.056,127.70971910647248,86.89990616298935
mp-1822,TiAs,118.615,71.121,130.58344951319702,84.34647962178455
mp-1823,Ti3Al,113.96,60.543,128.34070773024231,80.47551775808182
mp-1935,BaMg2,21.701,13.481,23.22393631152986,14.430499994937133
mp-1943,GaSe,15.789,8.947,54.12887884031827,38.5590051115676
mp-1949,TiMn2,181.973,54.384,223.78099160743068,68.29238461920195
mp-196,Al5Co2,124.129,83.776,144.65544315976388,94.06196647945129
mp-19816,Sm2In,48.746,20.676,53.64513709245262,25.725150317265953
mp-1984,TaS2,31.338,16.914,127.44878566623944,75.43482006562346
mp-19856,SnPt,127.368,44.847,137.19698822564925,58.685279263071706
mp-20033,SnIr,154.138,58.196,173.76033330414313,82.73297333242103
mp-20112,Ni3Sn,161.837,67.389,183.4002668148117,71.85960249969004
mp-203,NiTe,114.446,31.57,110.7890307652546,38.50927523093718
mp-2039,ScMn2,173.191,39.923,138.03478426134703,51.68060866685428
mp-20432,Fe2Ge,141.838,26.348,155.14974896277798,46.84715477390089
mp-20473,Mn2Ge,137.679,39.98,161.46801688180506,67.25819551174006
mp-20485,InSe,10.288,8.123,47.891161527208325,29.106134955108377
mp-20512,FeSn,90.749,107.873,101.60264563353728,48.23714308345999
mp-20686,Ho2In,55.238,26.456,59.43794328454084,32.60033612957319
mp-20760,La2In,39.889,15.239,43.35439613715883,19.011548390305535
mp-20868,Fe2W,259.462,135.348,275.8528702706258,132.80751200843417
mp-20883,Fe3Sn,116.858,48.902,151.79019439103823,59.63032916692598
mp-21030,Ti3Sn,116.002,27.179,125.41982866089072,66.07006605310008
mp-21078,Fe3Ge,166.23,69.592,168.76857357647492,59.48233419499032
mp-21092,InNi2,169.516,42.474,149.07165511137887,46.8278290313265
mp-21294,Y2In,53.665,27.105,58.79904190674125,32.13305345576711
mp-2157,Co3W,398.598,146.476,300.8852993437117,146.62607051362056
mp-2178,YbGa2,52.351,49.262,80.81543563690198,49.298177519693
mp-2187,TiSb,90.133,45.424,96.49486405960634,63.08809232917167
mp-2189,CrSe,47.608,28.803,56.41361002254345,28.009553311660387
mp-2192,BPt,259.986,51.85,310.08791552196556,84.35159607950818
mp-2207,NbSe2,21.189,14.307,107.99065234920396,63.14102767111396
mp-2214,TmMg2,44.234,24.287,44.75931757364129,25.093902999163117
mp-2215,ThHg2,77.59,33.498,86.380534327737,35.94414715042616
mp-2225,Be2Fe,154.342,145.09,154.8803941601771,155.53629491813487
mp-22389,Mn3Sn,93.71,57.01,102.75402802190762,74.50655823416936
mp-224,WS2,28.304,20.652,141.98429731334153,100.01282283891116
mp-22514,Mn2Sn,94.115,44.452,83.58406884255139,51.35638472493331
mp-22868,BiRh,102.002,29.791,115.25456609456204,25.98492217068544
mp-22878,MnBi,44.541,10.07,36.80900207048739,11.228359480095532
mp-2294,Al3Ir,150.642,34.51,167.77577224723117,80.07742849244828
mp-23176,SbCl5,1.258,0.313,31.559486648511047,16.822427452179866
mp-23227,CuBr,23.429,9.765,27.313143979417376,15.854513921242376
mp-2341,Li3N,65.179,44.749,69.79918238685654,65.39446427006604
mp-2346983,ZnO,47.923,11.264,52.683020211656746,26.44202829770776
mp-2347,NiAs,116.72,18.447,117.40899657265226,14.988053086956528
mp-2362521,Li9Ge4,33.833,29.535,39.03415212121087,32.53324995757916
mp-23759,SrH2,39.071,24.69,40.36907221312436,37.65033849050569
mp-2400,NaS,24.869,14.479,35.78845953061528,19.84686879325755
mp-2406,Mg5Pd2,62.662,43.682,70.39016999802658,34.67703873331848
mp-2416214,TbSe,60.482,10.16,74.63448600811898,31.481993753469126
mp-2432,CaMg2,30.093,22.012,32.30341273484627,19.59656750770745
mp-24417,MoH,210.772,124.662,254.79044709313663,5.097603532675785
mp-2454,TiFe2,163.482,77.415,188.24854973522983,77.41586772515862
mp-2507,GaS,18.273,12.041,63.174447075283624,45.576003561895405
mp-2517816,TePb,37.434,19.608,40.17070117796826,22.12251725183882
mp-2557,Zr2Al,103.887,54.176,108.54048650117994,54.753144155060745
mp-2572,SrMg2,25.64,16.339,26.6036101371218,16.027005799961415
mp-2619,FeSb,110.972,60.628,109.52276318126157,71.39036339346836
mp-2644,CoSb,148.223,69.404,144.59933420542072,80.75144064431741
mp-2701,NbN,314.396,195.263,327.74607148774425,147.88204547373542
mp-2772,ZrAl2,113.59,89.522,118.17663788083986,89.66623377991044
mp-27838,Na3Bi,17.175,10.693,19.48419557695782,11.74680918577561
mp-2815,MoS2,25.575,18.973,113.38744807123092,81.70394311227713
mp-2816,Nd2Tl,45.139,17.053,51.241599490203306,21.5233391608388
mp-2845,SbPt,121.63,33.728,136.6237752142627,44.69053817179689
mp-29131,VSe,80.907,46.598,72.34874268638681,48.526229093215136
mp-29663,Si3Ir,144.525,11.431,154.50564346469048,15.202409294439184
mp-30428,BaCu,20.544,8.614,26.839930966112075,12.6398673244387
mp-30434,BaTl2,25.239,17.206,26.695251380141304,15.677999748073583
mp-30438,Be2Cr,182.568,162.402,191.26105529486148,161.7525922276902
mp-30490,Mg3Cd,39.972,19.676,45.48188283170306,22.55735929722779
mp-30494,ScCd3,61.151,29.259,70.60326823364352,31.999369887760675
mp-30498,TbCd3,56.173,21.64,65.3731939080516,29.5754105593159
mp-30625,Dy2Tl,53.54,22.798,59.93795932413733,28.983257873524177
mp-30651,MgGa2,49.454,17.471,58.404465466596605,23.093767959882193
mp-30671,Ti2Ga,120.013,64.019,139.01008990993236,78.33497463852288
mp-30672,Ti3Ga,118.806,55.181,136.99933863292648,73.94837458575526
mp-30722,ScHg3,63.522,22.049,73.99877286257691,23.189552508059627
mp-30726,YHg3,59.331,21.426,68.32799393910311,23.174323504562913
mp-30739,Mg3Ir,76.899,27.796,83.35750273515715,40.61727646154631
mp-30745,Ir3W,350.814,194.892,409.3100715685372,212.0520155782114
mp-30778,Mg5Rh2,112.559,68.756,78.37060675518114,39.91001701603041
mp-30787,MoRh3,268.478,132.343,310.3901431945045,160.17289762269172
mp-30798,NbZn2,140.627,82.962,163.41558763306583,85.32789102445993
mp-30842,ZrPd3,170.268,80.861,200.90692357840092,82.15019839043399
mp-30846,Sn3Pt2,102.187,30.087,115.69036494664148,47.49071215761999
mp-30866,Rh3W,282.841,137.344,327.52569228884306,155.02021963323756
mp-30875,Ti2Sn,114.555,61.103,120.80306481519057,68.82823178647173
mp-30877,SrTl2,26.768,16.996,30.052582253279983,16.76118410530682
mp-30882,TiZn2,105.49,65.278,116.8025515351026,67.82999042934667
mp-31498,BaPt,49.609,19.133,51.65310731713598,21.074301853171605
mp-319,Sm2Tl,48.346,18.805,53.889906655376755,23.73033637814916
mp-33031,VS,163.713,123.406,133.36560421178308,106.58174275147256
mp-404,MnTe,46.771,23.548,35.67444624364405,20.285732493133377
mp-40793,Si3N4,225.484,208.455,305.60732695110386,203.8806927017479
mp-426,CoSe,132.749,42.069,141.7774601942371,58.08937066411061
mp-485,ZrNi3,173.5,68.767,188.86853928310884,77.43756754386091
mp-488,CuSe,64.721,18.079,76.73624170806613,32.326106364138866
mp-500,TaSe2,23.348,15.826,106.24715121796228,62.33717329331495
mp-501,TaSe2,24.691,16.179,105.28877074348388,61.21578728486356
mp-504,CuS,79.551,27.234,92.75237295212769,43.32416038479011
mp-507,SiNi2,202.978,59.025,225.6373767355256,87.27870445993531
mp-510198,IrPb,125.941,49.325,133.93018301683344,59.48320124465665
mp-523,CrS,62.481,47.301,57.9324785642883,63.43044033637942
mp-545512,CaO,86.059,34.214,97.00116706427453,56.4797810929109
mp-554462,TiS,137.908,93.631,144.01787369135474,92.08776280618795
mp-556742,GaS,20.025,12.982,63.46772590176526,45.32871980503889
mp-557142,Li2S,38.36,24.251,42.99916460179887,30.74636021141287
mp-557523,VS2,9.594,7.863,54.08323855658404,32.87705522897958
mp-564,TePd,97.958,19.279,115.65892698640914,28.194249865838685
mp-567164,BRh,276.584,107.112,306.264462833912,103.69874977245271
mp-567305,CeAl3,65.0,44.645,80.49390138782938,61.26547580793744
mp-567590,LuOs2,218.705,75.807,253.408268614877,84.20630495487529
mp-567612,ScOs2,237.275,69.065,263.0211603326947,92.58641172605374
mp-567750,ScRu2,188.959,52.506,206.4075180523515,65.37761450372525
mp-567832,TiTe,85.973,55.643,84.72817293657938,50.83802484216858
mp-567925,MoC,332.992,143.971,382.2282705213444,195.3325709446624
mp-568077,TaFe2,424.186,114.384,217.9609750416553,83.72613245821829
mp-568186,YRu2,167.183,48.099,181.0448733939399,52.15415377423244
mp-568273,LiI,20.169,10.762,23.9032424420142,10.652908086824771
mp-568337,ThRh2,145.788,30.894,166.72689937582027,40.92936268410419
mp-568382,MnBi,56.091,31.575,49.37617610340395,31.110423042901218
mp-568565,CrAs,97.069,68.271,73.40526677949887,81.87438135292824
mp-568630,LuRu2,178.59,48.129,197.1434807776301,61.20671409515507
mp-568636,TiCr2,198.395,72.282,242.72497252450705,72.38916891092578
mp-568789,TiSe,112.457,75.306,108.79906745819152,59.53842593930125
mp-568901,NbFe2,305.721,108.524,191.4391126622456,74.89741419555833
mp-568908,TiAs,112.073,34.946,120.95031812570356,52.47781221698399
mp-569170,CaTe,36.971,23.429,37.92523953601086,24.32498401004924
mp-569220,ErRu2,173.521,48.395,188.7549319428524,57.05525125804264
mp-569265,Mg3Pt,69.824,27.622,78.0910782629812,39.03316465010648
mp-569402,VP,153.93,43.728,149.3741943038536,-40.28474735662978
mp-569446,NiPb,92.14,40.519,94.29885824393368,41.892787174955075
mp-569544,ZrTe,93.82,57.902,102.73918248076733,61.17468790885389
mp-569624,HfCr2,186.81,65.612,221.8330431847396,62.794332064234055
mp-569668,VSe,58.365,37.974,68.7096400637848,39.547316126124
mp-569803,B2W,320.671,209.293,400.1550965955448,247.13034307959833
mp-570050,Yb2Sn,35.377,26.28,62.67065256128565,37.056284526475054
mp-570430,TaCo2,255.669,93.792,243.3749941267373,101.95815064003745
mp-570466,Li2Ca,16.063,11.708,15.863316436731528,8.82519657848983
mp-570604,TaN,327.425,185.363,383.779471047344,233.64854130000688
mp-570670,YOs2,212.391,51.03,237.02677899811735,74.95592754279812
mp-570684,ZrOs2,264.389,91.366,285.30824382452926,102.51734377811611
mp-570786,KNa2,5.733,1.421,5.675337040628048,3.009243977836037
mp-570904,GaNi2,167.858,56.355,189.94503742674596,66.1647407974307
mp-570923,YRe2,203.067,55.616,218.52139384140196,65.37818894718987
mp-570960,HfOs2,274.968,88.088,299.3994409882131,105.08380643618064
mp-570963,TaCr2,239.813,85.342,295.45414171749616,72.41257367610532
mp-582360,TaPd3,201.293,34.185,246.3574276088119,92.81739756109752
mp-583266,MgZn,54.259,16.418,55.778455186141265,28.495331393813576
mp-590,NiAs,117.218,43.793,152.17775908257215,70.58067828103138
mp-594,NiS,134.158,15.89,139.25776250687437,25.482920981256736
mp-602,Te2Mo,16.944,14.025,95.72904362368908,63.07061989046934
mp-610,MnAs,61.789,55.488,80.8473872247049,62.8055940651913
mp-629015,BN,99.716,70.992,130.00595202771038,84.94429302732343
mp-647,NbS,178.15,100.771,206.6322265633724,103.71719156243356
mp-662,NiSe,118.982,24.256,129.40455954655087,29.99195515086721
mp-6912,Mn2Sb,62.221,25.283,72.24417971761856,37.11252386554154
mp-696572,TiP,104.788,28.707,128.44379395885707,61.111676466362006
mp-7087,SiO2,146.02,54.984,159.9086218059733,98.32069982714796
mp-731,Mg3Hg,42.628,17.515,47.2671779484002,22.77090314709022
mp-736,Li3P,39.519,34.45,44.38656022724592,39.34048677989138
mp-739,TiP,139.085,90.022,153.9079646204054,105.9245982180203
mp-754333,TiO,231.655,156.899,228.848118886287,151.02222556502866
mp-757,Li3As,34.809,30.48,39.150165622243286,33.48133121111579
mp-774873,NbS2,22.146,10.683,96.86010201178549,58.0834907092479
mp-7821,VSb,91.597,45.452,80.98975915391571,61.860998077344355
mp-786,MnSb,56.824,41.61,62.36063718394236,49.78032409338258
mp-788,CoTe,113.699,50.317,123.900578886385,60.54147883852587
mp-7897,K3P,13.975,6.039,15.856145811099855,9.262196333995629
mp-7898,Rb3As,10.489,3.5700000000000003,12.477071778433515,6.591915725087681
mp-794,CrTe,43.579,23.178,51.23406227842334,28.599063285777543
mp-7955,Li3Sb,28.627,24.195,31.87829475881087,25.572029405697133
mp-7956,Na3Sb,19.462,12.543,21.80326083138553,13.778664680116556
mp-7991,BN,97.905,68.078,132.95464310763688,86.63343467493483
mp-8033,PuF3,118.532,34.579,152.5690687271623,51.08301880361773
mp-810,NiSb,108.123,50.253,125.95923410171208,68.63430976778658
mp-8354,LaF3,109.184,26.885,123.05019260471498,47.85781169299585
mp-841,Li2O2,72.65,50.633,90.4422409370127,54.133336193636154
mp-861610,Tc3Pd,252.716,144.737,325.5410002434098,159.80551940357356
mp-861630,Tc3Ru,303.39,161.012,336.3542379328364,147.1306441307184
mp-861867,AcI3,2.551,1.677,16.84063696390801,8.3776116015049
mp-861889,Sc3Tc,89.781,30.851,97.01629696453448,28.468467847375376
mp-861943,BPt3,179.835,62.621,225.02197390569137,61.25026750485295
mp-862259,Sc3Al,66.919,42.694,69.00363730217097,50.224622083150265
mp-862260,ScZn3,79.006,29.499,84.06152271013212,49.40262806187461
mp-862289,AcHg3,46.985,12.999,51.05448571801226,17.712098114763553
mp-862586,Re3Pd,297.088,173.524,370.6817121977958,179.23622795348774
mp-862589,Re3Pt,325.952,204.28,393.8557593365431,214.2739699003274
mp-862604,Re3Ni,317.142,179.065,374.39959884873053,165.1003847634259
mp-862617,AcAl3,58.815,34.916,69.57509720898956,47.0286599246656
mp-862620,IrRu3,321.281,185.926,383.9959998514134,227.28160755967045
mp-862655,Ru3W,308.427,168.416,353.6057156063498,174.9390480005453
mp-862679,TaZn2,151.886,90.589,177.08447720394335,88.6908412343538
mp-862732,PmZn3,64.957,15.758,69.87600024061759,35.183479669241535
mp-862756,PrGa3,66.478,44.283,74.37432668733634,43.30651126946121
mp-862769,RbGe3,19.114,12.139,35.90969231267338,21.410949040350523
mp-862779,Tc3Os,325.151,174.876,358.136731607351,163.80435116290562
mp-862800,PrI3,2.5460000000000003,1.806,18.376785496845113,9.29847615155432
mp-862844,PaAl3,95.953,49.122,112.00653869984174,71.25573846799585
mp-862847,PaB3,202.995,148.952,187.9152544592095,115.82224574722764
mp-862854,PaPd3,159.305,52.044,191.3205203771572,55.46773734704384
mp-862865,PaZn3,90.652,6.371,96.81745774859009,49.01383299457616
mp-862980,PmAl3,68.914,41.964,80.5367872940387,58.88796729495188
mp-862983,InCl3,5.376,3.058,30.567138718560432,7.626738706681165
mp-862984,PmB3,144.75,110.498,169.61925715970236,100.52357294752326
mp-862986,PmBr3,3.842,1.747,25.056110370129893,11.619464287815129
mp-863026,SmCl3,4.313,2.666,32.528172206624085,14.955398984269335
mp-863028,SmI3,2.8,1.882,19.808417375753443,9.99663026301826
mp-863029,ErCl3,4.864,2.495,32.92354055614944,15.4847558347085
mp-863264,TbI3,3.138,2.63,20.325793224272992,10.282378252720436
mp-863677,PmCu3,78.335,25.855,96.9867562566781,33.822854465741884
mp-863695,PmI3,2.9,1.732,19.233944453453205,9.498706565538669
mp-864617,NdI3,2.955,1.905,19.389856966427303,9.662778235903724
mp-864657,HoI3,2.881,1.97,20.913085309872972,10.43990702681536
mp-864733,MoI3,3.156,1.928,22.058213842092243,14.174954075888666
mp-864735,Mn3Ir,242.395,155.689,292.18935679852154,163.3055152395465
mp-864889,ZrZn3,101.369,41.219,111.48143205064537,63.4664992657925
mp-864901,LaAu3,77.617,20.513,92.17240064576524,26.441006328120363
mp-864915,HfBr3,5.026,2.429,35.097328713973084,19.916704764252017
mp-864931,MgCo2,111.473,52.91,129.1393958364323,66.34795860276039
mp-864934,MgAg3,76.915,19.291,89.52218069928482,33.12898679211206
mp-864935,MgAu3,109.614,21.208,130.73432410060747,37.41636013329898
mp-864937,Mg3Sc,43.21,24.542,46.54044942075208,29.69386391171085
mp-864938,Mg3Tl,34.56,13.139,38.38048635888715,16.960362838012845
mp-864952,Mg3Ag,47.879,33.169,55.17130493787204,28.020680338633497
mp-864982,DyBr3,3.535,2.081,26.888363289646897,12.965433576962226
mp-864995,DyAl3,71.682,39.137,82.7064972049482,59.84917378488247
mp-865022,MnIr3,287.886,136.361,315.3338710310901,178.98586819751313
mp-865171,YbHg3,38.477,14.403,70.32715683115828,24.51091400717039
mp-865193,Co3Pt,211.803,94.266,230.45575921140593,114.51722556172544
mp-865301,TmBr3,3.109,2.236,25.872808262176264,12.560141722955503
mp-865324,LuCl3,3.289,2.7,33.87596767118675,15.694057803659817
mp-865353,TmI3,2.736,1.961,20.84144377638395,10.446889313773642
mp-865400,ThPt3,174.749,44.381,199.66661894539587,60.063913672888674
mp-865428,UP3,104.325,79.737,123.9699972855136,63.55769935457694
mp-865450,ThGa3,85.675,43.146,98.29200240205718,50.27361949841693
mp-865473,VBr3,3.46,3.386,26.79330191870048,12.964134922653932
mp-865493,VI3,6.8469999999999995,2.292,21.378574408862654,10.233610687895093
mp-865496,VIr3,321.065,186.516,381.0889449253205,205.43030498971387
mp-865521,LuI3,2.849,2.379,21.41134694436529,10.423498109876595
mp-865527,YAl3,70.402,38.964,82.81308592523382,59.33210279494369
mp-865733,CoTc3,287.788,154.37,333.3917945340184,145.0029209940351
mp-865798,GaCu3,124.561,45.438,141.29914414164796,56.31947157867267
mp-865960,CoRe3,352.906,163.317,380.6221514722959,172.46150293144285
mp-866003,ErI3,3.096,1.721,20.613752805893004,10.291317899587709
mp-866108,HfZn3,106.771,15.766,115.69648197965203,63.887793463670974
mp-866161,VRh3,251.039,128.846,299.9722869214863,145.11158022120998
mp-866214,LuBr3,3.474,2.266,27.423590313985756,13.038505075064954
mp-866222,AcSi3,64.505,52.263,96.84837157322524,46.67172600151032
mp-867141,ReOs3,395.382,248.808,435.72088467209375,256.3337480882567
mp-867143,SmGa3,69.324,41.914,79.64859599061572,43.53093961491932
mp-867212,TcOs3,377.014,239.966,427.0881599640936,243.2057461791177
mp-867229,RbSn3,12.419,8.094,29.423201743900226,14.89840618540349
mp-867246,TbGa3,71.201,44.485,81.64895108280939,39.59068113479127
mp-867264,Re3Os,374.539,203.733,394.18909087337056,198.2505657602929
mp-867281,Tc3Pt,286.08,178.077,351.4889350551466,189.78699109367088
mp-867288,TbHg3,59.883,21.49,70.76500203316247,23.62079543911666
mp-867317,Cu3Si,144.315,60.128,167.24276168927878,65.24899955119203
mp-867345,TcIr3,341.997,157.989,414.16254276751533,226.40727225498136
mp-867356,TcRu3,308.589,192.283,360.3762897471776,198.9624889172118
mp-867357,Tc3Ni,286.678,150.925,328.8666452614645,143.65632270503136
mp-867792,ReIr3,358.896,159.736,431.42331128733775,231.92575656308404
mp-867800,AcSe3,55.602,18.189,71.48908574902056,19.37549368013684
mp-867815,AcGa3,58.767,37.601,67.20620669889082,38.88268414046469
mp-867838,AcAu3,74.927,22.77,84.42649209560574,24.473799910042867
mp-867870,SmAl3,68.731,43.821,79.15135132113863,58.89336042506586
mp-867879,SmHg3,57.544,21.074,66.28004033739809,23.040485716631128
mp-877,Er2In,55.971,27.494,61.050106971316445,34.55852737369001
mp-900,RhSe,138.031,26.75,143.19776983565407,40.996686555144095
mp-956096,HfFe2,170.582,76.603,177.7232472468044,77.90220386126944
mp-959,LaAl3,61.963,41.255,70.79507577674245,52.956012921915885
mp-971909,ZnPd3,149.877,0.619,174.43889993184897,57.47617592089865
mp-971920,TmMg3,40.818,20.14,44.25398432774904,27.81943122635077
mp-972042,Zn3Cu,92.401,63.909,115.04816101282584,45.87125294926088
mp-972099,YbMg3,28.79,11.895,46.54208059200997,28.21064151751367
mp-972220,TiPt3,233.898,90.295,279.5131969142352,112.08971744457985
mp-972257,LaTb3,34.964,19.382,39.40344150353548,20.782366030268097
mp-972310,Tb3Si,58.091,20.696,66.72412237347295,34.004745082577095
mp-972494,SmMg3,38.754,17.395,40.31651553059988,25.606736893709865
mp-972549,SmLu3,43.336,28.525,43.58866039176877,28.703360543260157
mp-972794,SiSb3,90.641,11.961,71.24957731563497,7.959871894051721
mp-972876,Sc3Cd,59.118,34.349,64.91869354307467,34.33558886001694
mp-972895,ScAu3,116.515,29.776,136.50934397167043,40.730321723794674
mp-972941,NaBi3,32.912,11.214,47.69014330494484,8.74500195705981
mp-973166,NaCd3,27.528,10.71,35.06499773420412,13.605661899601408
mp-973266,Lu3Al,53.348,33.866,59.01235384448177,42.565620260761094
mp-973300,Lu3Ga,53.035,27.112,58.12061130341283,38.399192940088525
mp-973316,NaLi3,11.571,5.99,11.236313617440391,5.967185830245917
mp-973352,NaCo3,29.646,168.403,90.3626262050138,29.91608159695376
mp-973415,LiLa3,23.83,8.867,21.87585137028402,7.314191194214558
mp-973465,Ho3In,49.414,27.113,55.11679049162019,33.37292780500759
mp-973684,LuMg3,41.172,18.141,44.13511902807619,27.21123447146523
mp-973689,Ho3Lu,44.373,30.304,45.078556268867885,28.53151281384067
mp-973983,NiPd3,174.379,20.43,190.1657988610236,63.09088658152901
mp-974322,Ho3Mg,41.03,25.844,41.44952205210198,23.423609105617913
mp-974325,NdDy3,38.234,22.519,42.939300742225456,22.197493874575436
mp-974326,OsRu3,331.196,215.629,392.350254357568,232.06310447287316
mp-974341,RuRh3,267.514,110.675,321.6360950083778,162.90891672459944
mp-974411,Re3Tc,348.896,170.331,354.9310763169813,146.9628659489531
mp-974437,Re2C,400.846,269.296,452.4007727561285,254.3896669457103
mp-974464,ReH3,162.958,27.22,258.51161404941803,69.34379152281943
mp-974625,Re3Ru,350.663,184.629,372.3668035666769,179.0946528632931
mp-975321,LiSi3,40.544,1.582,65.85752190091492,18.335579859606252
mp-975651,PrTm3,40.703,24.774,42.36737826805749,24.366487137395374
mp-975658,PrHo3,39.752,23.682,42.42703909299834,23.906395096668227
mp-975834,MoRu3,295.76,165.564,333.92599220263907,171.02773448334588
mp-976356,NdSc3,44.174,24.132,51.43032085104771,29.156636113378237
mp-976751,Nd3Zr,41.816,20.853,48.84882104412931,20.925850036026727
mp-976806,NiAu3,131.736,26.657,172.0230276759609,45.92472438881392
mp-976838,Ni3Au,173.553,46.299,201.2049023297479,75.62736550860691
mp-976893,Ni3Sb,161.359,56.636,182.34780366131872,65.57864063785445
mp-977126,Li3Ag,26.62,7.681,26.939497040102808,12.620622371130052
mp-977207,Li2Mg,20.429,3.332,23.6425740058892,13.93444680713565
mp-977375,HoBr3,3.636,2.449,27.067613620727023,13.21407833817011
mp-978088,PrLu3,41.583,26.103,42.276083972934835,27.088452882059745
mp-978264,MgW3,151.681,34.379,235.90018063276707,47.265086159896256
mp-978270,MgZr3,80.271,37.943,86.13458827282504,43.63217318318632
mp-978525,Si3Mo,122.507,22.707,122.04421207348116,38.68913878036051
mp-979013,SmGe3,65.983,17.126,80.19549572727344,29.977313669715866
mp-979026,SmTm3,41.991,26.898,44.232904059312034,25.74593568947132
mp-979234,Sm3Y,35.996,20.299,39.91408246487678,20.65688297095957
mp-979263,ThMg3,46.981,20.296,47.46024477059349,30.178528378812448
mp-979293,Sm3I,32.87,4.8629999999999995,40.87786161160429,7.348830857900656
mp-979339,Sm3Cd,41.081,20.619,45.55875991602908,18.600824202964706
mp-979465,SmCd3,54.374,20.865,61.27460108613485,28.26979193839676
mp-979614,Sm3Er,36.589,20.829,41.11208154894561,21.26140752269853
mp-979899,Sm3Ho,36.414,20.498,41.217125446630575,21.126550707593623
mp-979923,SmMn3,72.777,29.185,50.2707948437233,32.130708180050135
mp-979933,Tm3Si,59.796,24.042,68.33702901468689,38.94109714224911
mp-980200,Zn3Rh,125.139,36.556,155.99927428154925,55.450023216339375
mp-980429,Sm3Hg,44.884,17.74,51.04801007316816,18.589511076238896
mp-981375,HfMg3,55.161,32.213,59.0189993797817,38.67717071637465
mp-982557,HoGa3,69.96,41.108,80.4530026140583,38.29442576786466
mp-982981,Na3Rh,20.449,9.445,23.911382041333056,11.90421158287558
mp-983509,Na3Cd,11.971,6.122,11.524439962229517,6.526504860195219
mp-983567,CaAc3,22.937,13.541,24.763955883670203,17.154763706994444
mp-983607,V3Cd,119.789,37.671,161.54759910473308,52.12649987971072
mp-984,BN,102.457,73.485,123.48039920073798,85.05915524672415
mp-984351,CuAg3,96.627,20.565,113.55731346380794,37.82473318420563
mp-984699,BaSr3,10.675,5.229,10.044030732702415,8.80520457959677
mp-984744,Ca3Tl,23.597,8.383,24.104624648538213,17.020315898578573
mp-984754,PmHo3,40.295,24.832,43.206334250206886,24.02508724378176
mp-984873,Al3Fe,119.201,55.328,121.71011592286196,69.228635068429
mp-985287,AgAu3,121.49,15.796,151.20416236242346,35.325814958152094
mp-985302,Ac3Pr,25.621,14.427,26.7019463307105,20.348952892674035
mp-985303,Ac3Th,32.211,18.276,35.641136997259274,24.636796298731554
mp-985554,Ac3Nd,26.403,14.982,27.316994218152296,20.754635872894543
mp-9953,HfP,147.126,83.603,167.46744169427092,110.6398743237708
mp-9954,HfAs,127.118,65.141,142.74243120931948,87.66631931777071
mp-997630,ZnO,165.478,44.222,179.95592597574353,64.9822659433632
mp-999117,TcN,343.828,144.403,492.1993277175808,214.59354500502485
mp-999118,TcB,288.337,42.622,352.2333570950602,140.57589055426635
mp-999120,TcB,301.077,189.179,361.4591200309417,224.54038216588555
mp-999197,AgN,146.384,2.583,182.3678076326802,16.476510304908427
mp-999263,RhN,273.586,88.779,260.4000492314083,43.127659773741904
mp-999266,ReN,392.349,212.91,512.0254456035153,181.4182333465082
mp-999308,OsC,374.861,95.289,507.43926340882894,219.7742733826262
mp-999318,NiBi,88.03,36.741,98.6970594517262,46.67710613428088
mp-999357,NbN,304.91,165.167,343.8793856492732,203.46032863239583
mp-999377,NbC,273.377,151.933,318.2145559377846,186.96641035850044
mp-999388,NbC,236.476,97.351,296.74564724727935,141.13146502822744
mp-999516,MnP,105.134,80.838,186.1673432125726,134.84344209900385
mp-2856,Mn4Al11,123.19,86.605,131.71896624426424,107.97614836577247
mp-2929431,HI3,1.785,1.164,10.544356029332562,5.715865465908778
mp-487,MnP4,137.01,114.123,164.39681146303084,118.69501028892051
mp-530274,Al23B50,184.943,107.776,219.29199175523297,144.74839559890876
mp-562100,NbS3,16.691,12.414,111.90986004741504,58.4017994518921
mp-568245,NbBr5,2.605,0.798,40.56398258847143,18.9485088737655
mp-569522,MnP4,137.141,115.49,165.5814519447383,120.73019206431763
mp-572758,ReS2,11.027,18.793,148.18588625294652,76.98680127273853
mp-642822,CaC2,58.929,20.203,79.36193255352481,48.93264433928285
mp-849060,VS2,12.703,11.615,54.48357192014131,31.692830045655302
mp-9481,TcS2,26.399,18.646,132.19223054514106,67.04864979796015
mp-1068,CuS2,53.369,32.823,94.78761436044682,46.77079520726947
mp-10844,Te2Ir,111.463,53.591,125.98778147280484,78.78371305566505
mp-1356,Sb2Pd,87.651,29.488,101.64004019272662,44.78243317798993
mp-15619,GaAs,57.058,40.993,73.07941831159816,51.389196586889334
mp-15621,AlSb,48.47,29.724,57.49914200963604,39.88592577956589
mp-1746,MgF2,104.298,56.418,118.12842716137804,62.244641687613345
mp-1848,Te2Ru,110.797,76.97,135.0205749342434,89.08664097160813
mp-1922,RuSe2,137.146,92.704,172.05252965321088,116.30942782532424
mp-20066,CO2,4.63,2.479,102.43122495435983,34.06030740913795
mp-2030,RuS2,172.042,121.491,215.79402130513287,137.93935280231972
mp-20465,As2Pd,110.797,51.467,134.90421014172307,63.66020420664413
mp-2070,CoS2,127.327,72.8,168.34494616519888,113.1206078130115
mp-20901,NiSe2,96.857,38.657,103.61805306225052,55.8327829138267
mp-20905,OsS2,193.971,139.154,234.40753380296565,150.51200099010234
mp-21065,SiP2,108.341,82.444,132.52731557728018,96.43419547854404
mp-21321,MnSe2,66.359,30.223,43.710110769965475,32.05404876950978
mp-2142,Te2Os,130.119,88.304,156.35808801055924,105.89905580317055
mp-21873,NiAs2,105.659,57.182,140.46035411712828,70.7381704238243
mp-21893,MnTe2,49.969,24.456,39.82735487534765,27.211813220447397
mp-22309,CoSe2,99.992,63.944,129.11919138365195,91.60209626130118
mp-226,FeS2,145.937,135.327,193.74840348369344,142.86818354359326
mp-22619,NiP2,132.249,98.281,184.5848746682173,100.41114799143286
mp-2280,CuSe2,74.484,24.776,83.8444562399245,34.1360263751197
mp-22864,Bi2Pt,82.069,26.028,93.52307194976066,39.28554347209316
mp-2310,CdO2,105.752,37.359,133.83101759719108,52.12816766646448
mp-2513,As2Pt,136.486,84.294,162.49876518504027,90.34217993273478
mp-2589,MgO2,129.089,86.082,145.68657957898455,92.48073693891388
mp-2604,MgTe2,37.266,22.167,50.245370589599425,32.941879444514726
mp-2633,GeO2,229.91,139.96,267.0288063308666,145.71816099834697
mp-562,Sb2Pt,105.593,55.904,122.3019063875878,62.0688229442393
mp-570285,SiBr4,1.204,0.344,25.640875598534127,11.760259880719287
mp-635441,SiI4,0.421,0.152,18.032799724979473,7.496312044103615
mp-697,SnO2,192.235,99.178,215.5509458283028,104.51304530280954
mp-730,P2Pt,175.121,117.617,203.59327038120912,131.04964800514978
mp-738,Sb2Au,72.555,23.812,82.85714310578922,33.04239495275457
mp-754,Te2Rh,95.422,48.854,108.27100374575042,62.10699329836009
mp-8484,ZnO2,138.631,62.222,164.99018131450748,69.5236950134543
mp-8909,RuO2,273.128,147.463,340.1002945976904,161.01673245005486
mp-9258,SiO2,310.27,213.805,366.5143545212778,228.8478488897604
mp-1045,Nd2O3,124.063,50.641,132.3539701108015,67.36888547134511
mp-1056,Tb2O3,141.499,61.887,147.47014505885815,82.20310681719282
mp-1427,Lu2O3,156.458,73.089,165.78164116082334,98.1158012325226
mp-1559,Mg3N2,110.105,77.845,121.16884998355664,92.55004917688956
mp-1767,Tm2O3,150.148,70.015,161.4197462189325,92.950619989864
mp-18337,Be3N2,214.318,185.759,232.4416550092925,201.98224747220345
mp-1990,Mg3As2,49.199,27.37,53.618703970907795,33.39724674987131
mp-216,Sc2O3,167.269,79.706,183.16475994135575,101.04614864918396
mp-218,Sm2O3,130.35,55.209,140.01820537418214,72.40115438500244
mp-22598,In2O3,144.766,57.394,156.47033757194808,73.407767339035
mp-2292,La2O3,114.974,39.632,120.1998555276696,52.9511762025437
mp-2345,Dy2O3,143.814,63.498,150.38316358237495,84.67377860617451
mp-2652,Y2O3,138.413,62.199,145.7535932586251,80.84916487413729
mp-504886,Gd2O3,131.73,55.657,142.84337260326404,72.8703156442387
mp-567841,Be3P2,91.876,71.729,104.1465419233072,69.53993912390983
mp-679,Er2O3,145.923,65.426,157.29173936246556,90.16891880521226
mp-771359,Cu2O3,161.174,53.715,196.096377857813,66.21246186384023
mp-776475,Al2O3,212.727,127.515,240.0342409350006,159.64095208450743
mp-844,Ca3N2,67.434,33.75,71.83075061380431,42.057617284509675
mp-9460,Zn3N2,131.064,56.059,141.25772653182935,72.96479777253417
mp-986716,Sr3N2,50.639,22.587,52.43235557063846,27.602366023489942
mp-1018112,YSb2,46.26,1.393,48.318314217141314,13.022020520625077
mp-24082,Ta2H,203.084,67.791,244.26630136099695,91.44979900809312
mp-11227,Al12W,92.968,58.228,112.31877298536286,59.01230117516164
mp-1239,Sb3Ir,98.2,60.31,122.81146442615189,74.29269835896694
mp-1317,CoSb3,84.037,57.702,108.4269640189237,64.52353477679044
mp-1357,P3Rh,149.168,97.011,174.62121148094135,122.74021334767843
mp-13853,P3Ir,170.079,114.248,197.6102622497376,142.1642885963644
mp-1648,Al12Re,98.031,77.342,116.23018039131982,60.26716251273715
mp-16719,Al12Tc,96.935,75.356,112.21110317671072,56.61288538629187
mp-1944,CoP3,143.928,115.879,181.12485585363052,127.64789289195626
mp-2301,NiP3,125.545,75.904,151.0198361130972,105.79621755877386
mp-2789,NO2,5.601,3.922,104.82676482211264,62.1429026218474
mp-30443,Be17Ru3,151.947,117.848,172.41987904496668,131.34237106798236
mp-452,CoAs3,108.351,83.076,143.1277486823722,89.4792841871679
mp-540912,As3Ir,128.27,83.893,150.30913523790136,94.2411163137122
mp-550,Al12Mo,91.875,58.772,107.07282374357722,55.11831566300024
mp-8182,As3Rh,115.538,71.782,131.85925057364165,80.03921531624835
mp-971669,FeSb3,100.502,47.232,99.7282854794666,64.61261691377403
mp-496,SrSi2,58.246,29.769,60.246151371254854,29.27600109377438
mp-542730,V8C7,249.054,178.711,361.13908480337886,229.85335069059616
mp-7275,BaSi2,52.121,33.929,55.99262144432067,26.34928739101947
mp-568505,As4C3,117.639,78.133,105.5352772771416,52.15888266371355
mp-569600,Ge3As4,47.172,29.44,64.01632161419059,41.58188840630939
mp-570377,Sn3As4,34.489,21.164,52.87686289509922,31.55844434982908
mp-570744,Si3As4,58.179,38.466,82.10618125290536,55.07554230171216
mp-571653,C3N4,391.827,375.573,439.3930515096218,363.342266146921
mp-625,Mg3Ru2,105.762,52.226,119.29970703680924,51.0167147680297
mp-1368,Zn8Cu5,105.749,32.407,117.6429358012452,53.35934744553808
mp-1818,SiF4,7.258,4.652,86.39278059094957,40.19612915717178
mp-20276,U2F9,78.546,42.193,140.79536650930464,75.48279552249636
mp-2151,Mg17Al12,49.768,19.098,54.96138521612022,28.05133117869856
mp-561543,BeF2,8.258,14.198,67.99677460083802,40.95894404147424
mp-11607,Si3N4,254.688,149.374,281.719883655036,193.9972978113871
mp-11661,Zr3N4,200.814,116.039,307.81267439019484,173.64696686495853
mp-1184,La2C3,106.014,11.549,133.01644159940568,67.67452238932766
mp-1347,Th3P4,108.466,57.835,123.27929232561128,62.982847787938816
mp-15661,Sc4C3,113.058,68.134,166.34804893049954,110.51182990822517
mp-1695,Y2C3,119.54,48.318,163.03490860806414,95.73343769973982
mp-1777,Li15Ge4,28.204,19.528,28.600171768316866,24.29300305079277
mp-20181,Ce2C3,115.855,71.811,146.50634757221513,84.3387083404174
mp-20328,U3Se4,64.012,14.148,87.79055534647995,46.539738988326285
mp-2038,Sm3S4,95.742,1.08,106.45617043669937,50.75664150499662
mp-2204,Nd3Te4,53.979,16.8,64.23878170596404,31.09407461850776
mp-22422,Ce3Te4,40.96,27.802,52.36675602849969,33.011053459951576
mp-24202,Th4H15,81.272,42.175,102.81099716831906,73.82409167736765
mp-2625,U2C3,184.425,100.718,179.57802049653606,103.01872955676376
mp-2852,C3N4,441.727,375.735,518.9211826985363,337.99469362749477
mp-30892,Ba4Bi3,24.169,11.495,29.915365687007316,17.137888305180166
mp-392,U3Sb4,75.787,32.637,89.129949698063,39.58156746884087
mp-567395,Li15Au4,28.91,13.292,30.87640868550933,14.237070729105335
mp-568320,Y4Sb3,65.708,31.924,75.07270618611724,40.377317102647346
mp-569849,Li15Si4,29.691,20.993,31.179762489514676,26.974274665901504
mp-606,U3As4,100.456,49.726,111.85827489223335,54.55817271963428
mp-879,La3Te4,50.175,25.245,60.972415715135625,30.689484463835345
mp-1021503,SiO2,275.987,133.326,298.3014367340053,152.395036096991
mp-10762,Cd3As2,45.328,14.071,47.66283911912157,18.56687472986775
mp-11872,Ag2O3,125.939,21.458,147.39017009192105,13.598163605922448
mp-21185,Cd3P2,53.243,21.626,56.964113847343256,24.13689337524267
mp-22891,Bi2O3,107.798,21.406,102.61194253765072,53.60818037638325
mp-32927,Tb2O3,134.172,50.448,131.40914937062425,70.90897082973444
mp-361,Cu2O,111.715,7.888,112.90340990424076,30.47957964137121
mp-551685,Pb2O,24.735,0.848,44.35149188987562,11.400305337839429
mp-673247,Y2O3,135.747,57.501,133.31211496055096,71.1201834645281
mp-684768,Sm2O3,126.271,52.094,124.07886538638849,66.04360307969367
mp-685148,Ho2O3,137.137,54.669,135.16917347024832,74.96620663960974
mp-7845,Zn3As2,56.943,22.843,61.8462000073812,21.58171247391913
mp-7846,Zn3P2,70.323,30.525,74.35435542350575,31.968508226572887
mp-8085,Mg3P2,57.133,38.966,58.37599025231032,39.30806487392635
mp-947,Au2S,66.577,5.8,66.07411324968412,20.52065442110705
mp-1120,Mo3Ir,282.393,107.926,296.65521395652934,107.74751356166274
mp-11263,Zr3Au,117.118,53.078,137.51470066298108,50.99036964400244
mp-12071,Ti3As,126.897,44.714,160.5089983383282,97.38540405908044
mp-1221,V3Ge,184.157,42.108,215.1006207015349,121.36219041024148
mp-1231,Cr3Ga,217.363,121.695,227.1678623724984,159.12851980840725
mp-1232,Mo3Pt,265.997,83.581,282.9426754335313,118.41769690537932
mp-1272,Cr3Ru,265.536,105.327,254.12631166924453,90.68790199908337
mp-1275,SiMo3,251.363,129.281,278.33206295582715,136.30208053499118
mp-1373,Nb3Ge,171.519,20.09,185.95965369842492,101.2144918323604
mp-1387,AlV3,161.804,0.675,170.48278090843402,84.13330104028265
mp-1412,Ti3Sb,119.611,20.295,116.59314500445151,75.70618402809588
mp-1458,Nb3Ir,218.977,102.506,246.17700926544416,97.011485430473
mp-1545,Nb3Rh,201.402,86.842,227.21126099615665,90.06097175001493
mp-1555,V3Sb,171.734,80.374,165.2067879931257,108.77316601835408
mp-1578,V3Rh,216.564,105.892,254.70164563864145,99.8864390604794
mp-1585,V3Co,208.895,109.487,244.30275264392463,91.74238020990332
mp-1604,Pt3O4,213.174,58.894,237.89524341470587,121.40327038095307
mp-1609,Cr3Ir,275.177,107.47,253.88747669776532,122.16674938668532
mp-1630,Zr3Hg,105.27,58.772,115.546918638133,50.992219850259914
mp-1664,V3Pd,194.62,77.739,196.4942107067005,76.26251463023463
mp-1786,Ti3Au,137.742,71.311,154.88896944111633,58.531022384872266
mp-1932,Nb3Os,232.709,84.517,253.46238537361995,100.3171599183988
mp-2006,V3Ir,239.084,123.848,264.16530063616995,118.31465092617638
mp-2053,Nb3Sb,173.865,82.544,172.99096491512918,88.74779439212318
mp-20685,Cr3Ge,229.213,133.08,225.43791271900275,160.66481060226985
mp-21342,V3Sn,162.896,5.122,161.89968309095636,102.67322897147064
mp-2211,V3Pt,219.134,96.288,245.16089789842985,113.78118357525416
mp-22568,V3Ga,168.668,52.731,186.7888328060408,91.0090180833328
mp-2339,Ti3Pt,157.855,56.112,187.70117569709356,63.21368644350151
mp-2354,Ti3Hg,118.442,68.833,120.95986265238048,58.32604400690938
mp-24659,UH3,108.814,61.069,121.126349663536,73.33221280350872
mp-2567,V3Si,192.13,52.199,230.67225427943552,128.8483647166542
mp-259,AlMo3,224.498,120.006,256.0926034219578,148.9577593512974
mp-2663,Nb3Pt,203.6,81.716,221.11895270692895,96.84970827300629
mp-2752,Nb3Au,184.705,64.46,196.40753356458447,83.9889280021407
mp-292,V3As,195.129,111.483,216.380673512861,118.22707745515972
mp-30788,SnMo3,216.251,102.767,225.74169597854208,119.7372082870516
mp-30790,ZrMo3,193.868,33.7,208.5592253037264,44.03513571003031
mp-30876,Zr3Sn,103.006,39.314,115.03235349606736,62.17123549315477
mp-416,Cr3Os,279.999,116.816,279.8984060648587,110.95848059264252
mp-446,Cr3Pt,242.7,85.42,223.7194993208307,130.57911857270568
mp-541,Ta3Sb,187.381,85.474,199.94241353920083,103.06600293976352
mp-568014,Nb3Bi,158.674,66.883,159.95969338219584,76.65048479138423
mp-569249,Ta3Au,200.678,65.069,234.5009138535325,103.852503897385
mp-569366,Nb3Tl,154.29,26.551,154.5911473280483,75.3630119388101
mp-570751,Nb3Te,170.078,85.959,180.4025265396315,78.82014411417398
mp-640551,Ba4Si23,74.091,34.907,74.92810410695017,47.75079535140012
mp-672337,VGe3,86.695,19.052,116.65748634840595,46.31636097384803
mp-7226,V3Ni,202.988,96.268,231.7842611182137,90.04655907987672
mp-729,Cr3Si,246.829,154.873,263.82486755273794,172.97423392897525
mp-796,Nb3Al,159.438,11.999,150.48991243675624,85.9673068440146
mp-801,Mo3Os,290.754,122.068,313.4942186482093,102.29611714918272
mp-839,V3Au,186.748,75.505,197.49125997089905,94.35134115978268
mp-10015,SiOs,290.957,121.446,317.84795766852994,159.509714177065
mp-1001788,ZrB6,178.43,52.095,205.76727298497,85.60097594732993
mp-1001834,HfN,238.794,72.753,254.12566896873528,90.10989050555936
mp-1002105,VN,318.361,228.608,420.3855148720005,166.6118029155992
mp-1002117,TcN,335.61,116.329,489.50450384073304,143.38626095214127
mp-1002122,HfIr,207.546,56.564,220.03341098524305,27.270117118907216
mp-1002183,TcB,311.631,131.046,397.1384494568466,110.23161738490256
mp-1002207,ReN,361.49,59.704,534.6348738201352,104.42292310637004
mp-1002210,EuS,79.757,18.648,59.543712989806174,26.621950758976514
mp-1002230,PuBi,33.229,0.486,51.256700632182024,44.093925567745465
mp-1004377,HfB6,181.947,16.36,208.2793571226072,66.65740585518442
mp-1006886,CeS,119.446,40.563,83.60485775556103,35.79186520726819
mp-1007656,HfPd3,179.875,81.621,208.06531898654887,87.10895986033063
mp-1007657,HfRu3,232.863,85.143,239.38575726170595,61.080956806319264
mp-1007690,HgPt3,192.168,33.801,211.41910529105223,44.55195478487104
mp-1007693,HfOs3,288.028,105.077,277.4022271801806,86.57169112592433
mp-1007730,HfAl3,103.976,57.804,112.22421719208523,66.22251724660256
mp-1007819,CoW,246.534,308.988,278.2858476313431,-808.2165788114952
mp-1007852,FeCo3,191.847,114.871,177.87569120774774,72.42975265530023
mp-1007974,CrNi3,205.939,102.844,216.50470264973717,99.6783740996185
mp-1008274,Co3W,274.04,146.065,298.59538444668004,156.55005367000084
mp-1008278,Cr3Ni,240.418,82.757,234.8314086653993,78.88637804260684
mp-1008279,Co3Mo,255.044,140.331,273.04959897858214,142.48478157410315
mp-1008280,CrCo3,380.486,149.373,212.8630720927837,120.97960169974444
mp-1008285,Cr3Fe,239.14,60.631,261.68714657154305,2.153098533048556
mp-1008349,Co3Ni,258.138,102.21,217.33956038914243,98.49448340819656
mp-1008554,Al3V,99.015,67.277,127.25015275421292,61.97561850745667
mp-1008555,AlCu3,138.447,41.554,136.9693293281227,52.033666487788
mp-1008630,WC,366.4,233.691,422.4638942436175,144.0608439629335
mp-1008928,EuSe,38.732,15.025,49.79277586556312,23.24707526408157
mp-1008999,LaSe,69.443,38.027,83.45648904262727,36.57829691421496
mp-1009008,LaTe,54.624,34.068,73.08499899370854,35.277277061616836
mp-1009019,FeN,200.505,84.859,338.1939493355225,68.44954049611881
mp-1009133,MnCo,192.154,103.431,146.42721709255275,103.0732597400384
mp-1009220,NaH,23.963,4.462,28.25643805814837,7.820283165872435
mp-1009264,NbCo,207.312,70.076,213.4583266401795,-93.33731655124714
mp-1009459,NbC,275.894,7.781,269.33931000394654,42.55760573549043
mp-1009471,NbN,299.401,199.167,357.20782234110874,150.79866768071795
mp-1009483,NiN,337.207,17.284,242.27272793787515,-73.75273454305889
mp-1009485,CrN,313.927,140.253,448.2360910311989,123.73175184968932
mp-1009596,PdN,212.33,11.955,211.14957221745055,-32.1091153200639
mp-1009731,ReC,395.957,151.217,556.8581815310265,192.0384246040028
mp-1009819,SrO,88.931,24.1,95.68965710231336,33.46655761626626
mp-1009831,TaN,312.497,189.096,370.3722181102739,162.34221731693208
mp-1009836,ZrN,225.944,66.386,248.6275581429729,93.5745027237203
mp-1010071,CrCo,214.789,113.281,158.45102227345188,32.158216443431
mp-1010953,MgNi,92.625,22.136,94.4062715499586,45.12737209692434
mp-10110,SiRh,209.057,94.851,214.09945232400744,29.947871346392596
mp-1013524,Ca3N2,61.811,49.482,69.48842813886118,48.907509652206656
mp-1013528,Ba3N2,36.533,21.825,35.04436023177895,18.601812725780892
mp-1013529,Sr3N2,46.799,35.077,53.21347941531132,36.179484709974574
mp-1013546,Ca3Sb2,29.002,16.206,34.325526170662336,15.354537113875027
mp-1013547,Ca3P2,39.504,26.663,44.60159760727794,25.015028267499765
mp-1013582,Ba3Sb2,20.26,11.131,25.743231914015155,9.581805779393893
mp-1013587,Sr3Bi2,22.202,12.053,28.473617452530306,11.03388025090804
mp-1013736,Ba3Bi2,18.785,9.982,24.056836834783063,8.191098351366767
mp-1014219,HfZn,115.663,47.206,126.06633635360014,42.830962744740454
mp-1014230,TiZn,110.695,51.57,121.9203876369698,43.99933596044689
mp-1014460,Cr3N4,274.267,135.333,340.9435605976996,203.24741697109104
mp-1017529,VCo3,239.242,154.123,253.96382535809735,129.89931485664786
mp-1017542,ZrOs3,278.47,107.11,264.09407115457265,79.35238382306082
mp-1017543,ZrPd3,170.19,76.147,196.8476816748784,80.0386900972793
mp-1017544,ZrRu3,224.96,86.307,230.9556512810147,55.21475308578145
mp-1018029,CuPd,147.228,45.499,173.8320272521024,50.106789913272486
mp-1018042,UBi,75.465,21.893,69.84903338187301,11.0396609539101
mp-1018054,HfPt3,231.325,112.224,262.3625131679421,106.46524836198988
mp-1018061,FeH3,207.518,138.143,219.49834877018083,127.88166708173046
mp-1018734,IrN,304.326,73.461,410.858348025225,81.15231385434517
mp-1018849,OsN,353.873,130.572,445.5212580475072,172.64487610848525
mp-1019052,ReN,366.211,175.334,418.8460819392053,196.7085638895773
mp-1019319,TcN,322.518,156.601,377.0259349710548,186.9806688444112
mp-1020,TaRh3,260.037,153.82,293.9490971456424,157.36165571206078
mp-1021489,IrO3,202.01,102.231,270.2849849790642,116.68652624470435
mp-1022721,AlCu,107.236,22.993,130.095678786015,34.70947286526979
mp-1025156,NpB6,170.195,88.212,204.80176616631297,153.87713007105063
mp-1025192,Ta4C3,292.905,133.885,364.2530161735551,195.6647528913155
mp-1027,HfRh3,215.169,111.279,240.78592680795484,115.48573463019
mp-1031,GdCd,53.093,24.157,62.20280288360375,24.96395996432672
mp-1033,BeNi,182.847,9.535,200.932638473856,113.01315907353838
mp-1038814,MgCd,42.487,10.818,46.16715048623616,11.637341954405494
mp-1038879,Ca3Zn,20.037,8.857,20.560710086614822,11.115113210191014
mp-1039073,Mg3Bi,40.241,12.544,44.75062512610955,13.415528820299324
mp-1039106,SnBi,49.232,5.49,54.82406373877306,0.297594362673239
mp-1039147,CaZn,32.75,19.961,34.73708869157417,22.076288979092137
mp-1039148,CaMg,25.36,14.975,25.981123423968427,15.62701570876519
mp-1039154,MgBi,46.143,17.567,49.461233949928285,-0.4232759277586493
mp-1044,UIr3,303.949,122.424,298.63357893888775,125.27657347737984
mp-1053,NdZn,52.019,28.401,56.48939038997226,25.585453846976044
mp-1056920,CsI,9.862,5.449,10.852549013956653,5.15422496463447
mp-1058151,NCl,29.74,10.827,85.89139200270972,-46.776147320599875
mp-1059,NdCd,48.816,18.872,49.773342473622854,19.86557144780768
mp-10627,SrS,51.792,19.98,54.63739877725696,23.292090395911124
mp-10632,TlS,43.898,1.927,42.312067254444486,-20.867613409671726
mp-10637,ThSb,81.728,31.802,79.91577395970438,20.683857948039048
mp-10652,SmTe,62.478,37.283,75.62629757168028,40.20887664536826
mp-10680,BaSe,38.98,17.482,40.69408156199776,18.815488311813994
mp-10684,CaTe,38.427,7.752,39.21130696817971,11.962401980898196
mp-10694,ScF3,90.536,40.713,100.5605221198063,44.193985938373466
mp-1073,CaCd,31.367,17.651,34.28359481849352,19.610671728717676
mp-1076,KB6,133.72,97.556,156.92129662612018,127.09592887989862
mp-1082,VIr3,319.895,218.807,369.6477988802448,225.5052290798509
mp-10889,La3Al,33.748,20.182,36.78672064191747,23.06892141219584
mp-1089,TiIr3,294.735,163.457,322.10903459112467,186.3531125386652
mp-10890,LiAl3,63.994,40.501,63.0969228504084,32.1759200975415
mp-10903,AlPt,184.169,46.699,196.68330637652528,19.49143880761112
mp-10908,AlRe,218.955,52.218,226.05102675974203,47.34999487209616
mp-1104,LaMg,33.855,21.385,34.7299722173745,19.7821340816669
mp-1121,GaCo,173.828,47.411,178.24114322285558,82.27611474057782
mp-11222,Sm3Al,44.626,25.657,48.28331539647122,26.916439955347855
mp-11229,YAl,63.427,34.161,75.91909500858009,29.193848144857387
mp-11231,YAl3,75.089,58.719,78.31413529570666,60.06725273812282
mp-11237,ScAg,80.1,29.349,82.68778335296507,32.91715054114072
mp-11248,LiAu3,98.057,10.927,111.23123013425786,27.732336916542213
mp-11249,LuAu,96.113,19.139,98.1807833661402,37.65767237188014
mp-11256,ScAu,103.841,41.675,109.41685521188732,39.912753989497574
mp-11259,TiAu,133.377,34.832,142.39643305188878,10.36073444758512
mp-11260,Ti3Au,134.279,20.319,135.82380748770066,19.633288345619864
mp-11276,BeRh,207.982,99.333,215.93335502393603,111.19430157811784
mp-11279,TiBe,124.845,73.705,131.38094766387354,59.4032149210502
mp-11286,CaHg,36.327,19.466,38.68006926879545,20.425790808897244
mp-1129,ScIr,166.725,79.378,173.94241800066317,68.92551495502647
mp-11290,CaSn3,44.225,23.071,48.76123539342556,15.780614800118917
mp-11309,NbCd3,93.666,48.102,102.92678715438224,44.70156878174229
mp-11313,ZrCd3,78.411,27.666,84.8340820301779,37.61739886670811
mp-11358,TaCo3,242.198,141.455,264.02889168399133,134.24503454245752
mp-11364,TiCu,129.327,49.243,139.28665700276625,27.729269547638253
mp-11374,DyTl,53.012,14.909,63.40042714530356,11.695231587830412
mp-11375,EuHg,41.48,17.948,37.938744623136415,19.427870358006196
mp-11388,GaIr,215.702,42.667,243.02018560676373,77.40926597628363
mp-11407,GaPt3,215.396,77.72,241.96413427326505,66.44159512917295
mp-11418,TbGa3,72.033,43.497,72.10530477641265,43.034247404578466
mp-11452,HfOs,225.228,114.202,255.40251315697276,123.372544675179
mp-11455,HfPt,179.474,32.338,175.81506087854538,16.93620673706128
mp-11457,HfRh,180.032,52.643,188.1056868483444,34.19657942321033
mp-11460,HfTc,188.407,83.13,190.27696917648743,61.68254261819624
mp-11467,NdHg,55.951,17.642,58.88213052094443,18.871960156053763
mp-11469,PrHg,54.378,18.135,59.35754172374324,18.52519942526849
mp-11471,ScHg,76.842,26.456,80.90325315251489,32.816858649454595
mp-11476,HoIr,137.797,51.619,138.32226013885548,42.757000589497096
mp-11478,GaAg,65.386,7.734,72.04727953589146,-9.388391093158164
mp-11484,ZrIr,191.238,54.929,203.48887526370785,10.471228114885186
mp-11487,LaPt3,138.513,49.969,161.06635304239467,44.73151921553867
mp-11488,LaTl,46.826,15.837,47.070703336903094,6.977304696053824
mp-11496,LuZn,67.899,40.231,66.87904894162166,39.603875957524274
mp-11498,MgTl,33.764,4.18,35.09456942890748,7.591998675630922
mp-1150,URh3,214.274,77.53,233.1362913370659,83.18595319018733
mp-11500,MnNi,149.255,38.385,144.91133222807198,55.61989315995888
mp-11504,MnZn3,80.961,48.083,100.32870542900244,48.19809242107132
mp-11516,NbRu,228.567,155.083,223.92198939621545,13.72958177395368
mp-11517,NbRu3,254.366,135.775,276.5692955656549,113.06889685458307
mp-1152,TiRh3,228.591,123.939,255.92939968829708,126.97644033807433
mp-11521,ScNi,106.024,43.86,110.3187493777446,43.2969702192248
mp-11522,Ni3Sn,166.201,76.925,177.21389715228867,72.60912363877554
mp-11536,NpRh3,215.446,71.946,213.27059896826873,75.02035503011442
mp-11541,ZrOs,208.008,98.481,238.71637038520925,105.06919789648472
mp-11546,TiPd,153.552,19.089,154.2721954711003,-7.093566418346094
mp-11552,TiPt,185.077,25.456,171.7220276455192,-63.13069405847169
mp-11554,ZrPt,165.913,11.349,168.22813426097528,-0.6375586668864992
mp-11561,TbRh,109.058,37.508,112.65619498989793,33.73804740065283
mp-11564,TmRh,118.772,47.637,120.91675217960235,42.619491445312576
mp-11566,ScZn,75.344,45.806,76.01182806588015,47.877527593223306
mp-11568,SmTl,52.78,17.365,59.6734230440155,10.160947638687851
mp-11571,YSn3,57.293,1.966,62.87977604876706,12.143706252898705
mp-11572,TaTc,257.672,128.64,291.8512613587232,119.69138638250084
mp-11573,TiTc,204.076,80.038,201.78895800876597,54.360212984151794
mp-11576,YbTl,32.524,25.063,62.20621567930576,9.502781485999902
mp-11578,VZn3,117.948,65.384,121.23524996107088,67.47757199275739
mp-1158,LuPd3,134.504,51.613,146.65433177563636,57.9772263859975
mp-1169,ScCu,86.854,35.894,92.65067904791184,42.14654781507839
mp-1172,MgRh,115.355,59.938,115.82139998394833,62.25470989831852
mp-1174,MgSc,49.321,28.271,56.23482236104866,33.054588581227776
mp-1184761,Ir3Os,359.91,239.938,448.779405794196,268.9856841574226
mp-1184771,Ir3Rh,323.477,198.555,409.7371357907576,220.9427137208787
mp-1185,VRh3,251.212,155.92,299.0935557767138,162.7468883891053
mp-1186902,Re3Ir,365.406,207.287,389.69259115074976,217.39375717418713
mp-1199,HoMg,41.356,19.049,44.86590466658089,27.53441981943036
mp-12065,Ag3Pt,121.006,34.758,132.74409766611356,38.70494390979298
mp-12083,CrIr3,307.958,214.386,368.45114467805314,239.84109737941316
mp-12086,Cu3Pt,169.333,55.578,183.4357517941502,59.897770392806734
mp-12107,TiPt3,238.047,106.959,274.7085860137527,110.0245959270718
mp-1211,ScCd,67.024,34.535,72.73304649890216,34.68964412772749
mp-12110,TaRu,241.27,137.208,246.64969558193823,27.0445382256374
mp-1236,NdAg,55.86,14.117,57.429230455372405,18.688632738732792
mp-12585,CrRh3,230.758,154.192,283.81632942885676,168.96159046794793
mp-1259,YbAl3,59.791,53.601,89.2950914944187,56.28985068413963
mp-12593,ScIr3,243.259,111.389,261.5423716748747,122.76894609340472
mp-12594,TiIr,218.372,87.624,231.5547662999361,27.341106164545707
mp-12598,PrPt3,153.052,58.109,163.91982231611937,51.01554849489817
mp-1261,EuZn,37.377,21.06,34.33554148186195,21.522167882377666
mp-1263,URu3,200.183,92.494,254.9618004858152,90.16297663819674
mp-1264,CdAu3,113.161,21.558,129.41619964938263,20.64667360197568
mp-12661,Cd3In,36.705,15.689,41.2936032650202,1.8401331243764372
mp-12674,MnAu,113.61,35.386,119.62687086514212,30.052267033290235
mp-12762,PrB6,173.84,117.539,202.64106744559615,136.02712868983633
mp-12763,TbB6,174.096,88.469,198.48210995522987,126.44202081643898
mp-12778,VOs,284.95,122.261,298.14177395582686,113.99096723820722
mp-12798,Ni3Pt,202.169,90.94,238.12562370318128,87.31625668514897
mp-1291,ErIn3,55.358,29.738,59.3141989402689,28.804897720649016
mp-1296,ErB6,174.535,75.967,194.90503150705985,113.04082044655011
mp-13100,MoPt3,252.326,105.846,304.1406815700184,102.07164982400089
mp-1327,NdMg,37.564,20.725,38.43599345534696,23.833417042584365
mp-1335,VFe,195.793,68.158,211.50324890763025,70.11738648739522
mp-1339,NbIr3,313.146,205.818,361.9773584234996,213.27457440123564
mp-13480,Cu3N,161.585,21.34,162.53459927083276,30.34177452266333
mp-1395,VRu,230.974,84.674,257.2233168294845,73.69515295412867
mp-1408,MgHg,45.593,19.452,51.26920674870514,15.821575856610911
mp-1418,FeNi3,199.381,99.899,214.1883564735884,92.73817415918754
mp-1420858,BiN,116.636,6.697,134.12201788069478,8.598405562238892
mp-1428312,AgN,147.992,27.861,150.27029660647912,-30.273231162826196
mp-1431697,SbN,127.829,11.997,134.18259725604884,-5.0799956582093735
mp-1438,ZrIr3,267.921,149.21,292.9321052160219,158.89973658735565
mp-1471,Zr3Al,100.33,55.844,106.54440110073392,44.54838966477139
mp-1481,SnTe,42.065,6.146,52.43989497263742,15.282618098016014
mp-1486,ZnNi,146.22,7.305,157.74194730412057,53.3235204049312
mp-1487,AlNi,157.34,70.652,175.17974245822586,83.90110739302298
mp-1505,TmMg,43.263,21.014,45.391653587912984,28.24088766378033
mp-1518,CeRh3,171.204,73.359,175.8492306678013,62.17585525329161
mp-1529,LuIr,147.522,70.328,151.91898685743757,55.54826351386592
mp-1533,Nd3Tl,41.606,16.713,47.766399396960985,20.602191475558335
mp-1538331,YbGa,40.095,33.731,69.98979064851287,21.184011605706832
mp-1540,HoTl,55.065,19.277,64.9091528997392,11.254264431715129
mp-1548,PrMg,37.078,21.807,39.25929392042204,23.84800141512562
mp-1549,TbPt3,169.757,71.121,185.7963270857323,66.40364949451111
mp-15660,Nb4C3,269.426,127.45,327.68799313440195,170.69958527512017
mp-1571,PrPd3,111.571,42.251,118.24714367141168,43.244719668874616
mp-1603,TmGa3,76.098,44.081,75.2493733288779,42.14602890045306
mp-1608,ZrHg3,82.284,14.568,92.23353534336373,28.58389820269986
mp-1635,TbMg,40.716,20.807,44.24514332344761,26.49514818205559
mp-1649,Fe3Pt,193.206,31.661,160.35335907713912,64.67479885760753
mp-1681,La3Sn,44.031,24.189,44.02392532528022,23.55694866736373
mp-1684,ZnAu,114.545,19.123,129.04595944574598,12.052045276785764
mp-1703,YbZn,32.884,21.029,68.93223496467026,38.19158359525244
mp-1723,UAl3,88.376,63.453,93.9032109662142,68.1040231394847
mp-1756,ThB6,195.95,135.517,214.45282031181523,151.77823703702146
mp-1780,ScRh,138.583,58.07,144.92654566233008,53.14879887743314
mp-1795,NbF3,93.987,27.834,101.8311125492386,38.525931268513176
mp-1837,TbCu,71.128,31.116,73.54418294057335,34.12195192813952
mp-1857,YbCd,31.809,15.006,63.15464800385448,25.43696299036398
mp-18695,Fe15Co,181.802,84.311,180.646140482125,88.32254550571452
mp-1877,HoAl3,76.786,59.484,79.68659706792516,59.68808609504758
mp-188,AlPt3,224.023,86.928,251.85484226585476,81.69495225589317
mp-1885,AlIr,229.406,119.385,273.10278373957175,135.60655474756248
mp-190,ReO3,237.846,91.956,267.831186745282,124.41129958773216
mp-191,YRh,106.896,41.489,114.65733193522604,36.13113676161522
mp-1911,CeSn3,58.694,28.745,71.08125331818265,25.844757596328765
mp-1912,ZnAg,89.933,39.732,99.18959430544878,21.27073443281961
mp-1913,ErPt3,177.756,75.459,193.6591578642892,72.43844975284705
mp-1918,FeRh,198.729,74.969,202.36340624201137,62.75164160295196
mp-1921,ThTe,83.002,49.635,100.15230813145436,52.46997084936723
mp-1929,NdB6,174.362,117.48,200.1703812674119,137.72712695923582
mp-1933,Cu3N,116.742,38.179,135.13405551424538,40.623024560787776
mp-1941,GaNi,152.55,42.594,161.18449650299416,43.90751022436524
mp-1948,LaAg,48.529,14.165,51.52007247319549,15.109444350954192
mp-195,HoPt3,174.749,74.077,186.3215432124887,68.78076933994078
mp-1955,ErCu,73.462,28.142,77.08599076874836,38.18335724669801
mp-1971,HoCu,73.432,32.372,75.99628755958057,36.60198006541841
mp-19736,EuTe,50.965,11.726,37.39779137575235,18.195561511888357
mp-19764,Pr3In,41.265,17.99,45.184800585140984,21.63733337112446
mp-1977,NdSn3,56.558,16.292,64.3855226209041,17.3898066555405
mp-1979,HoPd3,127.535,49.519,134.23080714477624,51.95377553032736
mp-19800,Fe11Si5,222.032,109.921,209.89572901092436,115.84490213111056
mp-19820,TmPb3,49.521,6.186,54.541323541985925,10.368502861400158
mp-19870,GaFe3,169.4,55.803,176.1040240115948,61.69473196217137
mp-19920,Ce3Ga,43.072,28.756,47.38021872990872,28.016747435402376
mp-1996,NdIr3,191.377,86.186,200.37307214779077,80.93825138995247
mp-19966,GdTl,32.249,14.765,63.042621864650464,10.150752418030006
mp-19977,SmIn3,54.505,31.505,58.819208795720584,30.55158245366807
mp-2001,LaTl3,44.459,17.852,47.34751734816954,22.62094822770037
mp-20023,PrIn,51.835,20.53,58.869502711982214,12.870354555324916
mp-2012,LiHg,32.253,13.906,36.90719776438121,17.23812588616236
mp-20120,FeSe,112.111,64.91,71.57724883965919,42.17467076991385
mp-20131,YIn3,54.648,29.977,58.16990086218222,28.379662208771155
mp-20206,ThIn3,65.84,31.631,71.83938279545512,35.64086124164288
mp-20214,UGa3,83.085,52.872,94.29335470214308,56.555912115124414
mp-20225,CePb3,50.804,18.878,55.873301644357944,19.94877870969703
mp-20263,CaIn,34.02,15.815,35.27272647733948,23.46349933591257
mp-2027,HfCo,123.98,60.459,171.77636898330925,58.00821954140907
mp-20298,SmIn,55.174,21.916,62.472795763508735,13.926197957182763
mp-20344,Fe3Ge,175.908,71.192,169.2607854557037,55.56694543679032
mp-20425,NpSi3,175.278,54.819,135.93478309536928,86.05807791375689
mp-20438,PuTe,19.367,33.153,59.50286848679768,28.404527408412147
mp-20469,YbIn3,38.382,21.04,64.34007588470489,27.74066514022696
mp-20487,La3Ga,40.212,15.802,38.33170975404128,22.19154509670415
mp-20549,CaPb3,38.108,18.658,41.04948653732781,13.757252629502844
mp-20555,NaPb3,32.491,14.898,35.13651576494434,11.43555863504869
mp-20566,MgIn3,37.336,0.611,35.226526488659125,8.32206449091763
mp-20582,LaIn,49.919,20.995,50.30423385831773,10.876783599429906
mp-20601,NdPb3,47.766,8.571,53.420649605881096,14.2019906214172
mp-2061,ThTl3,58.019,26.727,66.67366244998142,27.315019248463543
mp-20695,Zr3In,96.578,51.211,100.03464431199951,41.75674160438439
mp-20729,LaIn3,49.718,29.861,53.02508146413846,30.976856264368585
mp-20735,Ce3Sn,38.321,33.177,50.29998276982996,29.657839559249307
mp-2077,DyMg,41.646,19.61,43.76631975520983,27.011461433930354
mp-20821,NpGa3,97.898,46.799,82.54056710533999,51.868582428290566
mp-20828,Pt3Pb,172.406,43.661,193.48743777244545,35.67369260205083
mp-20849,Pd3Pb,129.07,42.248,145.80355386247487,42.93063440867317
mp-20874,EuB6,143.683,107.737,191.3323035173076,143.47975603157212
mp-20895,NpAs,83.6,19.027,90.4799927211571,14.43136803915826
mp-2090,FeCo,189.836,91.403,211.01864799256072,92.00267383171182
mp-20903,PrIn3,52.62,30.543,56.390306572550095,30.0327387843779
mp-20920,TbIn3,55.261,31.329,60.71212490060292,29.95942720671253
mp-2093,Pr3Al,42.665,21.141,43.728232947434186,24.032829368670544
mp-20939,PrPb3,47.139,8.839,52.55188675674764,14.77457078934601
mp-20941,UIn3,61.685,41.165,70.45016488191298,37.846809373884334
mp-20943,TePb,40.408,9.136,49.40816897490234,15.037218710942478
mp-20971,SnPt3,198.87,57.089,228.9660298353095,50.74601055261647
mp-20997,InNi,116.101,40.305,129.79310595311927,38.11338207991193
mp-21005,GdIn,104.041,18.822,66.40782757356,12.437177328205191
mp-21008,Ni3Ge,190.994,85.736,200.52555831446688,79.32221511413944
mp-2103,CuAu3,135.617,23.973,154.8884425499325,30.88009747789656
mp-21087,UAs,97.753,28.717,114.64055649974486,17.121620708890454
mp-21143,CeP,72.137,11.588,80.07432283292616,18.38162287847151
mp-21197,NdIn3,53.471,31.022,57.76510703059441,30.51073691409284
mp-21202,Sm3In,44.614,24.021,47.544376289644234,24.509992377822904
mp-2121,ScAl3,86.5,67.045,90.35598794913362,66.6145815434226
mp-21214,PbSe,56.543,13.524,58.11487996926539,18.703599803677513
mp-21215,InPd,110.79,29.49,120.65261636033684,24.697890465989225
mp-21253,EuMg,17.65,12.637,23.193307523979357,14.571289163506831
mp-2126,HfIr3,278.691,150.309,308.2576720984564,170.6398987153038
mp-21289,TiZn3,100.968,33.181,107.26311485123216,56.72581870339192
mp-213,CaPd,55.058,18.707,57.28476621865881,20.661743049596517
mp-2134,ErAl3,76.715,59.683,82.08353887512652,59.51966706703366
mp-21343,CeB6,172.63,117.511,200.86484616449263,146.75053832829633
mp-21381,ThPb3,58.108,20.125,67.93720018830156,14.437767944154183
mp-214,ZrRu,180.261,77.994,197.95446760400793,69.0969738630942
mp-21430,YbPb3,39.636,20.904,53.80662734558638,11.507216148889263
mp-21431,HoIn3,55.314,30.395,58.619432431470536,28.446946551774836
mp-21432,LaPb3,45.604,15.239,52.89806074645541,18.24164972777314
mp-21481,Pr3Pb,42.807,21.821,49.44199146924888,20.01204749049343
mp-21483,Nd3In,41.855,19.312,47.47686741816714,22.522253508594503
mp-21484,PuGe3,76.629,50.621,94.188351519528,51.98557433400871
mp-2163,HoRh,113.966,41.48,117.34432198932748,37.74790814398528
mp-2167,DyAg,66.847,18.225,70.13021093745732,26.686240647044155
mp-217,ErTl,57.284,21.314,63.99729983806046,13.24224479187451
mp-21765,Pd17Se15,98.118,27.039,123.28461317597066,51.6084156658236
mp-2179,TiRe,228.62,69.775,240.79212523739815,82.38574575352487
mp-21844,UTl3,51.996,27.469,63.8217761106861,26.056737583925045
mp-21845,FePd3,166.438,69.408,195.55462135615716,68.86770349252474
mp-2203,YB6,172.001,84.351,195.32685583303825,116.75870762328772
mp-2205,LuPd,102.592,40.255,102.02108125887275,34.36943105275491
mp-2210,ZrCu,105.385,29.697,121.85029642625123,23.45924350376102
mp-2212,ScCo,119.727,58.07,121.89996530177666,57.721766638607946
mp-2222,MnHg,69.323,21.852,77.11140249923885,20.340646239153173
mp-2226,DyPd,91.251,34.497,94.8978686945779,27.333587515428302
mp-22266,GdB6,167.657,96.068,205.6194365438881,132.37552420477334
mp-2228,ErMg,42.316,19.228,45.3044868885601,28.39115464790122
mp-22320,GaRu,204.343,89.664,197.75841761909524,85.46209220870999
mp-22461,Fe3Sn,124.102,60.607,155.85859258668592,52.62598590924358
mp-2258,Cu3Au,104.875,44.872,153.71456879899137,45.76012810679056
mp-2268,TbAg,65.884,23.666,68.85091036648944,25.693267019338617
mp-22704,YIn,56.047,20.93,68.19728980798233,15.423713453692953
mp-2283,ZrCo,128.339,48.526,157.61804191549442,43.43161835369079
mp-22851,NaCl,25.834,4.456,27.675307470133717,4.9251456052732125
mp-22865,CsCl,14.588,7.445,15.977182598076736,6.7769248766712105
mp-22875,TlBr,19.646,7.329,22.125656958270955,8.212408890917668
mp-229,ZrRh3,209.808,110.129,230.7301497039413,106.7761970763374
mp-22901,KI,12.418,5.209,13.815448071365187,5.239520636510831
mp-22906,CsBr,12.31,6.573,13.014928722444797,6.06907559418466
mp-2303,DyZn,59.752,25.072,65.55759356878788,32.11437629652035
mp-2311,NbO,242.599,147.84,290.471601951683,116.14170876952214
mp-23159,SrBi3,42.244,14.827,46.92222491646173,11.055050735882023
mp-2316,TmZn,63.975,34.632,69.09132117463693,37.952176321784265
mp-23197,TlI,16.52,6.535,18.249784339094088,7.516239733179746
mp-232,DyRh,112.175,41.33,115.7900401063178,35.12440133581184
mp-23201,BaBi3,39.346,17.54,44.461583744857485,14.616598280132456
mp-2323,BeCu,142.088,30.953,150.32038241723004,83.68549871964798
mp-23289,KCl,18.701,8.644,20.31061798662402,9.521976212724812
mp-23299,RbCl,16.534,8.333,18.106969694590106,8.951368557575082
mp-23302,RbI,11.14,5.547,12.4308085658115,5.315067791328199
mp-2333,NdPd3,115.77,50.728,117.59457318317553,43.5619262746821
mp-2334,DyCu,71.228,31.884,74.28763251299424,34.23305682122596
mp-2351,TmPt3,179.331,77.422,190.09874632467051,71.68159569858183
mp-2381,ErRh,114.582,44.03,120.751416803222,40.74275872551134
mp-2391,YbPd3,107.848,39.152,150.30877851621602,58.10351886822877
mp-2393,YTl3,46.531,15.556,51.94900095967168,17.98327894686523
mp-2399,YHg,65.407,31.429,69.80684558504393,26.445856444093824
mp-2403,YPt3,169.488,70.92,181.1277592330364,67.28722000081616
mp-2413,Ce3Al,43.376,30.324,45.15054094232129,30.582937664498083
mp-2417,DyIr3,212.008,96.074,226.28675542052355,97.67241282148518
mp-242,SrB6,144.836,110.605,187.72860228043987,141.35186675119436
mp-2426,LiAg,41.392,18.419,44.58349403843923,17.358023808749472
mp-2431,ErTl3,47.25,19.207,52.32753738060207,17.34815374119851
mp-2434,SrTl,25.126,18.121,27.976727717848927,17.14497453759557
mp-2444,GaRh,179.773,58.842,210.3807727944138,74.62187351104251
mp-2449,NbRh3,248.556,148.259,284.69423941386947,150.23175180046596
mp-2459,YbIn,35.186,23.996,62.88067781074318,10.8348390638567
mp-246,TiF3,102.198,30.021,98.52534172539714,38.213881309487064
mp-2465,DyPt3,172.498,72.237,184.62998461296036,68.4356172082948
mp-2474,YAg,65.962,20.315,70.18437328293983,27.493550633357827
mp-2484,SmSn3,57.389,13.663,64.24062509990883,15.538135906268028
mp-2509,ThRh3,170.311,76.264,179.53443114384015,66.8668589973916
mp-2515,CrPt3,231.851,95.103,287.7620276129317,102.12058535125574
mp-2516,YZn,60.055,30.473,65.9778887165106,34.81082419563535
mp-2525,PrAg,54.408,13.044,55.56920145183772,17.711514837379987
mp-2540,VTc,254.937,125.024,284.56006098373274,106.76456280539348
mp-2558,SmMg,36.23,23.128,40.237226511533954,24.966494080712696
mp-2560,Ti3Hg,115.477,47.565,112.074689383393,41.80855397404224
mp-2564,SrMg,19.806,11.488,19.763930701683226,13.017527482556645
mp-2573,NpAl3,95.504,53.34,81.72158023363319,62.14950718661966
mp-2577,Mn3Rh,238.125,151.231,179.5788805997278,110.94801647113802
mp-2600,BaTe,31.625,14.228,31.162954544289395,14.14502487424202
mp-2615,LaZn,49.02,26.359,48.69031570989665,22.976005786821396
mp-2621,ErAg,69.968,16.924,74.95968574965599,30.63896526201732
mp-2630414,TaO3,187.237,73.013,200.9246882046728,66.77653952839015
mp-2636,GdMg,216.967,21.921,42.81088218330703,23.44283404967277
mp-2639,Na3N,21.088,11.725,24.65186508731871,12.53833014701022
mp-2642,CdAg,73.469,27.634,82.49974319301178,13.53545341813308
mp-265,TaIr3,323.564,212.167,375.75227384064806,225.01715084428832
mp-2658,AlFe,170.575,96.914,158.64601575461657,113.85048727085469
mp-2667,CsAu,10.059,6.1370000000000005,12.615341629424428,7.142094369310159
mp-2672345,MgCu,80.417,43.487,75.22648490385912,32.830685632116655
mp-2677,ScPd3,143.721,55.443,154.6354322837737,59.103883656414745
mp-2680,LaB6,181.75,134.517,201.44534845058897,147.5164808829287
mp-2688,HoGa3,69.38,43.833,73.00054759758437,44.300736181285394
mp-2696,MgAg,63.271,36.044,71.00549693870855,28.170647366378184
mp-2713,ErIr,140.411,56.862,142.2657166599046,46.39357725762849
mp-2743,LiPd,72.655,24.82,80.86489306726729,36.60479508134935
mp-2747,TbPd3,126.101,45.911,132.5999299667158,50.59054448730546
mp-2757,CdAu,90.157,31.869,101.55771453654935,8.361983018721427
mp-2773,BeCo,196.762,120.555,191.88070294195296,110.69320095968436
mp-2778,HoAg,68.602,18.274,72.47940482309673,28.60647346562112
mp-2781,ScPd,110.671,32.904,116.20826306157213,35.41814965020958
mp-2800,USi3,129.573,100.19,145.2434688019564,82.25542846170052
mp-2802,HfRu,198.115,98.917,214.27398732647205,88.64812303235581
mp-2805,LuAl3,90.195,11.645,89.12636991444691,61.430075608520085
mp-2808,ZrRh,164.388,42.54,174.74577042553798,18.89505602706263
mp-2819,InTe,37.644,2.024,44.532019273479975,-2.202512636423239
mp-2825,ErPd3,129.717,49.925,138.18695583669356,54.51293633620961
mp-284,AlCo,178.781,123.627,198.35438932259555,128.4172740606132
mp-291,TiOs,248.343,130.443,271.5337298373017,141.68631125638194
mp-300,YbPt3,158.564,68.3,213.3477092185304,76.21453376077741
mp-30083,TlBi,36.786,16.885,44.934306487051884,-16.59111043431906
mp-30338,Y3Al,49.823,32.502,54.184211447625,32.173573255817445
mp-30343,InAg3,77.989,14.93,86.98383531772268,20.903373239069055
mp-30351,MgAg3,77.693,17.218,84.39355332367943,26.547202270584975
mp-30353,AgPt3,200.369,62.854,242.0413707922847,59.01354166871021
mp-30360,TmAg3,74.075,18.548,80.97944530381501,20.39216594620566
mp-30362,Zr3Ag,97.309,21.026,94.58126593436852,18.86500900447327
mp-30468,ThBi,73.55,25.236,72.8403427391373,19.095037504634146
mp-305,TiFe,198.715,94.979,204.99302497897065,100.1545631041223
mp-30741,PaIr3,259.63,131.2,273.51662775165016,123.1803433737587
mp-30746,YIr,130.242,46.637,138.7976436542298,43.47275087515085
mp-30777,MgPt3,183.899,78.069,208.67035522826984,75.16060551216071
mp-30825,PaRh3,212.903,92.757,224.6608536464337,89.51656417814134
mp-30845,SmPt3,160.432,64.907,175.57499370200586,60.541613774733925
mp-30856,ZnPt3,211.734,67.417,245.34062158146568,71.04053792762366
mp-30858,ZrPt3,221.479,103.854,253.77910412271987,100.1250875698273
mp-30867,ScRu,148.847,55.613,144.37795806257236,51.72185031648131
mp-30878,TbTl,52.636,14.522,64.2045364876749,11.321416623109233
mp-31337,InPd3,143.036,37.467,150.21739195885468,46.55468156001514
mp-316,MnV,243.086,120.425,272.1961994028356,102.96254090312485
mp-33029,Nd2O3,113.322,45.787,116.7047137496026,49.27360031845444
mp-33032,La2O3,100.901,33.76,109.70232443544876,36.39516992258755
mp-331,ScAl,78.486,43.156,75.83925453182628,40.006803756536115
mp-348,TmPd,97.651,38.402,99.52608640647216,32.40152191933596
mp-357,SmPd3,120.483,50.999,126.12863632109514,46.73267058621979
mp-364,AlRh,194.408,98.81,228.28112745414512,114.6698998702104
mp-372,VPt3,237.489,109.303,287.3149028374794,105.414902382216
mp-375,UO3,153.034,63.703,164.02898095397583,62.267154549058695
mp-376,PrSn3,56.073,17.281,63.21751349275754,16.874733951023714
mp-377,LuRh,122.628,52.59,127.14903391805542,48.33095416524333
mp-381,SiRu,257.369,93.152,275.84537211270964,137.6577213489588
mp-398,ErGa3,73.646,44.73,76.81724223715348,45.200416105547866
mp-417,MnRh,183.708,85.073,182.71245782659528,75.26168605317802
mp-419,YbB6,154.194,90.805,199.3578114361075,113.85244639080018
mp-435,ThSn3,68.417,30.84,88.0601891499367,21.889651653249256
mp-436,SmRh,101.019,26.534,104.18481049073549,26.228932767802373
mp-437,MgAu,81.405,25.035,89.21901785256007,30.30796098416955
mp-460,PrZn,50.277,26.844,55.46881257431723,25.10753299315638
mp-481,ScPt3,198.156,89.795,214.04645776082484,84.28698566027064
mp-495,LuGa3,68.978,43.84,79.80618064578033,43.16043120457696
mp-506,MgPd,93.324,8.07,100.7378011759697,39.98717670755903
mp-527,BaCd,19.668,12.119,23.45642694613431,13.634504110865466
mp-535,Fe4N,193.027,56.748,205.5410705657829,86.38373189426609
mp-542,SrHg,27.259,14.296,30.242513812682017,16.869696050743038
mp-542569,AlRu,203.483,107.621,208.40685877603835,111.51796260181182
mp-556242,YF3,100.271,49.604,120.97155707670838,63.760434383908034
mp-559,YPd3,124.541,48.346,129.01513859635057,49.41775970021111
mp-567089,YbRh,81.33,33.51,125.66405506054927,45.14520565581098
mp-567116,YbRu,73.949,24.812,122.82352591847392,40.41585441793602
mp-567454,NdGa3,68.84,39.27,64.7908054132883,40.983967085451006
mp-567589,DyAl3,75.98,59.228,80.42153558871202,59.61614607191625
mp-568319,DyB6,171.865,85.681,191.24862309576065,123.98011088191654
mp-568705,YbIr,98.022,35.115,153.3939776398792,53.739024296724246
mp-568711,VPd3,175.556,81.744,201.06605597770505,79.8667396222331
mp-569120,NdPt3,155.153,60.691,164.51665349448135,54.69088092565049
mp-569125,Mg3In,39.204,9.347,39.5540743816547,16.981301038297023
mp-569593,PmMg,40.401,20.482,40.08186670755626,24.86300454147698
mp-569775,ZrAl3,102.592,59.186,110.9324600121544,66.81809573753442
mp-569785,TlPd3,132.434,24.612,138.88651351856623,38.59041950740108
mp-570018,Ce3Pb,47.518,28.668,48.51099892680031,27.72651764243474
mp-570276,ZrZn,106.664,46.251,122.47165101606072,38.80539322349298
mp-570409,PrAl3,67.033,50.75,70.52212909746636,52.19061242640075
mp-570691,Ti3Sn,114.12,37.008,117.52965102417484,49.78783599829097
mp-570698,V3Au,177.227,45.456,192.07513053131245,39.203833788548664
mp-570891,KBr,15.624,7.04,16.60675821803268,7.610097625897284
mp-571188,Pr3Sn,45.876,24.736,52.45588577468157,22.951193705307222
mp-571352,TmB6,174.157,71.283,191.37008103810103,116.0874729281436
mp-571405,NdTl,51.435,17.104,55.395425345696,9.316871655855936
mp-571491,HoB6,173.233,80.601,195.54575331680408,120.25278706468576
mp-572,SmCd,51.061,18.597,53.23289779490242,21.024150957792155
mp-580236,EuCd,24.939,14.968,33.00971152517255,18.154965017725512
mp-580287,Zr3Cu,111.07,20.3,97.45718440455798,18.37556123221981
mp-580357,Cu3Pd,149.816,48.551,161.03805371625077,52.55821083291928
mp-592,TiRu,215.387,108.631,235.3841950237052,106.46442761314262
mp-608,TiCo3,142.93,94.374,208.52185315124575,91.65972914835734
mp-615,YMg,41.771,20.773,45.73292936728549,27.72639358600065
mp-632319,CsH,11.732,7.858,13.259144758582035,6.843014943396005
mp-633,LaSn3,56.392,23.894,66.19484584448024,22.90751923483471
mp-635,ScRh3,185.005,84.21,198.5573468034188,81.98604309869445
mp-636328,TiPd3,179.376,88.699,208.53808594584584,84.84489942579476
mp-646,PrCd,47.806,19.44,49.66234677615729,19.624080381981745
mp-649,FePt3,263.838,110.344,278.4885495245189,95.83401809649216
mp-672698,GeTe,46.694,3.555,62.75635932053723,11.192953756799918
mp-674,LaPd3,109.965,45.919,117.0132942497033,40.91031732743099
mp-6907,SrSi,38.382,6.986,41.72597605057277,9.424215575120597
mp-693,Pr3Tl,40.884,15.285,45.26193732659375,19.523942916525247
mp-6938,ZnRh,171.239,74.335,181.91966539642476,78.38886272335641
mp-6996,SmB6,174.855,106.824,193.40825059172465,129.2685109934609
mp-712,YCu,70.25,31.833,72.32633920831246,34.85663488022331
mp-7131,PrTe,58.128,35.887,74.89459879225846,38.96621906550679
mp-718,SnPd3,145.871,54.511,167.3808228948688,52.689633515562925
mp-721,TbCd,54.797,22.082,58.63268680849003,24.655864992127043
mp-755300,TiO,208.643,46.453,236.65004136883783,117.99231298237936
mp-768,TmAl3,77.938,59.643,81.2866975643077,58.62697390019275
mp-7700,SiB6,150.882,23.821,178.08174856645084,80.48749520620547
mp-7753,MgPd3,128.765,41.213,132.7911143046402,42.96973706193032
mp-776,LaCd,45.631,17.494,45.14622158563151,17.07017126360927
mp-790,LuPt3,182.998,79.492,200.24232233203887,75.8236226352055
mp-797,DyPd3,127.136,48.329,133.6776882707654,52.098713662283075
mp-8039,AlF3,124.366,76.51,141.11846629278608,82.37849012644836
mp-8102,W3N4,344.254,70.766,373.3858440409843,145.48504127679826
mp-817,TmTl3,46.269,17.128,52.42354804569668,16.595542395552535
mp-823,TiCo,351.113,68.061,182.22544282240705,59.27495901762129
mp-828,SiNi3,209.083,104.05,224.4785303184975,99.16193727365894
mp-829,AlPd,155.221,52.682,167.51643205829012,52.83339841791044
mp-832,HoPd,94.522,35.725,95.89054260147122,29.298437660205547
mp-8338,TaF3,100.51,20.136,114.19137462334996,32.44260261422992
mp-836,TbZn,57.624,23.228,66.33324770038821,31.53505829488748
mp-8454,KF,33.925,14.164,32.97400931940255,16.33897282057257
mp-851,ErPd,95.906,37.403,97.60232166542916,30.7333608239586
mp-861931,LiPt3,182.434,85.615,213.56695307844944,82.52704165475163
mp-861936,LiPd3,120.749,37.805,129.89980792467372,42.915076415211466
mp-861939,Ac3Sn,34.933,20.594,36.937166813415814,19.1964642813596
mp-862820,PaSi3,122.743,73.385,135.22855075830964,65.57599928334649
mp-862861,Pa3Si,108.501,59.249,138.04783018891985,54.20560216136208
mp-862862,Pa3Sb,104.598,62.028,144.1607986935283,55.7897367286098
mp-862863,Pa3Te,105.402,60.794,170.58618822855155,71.05761989647614
mp-862864,Pa3Ge,111.033,56.445,126.67741385407489,50.520747950866806
mp-862954,PmPd3,117.777,52.142,124.54244266607223,46.303158127527375
mp-863257,LiGa3,39.269,19.567,49.64051436664627,19.11222998165075
mp-863720,HgPd3,139.163,29.205,147.90542971078708,36.79760561542591
mp-863737,Ho3In,50.028,30.054,54.259218903387975,29.045342776716947
mp-863750,AgAu3,121.457,25.136,140.24520446628472,25.81459700244361
mp-864794,ZnAg3,90.519,29.454,97.42979110788512,25.734066057740417
mp-865,CaB6,146.893,84.87,186.92105335176996,129.260969916251
mp-865786,CrPd3,152.758,66.576,197.48022189765695,71.93050125029116
mp-866006,CaBi3,45.159,13.126,49.99695993776335,8.316578357178111
mp-866022,CdPt3,189.833,50.231,212.3547589661964,56.50046124674351
mp-866186,Ti3Zn,110.213,52.136,116.84169671281931,37.96421031710198
mp-866199,AcAg,43.963,16.405,45.02076072079266,17.469129807949546
mp-866286,AcMg,30.934,19.546,33.39786510677673,21.11718010897661
mp-867,ErCd,59.501,29.491,61.50873005523998,28.632397359963957
mp-867189,Pm3Pb,44.905,22.668,50.42551837263929,20.440005406928044
mp-867248,LaBi3,53.973,15.364,59.99827311296219,7.361518089772027
mp-867816,TaRu3,276.055,139.6,285.4258216071302,113.41088680760912
mp-875,AlOs,236.689,124.889,247.82913071702512,126.90487406014432
mp-881,NpSn3,54.061,16.852,74.44130946789393,26.30566539431816
mp-892,ScPt,137.028,37.91,141.65383134793686,41.52233684927413
mp-902,BaZn,20.356,14.528,22.64189569614773,14.163607984907326
mp-915,YCd,56.99,28.662,62.46039303503091,28.350520339115388
mp-922,CoPt3,227.99,87.071,282.44027928377903,97.88772222149112
mp-932,ScGa3,73.065,45.318,84.77641938043409,46.867296569501505
mp-953,NbZn3,118.284,74.397,137.1764816548775,76.31321366591493
mp-954,BaB6,141.127,129.899,181.47302659622065,140.3770581410642
mp-971682,Si3N2,142.078,72.85,135.9889623532141,93.09746955598924
mp-971694,Ge3N2,99.291,52.658,96.97140353559804,68.76305491360273
mp-971703,V3Ag,159.817,28.888,169.79358482978623,29.93549309397181
mp-971753,ZnGe3,61.403,5.969,68.9279856681613,5.413469569820255
mp-971803,ZnHg3,21.227,3.365,25.041875110262367,0.0265284104013827
mp-971951,Zr3Pt,128.477,16.539,125.8265588797774,-107.56569112658389
mp-971958,Tm3P,60.974,21.319,57.783480254893824,25.466166145182108
mp-972044,YbTh3,44.763,31.315,65.4542841982644,35.8219828278775
mp-972087,ZrH3,129.755,78.184,151.14458054599783,84.93971165428988
mp-972103,U3C,177.966,70.859,174.1534269471473,13.34905687997556
mp-972156,TbY3,39.722,23.922,37.66699812758271,24.238448635396647
mp-972185,Tl3Hg,26.92,8.347,27.833184797419232,3.28293186218095
mp-972352,YbMg,24.014,13.027,46.395784171322305,23.661365254245226
mp-973004,ScRu3,203.337,64.747,202.9370186089683,27.153549883643397
mp-973024,La3Hf,40.645,21.816,40.72150237214246,24.00977791060137
mp-973060,MgCr,57.229,33.265,57.798590427032586,37.31978311722578
mp-973191,LiTl3,26.317,7.189,27.5177159984119,6.2542389515412395
mp-973232,NdTm3,40.739,23.677,39.56310781833521,25.700473162262774
mp-973342,SbRh3,205.763,100.722,226.0888863486964,87.4229036807435
mp-973556,LuTh3,51.667,34.157,62.58890927425209,31.421424276739643
mp-973652,LuRu3,191.106,58.922,186.68856031980673,23.15589042519634
mp-973777,Hg3F,43.402,0.147,40.55514779565158,-360.1048269905926
mp-973834,PdAu3,143.059,22.521,162.49138560789837,34.762708789416145
mp-973865,PaAl3,93.654,66.056,99.02121031347065,64.52764526250557
mp-973875,Ga3Ge,49.122,19.565,54.93490720015709,6.204083553309044
mp-974066,Nd3Sm,34.408,19.689,34.07765376004891,20.292444429921005
mp-974335,RuRh3,265.771,166.99,317.0720846840594,181.49116521834304
mp-974370,PtRh3,252.972,132.714,309.8506655496053,136.0354037729208
mp-974395,Pt3Rh,248.019,78.168,303.71337232444216,81.45796995899401
mp-974457,Ru3I,200.1,82.095,204.45746100439592,55.24013139392159
mp-974617,Hg3Pd,68.071,5.286,75.81238786506961,5.839174758033064
mp-974627,K3Tl,5.574,2.908,5.099228416854697,2.602001985775398
mp-974799,Rb3Sr,3.974,1.448,2.9481585098943945,1.5091018616111436
mp-974827,KPr3,21.468,6.489,19.626647948126745,9.32403946539845
mp-974865,NdY3,38.765,21.65,35.81805276584413,22.94559043858774
mp-974866,Rb3Na,3.34,1.364,2.204952999829072,1.0609692817160623
mp-974938,Rb3Li,3.531,1.539,2.9050557480804713,1.4567526405680415
mp-974948,Rb3In,4.908,2.719,4.338778438710931,2.581554667137636
mp-975312,RbF3,20.725,3.405,62.12136131285041,-5.314320454932534
mp-975383,RbCa3,11.416,5.159,11.433955592344914,5.088195134374062
mp-975439,Mn3S,179.718,51.052,132.0024358225865,26.522714126473137
mp-975511,InSb3,44.916,8.082,59.11858596990229,-1.3753277964583672
mp-975638,Pr3Hf,43.976,24.977,49.31551253151421,23.19273076238229
mp-975639,Pr3Er,34.921,19.5,33.09761640341869,21.539054908063164
mp-975664,NdGe3,69.174,22.539,77.45475275586422,26.171393876809834
mp-975797,PrSm3,35.965,21.072,34.889315224464745,21.781996243156875
mp-975994,NaLa3,21.316,6.803,23.489180928209183,9.934117486240838
mp-976010,Li3Cr,22.421,6.546,20.930955117266908,8.220086908320726
mp-976061,PrGe3,69.29,22.594,74.20547825476964,26.35184205260005
mp-976138,PrDy3,38.535,23.324,37.80475173308021,24.00315420035341
mp-976254,Li3Mg,18.827,4.952,19.308392393628814,6.169537716364166
mp-976319,NaHo3,31.547,5.748,31.058599610592665,12.822941488388608
mp-976424,LiLa3,30.515,10.268,23.210455200483377,10.184986400282014
mp-976588,HoTh3,52.284,33.704,59.783451206298665,29.02098978384258
mp-976725,Hf3Au,122.505,10.695,132.3712377197329,23.740472243778132
mp-976772,NiAg3,127.322,28.17,117.44582831782334,36.24099316740053
mp-976784,NiAu3,144.369,20.114,165.64576798753347,37.47888080112906
mp-976799,Ni3Bi,136.809,40.924,146.5026860515798,45.94102475131629
mp-976847,Ni3Sb,164.639,57.89,174.61541745489683,63.649048981905835
mp-976856,NaMg3,24.546,8.351,26.77818500870217,10.746495440139205
mp-977,LuIn3,54.557,25.507,58.35977009114932,26.101362269587067
mp-977224,PrAs3,75.341,20.306,83.58432518961348,9.993963752441926
mp-977310,OsAu3,183.641,15.146,198.7077303073839,43.89387026529094
mp-977573,HfH3,141.255,84.832,152.70047215762656,82.153179608901
mp-977585,Zr3Tl,96.017,46.953,93.55328214759108,35.820813813190505
mp-977997,ZnMo3,217.767,57.605,245.9181330190299,43.280971962867824
mp-978034,Rb3Sm,5.436,1.738,5.346098657106058,2.372157674854809
mp-978273,Mg3Cd,37.897,13.932,42.79698767686232,17.330777075612183
mp-978281,Mg3Ga,41.632,12.543,41.836225906046494,20.179677548588455
mp-978282,Mg3Hg,40.931,13.677,44.99213557699596,17.71396897479888
mp-978286,Mg3Mn,44.054,20.217,45.80405231003589,25.416118955580792
mp-978287,Mg3Mo,72.683,52.21,71.38146362386475,42.649906693155515
mp-978294,Mg3Sn,41.535,20.038,43.54341725946804,20.438542072801756
mp-978303,Mg3Re,80.582,30.25,85.55049575955196,39.36205263646287
mp-978304,Mg3Ta,69.102,42.454,74.88815216992212,41.489007914602475
mp-978498,Sc3Al,64.254,43.099,68.18353785084443,40.760795241963095
mp-978502,SmAs3,77.887,17.374,86.70539728558967,3.7922344180758896
mp-978507,SmTh3,52.79,34.028,60.11037177193499,27.97109764447433
mp-978514,SmTm3,41.344,25.23,39.57307016138088,26.646305731405963
mp-978797,Sm3Hf,47.667,28.35,52.63796210382917,27.735242007459185
mp-978823,SmY3,39.02,22.803,36.30620876230175,23.68703390969158
mp-978964,Th3Mg,52.8,28.975,52.95635623109093,25.10662058818762
mp-979009,Th3Be,62.166,29.253,62.26521512494458,26.454595752431484
mp-979039,Th3Au,72.964,15.655,68.81884460661217,16.254899548599585
mp-979269,Tl3Cd,27.4,6.46,28.571247648216872,3.8574024510536633
mp-979419,Dy3Y,40.892,25.48,39.21200205383364,25.100287675270323
mp-979423,YGa3,69.461,42.645,69.53641835947649,42.72186513220553
mp-979936,RbYb3,9.676,5.944,24.840818525398465,10.650597378993144
mp-979945,Yb3V,20.968,14.683,49.51363272035864,22.964324391160176
mp-979956,Yb3Mg,18.16,9.45,45.93235179453123,20.87370404267432
mp-979963,Yb3Ti,20.615,14.63,49.227270792817315,28.57565431654013
mp-979984,YbP3,77.34,35.155,95.98577702079616,38.27534095614136
mp-980001,YbPr3,28.124,14.306,33.24864665161472,22.35946016408585
mp-980014,TmTh3,52.713,33.632,61.4045133304279,30.18225357529529
mp-980063,YbDy3,33.683,19.241,39.94132160320896,26.465942368658936
mp-980203,TiOs3,308.449,110.247,287.9046653678897,91.05184714896797
mp-980646,TmSi3,89.137,32.813,96.8964680010674,38.25746004907946
mp-980941,Ti3N,122.949,70.473,131.44274685260942,-10.92453106746344
mp-980945,Ti3Nb,123.599,17.805,140.58622957762665,-9.491533680393324
mp-980946,Sr3Cr,14.914,8.285,15.32239062339658,9.027163879654545
mp-981215,Zn3Co,118.899,45.999,128.06371661468657,51.619506809261104
mp-981384,ScOs3,258.846,85.493,249.02823495279125,46.86426055469112
mp-981390,HgBi3,49.206,1.476,52.53612465126536,5.117762088186342
mp-982,TmPd3,132.296,50.923,137.63954072998084,54.128273666507866
mp-982048,Ge2O3,178.568,103.527,196.2408435211231,101.21617002404328
mp-982665,K3In,6.339,3.261,6.301136735998076,3.0031340277773677
mp-982773,Na3Tl,11.861,4.995,11.185960162323193,5.304476424351684
mp-982780,K3Cd,5.074,2.625,4.569206688295951,2.565477047153989
mp-983230,Ga3B,65.049,27.884,74.69069741480601,2.4714127217936266
mp-983237,Ga3Bi,43.085,3.494,48.77976336392614,7.462386474904534
mp-983497,Pa3Zn,93.69,38.201,92.83217858015074,38.75387488837177
mp-983539,BeAu3,140.648,30.875,155.5724014986695,29.607347198334327
mp-983584,Al3Tl,49.964,10.322,53.75576074541297,9.273227077215193
mp-983585,Al3Zn,78.655,33.527,74.469118218113,22.428985185198933
mp-983590,Be3Fe,151.52,99.945,156.2207593675229,101.58049194974846
mp-983594,Al3Ga,61.751,6.133,70.69572965423485,21.53589198657096
mp-983604,Er3As,56.983,18.755,61.31335926078898,20.6294355628805
mp-984711,Cr3Cu,220.871,72.044,224.56436277620537,70.09381771795397
mp-984719,BeAg3,103.296,38.839,107.54570722256312,30.279791208909614
mp-985,TmCu,74.896,28.832,77.9539952440281,40.42186740759845
mp-985282,Ag3Ge,83.095,17.741,87.22682023797032,16.15206545887809
mp-985285,CoHg3,63.448,11.284,67.61059950076404,9.793955654773178
mp-985300,AcEr3,37.45,20.758,35.745134956751905,24.090223796030653
mp-985443,Ag3Hg,79.37,22.963,90.00805512188037,20.51841051706516
mp-985588,FeCl,41.143,98.169,79.12794545900937,6.514026866391688
mp-986,CeZn,35.292,21.92,51.59817435952801,12.757618398795303
mp-987,ZnCu,116.179,45.918,127.69003944127208,38.44020841780986
mp-998903,TiN,258.929,68.67,340.9064201569082,114.50343552607808
mp-998947,TiRu3,247.859,100.073,249.53631119427888,64.23939553332897
mp-998981,TiAl3,102.749,65.989,111.733792077467,72.38643309068691
mp-999188,NbNi3,198.862,31.581,210.24227550884535,76.1039232990004
mp-999189,Fe3Ni,152.94,0.719,136.13837264816055,55.448527682400446
mp-999294,Pd3N,133.636,38.555,163.9032487164843,50.6167985795373
mp-999298,Pd3Au,159.176,46.576,177.85884285431726,43.53727481134602
mp-999437,Nb3Ni,187.032,31.409,181.26184614510913,-53.885843744785895
mp-999484,YTi,48.406,17.122,60.00459045253302,11.675276026591996
mp-1163,UBe13,123.142,127.915,144.14217671242812,142.03276343302542
mp-1562,ThBe13,117.752,106.867,134.7089384256599,137.48138458886018
mp-1878,HfBe13,125.555,129.905,147.8407723245252,158.1464959221498
mp-397,KCd13,38.647,24.319,43.60040202848756,14.938701698016244
mp-672227,CaZn13,71.135,40.353,77.66348831282211,39.289113855803066
mp-855,MgBe13,99.848,104.389,125.9051101759819,118.57157286503816
mp-950,NaZn13,64.356,47.603,69.84888907455291,33.438578569979164
mp-1000,BaTe,28.286,16.564,34.56074429878872,20.19424202383618
mp-1001602,B12W,238.944,123.5,260.8090279566359,195.26103093487905
mp-10020,ScC,153.13,75.434,183.60337253729352,85.96825940239589
mp-1002165,GeC,160.406,96.772,213.55660954119145,188.49975393020753
mp-1002187,TcB,282.66,38.743,459.50934290922817,254.55693844176665
mp-1002206,SiC,252.718,221.298,315.3243266608872,295.9801537589948
mp-1002221,ErH,70.446,43.134,76.55526810296674,40.93172722704643
mp-1002222,TlN,107.027,48.73,126.15984406659058,57.92992008383116
mp-1002227,RbSb,8.399000000000001,2.582,9.938969441317052,1.741869880699014
mp-10051,TeAs,62.239,28.154,74.35767792919724,25.04120455847998
mp-10054,ZrAs,117.397,51.514,142.12680733935434,66.54948704937698
mp-1006112,Na3Co,16.754,4.933,15.0355067734969,6.30682101678867
mp-1006887,CdC,102.325,29.038,104.29214028933173,19.147466691853168
mp-1007,DySb,60.478,34.856,70.22253285005371,40.41365734887682
mp-1007853,Fe3Ni,179.994,72.293,160.35023734515892,70.11135887540915
mp-1008275,Cr3Ni,155.147,100.224,196.46648973665407,69.84553933070329
mp-1008282,Cr3Fe,227.443,93.238,209.11881709630887,92.52669299054908
mp-1008376,CeH3,41.701,62.301,77.90898630221078,41.98248042305224
mp-1008490,BiI3,34.173,1.423,42.26273945813296,-69.43405454160307
mp-1008610,AuN,172.053,29.649,228.34691213825388,63.07277170044576
mp-1008642,UC2,197.231,100.403,194.975227822999,73.46188680311894
mp-1008653,AgC,133.032,18.99,172.0857331902227,26.69103379379919
mp-1008677,TiO2,246.526,83.386,267.88620200086046,83.59848930327672
mp-1008785,RuO2,284.209,186.658,326.375866942383,169.30487555907928
mp-1008786,MgTe,46.024,30.655,53.24775191551546,30.834575857286275
mp-1008820,PdN2,222.571,1.409,264.81454702510456,67.82584235160293
mp-1008826,OsN2,334.82,68.185,306.571357088584,127.16516013813576
mp-1008918,CdN,119.78,45.938,134.3551869023836,43.08693381497053
mp-1008922,CuN,203.809,67.018,269.3569231965703,78.47433527571795
mp-1008929,FeN,193.323,88.013,263.7489593729082,108.00332705827432
mp-1009077,FeH,173.813,87.064,140.1062940849893,94.63022989739775
mp-1009078,CoN,297.425,71.779,368.9447874505185,112.3959696549208
mp-1009079,CrTe,60.543,29.155,67.20159872046655,34.3421988772216
mp-1009217,MnSb,69.337,29.705,65.40663840577247,25.282113020354785
mp-1009221,,34.757,18.325,52.642298958751525,25.12467223981226
mp-1009488,NiN,258.337,85.169,318.487223808627,108.13856412782584
mp-1009533,PdC,215.846,47.559,234.8796298280816,46.17354699802349
mp-1009545,PaN,221.916,88.72,257.43019911124475,110.1443162851614
mp-1009548,PdN,211.396,53.9,232.5880462010293,70.31129870658137
mp-1009582,NiC,256.077,47.733,315.13409112788776,69.90374348486728
mp-1009733,Ca2Si,36.951,24.717,46.87923289064962,32.514059938277356
mp-1009755,Ca2Ge,34.833,23.956,40.68684038600206,29.07507656774212
mp-1009756,Ca2Pb,28.076,19.418,29.695154213643647,21.43251039663543
mp-1009769,RuN,281.889,287.292,475.600233646871,82.11781958243125
mp-1009787,RuC,321.211,44.583,488.3557722336204,95.46538667416358
mp-1009822,SnC,130.966,99.677,142.99840357426257,118.726184218039
mp-1009829,Be2Si,98.66,50.046,109.62365850962992,67.93426375918952
mp-1011695,Cs2Se,11.808,5.71,13.675451533751898,7.071244855080033
mp-1014264,CrN2,265.131,21.11,247.23180892293857,-51.99932377992635
mp-10149,InSb,48.001,13.854,59.72553369862251,19.240341698801338
mp-10159,K3Sb,13.114,6.582,16.406895139143575,6.896880286451523
mp-1018023,Mn3Sn,138.52,27.863,138.8122251433067,78.26261521714136
mp-1018063,ErH3,102.113,10.755,121.75934691428132,70.65038469841498
mp-1018067,CrFe3,178.768,77.935,134.15128559103923,83.58795206001828
mp-1018144,LaH3,82.577,27.554,91.20411067676709,43.95112276582099
mp-1018165,PtC,259.237,15.884,302.2421779541492,45.1444799679302
mp-10192,LuP,86.563,65.526,107.85136620553206,72.01677164304884
mp-10197,ZrO,197.527,29.097,239.21391289239423,54.87929049116032
mp-1021516,K2Sn,8.242,3.639,9.246509729766268,4.23858207174269
mp-1021674,NiCl,64.143,104.314,78.27611257080054,16.443723434901006
mp-1022,K2S,18.259,9.782,18.426830623592352,11.345223361852964
mp-1023128,CuS,104.037,40.689,115.37124589255129,41.302255197554246
mp-1025415,CePd7,143.898,45.333,154.45106180153627,42.1722125846664
mp-10260,Ni3Sb,166.012,22.979,175.47034405767351,11.9765903808663
mp-1029,BaF2,54.086,25.35,55.69204788436885,28.88700418922049
mp-1039447,CaZn,26.729,6.686,31.101938741897325,6.457837609674221
mp-1055,CdSe,59.102,26.802,71.70151005072086,30.99742550284331
mp-1057286,CsH,8.987,6.816,13.421280726722989,7.32137991938077
mp-1057979,IN,89.968,15.186,114.04017385322054,-0.7301413597136905
mp-10622,PrAs,70.29,44.49,80.32877766303346,49.58617215795405
mp-10635,SnSb,51.179,24.656,59.435743402312255,24.951214446389947
mp-1065,LaSb,49.747,28.091,60.07401963126056,33.97008300440767
mp-1066,YbN,92.405,27.219,199.39969424079027,157.32144127963102
mp-10688,CeO,148.033,80.747,153.33966786934505,73.2804546560904
mp-10728,PdO,173.814,22.013,235.48667071480324,53.02343789783245
mp-10759,GeSe,57.611,44.393,69.68858257059986,29.629509800736944
mp-10760,MgSe,60.707,41.4,72.86109109182753,44.90629800615098
mp-10764,HgS,65.862,13.773,78.701718382086,24.640114190412124
mp-1084,ZrB12,233.379,219.913,286.1827268642159,201.85761656170604
mp-1086,TaC,323.894,176.246,407.25297136819904,236.3494974759813
mp-1087,SrS,48.468,32.3,57.810136051424806,35.89772718896626
mp-1093,ThGe,86.356,42.681,95.11790445088646,51.09000288689767
mp-1096,CeS,87.161,52.574,91.03441373408027,54.14151995333616
mp-1101,TmAs,79.857,55.255,95.55261915381335,61.468349983501795
mp-1102,LuN,178.449,146.135,202.75754587229744,158.87667279921268
mp-1104289,LuB12,213.636,195.974,266.6742736214541,194.9389256721848
mp-11247,Li3Au,33.973,9.25,35.53955387413286,11.831943677433504
mp-1132,CdO,127.369,44.447,141.81940997676742,51.033139464191024
mp-11327,Rb2Se,13.717,6.979,14.52280318693763,7.456045480767927
mp-11335,BeSe,87.774,66.886,98.60235187227389,71.55685391045512
mp-1138,LiF,69.649,50.018,76.69866562410974,53.47297957776143
mp-11489,Li3Pd,36.429,15.968,37.176727205559246,12.490651167692157
mp-11523,Ni3Sn,163.22,17.165,176.17455795593725,26.405423647056196
mp-1153,Li2S,40.49,33.875,43.168847867414094,33.37624569114009
mp-11577,YbZn,27.526,7.41,55.2637095741851,-3.8893318765331446
mp-1164,ThC,97.603,71.668,141.1181694224516,77.30671301641598
mp-11718,RbF,25.133,13.408,30.401567191241497,15.609651744041894
mp-1176,TbTe,63.35,21.785,76.3874714196589,25.00053403708183
mp-1184863,K3Mo,6.71,2.555,6.281951309291682,2.258782983935505
mp-1186018,Na3Au,18.941,6.198,19.305941543378136,6.359897557904064
mp-1186852,Rb3Mg,4.215,1.491,3.4918378870796567,0.893623448229474
mp-12087,Cu2S,91.395,21.175,94.183377045641,30.627632984438375
mp-1216,YbO,123.582,88.774,185.53946271233332,81.86302875538239
mp-1240,HoS,99.911,42.662,117.4126452897813,55.82110344652599
mp-1252369,Si3Os,172.924,67.583,194.9668340846851,12.93152884865026
mp-1253,BaSe,35.501,21.416,42.350675108158015,24.428531734022485
mp-12608,CuPt7,229.485,67.266,283.2219691069946,66.6297015684065
mp-1265,MgO,151.45,118.82,177.4232050618745,134.32232093884878
mp-1266,Na2Se,23.909,15.694,26.066246508572245,16.156508105059405
mp-1269,SmS,90.438,39.284,107.94800327267538,49.63707578172417
mp-12777,AlCu3,138.352,47.92,146.01352667003258,43.96056712508462
mp-1280,ErTe,65.928,20.06,77.13757497392682,24.995743824559508
mp-1282,VC,306.705,208.742,368.6377588977134,246.534887930428
mp-12979,SnO2,185.31,57.406,223.92278931737752,81.01049615454326
mp-13136,WC,365.029,130.115,438.5530101320407,173.0399154439274
mp-1315,MgS,74.305,51.763,88.2280881280799,55.80507935319332
mp-13175,PtN,234.662,26.883,316.6660528683904,59.72460279240378
mp-13181,LaF3,125.291,12.21,133.8748820327884,26.387046479671582
mp-1330,AlN,252.764,216.097,316.2007414554867,271.17790402714724
mp-1342,BaO,68.281,37.058,78.1648654943793,42.32996184871573
mp-1352,ZrN,247.481,147.586,307.10816962298907,157.37314784873934
mp-1367,Mg2Si,54.228,46.085,61.32819275645474,43.469853460087144
mp-1394,Rb2O,22.839,7.73,27.36874205077677,7.04515355546877
mp-1406,MnTe,46.537,29.189,52.288160017748055,27.14557056722872
mp-1410,DyN,163.58,123.389,186.59745091485493,137.4992818946142
mp-1415,CaSe,47.761,32.174,55.25962169820416,37.08090265576025
mp-1432,Be2B,144.862,92.441,185.11097062778217,158.89842585401848
mp-1447,SmSe,76.17,29.406,92.606336628529,38.33760873976966
mp-1453,NdSe,73.49,28.425,89.34611518423861,36.82041545133265
mp-14549,CuO,179.442,35.321,227.20647924090756,55.190231393990615
mp-1476,ScS,99.417,53.382,120.68537505613769,63.99693763966464
mp-1500,BaS,41.171,24.774,49.47600149278846,27.713578662054207
mp-1502,Al2Pt,129.675,38.584,139.45199867929406,52.61308256179902
mp-1519,CaTe,37.042,23.516,42.373078976166966,26.702261319770543
mp-1534,YS,93.243,42.129,114.56967735520166,57.623544773759576
mp-1546,DyMg3,41.005,24.698,43.3086796139869,30.536578654523943
mp-1560,LaTe,54.332,21.792,69.82606507013405,26.29521542754268
mp-1561,TbSe,80.122,29.91,95.01825867586255,39.51896101052452
mp-1565,ZrO2,235.389,103.516,266.3928266190035,128.5186501689721
mp-1569,Be2C,200.504,228.81,237.5579031127624,227.7301194505386
mp-15694,PaAs,116.084,54.249,133.83467275256822,53.88932093356026
mp-1580,NbN,304.766,139.843,352.3347112263795,89.40966251978189
mp-1586,NdSb,58.638,31.963,65.21765902454764,36.97716987518462
mp-1597,UO2,206.152,92.078,183.55792384174129,87.73224196926232
mp-1610,TbS,96.236,42.109,114.5473315149997,54.20907788230986
mp-1623,ErS,99.884,43.445,123.1499763593612,59.87278639102745
mp-16366,Cu2Se,84.187,5.813,84.85673183670215,16.46851673116193
mp-1646,Li3Hg,25.438,5.618,28.778482059808915,11.907772309086296
mp-16522,Al2Pd,109.96,31.202,114.64607076328991,46.46891080226949
mp-1672,CaS,56.852,39.145,66.86581634922217,44.62452384406441
mp-16730,MoN,327.755,14.157,393.8851598626164,86.04401816967679
mp-1674,PrSe,71.671,27.766,89.75727597458813,36.37961869751017
mp-1688,ErAs,79.218,53.691,94.20988881702134,61.0395491025814
mp-1708,YTe,61.724,21.921,73.4452137355006,25.129788467117567
mp-1719,PuN,158.704,69.543,149.74258560130917,78.03645224760228
mp-1738,SmAs,72.532,48.426,86.00794850280903,54.06451748623906
mp-1747,K2Te,13.039,7.26,13.689774339783202,8.076482470606745
mp-1748,NdS,86.452,36.997,104.02159390828685,46.78111087324034
mp-1751,ThSb,79.402,30.308,96.3892206119098,34.47217162692628
mp-1753,ThAs,100.068,47.87,120.085118348199,51.61514514475693
mp-1766,TmS,102.797,43.054,121.58189024438866,59.54865644594918
mp-1776,UN2,256.399,93.359,283.6024684270844,111.02407691763683
mp-1779,YbTe,39.676,26.05,76.12853276174579,24.242547521262217
mp-1782,ScSe,81.738,39.59,97.58229891024428,43.91643887334699
mp-1784,CsF,21.461,9.864,25.324499843658323,11.510581155491812
mp-1785,PrSb,54.454,31.033,62.89272101295601,37.80027244111897
mp-1787,NdMg3,38.838,26.322,42.12806774183765,32.425838299198126
mp-179,YZn,52.307,4.156,54.27704747881565,-0.8025091151947429
mp-1794,BeO,243.273,148.783,314.1266039554227,168.0553770686382
mp-1798,CeMg3,45.536,28.847,40.89709638267079,31.21445246792592
mp-1811,HgTe,45.79,10.847,58.64969684408825,18.18560833526505
mp-1820,YbS,62.187,44.285,114.3250553218554,50.437283462041705
mp-1865,UN,206.53,72.566,235.0274355647056,96.9008488398932
mp-1876,SnS,53.469,31.014,68.00080595752362,24.367762749790614
mp-1883,SnTe,38.189,27.868,48.78206092633985,19.431732212349814
mp-1925,ZrS,132.151,48.734,152.10575035834506,37.829260921489464
mp-1958,SrTe,32.317,20.197,37.70366521913597,23.188155877275307
mp-1959,PuO2,196.245,78.729,198.49957346938203,80.64326669620299
mp-1960,Li2O,78.6,68.452,80.97477908987356,67.69266497550042
mp-19717,TePb,38.461,24.006,47.01641168600757,20.048536422437653
mp-1975,TmN,172.542,137.49,200.94496443986048,150.84346882576872
mp-19830,ErN,169.316,132.589,195.94444120283123,145.78058717432893
mp-19962,Sn2Pt,92.692,28.197,97.81291268715503,39.1509414466169
mp-2011,UP,99.646,46.377,112.07221882666757,51.986319848668906
mp-2014,DyP,87.469,60.67,104.3956167942917,67.55756972453875
mp-20158,PbO2,134.544,28.736,164.0233754030712,48.00910650315855
mp-2018,AlFe3,171.541,83.814,174.72792585359275,92.68397277814744
mp-20194,CeO2,170.992,73.939,187.82645551301684,70.00948929564758
mp-20211,Mn3Si,227.244,100.274,227.95824648518897,108.10537163502066
mp-20340,EuN,109.129,53.655,108.43268781753004,62.66136471345785
mp-20457,InP,73.875,38.448,89.57325667658228,45.021786138280426
mp-2050,HoSb,61.329,35.415,70.89352030722014,40.747129251437094
mp-2052,ScAs,85.701,51.516,100.91352750639022,66.39805803922745
mp-20581,Ca3In,24.386,12.365,23.82073906321648,14.054826685963016
mp-2065,MnS,60.377,34.361,63.28683487615724,36.62394694390179
mp-20711,Fe3Ge,142.782,34.23,182.25980442795407,84.35329627330137
mp-20724,Mg2Pb,34.401,21.217,33.86390080904602,21.10283170864731
mp-2074,Li3Sb,32.535,25.62,35.61684215374538,25.303282764573325
mp-20812,InN,158.992,95.097,190.7481778075203,107.5699616034572
mp-2082,PIr2,275.878,95.703,323.2476526438363,113.91381087299746
mp-2083,Sn2Ir,110.242,33.475,108.6595570901081,41.919827621128846
mp-21075,HfC,239.071,177.337,281.0642965177897,219.01791790209504
mp-2114,YN,159.077,120.831,181.4234007612928,134.0629310795624
mp-2117,TbN,157.952,120.579,175.7894855830741,127.6752013165192
mp-2132,CrN,127.896,97.244,286.120746335533,164.66656140015544
mp-21391,InAs,61.193,24.866,74.98436894992155,33.47349474739652
mp-215,YSb,57.085,34.094,68.40720005464279,39.05601557789693
mp-2154,CeP,69.44,50.428,85.69312657044415,54.51500475380065
mp-2159,DyTe,64.339,21.366,76.66476925228405,24.589118081381233
mp-2182,SnAs,64.044,29.701,74.64946831899515,34.6779739049415
mp-2183,ThSe,101.246,25.536,129.89029614149484,38.36610158895829
mp-2191,ErSb,58.352,35.969,71.0577355233129,40.359715160159816
mp-2199,Fe3Si,210.833,99.533,202.79897360546212,100.8425456532404
mp-2201,PbSe,46.512,27.177,58.96932663184062,24.49897009173416
mp-22095,Ga2Pt,101.898,20.333,116.6616615368816,30.127516787697765
mp-22154,In2Au,53.29,13.931,57.369134451864035,23.33322606274687
mp-2229,ZnO,166.374,62.567,192.89200920967855,76.02583026668357
mp-22319,UB12,243.159,182.299,286.6017675588288,216.18263783533604
mp-22682,In2Pt,91.458,27.293,91.74302262274864,36.15951031740019
mp-2281,SmSb,55.79,32.903,65.74411473270753,38.21018330399277
mp-2286,Li2Se,33.677,26.985,35.80061174983268,27.07407039389984
mp-22862,NaCl,23.77,14.298,28.843445285749347,16.01014403701739
mp-22866,HoBi,54.739,29.989,63.54159014891198,35.443108097305206
mp-22873,SmBi,52.053,30.315,59.320271209683426,32.71452345803825
mp-22879,PuBi,52.25,20.475,61.42421314565234,26.95899368525808
mp-22898,KI,10.558,5.635,14.45178748943468,7.1106188180675005
mp-22899,LiI,19.889,12.473,25.17729447226013,13.931035564411053
mp-22905,LiCl,32.161,20.781,37.558248040060384,22.55136987020841
mp-22907,DyBi,53.954,29.768,62.92623334900958,34.36604419362282
mp-2291,Si2Ni,141.692,31.996,166.90878609173663,87.9733079224205
mp-22912,NpBi,14.939,84.218,69.86053323974363,31.78330511257535
mp-22916,NaBr,19.491,11.281,23.727084028040863,12.488641474122945
mp-22919,AgI,34.265,10.345,41.55500368705795,12.392303466155097
mp-22921,TbBi,55.237,29.486,63.15584001140527,33.59860705644045
mp-22922,AgCl,40.56,6.466,47.08621205763069,7.1716338313097605
mp-2302,AsRh2,189.638,71.205,214.46299028370228,87.82334941388885
mp-2306,LaMg3,37.949,25.636,39.7766295726887,30.68307074799205
mp-23171,PrBi,49.437,27.031,57.62683818845409,31.87666033232937
mp-23193,KCl,16.489,9.177,20.05092704061608,10.441693072331963
mp-23209,SrCl2,33.615,14.668,39.918676837096534,17.452081130883865
mp-23222,Li3Bi,28.2,21.021,29.07305304226256,21.333763022374125
mp-23231,AgBr,38.284,8.539,43.334299591880814,9.16973601507276
mp-23234,TmBi,54.948,30.664,65.0038169057439,35.63304862095243
mp-23241,YBi,53.143,29.04,62.241783236488935,34.252526496365455
mp-23245,ErBi,54.597,30.393,64.02908161096937,35.05527285834011
mp-23251,KBr,13.432,7.473,16.761182142834958,8.372963325758803
mp-23259,LiBr,25.963,16.321,30.87138762341163,18.411818662881803
mp-23268,NaI,15.1,8.31,18.228775359728747,9.274102912007818
mp-23285,CeBi,38.203,25.983,51.81720560992582,30.828000848719995
mp-23300,NdBi,50.357,27.498,60.653219776149946,32.34541069265797
mp-23304,Rb3Bi,9.746,4.598,10.00952329882206,3.944477218259363
mp-2343,Mg2Sn,40.919,28.207,39.63254127201901,24.998867510854396
mp-2350,LaS,83.314,40.885,96.43400964635494,45.03738811690209
mp-2352,Na2O,45.868,30.58,48.36976636417014,31.33540164042346
mp-2364,PaO2,206.71,104.185,228.2120006294289,101.69360966033912
mp-237,TmTe,66.367,18.543,77.95433301558765,24.9574887324122
mp-23703,LiH,36.35,42.538,34.80994323370104,43.65933004719425
mp-23722,HCl,56.966,56.466,84.68402488307784,181.0184655228022
mp-2379,CoSi2,173.636,55.782,187.07139323328977,106.89635120363764
mp-2384,LaP,71.271,44.222,79.64519334175323,46.9392434493755
mp-23870,NaH,23.295,19.487,27.976797168397052,19.107134863005463
mp-2388,CdTe,46.602,19.072,55.59357196621956,23.3508214437218
mp-24084,KH,13.704,10.516,17.82548979489448,11.605086456819738
mp-24092,GdH2,68.537,47.226,82.66229575401466,56.012314077389675
mp-24095,PrH2,68.409,39.792,72.3774877241454,46.185338576863366
mp-24096,NdH2,71.096,40.995,76.78964229463749,49.22313597419788
mp-241,CdF2,95.332,27.592,98.09332384160848,29.53314867547246
mp-24147,AcH2,55.135,31.721,56.80617292961689,35.077234771187996
mp-24151,DyH2,84.452,54.075,89.20263716907924,65.40627514550864
mp-24152,HoH2,86.522,55.883,92.46836958022388,67.72766864947941
mp-24154,NbH2,179.449,70.17,225.5568408445213,92.73281131347956
mp-24192,ErH2,87.63,56.307,95.62832123524576,72.17316704446837
mp-24237,ScH2,95.971,65.106,99.51340438256123,78.02686647270092
mp-24287,CrH,243.317,139.914,265.3172544694029,144.65186583585117
mp-24289,HPd,174.968,38.553,204.1578000394634,39.89773255065414
mp-2458,TbO2,142.644,120.173,168.08184273447324,41.33595305813523
mp-24650,YH2,81.498,53.752,89.03594573376218,65.16384891926225
mp-24658,SmH2,75.078,44.862,79.32097262686395,53.36790824871012
mp-2470,DyS,96.9,42.673,116.49378455969358,56.888154812869416
mp-24719,NiH,200.93,66.268,225.11094056119424,77.75671281774106
mp-2472,SrO,84.99,55.772,100.58195112266355,61.12461414593572
mp-24721,RbH,11.395,8.535,13.652638991093758,9.290188336526391
mp-24722,HRh,218.492,70.702,275.2628889861217,67.59998832388577
mp-24723,TaH2,196.872,57.999,245.7713984345247,87.30391563319203
mp-24728,VH2,175.664,88.024,214.43802175330433,97.72258272125434
mp-2489,UC,178.518,29.992,184.79740308564817,69.92947341609654
mp-2491,ErSe,83.657,28.368,97.42684038624914,41.52471753043261
mp-2493,CeN,143.06,76.604,156.0334566585402,82.8600346457665
mp-2495,PrS,84.639,35.905,102.45943342556797,45.545515457600914
mp-251,TaN,330.533,142.307,405.47272774309926,126.64806237260356
mp-2520,TmSb,62.342,36.301,73.08405844614254,41.453586716784784
mp-2530,Li2Te,26.076,18.389,27.37322188433656,20.083434144919
mp-2530518,TePd3,134.524,18.854,155.45193173457733,4.178076823801796
mp-2532,PrTe,57.203,20.901,71.25635075949582,24.82929853054256
mp-2548,PuAs,71.138,51.563,87.61135417956774,47.937009676296
mp-256,LaN,121.33,67.25,134.7823484587316,71.49017433722733
mp-2563,CeSe,93.807,23.207,77.3534797466913,42.397293078551975
mp-2566,PuSb,54.416,29.524,66.46555824352096,31.922929429854285
mp-2596,NpN,151.141,85.399,194.5220849408529,77.57632726057355
mp-2597,InTe,39.529,13.03,47.52750550502585,18.68868920130383
mp-2602,NdAs,71.185,45.687,81.76985057004802,50.46976973658446
mp-2605,CaO,105.841,74.209,119.82968638318488,82.11429025460738
mp-2612,GeTe,48.853,41.317,57.23364293121468,27.83158424123637
mp-2616,NpO2,192.353,81.895,195.21295874674436,90.75752037228308
mp-2627,DyAs,76.57,52.475,90.29296552126706,58.850315895087
mp-2637,YSe,78.292,30.01,91.57726206861554,41.174403752569475
mp-2640,TbAs,76.698,51.167,89.75778796197558,59.4118969451712
mp-2647,Al2Au,104.282,39.149,113.20427957165528,50.40667510386269
mp-2664,TiO,224.438,64.903,217.15642214796017,66.18980506365325
mp-2693,SnSe,48.326,29.365,61.37734662497413,22.107718887546856
mp-2724,TbSb,59.906,34.455,69.86535721458732,39.62162154089642
mp-2732,PRh2,223.688,80.823,254.17745557943692,87.84775952163204
mp-2735,PaO,188.867,17.012,349.85205023970235,241.79745475291085
mp-2741,CaF2,80.16,37.856,82.60140828547888,45.75666249462059
mp-2746,MoC,333.899,189.755,387.1726273695691,151.5904073636367
mp-2748,CeAs,62.335,44.203,74.29761568101746,49.25941626500153
mp-2758,SrSe,41.256,27.097,48.066089660295546,30.28671391305156
mp-2774343,Na3Be,14.383,4.861,14.916814734986106,5.638195207013021
mp-2775197,Rb3Hf,6.057,2.738,5.062742128230066,0.7828331404114371
mp-2776,Ga2Au,65.975,11.065,74.19686311689881,23.20298916985247
mp-2784,Na2Te,19.229,11.389,20.58309852158531,12.720090035062434
mp-2795,ZrC,219.051,159.251,268.4838932489146,195.47720964884843
mp-280,PuC,147.937,41.22,135.872742895624,52.137119406663615
mp-2807,ScP,90.559,61.629,112.64750813107128,76.59917411826974
mp-282,TiF2,109.445,54.578,127.63612472666884,34.96945757286299
mp-2822,TmSe,84.968,27.123,99.12772895144504,40.27552418169525
mp-2823,NdP,78.398,51.947,91.23065527549406,56.94385737805276
mp-2828,HfN,270.382,164.261,325.4122215877519,163.49618233327038
mp-2853,GaN,208.803,140.084,228.94007277635384,155.29308221805553
mp-2857,ScN,200.491,155.674,228.9350264140916,180.46367767496056
mp-286,YbSe,52.363,36.238,100.49517817496076,37.958743520811275
mp-2863,CeCd3,41.295,27.145,61.400203656865095,31.106525925138072
mp-2880538,Tm3V,51.93,22.198,49.766973060784615,13.41439540539086
mp-295,HoAs,77.463,53.503,91.75184944585476,59.22225732778791
mp-29551,Na3Hg,12.299,5.4,11.774595602516651,4.670487527971953
mp-30482,Ca3Tl,21.746,10.484,21.00396633396651,12.15350235347464
mp-30569,Zr6Co23,173.449,59.12,187.3951884452706,91.4329569904695
mp-30760,Li3Pb,25.566,15.278,26.966537175759736,18.676017833686643
mp-30765,LiPt7,217.916,77.09,258.37340024599985,74.03949803391143
mp-30779,SmMg3,39.515,26.455,42.14010506045967,31.38812067533354
mp-31349,Sr3In,17.296,7.912,16.145703534190815,8.621120125207277
mp-315,PbF2,67.722,24.288,80.59867468052629,28.950239405664373
mp-32548,BiO2,140.204,46.383,185.14998428051135,55.34641958487191
mp-33018,Rb3Sb,10.942,5.083,13.146733835835384,5.131884420492296
mp-342,SmTe,60.983,21.954,74.79900344024324,25.1354320312867
mp-343,PrN,133.177,87.521,145.7664055962848,97.25520250603508
mp-345,HfB,172.719,90.679,199.65343957091247,110.96072882640068
mp-36891,Br3N,40.19,11.413,27.890264515520027,-3.0693560536963886
mp-370,CdS,71.97,33.755,85.97118393297671,36.14305235784196
mp-408,Mg2Ge,49.429,42.782,53.60831205517887,38.77205396939564
mp-428,PrMg3,38.445,27.868,41.918644141027265,32.2793765249284
mp-441,Rb2Te,11.393,5.849,13.1626853455118,6.580758108881147
mp-451,ZrB,160.149,81.074,196.09295609814205,114.9823267495956
mp-463,KF,29.839,16.899,36.53612954555554,20.05158939803072
mp-464,HoSe,82.998,29.485,94.93880222914116,38.95439446174147
mp-475,SnP,73.018,33.954,86.97867298270094,45.111787820755424
mp-492,TiN,278.511,191.577,319.8967279387889,193.87493875795525
mp-503,ThS,118.095,37.254,146.2603931221328,52.36540405014583
mp-504731,EuF2,68.624,29.302,71.59013525048852,38.42291478512861
mp-510374,GdAs,78.507,46.696,96.05337072911968,59.6581478568934
mp-510401,GdP,85.387,54.5,104.22824061364062,65.87386837226278
mp-510402,GdS,86.458,47.722,101.63936388704292,53.648315903759915
mp-510403,GdSb,98.6,31.19,76.53520268047976,42.3487983881085
mp-510404,GdSe,97.929,35.871,85.12469194503541,42.143014979657174
mp-516,LuSb,63.1,36.872,74.75606065119976,41.66221433847608
mp-542583,EuTe,32.56,22.782,41.24806237492854,25.475136181879037
mp-549,ScSb,65.333,33.538,76.02670475085274,43.1142498965033
mp-550893,HfO2,252.656,116.166,290.17811149682956,146.2785078235724
mp-567362,BiTe,47.617,18.075,60.890902283716976,10.52168530227006
mp-567580,PaC,165.088,76.83,198.134550462228,84.17404406878755
mp-568516,K3Bi,11.606,5.881,13.184266353583304,5.509042712468727
mp-568560,TlBr,16.051,6.436,19.69495157522748,7.476673202945339
mp-568662,BaCl2,29.053,11.85,30.95453974416912,15.9659995985598
mp-568844,BiSe,56.128,17.381,70.6061461970763,6.914072643529459
mp-569228,WN,356.271,23.776,406.0089577443727,79.96817495342445
mp-569639,TlCl,18.005,6.9190000000000005,22.35455247334386,7.739050906254215
mp-570,NdTe,58.456,21.328,72.07412299435693,25.004280003171036
mp-570354,CuBr,51.714,11.215,61.5075674437266,14.825413642989014
mp-570632,ScBi,57.536,28.736,69.1909816223147,36.32689164892855
mp-571059,YCd3,57.047,21.515,66.44687249081083,29.93050464156436
mp-571102,TlI,13.509,5.91,17.023716237290976,6.829733017738627
mp-571222,CsBr,10.316,5.148,15.250183220146456,6.615129407221553
mp-571386,CuCl,56.945,3.416,68.1120562306026,10.502418943053408
mp-573697,CsCl,12.229,6.1,16.119370571280623,7.829736043230334
mp-574283,GdTe,71.741,26.856,63.62616955077138,28.90573791140947
mp-579,CrC,110.843,96.262,268.83980324013817,162.9935730377336
mp-601,PrP,75.919,50.128,89.93127798429927,55.51842477877013
mp-614603,CsI,8.224,4.02,16.04880579010137,4.90225368642104
mp-627,NpSe,76.476,34.822,88.4602361424286,45.37369825382927
mp-631,TiC,251.478,172.363,318.7761103063359,237.39001940731373
mp-634751,YbH2,48.082,33.752,87.44784982852043,73.56766072178839
mp-643,ThO2,188.295,91.197,197.8146847505965,91.52549617574503
mp-644481,ScO,184.583,103.187,198.6005068498854,142.41679075744807
mp-644500,Zn7Mo,101.103,45.801,110.8493102952322,38.644147947283585
mp-645,TbP,85.585,58.988,102.99375106246887,67.64618468670386
mp-648,Na2S,28.189,19.193,30.481291494457007,19.503242155509067
mp-656,LuS,104.585,42.384,120.76227342142104,60.39853559550962
mp-672232,AlNi3,177.562,11.728,192.7619091712584,51.18028190848355
mp-672661,GaFe3,169.932,41.414,181.01229705433116,79.76526543219057
mp-682,NaF,46.136,30.163,54.597159162190565,34.962750169241026
mp-6927,NpO,164.957,88.803,209.69042561578797,65.76757087878569
mp-6933,MnN,137.8,132.223,209.45017144573785,124.19950109773548
mp-708,LaAs,66.566,39.976,73.1389939055804,43.49382795707256
mp-710,SmP,80.277,54.979,96.53223458590293,60.837834865155536
mp-7381,TbMg3,40.267,24.883,43.42593306089363,30.71400226214738
mp-7396,Li3Tl,23.258,14.643,25.163643566469094,15.073551384324793
mp-744,HoP,88.424,61.321,104.60729112746044,68.45218140580026
mp-749,SmN,145.3,105.756,164.15672240928885,111.2890821133847
mp-754125,NdO2,126.323,315.883,151.37101143468178,44.58473136092203
mp-806,PuO,46.23,18.171,165.3960023705828,68.90266231341013
mp-814,DySe,81.802,29.474,94.78622481037104,40.47548180261099
mp-8177,HgF2,86.276,12.599,86.7506743376838,11.348949237353173
mp-8289,SnF3,50.256,15.788,77.24036454551545,28.505986682752113
mp-834,ThN,176.864,86.739,191.65514466355603,95.28513851805536
mp-838,Cu3Sn,149.365,18.618,118.53975687895496,12.53373021083084
mp-8426,K2Se,15.851,8.676,15.655509709271486,9.929647943146886
mp-861605,AcH3,69.171,31.322,77.59703160207826,41.06970145199288
mp-862755,PrCd3,53.986,22.842,62.83753453385673,31.139240031333667
mp-862899,PmCd3,55.77,23.661,64.14777764547657,31.34565619410492
mp-864984,MnV3,210.529,50.037,261.41180317063254,57.31786522484225
mp-865027,Mn3Ge,195.84,84.368,230.64315523087947,96.70260692658138
mp-865176,HfCu3,136.591,16.975,151.07626028382057,42.80058108752187
mp-865376,YMg3,43.03,26.114,43.94705796273236,30.12246557013662
mp-865382,V3Ru,221.654,89.252,274.03081408799153,75.19351531812534
mp-865385,V3Re,233.519,59.053,296.4834487691512,78.86403701768276
mp-865858,PaAu3,125.869,15.063,138.2220627847599,26.942314121018136
mp-865899,Ti3Os,160.895,51.02,193.51425616313065,41.027894843421755
mp-865907,LiZn3,56.751,2.197,66.33258197526096,30.808448672514192
mp-866121,V3Os,246.21,109.532,304.70777400114196,97.41001323373736
mp-866134,VFe3,195.459,92.605,182.98329522560516,81.9476071281736
mp-866172,HoMg3,40.634,26.726,43.0887109702505,29.75504951294163
mp-867158,SmCd3,56.236,23.153,64.20105641261024,31.262207778494552
mp-867226,Li3In,24.555,16.087,27.96724108532495,16.62355173467201
mp-867227,Li3Pt,46.404,15.779,46.00453851544852,15.002820329527752
mp-867262,ScTc3,216.144,92.758,242.55918761255228,81.46687544650453
mp-867342,Li3Ge,32.98,22.258,33.4995136202414,27.18831667398876
mp-867343,Li3Cd,22.509,5.553,25.70616782536816,11.453775716675349
mp-867857,SmH3,90.319,18.27,104.30110269897985,57.13617498531087
mp-8772,ScB12,218.18,190.491,268.55671793113345,185.33438007364867
mp-883,HoN,167.77,126.817,189.64977056184057,141.63111770564225
mp-8860,Na3As,24.248,11.722,25.722929750570877,14.434214719430429
mp-910,NbC,296.238,180.981,368.50149343836057,193.5248795157385
mp-919,HoTe,65.126,20.766,75.85926518723687,25.386657276441777
mp-925,VN,316.753,162.007,336.31987676452246,170.82182944023776
mp-930,ZrP,135.366,68.268,171.57195072688836,95.9801681493043
mp-931,ThP,112.228,56.224,133.1421243294986,61.029790566913064
mp-933,YAs,75.352,50.989,91.11410409771858,58.585233209489665
mp-948,ZnTe,53.63,20.206,70.43274149232266,31.319503948791525
mp-957,HgSe,57.045,17.977,68.30385804985245,23.507014202026955
mp-971,K2O,27.218,12.49,31.706306209059747,13.07744321083112
mp-971744,ZnCo3,183.266,51.41,188.6246205872106,62.35641818668862
mp-971752,ZnCr3,108.873,71.217,175.0533360384953,83.15382531480516
mp-972,MnSe,44.652,33.162,65.00810169439553,30.152654182503177
mp-972048,Zn6Mo,91.897,48.313,110.66805381656216,51.71284851051603
mp-972071,V3Mo,203.583,36.67,247.0283959729687,32.8006800954877
mp-972082,Tl3Si,34.443,9.412,34.865219415301915,4.424644229196207
mp-972456,Sm3V,42.339,37.307,42.77283766585336,14.22648443476316
mp-972751,Si3Ge,83.175,34.903,80.12802205507691,33.371930860462875
mp-973053,ScH3,110.897,30.278,128.34043378829855,70.19976165185173
mp-973100,ScCu3,102.363,7.858,114.01448126833344,26.897485213818037
mp-973143,ScZn3,78.798,38.927,88.05939506472036,46.82097610977102
mp-973149,Mn3Al,179.795,91.053,205.8687810391463,101.63462655599714
mp-973265,K3Zr,6.941,2.439,7.117184869674076,2.503215206807104
mp-973353,SbPt3,178.413,26.833,206.282027265427,-58.24639804673884
mp-973402,SbPd3,143.223,9.073,163.97535710361373,11.231226583193346
mp-973446,K3W,8.076,2.93,8.198169456817388,3.4042940369531336
mp-973528,K3Si,9.969,0.64,12.691632286909956,6.061642155459558
mp-973533,FeAg3,99.882,14.401,106.77091057070592,21.232958502520972
mp-973535,K3Sc,23.854,15.512,6.13790312008192,2.2048266732078683
mp-973614,K3Sn,9.269,2.325,10.3752183179731,3.9203053858059698
mp-973622,K3Sr,4.901,1.584,4.308777643355139,1.3622559879759246
mp-973824,LiHg3,22.639,18.474,28.832543886019145,1.217850536641898
mp-973940,LiCd3,41.518,5.772,45.15472846022144,11.4880543807837
mp-974270,Na3Al,14.872,4.102,15.516857800791296,6.467704926919681
mp-974415,Re3Pb,244.499,26.112,263.5032699596021,37.03891723204537
mp-974417,Re3Sb,259.398,53.395,308.7147329565953,51.80905279512135
mp-974452,Re3C,297.264,46.257,344.15365125092336,48.37123447474872
mp-974458,Re3F,277.045,48.767,303.09082561477925,49.1672447407747
mp-974565,ReP3,185.152,76.961,226.7653344450351,46.46953055984266
mp-974641,K3Tl,5.319,0.352,4.618482741815164,1.7466238316460343
mp-974743,Rb3V,5.686,2.138,5.133446447434529,1.766624333015279
mp-974789,Rb3Sn,7.046,0.432,7.637888075310801,3.063018533358164
mp-974810,Rb3Ru,3.293,2.7,5.679464360937686,2.735008236551907
mp-974832,Rb3Pb,6.311,0.48,6.56114305266752,2.505413868866113
mp-974843,Rb3Os,6.657,2.648,8.750288039382673,3.3761008865149353
mp-974883,Rb3Na,3.363,1.15,2.472137243785023,0.501714533481315
mp-974933,Rb3Mo,5.203,1.881,5.376727567328739,1.305032786429333
mp-974949,Rb3Ir,12.992,4.304,13.59248000524398,5.957661278565276
mp-974950,Rb3Li,3.577,1.129,3.494142854810468,1.1219618849207642
mp-974990,Rb3Hg,3.088,0.512,2.262270963957452,0.4825314559309263
mp-975028,Rb3Cd,3.5700000000000003,0.915,2.893719716328188,0.9464151788195584
mp-975050,Rb3Co,9.437,0.168,5.099686059382659,2.074815396987154
mp-975198,RbTl3,16.913,0.775,18.58829928889992,6.706752740962871
mp-975390,RbCa3,11.666,5.689,11.721227929703597,4.650750442852613
mp-975512,InSb3,53.357,12.164,59.81583171017833,1.216832855718688
mp-975905,Mo3I,178.725,20.22,195.2706516352805,29.59759601824026
mp-976023,Li3Ga,23.233,19.231,28.251321814236935,16.022413062864214
mp-976060,Li3C,54.763,33.718,55.535702502720454,40.74830803610666
mp-976113,LaAu3,80.791,7.408,83.92725629764537,13.124758795234133
mp-976256,Li3Mg,18.913,4.316,21.064827144025873,11.423656635839516
mp-976264,Li3Nd,20.824,1.22,17.70690290235644,7.644932337208895
mp-976321,Li3Pr,20.736,1.26,17.329700988156276,7.173218012504397
mp-976334,Li3Tc,34.091,18.07,31.838918833901975,16.778947350387845
mp-976405,NaEr3,33.418,18.579,34.13710421649998,11.466045536646208
mp-976412,Li3Zn,23.55,5.4879999999999995,26.100771379616845,11.662246068282188
mp-976863,NaTm3,33.868,20.509,35.257555672735684,12.31088687800496
mp-976943,NaRe3,236.918,94.173,253.07382476785605,84.0467605521763
mp-977062,Na3Ca,9.908,2.301,9.407379713491707,4.224377253494451
mp-977138,NaTc3,186.78,62.388,195.9078175035936,56.58550026321468
mp-977140,NaTa3,132.843,16.731,146.95605269224342,38.03295451190323
mp-977181,NaMo3,165.314,14.462,170.32874132306222,32.39063853220798
mp-977182,NaNb3,116.717,176.789,129.16728441903024,27.33416169443925
mp-977189,Na3Bi,19.11,9.212,20.236243336472537,10.385096326030135
mp-977200,Na3C,22.193,4.584,23.10729662336598,13.420483130197317
mp-977239,Li3Th,26.408,5.399,20.8904365480585,12.359364175414212
mp-977283,MgRe3,261.655,99.376,288.8959823535831,104.9534422599403
mp-977286,Li3Sm,21.078,0.8260000000000001,17.606291826720124,7.176110102351727
mp-977390,Ta3Ru,225.21,86.954,259.10420134943547,79.51734064732742
mp-977434,Nb3Ru,208.891,88.985,244.84587342872257,66.61989570892625
mp-978276,Mg3Co,59.866,25.887,61.07689305008713,30.666518892248245
mp-978285,Mg3Mn,46.208,28.117,46.38377039534783,24.328915737454498
mp-978291,Mg3Pa,48.729,32.735,53.62564227148596,35.65720132811297
mp-978509,Si3Ru,153.635,36.773,180.16924419879103,-6.8793493246858715
mp-978554,SmRe3,218.927,75.823,268.02118864051783,92.28000906696622
mp-978856,SrH3,45.849,29.168,58.463786248132514,50.94914965838146
mp-979074,TmO3,158.954,14.701,246.9130325840733,-104.69775474650292
mp-979289,TaW3,275.924,121.472,335.2572731794828,114.78733938174533
mp-979935,RbYb3,10.064,5.601,23.675794119882255,9.244719321048676
mp-979937,Yb3Ru,39.52,8.177,86.05734466897465,22.801996291379428
mp-979940,Yb3Zr,25.447,16.111,46.92475438060355,16.054624083311808
mp-979955,Yb3Mn,19.156,10.761,42.03302804717506,24.646271287728027
mp-980006,Yb3Os,45.883,8.033,99.45629332842658,28.487137870480268
mp-980034,Yb3Mg,19.265,9.43,42.93182520258269,20.20616923861739
mp-980049,Yb3Re,30.077,6.0,89.00703131415624,22.652606474543177
mp-980905,ZnSn3,47.267,3.808,48.27619604933715,2.4137919882976115
mp-981,SrF2,65.882,32.403,70.67699934363202,38.3030106210002
mp-981233,UCr3,177.103,26.475,188.10825240616188,44.80303236439724
mp-981378,Sr3Yb,12.899,6.768,18.35153793231125,8.576439447293476
mp-982595,Na3Re,18.675,3.286,16.901178422986597,8.216759548067467
mp-982873,Na3Tl,11.581,3.209,11.55339704324524,4.667504521446741
mp-983388,K3Hg,4.365,0.904,4.350980577588227,1.2493822661599387
mp-984785,AcMg3,34.101,17.525,35.14773989839864,26.210202096695387
mp-985283,Ag3Ge,82.772,10.842,91.6060321985807,8.74847284930419
mp-985806,Al2Cu,96.231,59.777,106.49491944135283,63.22805346154653
mp-9935,GeSb,60.206,22.852,69.6669297231253,29.693780011828057
mp-994,YP,85.85,58.797,101.88648114899158,67.36947800979715
mp-997616,BaC,37.274,2.787,34.334343855301256,12.347727797379427
mp-998893,YC,124.296,64.499,119.9828535967644,72.12476646598164
mp-998982,Ti3Sn,113.274,37.386,125.5828918815999,50.37271740169899
mp-998986,Ti3Si,131.4,42.805,155.7986048474134,52.92348943970939
mp-998987,Ti3Ge,123.634,38.711,145.77856862001374,49.40045272648096
mp-998988,Ti3Ga,109.768,29.881,150.25549845706067,51.290520704460846
mp-999027,Ti3Al,107.662,33.17,142.8643650690499,53.86019826797859
mp-999123,TbH3,97.788,18.099,114.210214919161,65.12853787504693
mp-999296,Pd3N,167.551,50.419,177.09725478738872,7.78256038854455
mp-999389,NbFe3,198.022,78.6,226.84992252159932,79.16441826515057
mp-999390,NbCr3,226.813,84.137,255.07723587231249,87.76774244646764
mp-999395,Nb3Fe,187.538,75.731,230.58304307927247,65.00088046263842
mp-999396,Nb3Ni,174.363,66.041,199.40855949432313,42.44625408064971
mp-999439,Nb3Cr,183.542,23.16,215.8148268553513,50.04920753828852
mp-999473,ZnN,169.406,53.439,183.95452942180165,49.83949039700613
mp-999495,Na3N,29.531,6.252,27.706602833527715,18.891044606380113
mp-999550,Mn3Ga,184.623,54.829,186.55546127346383,86.76175273263428
mp-1025373,TcF6,6.037,3.815,90.7627964014372,38.49443615742074
mp-12766,Mg13Al14,48.999,22.218,53.475700077008995,13.739904583654086
mp-1521,Sb7Mo3,107.671,52.551,124.48847297144056,70.12362122987027
mp-22040,Sn7Ir3,110.258,62.286,132.99362434142267,64.9398396965262
mp-22344,Sn7Ru3,106.18,36.31,130.45158997108493,71.51829111351634
mp-2729,Sn7Os3,119.38,38.727,147.81316737547616,80.36221277055928
mp-29665,Sb3Au,66.29,18.302,78.17619948306651,28.063244440983247
mp-505780,Ge7Ir3,141.767,85.13,171.27207641908436,87.76913077115505
mp-570835,NiHg4,50.645,28.861,59.66412019863118,25.03039472742531
mp-646824,Ca3Ag8,49.399,17.366,64.96489502833535,25.145050231923697
mp-936,Hg4Pt,60.904,30.648,63.99563245090615,23.777386232275106
mp-1001789,IrC,274.838,72.735,336.51567677945,102.48095488247834
mp-1001826,VN,218.203,35.297,213.87829920031308,94.10364624028074
mp-1001833,InBi,35.088,14.188,29.218345651815195,14.1719666124816
mp-1001837,MoP,124.657,1.864,139.3212463371822,21.35192645786182
mp-1001916,HfN,196.209,85.489,204.616330758295,89.73525071244448
mp-1002124,HfC,158.82,30.036,170.1900782364987,55.88922213069512
mp-10044,BAs,131.927,124.769,156.32178423343885,107.14477231182089
mp-1006880,BiB,73.075,59.35,81.67624404663557,54.82158742252902
mp-1006882,CdC,76.042,0.74,76.17715150414234,17.43950845999065
mp-1007770,TlAs,36.447,17.574,40.81641528429445,18.470839010122564
mp-1007776,TlP,45.906,24.306,53.96097544113414,27.10507784469372
mp-1007778,TlN,89.83,34.723,100.9157952974711,40.855994866151725
mp-1008223,CaSe,32.551,6.014,33.49795587238784,10.047756153412184
mp-1008558,AuN,127.626,27.863,134.02020620824854,7.620093739543979
mp-1008635,WC,262.759,21.556,269.4957390769658,100.39708006995691
mp-1008688,Ti2Sn,73.05,17.188,86.910264961636,26.29791507543355
mp-1008689,Ti2Si,85.712,0.279,104.65454481778193,23.01569458429398
mp-1008702,Ti2In,67.275,0.8130000000000001,72.96538825872712,22.91127646895471
mp-1008727,Ti2Ge,81.245,3.268,99.67998254843532,19.827638594316532
mp-1008920,Mn2Ge,174.991,10.534,194.23058334501735,86.83286721356369
mp-1008926,CrTe,44.382,5.567,38.6736291453384,14.147110875649789
mp-1008987,IrN,257.278,42.404,301.7675539713091,49.21241380497809
mp-1009130,MnN,260.012,47.747,157.5405598827902,96.98641480989048
mp-1009131,MnAs,33.641,3.869,43.92038855472748,17.106559601869098
mp-1009213,MnSb,46.205,0.291,39.47806105504382,9.951091028590186
mp-1009218,MoC,240.168,40.702,253.79394808890487,86.05811334882752
mp-1009222,MnTe,35.201,10.861,40.712646601323655,17.801193858002765
mp-1009458,NbC,206.433,63.06,213.42394871992,85.84050777895105
mp-1009538,PdC,182.304,0.074,185.47510988771944,43.891279843787935
mp-1009540,OsC,290.276,3.847,311.79009227407727,69.98907303802594
mp-1009639,PrN,94.434,24.783,101.01974635489742,28.87854861169355
mp-1009650,RbSb,4.898,0.902,8.863634005947967,3.1213184906217397
mp-1009663,ReC,282.854,4.703,281.24142242011203,47.80493801103859
mp-1009734,RhN,220.176,21.628,245.9744689232255,58.39364222076256
mp-1009746,ScP,63.76,9.231,67.14851449716033,17.370559999921678
mp-1009750,ScN,140.651,45.635,138.32629675487092,43.795210638070984
mp-1009766,AgN,110.704,2.212,114.81386572244736,8.2070442837227
mp-1009770,RuN,260.463,51.935,292.8804902891217,86.19601700544123
mp-1009792,RuC,269.305,63.474,280.0743451441572,79.76465764223204
mp-1009813,SiSn,55.027,37.435,56.597380047763906,32.822114126347536
mp-1009820,SnC,122.138,84.771,136.40204935127957,88.3034942203592
mp-1009832,TaC,224.634,76.175,223.49450771507696,97.08830906489328
mp-1009833,TaN,247.811,30.186,272.3772855142271,105.1225681021498
mp-1009848,TcC,239.569,47.813,240.31163080842703,48.15690688786357
mp-1009894,ZrC,145.849,37.043,169.85592157526742,54.65953030562997
mp-10143,TiB,102.537,1.609,108.61350099688546,-60.18584677822387
mp-1018126,GaBi,36.141,20.084,38.63741695035364,20.433323586569195
mp-1018132,AlBi,38.773,21.569,41.54603182749999,24.491823028421503
mp-1018142,NbN,223.571,24.551,216.19521783893313,64.86362850684918
mp-1018157,CrN,215.484,80.193,177.11595551966994,93.23863131622316
mp-1018164,PtC,213.851,22.598,223.38001245713832,63.633135540071976
mp-1025010,Be5Fe,146.818,119.851,136.32324256646285,127.767658078607
mp-10695,ZnS,69.082,33.55,71.17329978952151,36.58217967875037
mp-1123,HgS,50.248,15.799,50.488330740375446,17.65414378544693
mp-1156,GaSb,44.793,28.856,49.66494917426152,29.744940986719776
mp-1190,ZnSe,56.491,27.288,57.64992212525136,29.71447591606007
mp-1220,Be5Au,138.173,114.779,166.53082815558255,139.4034866959405
mp-13031,MgSe,45.241,16.372,44.776138322432416,20.833968876244413
mp-13032,MgS,55.408,19.977,57.277358986152606,25.73880541012389
mp-13033,MgTe,35.367,12.698,35.25738586840889,15.678734084155275
mp-13099,YN,112.414,33.918,118.5384816602517,36.41156883580338
mp-13117,CuN,161.331,29.635,188.14211160561211,41.83541031709245
mp-13174,PtN,195.814,14.5,194.10680204517652,21.33585109402567
mp-1405065,MoS2,60.301,32.665,155.7897425123674,76.13682926809705
mp-1479,BP,162.017,161.948,178.04612115187575,146.86867954587817
mp-1541,BeSe,74.87,53.631,84.37015286860863,52.229187420308214
mp-1550,AlP,82.769,47.415,87.98699408520267,52.30647742040032
mp-1639,BN,373.617,379.418,421.6071885396668,346.80858872868936
mp-1700,AlN,194.648,120.714,196.1444756702069,125.98359822133136
mp-1778,BeO,207.897,153.975,234.2080162758637,155.44690041141678
mp-1783,MnS,51.147,15.494,48.00188318284266,21.804604476577865
mp-1986,ZnO,129.269,40.506,131.5820805518154,54.31185313550417
mp-20012,InSb,36.737,19.944,39.018366398762936,20.690872641565452
mp-20305,InAs,48.543,25.68,52.42739137577099,27.222464575632593
mp-20351,InP,59.35,31.656,66.18621581833766,33.66414348073183
mp-20411,InN,121.5,51.744,121.05481939962664,57.8698183896186
mp-2172,AlAs,67.291,39.773,72.71765222173237,43.931805667439605
mp-2176,ZnTe,42.833,22.571,48.31834442071176,24.7858510385097
mp-22895,CuI,38.237,15.17,42.041849806337495,18.150862744141776
mp-22913,CuBr,42.59,11.405,45.86496154362442,16.613879105494767
mp-22914,CuCl,56.095,10.104,48.00606625755416,16.4281169171442
mp-22925,AgI,25.685,6.593,27.158420844651136,9.109281817679705
mp-2293,MnSe,53.225,13.311,45.957778513408336,20.015837895219555
mp-2469,CdS,53.24,17.126,55.72903980708377,22.371761439567177
mp-2490,GaP,76.335,51.463,84.13836326889601,49.78664620934562
mp-252,BeTe,56.315,40.518,62.26326326870202,41.334760351371415
mp-2534,GaAs,60.742,40.715,65.41197305010957,41.09373647524816
mp-2624,AlSb,49.576,28.771,55.97904012188826,31.234729019393363
mp-2691,CdSe,44.641,14.743,45.13991310247629,18.187899367322487
mp-2730,HgTe,34.16,13.132,33.46373595396908,12.922785055882464
mp-2838,UNi5,183.584,76.268,191.9813613353921,71.85293974943436
mp-30578,DyCu5,107.72,23.276,121.8325697004692,55.45125456283909
mp-30579,ErCu5,106.265,14.638,122.59575887016798,55.816102958813765
mp-30600,TmCu5,109.138,13.382,123.53723820429184,56.61020891698104
mp-30603,ZrCu5,136.626,60.974,159.40730864253717,72.5369278607277
mp-379,AgSe,50.145,2.939,49.35145037121231,10.677308046147484
mp-406,CdTe,35.041,13.013,34.08000781847824,14.625557174440006
mp-422,BeS,92.273,66.879,96.56684973854536,65.00071775439237
mp-448,CoN,248.591,47.951,244.43335881436897,77.33563474125206
mp-568920,CaAu5,98.377,25.385,112.96609835779726,32.30995860172036
mp-580364,HoCu5,104.747,14.966,121.31244237882778,55.46174894434101
mp-650,Be5Pd,142.084,131.95,170.33154980197006,134.59947352176036
mp-6988,FeN,272.864,79.289,274.7520332466255,92.33872628270645
mp-760381,CuS,81.684,16.632,86.7785707180225,28.10355290032443
mp-8062,SiC,212.682,187.246,236.80231598263603,172.51936269362756
mp-820,HgSe,42.533,13.947,41.44428082066521,14.486165048700228
mp-830,GaN,171.704,103.147,169.80804526258615,107.782461698807
mp-866291,AgBr,27.578,4.678,27.24151518964749,7.222331428973227
mp-997618,BSb,98.422,83.541,125.686378118603,81.73557087253502
mp-998894,YC,82.805,15.041,87.56734861749943,-2.755641344172156
mp-998908,TiN,201.627,80.583,223.52428215355033,92.93229851603024
mp-999485,ZnN,135.277,21.899,126.84951129050802,46.61419549656178
mp-1001831,LiB,125.064,22.505,178.3479743138581,181.29970594867544
mp-1014373,CrN2,112.156,21.194,93.30451566874277,43.16586306225029
mp-1038,MgCu2,91.482,42.44,98.34760186653617,45.025982230758785
mp-1050,Ni3S4,119.054,45.039,143.51639248380226,76.80481676313696
mp-1052,NaAu2,71.011,26.679,79.79437815723693,26.6054266307855
mp-1067,LiAl,48.228,32.432,51.98560747836227,31.914054484946796
mp-10721,Ti2C,121.304,84.645,212.8953854179596,116.09085680458756
mp-1085,UOs2,491.593,23.809,256.75532021919975,42.80927461781648
mp-1127,SmPt2,156.601,70.297,164.15299284684033,67.63444092777416
mp-11644,Li2Ca,16.117,8.546,15.996129749234017,8.872904069885099
mp-1187,ThIr2,203.203,75.228,217.8601796535464,73.44045227833392
mp-1189,PrAl2,73.605,44.934,75.46749791560252,52.88325305850024
mp-1190841,Hf2Co,136.052,48.153,150.46269183427515,60.78977422459086
mp-1208,ErAl2,82.064,59.812,88.14530090259737,62.816690016260104
mp-1307,LiGa,42.172,20.189,45.61694556867944,26.3806320810068
mp-1343,NdNi2,108.469,38.425,113.0831536149144,38.56872431571429
mp-1349,SrPt2,117.262,51.148,132.38749246867246,56.78470736146504
mp-1358,DyIr2,198.438,87.843,224.42098080639505,94.96285228772416
mp-1388,DyRh2,154.129,61.485,165.7628284174303,66.94888623965281
mp-1390196,CoSe2,30.307,14.349,109.77735811907344,35.18472850571068
mp-1400,HfW2,222.256,94.6,263.6845031612994,107.32010051520538
mp-1401,ZrZn2,103.307,60.056,111.33399304622142,53.83906063676038
mp-1402,SmNi2,110.17,42.419,115.5574347999687,43.752868368749816
mp-1407236,CrS2,47.363,17.435,88.77261425720872,39.90724519908612
mp-1425,TiCr2,198.812,72.775,254.16389683485045,83.8690026757158
mp-1437,LiCd,35.162,11.921,41.44742894447707,18.997500302178413
mp-1463,LaIr2,174.499,65.07,191.86996056904175,68.4367049671656
mp-1495,ErIr2,202.819,90.008,228.14107846802472,95.38871455757706
mp-1558,SrPd2,80.634,31.664,85.39918308003884,35.48361516044098
mp-1570,YFe2,88.23,32.771,116.27983805746028,41.58957748869402
mp-1638,SrAl2,47.886,32.398,49.71374612208013,38.16925813857279
mp-1655,UIr2,239.465,91.056,240.85247997895328,91.86897448394834
mp-16720,ThAl2,80.85,50.525,84.07821998003115,50.80983758785341
mp-1687,BaPd2,73.421,24.388,77.29387590361257,28.986393711159007
mp-1697,TbPt2,163.153,73.747,175.44768417101892,73.24567274857112
mp-1702,LaRh2,131.545,42.873,147.1026066293593,50.03005651348259
mp-1718,ZrFe2,147.055,71.586,183.47052974091153,67.20705020644611
mp-1720,SmRu2,157.736,22.054,169.09036201956235,34.55289057258469
mp-1729,SmFe2,91.626,26.401,120.9077459080499,38.97801392561097
mp-1757,DyFe2,90.207,30.837,125.5339088649182,44.87607978571875
mp-1762,ErRh2,160.655,62.27,168.76363927911822,67.76792590837104
mp-1768,LaOs2,182.831,122.559,200.2145265546859,31.402112891463023
mp-1799,TaCo2,247.841,123.87,243.95927784282384,104.17728091402108
mp-18316,Mg2Pd,68.21,27.547,77.99269795878806,38.38942271576726
mp-1854,EuPd2,91.067,35.417,100.79160660216472,37.56187761737227
mp-1909,LaMg2,33.099,20.642,35.650654766113895,21.43698783121587
mp-1926,HoFe2,83.173,34.701,131.6059373401852,47.982009334224344
mp-1934,LiZn,41.652,22.505,47.39346730320458,29.358811871167884
mp-1939,ErNi2,123.362,47.466,127.28030651597844,55.15697132497584
mp-19871,PbAu2,82.187,21.597,89.99258000458082,14.695891739515329
mp-1999,Sb2O3,12.83,10.31,104.28142245674654,55.488930136958665
mp-2016,PrNi2,98.368,35.656,109.13790552698808,37.1984810256226
mp-2019,LaRu2,128.334,3.61,155.32054230492147,20.05376069988967
mp-2028,Be2Nb,156.483,103.427,171.28713028773518,93.42739681999896
mp-2031,Be2Cu,135.017,126.036,156.00803299100266,131.8486735912611
mp-204,CeFe2,74.162,13.894,111.24498676448576,21.648131911257476
mp-20456,Co3Se4,98.035,38.025,126.6318427375266,72.77232127584013
mp-2075,Si3N4,294.14,248.7,345.5489050789952,273.47943681523833
mp-2088,CeAl2,74.275,49.823,71.88524371943431,52.694607974420045
mp-2098,CeOs2,192.391,31.442,224.7854425691396,38.29301956317974
mp-2130,LuNi2,72.924,50.812,134.0692382700231,60.80301709885504
mp-2206,LuCo2,191.768,52.371,143.8661116726783,52.05608270173231
mp-22460,LiIn,32.743,7.674,35.505053018354516,9.981724729384675
mp-2250,ZrNi2,166.427,73.267,178.98907638846595,72.77520210262445
mp-2263,ScIr2,216.325,101.732,236.9328201584653,96.24087009779645
mp-2265,TbCo2,40.461,22.507,126.6114899100094,40.18074281674305
mp-2322,YAl2,79.891,61.069,88.09478933291376,64.51487716686393
mp-2337,HfCo2,183.341,71.054,204.69261986552223,82.17324511379122
mp-2385,TaCr2,242.207,77.779,306.02303489206054,90.27160746249812
mp-2404,CaAl2,55.931,35.322,58.78312751151339,43.64947181383588
mp-2463,LuFe2,113.817,46.961,139.35147968536717,56.27360923465
mp-250,Mg2Ge,39.618,11.194,41.60466238080828,17.320402973284256
mp-25262,TiO2,107.79,73.07,211.90797572562576,117.87533325365844
mp-2529,PrRh2,138.487,50.28,152.6387733597234,57.5438935841906
mp-258,ZrV2,138.858,8.879,149.8048348523933,36.575127375478424
mp-2665,PrRu2,151.337,15.68,160.1085734017245,30.527123347639805
mp-2674,YPt2,162.277,73.5,174.14178823641777,74.22215477200618
mp-2676,TaBe2,167.518,119.142,187.06699159464807,98.27936436732368
mp-2679804,WN2,121.564,25.475,124.23650183615976,49.33520566111823
mp-2694,LaAl2,64.416,45.077,68.9530954881154,46.6371267463164
mp-2708,LaNi2,103.215,28.692,102.76562719261057,29.983007861171437
mp-2720,NdPt2,151.763,67.611,161.0668807304525,62.549847681723506
mp-2725,TbIr2,196.495,86.675,223.2776372351663,91.189505913003
mp-2749,TiBe2,124.06,108.384,156.4080955023387,87.62636001735329
mp-276,TbNi2,119.456,45.523,123.19603451134728,50.578088483118805
mp-2762,YIr2,196.294,88.026,218.31638435288664,91.49122130699342
mp-281,YbCo2,93.676,14.307,141.91566502376713,48.12320110276933
mp-30352,NaAg2,47.598,20.815,50.593798079235576,20.968525680681225
mp-30444,Be22W,133.551,149.843,151.63892880873516,148.82883456102024
mp-30566,Ti2Co,96.827,24.714,108.37545480284328,22.93952634157614
mp-30764,LiPt2,135.254,64.55,146.57074768167868,65.7827734189018
mp-31184,AlFe2,131.215,47.246,165.0823287873743,78.10626216923048
mp-318,SrIr2,146.445,51.052,160.48842997189467,64.36036448483337
mp-333,HfFe2,163.391,83.525,194.37324590258288,82.7531526698814
mp-400,NdAl2,72.11,47.046,75.33984217378458,54.09549550345126
mp-410,YbPt2,141.375,61.282,184.12882979391375,77.86118011839773
mp-474,ErFe2,98.282,38.227,135.45449089385286,47.97670889934705
mp-480,ErPt2,166.753,74.793,176.18960260655948,77.11883692547872
mp-510430,Li13In3,22.544,17.785,26.657104463010413,16.29313349168965
mp-514,HfZn2,110.274,59.457,116.46481514552704,58.98526294387165
mp-540,ScFe2,125.32,65.405,153.31524937555554,64.0033033677417
mp-546,HoRh2,156.517,61.943,164.97805018932212,67.70096871136766
mp-548,NbCr2,228.632,57.068,266.41866099227167,77.08460716398326
mp-551,BaAl2,42.631,31.802,43.379341401276605,31.885678843514963
mp-563,C3N4,383.458,175.607,482.4674812423811,377.8768449978909
mp-567276,TaV2,194.158,26.294,243.4252295506047,83.7629375020684
mp-568384,ScB2,180.697,145.697,223.26018976978733,112.17971553770788
mp-568430,BaRh2,93.554,30.235,97.68205085926894,33.85030967180811
mp-569364,Be22Re,136.579,150.5,157.79916662137768,160.69645056125685
mp-570113,BiAu2,100.689,23.96,113.00300801344652,23.414699806085583
mp-570543,Mg2Sn,38.486,6.979,39.82857041677876,15.878596043915046
mp-570657,Mg2Si,44.169,1.523,48.011346123618736,19.74303964309466
mp-571262,CaRh2,118.844,50.018,124.1877345380774,52.22203499836714
mp-571271,TmPt2,169.621,75.074,178.84200703303705,77.32022754421386
mp-582,CeIr2,195.743,73.319,200.19232598288647,73.35607952292685
mp-589,TbFe2,83.099,7.528,122.64727289360906,41.03686651427251
mp-603,Be2Ag,125.633,84.594,125.55353300377725,93.8565388019948
mp-632,TmCo2,36.569,133.594,133.0414007795297,47.84754614983036
mp-673,HoNi2,124.103,47.113,124.17449711396264,54.06714622321812
mp-675,ZrW2,213.964,87.007,246.48968410683935,94.3259175068501
mp-7105,NdSi2,80.01,4.652,87.57138582874938,39.943674426778365
mp-715,ZrIr2,245.659,126.396,262.61193373536537,109.42657399987564
mp-745,ThMg2,50.194,18.428,45.223689834496625,28.137060308938263
mp-747,BaPt2,103.144,39.324,113.26355473076138,44.64627397803088
mp-756,TbAl2,79.498,56.275,87.41392883629987,61.19059017887736
mp-819,HfCr2,188.948,66.783,229.9145924718132,79.65193703965315
mp-833,CaPd2,93.613,38.03,96.5270081552204,40.84458432562163
mp-8352,SiO2,146.005,53.406,152.91710974053808,75.36865836121318
mp-840,SmRh2,146.007,55.461,156.9325989805124,60.42211186048499
mp-842,CaPt2,132.905,58.912,144.9432621102047,64.69177011695504
mp-850,ScNi2,142.02,61.092,147.4918202635941,66.30084718070906
mp-858,TmAl2,83.144,60.864,92.08878368551024,64.30321497458284
mp-890,NdIr2,183.307,78.105,206.42871622253168,78.66925846491982
mp-9027,TiS2,46.408,30.78,108.4995954516015,59.231764045127896
mp-903,ZrCr2,180.27,54.434,222.20056126908935,66.23171291828265
mp-912,LaPt2,143.888,60.396,153.37691348949284,53.568224171925166
mp-921,YRh2,152.291,61.818,165.1552787434368,66.79340697316545
mp-946,PrIr2,179.692,75.41,202.39325905499248,79.96161914496282
mp-951,CeRh2,144.079,49.52,150.47214346751772,51.519134195869306
mp-995,EuIr2,164.26,65.4,184.98519893393075,73.73296785977708
mp-2273,Ag3Sb,75.098,20.968,85.81220841422767,17.427043316249243
mp-976139,Li3Mg,19.333,11.268,20.38425629848028,11.523765247782112
mp-30655,Ga4Ni3,135.145,66.1,143.50923589946237,69.9650030846129
mp-556605,ZrO2,194.099,94.708,251.68005282402228,114.6251030300924
mp-685097,HfO2,208.48,109.345,272.3252894498308,133.37521465967058
mp-1430706,WN,308.354,149.602,403.97857108999983,187.36237615429545
mp-22693,Te2W,18.391,12.518,107.94176409646631,58.31478202196302
mp-570506,ZrI2,10.273,7.752,53.831738392564304,33.914427996324974
mp-999317,OsN,319.999,197.237,391.0061740193458,190.68420318048692
mp-11328,P2W,188.205,132.466,226.19905608050593,138.0242499071993
mp-23173,HgI2,1.936,2.519,9.660376235966448,5.1144088182279095
mp-23297,BrF3,6.798,3.764,26.48331374999061,13.745573809710796
mp-542106,SbPd2,126.402,39.637,143.67615523447515,41.8874699912112
mp-697111,H2O,15.606,8.999,73.77924087241769,47.50184288098703
mp-717,B2O3,168.858,157.964,305.0593241893652,212.86182841889476
mp-754401,Al2O3,92.512,45.373,157.87413141374623,100.43513684077944
mp-7667,K2S3,14.703,9.043,30.45574559073436,16.897803801899055
mp-8073,AsPd2,124.288,28.671,163.40967139291115,41.61470940227795
mp-2254,Al2O3,201.586,104.324,234.6736528311541,159.77620889715652
mp-22889,ZnCl2,6.193,5.677,40.56362666210101,20.93485310422841
mp-230,SbO2,94.068,58.618,168.7957433053628,96.61452523198751
mp-28460,Br2O,5.004,2.591,28.200810633848818,14.61627144231346
mp-402,CdP2,54.996,28.366,67.24018281183864,41.814466089266546
mp-554089,SiO2,19.96,36.105,170.94340309542977,99.58640842905623
mp-2415538,MgZn,43.601,21.384,51.14540540920634,25.019107512083018
mp-972892,MgHg5,22.072,19.34,26.796572773261875,3.9307749852682488
mp-978274,MgCd,42.072,13.131,48.3897041489379,18.70781849956649
mp-981747,Sm5Mg,35.158,17.254,37.605026021191456,19.731224472939193
mp-554134,SnS,3.861,1.184,15.760959496824428,6.469425807390844
mp-8781,SnS,7.142,2.426,31.832759959150696,13.091368081790725
mp-12177,Te2O5,47.587,39.669,143.3248116807352,96.09062307206835
mp-972808,SiO2,25.788,36.205,170.15203125739936,107.05066026049316
mp-1880,SbF3,13.266,8.1,84.87849805321589,42.91456223663573
mp-554573,SiO2,24.084,37.443,167.2531801684499,106.14982018674785
mp-27726,SO2,4.436,2.642,69.0629745942812,25.083924190005416
mp-1411,TaS2,14.33,8.13,72.94194840466479,44.43303264140688
mp-2648,NbS2,13.237,7.5,65.67317048487949,41.01676763901962
mp-555293,NbS2,5.711,3.447,34.104434871752886,21.312381254472033
mp-7007,NbSe2,9.602,6.251,52.75288493046642,30.20386314106823
mp-1001790,LiO3,36.573,18.166,62.22911181921476,28.26363101604198
mp-1039198,Mg3Bi,39.456,7.408,44.66683659158402,12.0491309647409
mp-1954,P3N5,136.947,112.016,278.59576493374124,184.05701486809969
mp-22464,NaO3,23.841,12.571,44.68796307129889,23.39467080598298
mp-30738,LiIr3,242.519,112.944,283.7505784251063,139.06013175586966
mp-684597,InSb,47.174,18.782,57.8151745990856,19.64855013574268
mp-865611,MgRh3,181.297,85.898,210.59114018979216,95.2978147471101
mp-974455,Re3Ru,352.99,193.1,371.08171513962185,173.19724535720158
mp-998913,KO3,14.064,5.756,39.38596370495228,19.83324816452034
mp-11441,Hf2Ga3,116.63,64.955,135.49627383555114,84.63409722827838
mp-13868,PdF4,37.214,18.844,111.19698045214872,51.36487621071261
mp-1482,Zr2Al3,107.69,69.751,111.98028419845708,82.64610353206965
mp-27253,Au2O3,80.505,38.407,142.3678173334974,72.35643317839185
mp-28096,SCl,1.029,0.187,31.06298856207704,11.780288792246385
mp-30686,Zr2Ga3,110.808,67.469,124.23731930153475,78.40991569803457
mp-760432,Cu2O3,95.16,44.243,176.51290406845598,76.66978495852987
mp-846,Hf2Al3,114.235,68.632,121.29203680881471,90.0308312120944
mp-8943,PtF4,39.735,19.123,124.09722843765056,53.160004631469015
mp-10426,Nb2O5,65.935,37.002,159.69191801790245,73.69711151502482
mp-673174,Fe8N3,210.46,93.26,166.99223067613303,94.32962193679629
mp-990076,P2O5,246.057,160.992,299.94778382950113,207.0823356280871
mp-999545,Mn3Fe,125.464,115.101,241.85305562001,97.20944781378408
mp-1017531,VPt,236.927,116.114,280.8498539487844,123.68379046914842
mp-11307,MgCd,42.673,21.298,49.60707603188934,19.5187496878236
mp-11481,MoIr,309.568,182.715,355.10853954216816,185.04088621185232
mp-11515,NbRh,219.994,56.006,242.9880297271839,76.75402527410307
mp-12595,MoRh,265.285,132.684,299.7891539382352,138.50110192890972
mp-1404,CdAu,89.162,15.441,106.54779248213136,19.017314854626868
mp-16960,AlPt2,205.051,83.974,240.88112895657784,84.11839311526151
mp-30744,IrW,333.76,184.951,391.1873261432221,197.11501770823955
mp-571499,TaIr,273.081,96.097,291.0299984249257,111.19020101340536
mp-603347,TiNi,145.461,61.591,170.6144014199116,55.93495750837866
mp-978268,MgZn,50.041,4.313,56.02246187795531,28.495539370129993
mp-980094,TiPd,151.922,87.665,168.7677295707885,49.97669239041042
mp-998949,TiPt,190.385,105.968,220.8202333263281,79.58760129899393
mp-999376,NbPt,229.595,109.899,270.69731620505206,108.21736723559268
mp-999502,MoPt,275.137,137.971,317.49320725533477,155.83364266545877
mp-568848,GaCl2,3.432,2.31,32.88305417169035,14.731400489597185
mp-23922,HN,24.384,10.503,113.8942650400366,71.76924570737705
mp-1501,Al3Pt5,199.949,63.445,237.08038663932416,76.19164606935918
mp-16523,Al3Pd5,157.304,48.459,178.33507059806468,63.6225520280425
mp-17045,Hf3Rh5,192.803,66.741,213.86023070345416,77.67682199456581
mp-17413,Ti3Rh5,204.618,71.393,229.69577468844653,82.78818712411662
mp-17524,GeAs2,13.477,10.712,65.75308148973468,44.293046048682335
mp-21012,Si3Rh5,198.297,76.444,255.0399817571188,98.57315898455929
mp-2408,Ga3Pd5,144.994,37.74,171.2159452218669,53.646979177938825
mp-27930,Li7Si2,32.647,28.995,37.262433507763,33.85744925715285
mp-672287,Li13Si4,32.333,28.036,35.84629855002351,33.275285023287694
mp-9459,Y4C5,100.83,63.23,134.23153359889315,79.14393123479638
mp-2136,Sb2O3,18.238,10.564,113.39978560873152,57.47621414430724
mp-433,DyAl,64.494,42.112,70.67247330465237,46.42732997238782
mp-720,TlF,6.828,4.15,36.80816267984892,12.075547689424765
mp-1025478,TbAu3,101.371,26.739,123.57078226526892,35.56681068726299
mp-1025526,LuAu3,112.13,35.878,133.1431713654928,39.96291467525481
mp-1077,B2Ru,283.343,170.538,355.59179863990863,224.86094250130284
mp-11506,Ni3Mo,214.444,91.253,270.8201932185364,115.9211104500944
mp-12546,TiCu3,141.202,51.729,160.34840385231402,66.1146730903902
mp-12802,AlCu3,131.586,46.444,146.2528558375062,62.662418027855715
mp-1451,NbNi3,205.078,77.484,227.69488419139097,93.89250789611316
mp-1539317,Ta2O5,194.214,59.754,253.07219663105823,120.96618665289132
mp-19724,Cu3Ge,123.646,44.057,140.9249938563071,47.86012085625502
mp-20826,CuTe,12.527,9.402,69.1281034560163,28.076029085603764
mp-20900,Cu3Sb,90.479,25.292,116.43864025299656,32.86562756873688
mp-23264,TiI3,1.244,1.246,29.23596924555134,16.271313497080875
mp-23312,MoBr3,4.428,2.494,46.86973082109999,26.74340806969017
mp-2850,B2Os,311.334,167.398,397.0086764699049,236.80229148823184
mp-30850,TaPt3,259.644,90.679,310.0573009004458,116.047702275827
mp-568823,YbAu3,87.23,21.466,130.30347720523528,39.72347068771855
mp-569683,InAu3,107.88,16.267,127.70214027518772,18.057600603831403
mp-581786,Cu3Sn,106.169,35.944,128.47960809926963,45.456934199564635
mp-669692,NbPd3,196.318,80.945,229.07692520213016,93.5061225629066
mp-672371,Ni3Sb,168.202,51.56,182.96895665469305,60.65625037850149
mp-726720,N2O3,2.505,2.059,15.436665944160875,9.389248806661564
mp-891,TaNi3,218.124,82.317,244.02587190205057,100.47532920856676
mp-999192,SiNi,173.822,85.469,207.52069656370512,61.62911651723559
mp-1018672,CoAs2,124.542,87.289,152.8195025210629,81.78298991912129
mp-1018804,MnS2,126.738,110.749,145.3970393343876,97.25170454583046
mp-1078253,MnB4,273.514,242.51,358.93630104143733,321.18370877662926
mp-1078278,CrB4,274.936,261.781,344.1126234506247,298.79863548595387
mp-1079437,FeB4,262.93,188.133,365.538984173748,291.2608938823794
mp-1285,PtO2,209.304,87.687,257.3398830962241,132.59333252351954
mp-13076,IrN2,320.194,194.111,348.13141047542524,198.5350795721129
mp-1413,P2Ru,187.136,138.396,225.68506241922984,143.23819682190836
mp-1522,FeS2,162.063,125.99,176.77057397893395,135.328989097346
mp-1543,Ge2Pt,110.087,51.923,141.0150284533468,60.49687841399962
mp-1871,Fe2C,222.238,102.436,218.617071660964,116.34088568140363
mp-1901,NaO2,32.685,8.992,55.85978906984464,29.734113447739947
mp-19795,InS,20.396,15.524,67.30920871251638,31.369975927411275
mp-19814,NiAs2,102.3,52.095,133.4922496907439,64.58321256229274
mp-19880,FeTe2,94.192,73.813,89.62709782944737,68.40021273039304
mp-19895,NiSb2,75.371,38.66,100.94721576609471,45.420003370860655
mp-2000,CuSe2,69.631,23.155,76.99260926392203,26.778759533259656
mp-20027,FeP2,175.013,154.075,204.97206222476777,146.1189221396829
mp-2008,FeAs2,135.973,111.737,149.66580519438486,105.46084812177956
mp-20304,RhN2,216.587,120.735,294.58304379017676,157.00348175360784
mp-20714,FeSb2,91.182,56.905,107.56199521787345,70.18161755963449
mp-20862,CoSe2,109.411,55.11,128.4614971159915,79.84642973425413
mp-20928,Sb2Ru,111.249,77.964,141.34323862788796,78.88700966429845
mp-21264,OsN2,359.603,224.953,417.9998434097541,220.70045192945784
mp-2180,HfSb2,84.365,49.015,100.10637479078645,52.03919615240426
mp-21859,CuAs2,82.504,23.8,99.62775153001998,35.293789517084925
mp-22477,Ta2P,220.662,110.02,257.7552221882128,131.722592465095
mp-22488,Co2C,257.718,109.037,290.5995639212847,105.46991851799037
mp-22498,CrSb2,56.636,33.759,75.00394214594375,55.33430791502456
mp-22631,Co2N,246.43,87.348,275.31479174516994,87.35956293766884
mp-22882,YbBr2,15.965,11.345,41.00377411094699,20.590166981820996
mp-22888,CaBr2,19.942,10.337,29.204116572222,13.106445703462358
mp-23214,CaCl2,16.828,11.051,35.48784723309164,15.478475584936136
mp-2455,As2Os,166.406,119.207,191.6024641489233,119.11159594998576
mp-2695,Sb2Os,128.863,87.742,163.68161456724755,94.95785401668464
mp-28793,Mg2C3,90.273,47.964,124.61505504429672,73.9296597297123
mp-33065,W2C,334.316,171.769,370.87166362587766,191.98397348685697
mp-504659,Hf2P,149.153,78.671,163.87556937839878,97.67439982696862
mp-569008,PdCl2,4.94,1.982,25.01599771805096,14.36726642330961
mp-569017,PdI2,5.123,3.14,25.373823936058383,11.05171795522572
mp-570155,PtN2,274.597,167.557,339.9794830110142,189.3903665812679
mp-607371,RuN2,279.032,161.786,338.64938472009976,182.10355872998952
mp-616559,Ti2S,147.515,86.318,181.75397151158808,95.11212001570752
mp-7424,BPd2,173.199,46.36,213.00262576753408,63.78505238269894
mp-760,FeSe2,125.468,92.204,132.15035344878052,102.61479519633086
mp-766,As2Ru,150.88,105.88,176.11783957554147,105.30902882288716
mp-979,ZrSb2,81.547,49.955,95.71116192430344,53.040843666781704
mp-9835,CoSb2,99.768,63.715,119.74101889513868,56.27895077514273
mp-9945,CoTe2,74.058,44.805,103.64322663130947,58.06451645581856
mp-1228652,B8O,209.358,186.929,283.33660610367446,257.95495466787645
mp-1006226,ZnBi,38.35,17.17,43.866527908434264,23.31720473987944
mp-1190190,YbBr2,29.786,14.6,39.69824854339641,20.181128416768377
mp-1321,CdSb,39.053,18.412,45.642410906177545,25.008747838727448
mp-13682,PdS2,21.582,16.515,59.75613607817511,38.21159157306179
mp-1840,TiO2,190.856,78.901,237.43577282999013,118.97184294171436
mp-2125,TeO2,22.059,17.938,123.80975761807032,66.7862195687199
mp-2284,AgF2,30.338,11.136,70.18863455150519,24.431857110701305
mp-505510,NiAs2,111.202,61.884,137.78724794629335,70.08095481893467
mp-557266,HgO2,41.06,15.676,71.87672724326106,28.202106400770425
mp-753,ZnSb,47.732,28.522,55.1974826375769,32.54114626980473
mp-775757,HfO2,217.87,103.555,263.92581493256705,133.18475829560316
mp-775906,Y2O3,139.432,64.912,159.4240965255121,86.84256553987535
mp-776404,ZrO2,196.653,89.526,243.88675447084623,115.82345961110006
mp-776490,Al2O3,228.207,145.301,263.5105115878278,176.85689376266768
mp-10913,GeO2,216.482,123.464,251.8403686228856,150.5895216276338
mp-1105681,In2O3,156.673,65.355,173.8213376326024,80.0536186674841
mp-1439,TiO2,203.794,80.898,247.54603668985507,121.992425828114
mp-1552,Mo2C,295.211,151.829,332.0756419914162,168.63699049508105
mp-1666,Th2S5,96.675,47.098,110.62665269280198,51.8891304245112
mp-1716,Rh2O3,233.122,105.314,277.1703193657759,118.52620249266154
mp-1938,Al2O3,231.614,146.396,266.2018488738595,175.59106119959603
mp-2034,W2C,334.971,167.632,368.8125066803668,183.78532781321573
mp-20633,PbO2,103.849,39.538,133.5260579307605,61.23805604034747
mp-20648,V2C,244.406,119.66,304.97425366392923,144.13007624731415
mp-21476,Fe2N,240.287,88.269,188.14741307534968,95.55521763304992
mp-23711,MgH2,48.435,33.062,52.25706374965391,37.69749590721287
mp-473,Na3P11,13.739,6.665,65.76867210194402,47.25002523633923
mp-556034,CO2,3.848,2.383,50.48696511715535,30.498340571650136
mp-560203,SiO2,56.961,44.504,196.59801572029397,129.43203822603397
mp-568293,Ca3N2,72.375,39.943,78.41460009334905,45.909926611732544
mp-7709,ZnF2,97.812,31.521,110.19919204922202,40.29277872805084
mp-776097,HfO2,200.242,96.744,235.652635747616,126.24646375098958
mp-9981,Mn2N,198.001,98.928,129.40010847678155,137.75311054978715
mp-10025,SiRu2,256.319,102.364,302.60778704856756,126.29238396580266
mp-1005,FeP,207.432,133.593,252.4997105936985,167.7325843386076
mp-1025409,TmPt,110.101,36.535,120.63123323224092,39.244836759662576
mp-1025431,SmPt,97.548,32.196,109.49605668267772,33.66195442372397
mp-1025448,YPt,102.153,33.963,115.44698136161522,37.426690831775474
mp-1042,HfSi,151.342,95.833,181.82145737629227,118.928228408607
mp-1099,NiGe,137.06,52.238,156.0486279168471,74.32763402702768
mp-1101843,PbO2,92.315,35.417,146.69203967147936,59.33636518884643
mp-1102359,PbO2,68.625,28.161,162.29298611899245,64.5009494581275
mp-1118,SiNi2,191.4,64.237,229.7982154803107,95.85336237818692
mp-11230,Y2Al,54.836,30.684,60.6861090239419,35.61234653714039
mp-1125,Li2S,40.216,20.471,47.99018115788655,34.484707468156216
mp-1128,SiIr,215.0,88.554,258.9576019950999,121.73515753409318
mp-11347,TbF3,101.962,45.728,140.4559866722883,64.77167481467329
mp-1146,ThS2,90.46,33.237,110.37153830805192,48.566570696822126
mp-11550,Sc2Pt,90.609,27.047,113.40934313011417,40.216633821903166
mp-1188441,TiCu4,141.045,52.772,161.69042291197303,66.70124802657924
mp-1188869,Nb2N3,302.64,153.142,369.0142125083215,167.58600797611734
mp-1208406,Ta2N3,327.072,242.82,402.2821059974677,197.3532375338058
mp-1224,HgO,22.392,10.902,57.92486292938828,25.318703514787927
mp-12614,Ca2Cu,24.15,12.724,32.310194766036744,16.34531196889551
mp-12724,SrZn,24.149,8.793,27.009973522471395,12.412088127573666
mp-12741,MgPd2,115.038,37.951,127.09654291886824,46.691939496009766
mp-12834,ThCu6,117.353,23.0,135.34274545626656,53.20636512215115
mp-12900,HoSi,93.264,67.711,97.40418704160882,72.1720156858097
mp-13053,SrSi,44.901,33.357,49.07984538353027,36.56177219028877
mp-1361,IrSe2,105.86,54.983,136.40205817112508,74.25730242736772
mp-1364,YNi,76.598,22.852,87.02810103433349,26.33372503190076
mp-1397,Rb2Te,11.617,5.003,15.385551900704478,7.82269255833229
mp-1403,Sm2S3,76.96,37.195,89.44309688763285,49.245371796586944
mp-1424,GePd,122.742,42.129,143.89518579214678,59.258574404569465
mp-1477,BaSi2,31.472,18.639,55.67822264168221,34.09108472141252
mp-1509,Sn2S3,16.845,11.679,67.05585317234093,32.93941246381501
mp-15179,Pr2S3,72.794,35.04,84.39855990316725,45.03916545227793
mp-1523,ZrP2,126.441,83.188,159.848777947759,97.57377550551335
mp-1637,Re2P,296.64,183.029,379.366888257826,215.22005076325473
mp-16526,AlPt2,203.954,60.327,237.1144667044521,72.46355709414962
mp-17383,Ni2Ge,170.822,43.404,197.7587295148801,71.74561187819828
mp-1851,SnPd2,130.558,18.528,160.03412087543276,45.20289700443676
mp-1860,LaSi,69.385,42.891,69.61332149240245,45.099960937899894
mp-1868,VS,146.997,82.483,185.5804690977912,125.89330894456134
mp-1869,GaPd2,150.478,46.087,174.20812598835266,58.48758574116793
mp-1924,TbSi,90.719,65.542,95.6568802794147,67.38314822877399
mp-1937,YbCu,38.498,22.182,78.65006355444349,26.988632484720014
mp-19905,Co2Si,212.261,107.785,246.29108479655864,124.68082141910784
mp-19940,VAs,138.579,86.366,169.3256811509535,111.53040401530052
mp-20077,USe2,69.255,16.907,86.4817763892699,39.77948277496112
mp-2022604,Ag2Se,25.252,12.062,66.71493391099337,19.29657369938142
mp-20327,TiP2,131.512,89.952,165.452332253274,116.4561374432958
mp-20373,Co3B,241.093,96.294,255.05593377263875,130.9921923179425
mp-20418,SiRh2,220.895,74.351,267.3111170415307,102.3611213904578
mp-20541,V2P,206.579,103.941,247.07615274765783,147.33577796583705
mp-2058,Ni3B,217.964,81.818,256.17197423048805,110.1405382074184
mp-20619,SbRh,133.533,57.121,161.06753247483672,70.68339381292392
mp-20622,SiPd3,160.007,44.115,196.00901984093716,66.81287468296237
mp-20787,FeB,280.84,142.25,274.5798729081331,165.02894780929307
mp-20857,CoB,308.915,149.359,325.6818250465825,127.21544243859036
mp-20937,Cr3C2,319.679,168.003,377.6375418585872,215.93805097471815
mp-2102,PrGe,70.295,46.687,72.86076630241335,45.0346214045803
mp-21048,CrP,198.838,139.444,220.93261415172023,167.0559733891647
mp-21115,CeSi,69.426,39.155,73.58218437903628,50.91578795581018
mp-21163,SiPt3,199.75,47.08,267.84314075128896,67.48966485991023
mp-21345,LaGe,63.487,39.804,67.64635442911566,39.78787421599555
mp-2173,P2O5,40.395,33.316,184.9513405607417,137.95754967084676
mp-22033,Ti5Sb3,108.776,43.449,121.04094957779884,74.81038617957786
mp-22079,AsRh,157.445,60.566,191.76403864756725,84.11780114878985
mp-22204,Co2P,223.42,75.138,257.009563193861,114.88952326691468
mp-22240,MnAs,106.766,78.122,107.5070733157862,110.72197783233982
mp-2231,SnS,23.336,18.459,55.93166416423398,25.630010348378455
mp-2242,GeS,21.382,16.528,60.2606059837523,32.26569843386045
mp-22585,GeRh2,200.615,70.269,241.98352674634043,90.67025088291211
mp-22626,OsF6,6.233,3.152,113.83054980716192,52.67833286189817
mp-22646,InPd2,129.519,35.51,153.38494359410845,48.583221446431615
mp-22735,Ca2Sn,29.28,16.906,36.78281938509982,26.455713667549965
mp-2275,UF6,4.717,2.694,96.24107100458475,36.10443912533527
mp-22872,SbCl3,1.673,1.336,28.63054147275517,13.069318871533204
mp-22876,CsI3,5.347,2.046,12.23662553403213,5.149778297606697
mp-22887,EuCl2,26.542,11.102,45.042731263815135,19.12413930767219
mp-22908,BiCl3,4.002,3.695,42.53345710001832,17.225176207079567
mp-23164,Bi2Se3,16.965,21.246,59.393840983663594,28.679751838494816
mp-23179,NiBi3,29.76,10.642,76.17561399662559,24.926964206218955
mp-23199,BaCl2,26.245,9.183,36.111260105837665,16.22579352582661
mp-23230,PCl3,0.443,0.302,24.94184334835884,13.033971284651914
mp-23237,BiF3,54.467,31.812,123.4971951341372,47.44982591574487
mp-23260,BaI2,16.076,5.955,23.83872470783102,10.223696767904425
mp-2369,SnPd,97.577,39.635,117.76937550425436,42.69223912351452
mp-23712,MgH2,61.574,25.012,74.12823308029098,48.83327608051075
mp-23713,CaH2,46.806,32.48,48.4313693955789,41.84421746313815
mp-23714,SrH2,37.591,24.537,39.63305702729314,31.047952571302197
mp-23715,BaH2,30.008,17.353,33.21626590131556,22.488558977988497
mp-2420244,TiO2,56.861,17.976,148.1500759387716,61.699685274535206
mp-2517,Ca2Si,36.705,22.286,43.91190664191125,30.808301264603667
mp-2662,MnP,173.538,127.428,243.2476562475778,190.49376841383264
mp-27145,Ca5Bi3,32.168,20.742,36.44018310810835,24.12726651076992
mp-27257,PBr3,1.055,1.613,17.97495724198437,10.370565633969228
mp-2738,DyNi,78.297,23.865,88.14180605949524,26.390199592941723
mp-27456,BaBr2,21.78,7.82,30.05146184671173,13.549802979587046
mp-27606,ZrAs2,109.701,71.768,135.05267942919755,81.01800726115042
mp-2809,Sb2S3,16.114,8.865,63.347202923687135,32.88065934115756
mp-2824,AlPd2,157.601,52.588,179.4213861149175,65.20594477792571
mp-29646,HfAs2,114.549,75.643,136.7170553928712,79.78788673850482
mp-29862,SnBr2,5.015,1.482,28.947871406440107,12.246109211917243
mp-30355,SrAg,27.873,13.764,31.186763646316095,14.749622396497529
mp-30610,Er2Pt,76.471,25.794,95.34131835050268,36.13926925066101
mp-30719,Mg2Hg,44.345,15.581,52.02412164860252,21.84937665900548
mp-30884,YZn3,72.174,41.301,78.25215815970299,44.48380332340848
mp-31086,NaP5,35.625,19.553,67.63175212204017,45.56532993364095
mp-351,SiNi,164.819,91.069,194.9589354198517,101.39203303495466
mp-365,MgB4,158.697,113.996,181.6874863850438,139.22544451014366
mp-389,SiPd,151.127,53.453,182.26930720557615,77.44433604625446
mp-427,FeAs,160.334,85.376,177.3068514885556,127.53793145745485
mp-438,Nd2S3,74.377,36.021,86.11201779716112,46.554607791299745
mp-505071,Si2Pd9,163.342,38.309,198.41060802314985,61.58973886414808
mp-505319,PtF6,7.167,2.458,67.33299408145805,31.002983030853635
mp-510412,Si3Ru4,230.632,104.687,281.7090728393987,132.62501494778917
mp-510623,Fe3C,218.157,68.482,175.4511795028964,137.6372628335876
mp-540791,Si4Rh3,178.662,88.8,213.2196046194713,109.39115161387107
mp-542640,GePt,141.112,53.162,175.4416335102737,67.34508953422109
mp-560553,IrF6,5.619,2.833,112.78989201054388,46.1943657045196
mp-561877,HoF3,71.076,42.75,133.6552375406418,63.93600800227941
mp-567314,ErNi,83.503,24.157,92.38364156803908,28.743749466270703
mp-567744,SrBr2,18.143,8.669,29.08662264562644,13.417412583007591
mp-568284,SrI2,13.289,6.9190000000000005,22.903904720688587,10.801534741471508
mp-568446,Er5Si4,79.019,41.354,91.42404509693496,60.183588118828645
mp-568865,ZrTe,87.502,45.969,103.78107169176089,63.03465033590005
mp-569152,SnCl2,7.644,4.523,35.184242751679704,13.384582179271511
mp-569558,AlAu2,120.192,30.562,141.9086174388777,31.914806612327677
mp-569989,Nb2C,226.573,118.704,271.7428261390708,138.43421479374803
mp-570775,BaAu,30.79,13.125,34.064387786893576,13.904467594426748
mp-571651,TiSe,106.475,62.14,119.3816694668496,71.99124646348923
mp-600216,U2Se3,68.88,35.78,77.57736007563547,46.38539441196511
mp-605663,AlPd5,160.22,52.169,184.34566204126995,60.72251001153225
mp-608366,CuN6,10.145,9.142,98.55643193272816,46.11466025856327
mp-613523,Fe3C,180.669,62.54,196.0959326689073,98.5236764076068
mp-622209,Al3Ni,112.917,62.713,131.34139081530157,73.36308365789402
mp-636334,SnRh2,176.402,53.156,212.44091496471424,78.54869785487566
mp-640095,La3Co,32.741,12.416,44.4297980157222,18.79170059003176
mp-641539,Si3N4,254.919,160.943,322.0764287131898,229.52506011771004
mp-644751,BN,299.812,218.928,338.7361324310079,261.31102166350234
mp-669509,Gd2S3,77.88,39.303,87.76682578400381,49.46866949299272
mp-669917,ZrRh,155.521,46.847,175.92119338129143,49.64838785577005
mp-691,SnSe,23.839,14.724,49.758288950001,21.682669188881988
mp-696,SiPt,173.672,69.894,215.87061328933217,90.15054178834538
mp-700,GeSe,19.51,13.905,55.79049055424754,26.744955496129997
mp-7092,TiSi,145.819,99.581,168.3156404100802,124.71814680927686
mp-7343,Y3Pt,55.615,17.134,72.22651076986986,27.623881772753744
mp-7368,Dy2Se3,66.917,35.068,80.41605818487355,42.6433502125711
mp-7384,SmF3,112.098,48.388,134.3194765010215,61.01549386172931
mp-741,HfO2,224.899,93.323,318.5324561820592,142.23579038656027
mp-7475,La2S3,69.384,32.899,78.79315048163517,41.48544311357912
mp-754741,ZrO2,109.287,49.055,208.03032749416587,86.80549280573689
mp-755089,ZrO2,154.271,77.349,243.13022533590495,109.53382793051207
mp-755759,ZrO2,213.895,82.002,254.98075558531403,115.74455529357742
mp-755894,Li2O,71.014,44.318,87.98048048836918,73.58997628708522
mp-7565,SbRu,145.517,52.906,188.3291074021756,92.40202740083096
mp-7857,TiB,207.405,190.624,259.85797013695844,195.8149618011801
mp-7951,ThSe2,77.932,26.736,92.58814212050692,40.3444687249812
mp-818,SiRh,195.549,95.795,226.89772427951883,108.6023875160353
mp-864603,YbH2,50.134,35.539,84.7859823815497,54.995688852784575
mp-893,ZrSi,141.728,92.826,166.3518481576944,114.06271768680904
mp-9173,TiO2,100.826,53.487,210.8445471112008,106.51287606662656
mp-9371,ErF3,72.095,44.528,142.32412974737943,64.9000385730397
mp-963,ZrO2,212.032,84.375,298.41219416574603,127.65982689544173
mp-972228,Zr3As2,125.408,62.953,145.52220085427658,85.99604097790449
mp-982385,Np3S5,72.842,44.698,85.17179282727749,54.17861838531277
mp-9967,NdSi,78.992,53.571,82.39724809353342,55.88519313446367
mp-9968,PrSi,76.517,50.93,76.16645496352902,52.2050300533596
mp-1006878,BaO2,33.298,29.993,89.44835954799876,4.581235034915951
mp-1025069,PrSn2,53.735,30.622,64.69269371124767,33.0683623931575
mp-11413,ScGa2,75.019,51.181,85.67026667337979,53.02830516599511
mp-11809,TiAl2,109.309,82.494,115.14260801011712,84.03832346926562
mp-1206441,V5B6,277.143,232.744,341.2683614788596,279.11624461225944
mp-12701,NdSn2,55.135,31.099,66.7094943921834,33.66248557875572
mp-16371,ThGe2,87.818,48.812,98.74076060032598,57.1444261432854
mp-16514,Al3Ni5,172.818,75.145,181.64288443198865,78.65532395313623
mp-22558,TiSi,131.686,40.349,151.6068728529524,54.44772739494612
mp-233,UO3,171.463,56.461,215.6596478587371,62.86091053902695
mp-2362485,LiMg,25.554,12.984,29.114987554586357,16.874469444970156
mp-28629,Ta5B6,291.265,204.868,338.50398297028585,235.9307786286594
mp-30683,ZrGa2,99.541,62.966,111.659796734219,65.96682044448188
mp-30767,Li7Sn2,27.747,22.949,29.66727852623081,23.812765182966174
mp-31144,Rb3Au7,45.356,14.575,54.37432596541352,20.649065660066174
mp-569250,VIr,272.357,117.569,300.1080009180441,121.43181476211356
mp-571035,OsCl4,5.865,3.473,59.49676615393698,27.245541243689782
mp-755875,Ti3O4,179.336,93.478,246.1620921734063,111.6910921483843
mp-865166,HfPd5,167.044,68.884,189.05179788251388,67.42910002706789
mp-570460,LaCo5,180.839,23.948,127.48468094815333,43.82546390124168
mp-1001612,LuSi,97.309,67.15,105.3005088374384,74.74809012172526
mp-1002136,LaAu,64.033,14.169,73.26481751050669,19.498910334609075
mp-1007666,HoAu,83.589,17.384,96.97802933198076,31.433451449028595
mp-1007691,HfPt,176.476,55.584,194.1278884041471,60.4941391420054
mp-1007881,FeB,251.424,159.067,264.7125156770097,167.2199055153113
mp-1007918,DyAu,82.469,17.544,95.80291883828056,30.96710282462432
mp-1008487,BW,339.625,188.232,409.6502828925618,239.7581810973302
mp-1017507,TmAu,86.722,18.132,98.99911590064843,32.8651248519396
mp-1018057,HfBe,116.852,67.239,125.50112313865202,62.2148179309208
mp-1018115,PbS,25.09,7.599,56.61303016544882,23.246667776857432
mp-10212,ScGe2,80.354,56.949,91.09619244828689,61.86565877654558
mp-10638,ZrSb,94.274,58.065,107.73149719803628,73.29054482676672
mp-1064719,LaNi,67.304,14.716,67.33633227878678,15.239672439325696
mp-10651,YbSi,55.819,38.258,99.86262803534994,63.952941035110335
mp-1069,HfSi2,131.995,95.031,163.86032769844869,114.59468956055716
mp-1072865,HoSn2,61.099,15.772,68.3652361174865,42.13115189294172
mp-1072922,TbSn2,60.169,38.323,67.37067000427871,42.793038835147335
mp-1077102,TmSn2,61.628,37.017,67.9970143831919,40.64496518579339
mp-1096799,AlO2,121.5,76.989,217.72644320334328,153.9526836514651
mp-1097,TaB,286.134,212.507,334.1561943660656,233.1843953568743
mp-11228,YAl,53.421,28.791,65.03027874728379,42.81666478589837
mp-11233,ZrAl,108.913,70.301,112.92448996558444,68.1700012790566
mp-11243,ErAu,85.251,16.141,99.08345685068764,33.52142566672556
mp-11302,HoCd3,56.766,27.83,65.08239197413062,30.12757591322964
mp-11322,ZrSi,142.355,93.649,169.25174658660504,114.12806741290512
mp-11411,ScGa,76.65,43.659,85.23295249751503,47.973927509691734
mp-1168,HfTe5,11.773,7.3,50.18609282098275,29.50815781363284
mp-12054,Cr2B3,298.232,185.951,348.91684789568836,296.4514829483757
mp-1232339,LiC12,128.198,101.322,147.16484731666026,100.50850057895808
mp-12684,LaAl,52.592,34.891,53.89279461356695,33.713686044565065
mp-12723,CaAu,47.167,18.66,54.57614695916138,21.77655027509835
mp-12899,HoSi,92.828,66.189,99.67754918463956,71.83479082290485
mp-12910,GeS,23.949,19.766,62.97126736237074,34.80805527389188
mp-13010,YSn2,59.361,37.676,66.4131013969212,41.96820037725736
mp-1341,Te2Rh3,146.115,48.875,164.56061283752058,63.620432518918754
mp-13450,HfSb,100.739,59.904,119.4864143584504,79.28031767469237
mp-13453,BePd3,158.862,35.489,186.5899299898512,65.39829951402808
mp-13495,ZrPd,137.302,36.61,152.86363601033233,37.221192828185245
mp-13683,HfGe2,111.883,67.117,137.9938035753973,87.25494687337083
mp-14019,NiB,261.814,104.142,298.54387581815575,116.73094209943407
mp-1405,TbGe,80.709,53.889,89.40957934126082,56.77384223316624
mp-1448,NdGa,74.648,18.258,58.76362785153126,29.81671902768665
mp-1515,ZrSi2,126.046,96.722,159.5824546429421,118.66108637690044
mp-1537871,Ag2S,28.202,8.147,62.88137333516689,22.45929522273728
mp-1563,CaSi,53.572,38.383,60.93762108204942,46.486255040443055
mp-15671,Re3B,365.183,290.218,420.7818096377057,200.96467623340712
mp-16342,HoGe,80.872,54.586,92.886868544025,59.381048020943
mp-16528,Al6Re,112.677,72.365,132.7202543420118,74.70913931416251
mp-16529,Al6Ru,111.884,73.629,134.86880543734495,70.18522256827592
mp-16718,Al6Tc,107.586,69.162,127.3301812674511,71.60909289495935
mp-1698,SrSn,32.734,21.427,38.074087164807544,24.7304427224918
mp-1711,Er3Ge4,78.243,51.693,86.42026225191775,51.83527992958854
mp-173,MnAl6,110.784,69.344,115.02677063764548,72.40772191482603
mp-1730,BaGe,30.305,18.207,35.342930782725496,23.54227035769396
mp-178,ThAl,72.139,37.801,78.04662508600552,42.83882444122472
mp-19918,GdGe,73.164,46.12,88.45314533246942,52.91088156217596
mp-20122,DyGe,81.505,54.729,91.57937578650645,58.44182367382766
mp-20136,BaPb,24.299,13.484,26.494453878208255,15.987647370198689
mp-20439,CeAl,55.79,34.493,56.87272454677434,39.32452200420027
mp-21188,CeNi,71.273,15.258,73.28397858974004,13.397760048554968
mp-2168,SnSe,27.105,19.801,51.64731901817653,22.900944081286635
mp-2264,ErGe,80.602,54.614,94.82277255571312,58.41051203108217
mp-22858,TlI,11.664,5.404,16.23688977113532,5.316417457438653
mp-22870,InBr,13.519,7.042,19.90766309379663,7.129799100912029
mp-23202,InI,13.331,7.457,17.024717438529166,6.550076335156762
mp-23244,UI3,6.693,3.645,29.41705739713637,15.807580142087172
mp-2327,TiZn16,79.295,24.042,91.2655108540431,40.10402485463351
mp-2349,YCd3,55.533,25.172,65.27657637112323,30.396821556804017
mp-2360,CaGe,48.071,33.926,54.48265542449377,41.118786121959374
mp-2430,ZrGe2,108.179,71.611,131.1734671600326,89.03154657260002
mp-2450,CaSn,37.561,22.571,43.53348946976509,28.992018895323262
mp-249,HfAl,117.671,70.131,119.31272413318474,80.30486132727613
mp-2499,BaSi,32.012,20.384,38.415557910632245,25.826967158463994
mp-255,NaHg,17.221,6.751,20.96823739750033,9.025838645729436
mp-2580,NbB,263.884,198.028,302.38207122196405,219.25230438674257
mp-260,CrB,295.159,222.072,380.6674023844424,316.89940709851004
mp-2620,DySi,91.134,65.591,97.45454151128408,70.18447361669203
mp-2661,SrSi,44.145,30.984,49.50668537099228,36.383112392296546
mp-2668,Mn3As,121.507,44.278,135.47470356973736,89.31369851737693
mp-27488,Ta3N5,241.568,98.734,297.9789272014753,137.57223767190644
mp-27975,NdBr3,9.801,5.38,40.59135509323307,18.156119936869217
mp-27976,SmBr3,10.18,5.194,41.08125189176153,18.53611170030455
mp-27979,LaI3,6.8469999999999995,3.843,29.376403299761577,13.922800316890395
mp-28448,DyCl3,9.947,3.729,52.12570874033665,23.68395538661196
mp-29210,Li2Ga,33.134,27.31,36.537260959723405,26.02114891712625
mp-2933735,CuO2,8.166,4.904,29.85720868637583,16.41268582297246
mp-29772,YGe3,73.159,51.058,85.77266738110858,59.24107177080013
mp-303,BaZn5,47.618,27.225,54.36070361218805,30.09491983081364
mp-30408,MgAu3,111.519,29.873,130.54286155092893,36.95451757549143
mp-30423,VAu2,125.266,26.935,158.8757914405214,58.16062815739606
mp-30483,CaZn,32.099,14.606,35.41503983928162,14.86998371023607
mp-30485,Ca3Zn,22.439,9.782,24.774072188230733,13.455596957265692
mp-30502,TmCd3,57.293,29.664,67.3052679989252,30.777125570927584
mp-30564,ThCo,101.93,22.233,106.4045403043786,32.80793484267213
mp-30604,DyGa,68.534,42.601,73.6429376967998,41.10970751407144
mp-30613,ErSn2,60.804,37.354,68.50968026660289,42.27881179230444
mp-30619,Zr3Co,103.802,35.813,129.5760732450567,40.01774108582353
mp-30840,Ti2Pd3,154.553,41.93,186.65261747178428,56.10921918539284
mp-30849,TaPt2,243.933,75.583,296.0393609026745,97.30182814314747
mp-30872,ThSn2,71.526,40.547,81.9946896203733,45.76752273751733
mp-30933,ZrBi,82.991,48.372,96.33801922419276,58.64935957856112
mp-31205,Zr3Fe,102.072,37.707,125.73818333849736,39.003486367061065
mp-31324,Li2In,28.365,23.649,32.16751331256446,19.11500115124612
mp-31380,SmPd,75.905,26.496,86.886410173171,26.17718765727989
mp-31502,ScCd7,53.455,62.402,61.396262497551135,21.94163384219585
mp-36216,Ag2S,27.991,8.545,63.31855094291669,23.64708813030356
mp-378,ErSi,94.174,66.701,101.72482928964143,71.20070945877423
mp-511,PrGe,73.985,9.662,73.26305683637521,44.92921242185668
mp-538,CaAg,34.318,13.005,40.34886554219441,17.709406258658937
mp-555599,CuS,58.947,20.592,92.88315329030816,43.46327613092651
mp-556,ZrNi,139.087,38.253,152.00290359942466,39.6945515417452
mp-558378,Pd3S,113.764,39.33,142.99331984839765,52.75667049152272
mp-559676,SnS,28.192,23.866,55.93205688547432,26.082218876778743
mp-567181,ZrRh,161.195,47.288,179.36894825873776,44.289963368866026
mp-568992,ZrIr,186.261,55.113,205.7276765925283,58.88737645594773
mp-570001,Al6Fe,105.11,57.151,119.66363935640057,71.30530686148717
mp-570112,Cr3C2,309.637,144.082,351.506867545136,230.55540776408077
mp-571555,InCl,12.514,6.673,22.116352357581818,7.73231834993695
mp-605,ZrTe5,11.82,6.693,49.70028362736352,28.73723520281315
mp-613,Te2Pd3,106.336,25.081,121.81377313322146,35.61230581572856
mp-628773,SnSe,13.848,5.384,37.77166995508291,16.16627278540334
mp-642363,Al2O3,195.665,238.638,266.388537342658,162.2896299464845
mp-663,NdGe,71.314,47.984,77.33840769554814,46.923755500260306
mp-6914,CaGa,37.038,27.264,38.07951271719871,19.997298912959543
mp-7083,LaSi,65.047,45.062,69.6845156505991,46.10294238755552
mp-7303,ErCd3,57.028,29.141,66.37793462397391,30.40619505662571
mp-8053,YCo,73.704,27.181,90.80170074486732,32.643284439950236
mp-864941,MgSc2,49.044,25.681,53.77015960740851,33.7853910035363
mp-865583,Y2Mg,41.701,20.535,44.837218147339335,27.50072047319238
mp-872,BaSn,28.386,16.162,30.879355883026008,19.25697383695528
mp-9095,Tb2Si3,73.503,33.445,76.88878739417052,50.308386424051626
mp-9208,V2B3,279.124,240.168,341.9240106467775,286.5015150888388
mp-9399,SmTe3,22.055,12.107,52.618559385015445,24.362735116951253
mp-973374,LiMg2,28.486,13.561,31.745980132775745,19.59074520630025
mp-976425,Nd2Mg,36.226,18.853,38.97251185785778,21.561863892823514
mp-977218,Li2Mg,21.078,7.239,22.760053521533127,13.12129428643259
mp-982070,VIr,270.236,116.36,291.8285917260395,119.89546631835384
mp-985805,AlAg2,94.159,33.298,111.10584443770487,37.78400583287458
mp-9969,ScSi,101.131,70.078,106.86686389755954,84.0654949820261
mp-9970,ScGe,89.435,57.039,99.08157291268702,68.89016955815829
mp-9971,YGe,78.14,54.513,90.3895618546041,59.83561560837696
mp-9972,YSi,89.203,65.637,97.22470005422852,72.00958525964249
mp-9973,VB,268.991,231.992,332.06003285928506,264.60299061342283
mp-999124,TbPd,81.785,28.181,94.6638828750406,28.87244211294211
mp-999130,TbNi,76.757,27.534,87.72944396204653,26.063819474956468
mp-999145,SmNi,70.621,23.373,78.49423328403677,21.70767794175151
mp-999198,BMo,308.669,192.421,355.67464283410897,221.4298297415307
mp-999336,NdPd,73.81,25.201,84.00401976761121,25.118308774692547
mp-1393,Sn4Au,53.102,14.399,66.00539280275025,19.692774189582924
mp-20662,Sn4Pt,60.455,29.701,81.62043919822587,31.30115253623025
mp-2128,Sn4Pd,56.496,24.132,73.75481428399328,27.14659000781177
mp-1371,Sn3Pd,64.308,23.339,80.19643406257352,28.94647860999
mp-17123,Si2Os,203.505,120.912,247.09954466769173,130.76996134235569
mp-1714,FeSi2,182.055,128.034,208.28035027435092,131.72348009148573
mp-1755,ZnAu3,127.051,37.609,149.02206319533803,32.481203874659705
mp-2232,CS2,0.589,0.419,26.478438726076593,14.463441746835857
mp-2456335,PbBr2,4.359,1.297,24.64230476979788,10.60069154659302
mp-2672,K2O2,32.413,16.455,45.10760874656958,24.38601837518312
mp-29647,SmSb2,58.083,28.693,70.92701366629596,36.36101840169686
mp-29900,NiGe2,110.731,47.537,121.1710092679315,55.04722297914774
mp-30045,CoGe2,122.975,66.091,154.31306595950127,82.43028260049047
mp-32811,Ag2Te,52.857,12.209,58.56612842186379,19.523515889630428
mp-569054,La2Co3,70.274,14.097,85.44965093927382,19.263984207776804
mp-569815,Si2Ru,183.66,108.94,214.9377871340189,115.68564562143156
mp-570686,SnBi,48.347,17.093,54.43788230365274,12.646153320359344
mp-637255,Ti2Sn3,87.487,48.891,95.91160657916932,54.501595981233045
mp-640708,FeGe2,128.509,67.937,125.96215271253212,78.67707710290263
mp-15556,Rb2As3,11.807,6.537,25.00422824282354,14.072476704960126
mp-2079,Rb2P3,14.668,8.536,30.36367967143083,19.37659493402426
mp-600604,CuO2,11.725,5.924,29.77780665950126,16.18452548867222
mp-8262,K2P3,16.206,9.501,33.28483527014073,21.334466218210625
mp-1046,NbSn2,96.844,47.291,110.54618321392962,61.752421109859306
mp-10910,Al2Ru,166.651,103.353,200.68058032700483,115.87409234735738
mp-20887,VSn2,94.914,51.156,106.5332363327132,74.90171659374074
mp-2131,SrN6,39.156,20.283,94.32835892939684,51.9124203392158
mp-2481,Mg2Cu,56.418,30.526,60.50152492387046,32.59155492426957
mp-2582,TiSi2,142.135,111.779,170.1008881700762,119.94861439966763
mp-401,Sc2S3,55.932,37.408,89.63602318396124,52.41373423138656
mp-555483,SiO2,119.344,43.519,180.98692670307827,99.03186126470273
mp-567889,TiGe2,113.668,80.368,130.21775211772305,85.39531432035426
mp-567982,TaSn2,103.041,49.663,117.75919297735922,67.31835648117935
mp-569857,K2P3,16.217,9.422,32.86297156352192,21.23925557569908
mp-676,CaN6,46.695,23.676,116.00243699272146,62.89672727152512
mp-755328,ZrSn2,87.588,53.789,95.30983417696072,57.2477966459744
mp-15659,Sb2Pt3,135.898,20.292,164.71546685340647,34.933353338950056
mp-1602,SiS2,6.09,4.007,52.11559176153219,22.192516056082205
mp-2247,AgN3,24.282,7.425,70.6490672004526,35.95534987389393
mp-30139,BeBr2,2.676,1.835,27.73882729277454,13.195041900389343
mp-30851,Ti3Pt5,202.97,73.603,246.62562115973392,85.5161903642087
mp-570886,BeI2,1.958,1.478,21.727264240104372,10.503007822043244
mp-976,V6Si5,185.901,120.052,201.50293110051885,144.56134646097786
mp-1228685,B8O,210.762,64.025,283.4059912427274,257.5317470889474
mp-1238815,B4C,238.023,184.835,301.72921092804154,250.6861019260218
mp-27821,Ag3P11,52.412,32.91,83.1351751126422,48.40179639764207
mp-30180,Al4Mo,111.709,74.751,135.94702685751457,87.6676379010989
mp-30336,Al4W,116.786,76.786,146.71912429064204,95.8786336671081
mp-568595,Re4Si7,210.961,162.768,258.35525621760496,163.49932225965176
mp-977273,MgRh5,198.411,87.191,231.74682168880264,110.14602043604798
mp-1010,MnB4,276.056,239.35,343.24671205548094,313.83256162709245
mp-10118,Mn3B4,237.291,170.637,262.7172849642397,232.52000336142817
mp-10142,Ta3B4,294.112,209.478,340.70803328407317,237.02274783898253
mp-1018151,NbPd2,194.599,76.958,225.9262447263329,84.00801642631565
mp-1025170,Ti3B4,224.584,217.798,282.9985860253867,234.1691329982779
mp-10255,Nb3B4,274.679,196.187,324.62463211457185,226.4461295293777
mp-11180,NaC,28.546,15.367,52.58479804837022,30.79775309592804
mp-11514,NbPt2,241.924,110.128,280.27228814955566,116.17412185945253
mp-11531,VNi2,229.507,85.56,249.34756774909172,99.995398031372
mp-11549,VPd2,192.283,78.469,222.80685320658057,93.77527442808828
mp-12108,VPt2,246.671,114.484,304.63615636203264,141.6196015812232
mp-1378,LiC,40.769,30.156,69.90710327614615,47.9120129627899
mp-15078,SiO2,92.441,31.054,138.01957433502997,88.53381390055574
mp-2382752,CaC2,57.491,22.771,82.97569504842227,50.92341956768624
mp-2479851,Mg3Cu,44.71,22.319,52.375501821800206,24.918906664554303
mp-27710,CrB4,282.538,257.596,333.864841178758,292.64857194077695
mp-30835,TaPd2,205.117,73.846,237.55849163730113,82.95089309032433
mp-568232,Ti6Sn5,102.154,56.499,105.04765864967784,64.9429680387369
mp-569270,V3B4,278.729,233.825,344.52445358055337,287.6314802630737
mp-570991,TiSi2,138.262,107.94,169.82010843747452,69.0650745530442
mp-784630,Ni2Mo,240.432,96.666,270.5013579262344,111.70115135822938
mp-784631,CrNi2,221.367,111.762,258.34192909169684,116.84384278475068
mp-8700,K2Au3,33.183,14.542,39.546551460478376,17.150765225177018
mp-889,Cr3B4,300.71,205.66,359.8942358102561,321.1616503853266
mp-952,MoPt2,271.801,138.285,329.3959706963073,159.97632024856418
mp-15964,Hf3Sb,115.025,49.685,128.16543077040473,74.64153541571409
mp-1793,Zr3Te,105.452,37.599,118.99859434424376,59.92494621538642
mp-2296,Ni3P,199.918,56.587,231.1734816132032,84.32647896169175
mp-1024991,ErCu2,86.857,24.491,96.96596340827526,34.300840995069855
mp-1025096,ErZn2,70.145,42.435,73.7522722637119,37.25389615977502
mp-1025126,MgSi2,72.283,30.387,73.914815221042,28.794931477765676
mp-11266,BaCd2,26.527,7.81,30.04964994720926,12.678143695389377
mp-11412,ScGa2,79.908,49.437,91.38181142529156,57.289563139957274
mp-1180279,MgF2,50.398,13.638,66.05648804533226,31.850663122236313
mp-1205309,LiB,43.817,32.433,64.48352945082338,37.816001008037105
mp-13270,CaAg2,48.592,15.092,55.16605921971777,22.48549696748926
mp-1385,CeZn2,49.695,24.161,57.94590580418002,35.355130584240705
mp-1400172,SbO2,68.54,37.802,130.32721750395052,63.79145343798525
mp-1444,CaCd2,35.875,15.863,42.55529868981571,20.783019966126304
mp-1527,TbCu2,84.123,22.729,93.20610043352174,30.991821583675684
mp-1725,CaZn2,44.942,23.828,48.81012873329387,24.804800184138127
mp-1956,TmGa2,76.021,50.722,86.62305813361003,53.488371380375405
mp-22317,EuGa2,48.779,31.209,55.45133167635765,35.60083461875766
mp-22318,SrAl2,44.927,33.57,51.8358519038262,33.778669274712044
mp-2338,TbZn2,65.918,35.596,72.06618082208574,33.529978421149266
mp-2698,YCu2,84.831,20.657,92.61180516917304,31.342035265449493
mp-30356,SrAg2,40.502,17.609,45.33133860571361,20.20036618080712
mp-30435,BaZn2,27.55,7.882,33.99238127215052,15.902737445590684
mp-30717,KHg2,11.826,4.929,17.481770367352027,7.882917361617173
mp-30800,NdZn2,56.978,23.092,64.97505268204986,28.95735653197963
mp-443,CaAu2,65.801,15.106,75.8333812958528,27.942862105674504
mp-567538,YbCu2,66.135,29.254,100.08598649950412,36.17728246201955
mp-567695,UMn2,184.28,34.896,166.0370036666399,23.833372932506467
mp-569128,SiB3,156.676,129.394,208.32915415347375,170.6265275219707
mp-569406,TmZn2,71.161,43.099,74.833623790807,38.19483863903252
mp-569426,SrZn2,35.093,14.647,38.75552602196856,19.653414360805034
mp-570093,DyZn2,65.917,38.077,71.48804064372244,35.07880938628784
mp-657,YbZn2,47.078,21.379,74.28715401244452,37.49676697867813
mp-978275,MgB7,183.359,183.073,248.47672848056476,212.3297960034925
mp-9827,RbHg2,10.747,4.682,13.619950925181389,6.195467508033385
mp-30673,Ti2Ga3,107.755,70.461,119.99964261046225,73.78596707412088
mp-775910,ZrO2,188.21,98.43,266.5174653988551,121.57056841468572
mp-17848,Nb3Si,183.507,74.346,203.11076043563352,98.97472475297864
mp-22447,Zr3P,125.1,63.867,138.20236315185323,68.75307951408605
mp-30594,Cu4Pd,145.218,47.364,162.0321766257969,53.12308978668386
mp-1982,Al21Pt8,132.661,63.079,160.8706752758041,71.80151930699346
mp-557057,NbO2,207.449,81.941,253.14629576370817,117.64064078465364
mp-567431,ThCl4,24.216,10.533,59.29903211967098,26.40165928183879
mp-570229,ThBr4,21.662,9.13,49.97657743213818,22.128267361684088
mp-795,LiSi,52.319,36.261,62.123159316056835,37.990638229913955
mp-9918,LiGe,39.993,21.135,48.63007313552891,25.050167462721927
mp-10734,Ti4O5,207.408,90.488,245.84638026770665,109.68350597477578
mp-11507,Ni4Mo,209.68,92.581,256.74910054857685,103.17814695267256
mp-11765,Ti5Se4,84.426,47.028,120.39268300392216,74.82825675573449
mp-12565,MnAu4,130.268,30.71,148.2074240356952,32.182341825592445
mp-12635,TiAu4,146.22,39.965,171.76620816389945,43.956113216126795
mp-12884,Hf5Te4,77.308,36.907,106.32973884313697,59.90367825684672
mp-15837,Nb5Se4,112.67,52.617,164.68658034310656,84.72669025809677
mp-1743,Mo5As4,152.527,85.16,199.27833847489904,104.34017244405656
mp-1852,UF5,14.284,11.448,102.92577163955994,34.807402900264464
mp-2371,Ga2Te5,13.543,13.907,48.158083320358365,29.926510541491524
mp-2598,Ta5Sb4,105.592,60.636,156.3174491663066,84.24488700511507
mp-274,Nb5Sb4,96.984,54.863,143.99122395501112,78.16214147570605
mp-27743,BiF5,13.737,10.508,92.40682102393156,37.796382596831954
mp-30354,ScAg4,89.295,35.942,104.18250302023584,35.21793640181973
mp-30536,V5Sb4,90.199,52.07,119.1567032139424,63.23504753014585
mp-30797,Nb5Te4,89.583,43.695,143.59519763907605,74.96241255441812
mp-30811,Ni4W,226.168,97.776,271.8987372162126,107.06735644664668
mp-350,Zr5Te4,68.334,35.885,97.9406383197455,58.51612181545928
mp-7498,Ti5Te4,68.104,38.922,97.39883909940195,61.01670711904181
mp-7927,Nb4N5,268.181,161.799,341.11802189695254,145.24910158558438
mp-8046,Ta4N5,289.948,175.313,364.67987684587337,160.83742154342335
mp-9948,V5Te4,52.954,1.347,110.65265733698384,44.60280742025832
mp-14587,ZnP4,66.685,37.354,88.41384689917729,56.56889382248304
mp-355,Nd5Si4,64.481,33.016,74.18659220563592,44.56288974431187
mp-555434,As2O5,91.699,51.804,166.49327752026286,122.38801567123156
mp-557,TeO2,31.251,29.509,127.005557363079,68.72572919207926
mp-6945,SiO2,12.474,46.397,173.22902565887665,101.36550629413854
mp-7457,SnF2,12.518,10.742,60.03286261084463,26.35051092564562
mp-7623,MgAs4,43.341,25.406,67.01163069742215,37.23238080457987
mp-7812,GeO2,20.101,25.441,143.13225280811758,83.99892018688516
mp-1340,Ga2Se3,27.869,19.013,60.519988568729985,33.26080195723773
mp-344,BN,180.219,115.861,197.37121373609767,162.73321654555036
mp-38970,Ga2Te3,21.714,14.943,46.40241532507648,24.766247220605624
mp-539,Ga2S3,31.225,22.912,75.02098211266059,46.18313805383142
mp-640556,SiO2,18.824,40.013,171.1618870417942,109.31945092927492
mp-1021499,Cu2Se,75.852,26.749,89.9249182806555,36.77255817176868
mp-11025,ZnP2,68.444,42.518,80.46175539665245,57.118431198117385
mp-2739,TeO2,31.468,28.985,126.94029664364054,68.71231537000394
mp-618991,Cu2S,91.372,29.117,102.68861010941158,41.22664549521377
mp-471,CdAs2,36.727,18.611,58.71128274362487,31.591122801371668
mp-1216445,V9Cr3B8,271.858,211.081,353.8302973928791,227.06815898631945
mp-12743,CrTe4Au,26.69,19.236,64.25720600003461,28.0388919943513
mp-2468835,Li7B18O,129.576,91.595,162.83648339110024,118.02616919081558
mp-607475,Zr4In5Co2,84.627,52.398,110.22304862801316,50.12110474450176
mp-675334,LiTi2O4,168.606,114.219,216.616060527826,122.3684701167476
mp-675701,Ca(HoSe2)2,41.864,28.249,59.39974327767768,35.10458772411122
mp-8677,ZrTiTe4,14.309,12.148,59.54980663556142,31.323124658850062
mp-945184,YCuTe2,42.341,20.022,61.40123892381433,32.44381246494683
mp-989651,HfTeSe4,12.699,8.671,63.29865549747183,34.06661754355437
mp-997006,AgPtO2,123.077,34.632,157.3836988077767,71.14971317349627
mp-1029652,Y3Si6N11,141.881,94.254,218.66753071863755,148.21106896177145
mp-36940,Mg(CN)2,35.297,2.902,76.30330316430155,18.39401476989897
mp-14983,Si4P4Ru,119.975,86.833,144.27186808153962,90.77416369097
mp-23487,KIO3,21.031,14.11,80.97508383653414,47.52836280889459
mp-29157,Si3P2Pt,122.687,81.176,142.48833791085198,84.37276419296772
mp-36779,PNO,51.111,53.892,189.25475468556445,119.34617189224078
mp-531611,Mg(AlB14)2,189.975,174.61,259.3192762526702,214.1360118064112
mp-753197,HfTiO4,182.734,74.28,240.41547535842017,120.81881603421262
mp-774922,Ti3TeO8,6.146,13.893,119.04554338725536,56.151401194279586
mp-9198,Fe(SiP)4,112.916,90.786,138.21117714055595,91.12430369002932
mp-559264,Bi2PdO4,36.71,24.815,138.8532698898504,67.16357883373443
mp-29136,Sr6Cu3N5,63.615,27.585,76.92598216630678,39.47636106972587
mp-1025028,PrSiAg,79.699,25.792,80.72521372222168,39.69888277945211
mp-11511,LaAlGe,70.446,47.27,76.55166107840996,54.24946098700232
mp-27255,Ga2TeS2,24.352,18.386,59.564564308930926,38.92492062197304
mp-752463,NbNO,177.394,57.723,242.3516704601919,105.07883327295876
mp-756638,NbRhO4,215.16,81.083,263.8989495346921,132.00983062609436
mp-760396,TaAlO4,215.809,117.113,278.4926000478375,152.90245200185396
mp-1008925,LiFeP,63.254,71.498,144.93531646285606,100.3127343960682
mp-1009828,BaSiC,24.222,20.55,42.31693434646478,13.48035388012988
mp-1069604,CaSi3Pt,103.918,47.82,119.6655876299348,52.203297298971144
mp-11269,BaSn3Pd,55.006,23.411,62.166622683110766,29.066932830053016
mp-11879,BaNiSn3,46.496,31.724,64.18333451912201,33.01308305205608
mp-13121,CeGe3Rh,95.273,40.715,120.64095638375544,52.58596535617253
mp-14625,NdCoGe3,92.959,53.156,121.24327021375822,59.54267793981256
mp-19973,LaCoGe3,86.372,54.869,118.68259325859964,60.63881027405299
mp-22346,BaGe3Pt,74.417,40.321,91.96654565552473,44.29287533069551
mp-2914,LaSi3Ir,122.782,67.694,153.5776412490553,75.08357978736618
mp-29308,Na5Co2S5,33.706,14.373,43.307087805478936,24.776312305350014
mp-30433,BaSn3Pt,60.919,26.771,70.98244844103854,33.1261223410808
mp-30805,SrNiSn3,51.162,24.888,66.08899380014223,30.506161651699628
mp-30834,SrSn3Pd,56.392,13.412,64.25506284268374,26.27093868449741
mp-972659,SmCoSi3,136.209,72.161,148.914399156398,79.75867288313785
mp-978987,SrGe3Pd,70.823,26.34,82.2308609864496,34.871154221598616
mp-1025150,Cu2WSe4,30.602,11.26,77.35556183026515,27.975439632970513
mp-505244,FeCuSe2,22.682,4.469,60.40554782309007,31.459311065864338
mp-568032,Cd(InSe2)2,27.708,15.224,46.877675433770946,21.953125091887223
mp-568598,Cu2HgI4,17.315,9.009,31.388700083745828,12.118663029972584
mp-570256,Ag2HgI4,12.21,5.58,24.59719575558371,8.136921914398227
mp-861184,Li2WS4,4.842,2.584,49.30278398298461,23.29961643996213
mp-8976,Cu2WS4,9.511,8.382,81.73098881947354,40.702929902182305
mp-28020,AlCuCl4,10.74,6.127,43.4053335819735,17.85855430882964
mp-29362,GaCuCl4,10.789,5.407,40.537193180836795,16.209234487020233
mp-1025461,PrBrO2,60.485,24.082,92.54530026265122,39.826606548017345
mp-20716,PbSeO3,35.364,7.251,117.27077698515356,51.98785028919565
mp-23022,KClO3,15.769,7.956,57.42830584917844,37.87917379895053
mp-24428,KH2N,19.158,10.617,39.58224703812059,25.72257130030663
mp-2468815,LiCoS2,80.565,31.703,107.93247012586254,53.47917562095204
mp-2506699,BaCO3,49.604,21.994,91.021323270041,52.8958313284308
mp-2525045,Zr2N2O,160.644,79.641,236.62180984546092,132.0144106768224
mp-28665,NdSi2Ru,125.248,62.129,147.73296312346818,83.09795034355128
mp-28795,LaSi2Ru,118.955,59.136,138.9446190535227,75.57745842123114
mp-29088,Sr3(GeN)2,50.267,30.528,63.112565145325,39.98218209484365
mp-29152,Zr2CoP,158.429,79.053,176.46703794474882,84.88859950248406
mp-29153,Zr2NiP,157.834,82.497,174.79104699162312,85.31172637185712
mp-29154,Hf2CoP,171.95,86.955,181.99839859365423,92.05150741736276
mp-30151,CuAuSe4,29.101,19.356,68.51134244912103,27.662722771960983
mp-31510,NbCuTe2,65.953,37.452,103.4144433338328,58.96771252228027
mp-3488,Na2Ti3O7,97.103,43.32,178.40866795952965,94.31071343641185
mp-4264,K2S2O5,20.378,10.521,61.61909448164867,43.62535755841554
mp-4691,Ag2CO3,47.972,14.143,74.5888855335633,36.458960676436654
mp-5431,BaTeO3,43.028,20.15,96.3267895988966,51.42032637399965
mp-545482,PdSeO3,17.966,11.723,112.54405382455543,56.50057624592142
mp-558636,CaAl2O4,152.027,89.116,190.86561414899796,129.79840975380853
mp-571599,Ba(BiPd)2,59.927,20.217,71.34921283954164,27.131429612057364
mp-5918,Hf2NiP,180.029,94.851,190.7728569978868,98.49620140307805
mp-625055,AlHO2,91.937,27.238,197.98802513776985,129.47260857993984
mp-634657,NaHS,21.406,10.172,30.91379818906511,18.65969729505983
mp-634676,KHS,14.213,8.001,20.95423915260657,13.83099748457918
mp-776205,Hf2N2O,177.628,90.58,250.6375703583755,148.2639582657322
mp-9391,TaNi2Te3,21.521,10.537,96.82954725524525,44.49097153353403
mp-997042,TlCuO2,21.672,9.227,48.122958628498374,25.629559154401488
mp-997054,CuBiO2,45.335,19.29,116.22612215034876,50.85586802871452
mp-997082,BiAuO2,59.145,20.275,110.62981054638124,47.231834000730295
mp-4779,Li2B4O7,41.92,40.743,173.3624114597898,117.78543956804776
mp-28782,Na3PS4,22.958,10.928,52.203998578365194,29.41022316915428
mp-1078600,TmAgTe2,42.537,21.354,56.927697896110814,27.188509166520745
mp-12903,YAgTe2,39.447,19.888,55.107883866726496,26.486918715330457
mp-4674,BNF8,16.052,7.666,39.338231256604864,22.320603525885
mp-606393,NbBr3O,6.824,4.154,66.84429855967986,31.87350615452363
mp-1007823,GaBN2,247.284,173.186,273.4615970245864,185.67419629031943
mp-1008523,BC2N,342.032,393.147,429.77365997509344,381.5172159374545
mp-1008527,B2CN,326.549,315.747,338.2156285717042,254.26983195345255
mp-1008528,B2AsP,146.701,141.361,171.09247810125672,128.39580633393197
mp-1008556,AlGaN2,183.528,110.883,192.9343203094731,120.72667061691944
mp-1008557,AlBN2,257.912,177.148,267.89818973210566,194.80829696041255
mp-1017534,ZnCdSe2,50.014,20.132,53.580156977992424,24.641703512569517
mp-1018079,CrGaP2,79.184,20.698,71.94832521141007,34.696240479523944
mp-1018083,CrCdTe2,38.574,8.827,38.9939981410676,14.271443217507628
mp-1018089,CaZnSe2,41.321,7.128,44.78785942602022,16.387467496013883
mp-1018709,Hf2GaSb3,93.197,62.432,103.23092658260175,65.93666744053884
mp-1430957,Zn(CoN)2,136.422,50.155,166.23837118778616,47.162870255548555
mp-16421,Zr2CuSb3,95.97,46.996,99.26521699876965,57.152476593982975
mp-19928,Hf2CuSb3,101.457,49.807,105.81653297993012,62.48618674426569
mp-34993,LiAlO2,153.169,123.673,219.27068653598613,164.5183572751957
mp-505804,Ti2CuSb3,90.931,51.886,107.37054096266506,64.49249033682493
mp-640073,FeCuS2,43.783,19.144,57.26948130676602,30.164163046081946
mp-753156,La2Th2O7,128.506,58.428,160.55626811788648,73.02279501795816
mp-971712,ZnCdS2,60.274,24.036,66.2021155437481,30.036297599994292
mp-568556,Mg2B24C,208.857,195.607,275.7388279181177,240.69962371552236
mp-10006,TlAgTe2,33.627,10.05,36.79477627727415,6.501513672388494
mp-1190680,Mg(BH4)2,14.053,4.908,38.853068721763094,31.337844152641033
mp-34735,Ho2CdS4,64.932,30.307,86.76475347897203,43.59261586450169
mp-571443,SrMgIn3,35.493,22.431,38.477032102636095,20.546717479989283
mp-754839,SnBiO4,118.856,31.907,150.6831235336418,66.57687412126613
mp-755302,TiNbO4,162.315,27.544,230.02181322231223,96.1382371815206
mp-773864,TiSnO4,163.816,47.131,199.8211300976512,96.90192215126297
mp-1025315,Mn(AlTe2)2,27.918,15.38,44.5881171844102,22.71048241279366
mp-1025377,Cd(AgI2)2,10.114,5.05,23.88960465938268,8.495869048537473
mp-1389664,Cu2SnSe4,29.275,8.09,60.70933994128638,22.016645226923263
mp-22993,AgClO4,26.665,9.049,103.98401616567004,55.64866457760792
mp-23353,Cu2HgI4,14.625,8.411,31.724678419711132,12.594357120690535
mp-27888,Zr3GeO8,198.421,48.748,244.52083648027033,122.55452216662712
mp-29091,Ti(CuS)4,75.053,37.645,96.94383035867436,52.6375261009139
mp-3269,NaTh2F9,88.135,47.917,125.70737019972373,64.38646503611815
mp-34169,Zn(InSe2)2,28.627,17.702,50.200405598087755,24.996125169419088
mp-34467,Zn(GaS2)2,45.54,29.444,72.6674767434602,38.99002369259508
mp-35539,Zn2GeSe4,34.738,20.858,55.579695660187255,28.997368422511553
mp-35777,Mg(InTe2)2,21.234,12.398,36.79369632224038,18.48629464850701
mp-38103,NaClO4,20.812,11.502,100.3550755073839,61.85431392726297
mp-5461,Rb3TaO8,29.187,14.073,84.97717534885605,45.900639422135
mp-557373,Cu2WS4,8.464,13.13,78.79973149568018,39.016705183722856
mp-568661,Cd(InSe2)2,24.544,14.694,47.61249550377432,22.578382295273375
mp-5702,Cu3SbS4,68.849,25.749,73.25558380490065,29.327814223982177
mp-639910,Y(Sn3Ru2)2,117.643,55.679,141.71990036844252,68.19661029249163
mp-675626,Cu3AsSe4,61.042,22.196,62.46841827598266,21.8022044582626
mp-675748,Zn2GeS4,41.016,25.051,68.93523035397207,35.76460069267748
mp-753195,Li2WS4,6.489,4.129,51.972198567334445,24.03710142152296
mp-760415,Li3SbS4,28.938,13.461,50.933906026384285,24.076161035276115
mp-8311,Si3NiP4,104.417,62.095,109.4912306899224,57.860856614503355
mp-861182,Li4TiS4,24.697,14.592,51.50504411842176,29.5381004331029
mp-9808,Rb3NbO8,27.894,13.316,85.02883246521115,42.7673220059934
mp-9814,Cu3SbSe4,60.879,20.692,60.236101320890555,21.24649407037917
mp-1025151,Cr2NiSe4,63.633,36.52,86.27421306130363,42.98514554068841
mp-1025173,Ti(MoS2)2,104.193,65.901,172.5238147934885,103.77784668081686
mp-1025180,Mn(CrSe2)2,48.783,29.443,72.31020189163876,38.75441109942592
mp-1025181,Tm2Cr2C3,166.232,74.225,214.55825346709057,114.25917969971434
mp-1025182,V2FeSe4,64.874,46.863,91.16482120100952,68.09178290683134
mp-1025190,Co2NiSe4,100.763,41.32,123.26968832026672,48.93578440071278
mp-1025203,Ti2VSe4,67.424,46.399,93.00279627847222,60.10208516808773
mp-1025207,Ti(CrTe2)2,47.988,32.833,67.40986431983589,42.18340144624577
mp-1025219,Ti2VTe4,46.041,33.076,71.96218033255438,47.986364367811206
mp-1025224,V(CrS2)2,92.785,58.933,86.79325344328186,68.56235111621695
mp-1025232,V2CrSe4,76.515,49.825,81.16100182639194,62.422006997365905
mp-1025263,Ti2NiS4,91.139,53.452,121.11642970576428,65.76188943779769
mp-1025264,U2W2C3,181.898,94.657,272.9386776431784,135.27247736284755
mp-1025266,Tb2Cr2C3,156.439,66.367,200.01742644135453,99.91644012866442
mp-1025278,V2CrTe4,53.889,29.918,63.29007910474975,44.02401410580513
mp-1025281,Ti2NiSe4,69.621,41.997,103.0023938872946,52.82004200654095
mp-1025282,Ti(VTe2)2,53.833,136.526,67.81794075974717,46.22212932581694
mp-1025291,Ti(NbSe2)2,82.772,49.134,131.15366069099093,77.15999786730151
mp-1025318,Co(NiSe2)2,95.313,34.882,123.69498727357008,49.63824019819939
mp-1025322,V(CoSe2)2,76.389,53.225,120.04711045998712,65.11756762263046
mp-1025323,Dy2Cr2C3,160.099,68.541,202.78427592518472,102.5471054922244
mp-1025345,Ti2CrTe4,49.615,34.742,69.01149659468699,43.951872980858
mp-1025372,Y2Cr2C3,155.926,68.605,198.7285324217821,104.41599913752697
mp-1025378,V2FeTe4,49.149,32.385,62.0513081289531,45.27243585050278
mp-1029349,Y4Se3N2,67.613,37.741,92.21619602892736,53.26190530095976
mp-1029784,Rb2CN2,25.925,11.927,51.23050624415236,24.76751649985574
mp-10408,K2CN2,31.342,14.596,56.744983305033365,29.76655535388173
mp-1071448,CeGaCo,87.707,41.614,109.06976801316468,57.89697367922099
mp-1095591,Tm3(CuSn)4,85.104,48.429,96.12055589982916,56.1739379309918
mp-10985,RbCu3S2,42.157,19.923,68.33391830564236,29.700331607592073
mp-1101156,Zr5N5O2,222.105,117.091,257.9289448723625,137.65226407766338
mp-1103697,Bi2Pd3Se2,50.704,11.3,106.71993994203854,31.07571474086956
mp-12004,Er2Al3Si2,89.518,66.418,95.60974431458676,62.24807108977918
mp-12005,Tm2Al3Si2,90.245,66.441,94.9673248588195,61.6193974239909
mp-12803,BaEr2F8,85.459,36.511,116.17957850722836,54.19689120386603
mp-13263,Ce2Mo2C3,136.107,81.553,209.55293285236377,105.27398888959988
mp-13583,Sc2Si2Ru,121.632,68.945,145.5553849818735,84.3503713875724
mp-13829,TlCu3S2,41.713,15.73,75.0782185804728,26.2459474048411
mp-1386610,Ca2Sn3O8,107.769,46.162,146.01704813986262,80.31542533521446
mp-1400520,Ca2CoN2,71.914,37.282,125.62819265103812,68.98363161454196
mp-1402513,Mg2TiN2,108.953,72.905,149.26210440356706,101.02989358177857
mp-1402707,Mg2MnN2,109.74,62.484,133.98188648305978,86.88988614305383
mp-15397,Ti7Al2O15,196.424,85.772,237.92551682939572,122.582005464134
mp-15885,Li2US3,42.596,25.019,66.37574917386813,36.20621728455072
mp-17017,Al12Co4Cu,122.342,75.362,141.94093900788306,92.46390642015724
mp-20067,Na5OsO6,55.843,37.641,119.70099416112208,66.19015364710566
mp-21875,Y4GaCo4,96.804,29.546,95.12164720835516,36.59781987232655
mp-22044,Sm2Ge2Ru,88.624,44.545,112.30658163104306,57.36463670011032
mp-2353285,TlCoCl3,17.198,6.688,23.891298972679113,14.996050602660029
mp-2356674,Li2NbF6,58.448,128.338,111.71303392493824,43.07145757286156
mp-2408760,NaCu2O3,93.317,19.434,121.175942442606,54.9636196705294
mp-2619703,ZrCuF6,37.708,24.755,96.48983365707706,40.37083476667632
mp-2650313,Fe2NiSe4,76.885,32.205,90.77963413814912,43.370021528028694
mp-27512,Cr2NiS4,123.11,61.657,91.0150300207496,53.80163018307045
mp-27927,NbAlO4,173.006,74.472,237.7232242728453,125.86582908044812
mp-28163,K2PdF4,24.004,9.85,41.25878050530482,21.76700563687139
mp-2874,In2Si2O7,151.63,62.028,193.8532964384626,104.26118219989507
mp-28770,Ca2FeN2,77.679,42.257,114.58107463955172,68.76582858913673
mp-29364,Li5SbO5,94.256,64.692,131.60428057692442,92.97574967028788
mp-29455,Ga4GeO8,152.853,72.5,191.059426676611,108.02432822047176
mp-29618,NiP3W2,205.053,104.22,250.45718917724952,140.3315146370775
mp-30019,ZrCu2Te3,35.784,19.93,73.86073311156882,40.24107791170894
mp-3070,Na2CO3,47.059,4.636,86.83006120508054,54.12075870372481
mp-31011,Y2Si2Rh,106.197,64.641,123.29348926442742,67.73760421674938
mp-31017,Ce4B2N5,144.347,89.672,165.26412421962618,100.40470929507894
mp-31031,La4PdO7,113.246,50.422,143.20463759013356,67.82636918149224
mp-31093,Dy2CoSi2,101.89,61.658,116.69779567329492,69.52598738382318
mp-31256,U(SbO3)2,28.801,25.536,152.394797081961,66.47046402870869
mp-31294,Sr2In3Rh2,58.384,26.802,70.17128395287273,29.945994036660736
mp-3194,Tb2Al3Si2,86.815,65.462,91.83985420335864,60.42013144928359
mp-3342,ZnPS3,14.996,9.292,70.5007522167364,39.01732479939953
mp-34289,TiNbS4,20.023,16.077,99.36493539236037,58.01504702482157
mp-3471,La2Ni5B4,136.781,65.972,162.73664377902554,78.0028500280655
mp-3513,Dy2Al3Si2,87.583,65.851,93.10562736242652,61.939530536384254
mp-3618,Sc2FeSi2,110.477,75.98,127.15746707922884,87.29339240817657
mp-3650,HfCu2Te3,41.391,23.641,74.53451205477167,40.628242557824265
mp-3849,TlFeS2,24.875,9.844,50.081445863325435,25.232075086271458
mp-3943,BaTi2O5,123.542,64.43,185.40789659815985,102.12806667929992
mp-4022,Zr2CoSi2,167.087,95.112,181.84987402553352,113.62096073545034
mp-4300,Yb2Si2O7,88.802,30.327,192.88340323510764,109.5212183435678
mp-4541,NaCuO2,58.273,31.25,87.22006338353299,45.97401712710844
mp-4852,Ni(RhSe2)2,85.507,31.876,129.26566217972976,43.40340963372655
mp-4909,V2NiS4,96.085,58.493,151.04426524973977,81.28158116800827
mp-5090,Ti2FeSe4,57.172,41.074,87.03530587269998,54.61293941951115
mp-5274,ThTi2O6,150.848,62.689,209.46543402707812,94.4358020325344
mp-541754,TiCu2Te3,41.734,25.085,74.71085921278431,40.84101867203646
mp-541785,GePdS3,8.161,5.086,67.00615909645633,35.336157258562075
mp-541989,Na2CN2,39.851,19.095,79.86149508055867,46.29455966449724
mp-5427,Mg2P2O7,117.085,61.45,194.80803564111076,122.4632273828981
mp-545467,Li3(CuO2)2,56.183,32.011,93.596247465922,54.954682415785705
mp-551741,Zn2P2O7,119.151,88.26,195.66444780915893,107.55328113047504
mp-553991,Ti(GaO2)4,150.756,70.401,191.4692721061401,105.74430912583747
mp-553994,Ni3(BiS)2,57.125,17.879,109.5221827805602,38.98797432040374
mp-555370,V(MoS2)2,88.535,69.759,170.43286212075043,106.97834066129096
mp-5594,Sc2Si2O7,160.151,72.463,205.78721028880625,115.55560796753127
mp-560358,Zr2P2O9,85.09,47.769,204.2869560759628,112.62877962834528
mp-561419,V2FeS4,87.476,71.581,146.09004658732914,100.14275270000094
mp-5618,Mg2As2O7,103.919,48.223,167.26225245932662,98.3665784419289
mp-5652,Y2Si2O7,140.631,59.865,182.07416937276196,101.9769285176248
mp-567462,Sc3RhC4,177.972,116.259,207.64668578943392,116.59051664116964
mp-568349,Cr(FeSe2)2,64.817,31.014,62.038697041921544,50.47573114114961
mp-568866,Na6ZnSn2,16.146,9.403,21.070776472302523,10.361263938527712
mp-568974,Ca(CuSn)2,63.562,28.942,71.45919754663146,34.56239158928345
mp-569662,V2NiSe4,19.078,10.885,88.04627098731142,38.4396168051136
mp-570074,Sc3IrC4,189.75,122.916,216.31060298573985,120.96909182586413
mp-571216,Sr3(AlGe2)2,45.827,31.388,53.35789127882999,31.299043299907417
mp-5749,Cr2FeSe4,52.11,33.226,72.41351003109105,46.60860252748664
mp-5813,TaNO,219.542,74.925,274.171088526971,128.186296918722
mp-643367,YCBr,9.772,6.494,77.36831390953144,39.77330481796027
mp-675477,Sn4Bi2Se7,31.593,18.669,57.93653582382555,21.80933068742552
mp-7064,Er2Si2O7,147.56,64.453,190.082652041097,106.939796731928
mp-7219,Na2ZrSe3,34.893,21.712,56.71718178695629,29.57338342357582
mp-7237,CuAgO2,43.939,4.118,90.6882385043316,36.661639856468994
mp-7443,Nb2CrSe4,75.556,46.361,122.09441573064296,74.88866250739959
mp-752881,Li2CuS2,45.823,16.474,54.83693934270976,25.99108704103239
mp-753693,Ho2Ge2O7,129.156,49.518,166.0300301675307,87.9342616078114
mp-753722,LiCuS2,41.616,16.147,54.367347189411625,23.264793794921
mp-753802,Sc2Ti2O7,137.672,48.995,180.00815264577585,84.55837217649608
mp-754262,Zn2As2O7,103.132,18.432,168.29757738601236,85.1540085456282
mp-754326,NaAgO2,58.425,26.511,81.59334638714536,38.875915801649775
mp-754483,Na3(CuO2)2,33.577,21.098,80.07419696056297,39.402826182952246
mp-754495,NbNO,142.058,49.906,247.03512101635735,110.2623326869236
mp-754752,NbNO,186.14,61.596,247.72105611225672,112.11661732844438
mp-755013,Li5TaO5,101.668,68.963,157.57512682209725,99.0162660069124
mp-755378,NaPdO2,86.526,45.178,127.98567919207667,59.05126612455173
mp-756063,RbNbO3,62.925,17.347,137.3781260192085,69.51458563828264
mp-756597,Li2HfO3,95.328,52.736,174.33029154445703,111.54432208012432
mp-7601,NbGaO4,162.98,59.533,219.17856674890953,107.0988917807744
mp-760400,Na5BiO5,58.661,38.102,86.82837524907548,55.803795630095735
mp-760483,Li2PdO3,103.12,56.718,154.14901186542494,100.1469816579662
mp-760492,Na4PtO4,54.146,30.888,96.97767835219987,55.2106104562277
mp-760539,Li2Ti3O6,106.055,61.957,188.33511626935336,91.45611519920392
mp-768240,BaY2F8,78.825,31.896,107.45543041574784,51.13690859858532
mp-770649,Li5NbO5,99.64,64.543,151.45446783257873,92.25770321611432
mp-7823,V2NiSe4,92.708,44.695,109.28004757836484,61.08796916943837
mp-8090,Cu2P2O7,80.27,40.766,181.27797552753825,103.17230199593584
mp-8253,Na5ReO6,56.295,37.483,129.86794467454789,75.01072440652814
mp-8435,Ta2PdS6,19.314,11.412,111.18762276746658,55.031728390158094
mp-8436,Ta2PdSe6,17.445,9.351,99.5944921192048,46.46598581706694
mp-8499,Ho2Cr2C3,160.653,70.234,204.7304671274907,107.41973637800692
mp-864790,Nd2BC,47.035,25.186,94.60522755419696,49.21471466506702
mp-866522,Ca2SnS4,46.185,17.604,66.06585236556705,32.70400086333309
mp-8800,TlCu3Se2,36.601,13.476,69.98643411053635,22.074107366494943
mp-9158,LiCuO2,81.11,41.021,112.92794822302436,57.92873706906067
mp-9177,Y2Al3Si2,86.1,65.462,92.90645202691726,61.83013191285635
mp-973756,Lu2Mo2C3,167.213,89.256,236.6227292482203,114.9777679820481
mp-9771,UTi2O6,138.601,58.663,215.7011741265906,86.1300342412754
mp-9810,TlFeSe2,9.505,3.583,31.066236546558223,18.422449879762937
mp-989513,SrWN3,99.971,46.355,169.53827492271714,76.8027855607892
mp-989530,SrTcN3,100.89,42.097,159.45655656232358,67.01545525741533
mp-989635,CaMoN3,106.478,46.526,168.52314932651524,76.78868194213567
mp-9902,Sc2CoSi2,120.146,78.022,134.1406469925185,87.10991969753904
mp-9942,Ti2FeS4,57.144,56.924,131.80577995864044,89.500135332331
mp-996973,CuHgO2,46.181,14.739,78.7623624598099,28.570117359126357
mp-996992,LiAgO2,70.805,27.457,112.77515575020844,47.8165514942428
mp-997009,BaAuO2,71.713,25.176,95.84495568073984,42.26955315561296
mp-997086,SrAgO2,79.857,33.996,100.45282581081558,49.31393887556202
mp-997094,SrAuO2,80.847,32.871,112.30818846951011,51.449702068456475
mp-10003,Nb4CoSi,194.139,100.741,214.9197677952815,96.74902821732488
mp-21447,Nb4CoP,183.709,99.048,225.42797447007823,88.55295901040522
mp-22312,Nb4FeSi,193.734,64.075,216.21004021664535,94.90979512374844
mp-22396,Nb4SiNi,187.702,102.86,210.63805824147445,93.66019008957812
mp-22444,Ta4FeP,214.356,104.168,257.27258019652817,102.46464523680876
mp-581733,Zr4CuP,120.685,48.711,136.23536378143166,53.18278744029003
mp-1007637,KNaH2,17.067,13.115,21.239463375043822,13.82039630305892
mp-1008881,MgNiH,94.365,50.585,95.40857909521608,56.81207909604435
mp-10092,KCu4Se3,41.111,14.519,65.774439287537,21.56517453974361
mp-10102,KAgC2,29.114,14.306,40.33000305181827,20.978117437469056
mp-1016296,SrMg6Mo,39.303,25.678,43.9213563656118,26.41203174910326
mp-1016329,SrMg6Nb,38.931,20.756,43.917443711155855,25.77299105769424
mp-1017509,MgNiH2,90.601,54.062,100.73476509841775,50.752062424344935
mp-1018030,Sr2SO,58.297,39.69,63.27469159865128,40.769577525696846
mp-1018032,SrCdO2,97.832,53.705,105.31730880023557,54.148810596253085
mp-1018097,BaCaO2,80.465,47.51,85.95061363648426,48.84538376473381
mp-1018133,LiHPd,82.256,38.705,90.59977522733428,36.78942110277141
mp-1018684,Er2Mg3Ru,49.451,31.234,66.82366401115995,29.876050833315308
mp-1018712,HfGa4Co,94.047,54.445,107.17778455912293,56.39483157681188
mp-1021423,KMg6Ti,48.731,21.953,35.31133689515206,17.49522202132017
mp-1021478,SrMg6Ti,35.604,16.23,37.377291372849385,19.94680844832601
mp-1021848,KMg6V,27.035,15.503,32.332504738187396,14.450441744509174
mp-1022488,NaMg6Zr,35.637,18.822,43.190861738183024,22.965529809846753
mp-1022804,SrYMg6,31.352,16.441,34.221299952939205,18.471428569332343
mp-1023161,CaMg6Mo,41.748,26.463,47.45087653688386,29.224217357087955
mp-1023193,CaMg6Nb,42.167,24.369,47.62825507974473,28.06443068973689
mp-1023208,CaMg6W,43.917,26.629,52.16596686683645,30.398042398366393
mp-1023329,CaMg6Zr,38.262,20.459,45.01497315831077,25.65089978941371
mp-1023366,CaYMg6,33.841,18.212,37.097605745615766,20.182115803025447
mp-1025155,LuGa5Co,87.39,50.001,99.27712740882984,56.889935955714655
mp-1025161,InPPd5,154.477,53.791,170.01303983818312,55.00403831665508
mp-1025176,HfGa5Ni,90.233,32.425,112.17005071081384,48.327391218065515
mp-1025187,CdPPt5,197.567,60.385,224.83470382501375,64.0062615755393
mp-1025191,ScGa5Ni,84.543,43.307,97.50809465827844,50.060730815045154
mp-1025193,HfGa5Co,103.655,52.044,117.86934486593826,55.54726716900794
mp-1025201,Rb2PdCl4,10.332,6.304,23.439697414540294,12.852883499622552
mp-1025212,InAsPt5,189.205,59.621,210.0775127526765,55.5706671470743
mp-1025213,InPPt5,203.239,57.276,228.95526528435565,61.33028243323261
mp-1025218,SiPt5Pb,179.035,56.588,205.02683931553628,52.13836240862735
mp-1025220,SiAgPt5,197.096,57.269,229.1348824775396,69.5944321701113
mp-1025222,ZnPd5Se,136.71,46.262,155.07426513997035,45.218528942888575
mp-1025225,ErGa5Co,86.188,52.911,99.5089373645006,60.08091413634215
mp-1025229,TiGa5Co,108.798,50.857,115.64284133414871,50.36811835687876
mp-1025241,ScGa5Fe,90.193,54.39,98.89365916752888,56.61411697522209
mp-1025242,ScGa5Co,93.026,50.935,101.99983898105856,55.55922396473902
mp-1025248,TlPd5Se,126.95,33.622,139.96541649724125,39.84318062660788
mp-1025257,TmGa5Co,97.33,52.0,97.0688676894107,57.63515576405536
mp-1025258,ZnPPd5,157.545,54.705,180.9006113511707,60.5730413800176
mp-1025261,MgPPd5,144.919,57.259,165.61204334243652,58.99812407867841
mp-1025270,GaPPt5,214.19,67.858,240.8374315097784,65.67740838026405
mp-1025271,AlPPt5,218.902,74.715,246.4362498726964,74.41076673585053
mp-1025272,ZnPPt5,209.307,73.003,239.4389086152939,72.76321468795828
mp-1025288,TbGa5Co,92.096,54.393,97.19420490207794,60.907681885081224
mp-1025293,InAsPd5,144.791,53.252,158.77076080925465,50.8187661295239
mp-1025296,SnPPd5,154.449,42.415,174.9000717216369,53.68891412116177
mp-1025301,GaPPd5,163.164,59.659,182.43538024403543,59.77503864120311
mp-1025302,HgPPd5,148.263,45.948,168.82124709780177,51.168651527074296
mp-1025306,AlAsPt5,197.309,65.207,226.6344551235151,65.20331850651434
mp-1025311,CdAsPt5,183.707,58.167,208.29145766698431,58.90495587461543
mp-1025313,TiGa5Ni,101.134,34.363,109.9726492876652,43.7244305526539
mp-1025324,SiSnPt5,201.214,71.228,226.78162890663796,61.685001625300615
mp-1025325,NpGa5Co,100.231,72.274,106.4715490133272,67.4874239804973
mp-1025329,TlSiPt5,186.651,54.754,213.35786430703564,58.95259563075871
mp-1025346,GaAsPd5,152.092,58.097,168.90231868872263,52.21786436373264
mp-1025348,TlPPd5,145.845,47.971,162.91260349494257,49.865829092777226
mp-1025353,TlAsPt5,180.729,48.286,200.25218186420992,48.47756021294463
mp-1025356,ZnAsPt5,194.2,67.167,221.68205059413265,64.27130029836188
mp-1025370,InSiPt5,198.864,66.434,222.93672506037,66.53179162389108
mp-1025375,YGa5Co,85.957,53.183,95.78049318920412,60.6229900455137
mp-1025385,AgPPt5,200.192,52.542,234.03028794578557,64.5424444635823
mp-1025386,HgPPt5,196.589,52.206,227.95205264402364,56.92023594412114
mp-10421,RbAuC2,30.97,15.538,41.260957634143814,19.26489165291788
mp-10422,NaAuC2,47.935,23.061,57.20108971886737,27.467888339040687
mp-10423,KAuC2,34.812,17.635,45.548992048655656,23.30312820634132
mp-11300,TiCdHg2,72.925,27.827,87.14863892453752,28.155030549411222
mp-11873,TlAsPd5,136.553,48.595,151.17325605615633,46.62252878285137
mp-1224257,HfTiN2,269.121,169.356,305.99055506405887,169.31750077234813
mp-12359,AgSbTe2,52.694,18.779,60.21987150057639,19.43960412475168
mp-12550,AlCuPt2,194.163,83.607,217.9233688999162,73.51872587948006
mp-13463,FeNiPt2,211.801,92.083,253.06193128767868,95.46283182260784
mp-15780,MgPPt5,197.337,75.061,221.63744549940708,75.62453339277937
mp-19796,Ba2Nb5O9,177.267,103.306,222.7803906999599,103.83284778538086
mp-19988,SmGa5Co,90.833,53.705,91.94712280493742,60.21371423841699
mp-19990,BaTiO3,92.233,0.487,107.49065448541064,26.16896850189621
mp-20627,YbGa5Co,66.775,50.449,104.07056143516468,57.746481953721094
mp-21479,LaIn5Rh,64.429,36.531,73.66449161435939,38.74756447286301
mp-21493,U2Ga8Ru,92.095,56.915,108.482837355348,60.44623524244424
mp-22934,K2PtCl4,12.029,6.6690000000000005,28.376942661991674,13.7377868734898
mp-22956,K2PdCl4,11.845,6.796,25.597042409488186,12.524213053175094
mp-27138,K2PdBr4,10.178,5.644,21.74425456372092,11.48391142113284
mp-27243,K2PtBr4,10.721,5.618,24.366198766374033,12.32763784576832
mp-27677,KCu4S3,47.956,18.881,73.23883646608905,27.438227627404185
mp-2789384,KMg6Nb,30.941,18.969,42.21292837165185,20.599277122174563
mp-2828744,KHfMg6,29.655,17.306,39.07705593273119,19.47868895523527
mp-2828768,SrMg6Zr,34.536,18.906,40.97489808518438,22.33926952090273
mp-2828799,RbMg6Zr,25.338,16.268,35.91669756418738,16.924595639430834
mp-2861134,KMg6Zr,29.002,17.592,38.88423437443308,19.65556729644962
mp-2894145,LiMg6Mo,46.099,27.637,48.98952555049847,25.111344008849155
mp-29889,Tl2PdCl4,13.465,6.248,25.42492516687593,13.10673171181124
mp-30315,Ca3BN3,80.701,22.835,102.72126491492534,65.79793005302835
mp-30341,TiAgHg2,78.331,28.717,94.18306149709436,23.075214914586383
mp-30493,ZnCdPt2,154.491,57.642,178.9674839460748,60.06445263658392
mp-30593,ZnCu2Ni,143.323,62.437,154.14090068568515,54.91872553873231
mp-36194,Ba2TiO4,20.518,12.943,90.75403790942674,55.0790051705048
mp-3702,FeCuPt2,197.434,71.301,228.99152013756833,77.73577602725875
mp-37514,SrCuO2,108.889,63.36,115.28225702960506,66.03134664256504
mp-4732,UGa5Co,105.256,75.021,116.72953669970586,70.99231957692282
mp-4826,CaCuO2,120.874,63.044,121.26111869753348,67.17378362261087
mp-4856,HoGa5Co,86.145,53.558,97.18996873835476,60.32359101114426
mp-505198,CsCu4Se3,37.252,15.102,59.78414219400996,19.86547974891901
mp-505215,Ba(Cu3As)2,66.243,24.781,96.68283767059064,32.2021352102308
mp-505517,BaNb4O6,183.851,108.317,247.72439747188997,111.7839803637078
mp-5347,KAlF4,58.079,14.059,90.4592738013794,51.62674814267636
mp-5479,RbAlF4,55.619,28.295,88.02234235675365,51.220755580080905
mp-5606,AlTlF4,56.864,24.286,90.7704657387576,47.54460343060797
mp-5841,RbCuC2,16.425,14.044,45.53862440197759,21.800976257986257
mp-629397,FeNiN,214.146,92.873,218.76471360790245,85.03497942069902
mp-639659,InCuPt2,168.56,60.566,188.8631435857242,58.628418106600286
mp-644280,GaCuPt2,188.8,69.795,213.79308179780037,63.4384414240096
mp-675460,LiTiCl3,35.091,16.043,41.50423525096072,19.43830556056292
mp-752398,BaCuO2,98.185,54.904,105.8027575551292,59.17733671157468
mp-753506,LiBiS2,60.947,36.004,66.20640766433509,34.20068287053432
mp-753581,LaUO4,178.775,32.967,200.5060038040728,82.81193602311646
mp-753619,BaSrO2,75.036,44.502,81.36325878861156,45.391913602975656
mp-753657,TiOF,188.024,94.772,218.41327113743176,98.81429086776237
mp-755552,LiYS2,69.089,43.12,73.18654482343597,45.17150983308099
mp-756784,LiSbS2,62.775,35.827,70.77143081889793,36.81109110507021
mp-767409,Li5SbS,34.76,29.197,40.97373086209102,30.18810407214394
mp-7723,NaAlF4,61.231,90.834,96.02015539997872,51.42400816488108
mp-7785,CsCu4S3,44.731,20.578,68.15116683555826,26.438142630465876
mp-8159,TlCu4S3,50.486,15.68,76.70699120924017,25.136205726215017
mp-8236,Ba(PPd)2,61.494,32.265,105.76199346167452,39.099492588397794
mp-8237,Ba(AsPd)2,58.202,29.71,94.20083710224124,33.552667004082586
mp-862664,Rb2Zr2O5,86.047,39.669,123.73296606638468,66.12590851929481
mp-862682,Ba2Ga2O5,111.605,54.122,129.72034180932818,77.12435462371909
mp-863021,Ba2Sc2O5,105.611,50.033,123.87595114019123,70.44952059608077
mp-863749,Rb2Hf2O5,90.266,44.219,134.76669923316456,75.76726983035852
mp-865146,MgAsPt5,182.409,70.948,203.66765308021257,67.5353417906051
mp-865500,Na2Hf2O5,102.218,37.565,153.9843569988361,73.20790188755176
mp-866311,Bi3BrO4,59.352,28.1,116.91418152079362,53.17499938835232
mp-867920,K2Rh2O5,84.38,47.77,121.03063456853828,54.430889724291546
mp-9486,K2AlF5,27.421,13.57,64.05439559891086,36.92998200318075
mp-973920,Lu2Ta2O5,177.355,80.165,216.9198045948064,105.53009293875658
mp-975106,Rb2Bi2O5,57.614,35.292,87.59678167307653,49.65167410092853
mp-978596,Sm2Au2O5,134.376,53.305,162.91069522699345,43.039966504660455
mp-984876,Ba2Pd2O5,103.917,37.382,129.6503758238491,51.39515534114547
mp-985828,AgBiS2,67.157,19.836,74.96726345778019,23.908174441165
mp-996990,BaAgO2,82.961,44.442,85.56629921884793,46.79025706901545
mp-997030,CaAgO2,112.571,49.532,116.93527637373172,48.206504592904
mp-999274,RbNaH2,14.995,10.939,16.36061769253552,11.016274291656298
mp-17856,Al7CoCu2,112.097,65.271,123.32716245849032,72.07522483180587
mp-11011,RbNdTe4,24.856,14.014,37.158061965646986,20.8896750159411
mp-11132,KPrTe4,24.932,14.025,37.76826425561855,21.2050606032716
mp-10063,CdSnSb2,36.646,18.173,37.20412967517308,16.51521016163317
mp-1009083,MgSnP2,55.805,27.179,62.95408030149368,30.839867762672412
mp-1009087,BeSiAs2,76.364,57.845,90.55496979759748,56.74035724895019
mp-1009088,BeGeAs2,68.992,52.074,81.6495016489089,50.12839248025416
mp-1013527,BeGeP2,83.09,64.905,95.295723614374,62.248806756083006
mp-1016197,MgSiAs2,57.986,28.695,66.82125817537695,33.600012138535426
mp-1016200,MgGeAs2,52.437,25.811,57.392900166610225,27.85594498392505
mp-1029312,RbVN2,39.935,39.756,113.94278979505005,49.937076827473405
mp-1029395,LiCrN2,87.366,47.814,159.4593772362274,71.23630217669006
mp-1029407,NaCrN2,87.392,88.233,133.21192427427752,51.457627351381895
mp-12954,CuBS2,117.314,63.314,120.296499877873,68.60559958968292
mp-14089,TlCuS2,56.964,22.129,59.51457952023579,25.75708033057385
mp-14090,TlCuSe2,48.836,18.075,51.40424183925881,20.678322764930016
mp-14091,AlAgSe2,52.422,18.993,57.095831596440725,25.22221082746826
mp-14092,AlAgTe2,42.2,16.77,44.667946708892664,20.46929128132238
mp-15701,MgSiN2,174.541,99.161,193.76748739101257,113.75083513249626
mp-15702,MgCN2,236.074,138.965,240.0253687281845,172.5212807826844
mp-15703,BeCN2,314.973,292.034,374.17651802459744,289.80443429062257
mp-19833,InAgS2,51.173,16.323,57.50599221511576,22.84186561477842
mp-20554,InAgSe2,42.952,14.658,47.78255468389013,18.612078407128937
mp-20782,LiInTe2,23.297,11.157,32.57957434285467,15.7699127702658
mp-22386,InAgTe2,36.204,13.697,37.90392104767944,16.04467792826164
mp-22736,InCuS2,66.112,26.014,72.3309666308767,32.14221909284172
mp-22811,InCuSe2,49.798,21.531,56.146768722490066,25.11531154371112
mp-2961,MgSiP2,72.206,34.75,80.663608888643,40.10144659266565
mp-29826,ZnCN2,70.643,24.477,112.91980192067231,70.5642522606484
mp-3078,CdSiAs2,58.932,31.08,63.63128384466935,32.31436456490828
mp-34293,CsTaN2,48.648,36.943,116.99741026661354,49.04710678659404
mp-34903,MgGeP2,63.914,32.097,71.83073330999235,35.29887643953013
mp-3497,FeCuS2,50.47,19.147,54.50869382176466,31.153143323596854
mp-3524,LiPN2,135.35,100.508,212.96708999375448,141.7463248403892
mp-3595,ZnSiAs2,66.291,42.28,71.9185006545311,42.082380251155335
mp-3668,CdGeP2,65.34,35.648,70.62880468683582,36.759752388929314
mp-37741,Ba(LaSe2)2,49.59,26.418,66.18924605733393,34.97161151621825
mp-3829,CdSnAs2,47.195,23.183,51.04215313282171,24.22368994177106
mp-3839,GaCuTe2,46.028,24.967,50.92827813534517,25.10674650429122
mp-4008,ZnGeAs2,59.569,37.29,62.82851075379738,35.60485263579867
mp-4175,ZnSnP2,64.548,39.275,68.22461843110575,39.03656714771988
mp-4524,ZnGeP2,73.515,49.211,81.52620610061464,48.777567705883435
mp-4586,LiAlTe2,27.57,13.523,39.034903254442774,19.598998224833757
mp-4666,CdSiP2,74.415,39.677,81.59965137621211,42.89777463264239
mp-4756,ZnSnSb2,40.984,22.498,41.31402211549679,20.516683398088535
mp-4763,ZnSiP2,84.953,54.178,92.48534464864645,55.82965936886321
mp-4840,GaCuSe2,55.594,28.705,62.55949210741684,31.291844969901575
mp-4899,GaAgTe2,40.225,16.928,42.91783327909705,19.189468198331284
mp-4953,CdGeAs2,52.238,27.331,54.90219660510659,26.749565407451943
mp-4979,AlCuS2,82.165,35.549,85.73119007413467,43.84337311266254
mp-5048,LiGaTe2,26.207,13.673,36.44710518299651,18.717185980009468
mp-5058,FeAgS2,49.061,13.985,44.91197223798583,23.114741495171227
mp-5190,ZnSnAs2,53.372,29.953,57.425498544940496,31.14762992334087
mp-5213,CdSnP2,57.007,29.276,61.93433824016722,31.302690933672245
mp-5238,GaCuS2,71.436,36.055,80.04969915649345,41.91379670609689
mp-5342,GaAgS2,59.096,22.5,65.29728422119187,29.0881596321887
mp-550433,BeZnO2,163.901,82.37,179.70905349130692,93.83139982508249
mp-5518,GaAgSe2,49.331,18.696,53.60006819116264,23.094288925207575
mp-5782,AlAgS2,62.691,21.746,70.39721321989721,31.57188079067741
mp-758604,LiAgF2,36.273,1.6960000000000002,41.856810400318885,14.406544318796172
mp-7801,CaGeN2,110.837,48.326,132.8915163556573,82.25092802974157
mp-8016,AlCuSe2,63.574,28.475,67.46726203138284,33.41426014551611
mp-8017,AlCuTe2,49.905,24.581,54.023236038299856,26.559925715372596
mp-971837,ZnCdTe2,38.904,17.206,38.121305326918346,18.372447314820697
mp-983565,CuBSe2,86.186,49.34,93.43819238081775,50.60241418854377
mp-10136,Ti2ReB2,251.582,188.97,293.8310017526074,192.7645863828877
mp-1020622,SrZrO3,142.374,89.039,174.6045647017667,100.78708183076166
mp-10676,Sc2AlSi2,101.354,73.164,113.1452299002956,80.48844461840642
mp-10853,Pr(BC)2,167.295,117.642,193.74752489516123,125.91949856927964
mp-10854,Tb(BC)2,177.757,122.101,214.32093196995189,142.08845946146195
mp-10856,Er(BC)2,182.725,122.567,217.9803453923936,140.06847751921728
mp-10857,Tm(BC)2,183.742,122.764,212.4341347808515,138.80408056540628
mp-11964,Ce2CdPt2,80.182,32.529,94.3865469602631,33.56858471294019
mp-13570,Mg(ScGa)2,69.339,43.42,75.6161844362708,44.71787971992848
mp-16496,Al(CuRe)2,210.864,90.488,233.7863940053201,89.3544212271829
mp-19789,Mn(BW)2,297.065,188.623,426.1237579744758,211.6652992944011
mp-19906,Zr2InNi2,128.163,59.224,143.10212006062088,61.025310150273896
mp-20146,Zr2Ni2Sn,134.49,59.967,148.22846480017685,57.44431704583553
mp-20908,Ce(BC)2,163.414,126.426,189.4067072550721,137.61997669821795
mp-20959,Ce2InGe2,62.668,39.629,66.48759866064027,35.03971933664456
mp-21382,Dy2AlGe2,75.399,46.845,91.81184348555118,57.24551351067895
mp-21443,Ce2Pd2Pb,77.439,29.444,82.57417118965688,26.279364048035575
mp-21508,Y2Pd2Pb,81.155,29.744,90.82892853344444,32.788031660899705
mp-22150,Zr2InCo2,152.951,53.822,143.44244703694966,57.496305451632395
mp-22511,Ce2MgGe2,64.09,47.276,63.78655764006981,41.13469353066324
mp-22810,Ce2MgCu2,53.011,23.306,55.01383328809623,21.55158306838333
mp-2910,KAlF4,47.118,19.31,90.46235197876968,52.059858391767335
mp-29138,KAuSe2,20.785,8.939,44.168285225190345,20.582923932864833
mp-29456,Rb2IN3,14.872,8.101,34.58477784796636,17.794162249246366
mp-2958,Dy(BC)2,180.481,122.595,210.64450248367112,142.4214407539115
mp-3363,Sc2Ni2Sn,105.02,41.918,112.95002641495876,47.58824758849158
mp-3382,CaSiO3,215.108,144.683,240.35736326703912,164.74163867594893
mp-4419,NaNbO3,130.639,99.908,203.5829524872989,108.00557395148208
mp-4675,NaTaO3,139.77,110.721,219.59672006994776,121.29543121450756
mp-4901,Y2MgCu2,62.66,10.28,67.29684080881266,28.34658075753639
mp-505296,Ce2MgSi2,68.732,51.581,69.23156832602646,48.40559124198349
mp-5259,RbAlF4,45.534,28.532,86.926073841474,50.94901729767791
mp-542170,Lu5(Si5Ir2)2,141.033,66.176,167.33824261590377,90.30251838243557
mp-550908,SrHfO3,154.13,99.642,180.3843496884911,109.7114042926966
mp-569331,Li(Sn3Pd)2,61.911,17.812,76.40299754566786,28.333763190140655
mp-613327,Fe(BW)2,325.443,177.956,404.2529774034588,191.8630681495761
mp-616378,CsSnI3,15.227,6.978,17.85576574937217,8.330281825538284
mp-646507,Hf2Ni2Sn,154.562,67.477,152.76927639071357,62.97388577415269
mp-6916,Sm(BC)2,173.961,119.281,205.22048894679065,132.07795376056487
mp-7350,Li(YSi)2,67.911,42.707,78.94466183686806,57.57973147448262
mp-754185,Y2MgNi2,63.25,28.377,80.11594815588825,31.92027828053241
mp-862697,Er2MgGe2,75.034,56.657,87.16246997966329,60.289499837788064
mp-863723,Ho2MgGe2,75.677,14.344,85.39308368989182,58.30312954725642
mp-865403,Tm2MgGe2,76.381,56.917,88.8062229012735,61.3132434882604
mp-865747,Y2MgGe2,72.846,54.985,83.62466856550756,57.732971052270315
mp-867932,Sm2MgGe2,68.5,50.773,77.81825409049745,53.19911635273572
mp-8846,Ba3Nb5O15,160.248,90.19,197.43806773598655,104.51632009435512
mp-975044,Li(SiRh)2,162.926,68.685,187.66811077694467,84.10662341272267
mp-977559,Dy2MgGe2,73.819,55.444,84.02874127899737,58.27403666452877
mp-1041411,CaBi4O9,85.547,38.622,139.8284286140162,67.84339562159565
mp-12931,SmTaO4,148.256,67.474,217.76904259244017,106.37570761234956
mp-3203,NdTaO4,146.512,65.377,210.49970590482943,102.9569165285678
mp-3444,ErTaO4,138.466,67.66,231.21202447223877,115.65301554484596
mp-4574,YbTaO4,57.297,36.824,231.89888623057132,119.2273561965215
mp-4875,GdTaO4,142.698,65.535,222.52632871397557,107.23330137229736
mp-5377,YTaO4,137.531,66.772,226.1131727863854,112.37126463453758
mp-540924,NbTeI3,5.474,0.547,42.26962815527446,24.24719903753435
mp-5489,LuTaO4,138.592,58.177,228.2567057892263,117.04632206299348
mp-553961,ScNbO4,166.644,60.602,223.59793832007333,107.39575641923658
mp-558781,ScTaO4,178.016,73.282,236.12271326699891,118.48871199984534
mp-573051,ReO3F,6.734,6.173,159.6419422039999,77.79164106477162
mp-752426,Li3SbS4,38.534,25.974,65.35346544142298,39.652643054568976
mp-778364,Na6Ti2O7,46.367,25.335,99.24036132150616,51.83698385344573
mp-9595,NbInO4,161.141,59.303,214.08375386546535,99.5654270537594
mp-10086,YSF,104.335,54.195,114.80231189358364,57.15761314260703
mp-10105,UTeAs,68.521,30.159,81.34117994181364,42.73754314335425
mp-1018652,KCdSb,21.748,8.899000000000001,31.302087138710135,14.894958752973022
mp-1018720,HfVSi,160.956,60.257,192.20729219930385,124.6007325337185
mp-1018725,HoFeSi,101.221,58.103,123.29029259513318,73.7935924892729
mp-1018726,HfVGe,156.878,76.649,185.80968667371988,120.73316224705177
mp-1018752,LaTeCl,55.059,26.822,57.377266511254426,26.69114685751562
mp-1018786,LiMnSb,30.709,14.417,33.97209932624974,21.5913651016657
mp-1018803,MnCoSb,86.94,36.492,128.47248585368123,67.36546031711633
mp-1018814,NdSbTe,58.382,24.695,64.99911866967162,35.984416251536075
mp-1018818,NdTeCl,58.83,28.775,60.71611413262402,27.094920198035105
mp-1018828,NpSeO,104.067,116.903,142.01666961921632,64.88894664611821
mp-1018895,PrFeSi,77.229,44.381,109.12288119073952,61.56726203423372
mp-1018936,PrSbTe,57.378,21.419,64.60045963311183,35.04945628369548
mp-1018941,PrTeCl,57.809,28.206,63.549089989857706,27.687256984590775
mp-1018949,RbMnBi,15.6,9.919,25.5739537230097,14.037640496906436
mp-1019089,KMgAs,27.165,18.243,37.37588553828532,24.23715417577649
mp-1019100,SmFeSi,84.808,49.211,113.42463664038048,66.30714510507403
mp-1019105,KMgBi,19.85,12.079,25.66308777647598,15.835517106817166
mp-1019108,SmCoSi,104.084,55.758,124.53482199899877,58.59595603554579
mp-1019109,SmGeRu,89.845,45.174,130.34406405720483,59.116445382503585
mp-1019138,SmSbTe,59.933,29.721,66.87401564075148,36.784379429868515
mp-1019357,ThAsSe,86.821,41.691,99.48099435807312,47.412022745834506
mp-1019358,ThAsS,97.846,52.831,114.1709500055738,57.31946769987705
mp-1019359,ThSbSe,78.808,39.448,93.2800908666951,44.380411076668544
mp-1019360,ThPSe,89.668,41.079,105.66434685597436,50.53491482343026
mp-1019361,ThSbTe,69.097,31.492,83.95710729170474,42.16919002291652
mp-1019362,ThBiTe,65.77,28.967,74.77654583672944,35.40377334168195
mp-10219,YOF,123.796,47.409,144.1069142868887,73.30975534045643
mp-1029396,SrHfN2,114.728,44.495,151.83969554867508,85.58135110216193
mp-1029446,CaGeN2,125.73,224.054,153.2745655641641,100.28659868990528
mp-10322,BaHfN2,104.52,44.085,139.00455741813894,74.94091010134544
mp-10930,TbSF,105.651,55.746,116.14604532674352,57.3627472432627
mp-10931,HoSF,110.246,56.989,118.97222477362268,60.505588829716416
mp-10932,ErSF,108.999,58.212,121.47503077972236,60.77236829158844
mp-10965,DyAgSb2,67.671,36.442,76.88197227297685,36.81178420656615
mp-10991,YCuAs2,96.439,47.451,99.0866803520704,53.09644636984897
mp-12620,NdSeF,86.826,43.449,98.432490688713,47.10691963553133
mp-13097,NaZnAs,36.358,21.583,51.97498771807112,22.674406210000633
mp-13920,Ba(ZnSn)2,43.515,20.036,52.44631487159591,27.807584269062048
mp-13962,HfSiSe,70.196,53.913,130.054494220166,89.3269367677542
mp-13963,HfSiTe,33.487,28.667,98.29937023734956,68.91110512808527
mp-13964,HfGeTe,93.679,60.152,115.33723932678812,74.2533605201423
mp-16236,KAgSe,27.612,13.172,36.82253262695943,16.241552264641626
mp-19808,Eu(ZnGe)2,56.803,35.695,68.96245644880912,35.082390889245886
mp-19832,BaCoS2,55.064,31.713,61.22262041458088,34.263361056829204
mp-19917,ZrSiTe,32.766,30.223,96.52138879015048,71.40654283490315
mp-19943,YCuSb2,74.523,35.383,82.70285369153356,41.17002609377502
mp-19953,ZrCuSi2,128.949,89.065,148.60585955582857,99.2411867824397
mp-20049,LiFeP,71.576,51.439,124.98470294606852,73.52371447616484
mp-20106,Li2NdSb2,41.162,21.469,53.24124163322892,30.939528867648093
mp-20133,NbCrN,283.872,160.729,338.16807231118105,177.20302549206366
mp-20195,LaMnGe,59.796,28.945,65.17543397883435,38.76685386414314
mp-20227,NaMnP,47.234,34.395,74.65808678409898,44.2068379752728
mp-20233,CaMnSn,40.38,24.968,48.802980236346365,33.78621427252827
mp-20235,CaMnGe,42.796,33.947,59.56922705554429,43.016083473984416
mp-20245,CeFeSi,82.529,33.359,124.20203671833468,67.96290244650494
mp-20333,PrMnSi,53.092,31.081,85.69461192596418,47.77252520299081
mp-20354,MgMnGe,77.255,49.889,89.2900523275762,58.54870715994837
mp-20384,CeAgAs2,77.05,45.902,89.90746620638764,46.30118176677258
mp-20400,Ce(GePt)2,122.45,15.575,143.7025090874786,46.72689976549259
mp-20401,HfCuSi2,139.708,88.21,156.40716802881934,100.25744797783264
mp-20422,KMnP,11.679,9.709,50.74645189632704,30.622233890049287
mp-20452,Ba(MgPb)2,30.681,20.078,33.49987605092943,20.976844323570447
mp-20531,NdCoGe,57.838,35.525,110.4076985230055,51.11029086655004
mp-20612,NaMnAs,23.526,22.44,50.0376059617921,37.426088447584654
mp-20690,NdFeSi,86.25,46.56,110.15461729937851,60.98637726150755
mp-20698,LiCoAs,48.848,30.049,106.34253254143516,58.22349567929914
mp-20757,MnAlGe,111.84,63.4,119.0493776941492,72.7282502141358
mp-20761,LaCoGe,61.994,33.99,105.00599817467403,43.70106675255842
mp-20791,MnVAs,98.235,10.115,136.92185670790542,53.62626154364756
mp-20815,SnPbF4,24.569,9.6,73.11632643216561,24.69623300537404
mp-20822,TbMnSi,81.024,46.765,102.17308063795124,54.75556092991542
mp-20913,UGeS,90.78,13.408,102.50558041749528,70.65052976438268
mp-20970,NaMnSb,26.873,16.61,32.22020425247819,24.19521290514125
mp-21096,CaMnSi,42.158,35.285,75.61573731434287,45.70655007217187
mp-21194,NdGeRu,82.192,42.405,123.16620488173407,54.19284374467766
mp-21249,YMnSi,89.902,56.086,106.8944206474024,62.58807908573811
mp-21271,PrMnGe,67.272,31.756,75.24024285685873,46.680507238588795
mp-21363,TbFeSi,97.721,54.466,119.92312225966892,71.02306297128418
mp-21399,CeMnGe,76.858,36.44,64.89503065102407,46.7293320087797
mp-21413,RbMnP,16.708,9.385,45.54765755880865,28.755144197262556
mp-21433,TbTiGe,81.218,52.977,92.05627934452,56.78715625055397
mp-21471,LiFeAs,67.093,39.305,96.03774531506178,57.43728117940298
mp-21847,KMnAs,9.764,10.135,30.12731807479317,22.72881071319209
mp-21890,NdCoSi,69.818,39.38,121.23075531032052,55.00772787377825
mp-21907,NbSiAs,151.91,96.024,188.89134948138735,126.506699188298
mp-22152,NaFeAs,48.294,33.541,71.37192458761058,41.14235835280355
mp-22159,UNiAs2,112.758,49.253,135.44489102271285,60.1822257261161
mp-22179,YTiSi,92.176,49.378,97.9349076219018,62.54313410245324
mp-22256,NdMnSi,56.943,32.522,89.00713933155785,47.88443356189044
mp-22446,Li2PrSb2,41.299,21.813,52.46232820906959,30.611103763896654
mp-22595,UAsSe,77.206,47.857,94.48394266010612,54.568316499108555
mp-22698,DyFeSi,101.371,56.128,125.39545461501052,74.45957331322506
mp-22939,BiClO,26.218,18.304,94.66549693828895,40.49899494313096
mp-22957,SrClF,48.203,23.272,59.24325317705333,26.126040615409156
mp-22964,PbClF,47.996,16.906,66.62757847120021,20.58118498770125
mp-22973,NaMnBi,23.646,13.384,28.88615353417564,18.50803650283578
mp-22987,BiIO,16.924,11.049,69.9525381808461,30.44070137184371
mp-23024,SrBrF,34.729,18.311,50.849925421314225,21.470958256108563
mp-23025,LaClO,67.468,33.92,101.34829828361866,40.64769745156827
mp-23046,SrIF,10.84,8.443,37.34532904517364,18.234080447747317
mp-23050,GdClO,70.235,31.328,109.5583376019254,44.52288573608367
mp-23058,NdClO,74.064,34.045,109.33366591484592,46.68464208505555
mp-23068,NdBrO,20.663,15.753,81.74957520020004,39.12592235678868
mp-23070,BaBrF,36.564,16.453,44.36861591443535,20.013120793029223
mp-23072,BiBrO,18.132,11.592,81.95625177018431,36.1888746651411
mp-23432,BaClF,40.624,18.465,49.56661250506206,22.033528425528687
mp-23856,LiHO,14.251,10.119,68.10970163347683,47.824091037961566
mp-23860,SrHCl,38.352,22.306,46.886528820749135,27.73430370086932
mp-24205,SrHI,7.823,6.04,24.391324491691737,15.224185736416253
mp-24422,CaHBr,14.185,8.906,33.852663646035346,22.272624027960877
mp-2468774,LiCuS,62.759,30.22,78.54233137936684,35.11998359059194
mp-27335,NaAlSi,40.723,19.975,57.80264333968011,33.312244346312795
mp-27546,CaClF,49.817,23.323,67.52757578965948,30.189721478982595
mp-27689,PH4Br,14.902,8.571,49.20794828019673,27.454670845246945
mp-27762,UBrN,21.314,16.394,95.66131281717112,48.08604798468567
mp-27823,SmClO,74.842,34.161,112.5138748711583,48.892726569905335
mp-27984,PrClO,72.722,33.187,107.30987936205516,44.12937456878869
mp-28066,ThBrN,24.781,20.167,100.46679586435334,48.86224632859872
mp-28067,ThIN,18.541,15.059,81.73889919482696,41.06285430021321
mp-29327,SmBrO,22.04,15.101,83.74406200495113,40.64218715621605
mp-29731,HoClO,67.211,30.398,117.31620757382534,51.642489017435736
mp-30208,YCuP2,113.331,69.552,117.80208254398772,70.3551254572887
mp-30273,AcClO,62.71,30.419,92.08856053938256,38.94134864374903
mp-3104,BaZrN2,100.324,40.749,131.89715697764285,68.41469180645949
mp-31209,Ca(BeGe)2,71.325,48.951,86.07488516929217,57.228490314487395
mp-3208,ZrGeTe,52.592,43.277,100.67050465483152,67.800311446432
mp-3217,USeO,114.334,27.307,137.17180829181328,65.40165190991544
mp-3274,NiGePd,165.803,51.908,175.20028635495834,54.80991944885102
mp-3402,UTeN,38.078,30.992,114.01351838154989,56.52552136528317
mp-3718,ThTeO,79.236,51.071,127.1310753268836,56.69215714514339
mp-3799,GdSF,100.481,50.55,110.46760468070627,53.40569188704273
mp-3896,Y(SiIr)2,179.899,63.404,195.31577059278945,73.04418334790245
mp-3931,SmSF,101.622,51.669,109.358710342434,53.00113757016247
mp-3938,ZrSiS,126.096,87.404,152.4084912964333,98.98563890269946
mp-3992,PrSF,96.139,47.45,107.9372972614164,50.66741852489588
mp-4083,MgCuAs,65.78,31.327,92.70231680590004,32.28668575677452
mp-4206,UAs2Pd,117.844,51.105,134.76519250459685,56.34047589849162
mp-4233,KMnSb,22.579,12.876,27.43707196908555,17.82956425913929
mp-4247,NaZnSb,31.291,3.953,40.17550137729262,14.90101796215504
mp-4374,UAsS,78.118,42.242,106.65145196473078,67.7398583771661
mp-4495,KLiTe,19.903,11.932,21.084754822001425,14.709920436172077
mp-4628,ZrSiSe,34.808,26.884,127.10314266083414,89.06519421058714
mp-4743,ErTiGe,90.675,52.162,97.47668897894472,62.22930951950069
mp-4824,NaZnP,42.42,26.866,58.825862447558535,28.348449823610142
mp-4878,ZrGeSe,103.022,68.946,135.2833408648596,81.71836514796505
mp-4888,NbPO5,87.368,51.893,230.52274974234672,136.1481880339722
mp-4973,CeSF,84.351,46.483,90.25650443605409,46.965132625029966
mp-4997,ZrGeS,118.661,77.929,148.96675989601903,90.5716047623924
mp-5042,YTiGe,86.156,49.263,94.22800473200245,60.02859934240822
mp-504687,USnTe,60.998,22.01,73.91648669407726,42.670604792483005
mp-504691,LiMnP,88.94,38.837,81.17010500910752,57.292549067439914
mp-505005,CeSiOs,93.891,37.956,155.0411164625754,69.49265300100828
mp-505019,USb2Ru,83.812,53.613,130.3615770071748,59.49891558665857
mp-505249,Th(NiP)2,167.095,70.895,183.44048421444208,82.34064396243964
mp-505331,CeMnSi,81.905,22.855,108.58375780394516,60.48974680551064
mp-505332,LaFeSi,72.64,39.227,106.60785662847375,57.624058628483546
mp-505515,Sr(CuSb)2,62.734,13.558,70.5909932741283,30.563809854942058
mp-505803,MnFeAs,114.365,40.972,135.50905057277978,83.58559313365635
mp-5239,NdSiRu,82.341,48.599,133.37303877057764,58.83345997581374
mp-5339,CsNaTe,14.558,7.749,17.0196647654083,9.9389731187369
mp-5394,LaSF,90.315,42.488,99.11505135504297,46.157071551263535
mp-542757,EuClO,56.557,25.934,88.58369172112474,35.124786840030644
mp-5541,ZrVSi,156.335,61.897,181.64938077817135,113.91538590491945
mp-556382,EuClF,48.258,23.338,60.94204872065362,27.081617921412597
mp-556939,NpIO,14.177,11.809,71.22558594703185,34.00791539232147
mp-557483,YbClF,54.055,30.885,87.03480142675103,25.83039617765382
mp-567558,CsAgCl2,17.28,4.449,24.466137102655043,9.146679437367164
mp-567712,PrCoGe,60.752,37.899,105.82388152478607,49.077187068837574
mp-5760,NdSF,98.364,49.193,106.83024757522394,50.76806343482624
mp-5908,CeAsS,80.376,42.321,82.41049189341582,55.80160429849512
mp-5962,NaMgAs,33.163,20.602,43.24568341051132,27.2985185514914
mp-615314,ScCoC2,202.285,105.884,246.92170707723497,128.93729116194547
mp-643062,H4IN,9.349,5.553,48.84345434581858,29.26589823434687
mp-6973,CsNaS,20.614,10.436,22.81798163545896,13.335608157048943
mp-7089,KMgSb,23.427,14.48,30.56205853968284,19.1924242208787
mp-7090,NaMgSb,26.982,16.18,33.70716369547479,19.839703327656473
mp-7263,CaGaN,79.362,53.688,84.76076597746956,57.3760615703218
mp-7400,NaAlGe,39.291,17.053,51.12333651082244,28.687457533399726
mp-7433,NaCuSe,47.267,20.221,57.92240866903689,25.677644813850524
mp-7434,NaCuTe,31.971,15.202,46.73639570085573,18.492945401165898
mp-7486,BaNiS2,56.285,27.769,75.29998197209672,33.30643407027827
mp-753594,BiOF,113.68,39.898,141.00810417702,57.788473592325595
mp-753712,YIO,18.076,12.222,73.06095238383945,35.87634213135374
mp-753848,Li(CuO)3,89.756,41.778,146.77886915551483,57.122508475700464
mp-754349,GdOF,120.948,51.007,141.47303799628745,71.13646631676981
mp-754515,BaMgGe,33.215,22.349,38.23632762903702,26.2549843895676
mp-754516,LiNiP,59.926,32.248,110.74471273732632,54.14884248122443
mp-755323,DyClO,69.64,32.308,117.98639565660744,51.551596191012074
mp-755480,KRbO,17.77,5.392,26.403225944446472,11.704102422288724
mp-756134,ZrSeO,144.42,74.86,188.4964072291293,87.03093113680454
mp-773137,KCaBi,16.088,8.723,21.68100009726784,13.773397365642197
mp-7915,ZrSiO,172.699,110.149,204.5762997110254,110.31371875644712
mp-7916,HfSiS,134.279,93.63,157.26327111300367,100.46447863823
mp-7917,HfGeSe,111.031,73.615,144.1655044903534,85.7643627788705
mp-7918,HfGeS,126.583,82.007,155.10412350897448,91.53017628340488
mp-7935,USbTe,61.912,39.772,75.92599450057443,41.334562770248944
mp-8136,ThSO,135.883,63.691,159.09341236520856,69.57145725465662
mp-8137,NpSO,129.63,70.286,149.82551075595495,68.73100480671157
mp-8231,ZrSO,170.185,84.61,203.37588177961723,83.76540742945204
mp-8452,NaLiS,35.529,23.768,39.599595352547944,27.8454361570489
mp-8468,Sr(SbPd)2,76.461,1.084,88.44200721515676,33.04321870833853
mp-8539,SrSnP,41.51,23.276,52.58526961230123,29.35063324213449
mp-8654,PrSiRu,77.836,47.266,130.0261917098998,57.75431112883517
mp-8756,KLiSe,24.635,15.306,26.24562036769708,18.911513078333194
mp-8799,RbNaS,22.388,12.314,24.55664408602035,14.822838017797377
mp-9289,ZrSnTe,81.945,53.344,94.5478511870094,56.751214839687606
mp-9463,ZrGeSb,98.407,74.614,102.15670506459853,71.98217131571612
mp-9517,SrTiN2,121.679,54.446,160.84496649804993,89.340639250101
mp-9562,LiBeAs,54.336,35.547,80.77081093805927,42.106443252216344
mp-9587,TaMoN,306.124,172.722,344.18777948923787,154.710210622706
mp-9845,RbCaAs,21.936,11.138,27.95192655188571,17.43878209719252
mp-989192,SnClF,39.388,18.433,63.349334729575425,18.062666905620297
mp-989193,SnBrF,18.583,18.536,50.35473598996456,17.328217643631387
mp-9934,BaMgSi,35.072,24.366,41.82718843944035,28.6031016885409
mp-995147,PbBrCl,33.6,0.906,42.67172046718952,12.175033929587515
mp-29259,Bi2PdO4,51.718,16.451,142.35530696952077,69.28768974644541
mp-505042,Cu(BiO2)2,56.918,26.984,135.25886881417995,63.37334710599478
mp-569383,Ca5(CoN2)2,66.312,33.994,93.56951286367551,53.24775291448883
mp-618309,Bi2AuO5,124.209,53.326,140.4064493808554,71.64853927758938
mp-1029347,KPtN,66.018,33.563,76.3889307036107,41.08754760761656
mp-15607,Ca(BC)2,131.155,81.551,147.84156751007546,94.84128752490886
mp-15955,Y(BC)2,170.622,110.229,193.5681281264839,124.19671967838612
mp-19754,TmCoC,145.684,64.185,152.08663332953176,70.50322300616737
mp-20350,DyCoC,153.834,63.79,150.9354417568009,67.03529972147162
mp-20814,Dy(BC)2,175.354,114.935,197.9655218585389,127.94601481970724
mp-20906,HoCoC,147.431,58.45,152.2073959559549,69.7202379409711
mp-21422,YCoC,141.273,58.224,150.60527263125567,68.13993186402266
mp-28645,CaNiN,107.264,55.197,117.61176633780724,60.8194436394556
mp-29748,TePdI,24.702,12.965,65.58567963821677,22.276423718460897
mp-29754,SrLiN,54.044,28.446,57.887495192450054,30.9321467915235
mp-33997,TaO2F,183.266,91.41,205.31361173025883,98.93167877005584
mp-37473,TiOF2,134.531,70.894,148.43887658168353,73.28733456169351
mp-504677,SrPbF6,57.14,8.424,82.01538601371126,33.93065057534684
mp-756187,Li2FeS2,29.394,13.543,45.48142092662936,32.69419574343512
mp-884085,Li2CuS2,21.596,10.234,50.01267962422428,23.784850510900498
mp-4287,Sr2SnO4,106.729,50.94,126.87722346394771,74.7652875962594
mp-18288,Ti(SnO2)2,63.04,19.604,125.9954178517811,63.687047603266755
mp-22271,Cu(AsO2)2,19.387,11.732,106.54048072572786,52.97880300806943
mp-22467,Sn(PbO2)2,47.458,17.649,104.71715858782586,51.92121468765633
mp-27219,Mg(SbO2)2,49.538,20.282,121.87911374283952,69.9116633088819
mp-29809,Ca2GeN2,77.721,54.318,100.2077557639315,70.57594946252266
mp-5388,Zn(SbO2)2,43.305,12.537,123.78127167806252,58.62089584133221
mp-756132,Cu(SbO2)2,20.591,0.923,109.94090449072898,55.23127764769256
mp-9880,YB2C,177.47,137.397,206.55407920944185,146.79769631304825
mp-1199650,Nd2Fe14C,138.937,62.765,117.1315959919482,69.07690407883767
mp-19970,Li3CuO3,81.806,35.049,107.61197036611588,68.00235200401366
mp-3501,Er(Fe2Ge)2,98.162,58.284,137.40187248415577,75.89339557599067
mp-4214,Lu2Fe14B,128.894,73.037,112.14629292409124,82.43955614713741
mp-7603,Li2TiF6,52.093,30.935,106.80971369563385,59.025821335458
mp-9906,Y(Re2Si)2,238.54,78.048,263.5806550123806,108.42092789508423
mp-1029498,Li6CrN4,84.311,72.584,131.89154600104044,90.72921692491046
mp-1029542,Na6MoN4,54.672,37.513,90.96464612289562,49.361050384399086
mp-1029656,Na6WN4,53.691,38.074,98.97801684358622,53.54602793414443
mp-1029726,Li6IrN4,83.44,58.897,126.12974165944576,78.49850544250879
mp-1029739,Li6FeN4,76.66,69.192,124.17568125654496,81.6493502420342
mp-1029826,Li6OsN4,84.062,64.411,136.2757093108284,83.04383791403357
mp-3503,Li6WN4,84.394,68.603,139.7555856774934,92.49136547712465
mp-38725,NaBH4,19.433,11.009,55.12545920781292,38.70284246484896
mp-5984,Y(BRh)4,229.147,99.894,259.827140433379,109.04176021134634
mp-605860,Ba2LiN,16.114,6.4030000000000005,28.31789828763107,15.182618627259936
mp-756490,Li6MnS4,42.149,26.741,49.650076599392776,32.610790015438845
mp-8804,Li6MoN4,83.422,67.066,128.35086903650037,86.51437208748509
mp-1014168,CsPbBr3,17.687,7.34,22.533321448276485,9.663225222902987
mp-10165,KAlTe2,17.465,10.999,35.06707851975518,20.041342483121543
mp-10166,NaAlSe2,28.308,4.292,54.23758917339467,30.390115236242316
mp-1019544,BaZrO3,147.064,90.422,165.92584473990888,97.99740934098864
mp-10289,Ca(BC)2,135.308,95.251,152.61318196467963,106.97104841040702
mp-1029457,Ba(CoN)2,94.162,35.797,112.53103307671336,51.92650062321603
mp-1105622,Cs3CoCl5,11.595,6.079,20.74957523362272,9.653922364456184
mp-11918,Ca(BeN)2,112.136,62.379,126.22815384564176,97.29028627668228
mp-11919,Sr(BeN)2,104.82,68.742,121.6767097347897,88.46691449271218
mp-12266,CaCuF4,74.693,34.337,94.93141630578596,46.50048780221335
mp-12622,SrPdF4,62.819,23.43,79.71417174700828,36.06390344133599
mp-12623,BaPdF4,53.745,15.044,69.75761833183454,30.14738000805469
mp-12867,SrSnO3,138.388,83.126,156.8538071260066,92.45652042287044
mp-12927,Ba(BeN)2,98.183,62.055,111.33116417513136,78.88602481896113
mp-16648,LiSn4Rh,63.729,40.822,81.79917782866599,36.645576291567515
mp-19851,KInTe2,14.982,9.325,30.75727843168677,17.578212095573345
mp-20202,MgSn4Ru,73.432,49.19,91.17345759022886,42.33159221537509
mp-20408,InGaTe2,22.152,13.508,39.25399421678756,20.415407148616357
mp-21297,LiSn4Ru,68.495,45.755,88.46816997138973,45.386355573463405
mp-21894,LiSn4Ir,69.115,46.562,90.20607497639251,42.40482967888808
mp-22232,TlInSe2,22.596,11.724,43.345501250653385,21.666197952858766
mp-22255,RbInTe2,13.936,8.246,28.25058627089198,16.861063633228152
mp-22483,NaInTe2,19.763,15.869,36.178510752732315,17.966594285802632
mp-23488,Tl5Se2I,15.431,8.241,25.689083451491573,10.194135417353024
mp-23504,Sr2InI5,14.254,14.798,23.97228787833345,11.008361719554106
mp-23507,InSn2Br5,11.176,6.001,31.30969887509938,12.146364614652231
mp-23520,InPb2I5,13.937,22.207,26.45801561980244,11.334973398443807
mp-23534,KSn2I5,8.774000000000001,4.925,24.089480403183614,10.842291860536
mp-23846,KHF2,26.337,13.538,38.741472965394536,19.355749710078157
mp-24668,CsHF2,19.452,8.117,29.85049078535998,14.376577819388991
mp-28843,Tl2SnTe5,19.458,8.949,35.52852702363065,17.754392360588888
mp-29764,RbHF2,22.876,10.868,34.46745848927343,16.590613855876796
mp-3019,Tl4SnTe3,26.737,13.957,33.222238241115335,13.262612780695036
mp-3387,CaSiO3,214.891,122.375,240.3894517738987,163.9443867148243
mp-3442,CaTiO3,171.657,106.112,196.73190805787556,113.71913145670406
mp-3721,SrHfO3,154.085,98.02,181.69425506514295,109.42122803626714
mp-4096,CeAlO3,185.363,42.507,212.04815511986223,128.9859719912578
mp-4651,SrTiO3,168.22,101.114,185.76341815637193,112.14552552933036
mp-5076,SrZrO3,143.03,87.474,175.40803329697607,100.0236195000966
mp-5309,KAuF4,22.107,10.288,58.39970413036343,25.966176588696953
mp-557233,AlTlF4,40.935,24.485,90.72219897892155,47.80591635032577
mp-669347,KCuF3,78.848,33.832,68.61874086746796,30.91019894222779
mp-7387,KAgF4,23.276,10.958,51.87410805236175,23.022665797950037
mp-753541,LiCuF4,39.822,12.424,90.37822557584856,45.90772919832906
mp-760414,Ti3PdO,170.984,45.205,192.86134527198075,70.00359027504012
mp-8161,CaPdF4,75.302,30.762,90.99951098166711,42.24689650287154
mp-9075,CdCuF4,84.837,32.065,106.24617241430695,42.25535389524402
mp-9579,AlTlSe2,27.221,13.611,48.66019101581118,24.484147599052996
mp-9580,TlGaSe2,24.333,12.675,47.71582638237087,23.92549603611595
mp-997100,SrAgO2,77.721,41.425,89.99481000438101,46.64001869633087
mp-1023125,MgCuO2,126.208,71.609,148.71984992034203,84.67456819769691
mp-1047016,Zn(AgO2)2,64.706,26.799,105.54695037994315,59.23641568551823
mp-1047145,Mg(CuO2)2,60.487,26.547,115.23195565478927,69.0469274749241
mp-1047156,Zn(CuO2)2,63.223,33.875,123.4108830322238,70.5360424573669
mp-10523,CeSiO4,148.899,56.926,195.1069270988553,91.7729810843902
mp-13900,Sr(CuO)2,68.022,26.331,99.80464659999777,46.19124377862904
mp-15845,SrLi4N2,52.666,28.749,60.12284893895174,35.85758372391349
mp-28323,Pd2Cl2O,44.532,12.248,77.65763463338588,28.825538414972343
mp-31496,Li2Sn2Au,47.106,21.387,53.87522470913204,25.63924318824447
mp-33322,LiHoSe2,46.754,31.404,69.4492004399114,41.58582195183214
mp-33363,LiYS2,53.265,36.134,78.87184499477615,48.6058009014741
mp-33526,LiBiS2,49.655,32.521,74.22098900591784,39.03804987765026
mp-33588,Ca2NF,67.777,48.769,92.46937603911007,64.69023136932813
mp-33618,AgBiSe2,53.367,21.01,72.21319184321571,25.99677406364455
mp-33667,LiDyS2,53.412,36.047,81.63948772803211,49.124617008517305
mp-34081,NaYF4,68.677,32.05,89.85165432522656,48.18653700856939
mp-34477,LiSmS2,50.115,32.154,77.0437524694641,45.47257426569061
mp-35388,LiSmSe2,43.726,27.524,65.82679620358981,38.02918705598695
mp-35591,LiErS2,53.745,37.776,82.91616739262953,50.969377379130165
mp-35717,LiDySe2,46.015,30.614,68.72689860608024,40.79452265809538
mp-35869,TiNbN2,289.181,148.536,343.2868609393148,150.5470110987876
mp-36029,ErAgS2,53.466,20.563,85.3697248401558,33.743152209560385
mp-36052,ScUS2,98.649,34.446,115.60105313773424,59.699095401420834
mp-36791,LiNdS2,47.891,29.894,73.97308305846558,42.54706093993741
mp-36800,MgTaN2,243.254,173.986,296.6331878816735,163.74503885110352
mp-37879,LiYSe2,45.569,30.214,67.18029279522314,40.44337330655611
mp-38280,LiTiO2,170.849,122.647,218.19633876734457,117.6759098017762
mp-38695,LiTbSe2,46.042,29.91,68.4704876116749,40.29361656770414
mp-4006,ErPO4,141.94,66.446,214.4486473321436,115.80169675275091
mp-4104,HoPO4,138.301,63.957,211.24201134572235,112.78165370592993
mp-4200,ScPO4,149.784,78.155,230.43887195847253,128.98074618586264
mp-4820,ZrSiO4,202.03,97.007,256.772648548211,131.73441278341005
mp-5132,YPO4,133.65,60.18,202.15252351887273,109.5591972921178
mp-546125,ScAsO4,142.55,67.656,194.40173428680933,99.96650118895758
mp-5632,DyAsO4,127.515,54.647,178.64390992491724,88.22051862753855
mp-5767,DyPO4,132.418,62.37,208.34772013064767,112.30412112721277
mp-5836,ThSiO4,162.659,58.134,202.5555536165755,91.42544179667745
mp-5840,LiScO2,118.79,81.291,182.3954674534689,120.23186138482342
mp-675798,NaHoF4,71.34,32.839,93.0052131205814,51.42333552989943
mp-676416,V2CN,304.511,200.726,347.7538280976754,212.21102787680084
mp-7374,Ba(CuO)2,56.503,21.409,91.47386856010394,39.27682567617
mp-753306,YUO4,190.218,34.164,209.05207158468664,87.64426881902274
mp-754027,NaSmO2,91.596,48.531,125.90675374439662,74.62930072596203
mp-754605,LiLuO2,114.047,69.919,166.4499325655809,107.89916238640738
mp-755253,LiZrO2,158.131,100.522,222.53685668924567,90.07445726134938
mp-755586,NaLaO2,82.441,37.902,109.89475989883393,56.02260730269948
mp-7589,Mg2NF,104.566,73.225,129.5459497864226,92.76338719611964
mp-759897,Cu2OF2,45.218,7.397,79.59265760106317,14.960667809662375
mp-760408,LiZnO2,94.162,49.385,153.55937490117276,57.77964783212714
mp-7644,LuAsO4,136.399,63.025,188.56014144910537,98.0977465604427
mp-7962,YbAgS2,66.819,24.035,84.11404875187995,34.35188656339637
mp-8470,NaPrO2,84.293,42.149,119.42354685202191,67.18929258936339
mp-8615,NbBO4,249.352,141.476,333.01331346124806,167.8386116511071
mp-4672,TbPS4,38.774,22.162,83.0950008159824,47.850631041560376
mp-4998,Sr2IrO4,128.645,47.185,156.68940792838632,73.01859555490056
mp-755478,CdBiO3,100.02,28.386,136.3581447220922,56.114248285722965
mp-5073,RbNO3,18.157,8.683,82.56768428806934,50.664806458193354
mp-10078,TbTiGe,83.674,52.086,92.6857090264088,56.46038112898682
mp-1018060,GaCo2Ni,177.04,60.729,184.0674946575292,61.88057428309307
mp-1018062,FeSnRh2,177.299,68.595,198.6028413368875,59.69148498461757
mp-1018066,CrSnRh2,167.812,69.419,194.8669788656598,76.34056308046719
mp-1018085,CoSnRh2,185.482,68.25,195.93077480189152,64.64419742485993
mp-1025154,UTl2O4,42.627,11.277,101.95955038547385,40.85341999453908
mp-1025158,K2PuO4,53.382,28.851,98.96816133297337,51.25870385510781
mp-1025165,Zr(VGa2)2,131.585,88.202,137.43551898474703,93.98280213983666
mp-1025167,Hf(VGa2)2,133.265,85.459,142.7855925878953,96.8577513721624
mp-1025172,Ho(TiGa2)2,96.685,60.465,98.56345218390022,65.13455734384435
mp-1025177,Rb2CuF4,35.076,15.978,51.37113867483087,23.028402700981665
mp-1025185,Cs2CaCl4,17.305,8.639,22.387391805454985,11.602778168973558
mp-1025200,Eu2TiO4,133.071,71.88,161.48109516235846,88.27811307261095
mp-1025208,Cs2PuO4,36.666,19.028,84.58602065668616,44.06184588525257
mp-1025236,Sc(TiGa2)2,96.87,66.519,99.74494424657476,68.57073140908523
mp-1025237,Ba2RuO4,96.473,52.327,137.75179535724843,61.20478400060093
mp-1025238,Tm(TiGa2)2,96.793,62.39,98.90702113606304,67.34351445247235
mp-1025252,Cs2MnCl4,17.789,7.682,25.696265672149536,13.025405046521824
mp-1025265,Cs2CuF4,24.684,10.938,45.89514405349892,18.5008845304586
mp-1025267,Cs2CaBr4,13.971,6.614,18.561329156906503,9.50355492923486
mp-1025273,Cs2YbH4,15.699,11.197,23.14420722900662,16.024255096578752
mp-1025274,Cs2NpO4,34.259,21.565,90.9021130397192,46.10440624274166
mp-1025286,Rb2ZnF4,37.238,17.944,53.67715645205673,26.461522588620724
mp-1025304,Zr(TiGa2)2,112.537,70.165,115.1115497018171,82.13700571053606
mp-1025334,Cs2TmH4,14.059,10.2,23.56575351953304,16.23934827307143
mp-1025335,Lu(TiGa2)2,98.232,62.927,99.16364451548417,66.9439742233664
mp-1025338,Tl2CuF4,36.339,9.03,57.19213440172847,17.349563884453296
mp-1025349,Sr2ZrO4,117.107,66.772,137.82690594951998,80.28498404351123
mp-1025351,Sr4Bi2O,37.73,25.111,42.695396600260686,30.30984114589952
mp-1025358,Er(Al2Mo)2,134.393,84.07,145.51474666101663,97.1942998005552
mp-1025364,Dy(TiGa2)2,95.067,59.557,96.9383618315424,64.54871865497746
mp-1025365,Sc(VGa2)2,118.477,80.656,122.43720845714354,82.88156326206347
mp-1025457,HfAl5Ni2,126.648,84.924,139.22843880250682,82.31556282169552
mp-10259,Zr(NiP)2,171.208,14.663,208.33937642175627,86.1693227180339
mp-1029532,Ca2CoN2,74.548,47.916,103.17976803304352,59.307248982645625
mp-10311,ZrVGe,144.113,72.062,174.3200936447985,104.08442802104884
mp-10312,HfVGe,154.643,74.585,187.75346360932895,116.16400011358856
mp-10343,Sc2BC2,137.733,68.589,174.99656751881847,107.35556010312922
mp-10437,Ba(CuSe)2,67.478,21.124,67.12502663879188,27.29578448856786
mp-10453,Lu(SiRu)2,160.669,75.506,185.973552490531,98.12291802685677
mp-10455,YTiGe,82.596,52.547,94.27844143235656,58.40192121522568
mp-10498,Pr2CuO4,151.748,37.87,164.29842466475213,77.4175785606454
mp-10626,Yb(SiRh)2,129.084,77.099,186.5536442943316,92.2626569568203
mp-1068300,Ca(FeAs)2,56.912,25.387,91.07913467473064,46.07323157576714
mp-10697,Sr(GeRh)2,80.352,53.198,120.02091826177944,54.88288994154426
mp-10698,Ba(GeRh)2,65.958,39.426,101.2656035155692,41.832791542251776
mp-1077929,La2CuO4,124.285,58.378,142.23252409044818,68.40036444390613
mp-10877,Ca(Al2Cu)4,81.186,60.736,103.38904617041086,61.43438588513775
mp-10878,Ca(MnAl2)4,32.632,62.995,97.98556268301137,72.94038229727119
mp-1101329,Tb2SeO2,84.414,27.253,127.71361532288934,64.58546210746815
mp-11029,Y(Al2Cu)4,104.534,61.012,110.28256675881096,66.19451646909855
mp-11169,Ba(PIr)2,96.768,48.721,145.46682184619524,62.666307136191534
mp-11181,Cs(MnP)2,45.548,30.749,74.79413541561676,45.87128250854631
mp-11435,Er(TiGa2)2,98.06,61.377,97.4698954159089,65.70034771848616
mp-11436,Er(VGa2)2,115.021,76.361,119.57527508491565,78.62942916122861
mp-11445,Y(TiGa2)2,94.316,60.055,98.42883559927824,65.5545056155066
mp-12058,Er(PRu)2,169.707,99.704,199.69858241393217,105.0710543765235
mp-12059,Sm(PRu)2,142.12,93.691,196.00345693345707,99.7943130511935
mp-12061,Lu(FeB)2,187.743,76.06,209.1248067951115,116.75708586695266
mp-12063,Ce(AgGe)2,74.431,36.15,93.04882096188676,45.064621521997395
mp-12073,Ba(BIr)2,100.302,64.05,164.37959202960784,77.50004952188092
mp-12075,Tb(FeB)2,128.275,79.786,191.54830118651412,107.1439981071546
mp-12077,Y(FeB)2,126.563,81.112,186.9240268319763,104.8528927948237
mp-12079,K(CoS)2,57.052,30.734,83.28353123234247,50.56676833404737
mp-12097,Sm(SiIr)2,166.894,104.163,204.4831504428304,109.92680775951422
mp-12098,K(PRh)2,54.245,32.9,103.99358324515072,47.20946167965126
mp-12100,Lu(SiNi)2,128.686,67.54,161.41689061824144,86.06281839358682
mp-12101,Lu(SiOs)2,179.764,83.799,212.4117145184387,108.0584703037721
mp-12716,LiTlPd2,94.163,36.325,101.18423076792592,32.61356261414579
mp-12783,Sr(CdGa)2,43.715,27.739,49.60034411187414,29.410900069730484
mp-12863,Ba(AlSi)2,38.836,13.543,64.75046304004104,28.61074028342287
mp-13398,Yb(MnSi)2,101.513,60.872,146.54283420438097,94.10097317141988
mp-13399,Lu(NiGe)2,113.636,44.0,142.10651116837315,67.57397840177347
mp-13649,Cs2AgF4,30.729,10.708,38.87154178262472,15.266030910331391
mp-13660,Ca4Sb2O,49.159,32.933,55.59381287472176,40.436866064703665
mp-13910,Ba(AgGe)2,55.955,30.515,64.0524764783296,32.44610810971501
mp-13911,Ca(ZnGe)2,57.614,15.908,66.13264759205276,28.44553281381652
mp-15157,Cs2CaF4,32.545,14.702,40.60422038227201,22.134011918409332
mp-15605,ScSi3Ni2,135.947,70.188,159.71816204014382,89.09001848272659
mp-15608,Ba(MnAs)2,7.36,2.873,54.86400434687438,38.58189722289473
mp-15968,Sm(CoSi)2,118.652,91.081,162.9958469765514,96.24514353309982
mp-16032,Pr2TeO2,70.35,34.028,102.31465438821137,50.02616363642401
mp-16033,Sm2TeO2,75.322,36.804,110.72769636177668,54.45632271589444
mp-16035,Gd2TeO2,73.923,35.465,108.22552717888688,54.108906467499345
mp-16036,Tb2TeO2,79.972,38.705,116.80914551277584,58.223463820471785
mp-16250,Th(SiAu)2,127.616,51.748,146.8958323499519,52.40795237365462
mp-16259,Ca(GeIr)2,116.99,64.491,154.96741327278573,77.67234416626133
mp-16260,Ca(GePd)2,85.58,27.195,101.85277162410796,37.30484520070703
mp-18583,Ti4Si7Ni4,171.113,101.052,198.89968281817832,123.77151411788964
mp-19735,La2CuO4,142.568,50.382,160.8820000290038,72.53175046902898
mp-19787,Sr(GeRu)2,78.082,51.356,133.8617817386461,71.60630837484482
mp-19791,Ca(GeRu)2,103.004,48.899,142.87809557176135,74.61466097902324
mp-19824,Ca(MnGe)2,80.263,54.912,87.14222800937142,66.2173741945733
mp-19857,Ba(MnP)2,82.846,48.364,93.78995115050635,57.782974584019655
mp-20070,GdTiGe,73.046,43.448,100.86697377893049,56.588525052095065
mp-20098,Ba2PbO4,85.368,43.424,98.30272594822492,53.91995358395707
mp-20115,Eu(SiPd)2,100.771,44.183,120.81631907854832,50.7932704725114
mp-20238,Th(FeGe)2,145.046,72.532,146.6060259377621,92.80041218713625
mp-20264,Tb(FeGe)2,109.098,11.686,130.29380100662544,77.37168965343271
mp-20352,Ba3In2O6,87.964,35.899,104.32355504522862,57.354980680662486
mp-20356,Ce2SbO2,78.176,22.121,99.66853909446648,46.74877863668912
mp-20542,Pr(MnGe)2,100.458,62.794,100.35381497757427,71.89994749995999
mp-20563,Ba(CoAs)2,76.172,35.045,99.67120674469167,43.47984585941965
mp-20596,U(SiNi)2,186.818,66.072,173.25558884537205,86.1346094299816
mp-20785,Nd(FeGe)2,124.467,47.545,121.18734113816792,71.02416362330898
mp-20872,Sr(AlPb)2,33.025,5.34,39.51885638211038,12.221944881292462
mp-20924,U(FeSi)2,177.23,89.691,184.26974589235965,123.94438036139756
mp-20933,Ce(CoGe)2,121.349,58.575,142.119239659254,74.52850950106019
mp-20950,Nd(SiPt)2,137.703,39.837,166.45438652430877,59.114000200727965
mp-21000,Dy(MnGe)2,115.114,63.746,116.01723814882976,84.07254192533271
mp-21020,Sr2UO4,96.41,40.606,101.47763881505048,47.470216373475814
mp-21079,Tb(GeRu)2,132.27,58.586,164.8992172619275,84.02400130433237
mp-21113,Y(FeGe)2,129.611,49.23,127.87268217872398,76.86382941662418
mp-21240,Gd(SiRh)2,142.427,86.63,183.11037172674543,91.34902509029236
mp-21281,Th(MnGe)2,133.86,65.888,122.4053524420556,74.757875601506
mp-21366,Yb(GeRu)2,113.282,47.997,170.39334983613017,83.70886200511455
mp-21388,U(CuGe)2,97.198,40.432,127.14270512781168,61.59522549589376
mp-21415,Dy(NiGe)2,114.065,46.8,134.79044759405312,66.35157912965758
mp-22306,Eu2CuO4,134.635,52.259,135.3778539761519,65.77610895907229
mp-22412,Ba(MnGe)2,50.054,34.428,63.158475106668185,37.48814216914862
mp-22486,Tb(MnGe)2,115.215,64.592,115.53077636987996,82.64211059231432
mp-22639,U(NiP)2,198.349,57.604,187.8996386792976,76.4196308074167
mp-22760,La(MnGe)2,93.376,59.464,94.04754968925428,63.93999566699075
mp-22935,CsBrF,15.691,7.063,22.39344652594103,11.319291936981504
mp-22937,Na4I2O,20.124,11.964,26.369073591713047,16.409085253730613
mp-22978,Rb2MnCl4,20.776,9.004,26.77086933868459,13.96702908692237
mp-23484,CsAuCl3,10.16,4.998,33.971307407933324,12.05102434294822
mp-2371187,Cu2B2C,78.177,9.851,128.6396928553213,47.734276245804075
mp-23752,Cs2MgH4,13.137,9.216,24.24009057645156,19.07217563202923
mp-23954,Na2H2Pd,28.047,18.246,40.707027820009706,20.481110284270496
mp-23956,K2MgH4,23.064,17.351,29.105314711875067,23.06986885347088
mp-24517,Rb2CaH4,17.899,12.811,22.058931337418596,15.1645708129868
mp-2661453,Li2H2Pt,49.367,26.895,73.08940402102826,40.420118775253826
mp-27207,K2MgCl4,21.759,10.672,29.80841792665942,16.359414952847512
mp-27263,Rb2MnBr4,16.876,7.203,22.68323061439656,11.401565954990334
mp-27393,AlPd5I2,15.439,12.33,102.38017955454522,31.06923290877383
mp-27468,U2BiN2,81.939,42.907,134.94496268566388,64.53946419811783
mp-27478,Na3PaF8,42.892,19.864,93.28524085435096,43.75214552340962
mp-28497,Cs2CrCl4,17.295,7.552,26.64071269970283,13.175932582611784
mp-28592,Li7Br3O2,37.683,25.035,47.84248343921479,32.867251608031616
mp-28599,Na4Br2O,25.283,14.596,30.52344076655745,18.87993069679271
mp-28610,CsAgCl3,13.37,370.484,28.88360779583207,12.126742224176432
mp-28627,K4Br2O,15.726,8.724,19.252076147354085,11.008930239742156
mp-2866,Yb(FeSi)2,119.518,70.986,160.20566522171515,92.16778963874756
mp-2877,Nd(CuSi)2,115.656,75.0,126.81954662716402,79.9323922476541
mp-28786,Zn(BIr)2,219.89,106.867,290.1090974419414,144.95656407388856
mp-28838,U3(SiC)2,136.797,80.702,150.5567043334103,64.37794589626952
mp-28884,Cs(FeAs)2,43.521,26.483,73.45062226838225,38.02342135374311
mp-28895,Ba(P2Pd)2,87.709,34.758,94.92427965887724,45.93375796842004
mp-28927,Ba(NiP2)2,104.512,96.35,102.12012561556716,57.48473970512785
mp-2893,Dy(SiRh)2,153.451,88.803,182.81584095946965,95.5253653972014
mp-2906,Ho(NiP)2,151.827,83.385,168.39758689203885,82.88815080897271
mp-2917,Dy(CuSi)2,119.315,75.813,130.5509061609058,83.58700140034193
mp-29207,SrMnBi2,32.353,18.785,39.659428082024434,22.104855654747983
mp-2924,Ho(SiNi)2,131.02,71.958,155.444194592767,87.32534701141623
mp-2949,Ca(NiGe)2,80.39,40.148,105.5353645496177,49.42306845633306
mp-29623,SrZnBi2,30.573,15.677,42.817910768926595,18.138599471268822
mp-2965,Ce(MnSi)2,123.478,70.832,128.01759107331185,82.2582267734719
mp-2967,La(CoB)2,125.812,83.203,175.573741754898,87.38912916943013
mp-29806,Cs2PdI6,9.131,4.015,22.247933865268266,9.56382130129726
mp-29873,Rb2CdCl4,19.054,7.96,26.739828824780258,11.444075354189096
mp-2991,Cs2UO4,35.463,22.715,92.85177822199998,44.95734720369352
mp-29964,La3(TaN3)2,165.266,85.631,211.40215765518263,114.0705947525705
mp-30004,Rb4Br2O,12.914,6.882,16.773665591782382,9.087870373550471
mp-30040,BaCdSb2,33.265,21.701,45.031074996106454,22.157585477055857
mp-3011,Th(GeRh)2,145.97,68.15,175.7887522994119,78.38278332130746
mp-30147,ZrTiAs,137.302,70.614,164.04965847619346,98.758143025594
mp-30175,Ca(AlZn)2,62.198,40.313,64.25601568470167,42.664322352039235
mp-30177,Y(Al2Cr)4,116.53,78.364,129.69747042178324,84.51680725437556
mp-3018,Nd(MnSi)2,118.634,73.221,128.40050560783217,87.75188309362969
mp-30183,ZrAl5Ni2,119.733,85.414,135.10100205485546,80.5384024124139
mp-3021,Tl(FeSe)2,38.004,22.879,44.1189059083258,25.611485637485377
mp-3035,Ce(FeSi)2,142.193,77.717,160.61321439890258,105.54529050616904
mp-30426,BaCdBi2,30.641,18.744,40.666569408992935,18.798302951518988
mp-30427,BaZnBi2,31.416,17.133,40.7016978549178,18.435443961423747
mp-3065,Ho(FeGe)2,108.973,26.204,133.39834954303683,79.19996818310904
mp-3097,Tb(SiRh)2,152.124,89.341,182.54540094914904,93.64237002833636
mp-31059,Ba(AlGe)2,43.029,19.745,59.46684238072239,26.55362045278882
mp-3108,Lu(SiRh)2,158.887,83.91,189.5842542219858,96.2357793960167
mp-31081,Sc(MnAl2)4,153.967,97.394,115.48194756980055,80.04354860186577
mp-3109,UGeTe,70.542,40.783,84.9253354129323,51.14663549622374
mp-31212,K2MgF4,45.872,26.717,57.5907266354463,35.30191369286964
mp-31411,Th(Al2Cr)4,119.17,87.328,135.03410393050774,87.97965417287442
mp-31438,YZrSb,78.942,41.125,94.59439623117204,50.81273646586067
mp-3148,Dy(SiPt)2,145.085,12.014,169.235792749348,52.08457279438728
mp-3166,Th(SiOs)2,183.234,94.675,215.384170036941,110.38860316551222
mp-3190,Er(FeB)2,120.929,83.296,193.9852546308719,109.84861779356926
mp-3207,Sr(NiGe)2,62.062,34.524,91.7547986502257,42.28394417239534
mp-3210,Ca(CoP)2,91.812,81.218,121.49053655996369,54.90824589354521
mp-3218,Er(SiPd)2,134.258,52.4,146.51393821550425,66.33565001032042
mp-3239,Er(CoSi)2,131.977,94.295,169.27481551154565,104.2307410143109
mp-3241,Sr(CuGe)2,77.539,40.884,81.09103887347433,45.95669630657589
mp-3264,Th(NiGe)2,115.166,22.613,148.24587045856822,68.96622585138998
mp-3286,Ce(AlZn)2,72.027,50.611,78.80884760589448,56.63100599834824
mp-3292,Tb(CoSi)2,113.474,94.425,167.00914034218144,102.57541528766076
mp-3299,Sr(FeP)2,94.787,55.96,124.17010023804708,70.71621526341096
mp-3301,Dy(SiPd)2,133.933,53.071,144.88262293277162,67.03948347292712
mp-3329,Tb(NiGe)2,112.504,46.914,134.8057224902692,64.83955385384758
mp-3346,HoZrSb,80.205,39.455,92.82413692962214,49.56089315169391
mp-3349,Sr3Ti2O7,139.441,83.293,166.33601175707886,101.34283359441586
mp-3359,Ba2SnO4,96.443,51.646,116.51838539280315,68.99968589716111
mp-3376,Sr2SnO4,108.931,63.505,129.00247334043314,77.10594345904234
mp-3385,Sr(PPd)2,103.811,49.586,118.76282558064408,52.0529427032499
mp-3388,U(SiRu)2,326.477,83.923,198.24009868447496,108.64915288722592
mp-3390,Y(CuSi)2,118.289,76.153,128.75523365219718,80.67756680145564
mp-3412,Eu(CuSi)2,85.94,60.857,110.34741065562326,64.58579530864625
mp-3415,Yb(SiRu)2,133.202,67.203,184.5692218463948,96.14247846405532
mp-3437,Ce(CoSi)2,137.291,87.99,162.53888563456732,92.92531395519497
mp-3441,Y(SiRh)2,151.48,88.566,181.16822669938912,93.36382620573563
mp-3455,Er(NiP)2,151.308,83.931,168.40109806019302,82.62884526667506
mp-3456,Tb(CuSi)2,119.971,76.235,130.57169826196602,80.77731277080228
mp-3489,Nd(FeSi)2,118.239,79.69,148.87232356925114,92.55563312141628
mp-3507,Lu(SiPd)2,136.258,48.004,153.49065656556402,67.92042648216709
mp-3515,Y(CoB)2,153.952,107.661,202.19305486003032,111.76141771069535
mp-35276,K(FeAs)2,48.787,24.423,76.72343621631384,34.665403368886345
mp-35417,Li3TaO4,103.312,91.621,211.0571495628484,136.28786144576927
mp-3579,UGeSe,83.522,53.059,94.1798097323042,58.4190271151535
mp-3585,La(SiIr)2,145.667,99.569,188.90185599759593,94.24006279110078
mp-3587,Sc(SiNi)2,151.528,61.909,162.09408803220046,90.20560174011251
mp-3605,Th(CoGe)2,142.488,66.96,158.5934098173817,80.56585323975467
mp-36086,Li3NbO4,104.609,90.318,202.54594743937625,128.12101137297742
mp-3678,Tb(SiRu)2,152.051,79.93,177.55440221984125,95.29866927127208
mp-3701,Sc(Al2Fe)4,128.938,85.544,139.71240023114763,90.31625896471846
mp-3709,Tb(CoGe)2,131.45,70.892,147.54816085388762,84.95673652264094
mp-3758,Eu(NiP)2,108.198,74.64,139.57437641492626,67.89446910039862
mp-3804,Sr(PRu)2,87.317,50.755,137.21648401815804,69.99747021703502
mp-3808,K2UO4,60.113,29.379,106.35378994294162,51.30081896172731
mp-3813,Ba2ZrS4,55.272,28.767,67.03173970131743,35.93728372475517
mp-3826,Ce(SiPd)2,124.834,56.202,140.92936818914757,64.08031337455056
mp-3854,Y(MnSi)2,125.819,76.237,144.21444484921574,97.55570748418272
mp-3895,Ho(SiRh)2,156.376,87.871,184.408605378783,95.45455814212258
mp-3958,Er(SiOs)2,175.465,86.668,204.22177113183432,105.17202828561
mp-3999,Y(SiPt)2,144.639,15.533,168.40353923789846,50.29191925411416
mp-4007,Nd(SiNi)2,147.126,70.97,143.5802033984447,78.91116046286707
mp-4013,Nd(SiRu)2,134.593,80.896,169.77302478786996,88.58450758450557
mp-4014,Pr(CuSi)2,108.486,73.831,126.37935181471688,78.2370798422773
mp-4064,Ca(NiP)2,105.433,73.682,136.2495104023658,70.22509419191671
mp-4065,Dy(SiIr)2,175.786,105.149,211.00952207438868,116.36781212072955
mp-4072,Sm(SiRu)2,143.09,81.584,172.63797734953502,90.18679624500028
mp-4073,Sm(CoB)2,152.954,97.846,199.0874104765453,108.32118234988474
mp-4075,TbZrSb,79.598,40.544,91.631662368167,49.39962285577294
mp-4088,La(FeSi)2,114.246,72.994,142.8188367270027,90.55326800656483
mp-4090,Ce(SiRh)2,143.283,87.696,176.04959739520336,85.4159137608495
mp-4105,Ho(CuSi)2,113.63,76.348,131.93578524172025,82.80664003177853
mp-4109,Ba(AsRu)2,76.622,39.593,122.3924747229748,57.22469742865451
mp-4131,Sc(CoSi)2,154.927,91.058,174.96238026033964,108.0589311141651
mp-4148,Ho(SiPd)2,133.284,52.879,146.23931643329743,66.89035984914581
mp-4158,Nd2CuO4,136.726,58.915,154.70733170927952,80.25212127337522
mp-4177,Dy(SiRu)2,155.661,79.345,180.13986894515145,96.97008083024032
mp-4181,Pr2CuO4,132.588,58.074,151.59790538452063,78.39312663070339
mp-4195,Tm(NiGe)2,108.431,44.072,138.84219699920916,67.6508801293777
mp-4210,Sm2CuO4,142.528,60.204,161.2361991891007,85.4688728488121
mp-4228,Nd(CoSi)2,120.144,85.498,158.35414223140563,92.19030006628245
mp-4229,Nd(AgGe)2,81.818,42.854,93.03191806529364,44.80315932079088
mp-4250,Tb(SiPd)2,130.983,53.315,144.9227215851911,65.50601389228608
mp-4255,Ba(CuS)2,67.265,28.683,74.53660963035557,32.682850837833314
mp-4259,Ca(CoGe)2,73.576,61.567,123.34029389140616,69.01222498424599
mp-4275,Sm(SiPd)2,127.742,55.498,143.4933886583237,67.03248548399544
mp-4291,Ho(NiGe)2,115.228,46.459,137.56899338873,66.4927699255121
mp-4302,Nd(NiGe)2,111.919,48.011,125.09974838666908,61.716785242483695
mp-4305,Er(CuSi)2,122.639,76.33,132.2057316474717,82.40572165438064
mp-4316,Sr(NiAs)2,45.823,28.001,100.43113453378528,41.35398340083104
mp-4322,Pr(CoB)2,144.516,89.475,187.4147699561156,95.1708673100141
mp-4323,Nd(SiPd)2,123.29,57.139,139.38705656467846,64.318944302137
mp-4354,Tl(NiSe)2,38.486,13.208,76.32827021296775,23.46758940330183
mp-4370,Sr(AsPd)2,79.52,32.583,100.63195720411194,34.36914061412885
mp-4395,TbScGe,71.319,45.392,78.2919788522871,49.38146440901971
mp-4410,Yb(Al2Mo)2,121.247,80.572,143.39537099055104,95.60085480662704
mp-4415,Ho(CoGe)2,135.84,69.868,150.08883312930206,85.8311072622699
mp-4433,Ce(SiIr)2,166.749,109.844,203.1719397487895,106.59117126076124
mp-4439,Pr(SiNi)2,126.482,67.988,140.7930370594358,75.29131078740733
mp-4441,Ca(CuGe)2,79.246,42.085,88.55932368070926,48.60025384413345
mp-4458,Th(MnSi)2,149.607,76.62,141.004237764261,86.5392178463012
mp-4466,Tb(SiNi)2,120.154,73.586,151.79603346355063,85.63407517147827
mp-4475,Tl(CoSe)2,32.334,20.186,69.92639920271336,31.428117363621897
mp-4484,Ba(PRu)2,88.019,48.795,128.65604966791076,65.17219024936422
mp-4488,Sr(FeAs)2,84.292,42.202,92.45576564603228,48.879012072507656
mp-4520,Y(CuGe)2,103.38,55.688,111.48397156918207,60.72242443617078
mp-4611,Th(SiPt)2,161.712,55.529,185.50513404902895,60.084386162335896
mp-4633,Yb(SiPd)2,108.371,40.803,148.8402007766205,64.23405316796904
mp-4653,Y(SiIr)2,173.891,104.133,207.9795222442319,113.45173765839093
mp-4656,Y(Al2Fe)4,123.771,84.62,132.10769376148477,89.80459725320388
mp-4668,K(CoSe)2,50.314,24.198,58.28745062924577,35.80206850034636
mp-4692,Dy(SiNi)2,114.571,73.379,152.9452438236167,87.70448216006584
mp-4725,Nd(GePd)2,107.798,38.891,123.66831871015128,49.7137647020582
mp-4738,PrScGe,64.503,39.785,72.64415902197817,43.29526284718639
mp-4744,Ca(NiAs)2,84.598,39.082,113.09285360835136,45.18929937417351
mp-4767,Ce(SiOs)2,168.404,82.371,195.4938232638529,99.74962384164424
mp-4768,Eu(SiNi)2,94.667,58.471,129.73738179364764,65.21486415730165
mp-4793,U(SiPd)2,141.952,48.272,161.22581344675368,70.60860881732958
mp-4815,Pr(SiRh)2,137.912,83.789,169.79655244431308,82.96159245401475
mp-4822,Y(SiPd)2,130.582,52.738,144.5043924731255,65.9598157268017
mp-4854,NdScGe,65.782,40.817,72.97749185062517,42.703300568858424
mp-4861,Sr(CuAs)2,56.86,20.546,81.2149937769243,36.17882244763704
mp-4865,Er(NiGe)2,122.05,47.358,138.25855022443017,67.3560008828883
mp-4881,Er(SiNi)2,122.991,71.098,154.74126424678067,86.57462555337541
mp-4883,Ba(FeP)2,83.619,56.871,122.38335024619413,71.80241316432321
mp-4889,Y(GeRh)2,132.96,62.331,156.7806855215903,77.3960921200778
mp-4895,UTeAs,71.159,29.644,86.10003601326338,47.96012098430853
mp-4896,Sm(SiPt)2,140.382,34.47,168.2941924472173,60.58279233946739
mp-4903,Tm(CuSi)2,116.757,75.636,133.8613589711738,82.18397200436523
mp-4904,Pr(SiRu)2,130.298,79.764,167.81866664274384,87.48373483581459
mp-4908,Y(CoGe)2,136.227,70.145,147.29755986715364,84.38152878737418
mp-4920,Nd(GeRh)2,123.385,64.855,152.86857881987666,75.3803910668376
mp-4924,Pr(CuGe)2,95.907,53.319,107.92908541308286,62.25135817237699
mp-4936,Yb(SiPt)2,122.842,30.453,174.47911129615105,17.87663896545879
mp-4939,Dy(FeSi)2,148.31,82.764,159.44716072006267,97.20729765499402
mp-4954,La(SiPd)2,120.576,54.617,132.39744912000066,56.834826464322965
mp-4961,Na2HgO2,42.323,23.423,58.49123914366285,34.13327283270247
mp-4985,Dy(MnSi)2,128.929,75.386,145.90851540489433,99.13381427753129
mp-4999,Nd(CoGe)2,111.275,67.306,139.10092413790298,76.74150145504687
mp-5000,Tl(CuSe)2,29.141,15.456,65.91107491836706,21.61075077482965
mp-5022,Er(SiRu)2,156.818,77.629,181.46353293999945,97.80309550341288
mp-5068,DyZrSb,79.781,39.479,94.1975108636584,50.98991926271603
mp-5072,Rb2HgO2,23.964,11.792,36.004813154976716,18.769861155262216
mp-5109,Y(NiGe)2,102.131,47.692,135.4798623860282,66.26441509120447
mp-5112,Pr(CoSi)2,120.671,82.295,154.8247754853081,88.32480752774278
mp-5127,LiCuO,69.627,32.616,86.85659434278114,48.20398624278136
mp-5129,Y(CoSi)2,133.147,94.082,167.65695180332418,101.49199724014773
mp-5135,Dy(CoB)2,155.789,107.738,203.00681662509848,112.86939778082818
mp-5157,Ca(PRu)2,102.347,78.667,167.54434628293802,87.33749416203905
mp-5165,Th(SiRu)2,168.505,88.638,188.18932019329648,99.367177396895
mp-5166,Ca(AsPd)2,88.276,26.838,107.24904737623496,31.50082002070389
mp-5167,Sm(NiGe)2,101.792,47.319,130.20178376636045,63.87819157720748
mp-5173,Ce(SiAu)2,112.156,46.687,127.701308446909,53.13727882734362
mp-5176,Y(SiNi)2,127.098,73.066,153.19997896406463,86.13702688845105
mp-5219,Ho(SiOs)2,173.944,87.971,206.19743181300055,105.5672298716664
mp-5260,Ho(GeRu)2,135.733,57.245,166.8567578147321,85.1047848586901
mp-5268,U2SbN2,99.35,46.99,145.8410740268367,70.85812737808028
mp-5284,U(CrSi)2,149.59,89.167,156.45157429102363,84.7525160708179
mp-5288,Y(FeSi)2,147.103,82.397,155.86446547401582,93.8542120652539
mp-5292,Ca(SiNi)2,115.307,57.367,124.92564130178964,65.84204594456614
mp-5326,Yb(CoSi)2,110.853,83.937,171.0335093068828,100.04364340731952
mp-5346,Lu(CuSi)2,121.177,74.808,134.33073214361073,80.25755967967179
mp-5380,Ca4P2O,61.778,43.882,69.82926973405377,49.56610374558543
mp-5386,Er(SiRh)2,157.308,88.318,183.4374010522151,95.25506590544946
mp-5399,Tb(FeSi)2,145.871,83.177,159.34556380441416,97.11491577606748
mp-5400,Th(CrSi)2,134.222,45.909,135.5825791038276,78.03198790891285
mp-5423,Pr(MnSi)2,114.758,71.979,122.87772310417436,84.44809635681727
mp-5429,Tb(SiOs)2,170.188,89.207,200.7637781330795,102.83600360854985
mp-5451,Er(FeGe)2,134.12,48.299,134.58331017929555,78.63239799586742
mp-5452,Ce(CuSi)2,113.036,75.241,125.75650205239212,76.93134154872655
mp-5459,Nd2TeO2,71.289,34.516,107.75538256389528,53.66369932781005
mp-5486,Ca(CuSi)2,97.787,55.112,106.16918992232856,61.60970214243906
mp-5497,Er(CoGe)2,134.9,69.45,150.2113722664098,85.77587277341752
mp-5501,Tl(CoS)2,58.448,23.471,92.05192336446714,42.88500567651053
mp-5505,U2TeN2,85.916,52.251,131.6517560605627,72.56118932990223
mp-5508,Th(SiPd)2,141.173,63.454,160.8224639365538,69.18782406975116
mp-551675,Li3UO4,94.691,64.714,153.93778124068527,88.3466610554205
mp-551873,Ca4Bi2O,44.568,29.289,48.56185017985615,36.945275135546254
mp-552098,Bi2SeO2,77.867,26.569,113.03816752804616,49.93458271975515
mp-552265,Bi2SeO2,88.992,21.489,97.91289983837338,31.66361189049553
mp-5526,La(CoSi)2,117.558,76.385,148.18249703958014,78.7839301681225
mp-5532,Sr2TiO4,127.094,75.758,152.0878334899113,92.25249309412418
mp-554352,Ba2CuF6,57.176,21.226,76.09872143831804,31.673897881491396
mp-5544,U(Al2Cr)4,182.023,39.122,148.94375565687466,89.32028525676739
mp-5556,U(SiRh)2,162.197,84.537,198.29853685278215,97.26069473597138
mp-5564,Pr(AgGe)2,81.263,43.123,90.17880599701718,44.037845766929784
mp-557018,Cs(CoS)2,53.974,34.445,71.28127829508513,45.1454368743062
mp-5577,Ce(GeRh)2,129.851,65.086,155.02804783456116,73.92306167230878
mp-557929,Tl(Cu3S2)2,54.153,13.226,80.37509586373508,24.686521477883623
mp-558518,K(NiS)2,30.804,22.279,78.56376246102128,35.61849080395827
mp-5591,U(NiGe)2,187.564,19.633,153.72752110454144,66.841200202959
mp-559492,Tl(NiS)2,54.929,16.781,87.6327192777422,30.107493256287043
mp-5597,Ca(FeP)2,93.804,79.373,133.76888006727927,78.70401605231352
mp-5605,Ce(SiAg)2,90.121,51.335,108.22824420477092,58.605508383153406
mp-560663,Rb(CoS)2,56.234,32.201,78.16523240531751,47.72315859369936
mp-5622,Nd(CoP)2,122.962,88.035,152.7007667866013,64.92860137757089
mp-5627,Pr(FeSi)2,114.059,77.796,145.12465188866716,90.92899496051947
mp-5671,Sr(CoP)2,88.052,45.893,124.08035172381058,61.18669470531145
mp-567203,La(SiOs)2,136.757,80.697,182.6641027282354,92.36527802416664
mp-567240,Ba(MnSb)2,29.349,20.062,39.17146576832672,22.972819797241733
mp-567458,Ho(PRu)2,167.766,99.097,200.11584417452545,105.1751922666498
mp-567513,Ho(SiIr)2,178.854,103.451,212.74924319181807,115.8462032911628
mp-567657,K(CuSe)2,29.409,13.033,58.75331124923533,22.01452804646171
mp-567723,Nd(NiAs)2,120.915,51.797,134.84889177094476,57.935966123520714
mp-567749,Y(SiOs)2,169.339,88.942,200.64987140440653,101.86508234766916
mp-567769,Ca(SiPd)2,103.239,40.154,116.28994711128244,48.91241177950376
mp-567807,TmZrSb,79.62,38.108,91.60802000456228,50.19199458024902
mp-567808,Tm(CuGe)2,102.384,55.871,117.05049168569072,63.54401132103701
mp-567818,Sm(NiAs)2,97.913,52.411,136.03142597345945,57.57006180788366
mp-568055,Nd(PRu)2,124.803,85.444,185.7626589467673,92.07416080169456
mp-568095,Yb(PRu)2,123.67,88.753,210.20153867442187,108.83826864980324
mp-568113,Ba(AsRh)2,73.313,34.329,113.27430452967606,44.33406249338668
mp-568137,Cs3Mg2Cl7,21.386,10.643,30.262649012047103,16.396356618745646
mp-568280,Ba(NiAs)2,64.021,30.44,90.1905136258482,34.904894504020476
mp-568371,Tm(SiRu)2,158.852,76.801,179.91246823530318,95.92230931849976
mp-568402,Sr(SiPd)2,90.986,44.751,107.39940236226944,45.034176882405816
mp-568509,Er(CoB)2,150.78,113.309,209.99680187952512,118.28248573016027
mp-568673,Y(SiRu)2,153.522,80.006,177.70772105367595,94.57380975036672
mp-568725,Dy(FeB)2,126.743,81.322,192.451684880024,108.79299193517934
mp-568747,K(NiSe)2,36.261,17.982,65.26569778345211,25.858322244013515
mp-5688,Er(FeSi)2,132.768,79.147,160.6300549728031,97.33856189789324
mp-568940,Y(NiP)2,154.034,82.948,164.68513084487617,80.89108254392787
mp-569089,Dy(PRu)2,164.779,99.379,197.70227850389304,106.05366913825328
mp-569204,Tl(CuTe)2,27.8,11.85,52.326117258039744,15.82886688750126
mp-569247,Zr(FeSi)2,186.785,89.169,188.09036054052103,112.18052026329322
mp-569298,Ca(CoAs)2,93.548,47.963,111.27494987214304,45.4569798533859
mp-569310,Sr(POs)2,94.67,47.979,140.8594306497961,64.51587677501726
mp-569344,Zr(CoSi)2,150.78,109.355,200.66388438526255,126.22591026003896
mp-569408,K(CoAs)2,37.779,28.456,91.9815712388136,41.37732326459695
mp-569548,CsAuBr3,9.584,4.436,29.40398755783431,11.020309552063004
mp-569674,La(CoAs)2,106.913,49.656,136.91300248840682,54.37979833232292
mp-569697,Ce(NiP)2,140.681,70.203,160.17516284757562,69.44120250760588
mp-569737,Tb(SiPt)2,145.156,19.552,170.52647760139124,47.98015870661339
mp-5699,K2CuF4,43.612,18.902,54.471792584441395,24.219916597729
mp-569931,Pr(NiP)2,168.532,79.991,154.9264951839292,73.36694273369731
mp-569974,Nd(NiP)2,153.813,81.693,157.25620178216903,76.44481070770871
mp-570091,Rb(CoSe)2,47.913,24.585,54.36130933064826,33.433414947916376
mp-570198,Ba(ZnAs)2,47.429,24.024,62.83386146813947,25.993023549708195
mp-570452,Y(SiAu)2,114.468,42.308,133.40302236881536,49.29141367454889
mp-570554,Tb(PRu)2,160.356,98.512,194.61185075509877,101.82462962217645
mp-570837,Cs(AsRu)2,43.315,25.056,92.38584427722122,42.11041378108014
mp-570910,Rb2CrCl4,20.171,9.206,28.018606255676815,14.531487654476273
mp-571147,Hf(SiNi)2,187.543,76.808,195.81997063030113,108.6571591430616
mp-571203,Sr(CoAs)2,79.041,33.717,104.9634197461938,43.88093463605992
mp-571339,Ba(CrAs)2,54.127,33.133,66.77258825835588,35.93100698671484
mp-571343,Cs(CoSe)2,49.34,25.52,51.028718316017915,31.736538672561903
mp-571350,Ba(AsPd)2,75.501,31.358,99.07456281449709,38.31460300193519
mp-571367,Hf(CoSi)2,158.095,106.783,207.63700820676365,127.92815552673082
mp-571485,Tm(SiPd)2,135.34,50.944,146.7540591596606,66.76252216976565
mp-571500,Ho(FeB)2,122.263,81.927,196.2395903119078,112.37890349682289
mp-571552,Lu(CoGe)2,133.386,66.56,155.51360068768548,86.6119605838214
mp-571586,Nd(SiOs)2,152.083,88.505,190.3703962309229,94.6576316422418
mp-571665,Ho(SiPt)2,145.703,3.08,170.17382532730116,48.255475659288734
mp-5720,Ho(SiRu)2,159.103,78.475,181.3062971652032,96.8292882889216
mp-573563,Sm(CoP)2,140.398,96.947,168.5934257862825,83.38630647575908
mp-573995,Ho(CoB)2,156.483,110.53,207.43468299118345,115.91415337410292
mp-574199,Sm(NiP)2,138.122,83.438,159.70378946858278,80.2636862798065
mp-574235,Yb(NiGe)2,85.789,39.352,141.25444065318507,63.14069419100009
mp-5752,Tb(SiIr)2,175.73,105.01,210.2389155691396,114.65626375623955
mp-581754,Eu(PPd)2,109.711,50.704,130.75007614360985,55.57202362347211
mp-5819,Pr(NiGe)2,116.144,45.239,124.21150144734855,60.4729808036416
mp-5820,Ce(CoP)2,140.722,95.364,161.65668475294592,64.48956463925687
mp-5835,Ho(CoSi)2,135.687,94.372,169.38739614939615,103.7446681804066
mp-5848,ErZrSb,80.18,38.697,92.8792466567242,49.878395323076035
mp-5852,Pr(SiOs)2,146.212,87.485,188.1197578196108,93.76989424982588
mp-5916,Yb(SiNi)2,106.765,58.089,155.69321479047107,81.15945687018343
mp-5934,Yb(CuSi)2,98.953,54.255,130.1915750402882,75.04274071833731
mp-5948,Th(CuSi)2,133.026,75.141,144.55446828569546,81.96188931657592
mp-5976,Dy(CoSi)2,120.084,94.317,167.32754492023346,103.5891750118146
mp-5982,La(NiAs)2,113.37,49.769,132.4480351770411,55.0118060656686
mp-5983,Tm(CoGe)2,131.945,68.577,151.93218002356798,86.13851633593754
mp-601285,MnGaNi2,157.893,62.601,170.34491462429352,47.62708346348377
mp-606604,CsLi2F3,43.461,18.167,45.67281529451627,19.788469606578005
mp-643257,K2H4Pd,14.628,8.069,29.133393079580483,15.830357877917129
mp-643260,Na2H4Pd,20.548,11.385,41.88310479338936,23.41172620082565
mp-644389,Li2H2Pd,42.316,29.177,58.53513697342945,36.37863506131186
mp-669918,VSnRh2,187.018,77.938,202.9768443052598,74.19058282566475
mp-672294,Eu(CoSi)2,101.06,77.888,143.9572908416612,80.4827110753785
mp-6926,Ca(PPd)2,110.532,46.871,126.51585541977796,51.78051292692171
mp-6940,U2IrC2,185.335,50.107,207.33091040710423,66.66243216282366
mp-6957,Ce(FeP)2,129.529,90.105,161.58359538080364,87.37140834783723
mp-6961,Sr(SbPd)2,69.54,20.054,85.54677967704485,30.793987062012196
mp-6962,Ba(AsPd)2,63.365,33.454,92.93646084315056,29.669776372556715
mp-6963,Ba(SbPd)2,63.981,26.896,81.43285955751804,31.070053999111597
mp-6969,Sc(CuSi)2,124.705,66.368,135.33335069728452,81.20462928233424
mp-697096,Na2H4Pt,22.706,12.865,49.77946895672248,27.559822546920824
mp-697133,Cs2CaH4,15.217,10.568,19.951905839005494,14.104599922366909
mp-6979,ThGeS,98.687,59.761,110.06860491843771,64.80741824405641
mp-7170,UTeP,69.175,45.435,93.20540279259237,52.74693003459862
mp-7232,Cs2HgO2,20.095,8.569,30.17915734119928,14.597035841237972
mp-7298,Li(CuP)2,92.396,37.221,106.49811198425184,34.44712103294244
mp-7349,Ba(BRh)2,83.444,49.618,136.54754761524188,62.674126088866245
mp-7361,Sr(CoGe)2,71.077,52.128,108.1925252666705,56.96400314991191
mp-7363,Sr(ZnGe)2,53.367,46.735,61.12498165298746,29.571904329787444
mp-7364,Ca(SiAu)2,93.089,36.257,107.79122527429386,40.7062940307196
mp-7365,Sr(SiAu)2,86.085,41.023,99.4517693998466,43.79854172903362
mp-7366,Sr(AgSn)2,49.71,163.745,55.98709535648346,23.96782326039757
mp-7422,Ca(CuP)2,90.672,53.158,106.91999551901525,50.668717422310735
mp-7426,Ba(ZnP)2,55.357,28.964,68.45630056825298,29.75826138416607
mp-7469,NaCuO,47.66,22.586,69.72349575074313,34.40322131524509
mp-7470,RbCuO,28.024,12.071,47.17503145257321,19.67853762408725
mp-7523,Th2TeN2,79.455,38.563,126.67287652435036,65.19675445955832
mp-753192,Yb4Sb2O,53.82,36.155,85.2877400222879,43.18803078934782
mp-753371,LiCuS,32.045,8.094,48.683747863677254,18.846509570101652
mp-754128,Ba3Hf2O7,124.136,71.974,150.9983404623287,92.7019814029159
mp-754322,Sr2CuO4,104.977,56.612,124.21131355742034,62.61304536393417
mp-754327,Ho2CuO4,150.981,58.736,172.3577124742666,88.4747749924984
mp-754363,Ba2HfO4,109.181,59.646,134.66907829417696,80.79455542091303
mp-754364,Y2CuO4,144.406,57.572,168.45008777574307,86.09679070187283
mp-754475,Tm2SeO2,89.409,29.031,132.50320670970734,69.93096774435901
mp-754808,La2MgO4,132.923,78.047,156.1593777682398,84.81278463552542
mp-754976,Cs2BeO2,23.555,8.606,33.824633231857625,15.650125560478116
mp-755293,Sr4Sb2O,41.23,27.873,47.80657036660292,33.380944441815366
mp-755609,Y2SeO2,84.366,25.303,123.7657609881617,62.83339506562142
mp-755895,Ba3Zr2O7,119.003,67.526,143.47186781949546,83.83238326686282
mp-755959,NaLiO,38.429,16.356,46.76699286901628,26.247144497552934
mp-756235,Ba3SrI8,19.59,6.651,21.614361374824576,10.346925354179543
mp-758741,Li(FeP)2,126.556,66.399,168.09493590206506,101.9604031054685
mp-7600,Th(FeSi)2,146.711,88.832,173.49884896037452,118.4730418109407
mp-760417,Rb4I2O,11.88,5.095,15.758826471219814,8.32435903102855
mp-767525,Li6SbS2,34.924,12.923,39.40162529240827,30.21403915683753
mp-768305,Sr2HfO4,122.77,72.528,146.77850311100588,87.46695804877275
mp-768368,K4I2O,13.588,7.139,17.026982642972655,10.260398699553344
mp-769253,Dy2SeO2,85.195,26.274,128.6271933624475,66.37517469488913
mp-7707,Zr(SiNi)2,179.797,82.806,191.0136317873412,109.4330807011566
mp-7725,Na2UO4,70.652,33.502,120.7810138954694,53.88868177118171
mp-7739,Ba2ZnF6,56.113,23.869,75.94431094861595,32.01269957856118
mp-779517,Sr3Hf2O7,135.285,80.788,160.30652969838354,95.87975368364069
mp-7875,Ba(MgSi)2,49.007,39.07,55.12364943710347,40.259272133038
mp-7876,Ba(MgGe)2,43.231,32.923,47.34504763351646,33.31486018182314
mp-7877,Sr(CuSi)2,86.566,55.773,97.80125844101956,58.24980596968697
mp-7878,Ca(AgGe)2,64.213,26.011,72.09797507052588,33.04766736926125
mp-7879,Sr(AgGe)2,59.767,31.348,68.04326426812227,34.34999947012721
mp-7880,Sr(SiAg)2,71.734,41.392,80.66616015308938,44.630767894189766
mp-7881,Sr(CdGe)2,46.529,4.623,51.225647566849176,21.35958703521749
mp-7882,Ba(AgSn)2,47.006,4.63,52.837112388277085,24.417403843153053
mp-7911,KCuO,33.195,14.741,52.99148736261769,23.8817214928691
mp-8250,La(NiP)2,124.941,75.844,147.70976309399546,64.27524410733578
mp-8298,Sr4P2O,50.236,33.556,57.23127168733804,38.20528485840113
mp-8299,Sr4As2O,46.741,32.082,54.6431723392829,36.65791644128709
mp-8300,Ba4As2O,38.918,21.736,44.08207174678388,26.238715763786633
mp-8310,Li(NiP)2,111.137,44.076,137.0896589615876,60.25784601734837
mp-8320,SmScSi,69.1,43.35,78.25960263121412,48.40365765538873
mp-8335,Ba2ZrO4,105.829,56.479,127.77799860561994,73.80023519044565
mp-8375,Th(SiTc)2,151.246,38.343,163.57954332323175,72.48968513095174
mp-8528,Tm(SiRh)2,157.698,86.03,184.5178527315124,95.9836428334945
mp-8582,Eu(PRh)2,133.042,72.154,167.2977584676076,71.75632365274117
mp-8583,Ba(PRh)2,81.062,40.46,122.27179099133735,53.05672702576877
mp-8603,RbAgO,24.529,4.133,39.74392726521792,17.777337437757357
mp-862993,ErMgSn,58.946,37.695,64.52721929218899,41.2398906727095
mp-864745,Na3ZrF8,41.055,16.564,73.77736771028755,34.31284384452065
mp-864765,Na3HfF8,43.786,17.57,77.01715893888941,37.05695909952598
mp-8666,CsAgO,21.37,8.448,36.80690841065621,14.543276438565114
mp-8672,La2PdO4,120.843,51.1,143.9162436742236,66.6584773066835
mp-867221,Ce3(TaN3)2,171.176,85.541,206.66465493638265,108.2127068976362
mp-867348,DyMgSn,57.967,37.406,63.009322646564,40.11238918836382
mp-8676,Tl(CuS)2,28.231,16.05,70.77587527340263,25.01273357359689
mp-8682,Ca2SiO4,152.578,98.816,190.22001204583708,131.98078495937753
mp-8789,Ca4As2O,56.917,40.92,67.52472822667364,47.75716295504732
mp-8818,Ca2ZnN2,81.76,44.53,94.69940891526625,58.04270955371015
mp-8861,Rb2MgF4,39.398,21.019,52.996233084495486,32.39734057898296
mp-8962,Rb2HgF4,32.512,11.131,42.84418323973095,13.358432162703055
mp-8963,Cs2HgF4,28.269,10.514,39.364528829367075,13.56685369687493
mp-9179,Ba3Zr2S7,59.427,30.289,73.95331260485216,38.68601178448017
mp-9247,Ba(CuAs)2,58.575,26.516,76.77667956886012,32.30456204220622
mp-9306,Sr2ZnN2,67.594,35.522,80.55766931413069,47.94925253379443
mp-9307,Ba2ZnN2,53.731,23.848,68.5803729104032,36.491233769233965
mp-9321,Ba2HfS4,56.786,30.354,69.93476869576253,38.45848226024299
mp-9473,Ba(NiP)2,76.493,36.39,105.6281777085871,45.153398703758874
mp-9583,K2ZnF4,45.168,20.696,57.44281320368369,28.12674520653613
mp-9610,Li2CN2,49.164,19.417,84.09436035948472,55.377835063565385
mp-9690,Ca(AlGa)2,58.788,11.435,68.50823431055116,41.16119658489208
mp-972680,Sm(AgGe)2,83.302,41.54,95.9723016855302,46.55891334190319
mp-975359,Rb(FeAs)2,39.583,24.942,74.2083544622154,36.07423465127857
mp-978853,Sr(GeIr)2,90.062,63.466,141.59355919071066,66.76017809693876
mp-978986,Sr(GePd)2,76.495,31.552,94.70106393263396,34.808983153133525
mp-9799,Yb4As2O,62.732,42.842,92.83900366831894,44.267914059310215
mp-980193,Ti2H4Pd,139.691,64.14,159.3582530310852,73.94380118469672
mp-9986,CsAuO,22.044,8.773,43.26698025332085,16.63084113803242
mp-10326,Zn(ReO4)2,26.19,12.192,155.17680521181987,65.7030545714946
mp-555678,Na4Ti5O12,133.543,60.956,178.90113728958937,97.3651022324935
mp-8724,K2TeO3,23.313,14.44,63.20534372902633,33.49654167980687
mp-1103642,Ag(Mo3Se4)2,47.099,12.815,140.62040291536474,77.85030400596182
mp-13545,BaIrF6,26.708,10.041,106.85078956378617,40.66073616118041
mp-13610,ZnPbF6,20.125,16.281,98.13666274584712,36.07849336018807
mp-13641,TiCdO3,148.77,42.573,186.72304639334308,83.19854054520403
mp-1383723,MgBiF6,15.823,16.557,85.25621888994088,41.11374887914391
mp-13903,ZnSnF6,21.356,19.106,105.65626484050264,44.34491439424177
mp-13907,CdSnF6,12.236,11.044,93.4289026478525,37.64304603996245
mp-13983,ZnPdF6,40.303,21.554,117.7428204375104,53.9769994794087
mp-13993,Ti3NiS6,73.57,41.198,112.79741437150734,64.80394181626984
mp-14142,TiZnO3,169.135,45.719,215.01879237618752,98.90274551887204
mp-1445082,CaSbF6,7.511,11.184,59.721418562664915,27.167358094068952
mp-14628,ZnSnO3,143.83,32.654,177.63477434373303,87.15630412029053
mp-15637,ZnRhF6,35.559,19.802,119.70716808710252,47.08103592214732
mp-15639,HgRhF6,24.756,8.073,104.3111167221818,35.48656172800074
mp-19734,MgPbF6,20.958,19.324,91.9002201837676,40.69539899517056
mp-23054,NaBiO3,57.489,23.569,118.68066317374496,63.68140912539753
mp-23546,Na2UI6,3.215,1.937,21.807818984968943,9.117113947939126
mp-27176,NaMnCl3,27.676,9.818,40.0949168196366,15.945906518208217
mp-27421,RbBiF6,13.584,6.409,73.02451230448372,32.14587976455071
mp-2928,FePSe3,17.852,8.942,61.60169444201635,37.929034868864754
mp-3043,Sr(Mo3S4)2,58.991,7.572,164.85868071682907,93.17401178530474
mp-30943,MgPSe3,10.068,6.5120000000000005,55.57921426551984,33.606718396788224
mp-31096,Li3AlH6,36.478,24.109,54.58517573381064,35.931775620172694
mp-36508,SnHgF6,16.357,9.206,91.60008279554914,32.23538180287046
mp-36662,Ho(Mo3S4)2,91.502,45.48,181.70785863992276,102.26611513021632
mp-3759,MgGeO3,167.305,81.692,208.3797525986872,124.56825883614528
mp-3771,MgTiO3,161.087,74.471,205.69138191066455,116.5491351740492
mp-37784,La(Mo3Se4)2,68.329,34.084,147.12550612072326,82.60798659790946
mp-3779,CrSiTe3,12.075,4.726,54.55717225886996,33.884903855534475
mp-3835,Ba(Mo3S4)2,54.991,14.911,158.56641285582336,88.46135457642355
mp-4608,KPF6,23.365,7.181,98.0136933725003,64.76920992049646
mp-541449,CrGeTe3,12.438,8.261,51.753748296086904,30.90910976115032
mp-545999,AgSbO3,86.643,0.01,142.41807156770838,71.21064988838933
mp-5924,MgSiO3,189.894,103.854,249.70041114199185,159.93774356528303
mp-623024,TiCdF6,16.341,14.26,97.46467256045852,41.159628241975945
mp-675104,Na3YCl6,20.048,8.16,32.607726671760716,16.167187433118926
mp-676058,V3NiS6,77.971,102.936,116.16595600691134,70.84694589059742
mp-676512,Na3AlF6,47.494,23.772,79.98967439729915,46.55851866787804
mp-754246,TiSnO3,25.074,17.517,124.75048365810234,64.19115738089828
mp-754701,CaTiO3,135.519,52.0,170.6769555853551,90.36952359455022
mp-755225,Li8ZrO6,93.569,55.213,122.94932381628573,85.05600277454877
mp-776083,HfSnO3,22.014,14.412,119.67400346464568,63.96550304229124
mp-776320,CuAsO3,50.551,6.569,152.27061672229328,92.39161702804036
mp-780260,TiGeO3,27.439,16.375,130.1965468086812,69.65770622594255
mp-7921,MgPdF6,30.483,22.643,112.91537224674948,58.74887458172991
mp-7922,CaPdF6,21.718,12.227,100.38166390158452,45.228743089281856
mp-8096,ZrCuF6,13.999,6.777,97.02528569135626,37.611669846702576
mp-8255,CaPtF6,19.548,11.715,103.56188835955037,43.06761947938021
mp-8256,ZnPtF6,33.853,19.578,124.08232964134466,52.26319417124922
mp-8275,CdGeO3,147.362,45.555,181.0614431160347,90.91866684868693
mp-8285,ZnGeO3,163.128,42.095,209.06416069776463,109.225867897224
mp-8290,BaSnF6,35.683,19.878,95.1831518812714,43.74615879134203
mp-9056,ZrPdF6,7.646,11.439,99.59768233373708,38.46646436810649
mp-9330,CdPS3,11.099,6.8469999999999995,65.00681585795606,33.93665010318534
mp-9636,CsSbF6,11.184,4.926,73.93456789854784,35.9594724402786
mp-9819,RbAsF6,15.18,6.896,82.58520541273096,47.024285920284555
mp-9927,MgRhF6,22.148,21.445,114.53303578141772,51.80470952333741
mp-1029868,Sr5(SiN3)2,81.348,38.641,110.78695498454002,71.93992479638533
mp-10417,KSbO2,23.533,16.167,71.46043628716248,38.23464579390826
mp-12647,TbNbO4,134.127,53.917,215.21969201800607,104.23592800180032
mp-12862,LuTaO4,161.12,73.874,242.5620543492357,122.29698061247385
mp-15113,Na2Si3O7,101.485,67.825,203.0333114920853,127.77172018769384
mp-15254,Li3AlF6,47.682,29.604,94.62165002017836,56.28754217804568
mp-17518,Sr2TaN3,69.088,38.896,131.95185280058638,68.11858883100128
mp-17701,Sr2NbN3,70.857,38.942,126.98866778222671,64.7246580109238
mp-17702,Yb2SiO5,81.431,30.023,188.8449578512441,110.88046180291052
mp-17892,Ca2VN3,93.415,50.422,147.50586375694178,83.79474957746518
mp-2356866,PdSeO4,23.43,10.796,109.42983435816298,54.05402017659138
mp-2456411,CsCuCl3,7.946,4.371,28.78691163783805,12.083965133328393
mp-2677258,PdSO4,27.378,13.766,134.69200441719514,73.09614107995384
mp-2679737,Tl2CS3,7.347,3.907,36.05743453045123,18.42703819349664
mp-27577,Cd2As3I,36.257,18.64,51.74245541059918,27.663204153453695
mp-28810,Na2CS3,16.312,7.334,45.82403563690474,24.38725378580287
mp-2931,Li2TiO3,110.301,71.679,181.40550871446504,113.12262209319172
mp-2933,Pr2(ReB2)3,212.95,119.223,253.58056421108495,149.3415243904769
mp-29396,Cu2PbO2,49.45,17.547,94.75831219924558,34.97325423167636
mp-30312,Ca2SiIr2,96.593,40.151,112.97430408766888,47.891911477190085
mp-3054,Li2CO3,53.936,28.12,104.84091385303184,65.2456224991258
mp-3144,HoNbO4,141.033,58.084,218.29043400248136,106.46264348849164
mp-3638,Cu2P2O7,80.272,40.718,177.4610279955975,101.53465415053886
mp-36864,Li2TiO3,122.947,87.311,186.10900665493747,120.40063570199648
mp-3707,CaGe2O5,121.058,25.3,177.04152486166188,108.59180565312003
mp-3751,AlTlF4,45.26,23.515,89.82484231227846,47.20934236986911
mp-3827,KFeS2,16.879,9.027,38.70908485572255,25.14374105002012
mp-3901,NdNbO4,106.12,38.657,196.02405616675804,91.4959105863082
mp-4156,Li2ZrO3,100.625,55.316,174.323817324509,107.79510339308204
mp-4321,MgSiO3,101.455,71.846,201.6187078984892,130.15722943550188
mp-4819,MgGeO3,111.428,65.203,176.27701232239332,106.6334872832133
mp-4867,CaAl4O7,113.819,47.283,160.73017638148886,102.23956764599102
mp-5038,CsGaS2,12.848,6.173,36.42513176594836,18.137465508213175
mp-5370,ErNbO4,142.997,57.979,221.1572324111959,107.10421358604754
mp-5372,RbFeS2,19.246,8.026,33.82046111774177,22.90761481898549
mp-5387,YNbO4,133.321,55.399,215.22868205066192,103.8771258729639
mp-5414,NaSbS2,23.333,14.886,55.16610926140134,27.69669905575115
mp-541638,K2(ReS2)3,35.777,19.961,128.39583231375806,79.07104217823151
mp-541895,Na2(ReS2)3,36.443,20.662,139.21805465191383,85.25455998565079
mp-542833,Zn3(BO3)2,90.488,30.787,139.56682356824493,82.89204674898957
mp-5503,ErTaO4,154.87,73.121,236.37505079062015,117.97087249195592
mp-555296,YbTaO4,94.996,40.993,241.59829321858132,124.32264399856096
mp-560119,TbCl2F,60.1,22.259,74.21430109051968,32.34830882857172
mp-573658,Cs3BAs2,12.943,5.717,19.9035252247702,10.14189089320837
mp-603930,MgSiO3,102.987,63.039,190.8574026908432,121.18885815909208
mp-685194,Li4Ti5O12,108.701,60.558,196.93441473609545,114.3493231447049
mp-690733,H2SO4,10.776,6.367,109.11968452588825,71.89624300418107
mp-697331,Mg2NiH4,52.729,36.277,85.56152191328971,55.79890754426559
mp-7086,RbFeSe2,16.048,5.087,25.957882689060177,17.33680188879583
mp-755352,Li2HfO3,106.444,66.947,182.53923063676248,116.6884846398338
mp-768572,YAl3O6,55.637,36.039,156.93026850189275,91.50942738352136
mp-9664,K3BP2,18.515,8.013,25.99239577651749,14.030877923697684
mp-9665,K3BAs2,16.559,7.368,23.012958272439,12.314479964247417
mp-9718,Rb3BAs2,15.057,6.582,21.34194824246396,11.780089123537302
mp-9843,Sr3(AlP2)2,51.236,29.669,66.55806451206107,42.34975194058483
mp-9884,KFeSe2,19.144,7.483,28.113658689869755,18.535281190624136
mp-990440,Na2ZrO3,80.895,50.952,135.4571384203128,82.17125384882152
mp-996961,LiAuO2,56.84,17.227,109.8381591325467,56.17887803917194
mp-997108,RbAgO2,23.26,10.684,48.21812620641125,28.70613132648191
mp-2717324,CaCO3,75.372,30.213,120.315549485198,71.31667961090074
mp-4829,Na2ThF6,51.138,26.423,100.277653326293,45.198734912078955
mp-504908,In2TeO6,141.455,60.251,175.65035739117144,97.74124269760276
mp-753326,LiAg2F6,50.447,17.197,76.15658518786944,20.775435815103663
mp-1024067,Na2ZnS2,30.666,14.149,46.42648418540677,25.854853840643433
mp-1029595,Na3OsN2,41.387,20.467,86.02183435445333,40.078086010872006
mp-1029756,K3BN2,29.455,12.232,46.954868198924494,25.102435359997028
mp-1029776,Li2GeN2,83.069,43.636,134.3115721588525,99.4574694516736
mp-1029779,ZnGeN2,148.878,74.731,171.85390656093657,118.60572712835284
mp-1029838,SrCrN2,92.015,32.947,139.31323530302453,66.94266892472662
mp-1029878,SrMnN2,92.183,30.4,146.51587889240415,70.60450647545734
mp-11790,LaCuSe2,56.604,29.194,76.6628932014123,38.655914138368466
mp-11793,SmCuSe2,62.981,30.835,83.0950362429838,41.98447144446365
mp-1196187,Cu2CO5,61.818,28.883,162.86423523135062,71.81286136056782
mp-14600,CaAl2O4,78.458,44.59,152.31799756298554,96.79882290779824
mp-16913,Ag2SeO3,31.512,8.633,98.27010237974962,37.90874317536543
mp-16993,Er2SiO5,115.912,54.525,199.18580204476297,115.99193995774353
mp-2213127,PH3O4,16.131,8.964,135.90852317005204,90.00230594242512
mp-2379939,Ca2SiO4,87.228,43.197,138.21063052006295,83.69923523978318
mp-27275,Li3BO3,72.847,42.251,112.4173193990354,81.16586455209489
mp-27904,FeSbS,123.849,95.505,131.88251168661327,94.86731580975102
mp-28150,BaNb2O6,90.563,35.739,193.2881277865988,96.51059368642356
mp-28630,Na3BN2,46.765,24.856,69.99517784010617,43.74459123210965
mp-2932,Y2Si4Mo3,156.022,98.283,181.7859208168541,117.85614813792138
mp-29463,LiBeN,92.715,65.035,118.80427024557665,97.2995374955253
mp-29520,LiAuI4,6.138,3.8,26.944292112747135,12.296915755732616
mp-29596,Ca3AlN3,93.704,48.55,111.03859961259155,75.17857777972638
mp-2963,CaAl2O4,81.122,43.029,149.6792332349182,94.91924107406184
mp-30981,Te(HO)6,26.626,18.976,125.1913474347698,93.23866492865284
mp-31038,CuSe2Cl,5.622,5.1370000000000005,44.36818792620812,20.342980694862497
mp-3397,Ba2TiO4,64.743,30.35,107.72611724131262,51.569319013727934
mp-3416,Na3AlF6,50.993,28.155,82.83039091313906,48.74801316494133
mp-3470,MgSiO3,97.725,67.421,196.99695122310575,131.32264692219567
mp-3584,NdPO4,114.656,55.684,198.7658046993002,119.15864089731316
mp-3635,LiBO2,62.738,31.277,108.72858440349408,70.8805083991213
mp-3739,NdCuSe2,62.416,30.024,80.01449278852456,40.302978112514694
mp-3768,KN3O4,14.515,6.382,76.68524451330265,54.89267796171098
mp-3962,LaPO4,104.626,48.615,187.20095675152805,109.14393086476215
mp-3963,K2CO3,27.466,12.321,63.56883677526973,41.44636189679864
mp-4138,Rb2CO3,24.861,10.78,55.507505101897095,35.291745847250894
mp-4165,TaNO,267.592,129.73,327.7959833432333,139.10503608347054
mp-4180,Ca2SiO4,96.958,48.988,155.55153472359032,95.87465671022598
mp-4199,Na2S2O3,27.015,13.524,86.58881413153857,56.927242331228136
mp-4249,Hg(CO2)2,44.013,20.522,93.2357155385418,56.0887066350121
mp-4252,SnPS3,16.223,11.956,66.16088772058092,37.79029565445756
mp-4421,LaTaO4,126.822,28.246,211.00971111865064,103.33829843306434
mp-4549,SrSiN2,96.042,34.515,156.32505932492106,105.55434822216966
mp-4556,Li2SO4,45.0,21.273,127.09228641368163,86.93698174444499
mp-4661,ScOF,142.79,62.971,166.39411686636123,79.95893277570609
mp-4662,ScOF,104.243,46.104,149.80052264375192,72.50307610217794
mp-4988,TlAsS2,8.873,5.635,48.59220731837299,20.375135689901622
mp-505368,As2Pb3O8,40.636,21.852,124.32680287172748,61.0007839140876
mp-510535,CsB5O8,27.061,16.982,129.25640064117343,76.84806180807036
mp-5152,La2SiO5,99.469,44.933,160.22831890867607,85.13906448316308
mp-5282,AgCO2,33.367,11.493,44.78306128957813,30.801741838450777
mp-5409,Y4Al2O9,132.792,25.895,160.78942915838664,96.9406522831895
mp-540925,Hg2AsF6,17.53,5.849,76.73928494398108,41.62397105677464
mp-555064,Cd(CO2)2,45.668,22.782,102.3205103531683,55.35522958143813
mp-556548,Bi(BO2)3,87.617,50.69,203.5796995157205,127.1008081525934
mp-559051,BaBiO3,106.167,49.331,119.88397865632275,64.55800070575968
mp-559939,Ba(PO3)2,51.839,24.574,148.89944844220162,97.30215073755129
mp-560927,Y4Al2O9,120.978,26.941,161.91573884723144,97.85078658292092
mp-561511,FeAsS,139.131,117.383,162.8327710438092,117.57660521436904
mp-5706,SnPSe3,17.329,11.328,59.63563205074771,31.500247678855203
mp-5733,CaSiO3,92.34,47.273,157.4045959438999,98.13475512547129
mp-5766,CeCuS2,51.385,11.751,84.11831483345492,46.87717467905819
mp-5929,Na5SiP3,30.046,16.822,46.61304022395983,28.354097419096732
mp-616458,Cs2CO3,22.432,8.493,46.76066822012853,27.643619984953563
mp-752496,TiOF,154.987,66.392,190.5574722031451,80.10926182308616
mp-752730,Ba2GeO4,64.347,31.103,106.86067469073596,58.62382905557914
mp-753257,LiCuF4,27.725,19.272,80.56294108775242,38.01492158367302
mp-753708,TiOF,135.307,57.512,178.81456897553718,80.2386099273897
mp-754134,HfZrO4,203.819,98.598,224.54214742918805,110.25562651471952
mp-7596,NbNO,236.601,110.04,295.4523665701421,115.834770979087
mp-766217,Sr4Cu2O7,94.546,53.21,117.51813550739062,63.668676588633254
mp-768870,Ca(ClO3)2,22.378,13.661,94.3423850292596,61.096482448189285
mp-8842,CaSiPd,65.66,32.776,93.1290728766581,43.222666544856544
mp-8982,CaSiPt,61.333,33.737,105.3658244782372,46.114579951680064
mp-9635,Ag2HgS2,52.636,12.745,68.03370006524572,21.892188058971072
mp-978278,Na(BH)6,11.036,6.038,91.400368141353,86.85334148625284
mp-996983,AgAuO2,63.604,17.878,112.05430819310816,33.105860124842145
mp-12403,LiBF4,14.836,7.539,87.68011096384221,51.15803637174531
mp-4236,BaZnO2,82.555,33.339,93.50962745412872,48.423710394957894
mp-756018,BaMgO2,79.228,40.188,87.60272130288091,54.22179878440309
mp-2455462,B2(CN2)3,5.5120000000000005,0.512,56.421130814157706,35.4507190157389
mp-3955,AlPO4,30.491,36.63,177.41917282841573,111.0768948599615
mp-1008526,B2CN,322.966,226.252,338.08357036712704,247.49953922821592
mp-1014244,ZrZnN2,177.173,80.045,210.9046538353411,128.43618837089147
mp-1014251,HfZnN2,188.438,85.889,212.92586769096445,134.881672532818
mp-1027890,Mo2SeS3,18.749,8.256,84.76789654460977,60.52829483450296
mp-22253,Zn(InS2)2,32.235,16.944,68.9689499521821,31.526053410828354
mp-22965,BiTeI,5.729,4.804,36.2733226551241,17.59437728792467
mp-29057,Nb3SBr7,12.982,7.903,69.39551195512963,37.78758580866108
mp-33723,BiTeBr,6.627,4.678,39.17515010392361,19.129879375592065
mp-36209,TmCuSe2,65.942,29.485,77.84883809794056,42.06089125759107
mp-567713,Nb3TeI7,11.976,8.516,55.070827265686695,31.040067729662777
mp-637614,Zn3(InS3)2,53.459,22.686,72.92826082185323,37.659160303439606
mp-675180,ErCuSe2,65.035,28.853,76.96905814636726,42.332043757853576
mp-675349,DyCuSe2,64.673,28.215,76.10925585016511,41.55384336669107
mp-675902,YCuSe2,61.605,27.881,74.84097333831588,40.57511481644832
mp-6980,ScCuS2,79.868,37.063,96.48895805548312,53.35149747621293
mp-754912,LiCuO2,109.67,25.035,146.19883709699667,54.5403908085893
mp-7885,AlAgS2,75.663,35.872,88.58714338033546,49.17596504574128
mp-27462,AlPS4,6.855,4.068,49.02470423852164,26.981932651115137
mp-13334,ZnSnO3,164.367,62.67,183.2178275601966,95.1681474298885
mp-23736,LiMgH3,40.623,28.674,47.14103031467636,37.340258443236294
mp-3666,LiTaO3,121.383,72.113,238.7173820221276,131.5496779505026
mp-3731,LiNbO3,103.121,49.129,214.7333774466194,114.71979070191836
mp-4431,Ag3AsS3,22.91,6.11,64.9937868387225,22.71429259062446
mp-4514,NaNbO3,100.75,37.235,189.460823279519,101.0289669815844
mp-551918,AlBiO3,126.197,63.244,204.03321709543735,108.72399924076448
mp-552185,AgNO3,32.285,7.759,76.27513225050666,36.71832444324115
mp-5730,Ba(BO2)2,47.902,18.109,94.71411594173443,53.09728616037887
mp-754009,ScBiO3,96.558,39.586,164.6691801236512,76.47481705030745
mp-755568,GaBiO3,103.348,36.043,176.6795406231855,79.18657244660425
mp-758052,LiCuF3,72.986,4.969,89.99077543243706,29.61507151008223
mp-768310,LaBiO3,57.541,15.033,127.3097501216847,52.06969034677196
mp-989524,LaWN3,167.515,55.095,260.2722174011098,140.51259190237806
mp-989576,YWN3,163.844,35.462,271.1416562426602,141.919504326052
mp-996940,TiReN3,269.191,103.364,323.62513263961034,145.97107389082404
mp-22286,Ag5(PbO3)2,89.855,19.145,103.85072213241924,40.11856965953989
mp-28357,NbHg3F6,23.318,2.2,65.89146614178856,25.665864076070623
mp-31220,AlSiTe3,14.548,8.574,52.34967449751321,28.67968510692125
mp-4002,Li2ZrF6,58.042,35.314,112.04003486793248,50.84036564071312
mp-6915,As2PdO6,140.541,74.07,192.9193082159776,106.1545512396247
mp-754065,Hg(SbO3)2,101.62,30.952,161.88992477165957,77.99496860519996
mp-8922,Cd(SbO3)2,107.992,47.314,168.69276561299424,91.07695349379397
mp-9125,Ca(SbO3)2,98.203,50.345,159.27487162876469,95.16871697674284
mp-9127,Ba(SbO3)2,87.909,41.371,135.34042543478225,79.68170923183622
mp-29417,Na3ScBr6,14.933,6.566,28.38384746380908,13.511124255760524
mp-17481,Mg4Ta2O9,148.83,76.439,209.68156426316463,119.97636170386406
mp-1008525,B2CN,321.128,208.41,358.4084266352348,242.10625181988596
mp-1018020,NiAgSe2,77.26,19.075,84.71375113970822,29.492384865894326
mp-1018072,KTiS2,51.499,33.145,68.15947005225115,41.05842908237055
mp-10225,NaVS2,57.655,19.874,70.03240084610418,39.96841563086749
mp-15226,CrWN2,295.098,142.003,359.30225579392226,209.06072293181575
mp-16318,RbTiS2,51.784,31.835,65.06768613000587,39.18060896334291
mp-22958,KBrO3,19.057,10.994,57.053580580271515,34.856155284060506
mp-2420227,V4GeSe8,47.823,44.806,95.15536908171563,57.80888075232682
mp-2802611,H3ClO,8.222,4.34,34.43582873383867,22.48400751995693
mp-28240,CSO,2.012,1.038,34.22542319552553,16.640044461037085
mp-28872,RbBrO3,16.727,9.591,52.95875284636937,32.048835012437216
mp-29643,CuAsSe2,42.788,9.879,59.97345299541144,11.602652266569986
mp-30068,CIN,5.029,3.178,25.785333396555615,15.550502881330232
mp-3107,Ga3PO7,149.786,60.464,198.57362058357995,116.43734647400058
mp-35308,CuCN,9.228,14.778,47.94929980184367,50.6555754460882
mp-3532,CrAgSe2,62.714,22.96,75.72208853849818,38.574732434941915
mp-4182,CrAgS2,77.616,26.272,85.26865504477033,45.91471078406201
mp-4559,BaCO3,46.663,21.432,89.77367904878872,53.566156523455696
mp-5020,BaTiO3,94.151,40.831,166.9554724778752,101.14936622049842
mp-541937,Zn(InS2)2,32.329,17.426,69.24950811149809,34.12962456013775
mp-560676,CrAgS2,26.548,16.293,108.27593858899216,64.12990048170674
mp-568587,CrCuSe2,79.768,30.456,84.97956336794928,48.991825273056634
mp-5862,CrCuS2,92.238,39.336,95.9387651071123,59.075367933819315
mp-7375,KNbO3,103.322,30.726,180.15859170543345,103.97277850945176
mp-754850,NaTiS2,52.215,30.741,80.38738158230471,47.95495858833391
mp-755018,RbTaO3,104.305,20.922,190.5757109722038,122.50567908644896
mp-757100,LiCoS2,69.93,19.302,102.3562808512551,58.210157576152376
mp-7861,CrCuSe2,68.209,21.226,70.53157950986595,39.87813225663237
mp-1001783,LiSnS2,47.326,26.474,57.85904642293327,36.02552344816466
mp-1001784,LiTiS2,60.842,39.777,94.08477969276004,54.78104944115047
mp-1001786,LiScS2,55.65,32.783,79.89949672171697,50.08854578281758
mp-1007663,HoTlTe2,29.727,17.83,40.643285254981706,21.555652202054137
mp-1007907,ErTlTe2,29.857,17.841,40.820894547855175,21.611730350635195
mp-1007908,DyTlTe2,29.759,17.633,40.29331567432656,21.402539079892303
mp-1008561,TmTlTe2,30.528,18.038,41.791611350182585,21.73346781415812
mp-1017508,LuTlTe2,30.603,18.299,42.62433612477711,22.39930067428676
mp-1017514,MgSiN2,222.992,171.341,279.90839341244754,211.40036189451635
mp-1018025,LuAgO2,115.236,32.479,133.16327009272757,69.72820426442775
mp-1018031,KInO2,86.691,43.643,108.4542717955776,54.58738321275313
mp-1018033,AgRhO2,141.419,37.018,171.2508869080289,78.86040752098296
mp-1018051,KTiS2,51.441,33.931,68.81221431284386,39.35255948562087
mp-1018096,Ba2NF,45.001,21.239,60.13214301938104,30.080665964682
mp-1018098,Ba2BrN,37.437,16.787,42.339076705480664,21.27530939770524
mp-10214,Y2GeRh3,136.722,50.308,155.76795905568463,56.30565259474441
mp-10224,NaVS2,59.208,33.967,73.0599622317305,40.41121291007876
mp-1029267,CaZrN2,159.589,113.863,192.5425875630452,140.32813474521765
mp-1029359,CaHfN2,167.939,121.918,195.43435501980196,145.13011725980925
mp-1029375,BaCN2,46.455,4.322,77.65423430684515,37.394127393250145
mp-1029479,Ca(InN)2,91.659,37.724,103.5655590183801,64.18779711244544
mp-10777,RbCeSe2,27.312,16.898,38.0618933150004,22.548484278638796
mp-10778,RbPrSe2,31.371,18.356,43.29928307186073,24.241775899401468
mp-10782,RbTbSe2,34.15,20.777,46.48257032790076,26.865162516033397
mp-10784,RbErSe2,37.031,21.547,47.42583550702445,27.73006923442566
mp-10785,RbLuSe2,36.241,22.803,49.10655361485449,29.153022630202884
mp-10876,Ca3Al7Cu2,70.706,42.193,70.62477979021719,48.10151810866405
mp-10969,CdCN2,83.537,26.788,116.40412937021004,52.06883864257375
mp-11178,SrCeN2,114.646,56.597,117.24889443850932,61.33082122813954
mp-11430,Ca3Al7Ag2,62.159,35.969,68.51368578511439,43.90657624782029
mp-11719,K4ZnP2,17.068,8.485,21.51875152779438,11.802490086819711
mp-1190963,Pr2Fe17N3,155.341,79.573,139.40426267221977,82.26361395537864
mp-1215198,ZrUB24,232.951,193.022,294.8110440040407,213.63586348490892
mp-1217924,TaNbC2,308.794,198.354,362.5429874023811,200.4411479742552
mp-1226352,Cr2Ir2C,307.831,187.727,359.8581701282471,217.6561812691778
mp-12317,SrCN2,56.929,13.863,89.61953886487169,47.42645876878548
mp-12335,MnCN2,95.244,33.227,137.25306609343332,75.02749163571286
mp-12360,AgSbTe2,48.782,16.926,57.33470690218308,24.18266938475419
mp-12527,Ti2Te2P,21.093,14.556,90.12402619322972,49.06044285462804
mp-13313,ScTlSe2,41.765,24.788,55.50345291382747,28.78208333664386
mp-13314,ScTlTe2,32.504,18.692,42.26776258732694,22.226704336806705
mp-14006,BaGeF6,49.629,21.423,102.64708427288542,52.45434805358203
mp-14115,LiRhO2,114.358,43.813,188.2802964784542,105.39190933995631
mp-14116,CuRhO2,163.487,42.539,189.0984839172772,87.23766728802774
mp-14205,K3Cu3As2,23.904,10.21,40.5693327602545,17.538233896499055
mp-1444267,Al(SnO2)2,127.838,41.61,148.7633252747446,67.08351112844088
mp-14790,Ge(Te2As)2,20.643,15.343,55.13539310257458,24.380503190211883
mp-14796,KPt2Se3,24.605,11.179,78.21426000228338,31.63393134317647
mp-14797,RbPt2Se3,23.717,11.021,73.80911298087175,30.271285723614064
mp-15779,Mg2SiNi3,124.71,74.315,134.72346417639218,75.48100184993994
mp-15781,KLaS2,37.153,20.828,50.05359774402072,27.35372752265295
mp-15783,KSmS2,40.489,25.094,55.915023579058186,33.02313956783698
mp-15788,LiYS2,48.397,27.464,71.91599422245123,44.992715886152546
mp-15789,LiDyS2,49.046,27.451,73.86889591038792,46.127907235038194
mp-15791,LiErS2,50.021,28.514,74.45263181233004,47.66052961948993
mp-15793,LiTbSe2,40.551,23.333,61.34355860585446,37.17250859440822
mp-15795,LiDySe2,41.119,24.176,61.85757406931624,37.67183422694935
mp-15796,LiHoSe2,40.461,24.071,62.321451577817136,38.032146065038184
mp-16052,Ba(Cu2As)2,76.143,13.558,93.22941219744008,32.529686718037496
mp-16755,Mg(AlS2)2,21.873,14.885,74.09399699329708,44.1826181385427
mp-16765,Zr2Te2P,21.346,17.264,90.40995152886164,52.05507849848851
mp-19747,Ni3(PbSe)2,57.203,17.818,94.79401878273666,33.71024989443563
mp-19799,BaPbF6,45.434,17.411,81.88865503213508,33.470054785534614
mp-19807,Co3(SnS)2,101.711,54.94,140.0421103466356,70.02788690780227
mp-20458,PtPbF6,53.788,9.287,115.06854614321172,51.32696587325947
mp-20708,In2Ni3S2,60.931,27.627,112.38171616362744,48.43786398206093
mp-20930,InCuO2,121.57,33.594,128.59153606438366,56.004317678532885
mp-21863,Pd3(PbS)2,58.5,17.584,96.46963335140296,30.066673591009295
mp-22566,TlInS2,45.413,22.184,63.67511414279576,25.146898439678093
mp-22660,InAgO2,107.674,28.665,122.95465785855689,52.45159977029036
mp-22936,Ca2NCl,57.888,35.853,73.81815674377438,47.12232824440704
mp-23033,Sr2NCl,47.295,27.118,56.123884776313794,33.650046446503346
mp-23056,Sr2BrN,44.628,25.243,51.52040446919528,31.522358409151884
mp-24081,ScHCl,16.745,9.791,74.81428759795722,47.455087217925055
mp-25372,LiCuO2,118.564,59.679,169.92774099581518,68.07831143978673
mp-25417,LiTiO2,132.322,77.858,193.25241292621735,91.32424755878226
mp-2695851,CdHgO2,77.064,16.08,87.64453821387588,34.29235709374171
mp-27438,TlBiTe2,27.664,15.95,38.0091375646771,17.061879988800342
mp-27682,NaSnS2,39.706,20.865,49.1994369789363,28.189087849876422
mp-27837,NaHF2,32.742,10.903,44.419677430415376,22.92323634094956
mp-27916,AgBiSe2,55.442,16.44,66.12287047920937,25.768509708873452
mp-28006,Ca(Cu2As)2,78.254,15.31,107.09175289476546,33.96121347661471
mp-28302,K4CdP2,16.356,7.963,20.556631707103268,11.056778199858678
mp-28591,Na4HgP2,23.476,12.461,33.259542712308956,17.83472995614444
mp-29149,Li4NCl,40.286,28.342,49.30864995485496,38.17798480355572
mp-29151,Li5NCl2,38.043,26.953,46.35693807675579,34.5604313811703
mp-2931468,ZrScB24,225.71,198.203,283.02781137261076,199.65395275412584
mp-29484,K4HgAs2,14.347,7.232,19.472641007753325,10.182593409480567
mp-29584,K4BeAs2,16.006,8.037,20.178539476785712,11.00597598816412
mp-29585,K4CdAs2,14.836,7.057,18.978029009602032,10.22195547465966
mp-29656,AgBiTe2,47.47,15.999,55.08029714378138,22.70530289528144
mp-29666,Bi2Te2Se,12.946,9.841,50.691582171759826,23.593928520373172
mp-29678,AgBiS2,61.742,14.291,75.46190823959877,29.724276686012033
mp-2997,ThB2C,181.305,124.008,198.86485830657043,130.40502224905637
mp-30091,MgB9N,208.317,152.913,258.1728370248305,205.443116118492
mp-30533,KPt2S3,31.59,13.097,89.67868765147269,39.60591584559343
mp-30580,SrGaCu2,52.608,26.153,64.65499448897849,26.762550632625185
mp-31402,Sm2GeRh3,131.74,45.013,148.95491905195172,51.820800599952776
mp-34460,Ag3AuS2,42.873,1.937,48.57092188449739,11.753338888301936
mp-3613,NaErS2,46.984,28.121,67.70103076526787,41.318360579621576
mp-36329,SrUO4,132.524,45.623,177.34503084969032,74.42783518188813
mp-3637,YOF,131.718,56.884,153.5243401833818,80.91451358725818
mp-3748,AlCuO2,156.0,81.731,193.0690498616657,118.3774765599534
mp-3857,Ba3(PO4)2,66.543,29.566,138.18519457359469,85.13010022447192
mp-38605,Sn(BiTe2)2,16.764,13.418,45.39679203957912,19.88964368481485
mp-3960,CaUO4,137.995,54.77,189.916512039722,76.53834672551473
mp-4026,KCrS2,55.286,34.149,69.39284645216983,42.33348009972381
mp-4124,CaCN2,69.862,20.23,103.49520656052368,57.43646732059381
mp-4280,GaCuO2,148.134,55.03,166.79754085761675,81.64117712446331
mp-4383,Nd2Fe17N3,156.971,80.253,142.67159456731676,83.53019276509606
mp-4483,AgAsSe2,61.135,22.406,72.06311767037572,30.54550600172148
mp-4494,NaYbS2,36.215,11.768,69.55488269409813,41.94884334213832
mp-4519,KPrO2,67.63,36.621,94.68108855525948,54.52792261674217
mp-4573,TlSbTe2,28.606,16.998,39.36325113371496,17.199426022802957
mp-4636,ScCuO2,135.234,44.365,147.271445327019,79.91437605050925
mp-5175,NaInO2,90.689,50.611,124.16567816027984,66.38971578353765
mp-541911,HfNCl,30.612,11.245,136.15393782970244,70.29681593766486
mp-542791,ZrNCl,25.629,14.551,131.50952274038275,65.072517768031
mp-5475,NaTaN2,136.044,88.887,219.57241664144615,141.33776742899855
mp-5528,Ni3(SnS)2,60.846,26.959,116.619437097439,44.84298232448983
mp-554212,Tl2Ni3S2,46.555,17.662,93.50037172223443,37.55914452501282
mp-561751,CsErS2,41.486,26.154,53.3344309992066,31.90686667019268
mp-5634,NdOF,125.408,12.254,141.73886179397044,74.62553478793457
mp-5662,Ce2Fe17N3,151.877,78.895,143.33300700583948,81.55955299004121
mp-567441,HfIN,20.721,11.256,110.97329473625504,58.17261130380699
mp-568592,ZrNCl,24.623,12.548,132.61083535830585,65.12784340215752
mp-568991,Hf2Al4C5,190.181,129.36,214.73844565264216,162.16448086873
mp-5693,NaCrS2,60.393,34.579,78.40099842211984,47.155274928650634
mp-570097,Sr(Li2P)2,42.562,33.657,47.16203439327641,39.19187413485236
mp-571419,Zr2Al4C5,184.048,124.562,209.20455855620563,155.03320861356727
mp-571461,K4ZnAs2,14.495,7.556,19.352954491902903,10.49474000555693
mp-573316,CsPt2Se3,22.171,10.872,70.8628044928079,29.038197721547657
mp-5773,BaRuO3,115.604,37.097,169.63894131322232,73.5327146188589
mp-578601,NaNbO2,133.066,63.662,202.97316221062144,96.02693621512776
mp-578606,NaCuO2,111.932,57.044,134.52791844508076,55.19325975123982
mp-5798,Al6C3N2,158.937,104.243,177.11012228073574,138.94146806788555
mp-580886,ZrIN,22.311,12.264,107.10994697341911,55.29674817952618
mp-624492,Li(Fe3Ge2)2,127.273,59.397,144.194111486024,76.48906239937315
mp-654812,CdCO3,98.773,69.661,123.5110978711761,66.12923260332495
mp-675283,TlPF6,13.435,2.746,82.23101113816415,50.09649935795443
mp-690794,Sr2HN,39.431,27.03,59.381940896034614,37.095947950741326
mp-6972,YCuO2,115.991,32.461,127.40482408546237,65.30510117124854
mp-7002,NaTiO2,104.141,63.701,162.03190332356942,78.664515988415
mp-7017,NaNbN2,129.459,85.619,199.02668588755873,125.08162868599264
mp-7041,CaHgO2,66.621,18.564,80.15040068202708,42.22980515240304
mp-7240,NaRuO2,94.522,16.158,154.5887544282822,59.401469444979355
mp-7439,K3Cu3P2,25.523,10.614,45.18589887186382,17.559128934300936
mp-7476,RbDyO2,78.05,44.923,102.88170732929191,62.30301120645931
mp-7477,RbErO2,81.747,46.64,105.71865091594984,65.65448789301571
mp-7478,RbTmO2,82.532,47.336,108.76150884889998,67.16217298723032
mp-7480,RbLuO2,84.479,49.502,112.14925188567452,69.11005294979763
mp-7502,K2Sn2O3,23.584,16.772,56.15748582516056,31.27086342826106
mp-753098,LiCuF2,57.622,24.837,69.23005136213125,38.04190752421391
mp-753226,SmAgO2,100.303,24.628,114.76256630243928,55.81456664764205
mp-753260,LaAgO2,90.615,23.117,100.53053102463252,41.012405963458015
mp-753298,PrYO2,115.762,77.53,157.42138139643285,83.14909006040459
mp-753380,La(BiO2)2,68.884,21.538,99.25541104090604,39.49216994326992
mp-753721,GdOF,126.672,53.616,146.7682606572806,74.99294570478858
mp-753774,KTmO2,85.994,50.551,114.2092444940048,71.36336258045355
mp-753898,LaTmO2,119.536,83.776,145.42702200877227,94.79566061105406
mp-754040,CeSmO2,141.282,73.418,146.64976597676815,71.79081330029601
mp-754126,CuAuO2,147.559,31.825,168.70999887117893,42.36881768939739
mp-754158,KNdO2,69.683,38.368,96.55211074491972,56.66164914410864
mp-754344,LiZnO2,101.841,45.232,147.6212876782247,48.80981345826862
mp-754502,SmYO2,104.052,43.61,122.1073478930702,63.7685805404894
mp-754537,LiLuO2,96.985,46.12,151.06986261648154,102.43507363071056
mp-754538,HgPtO2,39.043,14.826,101.39283497391249,55.660699622884785
mp-754542,LiVS2,61.175,32.603,78.36431214940562,45.9571667833957
mp-754567,NaCdO2,69.553,28.076,99.06635135699337,36.944319878377854
mp-754777,NaLaO2,63.943,32.067,96.48769018099854,50.147900639689624
mp-754823,ErTlO2,87.263,36.283,108.76683605481428,59.20321681096036
mp-754825,NaTmO2,89.39,53.39,126.3852687869915,83.14042485238345
mp-754883,KHoO2,82.791,47.939,108.24082335225964,67.77388304677665
mp-754933,SmTlO2,79.013,31.987,95.94464436294948,51.586851389103686
mp-754960,SmIO,15.981,9.76,74.81653792599172,37.94493467431485
mp-755010,KYbO2,61.719,18.755,114.71100383289844,74.35515212534523
mp-755219,ScTlO2,99.101,42.556,123.65586362456504,65.23134390238506
mp-755544,YTlO2,83.732,34.596,103.75243496730248,55.50011594467894
mp-755581,NaCeO2,64.896,36.388,103.60212819008592,47.64355106391658
mp-755714,SrEuO2,80.014,54.35,96.90028451995384,55.66783436350405
mp-756034,NaSmO2,74.437,40.862,110.46063174811822,69.09814222388567
mp-7569,KAsF6,16.776,6.563,88.03478869906097,50.437062915591085
mp-7748,NaAlO2,133.356,87.199,170.33359046487314,117.8803335346975
mp-777047,LiTmO2,93.296,40.168,144.35933196974975,97.36892480970594
mp-7814,Ta2CS2,37.686,23.281,194.23456247378513,113.06682529439937
mp-7914,NaScO2,100.745,66.176,139.56687348560433,90.79956775519116
mp-7942,NaTiS2,50.05,34.134,81.49288688868964,47.43862956528958
mp-7959,KErO2,83.58,49.484,110.63605140151434,69.8051436572435
mp-7973,RbNdO2,68.969,36.925,92.80817679694414,53.37058843151711
mp-7974,RbSmO2,72.801,39.626,96.47677935846666,56.163456455309635
mp-7976,RbGdO2,76.184,39.962,95.6689620321748,54.29172698783045
mp-8001,LiAlO2,142.701,96.813,198.00529343633795,143.83650070042978
mp-8002,LiGaO2,118.336,71.709,173.39562275211694,98.67323413831323
mp-8013,KRuF6,11.553,4.906,94.8655983128544,38.814550080637986
mp-8014,RbRuF6,10.98,6.112,86.19239229765216,34.81192636179014
mp-8175,KTlO2,71.739,27.414,92.55330407641397,33.663693022859356
mp-8176,RbTlO2,69.312,23.024,87.65327439468903,31.366532011477652
mp-8188,KScO2,95.827,57.465,122.90539128164522,76.68335684231299
mp-8211,GaGeTe,15.227,10.596,51.72935119037734,32.05520628653542
mp-8291,BaTiF6,49.076,22.261,103.08958801553798,48.625275767588455
mp-8308,Ca3Ni7B2,102.596,50.245,126.75113264874128,62.51055274003854
mp-8348,TlSbF6,15.209,5.277,83.53877727156093,38.40701342195683
mp-8409,KYO2,78.584,46.437,103.28962264861202,63.99083771411624
mp-8608,K(Cu2As)2,51.763,20.635,81.40829220300883,26.336529692322618
mp-865990,Y3Al7Cu2,86.943,58.97,93.82970872934392,64.52101073575608
mp-867735,PrSmO2,113.333,64.272,160.51329875219892,68.57988774759711
mp-8752,Na4CdP2,23.586,12.6,32.31848822055558,18.09965775473687
mp-8753,K4HgP2,16.008,8.277,21.656832171872445,11.274110089878418
mp-8830,NaRhO2,109.969,59.556,168.44929685764794,97.0487313747123
mp-8927,TaCuN2,215.162,58.845,238.33917787143585,123.39367763663306
mp-8969,Mg2Ni3P,125.782,69.791,143.474030300652,79.71221417646775
mp-9035,NaLuS2,48.095,30.181,69.9065764340106,43.156824832250074
mp-9076,NaTmS2,47.536,28.714,68.90617160737564,41.710617353384215
mp-9085,CsTbS2,41.027,25.399,51.846786476259595,30.73411499614152
mp-9166,MgCN2,96.751,31.757,139.78206350360142,84.6375288147584
mp-9274,Rb3Sb2Au3,15.491,5.4879999999999995,33.86661012362161,10.523221237463463
mp-9379,Sr(SnAs)2,40.513,28.465,52.01585215999192,28.728844000584232
mp-9382,SrZrN2,148.786,101.048,174.05029174953603,118.9450036159462
mp-9383,SrHfN2,156.263,107.326,176.90954610442682,123.14343090617122
mp-9479,Mg(AlSe2)2,18.423,10.156,58.77759657772938,34.3245009744103
mp-973185,ScAgO2,122.232,37.565,140.07970651311825,73.28754019353268
mp-977428,YbAl2Cu,68.224,42.706,97.26338428756942,62.95598282060144
mp-9872,K4BeP2,18.358,8.524000000000001,21.898291808070347,12.031761232830478
mp-9926,SrRhF6,56.453,15.766,111.53585091334268,46.248034048509766
mp-996981,TlAuO2,88.891,18.483,96.8429587217612,33.67156427298202
mp-997025,PbAuO2,68.491,17.253,86.05685442362307,38.93661414360759
mp-999121,TbTlTe2,29.494,17.502,40.812717672065816,21.2586798466456
mp-999126,NaTbS2,44.885,27.446,65.69883516127739,39.73449545418538
mp-999127,NaTbSe2,37.348,23.515,54.89734691596318,32.17567273315191
mp-999132,SmTlTe2,28.406,16.803,40.03551334521731,20.6379853777922
mp-999139,TaHgS2,18.901,12.666,85.26848741174196,45.68951829702058
mp-999269,RbSmTe2,24.988,14.469,35.373140608226244,18.63025871279966
mp-999450,NaSmSe2,35.686,21.517,53.2391135299607,30.55642310333523
mp-999455,NaSmS2,43.099,25.836,63.06464160640711,37.58828629490454
mp-999460,NaScS2,51.116,31.329,71.15096377171861,42.865777119836366
mp-999470,NaNdS2,41.505,24.811,60.96390545248892,35.73211624324236
mp-999474,NaHoSe2,37.932,24.123,55.72443289025194,32.56626970470572
mp-999490,NaDyS2,45.768,27.774,66.49872493461547,40.10180543394674
mp-10010,Al(CoSi)2,187.321,97.117,201.17536664455696,116.21592999088544
mp-1006146,Eu(MgBi)2,32.63,22.291,39.35350818430922,24.929848690664976
mp-1017549,Ca(BH)2,106.786,86.769,146.09217038571506,120.94939239433248
mp-1018656,Ca2H3Br,41.258,25.652,50.02354226901451,34.621411315282984
mp-1018764,Li3HoSb2,44.465,33.579,50.89605343436848,35.50972624513411
mp-1018770,Li3PrBi2,37.325,27.09,41.61000635405035,27.96009100790847
mp-1018780,Li3SmBi2,38.262,28.031,42.96711502946148,29.108712310056504
mp-10189,LiTiTe2,35.309,27.015,54.90534671146215,33.26497395552148
mp-1025099,TbGaI,11.861,9.65,53.65006264412151,37.446214557994615
mp-1025312,Mn(NbS2)2,21.11,9.018,95.69304734751653,46.691952465640775
mp-1025350,Nb2CoS4,22.211,63.614,131.38821223893052,50.49311763131295
mp-1029258,Ca(ZnN)2,122.599,79.606,130.89470765314204,83.60891262521946
mp-1029309,Na2HfN2,33.135,21.646,102.60005180864182,67.24676255907436
mp-1029316,Na2ZrN2,39.38,24.691,97.67496758552564,64.08705583761089
mp-1029330,Hf2SeN2,159.176,81.861,198.1532738114157,107.49584732346376
mp-1029337,Zr2SeN2,148.143,74.511,186.46960063950843,96.54864668916052
mp-1029385,Li2SnN2,112.952,85.985,140.80473946836753,95.4268430238258
mp-10314,Yb(ZnAs)2,59.843,37.689,83.65336994939969,38.33022490883308
mp-10402,TiTl2F6,25.672,7.213,71.78887340035625,32.037376337581456
mp-10405,Yb(AlSi)2,62.946,43.955,96.82539012537354,53.51152108332176
mp-1041194,CaTiS2,81.581,53.96,81.13757001115503,54.069353010152454
mp-10435,Y(AlSi)2,77.086,41.59,93.150484479417,56.25513547219209
mp-10521,Y(AlGe)2,70.326,38.044,88.3773072109112,48.756704224397545
mp-10550,SrMg2N2,93.805,71.102,104.05346287848238,77.39982505782774
mp-10918,Rb2PdC2,30.432,13.747,41.496879286322915,16.952932927381404
mp-10919,Rb2PtC2,36.208,17.029,46.80477161991679,19.46758963871033
mp-10996,Yb(MgSb)2,40.911,27.929,55.36630941668411,24.756816794316492
mp-11620,ZnNi3Sb2,93.503,16.841,123.77903753427152,26.49975252913532
mp-11834,CuNiSb2,81.671,38.407,106.26479408994776,52.68783820622101
mp-11917,Mg(BeN)2,184.695,166.544,214.40374025060743,180.13984485707493
mp-12669,Dy2SO2,120.352,65.3,144.75277417557987,78.68302554926963
mp-12908,ScAgSe2,61.141,20.845,72.25001030814396,28.753111955433567
mp-12953,TmAgTe2,47.341,18.114,57.13481923597129,20.87350885882683
mp-13946,Rb2ZrF6,19.966,10.778,68.04895230919232,31.111408539773503
mp-13947,Rb2HfF6,21.791,11.185,71.74989912958377,33.85889208462402
mp-13948,Cs2HfF6,19.374,9.084,61.14569002135536,28.396258579026476
mp-14791,Ge2Te5As2,25.98,21.48,54.871736792959936,23.969020282588936
mp-1541458,Mg(ReO4)2,16.491,11.846,155.1007027823648,68.16702715196384
mp-15800,Ti3PO2,181.87,66.326,181.93763619284852,52.236190537604486
mp-15986,Hf(CuP)2,128.834,67.701,148.20410072562072,79.66988036405465
mp-19774,Eu(CdSb)2,38.252,18.867,48.44091491868052,23.718690671746373
mp-20128,Eu(MnAs)2,63.082,33.49,55.06171075336052,43.353761331510896
mp-20151,Eu(AlGe)2,55.443,38.376,70.7456700456247,41.41785635390544
mp-20595,Eu(AlSi)2,61.992,42.25,76.01384587391789,45.927065301449026
mp-20793,Ga2FeS4,16.854,12.987,73.06216018727007,47.62638242556869
mp-22609,Eu(CdP)2,52.436,35.029,67.33356473659715,38.758641945826696
mp-22716,LiCu2P,77.333,32.433,112.21202354379224,39.48736765301955
mp-2352785,Zn(InS2)2,12.842,8.873,62.32245907608839,29.15942135420141
mp-2365577,LiNiS2,71.293,34.235,96.01491390936862,42.655922743941275
mp-23709,Mg(AlH4)2,17.913,7.326,47.349576240200705,26.285749996545366
mp-23879,Ca(HO)2,35.543,21.012,89.68481253121523,50.44834475106859
mp-27544,Cs3Bi2Br9,8.611,4.661,22.966439874044703,10.211575350588424
mp-28479,Sc2CCl2,21.429,11.575,87.23386359659914,60.61382408169991
mp-28480,Sc2NCl2,28.825,17.814,101.51835574907749,69.59321839824834
mp-28938,Nb3TeCl7,12.425,8.64,75.22440670003695,39.79749793146773
mp-29069,Na(CuS)4,58.012,22.313,83.25122747472568,38.76181782106786
mp-29208,Ca(MgBi)2,34.698,22.208,39.35753938198612,24.17680877095469
mp-29209,Ba(MgBi)2,31.668,21.056,36.652946004056325,21.220052083102303
mp-29615,Ca(MnBi)2,31.174,13.621,35.92553155924314,19.481142381586483
mp-29624,Mg2Al2Se5,16.399,10.996,59.88817898022529,35.35017472200605
mp-29641,GeSb4Te7,18.188,14.027,49.267807506948685,21.150231016160745
mp-29659,FeAgTe2,49.299,13.74,51.65591980101404,20.678286278413697
mp-2968,Sr(MnSb)2,30.716,17.37,40.45229201104974,24.947529988966853
mp-3006,P2Pd3S8,5.4879999999999995,5.003,69.95881135307297,36.94104931224803
mp-30242,Mg4H2O5,88.485,69.588,152.9668129367726,105.06866511353942
mp-30244,Mg2H2O3,62.075,34.799,136.5428368601901,86.4725228090547
mp-30245,Mg3H4O5,54.791,34.467,131.6074846835702,81.5855593685145
mp-30247,Mg(HO)2,51.731,40.488,126.3186497827404,79.06832946238964
mp-3048,U2SeN2,126.252,70.395,146.07199256435106,84.09343984053665
mp-3211,Nd2SO2,107.491,55.72,129.76225215102718,65.91954678528344
mp-3216,Li2ZrN2,132.436,113.262,175.4805878097217,133.451063044907
mp-3236,Pr2SO2,104.958,54.191,125.20065514872904,64.30695109200579
mp-3534,Ge2Sb2Te5,22.025,15.452,49.759434297073064,18.732664395077688
mp-3556,Tm2SO2,127.607,70.856,148.08472926822185,82.3100673596586
mp-3821,K2PtF6,24.229,10.53,79.15585914024979,37.15407514900686
mp-3833,Mg(AlSi)2,62.188,32.953,79.17429482209192,41.34729394029805
mp-3862,Ca(AlGe)2,59.086,37.748,69.76986528808402,40.68444741201857
mp-3970,K2TiF6,27.845,12.002,77.60228764339571,40.264135974936146
mp-4150,Ca(MnSb)2,43.915,19.476,42.507292792176344,25.530470676595947
mp-4226,LiCrS2,64.206,40.013,82.38256622670525,52.4317522601619
mp-4343,Sr(MnAs)2,52.687,31.048,49.64329517913903,39.80141519070138
mp-4366,Na2PtC2,54.301,25.524,62.89213206001892,28.86710905120376
mp-4638,TlCrTe2,34.601,20.607,46.22550948656046,23.94005950739997
mp-4805,Gd2SO2,112.425,60.067,135.96162258488096,70.07699890521506
mp-4823,Na2PdC2,47.04,22.117,57.82574375127952,27.612782903819788
mp-4836,Yb(MnSb)2,43.87,18.882,63.60972252123188,30.091562026035696
mp-505824,Cs2PdC2,27.319,12.019,39.22646946309941,15.707924166422014
mp-505825,Cs2PtC2,32.694,14.59,43.43759945960899,18.14767577864366
mp-5381,U2PN2,153.594,86.061,171.13658759814956,97.2068257811979
mp-541014,Cs3Sb2I9,8.137,4.516,18.556716467440054,8.729891151099096
mp-541487,TlPt2Se3,22.482,14.331,89.61239837632174,32.64848692352405
mp-5498,Ca(MnAs)2,63.206,34.526,55.319333429898016,42.90794643510618
mp-553303,CsCu3O2,6.316,7.237,60.16101717516359,21.64568048675699
mp-553875,Zr2SN2,157.723,75.141,199.3563996554792,100.51004086068288
mp-5589,Sr(MnP)2,77.447,47.371,67.26253423630803,54.359145192930306
mp-559976,Ta2CS2,34.146,23.124,198.9394855922631,115.49254812160842
mp-570930,Bi2Pb2Se5,17.34,11.654,54.70921178846984,22.711261991246833
mp-571554,PrAlSi2,77.718,40.872,88.88815981948291,51.358302822017286
mp-5739,U2SN2,133.28,79.861,157.02121076809522,90.6960806606306
mp-5745,Nb2CS2,40.643,26.257,184.93037193107415,104.1880968006739
mp-5795,CaMg2N2,101.805,73.927,112.63869733981186,86.48095205503239
mp-582227,Eu(MnSb)2,42.357,20.122,46.07493990696635,28.41703704875039
mp-582736,Eu(MgSb)2,35.981,26.016,46.28590720084875,30.45010894526585
mp-625487,Zn(HO)2,54.605,29.387,128.7607393606657,52.56376046208839
mp-632657,ZrNCl,23.709,14.281,95.08423706696608,51.35996577355044
mp-643370,Ba2MgH6,38.587,30.856,44.216841279747065,34.66409784488038
mp-644225,Sr2MgH6,44.442,36.437,46.89731181597029,40.56375322261414
mp-644229,Sr(AlH)2,42.514,36.787,59.56897752414229,44.35854625100024
mp-644278,Y2H2C,95.473,66.735,112.86763660604944,74.3150096311579
mp-6931,Sr(AlSi)2,58.659,38.924,71.83211824082474,42.512221841038986
mp-6953,Ca(MnP)2,87.284,49.979,78.13837109900233,57.28187821281425
mp-6959,Ga2NiS4,16.259,10.65,77.1022017120922,38.314199060572335
mp-7038,TlPd2Se3,22.474,12.159,73.1277869957694,23.06392282051984
mp-7067,Ca(CdAs)2,49.416,29.511,59.951709940469534,31.645632107863353
mp-7121,Dy(AlSi)2,78.53,43.513,93.63883879836688,56.49590038975303
mp-7297,Cs2SnF6,18.663,8.75,54.36626249752296,26.558009525300942
mp-7429,Ca(ZnSb)2,43.544,14.186,53.990615143984925,24.22711043918094
mp-7430,Ca(CdSb)2,39.354,20.206,48.19707475463594,21.964174853184275
mp-7431,Sr(ZnSb)2,42.07,12.806,51.33705232271668,24.107971331605725
mp-7432,Sr(CdSb)2,37.561,17.071,46.345906969358104,22.69343549604557
mp-752947,NaTiS2,53.161,36.796,81.23930616753503,50.5206506856486
mp-753920,Tm2SeO2,119.03,67.155,137.80640605807716,76.80420902532742
mp-753946,LiCoS2,76.01,47.947,111.44520002849936,57.91658362904679
mp-7543,LiVS2,64.697,189.536,74.94741927483064,51.489322621383415
mp-754375,NaTi2O3,141.836,81.135,178.07497042796209,77.0759724960997
mp-755570,Li(NiS)2,72.246,20.112,104.96105307765752,46.8722106912645
mp-756094,LiFeS2,70.86,31.867,89.10643785394063,51.13964276971534
mp-7704,Ca(AlSi)2,60.78,42.058,74.8111795921157,45.72292395066501
mp-7770,Sr(ZnAs)2,53.997,33.006,66.61215037329353,35.3289316229461
mp-7771,Sr(CdAs)2,46.795,28.778,56.11591907227886,30.14519088450893
mp-7777,Li2PrP2,49.171,23.079,56.544826264418326,35.4879315604002
mp-7779,Li2NdAs2,44.285,19.862,50.33581140432897,30.01119348242671
mp-7786,CsCu3S2,10.16,7.343,45.25236544598491,16.126609302434378
mp-7824,K2ReF6,26.136,10.888,80.58235383888842,29.908001794201112
mp-7903,Cs2ZrF6,18.985,9.167,59.54389304975973,26.775629275696712
mp-7949,Rb2GeF6,20.664,9.303,69.8470581457396,38.13620158724053
mp-7979,K2PdF6,23.767,9.335,71.81812985051234,37.838664950164784
mp-8132,Li(TiSe2)3,23.112,17.774,79.30710897578882,44.35023798426406
mp-8150,Ba(CdSb)2,35.993,16.34,44.21834612012864,21.11547581519639
mp-8181,Li2CeN2,110.495,65.413,121.40723415388872,66.22581482714645
mp-8191,Cs2PtF6,17.328,7.681,62.538744178490894,29.141855727421913
mp-8219,Zr(CuP)2,127.405,64.32,145.32562753568598,77.12472701351581
mp-8276,Sr(ZnP)2,63.496,43.654,76.68664318882396,43.50355668973179
mp-8277,Sr(CdP)2,53.94,34.745,63.110387881535615,36.6952366913188
mp-8278,Ba(MgP)2,51.07,38.104,58.110802640027856,40.03385848010099
mp-8279,Ba(CdP)2,50.707,32.604,58.87736606007645,33.56910772752078
mp-8280,Ba(MgAs)2,45.089,33.213,52.52460011216655,34.86389655633288
mp-8281,Ba(CdAs)2,44.501,26.805,53.106173441315306,29.203758739260547
mp-8407,Li3LaP2,56.817,45.426,61.96600065394803,46.20377675276206
mp-8579,Ba(AgS)2,50.57,20.189,54.67095945543963,27.03486496758191
mp-863260,Sr(MgAs)2,47.545,35.48,56.443718254267395,38.414634844807985
mp-865185,Mg(BeAs)2,76.107,45.528,96.75571669771966,48.42077356700461
mp-8994,Rb2NbF6,21.645,9.05,64.77046936552472,22.628537291021544
mp-8995,Cs2NbF6,22.614,9.447,54.94477128795547,18.51057292479964
mp-9006,Ho2CF2,105.953,65.305,136.07645123268068,85.95850370359756
mp-9251,TlTe3Pt2,23.076,15.407,73.52846115935475,26.187513628571995
mp-9257,Yb(CdSb)2,40.555,21.583,56.973658928688785,11.70968641054776
mp-9272,TlPt2S3,27.301,15.986,99.70560310519556,39.95181111965984
mp-9385,RbAu3Se2,9.541,3.555,42.544522801819504,10.828903889177218
mp-9386,CsAu3Se2,7.606,2.961,40.45244594647617,9.844129068045088
mp-9400,CeAlSi2,82.941,44.343,94.00094374479026,56.937104725570734
mp-9514,Mg(AlC)2,132.844,91.296,161.2801122809561,125.18460797852126
mp-9564,Ca(MgAs)2,50.032,36.09,58.79431977252162,40.676742905541246
mp-9565,Ca(MgSb)2,39.782,26.42,45.83845279988233,29.28919763903319
mp-9566,Sr(MgSb)2,37.968,26.095,44.9223846291013,28.917399622400957
mp-9567,Ba(MgSb)2,36.216,24.844,43.96410823576691,27.388180846045593
mp-9569,Ca(ZnP)2,66.211,45.563,81.64340465511359,48.85241098235883
mp-9570,Ca(CdP)2,57.023,34.608,67.43192498709782,38.365693487632846
mp-9571,Ca(ZnAs)2,57.237,35.241,71.44326929408369,37.38974120269201
mp-9582,Yb(ZnP)2,70.369,49.154,98.66177956961788,48.45414813399199
mp-9592,Yb(MnAs)2,64.678,35.334,79.69730730770235,49.576189331806425
mp-9615,LiTiS2,65.258,48.553,92.78508346969151,60.18704885662394
mp-9912,Li2CeP2,57.891,35.063,64.85277670868932,41.1599040019969
mp-22930,Rb4CdCl6,14.264,7.736,23.385411148507547,10.807466135385246
mp-23392,K4CdCl6,15.735,8.358,25.724421527163933,11.941740696092625
mp-2920,LaAlO3,180.191,101.264,215.12527709452615,129.9527037510023
mp-3336,LaGaO3,161.922,69.839,187.95702829070245,90.72209791317503
mp-3408,CeAlO3,182.218,59.449,209.05548789560197,124.70577260140394
mp-3466,PrAlO3,184.409,103.755,214.5239868902849,133.31450417412933
mp-38035,SrCO3,62.636,22.129,98.18455641167245,60.24666146798672
mp-3889,NaBO2,45.442,20.982,89.79531905027756,61.3650402339143
mp-3953,CaCO3,75.231,33.182,117.81609014724658,72.42628406779828
mp-4385,CdCO3,89.565,29.309,129.43405642444696,69.45513417051195
mp-4531,NaNO3,26.795,12.399,70.42591468527023,47.12964842524004
mp-4900,BaCeO3,109.913,27.466,118.21582268102944,56.91284924182611
mp-5348,MgCO3,103.452,56.315,167.47493861131966,108.92575783886346
mp-5364,YbBO3,80.342,29.012,165.1109513199019,106.51618426143958
mp-552588,LiNbO3,144.515,76.732,221.81806893758616,118.28655089786734
mp-674478,BaCO3,52.012,15.063,84.51365061230936,48.84203712049297
mp-7027,InBO3,149.91,61.546,175.95648304873583,101.37400021286504
mp-756214,YAlO3,188.656,86.342,218.7337666748195,130.32851035669637
mp-779545,Na3CuO2,43.258,16.37,56.29584979735483,31.14170014184676
mp-8110,AlBO3,202.44,121.355,252.34139043504692,167.8538497507814
mp-8180,LiNO3,39.77,22.996,101.63183930392756,61.53805843088126
mp-861228,Li3CuS2,38.568,19.728,46.14183487804876,26.46663902528469
mp-8697,ScBO3,158.788,71.217,189.97444089436289,113.7841191154557
mp-9716,TiBO3,178.989,64.066,207.17496307335597,116.71870890522445
mp-9812,ZnCO3,113.947,43.981,165.98912566552863,91.6825902529354
mp-998418,MgAgF3,80.974,60.572,84.97749982261128,38.92520783984285
mp-30148,BC2N,375.423,419.8,473.70034865557386,389.51681084021385
mp-4202,BaAl2O4,84.0,41.224,131.5893026099621,82.23842032435604
mp-5492,SrAl2O4,79.915,43.078,141.15333963204756,88.61384881868787
mp-559390,CaAl2O4,75.432,42.587,149.26870300764548,94.41114998554596
mp-36775,SrAl2O4,88.628,44.834,141.56374258883017,89.21519546966408
mp-3706,Ho2Co12P7,201.47,106.337,226.02135716069512,122.38568677464995
mp-540809,Zr2Fe12P7,215.004,126.142,224.13939209497576,138.59510911802158
mp-541196,Ce2Fe12P7,176.981,112.719,199.82275836179943,123.0547424708388
mp-1029531,Sr3ReN3,58.683,28.697,102.887048880633,54.34765292775129
mp-1029537,Ba3RuN3,44.581,24.266,84.24201075200587,38.91003253974414
mp-1029573,Ba3GaN3,37.747,19.922,65.17067858344156,35.96464610288946
mp-1029610,Ca3CoN3,79.531,45.005,112.99275957404797,65.25413684813778
mp-1029640,Ba3OsN3,48.894,26.01,88.47652273501402,42.00802009964442
mp-1029655,Sr3WN3,56.853,29.774,101.7989866825822,54.41706945826126
mp-1029659,Ca3FeN3,71.871,46.556,110.9263692920289,68.2029018142628
mp-1029719,Ca3MoN3,52.788,22.998,111.55734695274828,60.02861029400399
mp-1029741,Sr3IrN3,65.898,39.114,107.49880717215042,55.796330974907846
mp-1029750,Sr3RuN3,61.376,34.671,102.52700582833438,53.480727629701725
mp-1029943,Ca3GaN3,79.585,52.24,100.78898743421452,67.1296833473576
mp-12906,Sr3CrN3,47.647,29.98,92.97496380440266,52.70568573283955
mp-22061,In(TeMo)3,32.991,9.685,107.981882562349,54.142836480459785
mp-3411,Tl(MoSe)3,34.649,15.825,123.65727113409416,61.57766422770655
mp-35644,Sr3FeN3,58.192,34.694,93.63076663351907,53.48905241047708
mp-4584,Tl3BO3,20.152,11.808,55.38946398050123,25.273684296510098
mp-7191,Sr3GaN3,60.178,38.083,82.41470579265302,50.971573459572184
mp-8306,Ba3FeN3,31.23,19.247,77.83474223122414,38.68868196028213
mp-9324,Ba3MnN3,32.686,20.268,73.56162347448948,37.536736168599326
mp-9325,Sr3MnN3,51.62,31.792,89.37766564917682,51.693330404320186
mp-5971,YBPt2,159.168,52.283,184.45963828305497,67.41607412526837
mp-571428,MgNi3B2,191.72,87.084,206.7405968821525,114.51328899676732
mp-941221,Li(BH)5,16.486,10.386,92.45154290794876,85.82001619834102
mp-5859,AlPO4,58.017,22.432,124.66285724578296,77.44846146335138
mp-29196,AuCN,36.759,20.852,56.53670516377927,30.53961046170377
mp-28549,Li8SiO6,77.448,56.475,113.17665726636707,83.85381177841633
mp-1018657,CaBiAu,49.307,21.614,58.0699175971387,28.07306020220339
mp-1018694,ErZnGa,75.872,59.377,87.6147890917016,63.57499308162373
mp-1018902,PrSbPt,86.816,35.836,95.94589790897594,47.49804401978356
mp-1019259,SrSnHg,36.162,21.448,37.87533522740479,22.923374697398085
mp-1019277,SrHgPb,32.261,18.165,34.99291035524401,18.867557665158714
mp-1024954,HoCuSn,79.602,53.287,89.27712919626084,59.979496205246726
mp-1029313,NaRuN,94.744,35.617,139.66197345322738,59.885223628356925
mp-1029357,NaZnN,63.702,33.023,75.65680211127476,44.58691766804866
mp-12505,LuAgSn,74.223,39.843,86.90817719498206,51.4506843401321
mp-13200,LuCuSn,78.999,54.432,93.24230312375028,61.37669170340959
mp-13202,YCuSn,77.995,52.304,87.5621384734483,58.87739439552415
mp-13203,ScCuSn,89.047,54.852,97.89824435414845,64.72724610955065
mp-13302,LuSnAu,79.222,40.523,105.3207664632236,56.34900988275098
mp-13303,ErSnAu,78.252,42.379,100.26755337550156,54.193667951456
mp-14168,K2GeF6,22.604,11.68,73.88126019670295,40.42734268739458
mp-16750,HoCuPb,69.964,45.797,79.29684394213226,47.299595585443846
mp-16751,ErCuPb,71.734,46.03,80.72573076966582,48.1892133277422
mp-16753,LuCuPb,72.224,45.561,81.71271226617016,47.87725686448115
mp-19983,TiCuSn,103.401,55.201,126.3422538934948,69.63112871678385
mp-20010,DyCuGe,83.761,54.767,101.03725843729364,59.51231174596731
mp-20290,TbCuPb,69.232,45.363,78.58284906351277,45.834287400473656
mp-20663,TmCuPb,68.88,45.973,80.14868374669172,47.47363206266842
mp-20865,YCuPb,66.035,45.214,78.3471669657165,47.21127979651054
mp-21198,DyAgSn,72.208,41.882,83.7541958482381,50.92020525400841
mp-22149,DyGeAu,92.206,45.427,108.76633101514489,55.78241559734548
mp-22683,CeCuSn,32.511,43.234,65.40054900754748,39.001538430325915
mp-23671,LaNi5H7,120.516,30.953,148.02014125474852,67.66238545736813
mp-23794,H4NF,30.444,6.912,79.11888771574226,49.375912044110756
mp-2659898,LiBH4,17.533,10.774,47.83932734858636,36.62258986524063
mp-29026,MnWN2,289.385,115.863,285.39415224245937,145.30855277525683
mp-29529,NaSnP,29.913,18.993,42.232621525507234,25.963598535681857
mp-31160,CaZnSn,46.54,37.248,52.994104224668106,38.0118902172858
mp-31301,LiSn4Au3,62.451,20.244,74.60301447671253,29.834992340994496
mp-3486,KSnSb,19.885,13.626,29.78014163423848,18.31418445582533
mp-37657,Ca3SiO5,95.423,52.632,133.06919161265628,83.00445816730307
mp-5055,Na6MnS4,30.501,13.834,39.621404380649714,23.5757869734533
mp-545974,AlPO4,121.145,39.099,152.3565185190861,91.77628850756234
mp-5519,HoGeAu,93.299,45.301,111.20819896236333,56.83252092318077
mp-567197,YSnAu,77.288,42.304,97.6513602620708,53.278535504611426
mp-569724,ErAgSn,73.07,41.622,85.5942266176355,52.21163420666728
mp-5729,YAgSn,71.171,41.828,84.65969993548734,51.636326201543206
mp-6917,TmAgSn,73.521,40.715,85.18190535859915,51.32929942832719
mp-6919,ScSnAu,81.571,37.389,105.03120277797156,55.12995221497582
mp-755000,LiTiO2,129.822,57.795,191.29016720072613,91.78768335021836
mp-8389,Na6ZnS4,31.23,14.354,39.557100192779366,23.73060156516568
mp-9025,YSiAu,92.683,44.079,104.86341640287525,51.003683740174374
mp-9350,ScGeAu,100.236,44.379,119.16650004878716,60.28316896833532
mp-9351,LuGeAu,95.16,42.974,117.52203862238026,58.918478846379706
mp-9387,TbCuGe,86.002,53.608,99.40968339652036,56.75426807762979
mp-9389,HoCuGe,89.851,56.64,103.28763711828329,62.05603699652762
mp-952566,NaSnSb,22.663,13.031,31.786316120072573,17.92372884779409
mp-9575,LiBeSb,56.099,47.692,69.10685546594412,47.69329591010286
mp-9919,LiZnSb,46.251,25.849,53.61215760104976,26.60925384349975
mp-28835,LiScI3,16.739,10.994,31.56082975021734,17.518613261072957
mp-1009504,EuZnGe,58.661,37.354,57.345463775191725,38.26600903864975
mp-10161,KZnSb,24.144,15.515,26.316032866391907,16.621337107013066
mp-1021424,KMg6Mo,39.445,21.388,43.37856818509858,28.841775023928935
mp-1025575,Mo(WSe3)2,15.148,11.068,83.78587467751034,57.91920477589637
mp-10440,Mg(P2Rh3)2,204.177,51.875,240.6317598770057,87.9507781929942
mp-10614,SrLiP,42.523,29.394,45.425425588325474,31.41446535722252
mp-10615,BaLiP,37.873,24.535,40.4173333735452,24.72204665056486
mp-10616,BaLiAs,34.083,22.719,36.97713891770424,24.35798628896378
mp-10738,SmPPt,122.978,50.263,138.21408159070512,64.27003004976103
mp-10924,Mg(Co3P2)2,203.708,97.656,233.30786375546663,105.72853815648168
mp-11833,UCuGe,92.884,34.78,100.5865056581177,49.828126337674355
mp-1228631,B4OsW,320.077,232.779,368.6073317185886,263.9155951576747
mp-1228634,B4MoIr,291.541,187.638,344.0789630114899,215.93069638914233
mp-12951,ZrGaAu,124.475,61.519,140.80158658811507,69.5577437968627
mp-12952,HfGaAu,131.425,63.9,153.33336110494835,74.67548909907478
mp-13149,BaAlSi,48.725,37.374,51.85253654077914,36.43482853316557
mp-13272,BaAlGe,43.108,34.095,46.08075345116185,33.98494133433307
mp-13311,SrAlGe,46.288,33.949,51.16344823198636,37.80903707482928
mp-15687,KZnAs,30.741,20.548,33.45654253042975,21.41183147796812
mp-16043,Mg(As2Rh3)2,172.795,53.11,206.71575226398673,72.87603123300012
mp-16045,Sr(As2Rh3)2,163.16,61.104,191.3164308567332,74.48160533482913
mp-16304,YPPt,126.409,49.574,139.858186299195,68.95325348712603
mp-16326,DyPPt,127.339,45.952,143.78697314936937,70.04592909895725
mp-16734,SmNiAs,105.535,53.198,118.89358809510306,62.328746062518775
mp-20082,Yb(As2Rh3)2,171.742,60.769,210.4740733090264,80.23410225629938
mp-20998,LiCaPb,29.742,24.614,32.465044540006026,23.91562750648309
mp-21242,LiYbPb,30.798,25.544,56.5013011224358,37.435152623280395
mp-24012,HoHSe,85.382,65.614,98.28434721269184,65.9721845215056
mp-2479693,LiCaSn,33.128,26.704,37.404203403080515,29.202659834185535
mp-28797,YHSe,81.843,62.621,96.96692473195576,63.85629572387632
mp-29005,U(Cr3P2)2,144.899,84.753,210.1258645940997,118.1882558731263
mp-29868,LiAuC2,50.028,25.135,62.15546909089214,30.405471435016583
mp-3173,CaAlSi,56.962,39.745,59.2765890323567,44.02755659369576
mp-35189,Co2SbTe,133.616,60.404,134.62076639556798,73.00739907508158
mp-3698,SrAlSi,52.321,38.416,58.13377847327694,42.1388127302277
mp-38006,Ni2SbTe,101.094,42.718,115.74672553259995,53.91413356884741
mp-567191,CaAlSi,55.59,38.055,58.168746239832934,44.30047514404876
mp-568809,Ba5Al5Pb,28.583,18.694,36.04980527563826,24.316692289783223
mp-569788,LiZnGe,52.042,35.794,64.16258613755767,33.162202125078096
mp-570677,Ba5Al5Sn,29.211,18.994,36.330701853651185,24.923930771860864
mp-571454,LiAgC2,38.657,20.005,56.86770081318376,27.696285209507536
mp-7168,TbPPt,127.592,48.991,141.96385853092215,67.72652047761451
mp-7169,TmPPt,130.268,44.958,144.28394736404613,67.5204003912314
mp-758594,Li(Fe3P2)2,175.385,39.309,199.9150942809835,110.04078302031904
mp-8605,SrSbPt,58.536,15.928,66.82076905072597,35.26076249493657
mp-8606,BaSbPt,57.332,21.965,63.89573744994367,33.31089208004631
mp-8864,Li(Co3P2)2,202.474,100.91,226.0280703361028,106.99856778926988
mp-9023,ScSiAu,113.183,63.455,132.9710185503805,73.14811724279875
mp-9164,ThSiAu,119.857,62.806,128.29075536577807,62.51326574169285
mp-9487,USiAu,105.688,1.484,88.79509882212828,36.80474393518557
mp-9744,BaAsPd,58.991,26.11,66.81624723196343,31.15336440454944
mp-9828,YbPPt,94.698,32.243,144.37814112407253,66.8221016567953
mp-9950,BaLiSi,28.242,17.23,26.652344300701326,16.092214446743082
mp-10049,MnAsRu,164.876,65.328,181.8504868001117,72.356957623804
mp-10300,ZrMoP,197.372,112.914,225.93068043748775,118.01719583247323
mp-10379,Hf3(Cu2Ge)2,137.085,73.151,156.5762682014793,84.92144978580588
mp-10446,Sc6NiTe2,71.461,15.21,80.62758784285124,41.455769000659814
mp-10739,TiPRu,219.7,102.358,254.02706725064283,115.2638155921756
mp-1079086,UAlNi,181.635,135.997,122.20375621873325,54.73341571984075
mp-1079239,Ho6MnTe2,55.737,32.789,58.604096032307105,34.76420948282137
mp-11038,Zr6Al2Fe,101.192,46.35,118.18112309050244,48.81968697958222
mp-11073,Ti3In3Rh2,123.289,57.386,144.88145383658522,61.11349758758027
mp-11091,NdMgPt,77.781,26.504,83.25532607121525,31.18130228250767
mp-11104,HoInRh,98.675,30.802,106.21482295053843,36.97115038182706
mp-11155,NdMgGa,54.881,39.928,56.57128905503783,34.946898257820465
mp-11157,SmMgGa,57.196,43.313,59.41841691875121,37.18657472838152
mp-11201,Sc6FeSb2,71.045,45.625,85.15937820004487,46.73264496611022
mp-11202,Y6FeSb2,60.461,36.168,65.00257365545008,36.53737477625442
mp-11351,CeAlNi,87.249,38.825,90.26272908955922,42.49888583264662
mp-11547,YTlPd,81.983,25.047,92.71187065041003,36.646906497654186
mp-11580,TiCrP,206.197,123.545,234.15013984256052,152.1857577915021
mp-11615,TmMnGe,97.514,62.325,90.68633761122688,70.23807885808985
mp-11667,Nd2(Zn2Ge)3,75.88,51.194,86.37735210094922,46.24826947491262
mp-11750,Ti6Si2B,149.647,105.78,175.24254503471704,95.48392603594226
mp-11754,Sc6Te2Os,72.034,26.817,90.67834003692184,45.43861190488698
mp-11755,Lu6Sb2Mo,64.762,37.541,73.07680388801437,42.75350610156461
mp-1180259,MnAsRh,141.905,37.166,151.68984002068655,59.08961506751994
mp-11971,HoSnRh,108.644,45.248,121.33266191156108,48.611960013575285
mp-11973,YbSnRh,82.861,25.415,122.55723610979268,48.887573389288974
mp-11974,TmSnRh,111.197,48.404,122.838385819056,48.57578326168991
mp-11984,YMgTl,53.855,39.795,59.35754785200608,37.36625390193637
mp-12277,CaAgP,67.623,41.18,72.53291367980206,43.32677514692354
mp-12381,PrSnRh,96.952,33.42,109.10808238880888,43.4011084644905
mp-12696,YMgPd,71.355,21.372,77.17910912505849,26.93741587610143
mp-12703,PrZnNi,63.238,30.122,79.95149499017803,31.279044117724816
mp-12710,PrZnPd,77.401,29.073,85.79332438768228,29.7560490960047
mp-12760,Zr6Al2Co,105.44,51.741,118.8137230837984,50.72290309498194
mp-12961,YAlPd,93.559,27.628,101.2759669342646,36.99246745982764
mp-12962,Zr6FeSb2,111.254,59.351,130.01030917424166,60.80876736604376
mp-12972,Zr6Sb2Pt,118.611,60.061,137.3003016143215,60.40387385322431
mp-13074,LuNiPb,86.727,47.251,96.40639105208808,42.707747492455
mp-13090,YMgAl,57.528,44.769,59.68323531255126,39.8385412320837
mp-13092,Zr6Al2Ni,111.94,51.435,117.4020430243649,50.66884411231463
mp-13095,YAlNi,92.941,38.915,97.17542008933314,42.439808783616186
mp-13171,YMgCu,60.094,22.255,62.70883508363333,24.29930819221003
mp-13474,LiErGe,59.851,47.51,68.46084146906092,48.81665878965932
mp-13525,HoInIr,111.539,36.26,120.63888860114535,44.34782845071016
mp-13536,TbZnNi,78.188,34.647,91.44859844998734,35.236276445069464
mp-14208,LiYSi,62.422,48.636,66.99563607801609,47.9337443500373
mp-14209,LiYGe,59.504,46.996,66.34114182358819,46.85985563400382
mp-15297,Hf6NiSb2,131.265,72.06,139.27799932148508,66.87090707254184
mp-15322,ScCuSi,113.813,76.911,123.07649423196152,81.91294367366388
mp-15657,TiCoSi,177.798,103.013,212.1558206967676,123.29972708335816
mp-15820,LiHoGe,61.118,48.427,68.39839357365818,48.44769451826125
mp-15821,LiNdGe,54.525,38.814,58.451228364539,37.9701337172792
mp-15963,HfPRu,220.115,95.48,252.59341532552864,113.50523100707872
mp-15985,Zr3(Cu2Ge)2,133.221,71.657,146.83276369027806,78.27291318109525
mp-15987,Hf3(Cu2Si)2,145.521,80.979,161.69545090756804,90.8254280507246
mp-16305,ScPRu,175.386,102.271,205.2951640502015,105.16976739780078
mp-16645,SmMgPt,80.64,25.724,86.05811142751422,31.10190519499774
mp-16740,TiGePd,149.123,57.852,164.80753805790874,79.09612234305469
mp-16745,ErAgPb,66.619,32.98,76.74992300762972,40.020427762268994
mp-19740,YInPt,100.795,37.842,110.77375484239766,45.10536565703501
mp-19782,TbInCu,76.971,43.513,82.78657919548068,37.9952728735824
mp-19934,CeMgPt,79.546,30.741,80.51091703209742,31.239267617510784
mp-20058,GdAlPd,87.985,21.176,106.77693735749624,38.32458077694296
mp-20522,TmAgPb,66.924,31.852,76.1375839971119,39.81909508176316
mp-20935,ZrSnIr,160.406,64.039,179.986181005014,74.72537091187473
mp-21007,SmSnPt,103.847,51.35,119.64968917559172,49.104188900854574
mp-21054,PrSnPd,84.625,40.129,97.39392392204172,38.00222172748676
mp-21158,CeAlPd,80.506,60.666,92.86262258660668,36.80103356679857
mp-21290,HoInPt,103.02,38.221,113.77654505985056,46.39067383078265
mp-21440,NbCrGe,189.979,93.389,215.22029457394564,133.5870918744235
mp-21494,UCoSn,24.751,0.78,137.19529691786488,54.38946065549685
mp-21503,YMgIn,54.137,40.499,59.7714944543172,39.38932390737429
mp-21505,YAgPb,63.551,31.32,74.40605248142334,39.30381978778662
mp-21509,LaMgGa,49.819,34.362,52.560419856116766,32.85272524953923
mp-21887,NdInPd,79.888,27.594,88.67657205982994,35.65314388183327
mp-22167,Zr6Ga2Co,109.449,52.158,124.30338243781048,46.28204830537264
mp-22384,DyInPt,79.936,26.984,113.95752003170284,45.801484867383216
mp-22769,TiCoGe,168.613,76.495,193.3689162119186,110.77385261594344
mp-22779,YbSnPt,84.825,36.015,128.70086467279836,55.2478121909047
mp-22972,Tb6FeBi2,36.09,8.571,61.01108512612265,31.435616592511
mp-23039,Er6MnBi2,52.919,33.704,59.76136285858064,35.269914888361434
mp-23047,Ho6MnBi2,51.435,32.156,57.746105818151875,34.463701284456725
mp-2909,HoAlNi,87.429,39.228,99.15094570410754,43.58845441933308
mp-29135,Zr6CoAs2,121.804,65.726,145.77192966533937,65.77296694135757
mp-2990,TmAgSn,75.464,40.242,84.12414488346492,48.51489241381836
mp-3015,HoInCu,80.4,45.737,86.38346466242842,40.78313699570083
mp-30307,DyBiRh,96.913,40.652,109.47100568648442,45.11868904634576
mp-3053,DyAlNi,119.796,0.172,98.82674774970944,42.22736223574085
mp-30563,ZrCoSn,140.779,67.418,154.49298434842214,67.44430592160468
mp-30656,TiGaNi,127.561,65.377,162.25072895642143,67.23754560352553
mp-30737,YMgAg,54.978,36.231,60.65951321239468,20.24219151983711
mp-30799,NdTlPd,76.14,28.036,84.13715364703356,32.21081915595423
mp-30921,Y6CoBi2,56.904,8.761,62.715742701990166,31.33716924731107
mp-31072,Sc6Te2Rh,72.813,302.329,86.56786034177372,42.091068626399114
mp-31235,BaNaBi,23.376,16.323,25.21369027838912,16.050853908426262
mp-31330,NdInRh,91.094,44.34,96.71044607559182,34.721554564364276
mp-31383,Hf6CoBi2,107.37,59.853,127.3408249151764,57.084848728965895
mp-3197,TbAlPd,93.543,33.168,101.81304560253584,37.54450446417182
mp-3950,ErInCu,76.827,47.675,85.21929337287447,39.89999403506041
mp-4106,YbSnPd,68.945,27.608,110.44474663904872,46.822476425921806
mp-4189,Dy6FeSb2,39.048,34.383,66.51509739632343,35.601266219153054
mp-4238,MnFeAs,159.384,74.317,147.01733258757665,82.16152771449666
mp-4508,ErInPd,89.71,31.411,99.99184898925547,41.22873487704302
mp-4720,Si2Ni6B,211.027,78.437,239.46165008298783,90.60775531101037
mp-4731,K2UF6,45.281,21.626,75.3583389288339,34.645598850239196
mp-4989,CrNiAs,130.106,61.789,136.99106904096692,79.58603041421478
mp-5015,UAlRh,130.046,43.274,137.14048269363803,46.370711240586544
mp-5590,YMgGa,59.971,48.769,65.38167115681523,43.19174339962497
mp-5615,CaAgAs,60.562,36.572,66.5744904080834,37.22784924502762
mp-567214,NdSnRh,98.469,32.566,111.25972035983528,44.13480490426485
mp-567574,DyAgGe,85.081,52.137,95.32269883844111,53.85900464266074
mp-567588,DyInRh,98.902,31.23,104.78436716844531,35.476854043124796
mp-567856,MnAsRh,147.225,53.657,161.85100099762133,59.88343778287992
mp-567912,SmHgPd,83.107,25.976,93.87670617390478,32.7595728401856
mp-568695,CaCdSn,42.528,25.536,46.2637085093524,26.40745570375283
mp-569848,LuInPt,118.324,53.401,117.16162706294578,48.027400006301775
mp-569871,Tm6CoBi2,58.177,32.583,70.13321624139328,33.14279553309316
mp-5723,ZrAlNi,130.593,73.136,147.46221977231625,55.501421520670114
mp-610972,MnGePd,125.652,98.723,132.2050012736767,47.52665098436271
mp-672254,CaPdPb,57.601,27.4,64.78856085336957,26.403349480781063
mp-672299,YInNi,85.206,35.401,92.37820839716125,42.51300654986822
mp-6908,YMgZn,52.989,66.8,54.86772724927466,20.64984228577382
mp-7032,HfMoP,206.978,119.755,239.4196148523771,128.680687713108
mp-7080,Li5(NiN)3,77.127,46.935,85.55409945028634,51.14165334339649
mp-7093,HoAgGe,78.153,26.085,86.77693586600722,33.89055368587684
mp-7239,PrMgGa,53.714,37.828,55.76472831866354,34.6072267998998
mp-7544,ZrSiRu,191.197,101.543,219.074331429672,113.05593187317616
mp-754673,Er6Te2Ru,62.487,29.664,74.55802568543103,36.656015671051506
mp-7632,NiMoP,238.287,94.385,269.7918058561492,109.58424580270147
mp-7829,MnNbSi,198.194,100.31,219.1838227596657,133.41425820589734
mp-7930,Zr3(Cu2Si)2,132.377,76.896,150.79887400481255,82.76160338071907
mp-8221,ZrAsRu,186.495,85.07,219.12513503921056,99.01253653745007
mp-8415,K2HfF6,51.219,25.252,97.71043931464445,47.6835747136799
mp-8481,LiPrGe,53.023,37.085,56.029255548423386,35.80637665106555
mp-865402,TmAlCu,85.691,45.234,90.61122096309464,46.38839200428635
mp-9223,ScGeRu,147.039,82.265,169.42400935221295,86.72442012714221
mp-9381,Zr6FeTe2,114.77,60.855,128.87005344854273,55.90430718163355
mp-9549,ScFeGe,98.654,37.767,123.04355854906532,80.76749874117021
mp-9550,ScMnSi,117.52,78.678,117.8654982741753,84.78079649026408
mp-975423,MnNiP,172.329,86.583,142.6481961468684,97.24825558458548
mp-9776,YbAgGe,60.397,30.788,95.99629760594686,52.269114988064665
mp-982004,SmInPd,83.172,30.051,91.06895225764522,36.12059289971199
mp-9916,NbCrSi,209.159,116.095,230.21487797217023,149.44386258692148
mp-9951,MnNbGe,182.253,81.575,191.71807151075535,118.18872109192976
mp-17092,ScSnPd,103.247,50.612,115.37577672247788,49.50200582413618
mp-18198,ScSnPt,116.177,54.332,136.51888207078895,60.29973988989267
mp-22315,HfCoSn,130.285,72.418,160.1538804216654,76.6232427965327
mp-2960,HfSnRh,148.752,64.218,167.19802139368193,70.06639338794781
mp-571619,HfAlPt,163.496,69.364,185.71675801396736,75.33416058489662
mp-17095,CsCuSe4,12.126,7.433,37.96861142582583,19.261823496343855
mp-18105,CsAgSe4,8.401,5.594,33.268835805841746,16.483064928878665
mp-23866,H2SeO4,8.966,7.261,104.02163933902172,68.53623718900172
mp-23963,HIO3,13.126,11.542,116.86772091271538,75.76254966421973
mp-27579,Na4P2O7,45.175,24.379,118.70664209200596,79.41543656170656
mp-27897,Ba(NO2)2,30.201,12.511,89.54554329264843,44.74162319719384
mp-607291,Cu3BiS3,33.375,10.463,82.53386468956485,36.99584699207512
mp-697136,Be(HO)2,57.926,45.414,143.43487648908925,96.67074887299292
mp-7339,BaSiO3,57.994,30.968,124.62970068509952,77.57643723947591
mp-10056,UCo3B2,479.093,147.434,256.77358266294647,132.08590814317606
mp-10058,YbCo3B2,188.619,118.119,227.68945887965668,131.2614945913469
mp-10059,ZrCo3B2,244.042,140.108,265.7679498528602,147.6530121906579
mp-10065,UFe3B2,256.215,145.512,256.04905561650725,134.2280023464145
mp-10115,ThB2Ir3,255.394,120.286,283.81393531026987,123.0723001103494
mp-10132,UB2Os3,295.443,141.007,334.9813016803719,161.3872262112098
mp-1018703,EuZnGe,49.74,6.449,45.77945880616307,19.823410352060645
mp-1018718,HfTa2N3,271.821,91.152,315.8248302269873,139.06278794159203
mp-1018723,HoCo3Cu2,135.084,60.344,152.6925903321347,68.03745921656628
mp-1018743,LaNi3Rh2,109.911,51.436,156.44342523062195,58.29622415135966
mp-1019262,Ta2N3O,240.219,77.09,258.7664092308683,91.26721891295676
mp-1024990,LuB2Ir3,251.607,120.981,283.0489619074968,131.0751461805492
mp-1024993,DyB2Ir3,247.431,123.13,275.73747048597886,126.78234443789232
mp-1025017,NdSi2Ru3,177.35,74.395,193.17519953380673,80.52099059832247
mp-1025056,ThSi2Ru3,193.609,95.922,210.7944106738329,92.68262753647008
mp-1025071,YbB2Ir3,232.651,131.531,286.593651024221,131.20104088562073
mp-1025075,TbB2Ir3,246.928,123.894,277.3827686014279,127.6193553232419
mp-1025102,CeAl3Pt2,130.404,65.017,137.17614952643842,67.58282866231184
mp-1025136,EuAl3Cu2,79.76,56.864,87.4997295845029,54.790348956500345
mp-10398,HoNi4B,150.211,79.36,179.1820553408232,87.65733289576809
mp-10463,YCo4B,173.919,65.313,169.130072143736,83.28498133951005
mp-10897,PrAl2Ni3,108.679,59.669,119.40724576265788,62.77491089833983
mp-11350,CaAl9Co2,87.08,56.558,98.24356568147668,56.501866972031905
mp-11539,SmAl3Pd2,111.237,63.557,123.68835493030312,67.29343675781736
mp-11593,CeB2Ir3,243.781,122.516,263.72368638091194,113.40738423192242
mp-11594,PrB2Ir3,231.473,96.666,266.2790583363458,117.74716332408786
mp-11610,PrCo4B,152.622,62.966,160.46638536006367,75.18223507627872
mp-1215178,ZrTiB4,242.634,239.732,308.92097159894774,251.69160606530355
mp-1215209,ZrTaB4,268.949,221.721,334.34478102186216,238.3003351338239
mp-1215211,ZrNbB4,260.513,219.951,328.0874592579095,233.0717409088444
mp-1216375,VCrB4,201.539,188.983,330.0898426587899,275.73453494770956
mp-1216667,TiVB4,267.608,252.386,334.02900099882135,293.60811657942725
mp-1216692,TiNbB4,268.26,238.167,341.8282719726878,262.5396000876168
mp-1216966,TiCrB4,277.905,223.639,305.32603028373507,266.54747629374094
mp-1217818,TaVB4,293.658,224.962,355.84345919143664,278.21180906703137
mp-1217898,TaTiB4,276.819,241.451,347.0559948147409,273.872059795113
mp-1217958,TaCrB4,245.291,179.007,340.36735180511863,261.30842878512107
mp-1220351,NbVB4,287.133,219.876,354.52400630897887,259.5809313399469
mp-1224263,HfTiB4,247.465,250.862,319.6101155555184,265.01479035916776
mp-1224283,HfTaB4,277.689,229.143,339.33719037029675,248.94275564258623
mp-1224328,HfNbB4,268.296,225.412,335.8707530462572,245.0543163360304
mp-12549,BaAl9Ni2,85.769,43.997,91.7943065191192,52.29987963609167
mp-12734,NdAl3Pd2,109.306,61.07,119.92783141861958,64.6591374704179
mp-12965,ErNi4B,159.788,79.509,181.30728628780463,88.64039793612808
mp-13118,CeZn3Pd2,99.644,34.678,105.56759081108405,41.117127337591846
mp-16483,BaAl9Fe2,79.367,44.138,94.44845927876004,58.850139177991885
mp-16491,SrAl9Co2,65.439,60.932,97.47537285910522,57.85669896193038
mp-16766,LaAl2Ag3,78.309,27.456,82.17984752174782,38.41912749630951
mp-20193,DyCo3B2,205.75,122.306,220.37560782118047,124.4127742577286
mp-20338,CeAl3Ni2,114.955,72.193,117.64603081922314,72.1926615139831
mp-21201,LaGa3Pd2,100.405,48.952,109.86720824938143,47.04408848955123
mp-22260,Y(MnSn)6,112.507,71.503,77.8401265207587,65.9992406839183
mp-27296,ZrTi2O,114.231,40.626,142.8517141225013,54.87515010080448
mp-28614,NaBPt3,154.883,34.515,185.9625793631039,57.27292056986406
mp-2880,LuB2Os3,264.273,125.147,303.5081158192542,134.43033061952576
mp-2903,UAl3Ni2,135.451,88.333,129.07277756903255,76.60700016451095
mp-2947,SmB2Rh3,205.017,102.945,229.5434187775247,107.77956460225812
mp-29726,LaSi2Rh3,164.797,91.599,181.63921562030012,90.71538750938954
mp-29742,NdSi2Rh3,166.12,98.975,189.36986575862193,97.30297489896073
mp-30028,YSi2Rh3,173.958,100.445,195.6511480915972,102.4497856622572
mp-30043,CeSi2Ru3,185.912,90.753,196.13893619273676,82.47775719827158
mp-30181,PrAl3Ni2,104.057,64.543,116.2395330203377,71.16601675978694
mp-30182,ThAl3Ni2,122.373,75.405,132.3789027559859,77.71039121230442
mp-3040,TbCo3B2,205.718,120.709,223.5416281618347,124.06510292750266
mp-3055,NdB2Rh3,199.655,90.324,231.3869111671233,106.03519480998614
mp-30621,DySi2Rh3,175.481,101.516,194.62093565032993,103.7297067107858
mp-30815,LaAl3Pd2,102.67,56.516,112.72336483194351,58.73034670363566
mp-3092,DyB2Ru3,223.115,105.243,238.4235271864329,106.91614099391668
mp-3093,ErB2Ru3,225.055,105.691,239.3600168318329,108.13865447990516
mp-3186,TbB2Ru3,222.108,104.945,235.94226396731543,104.569086782564
mp-3223,ThB2Ru3,230.004,94.235,245.3167322810317,105.43996532115692
mp-3400,Lu(MnGe)6,141.054,96.788,141.83242646493386,98.3385434336293
mp-3467,SmB2Ru3,217.544,103.1,230.8643465295978,103.22879187310784
mp-3494,CeGa3Pd2,101.993,53.223,115.24168618019456,49.11547128497938
mp-3689,NdCo4B,157.015,64.147,166.27355941580743,77.18744088434248
mp-4382,YB2Ru3,221.788,105.493,236.65263611325705,105.22484781420006
mp-4454,CeCo3B2,321.221,472.294,230.20450096007713,113.64057027521434
mp-4561,UAl3Pd2,116.197,63.137,126.5246920582836,64.89910796140711
mp-4634,LaNi4B,141.277,67.343,157.35633734304542,69.23427951410352
mp-4785,CeAl3Pd2,108.295,61.657,117.01715202352008,61.48444637723392
mp-4938,ScCo3B2,244.868,341.806,225.69090934482492,127.44343372709834
mp-5019,YCo3B2,203.252,116.996,219.34290254064027,123.08427762769227
mp-505207,Sm2Co7B3,178.372,74.726,192.7806169619405,101.2214552967498
mp-5063,YAl3Ni2,110.087,68.926,118.14269478123852,70.4941095175347
mp-5197,ErB2Ir3,249.809,122.299,278.6334568314133,127.5563922619365
mp-5313,HoCo3B2,203.405,125.023,222.944533093225,126.84919098395146
mp-5353,ErCo3B2,213.346,125.896,224.4874629022253,126.7492021343091
mp-5369,PrB2Rh3,214.536,169.418,226.72167446678768,104.40905951441242
mp-5410,SmCo3B2,197.382,111.407,219.3028250990215,120.46948129058592
mp-5578,LuB2Ru3,227.908,105.804,245.6330097349924,113.83307338407128
mp-5620,TmB2Ru3,225.91,106.066,242.9927176894745,110.66278077672624
mp-567863,Y3Ni13B2,154.502,77.392,169.8717071746878,81.16373247928006
mp-568354,DyGa2Cu3,99.195,47.371,104.40496397028868,53.53124864239895
mp-568555,SmSi2Rh3,171.945,99.601,189.18772022074512,98.91273451240644
mp-568687,TbGa2Co3,135.088,65.247,141.8545935691649,72.926825028504
mp-569482,LaSi2Ru3,169.788,66.041,187.71192163592752,78.05423641004619
mp-569601,ErSi2Rh3,176.446,101.152,195.8537878184005,103.98825051884826
mp-569886,KIn9Ni2,39.521,20.557,50.467237283810015,22.199935783756764
mp-570950,NaLi2N,13.822,13.772,12.630419503927817,13.430767037561113
mp-570998,NaLi2N,41.942,22.499,45.44997453833335,26.115641832795298
mp-571044,CeSi2Ir3,164.527,93.348,228.5203718766927,107.5258345936415
mp-571071,HoSi2Rh3,175.942,101.432,195.52488235938233,103.48281747727708
mp-571263,KIn9Co2,48.749,29.539,57.01894630173048,25.943584584839876
mp-5714,TmCo3B2,210.234,126.519,226.27938328115815,130.0675524836066
mp-5757,CeB2Rh3,205.713,99.395,228.4996869831937,99.32247527703716
mp-7099,NdB2Ru3,214.904,101.199,233.1073556857737,100.30386104998652
mp-7149,Na2LiN,33.247,16.882,33.70076435528817,19.023410010555363
mp-7186,NdAl3Ni2,105.597,67.155,118.12412002967602,71.92712505878349
mp-7247,CeZn3Cu2,88.31,47.803,93.56177078518344,47.69544278689024
mp-754875,TbSi2Rh3,174.624,101.443,193.7191123383464,102.9302558907334
mp-7559,YNi4B,148.286,77.117,176.25818318565692,85.33893795744405
mp-7804,HfCo3B2,253.383,156.93,271.55669881129785,157.63226138587322
mp-8048,NdNi4B,140.198,71.451,168.89395430176882,77.11480359973751
mp-8307,CaNi4B,132.728,61.205,149.90306771236132,75.81007895277058
mp-972309,Ta2BN3,236.24,88.105,237.71402254073877,97.55759941196295
mp-979265,Ta2CN3,237.169,61.097,245.70741286035732,90.44394979099302
mp-23352,Ge(Bi3O5)4,53.667,29.547,134.0926183643054,67.8757202978618
mp-16916,Ca6FeN5,77.543,34.172,91.49927136985131,54.48954395993271
mp-17577,Ca6MnN5,78.322,38.848,89.65902811295776,53.92793608070703
mp-17875,Ca6GaN5,71.121,28.855,83.51623320461842,52.85503777592488
mp-31469,Hf5CuSn3,118.269,63.711,127.2467778603416,74.12890016672686
mp-39105,MgTa2N3,275.66,202.375,321.68937468785435,205.65622779326137
mp-556777,Li2CO3,75.034,40.321,147.878650552265,74.75319895459498
mp-8045,V5P3N,209.704,88.907,245.58156124128692,129.0696440047105
mp-10847,NiSbSe,79.428,48.176,107.18216326032612,56.42293129241176
mp-10848,AsPdS,100.205,37.791,125.26820622994263,60.3849450500208
mp-10849,AsPdSe,95.795,35.985,115.4780198843898,55.67566704409384
mp-10850,SbTePd,79.387,32.354,93.68768492977964,46.29511934493529
mp-12923,SrPIr,98.247,31.257,115.45881182262218,48.19774100682237
mp-16363,CoAsS,123.363,106.06,160.4695622515384,104.13949407549477
mp-21164,SrGePt,67.988,19.913,83.72446036624179,33.514016849145335
mp-21236,BaPPt,79.315,31.085,87.64187500841565,37.98062916250686
mp-22151,BaGePt,65.25,23.001,75.57893167218594,28.338861176597515
mp-23339,NaBrO3,27.038,16.231,85.13853956435437,48.22810952527861
mp-2720358,NaClO3,25.827,14.452,80.8757722177158,52.485791475199214
mp-28980,K3BiSe3,12.443,7.072,28.751818603648346,15.630953778018796
mp-29011,BiTePd,74.017,26.776,86.00921263003904,38.05906171573152
mp-29379,K3BiTe3,9.122,4.756,23.391053281233745,12.089969501482258
mp-29638,BiTePt,86.263,32.854,98.36960660266676,47.552886853528626
mp-3519,ZrSO,130.347,50.433,165.4392269749907,69.01161720780638
mp-3679,NiSbS,84.973,51.865,117.68896709405404,61.21778371704992
mp-4368,SbPdSe,83.274,31.472,103.14348661126412,48.752935542088885
mp-4478,CaSiPt,82.686,21.792,101.85058372992316,40.40380596840812
mp-4876,Tl3SbSe3,14.239,6.494,35.750124667903386,15.230367530780496
mp-756361,ZrSeO,121.879,48.154,153.1760215996066,61.146842095006754
mp-775761,AgClO3,33.661,7.739,88.95682573183154,44.28389696077806
mp-7787,HfSO,141.028,58.701,178.8984938752419,77.11678616593402
mp-8458,BaAsPt,68.239,23.705,75.70375817729749,31.656050879222903
mp-8630,SbIrS,140.919,86.444,176.71819316932724,110.33653444731398
mp-8843,SrSiPd,68.756,23.297,76.79179847579871,32.07162359792128
mp-971914,SrSiPt,78.261,27.152,93.46753417841512,37.7847448453164
mp-761872,Na2Sn2O3,30.323,23.861,80.17884050924641,42.72872758206748
mp-8624,K2Sn2O3,23.501,15.91,61.392098467400814,35.562908196572366
mp-1029490,Sr3B3N5,69.598,26.776,119.71064769477935,74.1493010640865
mp-1029580,Sr4ZrN4,71.003,28.485,88.22441094184393,47.40636032385568
mp-1029660,Ca4ZrN4,86.996,41.251,101.27420710219424,58.462552590526954
mp-1029699,Cs2CN2,17.81,3.776,34.88166141037387,15.95647928974931
mp-1029730,Ca4HfN4,88.682,42.246,105.34389705287364,61.508827238204105
mp-1029733,Sr3Al3N5,104.031,52.829,127.64279668856476,87.96698082999737
mp-1029737,Ca4VN4,88.844,45.204,116.35036130159511,68.68196951847615
mp-1029782,Ca3W3N5,108.798,49.934,182.06776052711305,80.38048432721301
mp-1029799,Sr4TiN4,72.97,33.654,94.49307796809772,51.362990230734944
mp-1029921,Ca3Al3N5,112.618,59.404,138.60116831187628,99.34607813796316
mp-10810,TiAgF6,20.057,14.3,90.00177251101294,39.51277687766699
mp-11737,Li4SiO4,78.989,53.188,131.87815984381425,90.9592972921298
mp-1205307,WSCl4,0.936,0.749,50.17051952673814,22.6890680893689
mp-1542038,CsSnSe3,12.624,6.148,35.24876476492035,19.151021926822622
mp-16828,Li3B7O12,64.468,39.327,183.42975557412,120.40350545148314
mp-22747,Pb(CO2)2,22.536,13.958,95.48613707750695,53.394666553185736
mp-23791,B(HO)3,14.465,6.744,59.77786736360618,38.004796820738086
mp-2422143,Pd(Se3Br)2,2.439,2.054,36.461886425721765,17.40432260787156
mp-2422943,WSCl4,0.203,0.2,48.088787188281934,21.64828498165412
mp-2458827,TePdI2,6.67,3.699,49.980460670652505,15.761531906113072
mp-2492941,Li2NbS3,52.707,32.578,88.97834016080073,46.82035681739644
mp-2725306,NaCu3O4,45.84,20.876,65.67051035859888,36.41383057718478
mp-28017,Na8Ti5O14,74.063,43.59,143.75661811050696,83.74940297398331
mp-28174,Pd(SCl3)2,2.346,2.36,32.58113339896879,16.381778545977614
mp-28230,TlSbS2,13.437,5.992,51.013058419447674,21.358162197979137
mp-28376,CuAuF5,30.801,13.085,76.06506603801735,33.39192101564626
mp-28711,Sb2S2O,11.667,10.585,78.14123328446497,38.63542613909872
mp-3283,RbNbO3,40.207,18.604,126.631697237723,60.57153464691503
mp-4428,CaSiO3,76.748,39.815,160.1703523635352,100.13808263857656
mp-4429,CaSiO3,92.549,47.623,157.39806172102084,98.0952899638604
mp-5065,Al2SiO5,172.073,119.72,243.82683859533557,167.70967454870262
mp-554678,CaGe2O5,117.103,60.045,177.9410581679037,108.23597802762208
mp-568469,Ca4TiN4,90.623,44.997,109.20100357329324,64.49284025169591
mp-570568,W2NCl8,4.479,2.06,62.957426147720874,28.726061068521872
mp-635713,TiZnO3,65.52,25.095,146.61387377331994,66.93665426248411
mp-676540,TlSbS2,14.241,6.331,46.10382890221891,19.037594900538892
mp-6999,ScPS4,7.016,5.269,64.42086346119362,35.54549956140148
mp-752685,ZrBiO4,105.128,46.263,190.3949142052537,90.32351004933244
mp-755115,CuReO4,47.537,30.382,215.9566501704932,93.29519500788442
mp-756683,HfBiO4,129.509,61.088,197.320944007872,97.7810023214714
mp-7622,KSO4,21.988,11.3,88.07247768496795,59.31436999044757
mp-4051,AlPO4,17.002,30.589,157.66566980642327,90.28535897477468
mp-553932,GaPO4,22.532,25.908,152.64333542790595,91.55710983634206
mp-558125,BaTiO3,102.538,53.631,159.54131887991068,93.63606568735791
mp-989586,SrTcN3,85.068,22.858,152.9450925484664,51.04826787620663
mp-997027,AuO2F,17.499,7.771,66.95435098838605,23.092371419499777
mp-30178,Mg2Al5Cu6,101.138,58.206,110.44421408910232,60.03777852961488
mp-31064,B6H10N,14.126,3.607,93.48685789741792,81.59941870907333
mp-12956,Yb(FeP3)4,157.162,108.383,190.87406688443457,135.7515364067423
mp-16272,Ce(FeP3)4,168.858,133.263,201.08053726123012,143.9947048356415
mp-3569,Nd(Sb3Os)4,100.469,52.211,136.21851125350508,75.79361435542558
mp-4251,Pr(Sb3Os)4,100.522,49.953,133.86389312648075,74.09310563155314
mp-4341,Pr(P3Ru)4,162.522,100.692,197.38091611576183,133.67043636546782
mp-14753,Li7TaN4,82.815,64.79,122.09328466452187,84.76127196058157
mp-14827,Li7NbN4,81.654,63.726,118.73718470897064,80.3613344381852
mp-20820,Pb(NO3)2,30.668,10.034,123.46671902366307,61.82021908015607
mp-3142,Ca(NO3)2,3.748,8.029,134.3191936215877,73.12386566189339
mp-4157,Sr(NO3)2,31.616,13.799,126.61864284017196,67.49498564080824
mp-4396,Ba(NO3)2,27.443,9.771,109.86677460616794,56.63659627121476
mp-4604,Li7VN4,82.448,71.832,118.73323868636572,86.06486877440625
mp-5024,ZrP2O7,131.49,51.345,180.45137307713532,112.53751795853908
mp-571369,Y(BH4)3,27.174,16.32,68.60294362797613,54.894293631688136
mp-530399,LiAl5O8,196.082,120.442,227.95926180581176,159.9932092495686
mp-1029562,Li3InN2,85.511,58.145,98.226150788365,73.3699427847346
mp-1029592,Li3YN2,80.904,44.751,94.27752200044245,59.27737574246351
mp-13944,Li3AlN2,102.784,99.981,130.83825250458472,111.41651694980538
mp-21861,Cu3TeO6,147.302,62.89,174.31860750790304,81.29130187646503
mp-3887,Li3GaN2,98.991,87.141,117.78404805517056,96.12600895230578
mp-542435,Li3ScN2,92.251,60.664,103.32023545800574,72.40205790544793
mp-18093,Al2Mo3C,225.38,81.165,264.4181419917978,117.91719449356545
mp-4091,Ni2Mo3N,278.976,141.689,311.6034277542629,143.80043543251315
mp-1019380,Al3BN4,223.081,145.417,223.2721895195054,152.2392821265882
mp-1019508,AlGa3N4,177.124,106.97,179.2308476327592,112.56290150846816
mp-1019740,GaB3N4,302.943,232.977,319.2895833326707,239.02984300672992
mp-1019743,Ga3BN4,206.368,134.04,212.13384974178405,135.839881612735
mp-10748,TaCu3S4,32.41,24.368,95.028453446269,48.5320753175483
mp-20545,Cu3AsS4,71.506,26.458,75.30546707325222,30.34348747233536
mp-21855,VCu3Se4,35.323,20.988,78.72590274170622,39.63208930089086
mp-36248,H4BrN,18.724,9.681,66.73911100356571,42.577399714262526
mp-3762,VCu3S4,43.389,24.992,93.61836608780338,50.50320155930551
mp-4043,NbCu3Se4,33.566,22.259,81.59835148157727,41.59771475234565
mp-4081,TaCu3Se4,41.99,22.077,83.9716511741724,41.40175188184626
mp-5245,Zn(CN)2,40.24,4.726,90.94415199490072,27.48620234968955
mp-551736,K4CO4,17.431,0.411,65.41521589282182,38.03058829965307
mp-551886,Na4CO4,32.124,11.846,91.36645340709278,59.59572203419318
mp-5621,NbCu3S4,44.381,25.259,93.60143596513625,49.09142617214904
mp-753982,Li3CrS4,11.688,5.266,39.49589160396959,22.36038034280551
mp-755309,Li3NbS4,11.108,7.241,47.084025173334254,24.025806697549072
mp-760375,Li3VS4,13.233,5.774,45.31973563153273,23.132506198047626
mp-850275,Li3SbS4,9.928,5.909,40.89497055929687,21.548758832019
mp-9295,TaCu3Te4,34.708,19.87,73.46072361974096,35.39663041607714
mp-981379,Zn3CdS4,65.214,27.769,67.17687433746772,32.12629949853698
mp-991676,NbCu3Te4,30.476,19.727,70.09817465413717,35.09244887938383
mp-5710,Ag3Te2Au,41.009,10.424,66.17361228096338,20.604554145601178
mp-10167,Na3SbS4,21.399,4.399,50.074679446826565,27.26305745251674
mp-1025396,NbTl3Se4,18.062,7.445,42.41184023259671,17.15399600953957
mp-1025549,Tl3VSe4,19.502,7.414,38.94715535356016,16.695831751030546
mp-11176,Ca3(SiIr)4,131.909,53.407,152.35246018004594,75.45611218428509
mp-11285,Ca3(GaNi)4,59.548,34.84,85.60180409893418,45.93105970906091
mp-17862,Ag3Ge5P6,64.884,35.962,79.90256139569273,44.790971396812886
mp-4812,Zn4B6O13,179.033,90.257,220.35104982395023,141.56536604078863
mp-5513,Tl3VS4,21.006,7.07,45.242239148281335,19.685034070377245
mp-647164,Cu12Sb4S13,59.344,73.669,78.83762541021238,36.69539540287111
mp-8703,Na3SbSe4,19.392,5.501,40.411174920533334,19.966222042803796
mp-985584,Na3PS4,22.647,6.232,52.61108429230361,29.095816551520496
mp-1029522,Li7SbN4,75.104,62.895,103.2999875379237,83.1636046555358
mp-4198,Ag3PO4,76.581,14.472,120.1060029656687,52.302789855369454
mp-1008631,VCoTe,143.581,40.65,147.45686896338364,73.1760626529494
mp-1008680,TiGePt,151.635,59.294,174.21282128565394,70.8507407487422
mp-1008866,NaAgO,59.264,20.866,67.20378852349026,24.127426130900034
mp-1008872,MnFeTe,111.271,57.648,121.34947873441996,92.64086721365508
mp-1008873,MnCoSe,118.385,29.978,123.05112465320389,56.818066355483815
mp-1008874,MnCoTe,116.02,49.122,117.73153933494602,67.17363665278253
mp-1008876,MnCoS,133.924,13.263,123.46414971212204,48.60205748464218
mp-1008903,MgAgSb,58.085,16.306,62.17700664448732,22.37222932976297
mp-1008911,LiMnAs,43.203,33.252,45.34791197175701,36.25723428959723
mp-1009006,LiCdAs,46.662,3.251,53.30727586469164,24.306364459194608
mp-1009014,LiCuO,97.277,46.923,98.84713542159378,40.9050909001493
mp-1009048,KAgO,42.453,64.93,49.975502105301345,13.39702200172947
mp-1009544,CsRbP,10.753,4.376,13.672972231834178,8.922744758291454
mp-1009592,CrFeTe,93.912,54.599,122.79438784210488,104.46081128488991
mp-1009593,CrCoTe,101.026,48.166,120.01054625021568,67.4106022170547
mp-10154,MnSbIr,131.258,42.613,145.18551203390754,62.81543678635907
mp-1017515,Mn2CoAs,199.678,76.451,198.3387665169123,78.72245001943277
mp-10178,LiMgP,55.743,22.303,64.5136363194866,38.981924516046135
mp-10180,Li2SbPd,68.437,27.178,76.01038393645224,35.086246254351956
mp-1018009,Li2MgSi,44.934,36.356,47.706709291928355,35.06716847869195
mp-1018015,Ti2MnGe,140.634,33.046,172.8551115050171,69.59803402271156
mp-1018135,LiCdAs,46.596,29.67,50.7035584137579,30.14479496102944
mp-1018136,LaBiPt,78.997,33.23,91.62621121514702,42.178277427839
mp-1018139,HoNiBi,81.591,50.118,89.55916968360083,52.97784770740048
mp-1018161,CrNiSb,104.241,46.545,113.93266950675796,63.15086163187728
mp-10182,LiZnP,63.12,51.137,70.48640204814531,50.37239031776766
mp-10183,MgSbPd,79.924,29.553,89.47574965675817,40.6911863668173
mp-10184,MgSbPt,88.916,35.31,102.7914152748462,46.68033938763677
mp-10194,LuSbPt,104.751,50.093,117.74135193424006,61.877119856965464
mp-1024957,TmInCu4,109.749,55.5,115.62763987536884,56.38882768288583
mp-1024984,TbInPt4,161.456,57.587,184.28613657707493,68.31461415864591
mp-1024987,HoCu4Ag,104.289,14.049,120.65987507390513,55.82258172075753
mp-1024994,HoCu4Au,110.424,33.425,133.60593567754046,59.17125273161386
mp-1025021,YbMgCu4,79.591,28.588,105.05717381653318,50.38995471757349
mp-1025022,HoInPt4,163.795,57.77,190.57511153743008,70.90629405525624
mp-1025113,DyInPt4,165.87,59.703,183.75548334587273,69.30659967184725
mp-1025116,TmCu4Ag,109.243,27.214,122.3196029419092,56.046172332697466
mp-1025134,HoCu4Pd,115.869,48.519,134.12545744234805,55.044816219195475
mp-10623,ThSbRh,112.537,42.792,133.93177274775192,60.21212684274512
mp-10624,USbRh,134.411,36.636,135.82924287396693,53.0919539859267
mp-10687,LiCdP,53.16,4.094,61.027448230227336,26.28729936117934
mp-10755,TiFeSb,119.461,56.301,162.71377278381445,94.59575149592156
mp-10756,VFeSb,83.654,11.035,95.411840294209,44.244819173381586
mp-11194,NdMgNi4,122.846,50.0,125.96048895970912,58.87510839127577
mp-11304,Li2CdPb,32.005,11.955,34.97168173265419,8.552208249210212
mp-11361,MgCuSn,78.29,38.37,72.11256229601845,43.14774434630667
mp-11390,LiGaSi,58.688,46.327,65.38397198690967,41.37345324285376
mp-11520,YNiSb,88.707,55.328,98.66241299305624,61.116220181732125
mp-11533,ZrZnNi4,162.623,70.469,180.26103289445717,81.64424209528464
mp-11621,ZnNiSb,96.917,40.075,102.32238019903888,52.31343933232468
mp-11808,ScNi4Sn,140.435,57.323,159.80850856399033,68.28965557458662
mp-11836,ErSbPd,90.514,44.187,105.22230427012757,53.888528743698146
mp-11869,HfSnPd,123.996,58.332,140.1591210631226,71.77788641092182
mp-11882,TiCuHg2,100.973,12.437,107.51356360402636,27.45922143836631
mp-12006,CeCdNi4,121.691,53.332,142.35098449063446,57.80270449968553
mp-12007,HoCdCu4,104.872,51.211,116.28565834526276,57.449024333529245
mp-12008,ErCdCu4,101.387,52.422,116.76915155971166,57.048496068359334
mp-1219553,RbBH4,11.822,7.082,34.7869834754776,25.99429319032804
mp-1225884,CsBH4,10.872,5.362,32.05111147001503,22.72936400952255
mp-12411,Li2ZnGe,48.483,38.377,57.33088369049091,30.894092577795774
mp-12558,LiMgAs,46.549,36.802,52.14649905307692,38.50226337129732
mp-12564,LiSbAu,53.85,8.279,56.29842234652019,21.83716031381485
mp-13079,Mn2AlCo,158.934,102.599,198.24214049093803,117.37618546353625
mp-13082,Mn2CoSi,220.339,98.352,232.29781836482667,113.2426404186332
mp-13085,Mn2CoSb,171.446,74.447,175.24149888590412,90.07424942237284
mp-13172,YMgCu4,90.416,45.743,102.12923671171916,49.19278111797607
mp-13240,ScInCu4,114.133,60.675,123.02759958895712,56.66926867598879
mp-13306,YbCuGe,59.822,0.769,98.55861387036435,61.35709080486467
mp-13308,HoGeAu,86.61,31.821,96.12848792394496,44.81228704245988
mp-13436,PrMgNi4,113.482,48.482,120.46548833112324,54.847213436592874
mp-15778,MgNiSb,83.144,46.001,88.85607970075397,56.7797960275152
mp-15988,Li2CuSb,52.716,33.809,62.19464301532404,30.422677958093363
mp-16238,Li2AgSb,46.551,20.639,50.000929735555005,18.586528605249537
mp-16246,CdSbAu,69.142,14.861,77.83708595089686,18.541488838590617
mp-16314,TmSbPt,103.205,49.592,117.93974902737538,62.92401621957364
mp-16327,DySbPt,100.142,48.071,114.92191201515055,59.93150606775625
mp-16329,ErSbPt,101.691,49.226,115.62319408414044,58.92989456007648
mp-16343,LiInGe,37.377,33.386,43.241702574850336,28.508264790333364
mp-16376,HoSbPt,99.731,47.964,117.64446183300274,60.316085853252375
mp-19886,ThSnPt,109.3,42.631,121.73799194588514,57.6170932610866
mp-20185,LuNiSb,96.168,62.894,106.5784373858878,67.37095461778571
mp-20269,MnGaPt,123.891,21.757,123.2757698726747,38.63122518953455
mp-20275,CeGeAu,70.17,18.402,82.6080423547772,35.08525333591006
mp-20389,Na2CdPb,23.527,10.909,25.03261175142664,9.904587944244582
mp-20952,TiNiSb,126.65,59.365,143.6786493364324,80.35355616271717
mp-21026,Li2InPt,71.969,18.408,74.4997979768652,27.58061204866845
mp-21029,Li2InPd,59.663,17.086,62.64594426671824,23.587990751524025
mp-21272,ErNiSb,92.177,58.842,102.50084882360548,63.57066787427847
mp-21418,MnSnPt,59.75,15.121,116.71374801400668,45.20446468920346
mp-21425,UNiSn,116.316,51.159,115.06104346569025,56.666614741294126
mp-22027,MnSnAu,79.189,21.172,89.91978635893855,30.359833899442403
mp-22229,TbInCu4,103.672,50.032,112.73860944521412,52.84723776359986
mp-22276,Mn2InCo,135.295,36.221,109.0027158217826,65.59850335628958
mp-22289,Mn2CoGe,176.138,66.995,229.5583928703638,93.5625570075307
mp-22465,Mn2CoSn,114.714,75.75,150.2787128241707,88.0823146864571
mp-22541,MnNiSb,98.538,0.5750000000000001,100.27722078298086,37.498780184634505
mp-22786,ThNiSn,98.7,48.922,107.08676070295928,52.858956019209984
mp-22792,MnTePd,83.667,19.831,89.70904128289199,25.502232813015784
mp-27608,Be4TeO7,182.13,112.527,204.4336570751805,158.58303061810332
mp-2894,ScSnAu,88.353,43.605,102.41583956446952,51.55894985003122
mp-2935,Li2GeAu,61.01,28.556,70.22171791603397,35.31030378544629
mp-29733,MgNiBi,69.981,35.796,70.79096387465339,42.16007111038586
mp-2988,Li2GaRh,81.563,35.873,87.05308959945816,36.8480502876975
mp-30344,Li2InAg,43.023,15.372,46.44483367301857,22.849489582412367
mp-30349,Li2AgPb,39.481,13.522,41.451126740663966,17.24051963739552
mp-30381,Li2GaAu,59.891,25.706,62.22911188953636,31.47157097278796
mp-30392,Li2InAu,53.673,16.653,57.15023305512814,25.325670110172528
mp-30403,Li2PbAu,44.376,11.552,50.904312695437,16.398172411118875
mp-30404,Li2SbAu,54.242,21.767,62.12728375492772,15.786844444356769
mp-30405,Li2SnAu,55.812,21.316,62.84210221617222,28.14512805485118
mp-30406,Li2TlAu,45.771,8.488,50.369672324175845,15.50969724884548
mp-30449,MgCuBi,56.495,29.042,61.281938702583744,28.611262958261207
mp-30452,DyNiBi,79.997,50.161,91.17816850602075,53.44754873872225
mp-30453,DyBiPt,89.435,40.218,105.67343323231428,50.87016193999776
mp-30454,ErBiPt,90.805,40.701,106.27531428350132,50.04598067357165
mp-30455,HoBiPt,90.608,40.665,108.1318868850731,50.22982502585979
mp-30457,LuNiBi,82.386,50.28,92.74040404323615,55.01534629891671
mp-30459,ScNiBi,87.697,53.578,98.39902510250688,57.122372621646306
mp-30460,YNiBi,80.316,49.382,90.04895543204843,52.22441230792532
mp-30530,TlClO4,12.984,5.629,71.97950559284747,39.52847918802232
mp-30582,HfCuHg2,105.976,17.253,116.63879347981148,28.44345867348556
mp-30587,MgInCu4,100.153,31.24,103.73308009884477,44.11855765077145
mp-30591,Li2CuSn,52.666,30.448,56.675626614886816,38.86938885253899
mp-30816,Li2AlPd,68.314,29.042,71.24355393988628,32.41209040825507
mp-30818,Li2AlPt,84.603,37.313,89.45548535648479,40.83416890241846
mp-30820,Li2AlRh,80.792,39.204,87.16884284556832,39.447263429722426
mp-30847,TiSnPt,136.97,56.643,156.30453664709296,77.8332097235329
mp-30848,USnPt,145.047,53.407,120.3771138581983,52.61100339691119
mp-31168,Li2AlAg,50.135,25.281,52.619078731744594,31.394054358486624
mp-31441,Li2GaIr,95.635,41.728,102.53546667999078,43.604145392317385
mp-31442,Li2InRh,70.882,25.237,74.25206757668576,28.98508325823194
mp-31443,Li2InIr,82.523,28.256,85.71328858866727,32.82192025734088
mp-31451,ZrCoBi,118.226,61.85,142.1964816765258,77.6994221762032
mp-31452,ZrNiBi,99.372,37.576,119.86774721100156,53.64679605212014
mp-31453,NbSbRh,149.831,42.085,192.2493066293688,86.49403944722074
mp-31454,TaSbRu,176.103,71.486,206.95537833544705,88.21467476667267
mp-31455,VSbRu,161.485,48.967,191.4330337000825,91.20478112313684
mp-31456,HfSbRu,142.704,47.25,162.12204513371827,68.17621889102729
mp-31457,ZrSbRu,136.523,45.611,151.60786974694597,60.775347314796775
mp-31458,TiSbRu,144.54,28.092,176.3125549464134,72.54778146659405
mp-31459,TaCoSb,165.084,66.374,195.89413494770653,104.64980742468136
mp-31460,NbCoSb,193.533,59.158,191.1189566419196,99.4082685961265
mp-3158,Li2SbPt,79.179,28.96,91.00819790266016,38.05855016166394
mp-3161,LiAlSi,63.069,55.349,68.11370853016547,50.699665957762825
mp-3201,Li2GaPd,67.604,26.29,70.32987456127012,28.530287095436837
mp-3307,BaSO4,43.4,19.34,107.56227379290722,64.59673865708504
mp-34240,NaZnAs,42.014,15.206,44.308964596009304,30.62325172795212
mp-3432,ScNiSb,103.751,66.881,112.91374478705748,71.33936366425623
mp-3433,YMgNi4,90.883,57.883,130.22031970111897,62.2935423351859
mp-3477,MgAgAs,65.693,7.627,69.274826080989,16.100244382584656
mp-35208,NdOF,131.316,58.164,141.51538969869122,74.95301370467837
mp-3522,MgCuSb,66.779,36.515,77.43322809182818,39.45870225535576
mp-35841,Li2CuGe,58.787,40.226,66.09216856938718,46.29663053939455
mp-36033,PrOF,124.08,55.446,134.56879901568558,72.84067055274505
mp-36111,LiMgP,53.996,43.198,58.98856500077405,45.73425240583092
mp-36526,AcOF,106.534,46.716,114.98350477137627,55.338963689923915
mp-3676,MgCu4Sn,97.854,58.121,106.04165970211156,43.373163790049865
mp-3716,TbNiSb,89.316,55.203,101.038760305555,61.492627238707335
mp-3726,Li2GaPt,82.351,28.95,85.97331875894409,34.90758117934852
mp-37381,SmOF,136.531,61.265,148.5126563526632,79.22169703258663
mp-37906,LiMgN,98.683,82.964,107.36117393099632,86.24023463812131
mp-38194,YOF,141.676,65.184,146.49651328953357,81.08057042096513
mp-4025,TmNiSb,91.824,61.273,104.61422836678057,64.83649213917504
mp-4076,VCoSb,141.89,55.213,186.39914752883365,113.7890100402429
mp-4142,MnSbPd,83.912,1.044,94.04179188143634,28.877839773108217
mp-4174,HoNiSb,92.38,57.242,100.08330118068297,62.723065811109535
mp-4262,BeAlB,140.226,133.528,162.8215381553072,147.21141351953898
mp-4510,DyNiSb,90.475,56.439,101.08992526817067,62.484152429343574
mp-4846,MnSbRh,112.852,31.097,125.72814394048936,53.80134664221752
mp-4964,YSbPt,96.369,47.273,114.55108523343534,61.41966496297073
mp-505297,NbSbRu,168.993,67.952,206.10848702430312,89.27459853501132
mp-505572,Al13(CrSi)4,112.279,68.175,134.59437488197278,90.29216485153836
mp-505599,VNiSb,142.304,47.873,134.59228541699747,73.94757382350713
mp-5222,ReTeS,67.821,43.016,172.00713948520075,94.45754719224536
mp-5318,MnCoSb,116.415,56.542,126.20788358580646,74.9363186278818
mp-542065,CdAgSb,58.715,6.418,64.27232143965605,16.02386728980396
mp-545756,ZnSO4,70.5,8.515,103.17869025040446,50.75135150552269
mp-546633,KClO4,15.769,7.16,78.20786080663358,47.64247881553646
mp-546711,CsClO4,10.709,5.142,61.55750659415053,37.70812068509024
mp-554769,MoSBr,50.553,31.655,130.886170098905,69.13190292377907
mp-5549,MgSnAu,65.619,28.043,74.95666847045133,35.0912740694159
mp-567347,Li2AgSn,46.665,20.768,48.759537065023146,26.1206880417654
mp-5676,MnSbPt,110.879,29.228,120.39388282951036,46.101750376883814
mp-567636,VFeSb,162.865,60.034,187.63099131001752,109.76305702684289
mp-568269,TmNiBi,83.509,51.78,92.7967730380798,53.99152262134342
mp-568398,CaBiAu,53.944,22.466,54.27585182418272,25.615460860638414
mp-568466,LiInSn,34.609,19.365,34.6556209187072,13.518320592208465
mp-568891,MnSbRh,105.879,17.49,103.14133487456252,29.487759644098645
mp-568931,YbNiSb,71.524,33.339,109.46885882540587,66.81941163476894
mp-568983,MnSbRh,104.921,9.443,117.7337660769609,42.186641623897096
mp-569661,YbInCu4,121.133,66.868,117.89019123575068,56.308923084929624
mp-569779,ScSbPd,99.2,46.202,113.89432115956474,57.63969617648869
mp-570014,YbSbPt,77.685,26.578,128.48050114361172,62.73262494114266
mp-570213,LiMgBi,31.336,21.657,31.70521372818505,21.442163419830067
mp-570769,CaInCu4,83.946,39.309,90.89940918555924,44.12862003639395
mp-583030,MnSnPt,100.495,10.5,105.10411975896308,36.994870126657354
mp-5866,MnCuSb,75.954,30.067,83.90286118111123,31.622889182584153
mp-5920,LiAlGe,55.853,50.642,64.30322687633047,45.58353455189521
mp-5944,MnSbAu,77.433,12.833,85.45443959898998,16.253105766987154
mp-5967,TiCoSb,141.018,74.37,172.79556782630644,105.4572730814116
mp-600124,MnNiSb,101.928,50.092,112.69114682121736,62.76515209984387
mp-631269,LiIrRh,141.531,30.087,156.73330607095247,38.36007288227866
mp-631302,ScVFe,98.321,116.716,79.03951222885065,25.06132491253784
mp-631320,TcIrOs,264.415,57.963,278.6684720272547,87.60599405833574
mp-631322,KSnOs,58.658,15.074,60.75558416887772,21.300469912624532
mp-631329,KMoRu2,142.296,48.436,156.7372560724365,33.56285934135734
mp-631335,MgTaZn,88.355,36.564,105.51341757528536,55.36730507832352
mp-631339,Na2LiTa,17.782,5.998,23.1219930245846,12.269958550251078
mp-631342,MnTcPd,139.643,3.578,161.05176054425107,60.0333153792264
mp-631343,LaRe2W,194.937,81.15,222.17409555956596,62.395340256527035
mp-631354,ReOsRu,271.769,40.401,276.3763274866778,72.14367820066022
mp-631371,TlCuIr,106.279,14.125,116.76076146929492,38.14122711300136
mp-631383,MnCrRe,167.245,33.053,164.04095119098432,44.52326893505217
mp-631388,CdIrRu,157.642,17.362,171.60560545506246,59.463647046251225
mp-631390,SrZrZn,30.597,4.064,32.98560407485341,7.788944664591189
mp-631398,TeOsCl2,98.163,88.718,91.37731577269548,14.14670678188443
mp-631404,CrIrRu,181.074,15.702,208.2312763545532,50.992092796058536
mp-631411,CaTa2Tl,97.416,36.635,102.10819663329671,38.90177917107719
mp-631424,ReW2Br,209.674,41.412,234.7954919140417,33.496779693058365
mp-631429,ZrCrFe,88.405,20.655,89.66336326170521,20.93640449073965
mp-631441,NbBi2Mo,117.828,284.254,110.5172262937298,0.6373424060181787
mp-631451,Ta2CdBi,106.406,20.358,117.29057877140636,-22.575515820711026
mp-631462,BeTcSe,122.422,93.926,110.68005681571202,9.502470885340522
mp-631475,TlZn2Tc,105.795,16.375,111.12546834575056,-40.60883282173218
mp-631479,CaHfBe,49.413,19.0,49.18381090862091,22.423903174511693
mp-631482,BiMoRh,130.515,22.36,142.7568247788309,40.27131132830363
mp-631495,BaYSc,17.332,27.375,14.873778378105678,6.519807623089691
mp-631503,ZrAlW,104.983,0.641,100.16315346029778,28.2516142887424
mp-631505,BeCuBr,46.71,7.573,51.67771900142962,599.4103172135476
mp-631523,TcNiW,201.037,21.798,192.3740100162714,42.941710837986534
mp-631541,BeGeB,111.116,3.995,114.5496207443737,55.749802225565375
mp-631551,MnAlTc,119.44,1.572,124.86415857353836,32.750590155074256
mp-631556,BaGe2B,43.591,0.933,48.782607126377094,12.6267347800205
mp-631570,BaTaB,65.046,91.332,61.43332689947677,14.98247676987924
mp-631576,MoPt2Br,173.98,53.948,183.6622407056348,45.753872500435136
mp-7173,ScSbPt,112.645,53.46,126.96558100520744,65.72747792769734
mp-7575,LiZnN,112.773,83.729,121.98165212126138,83.99365554225939
mp-759877,Li4CuF7,53.165,15.96,64.57954634184074,39.01588122542718
mp-867863,SmCu4Ag,100.508,31.012,115.61700222020886,52.023868516077066
mp-9124,LiZnAs,53.606,40.964,61.45718081598047,39.61403572955092
mp-924128,HfNiSn,127.878,77.933,133.82597123488625,85.70706365749685
mp-924129,ZrNiSn,115.909,73.11,132.53473252412624,78.67244424561511
mp-924130,TiNiSn,123.819,69.076,137.94996727643075,82.63162037903197
mp-9437,NbFeSb,164.016,80.125,200.06668148483828,109.40105925937546
mp-961645,LiAlGe,48.554,4.5600000000000005,52.886753881423246,36.71430220074703
mp-961646,TiTeOs,158.831,62.489,194.5018833768363,82.51205323334659
mp-961649,ZrFeTe,135.818,74.15,175.45849123409863,109.5414699248702
mp-961650,AlVNi,119.158,139.154,124.611080328179,46.436228405636655
mp-961651,ZrFeSe,143.448,68.035,197.96374348887065,103.30223478531948
mp-961652,ZrFeSb,119.495,67.211,145.8715844544208,88.24663868605886
mp-961653,FeSiW,226.039,121.257,250.74996230221413,112.63472291106572
mp-961656,VFeTe,134.14,53.837,224.543862780842,140.68468033996984
mp-961657,YNiP,107.291,33.705,122.75998687688072,72.10062917225754
mp-961658,VFeSe,138.506,51.107,244.8041797608407,133.35943591249836
mp-961659,TiSiPd,145.487,56.487,154.61962173259778,67.9927738976063
mp-961660,TiFeSe,157.629,76.634,222.0506089601242,112.50109994979906
mp-961661,ZrSiPd,138.82,55.905,152.22376899072813,68.29334597414109
mp-961664,VSnPd,120.16,31.185,124.37553098972504,54.58614129108747
mp-961665,MgScGa,54.545,37.789,61.051525885077176,42.60033146410609
mp-961668,AlVPt,139.456,27.745,156.05073143315846,56.87800264041734
mp-961669,NbGaPt,135.124,0.506,146.28359744090352,29.60835707739163
mp-961673,TiFeTe,146.311,73.592,209.96474136418664,131.13220288360134
mp-961674,VGePt,145.001,3.848,154.5048184867737,42.11953734940803
mp-961675,ScNiP,129.129,70.695,143.22621916284336,83.20052559884965
mp-961678,ScCoTe,110.522,66.456,133.82957180978116,77.56212979857573
mp-961682,TiSnPd,118.974,47.761,134.6438938113889,67.35736921605381
mp-961683,LiMgP,49.919,4.158,55.15301056520204,17.503811878768087
mp-961684,LiCaAs,37.314,17.972,40.00383209369842,29.035825127071025
mp-961685,NaCaAs,33.378,21.704,37.06975909715769,24.737077911475073
mp-961686,HfSiNi,125.6,20.992,129.22430379131302,58.60570361012401
mp-961687,ZrSnPd,118.393,55.653,138.43777271869436,68.8354789686319
mp-961688,VGaPt,136.177,15.44,149.8045039240539,44.79442373190642
mp-961693,ZrInAu,106.206,48.87,128.7545963889923,59.983242800860985
mp-961695,LaCoTe,85.096,22.703,102.46450177204228,40.267503644999714
mp-961696,MnCoSi,181.264,72.168,170.9200675387135,88.47140315478175
mp-961697,ScGeAu,95.062,38.126,106.68975687751744,47.00193588739192
mp-961698,LiZnP,64.164,34.294,74.89863547101905,41.39746901244155
mp-961706,TiSiPt,165.342,68.623,189.58098269091323,80.74230525245899
mp-961710,VSiPt,171.875,47.772,195.40323552972717,75.1272027098285
mp-961711,ZrSiPt,154.395,61.799,173.13960552995118,78.50533898951149
mp-961712,TaTlPt,153.2,54.063,184.43208251351533,76.21273001662901
mp-961713,ZrSnPt,133.908,63.302,147.92105251573048,75.92782922952092
mp-961716,VSnPt,137.912,40.965,139.43963484647722,67.21526948932397
mp-961723,LiCaRh,42.619,8.295,45.91354611462268,19.771856393114987
mp-961725,CrGeRh,118.263,8.741,148.6360615079759,61.641639644254326
mp-961774,BaNaSb,24.711,11.206,29.211977300384916,21.37926790022535
mp-962060,NaYSi,38.721,0.269,43.92348442305598,16.890741434802667
mp-962062,BaSrSn,20.126,2.317,20.453881483286754,12.717425341815645
mp-962063,LaMgTl,35.592,12.985,38.05068764868464,27.310055246514125
mp-962067,BaNaSn,18.381,3.472,20.81515571108157,11.98459478978288
mp-962068,CaMgSn,33.364,17.467,33.493036375698836,25.634654546357517
mp-962072,KYSn,26.23,8.847,26.174909131186933,18.855160775488773
mp-962073,KBaSn,14.567,11.023,18.377915509932105,6.92610201346531
mp-962077,TiAuCl,68.261,5.193,69.63604465377276,17.49327491479028
mp-962078,CaCdSi,46.537,17.166,49.760386525026405,28.445908883322215
mp-976181,NaBH4,19.495,11.449,47.921711983097715,35.5377946809541
mp-999047,Ti2MnSi,153.082,43.594,188.1037771698257,75.60842258986146
mp-999052,Ti2MnAl,108.188,56.463,152.93958519815072,69.18407101029241
mp-999053,Ti2GaNi,121.628,45.216,158.34412367076538,64.91659251294449
mp-999054,Ti2GaCo,138.266,52.933,170.59252028774762,69.1740493678281
mp-999060,Ti2CoSi,154.865,54.714,201.15808567122124,75.46208416790881
mp-999067,Ti2CoGe,145.264,49.069,187.84135041851536,62.592435288812595
mp-999068,Ti2AlV,117.59,34.101,156.98408574870797,56.99738017718046
mp-999069,Ti2AlFe,412.064,12.007,158.64114685800354,71.44681567502819
mp-999072,Ti2AlZn,96.88,14.141,117.42285229562128,35.7224575091991
mp-999076,Ti2InNi,35.899,43.517,139.9810193070994,59.78929053854518
mp-999079,Ti2AlCu,105.546,42.04,131.15235940586982,54.90515583520181
mp-999096,Ti2AlCr,104.525,49.611,139.84940663380075,65.0525704782013
mp-999201,Sc2MnSi,93.51,13.769,102.67813096210502,48.199661837215835
mp-999207,Sc2MnSn,72.919,23.849,61.824643607932686,32.68934433991995
mp-999249,Sc2MnGe,80.831,13.991,82.35703819189315,35.547109549571545
mp-999558,Mn2SiNi,198.379,89.79,214.62314593269613,88.21881455419891
mp-999576,Mn2SiRu,218.838,121.126,240.2964173380947,118.50341431630946
mp-23560,Ge3(BiO3)4,50.715,41.051,144.19973972005707,80.14665037220955
mp-10036,Ce3AlC,64.659,43.092,61.01912703019174,37.95895265487794
mp-10037,AlCo3C,232.832,114.737,245.54125357320257,125.73289237428688
mp-10038,Er3AlC,38.49,16.408,41.28423810923219,13.96165356989998
mp-10039,Pr3AlC,61.702,40.798,69.10525895321484,43.733705361439654
mp-10041,Tb3AlC,36.148,14.277,38.216182280710576,11.422514986771104
mp-10060,DyBPd3,143.573,17.014,153.75455120877783,27.415569751129663
mp-10061,ErBPd3,146.762,20.647,157.69776069748698,28.601911309962937
mp-10113,ScBIr3,242.814,121.824,282.3850814558577,128.22161219579397
mp-10133,Sc3BPb,79.042,65.681,93.679607759659,71.49274757814464
mp-10134,TmBPd3,147.36,23.258,159.10575325217715,31.106149650139074
mp-1013533,Ba3PN,40.54,27.282,40.32016565410756,23.083977279413425
mp-1013540,Ca3PN,36.021,21.22,39.68473456506885,20.951466324029617
mp-1013544,Ca3SbAs,35.485,24.198,39.67303463325973,24.096755859396147
mp-1013548,Ca3SbN,57.655,49.131,65.08290260451649,51.690386359723064
mp-1013549,Ba3BiN,35.813,25.706,36.692792212188905,24.014716727944677
mp-1013550,Ca3SbP,38.669,27.881,42.98835447906202,27.096037193476025
mp-1013553,Sr3AsP,31.673,21.339,35.83564530080087,20.53300598870136
mp-1013554,Sr3PN,49.284,39.817,55.72545851402605,39.60575669503179
mp-1013555,Sr3AsN,47.628,39.085,54.80445652520912,37.99607933290048
mp-1013558,Ca3BiP,37.265,27.051,41.57752732442667,26.31922914980903
mp-1013564,Sr3BiAs,28.457,19.241,32.73698371245834,18.6838983350279
mp-1013584,Ba3BiSb,20.003,11.101,25.55696617328205,9.334831654051724
mp-1013585,Sr3BiSb,23.823,13.656,30.100337291561416,12.921439743555052
mp-1013588,Sr3SbP,31.726,22.585,36.43381379564845,21.56925670432661
mp-1013642,Ca3AsP,38.905,26.786,42.75027438325272,25.781601773434783
mp-1013643,Sr3BiP,30.724,21.813,34.694010026321195,20.832778597010293
mp-1013702,Ca3BiP,26.696,12.171,34.15662875241219,12.012748745722382
mp-1013703,Ca3BiAs,26.621,12.547,33.971049134351205,12.431994712241922
mp-1013704,Ca3BiSb,26.893,13.792,32.458003318507885,12.94356010362918
mp-1013708,Ba3SbN,17.51,7.688,15.570717517312012,5.562637405100821
mp-1013710,Ba3BiN,3.97,6.834,14.373627736876136,4.331839700895089
mp-1013712,Ba3SbP,19.718,10.005,24.387132232652466,8.175881360340012
mp-1013713,Ba3BiP,18.193,8.855,22.682743617853703,6.556424594607335
mp-1013714,Ba3SbAs,19.616,10.293,25.44619045217166,9.144955087335894
mp-1013716,Ba3BiAs,18.404,9.183,23.923434663260604,7.726292482766717
mp-1013719,Ba3BiSb,19.129,9.944,24.329131658371587,8.29380014376136
mp-1013733,Ca3BiSb,28.372,15.74,33.677533026708915,15.427412959183656
mp-1013734,Ba3AsN,38.422,27.293,41.68426688120211,24.418202628441893
mp-10139,Sc3SnB,83.179,68.655,94.84886770417016,74.41561305345333
mp-10140,Sc3TlB,76.574,54.498,88.11385312439239,62.726012528524805
mp-1016819,HfZnO3,162.57,55.645,177.19074503804745,42.37792220894162
mp-1016820,MgSnO3,154.103,69.68,162.51263916626593,75.2541039758785
mp-1016821,BaSiO3,175.849,121.468,203.66139766358972,129.47969307398162
mp-1016823,BaGeO3,137.118,103.37,163.83121347669933,112.33471478590351
mp-1016825,HfMgO3,168.944,77.756,188.9736118085492,77.20601230760649
mp-1016826,MgIrO3,172.48,16.076,220.90304932496025,39.88126013214378
mp-1016827,MgGeO3,185.85,100.868,205.86679337156576,114.45903848516969
mp-1016829,MgRuO3,161.797,43.417,211.9982082070771,36.88573068022499
mp-1016831,HgIrO3,175.489,40.37,255.5777828297174,65.99853735671485
mp-1016836,ZnOsO3,208.753,50.694,216.30680134412333,45.61357225497024
mp-1016837,SnHgO3,138.108,52.382,159.62692844274628,52.011297041117935
mp-1016840,HgOsO3,202.882,47.226,248.69757122960945,71.31136969405601
mp-1016841,HfHgO3,159.867,52.316,185.70325355547428,49.617266353978046
mp-1016842,TiHgO3,174.512,54.005,200.84444458360727,62.85719925870918
mp-1016843,MgOsO3,174.473,12.192,221.98343593871172,29.0292863562376
mp-1016845,ZrCdO3,155.518,58.151,174.71280873672603,57.1899865812144
mp-1016846,TiCdO3,181.549,75.558,195.11657982031247,76.2393305639481
mp-1016848,SrIrO3,169.881,38.702,195.3919788010147,61.25495340255281
mp-1016850,BaRhO3,134.066,54.001,160.72083553046704,67.8145313703964
mp-1016851,HgRuO3,178.37,39.007,230.8060025759491,58.82394558866366
mp-1016871,ZrHgO3,146.764,42.062,171.18130384002788,37.813340590210146
mp-1016872,CaIrO3,172.529,26.92,211.00710304237748,53.36150754658673
mp-1016873,CaHfO3,166.721,93.423,181.72681861204424,98.7362890280711
mp-1016874,SiHgO3,221.487,68.309,266.9576356080203,106.96328379077148
mp-1016876,ZnSiO3,235.713,107.427,294.4727489760292,148.85004186704958
mp-1016877,HgRhO3,148.652,39.585,227.97231464721517,68.40977764476
mp-1016879,CdSiO3,228.217,103.61,269.40850161610143,137.97170910940167
mp-1016880,ZnRhO3,161.218,66.851,201.4212165715716,50.411400386565624
mp-1016881,CdSnO3,152.367,64.191,163.66433787825036,69.83419106195579
mp-1016882,CdOsO3,192.236,22.11,224.4091098441856,44.488325739891366
mp-1016883,ZrZnO3,149.835,45.061,161.14369771226555,33.20589236738887
mp-1016884,CaGeO3,172.617,115.281,201.27435314291552,127.53040738846974
mp-1016900,CaOsO3,190.541,38.385,226.83788987132144,60.868416299076955
mp-1016902,ZnSnO3,151.079,53.821,161.69484803157107,55.95786206248714
mp-1016903,CdGeO3,182.736,86.226,199.35435039351145,100.34452136647936
mp-1016926,ZnIrO3,201.293,45.961,217.9319081087802,49.41687411879918
mp-1016928,MgSiO3,230.404,135.037,273.96131124832795,162.9279317675099
mp-1016930,ZnGeO3,190.693,76.932,195.59087738701277,92.9057178600472
mp-1016999,SrGeO3,158.897,115.034,180.24900999973687,118.5656487964336
mp-1017000,MgZrO3,157.164,66.663,177.3569422952274,67.27979991226661
mp-1017446,HfCdO3,167.615,69.422,187.52871271463673,67.0440046895307
mp-1017447,HgGeO3,172.111,64.611,203.6127151964137,81.1802699302824
mp-10175,KCdF3,55.986,21.121,61.37014491154612,23.09363743101625
mp-1017554,CdNi3N,182.751,69.531,199.2998242956367,72.25386640952037
mp-1017555,CsBeF3,80.268,25.875,87.7519940518106,31.072057799503614
mp-1017566,GePbO3,157.328,96.824,174.6072842126067,98.1329196077695
mp-1017578,HfBRh3,223.425,101.826,252.3057687573063,98.64676570051095
mp-1017582,LaPt3C,164.429,182.192,173.17428837648228,6.283391955529272
mp-1017626,LiCaF3,79.537,48.995,83.9501063830744,51.64773820340575
mp-1017627,Lu3AlN,99.463,75.583,111.49479469455862,79.60817481962087
mp-1017629,MgNiH3,109.663,26.812,105.98838455046106,43.63750525337585
mp-1017631,ScBPd3,153.391,20.837,169.6807977389462,36.568083181656235
mp-1017632,Ni3SnN,174.329,44.265,184.50356095043765,44.43292242398536
mp-10185,Mg3ZnC,62.165,37.249,70.34510675766228,40.99663488197974
mp-1018627,ScBPt3,187.164,0.718,214.94973702969168,20.682772384244625
mp-1018629,YPd3C,153.404,20.546,164.6113866862908,35.79358697153401
mp-1018635,ScPd3C,166.014,27.529,187.85273334972825,49.58829236428259
mp-1018636,SnPd3C,153.925,31.093,165.95714539399097,23.605344117123575
mp-1018639,TiSnO3,175.285,85.64,202.37326566144972,95.10087822717186
mp-1018641,Tm3AlN,96.02,72.828,107.81634553677276,76.92407767245471
mp-1018643,YBPd3,142.867,20.681,152.93664817358197,27.8132601428148
mp-1018644,YBPt3,173.83,0.424,200.1192002184897,22.369818890649604
mp-1018647,YbNiH3,99.841,61.016,121.04874829851602,55.58929650195704
mp-1019541,BaCa3O4,90.795,56.437,99.95740610209285,61.646237081071696
mp-1023129,KCuCl3,38.496,17.3,42.83992535865074,17.9536339979258
mp-10250,BaLiF3,69.602,42.339,70.0253817712147,42.954084364006114
mp-10270,ScCo3C,208.929,96.179,225.69086535495745,100.41050189577236
mp-10271,ZnCo3C,227.96,113.893,231.0863272161512,115.36918208651454
mp-10274,Er3GaC,46.623,21.304,51.86308726299165,18.593297275789453
mp-10275,Er3InC,40.114,12.572,43.78193366673949,9.501385429895588
mp-10279,Ho3GaC,45.194,20.445,52.06295519277569,17.27768592639648
mp-10356,Ho3InC,39.666,12.289,43.540029306670455,8.41808791737147
mp-1040467,RbOsO3,197.673,104.983,217.79821273406583,107.94490648022466
mp-10600,La3AlC,58.829,34.474,60.38478849128702,36.73413814089935
mp-10601,Y3GaC,78.798,64.388,86.11248741353108,67.70724695181472
mp-10602,Sm3GaC,67.541,48.714,73.00485372394391,52.14319337269541
mp-10606,Sm3TlC,66.659,49.981,75.05888927050476,50.66912552888694
mp-10608,Y3SnC,81.995,62.479,89.8277944995742,65.16419938267956
mp-10611,La3PbC,60.77,39.774,65.07940959599513,36.310580754245805
mp-10674,Sm3AlN,34.496,10.871,34.406636489995485,10.90535522613569
mp-10675,Ti3AlN,162.649,40.864,185.3438721094215,90.75119845942824
mp-10699,LuRh3C,205.343,85.576,229.22037447560743,88.80045859683581
mp-10700,MgNi3C,168.29,55.797,193.9165942918546,82.473989594247
mp-10706,ZrRu3C,258.82,157.252,291.7034081318547,153.09557241404752
mp-10708,PrRh3C,183.945,66.421,211.6417759077421,66.50165671956883
mp-10712,ScRh3C,213.993,88.558,234.3973004191516,90.31198719757616
mp-10714,TmRh3C,203.932,83.513,227.84876640820448,86.26868200172437
mp-10716,YbRh3C,186.655,80.247,231.62308752955727,88.07560957948223
mp-10718,Sm3SnC,36.568,9.516,38.97162988513835,7.781749605521901
mp-10732,ThTaN3,241.796,135.904,252.78529267160908,135.52725040554415
mp-11652,Yb3PbO,58.432,50.196,84.85894234186594,23.16212439518484
mp-11733,Lu3InN,95.187,72.27,109.90461283919043,74.16387068084865
mp-11775,RbUO3,132.148,69.574,137.70886981789874,75.68015268288408
mp-11822,Ca3GeN,55.627,36.988,56.77686004868578,43.938567246039966
mp-11824,Ca3PN,63.211,53.243,69.69203696511836,52.6703283433576
mp-12572,CaPd3C,133.657,1.984,153.59370221000762,43.31951698583936
mp-12631,SrTcO3,181.627,54.765,199.774779730748,82.33966071616884
mp-12725,NbAgO3,187.023,77.819,210.0187663036366,81.63840755211814
mp-14099,ZnAgF3,81.455,25.207,84.7211307634141,25.638123890394073
mp-1412687,YSnO3,135.269,40.831,155.6850957188996,57.95190668455506
mp-1413511,AlBiO3,105.509,48.521,115.83712889828632,50.01127938404132
mp-1416619,YSbO3,115.898,6.923,141.66099602300724,30.526180050192256
mp-1418444,AlAgO3,134.977,38.01,161.41855147773205,33.738179509139165
mp-1418929,YAgO3,152.504,34.036,156.97287836005304,49.34552039263491
mp-1421511,AlSbO3,127.135,73.559,152.5438772258295,79.28260533371687
mp-1424898,YBiO3,113.052,19.427,131.95913003549498,28.15456498057306
mp-14254,NdAlO3,197.949,138.548,225.1143289838243,153.24042700426514
mp-1426094,AlSnO3,152.634,53.245,157.1321228077254,66.66286849944453
mp-1432347,YCuO3,182.599,81.28,186.62646162818132,90.76053029207992
mp-1436662,YTiO3,188.993,58.897,201.17712886721696,62.78682472839537
mp-1475723,TiAlO3,180.192,63.163,200.3793544033272,63.762555300014895
mp-1504314,AlCuO3,160.131,47.974,190.2974839587247,47.31607972249105
mp-15856,DyRh3C,199.853,79.683,226.06675275736828,82.66967801874277
mp-16287,NdRh3C,186.801,67.992,207.60487248845152,67.7698772642148
mp-16290,ZnNi3C,194.302,54.987,215.8165425027414,83.51716621598034
mp-16297,Sc3SnC,101.411,81.286,107.54665785050436,82.2733696549075
mp-1946459,CsAgBr3,25.511,10.716,27.77736567574332,9.915734422328065
mp-19716,Sm3InN,79.926,56.436,87.0399795631083,55.60047401890881
mp-19749,Pr3InC,32.389,8.891,35.71102853330184,4.766319440440047
mp-1975771,RbAgCl3,31.598,12.344,32.63297900373482,11.19965108347762
mp-19758,Sm3PbC,36.11,7.23,39.54591879709885,7.33547041874168
mp-19777,Yb3InC,38.199,9.67,99.8728809159041,70.62607451229186
mp-19817,Y3InC,78.064,63.498,86.74405741084969,67.10290182061838
mp-19836,Tb3TlC,40.323,11.741,42.21934399418343,6.0025865654983255
mp-19845,TiPbO3,170.269,90.612,198.95154611944616,97.66871236841013
mp-20229,Sm3InC,34.955,9.831,38.340764173008665,7.168015731891867
mp-20385,Nd3InC,63.104,44.171,71.81837686720327,48.29603308855285
mp-20423,Nd3SnC,35.011,9.034,36.19991140572091,5.987387760755148
mp-20430,Er3PbC,40.95,6.322,44.39229662569736,7.103413062187247
mp-20446,SnPt3C,177.192,4.648,187.4064850920232,-32.91680535531013
mp-20590,La3InB,44.762,26.55,45.81742976606966,24.163898349009656
mp-20679,Co3SnC,198.668,86.71,230.8084577372144,83.77797821633312
mp-20684,Pr3AlN,31.769,9.57,31.388446905418913,7.3761107889212
mp-20750,Tb3SnC,39.692,9.784,41.09389027545041,6.221255702445742
mp-20796,InPt3C,196.047,7.245,208.04311562946503,-21.420850445976654
mp-20860,Mn3SnC,215.893,120.102,158.10780333769893,94.94153250674572
mp-20922,Dy3GaC,44.205,19.481,48.98969906995414,16.178869269451724
mp-20978,Ho3TlC,41.581,12.506,46.05425393116728,8.84255694773981
mp-20990,Pr3InN,72.128,49.169,81.77867192206074,48.53904745127069
mp-20999,La3InN,65.083,41.796,70.81720487190228,38.59306943587847
mp-21017,Y3PbC,77.789,58.485,86.82734384110928,61.17391443069741
mp-21022,Nd3InN,75.749,52.058,83.5152458975261,51.17427378518654
mp-21028,Er3TlC,42.482,12.995,46.730484110197224,9.208533490328556
mp-21031,Pd3PbC,141.216,29.434,153.26468190041322,24.441834629395263
mp-21035,Sc3PbC,94.605,76.167,105.13384693346111,77.2162611824705
mp-21043,RbPbF3,77.371,29.602,42.072840262859344,16.373000262711226
mp-21128,Ca3PbN,18.661,8.672,21.00362324913405,8.239826570723068
mp-21135,Pr3InO,71.496,41.666,78.71082088699264,39.887813793649705
mp-21206,Yb3GaC,37.775,6.307,99.50255159512386,73.54700689287536
mp-21850,Fe3SnC,293.392,143.27,187.2329617748497,99.49198852892208
mp-21854,Nd3TlC,35.396,9.014,38.1069592850978,5.37483437055618
mp-21862,VRu3C,274.66,160.459,318.72633578904384,177.88881784838975
mp-21888,Tm3SnC,40.815,8.526,46.03568960106158,8.212857164820058
mp-21910,Nd3AlN,32.77,10.085,31.659558410099915,7.66773639782092
mp-22087,TaRu3C,291.431,149.144,347.93214264594764,189.91983582215005
mp-22120,YRh3C,196.814,79.702,220.8637166937397,82.45269001131126
mp-22345,TiCdO3,126.081,20.728,152.1208257888521,17.72360705741499
mp-22350,Nd3SnN,35.146,5.284,32.413119788597434,6.181836531434209
mp-22351,NbRu3C,281.254,148.287,335.7670647891266,182.8699902437091
mp-22394,ThRu3C,224.114,107.105,264.39120396476966,106.01448073150736
mp-22496,Nd3TlN,35.606,5.7010000000000005,34.334857220659096,4.812115807421598
mp-22513,Dy3TlC,40.847,12.029,43.66533556529442,7.457690149145282
mp-22535,HfPbO3,166.252,87.185,185.5750793769001,94.37704741629236
mp-22537,Er3SnC,42.274,9.172,44.69752423781792,8.711302232267542
mp-22556,Tm3TlC,43.149,13.276,48.26666079864047,10.683487115958126
mp-22793,AlFe3C,232.51,88.775,199.67390019726983,118.54471248222184
mp-22979,GaBiO3,173.106,89.283,199.91552776969775,101.47437747679469
mp-23026,CsAuCl3,35.712,13.125,41.02943332547581,15.034058859839012
mp-23037,CsPbCl3,21.823,9.296,24.37513529510151,10.08853455507563
mp-23080,AlBiO3,190.998,117.305,225.94145304356007,136.98099895908
mp-23729,NaBeH3,59.369,49.113,60.949051006351475,54.99020890821383
mp-23737,KMgH3,34.622,31.061,37.29627941027276,31.9700665585321
mp-23818,BaLiH3,37.474,38.849,39.160853700256745,37.02834576236137
mp-2464440,KAgCl3,31.855,11.58,33.463427709442364,10.645013179050656
mp-2649045,CsInBr3,21.762,8.403,25.351689087040985,10.419617559159466
mp-2695837,CsTlF3,285.83,22.971,37.444018151855005,16.01019587721727
mp-27214,CsSnBr3,19.249,8.647,20.215780813179915,8.900764994141603
mp-27294,Ca3AsBr3,34.272,22.458,41.0830740109145,24.82569827817154
mp-27718,CsHgBr3,22.568,8.363,26.325786634138424,9.584102673528442
mp-28069,Ca3AsCl3,37.483,25.136,45.44594120849507,27.535170940287905
mp-28166,K3BrO,19.399,12.792,20.75048852999566,12.052702168457287
mp-28171,K3IO,18.587,12.762,19.30952271685901,12.566693033202135
mp-28593,Li3BrO,48.727,35.622,55.15225849184983,38.53700197230692
mp-28602,Na3ClO,32.992,22.436,39.89736263970568,25.05108285686581
mp-29241,Ca3SnO,54.846,45.672,61.48786578076215,46.54296657596371
mp-29243,Ba3SnO,36.771,25.902,40.48669857488963,24.81629181787542
mp-2930,Mn3ZnC,192.524,65.249,176.71374073761612,101.60245013100004
mp-29342,Ca3PCl3,40.064,26.861,48.10346161529384,29.276825607846323
mp-29725,YBRh3,181.021,85.796,200.01268751805205,86.47438320994618
mp-2998,BaTiO3,166.907,106.373,179.30889561224146,114.41469784981122
mp-3000,Cr3GaN,295.563,110.737,198.5207187315254,106.1709723286067
mp-3020,BaNbO3,167.842,89.357,181.46893978070852,90.59327845009196
mp-30207,La3GaBr3,41.385,22.985,53.41093961673656,26.25803301972761
mp-3022,TbBPd3,142.81,10.576,152.5437137532634,26.755841315140433
mp-3088,LaBRh3,165.301,62.911,186.30944053789364,63.29049653832974
mp-3105,LuBPd3,148.81,25.344,164.64405964991283,33.648520018318266
mp-31055,Sc3InN,96.711,74.295,113.83066394031366,83.9626136711449
mp-3136,NaNbO3,176.561,100.088,203.8528945558173,105.3043802294086
mp-3163,BaSnO3,133.913,89.091,148.4334648607991,95.93213772212336
mp-3183,DyBRh3,183.388,86.089,202.55366611420723,87.1431261456955
mp-3271,Ti3AlC,153.159,103.192,170.8587787959414,102.24050388709716
mp-3323,SrZrO3,152.318,88.002,172.40111358592685,96.07346836763264
mp-33365,CeGaO3,182.932,27.336,192.50414971167552,109.15720386912346
mp-3428,SmBPd3,137.352,3.312,146.07682571039422,22.05188957789779
mp-3448,KMgF3,74.789,43.567,75.23579979901297,48.072947509026385
mp-3591,NdBRh3,174.728,74.997,187.36344703799097,72.74974531025823
mp-3614,KTaO3,188.716,122.495,210.26783578637537,131.46051285620345
mp-3654,RbCaF3,48.191,26.403,54.685360795313954,29.816803022667887
mp-3686,YbBRh3,161.964,87.207,212.77502078596623,92.19846600720656
mp-3693,HoBPd3,145.69,18.834,155.25063691821603,28.573910530972626
mp-3710,HoBRh3,184.167,87.48,202.12808589793303,86.54887656197033
mp-3717,LuBRh3,188.744,90.644,210.15219614205057,95.1176824833538
mp-3834,BaZrO3,148.845,91.419,170.2100497483827,101.48338157375568
mp-4079,Sc3AlC,100.358,84.205,107.3403220246174,89.22876517290219
mp-4126,KUO3,134.466,67.688,136.26888975579865,71.29890861437661
mp-4170,NaTaO3,201.078,111.744,219.0602901905973,118.37384974405964
mp-4230,Sc3TlC,97.309,81.849,109.54964896627123,86.16126633210106
mp-4405,Rb3AuO,15.595,9.399,18.255573278841744,10.329393662201811
mp-4448,Y3AlC,79.684,63.961,84.55997876003372,66.79979567004936
mp-4505,La3AlN,66.117,43.537,72.08794836489076,40.01526805767421
mp-4551,SrHfO3,163.199,99.605,179.8240944836815,106.70306878697866
mp-4563,Ti3TlC,148.372,83.571,153.31533426211146,90.80344548486724
mp-4593,Mn3AlC,235.077,130.58,196.81025158857025,119.34106421659703
mp-4950,KCaF3,48.658,25.296,55.041959178587234,28.19990243138103
mp-4982,SmBRh3,175.916,78.41,194.79299150921136,77.4081309009397
mp-504715,BaTiO3,54.646,3.148,52.938595878999294,-0.0113934947884617
mp-510376,CeBRh3,190.777,56.573,199.99115350332983,54.20673664059772
mp-5200,PrBRh3,169.867,73.418,190.43540402015148,71.24468649120837
mp-5229,SrTiO3,170.929,108.497,189.13678026129213,115.96252909034126
mp-5304,LaAlO3,194.911,129.69,219.646091843493,143.12832281155514
mp-5323,CeAlO3,191.964,48.718,215.50933471077747,142.932477183414
mp-541365,LiEuH3,47.287,49.922,51.03417966049762,48.78206060515824
mp-542103,TbRh3C,196.967,77.674,221.07230346775577,80.35524894021314
mp-542112,CaZrO3,155.28,81.711,173.73149048508492,89.81692999753471
mp-5438,TmBRh3,186.37,89.666,204.14001004440257,88.89462451242844
mp-546200,TlIO3,111.81,58.323,115.8715255527492,51.0681716267024
mp-546973,SrSnO3,142.602,88.097,156.55331373611165,93.0639532943184
mp-550008,ScBiO3,148.262,71.889,162.59233460462897,74.62438563214877
mp-554601,RbCuF3,69.734,31.504,73.92413261519022,34.114154320093895
mp-554973,TlCuF3,70.161,25.725,75.51732435643906,27.12286622427946
mp-5566,KCuF3,68.887,30.35,75.50362167610461,32.767633751311585
mp-558189,Ag3SI,44.61,6.537,51.55115836047377,8.626570792454674
mp-560399,NaMgF3,71.171,42.484,79.58159106658103,46.42332544075655
mp-561598,BaPbO3,61.735,17.699,49.37529902957002,1.4973437904975142
mp-561947,CsHgF3,49.422,16.764,51.72166848910685,16.938207123067127
mp-5663,BaCeO3,111.403,52.386,118.90002147481488,58.416415984463015
mp-567703,Fe3NiN,203.967,86.951,197.1364167536848,92.20290783145772
mp-568005,CsYbBr3,21.39,11.983,27.288988805394585,8.879897883087699
mp-568544,CsCdCl3,29.552,13.901,34.08468739611747,15.016729516026912
mp-569875,ScBRh3,195.322,96.283,214.22179706246692,95.66026508950236
mp-570008,Sr3BiN,43.271,36.36,50.11819515184863,37.038144632815936
mp-570223,CsGeBr3,22.345,12.431,24.735229455052828,12.857741350291
mp-570290,MnTlCl3,34.353,15.324,38.300140728135496,16.78351790537601
mp-570591,CsHgCl3,27.743,10.092,31.647668841734692,11.48234418542143
mp-570822,Tb3AlC,76.355,58.94,80.5556105320343,61.20617634278871
mp-571330,Nd3AlC,63.965,43.503,72.28556009331089,48.968922700880576
mp-571458,RbGeI3,18.094,10.168,20.90941704875225,10.023608938981967
mp-574239,Tm3AlC,39.315,16.967,42.86408130626875,13.204532007280717
mp-579496,Fe3PtN,206.727,98.815,210.95000179271196,88.94472694017382
mp-580234,Fe3RhN,180.818,82.097,204.5556431070951,84.14899462199851
mp-5827,CaTiO3,176.478,103.379,193.3127625741287,110.85868429969769
mp-5878,KZnF3,71.15,33.286,77.12661128546407,36.46834661631016
mp-5893,CaSiO3,216.044,150.17,241.5231527512708,169.44749862974697
mp-600089,CsPbBr3,18.482,7.962,21.99577764988925,8.57649595116816
mp-614013,CsSnI3,15.373,7.428,17.49866521559604,7.521379437889735
mp-627439,Mn3GaN,227.986,132.732,162.05541939026054,102.8263718927519
mp-632808,BaLiH3,16.673000000000002,6.439,21.367927092941123,7.059557480258804
mp-636273,Nd3GaN,38.83,10.717,36.155793177279214,10.48351270536756
mp-637179,Ca3SnN,19.651,9.48,23.345288673308367,9.875622446161024
mp-640266,Ca3Al2O6,64.785,42.746,125.18241256832702,72.58913005313877
mp-644246,EuH3Pd,86.912,38.11,101.29490831661982,43.04906437706607
mp-644483,Ti3SnH,123.281,24.897,135.54697598893011,57.290578749569974
mp-6951,RbCdF3,55.222,22.838,60.70646773780779,25.289873836884663
mp-6952,RbYbF3,56.432,30.807,62.10557584801414,15.169885141423094
mp-7006,SrNbO3,173.24,79.765,192.43174435475447,77.46789933335013
mp-7070,Mn3PtN,179.569,75.462,158.1398847367303,91.7932267336676
mp-7104,CsCaF3,47.44,26.842,52.659981081111695,29.92372677585252
mp-7114,Ho3SnC,41.472,9.405,43.487361550662,7.58478317311259
mp-7130,ScRu3C,236.198,139.147,269.95948685726904,134.63714349086248
mp-7143,BaPuO3,118.683,56.229,127.00755870906887,60.965533368208185
mp-7159,La3TlC,54.494,36.156,61.92709449893024,34.52540727050873
mp-7223,Ca3AsN,60.583,51.711,67.18214977696964,52.42214129913575
mp-7482,RbHgF3,50.69,14.872,52.885042459877766,14.197024004531208
mp-7483,KHgF3,50.671,12.972,52.69017897710407,11.366322398286192
mp-753781,EuHfO3,165.391,95.032,180.50579923467816,100.12988831780076
mp-754678,BaTaO3,177.458,94.012,193.49039215032883,95.21340419264835
mp-754696,PrTiO3,187.179,68.846,197.540778774022,77.04577371779993
mp-754892,Rb3ClO,17.011,9.97,20.393841336502824,10.540979601741586
mp-754940,Ba3SiO,39.278,26.756,43.936196220832066,23.94906504129724
mp-758371,YbAlO3,170.465,76.264,230.0385708103821,165.63271176460324
mp-7604,Mg3NF3,108.207,81.341,129.52512000669557,86.8342994342878
mp-771055,EuZrO3,154.842,83.545,171.1506001736054,90.60214507434868
mp-7752,Sr3SbN,45.977,38.116,52.32366332894251,37.70309539649488
mp-7961,Sr3SnO,44.124,35.774,51.25269265193414,36.43711563772394
mp-7986,CaSnO3,149.034,83.207,159.75203803751458,90.04276532119601
mp-8020,LaTiO3,183.62,66.054,204.7296004153381,84.65920505004432
mp-8037,BaThO3,110.875,50.624,123.91037336436654,58.52479140423734
mp-8074,TaSnO3,189.595,22.423,221.03804001218825,76.83363109806376
mp-8218,PrAlO3,197.512,136.42,219.90298957369276,150.14126351896806
mp-8368,Pr3GaC,36.668,13.823,38.11811084112187,8.121081987676908
mp-8370,Ni3GeC,187.015,41.228,198.31457257359787,34.01612405293088
mp-8397,CsSrF3,39.37,20.108,44.59289831281388,23.266811461600497
mp-8398,CsYbF3,57.116,32.481,55.37860928580864,16.94883194112585
mp-8399,CsCdF3,53.871,24.043,59.41612098056011,26.778771769162734
mp-8401,CsMgF3,62.499,36.041,69.55641457140301,41.04245960214702
mp-8402,RbMgF3,66.107,41.94,73.36659242484167,47.11885380897761
mp-8557,BaPaO3,109.369,41.577,127.06036605745756,49.24635163534206
mp-861873,TaTlO3,187.786,104.711,215.5393770760253,112.43417497089176
mp-862832,PaTlO3,133.398,57.351,155.1048257392469,63.97846575696042
mp-862870,LiTcO3,194.213,79.846,237.67769144642816,87.25009179315695
mp-864606,AcCuO3,163.571,81.723,177.3539343333789,85.75660014527838
mp-865120,NaPaO3,132.432,57.938,146.3398174201824,61.15013771684449
mp-865181,EuGeO3,167.47,101.809,172.7491371028316,109.04906597039172
mp-865218,YbTiO3,188.205,111.444,217.0994696300815,68.41420062662125
mp-865322,UTlO3,132.86,59.337,141.9062839469757,64.26364682994173
mp-865424,CsUO3,129.135,70.632,137.21337924168668,76.69441899305593
mp-865927,AcTiO3,179.412,77.02,194.13442107963212,86.86857936838494
mp-867195,SrOsO3,185.233,60.942,216.71442470301372,69.64537333389718
mp-9060,RbPdF3,67.565,22.825,74.2188054816017,29.400697744565097
mp-9061,KPdF3,68.848,19.737,72.94488126972033,26.316595080552524
mp-9200,K3AuO,18.66,11.654,21.791714151276313,11.508445802418048
mp-935811,KNbO3,172.61,109.553,196.19070273287545,117.01266912812224
mp-971700,ZnAuO3,98.68,4.182,141.8962025080809,14.901120164553197
mp-971706,ZnBiO3,152.502,59.718,188.03720662374008,63.580313643992234
mp-971975,SrHgO3,102.967,42.81,121.45032875179274,33.75565861180897
mp-971996,SrHoO3,84.713,46.093,110.33218018386178,40.02547527438665
mp-972021,SrInO3,95.953,41.576,119.1969046442732,36.3875780323446
mp-972058,YbTmO3,96.796,45.698,151.0610080383403,70.56755725710593
mp-972066,ZrAlO3,217.28,98.184,246.02748816381177,114.4737264454092
mp-9721,Ca3GeO,58.534,48.427,62.56477442493946,46.86185859525723
mp-972222,TaBeO3,277.307,103.594,235.0210893873036,113.22331052056128
mp-972442,SnBO3,225.06,73.067,249.03788898475517,75.22597588693455
mp-972822,SiBO3,232.445,24.58,331.55390145578326,-70.1704566191475
mp-972827,SiBiO3,130.571,76.857,204.0340793473619,94.63501266008538
mp-972839,SiBO3,203.008,53.644,232.15851107712217,96.46110827864374
mp-973068,ScCuO3,186.205,68.294,197.7151760688244,71.66408366558191
mp-973123,ScPdO3,118.718,23.645,132.38913431460935,16.215804493605763
mp-973156,ScAsO3,135.67,45.595,157.87045565396778,52.392750891309
mp-973267,KTcO3,180.938,111.434,212.43471582752815,111.04102608594324
mp-973269,SbTeO3,125.028,40.829,123.47490892127333,48.00511383780798
mp-973396,KBeO3,92.168,27.945,97.22327906920422,13.330713786516762
mp-973471,KReO3,201.94,119.458,245.0239577434321,115.1516664066426
mp-973536,LuUO3,151.069,85.959,167.1036291648585,81.98838096366227
mp-973613,LiCeO3,156.051,17.775,168.1486673506034,34.28816828989791
mp-973681,LuRhO3,189.552,28.686,223.82240919358887,51.08542087602643
mp-973830,KErO3,65.414,3.327,87.93386656657043,38.38553007229697
mp-973869,LaCdO3,130.971,44.298,140.0689160287011,46.33755046975531
mp-973977,HoSnO3,90.383,34.59,113.12818930907711,33.041255815209354
mp-974061,KSiO3,178.452,117.855,164.44205268903622,97.07975288507524
mp-974740,NdBiO3,116.027,22.598,121.90040727396688,30.277327700927053
mp-974842,KPtO3,119.312,51.104,141.03077857929242,65.11799130370375
mp-975190,RbTeO3,122.161,88.194,121.7718341641157,95.0415057014504
mp-975206,RbSbO3,117.294,105.897,136.28429822464977,111.65287132531697
mp-975208,RbRuO3,155.247,85.574,183.2368721068828,95.37161565881206
mp-975216,RbReO3,195.873,126.82,235.41110294339583,120.96673944484483
mp-975255,RbPdO3,95.483,47.559,92.3304035818584,41.41272145580313
mp-975284,RbIrO3,141.653,78.796,177.57470580503235,81.38302095798313
mp-975288,RbNpO3,133.382,69.83,131.62984976115823,73.75558208106672
mp-975296,RbHoO3,66.13,7.311,88.59161385262442,42.60095050176307
mp-975299,RbInO3,74.482,11.05,95.97344586730372,44.101633746856365
mp-975347,NdGeO3,149.618,70.624,150.9122932358955,78.16889912418566
mp-975364,RbCuO3,84.711,31.992,89.72325577905137,42.40437560699988
mp-975382,RbCaO3,40.141,9.212,72.82219516061267,18.3710599642124
mp-975394,RbBeO3,84.653,13.871,105.01625601929828,8.75311348172532
mp-975425,RbAsO3,102.651,101.456,104.44177118967885,96.39605878836151
mp-975427,RbAlO3,112.414,41.005,131.65223776174895,52.43385176070913
mp-975443,InCuO3,160.872,55.989,199.08993345480695,60.25101717920277
mp-975463,RbAcO3,61.109,33.337,70.72352197484001,47.65538761863283
mp-975588,PuPtO3,259.08,21.626,209.74596725833536,47.64947869827356
mp-975913,PrNbO3,187.182,34.435,217.03105758014897,64.42795755381809
mp-975990,NaLiO3,49.933,13.061,76.23428881589393,3.580009263383399
mp-976133,NaAsO3,126.053,121.985,166.94097458992837,137.9634969193791
mp-976185,NaBeO3,109.135,30.372,125.3695702633467,2.107801202262323
mp-976727,PrBiO3,114.926,23.371,122.68202365100788,30.61301690868861
mp-976775,NaMgO3,67.537,10.716,130.50486704588462,20.508195394444545
mp-976923,NaReO3,211.053,96.474,264.5019869146734,101.08558530948592
mp-976968,NaPdO3,104.533,38.431,140.50208266765046,53.81483422743736
mp-977117,NaTeO3,137.484,78.761,138.2969454970589,83.14177600104955
mp-977123,NaTiO3,138.443,68.649,165.60061658875398,59.43995609373269
mp-977176,NaTcO3,190.453,92.535,232.4416520250003,95.83572623893754
mp-977408,NbTlO3,176.002,93.616,204.57322950363735,102.12965862005495
mp-977455,PaAgO3,140.937,44.187,157.59615535701894,50.03503129896619
mp-978489,SiPbO3,199.931,116.389,192.46027897479868,115.79143911158084
mp-978490,SiPdO3,232.071,87.065,237.8633677824681,75.46911467692283
mp-978493,SiSnO3,203.42,116.859,216.70734167402463,118.94902377545844
mp-978504,SmGaO3,182.901,103.136,193.55601654484252,110.15969312623348
mp-978851,SrAsO3,144.779,86.516,157.71843344677765,89.76349954770151
mp-978926,SmGeO3,145.68,69.014,145.1704990833452,73.28302792837299
mp-978952,SnPbO3,146.405,80.046,165.21806130120305,83.25093984350774
mp-979294,SrAgO3,110.647,45.527,122.2804138207375,50.72132174319122
mp-980058,RbTbO3,60.84,12.55,86.1902365344474,40.56669247549599
mp-981103,Sr3CdO4,89.762,54.665,103.05460421292187,58.81078419635554
mp-981250,SmPuO3,121.889,20.41,124.4572273513314,24.59389662282981
mp-981313,KTbO3,54.299,2.471,71.70823978017128,34.18358144598357
mp-981367,SrTlO3,98.451,43.398,112.68551344981158,37.258314584354515
mp-981376,ScSnO3,112.688,44.097,139.12063091152558,44.56756051016134
mp-981386,ScH4Pd3,141.571,20.16,158.44691576251964,44.250317690267714
mp-981550,RbTmO3,74.212,8.738,89.45517524701071,42.29614251774253
mp-982040,KBiO3,86.685,65.445,99.96170204470164,70.36350247490927
mp-982245,PbAuO3,132.88,48.968,157.3043135540827,53.886983588733905
mp-982558,HoGeO3,142.29,64.149,153.93685172411006,69.33274846086722
mp-982885,KCaO3,40.526,3.548,59.57081011410633,10.978430012170463
mp-982975,LiBeO3,112.446,16.251,113.1517942676416,-15.707033649948183
mp-983564,EuAsO3,164.961,78.314,172.08969340404957,85.53032713079038
mp-984240,CsCaO3,40.397,10.838,72.63214149711092,17.431915281254874
mp-984357,CsKO3,38.067,33.016,56.27337763369087,28.292887255544663
mp-984553,BOsO3,286.217,59.98,345.1636330266493,24.925282225024773
mp-984554,BPbO3,205.691,44.295,84.96140829572434,43.651261236262286
mp-984628,CaBO3,195.881,59.159,194.40495709579565,32.47760363445815
mp-984729,BaSr3O4,79.071,49.114,93.5070418877972,54.56599760309602
mp-985585,Li3ClO,51.628,38.236,57.440635138329775,39.90227695444943
mp-985586,Na3BrO,31.663,21.887,37.61771755950843,24.492028358284323
mp-989564,LaOsN3,243.043,92.446,280.4651397186748,114.3729291844798
mp-9960,Y3TlC,77.491,63.955,86.78897927963109,65.50225594640641
mp-9964,Ti3TlN,153.716,40.969,164.38154562491897,73.50706580912752
mp-998147,TlCuCl3,39.029,17.428,47.93452680829357,17.598298685140307
mp-998196,RbCuBr3,30.662,13.156,33.293475941107985,13.29640198125714
mp-998307,CsPdBr3,33.583,17.108,38.030888930489255,17.92809015272437
mp-998414,CuAgF3,86.522,21.339,88.22152472022036,21.63376527119707
mp-998552,BaHfO3,159.196,102.329,176.64874337968274,112.50910231778958
mp-10046,V2AsC,200.377,115.533,250.14892597758268,137.08563780268778
mp-1018674,DyAlZn,70.298,47.339,74.99913982449017,54.86926668392139
mp-1018685,ErCuSn,76.553,45.507,85.02980871511686,50.44470665781187
mp-1018689,ErZnIn,65.841,40.822,70.25646078791323,48.390049088075806
mp-1018690,ErZnGa,75.136,53.824,85.06112462198858,57.53722125557573
mp-1018714,HfGaCu,125.165,70.481,139.45683636186718,80.60555917021713
mp-1018724,HoCuSn,76.985,46.616,82.00183995343563,49.54894773101928
mp-1018745,LaSbPd,78.626,30.133,83.32546836901066,41.726999041787735
mp-1019087,CaSnHg,38.053,15.505,43.905670977679335,21.951464578545565
mp-1019255,SmTlCd,52.82,28.712,61.839528968959634,32.72881561970986
mp-1019279,SrZnSn,37.518,27.358,40.01278874593633,27.235646043126113
mp-1019280,SrZnPb,32.355,24.914,32.48369755433868,20.479492582513053
mp-10200,ZrBeSi,138.583,114.747,164.21388010141513,150.99015242907535
mp-10208,NiMoP2,162.731,109.297,213.268487563461,115.58250222757862
mp-1024955,PrNiSb,88.333,35.539,90.10830665278505,50.64792428713628
mp-1025045,TiGaPd,140.178,44.998,156.5493888915297,54.98670065066238
mp-1025441,Ta2AlC,195.615,126.196,257.6754076932464,140.0186672799615
mp-1025449,TbInPt2,116.677,70.719,136.9294734111056,40.48765957899549
mp-1025455,LiNb2O,112.151,2.313,157.11049772149437,45.719625455597104
mp-1025473,Li2NdGe,43.547,27.258,48.865792930535534,34.85094542881552
mp-1025497,AlV2C,174.748,134.256,244.33178144131728,139.96699493460886
mp-1025524,Zr2TlC,115.186,77.68,157.71942773706823,90.04565754575337
mp-1025550,Ti2GaN,157.125,111.361,202.4614898694659,118.59669263273032
mp-1025557,CoMoP2,212.426,119.819,228.4716523436327,128.9817140733829
mp-1029374,BaTiN2,144.299,90.866,165.1294147522372,92.55166277668904
mp-10366,Nb2Co3Si,225.621,114.307,256.4079642055407,120.71510272753872
mp-10371,Cr2GaN,162.519,79.152,203.32217690125577,133.3212717793111
mp-10394,CrCoGe,183.828,74.08,207.1434289371439,85.29079741812583
mp-10485,BaLiSb,30.026,23.278,30.62165991773345,21.807738973131737
mp-10667,SrAgP,55.717,35.283,63.67766168361868,38.252586873770966
mp-10677,CaPAu,69.582,34.179,78.221045559337,40.976917463851635
mp-10746,Mg2Cu3Si,96.222,54.613,110.76446301431422,61.97503266534011
mp-10749,SrCuSb,47.985,32.93,54.088838734981074,34.532468025417586
mp-10797,CaSiNi2,78.964,41.191,102.72177718457752,43.47961646298301
mp-10892,MnAlPt,102.361,43.816,145.05436444148137,51.54344530987274
mp-10911,Sc2Al3Ru,111.883,67.526,115.18501446429204,70.61200036756881
mp-1095505,Ti3GeC2,173.577,124.059,228.1524130448173,148.73813070080922
mp-11019,GaCuO2,148.405,58.853,167.6785915964178,83.22365533279226
mp-11021,GaAuO2,151.971,54.287,165.8504835576153,72.4849094353258
mp-11022,ScAgO2,122.643,39.168,140.5149883109219,75.57081077377934
mp-11023,ScAuO2,134.634,43.218,150.3594782098156,76.795025863616
mp-11193,VAuS2,104.417,51.636,109.82281779708964,71.34802357382421
mp-11583,Zr2SN2,159.854,68.795,202.07043815181223,99.26282425566129
mp-11700,BaCuSb,43.743,29.179,50.500352315246495,30.91994329934749
mp-11816,BaCdGe,34.647,23.72,36.951071632114825,24.182817066264676
mp-11818,BaZnGe,39.873,29.175,42.49068759590955,28.56390113670765
mp-11819,BaSnHg,30.976,19.584,32.16455301317082,18.769704484376117
mp-1185209,Li2ZnSi,52.049,42.979,55.26732675884431,42.950881039611545
mp-11977,LiSnAu,58.955,14.507,72.5220684266552,24.48373395508028
mp-12029,Li2CuP,58.571,47.499,70.9687665879051,50.95129359971772
mp-12520,SrNi2Ge,69.921,31.853,87.79024555705179,34.896432452984165
mp-12521,SrNi3Ge2,92.315,27.896,117.7261762474511,54.75209858024866
mp-12537,Ti2GaC,138.904,110.605,186.48360756512255,115.61614131020518
mp-12557,SrCuAs,57.771,39.629,65.24276789215165,41.7514650486108
mp-12571,HfBeSi,147.205,117.352,174.95485119729207,150.12932506164847
mp-12814,Ba3SbN,26.349,7.698,40.87656758586779,24.40242780801557
mp-12990,Ti2AlC,137.103,115.936,184.0889348774349,118.64769737293832
mp-13005,LaCrGe3,87.663,67.377,92.52407495167142,55.34175008613726
mp-13007,PrCrGe3,88.559,62.104,92.47162908456744,52.7555724002518
mp-13070,Sc2AlC,86.185,56.9,101.57532176137012,63.43997767114462
mp-13071,Sc2TlC,80.643,55.047,100.05866293129677,64.75618535299786
mp-13137,Hf2CS,178.939,126.437,213.65681577887673,132.11242250281836
mp-13160,YZnGe,76.81,54.248,87.56279979621699,62.05329759623845
mp-13276,SrLiP,44.645,36.89,47.30287081525887,36.99792576620501
mp-13277,BaLiP,39.363,29.534,42.19447694514901,29.529314520471008
mp-13288,Ba3LiN,12.858,0.547,21.396885294202264,11.763718934303236
mp-13312,ScTlS2,50.088,28.849,65.08737271899935,35.078410056319214
mp-1384267,AlSbO3,126.099,57.544,135.95045104090246,26.986593507495076
mp-1392353,AlBiO3,120.35,44.148,132.6777661613189,41.32363330375516
mp-1404877,AlAgO3,157.932,47.729,175.3040898298235,69.75287546036186
mp-1406000,YBiO3,119.883,36.082,128.75749756717948,52.81817278206565
mp-1412082,AlCuO3,187.703,33.469,203.2787126985258,97.58296825315377
mp-1443298,YTiO3,141.445,43.928,188.39145905569896,92.27690771507
mp-14793,Mg2SiPt,98.07,57.571,113.30743146840352,64.15771266760397
mp-15686,Li2CuAs,51.282,37.96,61.8657795727834,40.63749022401555
mp-15695,YAsPt,111.197,47.4,124.13574528583896,60.18436264239664
mp-15819,Mn3Al9Si,114.667,64.797,132.4434313115217,94.62041996926646
mp-16245,CaSbAu,52.219,22.259,55.98027396547453,28.67550373343001
mp-16254,BaCuP,56.726,37.446,64.14024662392953,39.18301651877241
mp-16263,CaZnGe,49.099,37.699,52.61509384780174,37.28446400991831
mp-16266,CaZnSi,54.426,41.666,59.43523867672179,41.98619486430265
mp-16321,SrCuP,65.501,46.074,76.60007111598975,49.01766950921108
mp-16336,Zr2Fe3Si,170.614,93.2,196.6238540089563,85.31241441164765
mp-16481,TiAlAu,130.385,54.244,143.97711204520715,66.7066177521543
mp-16613,AlAuO2,172.084,71.746,197.56411354956865,105.05151858933624
mp-16733,Sc2GaC,86.195,53.796,103.66685108205074,64.09559761974458
mp-16764,RbYTe2,26.11,15.968,35.76251152392458,20.606759260249987
mp-19729,EuAsAu,55.073,28.196,69.5499191421597,37.24112849455401
mp-19821,Cr2GeC,202.882,80.367,201.85520489535307,134.84322169980453
mp-19835,Nb2InC,161.184,99.016,225.48352504236496,107.99686667063922
mp-20004,Zr2InC,118.251,85.132,162.32502338542466,94.93960211168448
mp-20197,Cr2GaC,183.799,120.232,210.85703541723717,144.54065573055755
mp-20201,NdZnSn,61.258,43.259,69.54283168271434,48.592537455580135
mp-20237,CoNiSn,160.052,49.515,168.0060829220511,61.97738923169207
mp-20329,InAgO2,108.417,31.048,124.43522633222412,54.51447892830745
mp-20495,Na2CO3,43.912,200.977,77.92175565321087,47.07511712603632
mp-20565,MnCoGe,149.075,63.031,172.70820436452965,74.54711506012642
mp-20766,CeCuGe,81.668,43.907,81.85908893514569,46.604159869190184
mp-20987,YZnSn,63.26,42.778,73.98355668458488,50.811565237631434
mp-21023,Ti3SnC2,157.86,116.018,211.9060373662258,130.87225224610708
mp-21040,Zr2Fe3Ge,158.937,87.954,182.93269314504823,82.64851718930355
mp-21090,MnNiGe,116.642,56.472,136.50273867963574,73.7453139335351
mp-22144,Ta2InC,175.354,107.734,235.20781893130277,115.13254250245836
mp-22662,TiGaPt,163.617,61.559,181.3182947371514,58.59551301993516
mp-22707,EuAgSb,40.661,27.11,52.94313831909603,32.87020483131985
mp-22740,CeCuSi,84.581,51.325,84.08883775797067,48.12013273024754
mp-22941,CaCuBi,44.943,26.718,45.83180890485532,27.988922378426853
mp-22950,CsNiCl3,15.269,6.799,35.83647630335897,15.689036441933688
mp-22962,CsTiBr3,13.373,7.225,29.66748908452796,15.060997077417769
mp-22977,CsVCl3,12.85,4.463,30.385512711652392,18.453060106144175
mp-22991,CsVI3,9.676,2.6790000000000003,21.608045489315703,13.13275493234041
mp-23004,CsMgCl3,13.722,4.715,30.1595969094067,15.511280408571665
mp-23029,Cs3Sb2I9,6.9879999999999995,0.965,18.998948760634455,10.018202723576763
mp-23038,CsVBr3,11.692,4.405,26.160028491082063,16.119341585973075
mp-24011,CeHSe,94.096,91.54,65.81096079743078,51.4351482470902
mp-27319,Sc2Co3Si,151.636,79.245,172.73512893614725,75.23158288053203
mp-27409,RbNiBr3,12.959,3.423,31.417765116811513,13.522208016968358
mp-28282,RbTiCl3,16.921,8.008,39.545679332518006,21.100027410301745
mp-28283,CsTiCl3,15.527,9.192,34.73056432764103,18.283943784981005
mp-28553,Ca2IN,50.374,31.593,59.2432086037465,37.47496057987703
mp-28607,UReB3,264.934,191.09,291.7383002749735,201.6409387300844
mp-29076,FeWN2,228.877,128.086,377.8233753606741,219.25329636704544
mp-2918,YCuO2,115.21,35.776,128.68076183541055,69.64473945772232
mp-29750,CsMgBr3,11.461,3.787,25.058412649545172,12.59773233628425
mp-29751,CsMgI3,9.34,0.299,20.025881921558852,9.07146365779425
mp-30251,YAuO2,113.218,29.163,130.35488834923297,66.23093522357554
mp-30451,SrCuBi,40.538,27.691,44.26262440963021,27.98673246601332
mp-30611,ErSnPt2,131.951,48.795,142.62291536273588,54.19685560717703
mp-3098,AlCuO2,178.355,80.28,194.1412369053227,119.94319801305215
mp-31018,SrAgBi,35.76,20.895,37.29043094793641,22.5768485174856
mp-3103,Nb4AlC3,216.088,146.872,289.19075890538875,158.03532405788755
mp-31145,BaCuBi,38.096,24.08,40.10188313375319,24.17516236686219
mp-31147,BaZnSi,43.884,31.194,47.392262217790574,31.045954985556268
mp-31148,BaZnSn,34.655,25.518,35.91240309515051,23.25508865839112
mp-3250,Ni2SbTe2,33.489,21.669,93.66369083223032,45.9883797676716
mp-3405,NaAl11O17,152.126,69.533,193.69378146076423,129.4560845160727
mp-3469,ZrNi2Sb,145.512,60.623,166.92814033725594,84.10189639612038
mp-35143,BaNbS3,47.8,10.702,86.59301507951498,40.11588913745417
mp-3553,KTeAu,27.321,13.392,28.8623438995176,16.807957535499384
mp-3581,Ta4MnS8,62.712,47.917,137.1955159423447,88.76472622308843
mp-3642,ScCuO2,137.545,46.58,148.50373200025615,83.1324627827575
mp-3669,Mn(NbS2)4,27.063,20.553,130.04474657815587,85.6288211369419
mp-3732,Ti2CS,179.75,134.771,221.04262805436707,146.2227842840838
mp-3744,NaNbO2,146.768,99.169,206.77625260269508,121.51080291736616
mp-3747,Ti3AlC2,158.241,128.029,221.21657698118165,145.59107837077417
mp-3802,Ta4AlC3,235.646,150.43,312.51005038132354,181.25808794867731
mp-3803,Ta4AlC3,236.717,145.106,295.8625730504495,174.91590022085717
mp-3871,Ti2SnC,134.1,94.05,182.7097110860607,104.0381953561178
mp-3886,Zr2AlC,125.112,93.417,161.3983467807534,96.88863934858512
mp-3924,LiNbO2,156.667,100.566,236.54506645993416,147.23744950370437
mp-3927,CaAsAu,60.978,27.657,65.35253104732028,32.734614111206014
mp-4001,BaTaS3,48.992,10.165,92.63238296338496,43.2295339462936
mp-4120,CaCuAs,64.433,42.103,72.24129168797563,45.78672054634685
mp-4227,BaVS3,46.423,2.098,76.29795297037269,37.59221948999006
mp-4613,Zr2SnC,126.349,78.073,163.36776344252144,96.34892624234242
mp-4678,Zr2AlN,142.503,97.869,174.9775817135122,99.09078015632475
mp-4798,Sc(AlC)3,166.256,138.55,185.25610612271308,147.30366037048265
mp-4835,LaCuSi,82.111,45.769,79.97251708044287,39.90100138954827
mp-4887,BaCeN2,103.462,41.631,106.19984951372162,45.909818692904146
mp-4893,Hf2SnC,137.648,80.746,171.74318640994937,102.00779658276927
mp-4978,Ti2AlN,156.701,118.851,201.95249060026407,128.50446960042584
mp-4992,ScCrC2,208.072,136.76,261.7520062195938,149.32912627843473
mp-5025,Zr2CS,165.501,114.231,205.03674330740836,131.21792185644065
mp-504708,CsCoCl3,1.924,3.144,25.803126556483097,13.43969213198172
mp-505212,Cs3AuO,7.783,1.091,18.04844878411641,9.186700653259326
mp-510311,BaZnPb,29.868,20.614,30.43686043857067,18.311888443201905
mp-510441,YInPt2,121.073,39.147,133.9199694708112,48.97350639747152
mp-5111,YbCuGe,57.103,37.169,98.33985506004264,53.68804833664252
mp-5137,Zr2SbP,114.043,67.669,130.28421099198874,80.67633651894421
mp-5244,Ti2SbP,114.291,70.239,133.2330545204077,81.05931218729278
mp-540609,CsMnI3,9.466,2.656,21.55668892073371,8.598262797457124
mp-541899,CsCdBr3,10.141,0.275,25.11903482097628,8.535182679568205
mp-5443,Nb2SnC,161.142,81.589,229.76940535280016,105.47450159656358
mp-549158,InCuO2,120.572,35.461,129.85613568647162,57.80752433076375
mp-553308,CsNdO2,67.258,33.706,87.37402791804458,49.04409534067959
mp-561949,GdBO3,117.092,27.567,141.88787699480682,73.9077949001286
mp-5659,Ti3SiC2,183.669,133.36,235.49610433565084,157.50367270838288
mp-567220,Hf2SbP,122.772,69.177,144.09220606602315,86.77293386174475
mp-567666,Ba3BiN,24.629,10.225,37.71499073143955,23.036138330323645
mp-567698,CsTiI3,10.145,3.45,25.209321136197673,13.789946483209135
mp-567767,CoCN2,164.34,68.938,193.9789421447123,137.270415504771
mp-568066,Pr2CBr,65.414,36.834,83.61014109425554,46.734675046354546
mp-568895,BaSbAu,44.396,26.141,52.45030778113301,29.106732921773403
mp-569151,MnGaPt,103.094,38.589,141.9487791319677,45.00626374298945
mp-569458,AlV4C3,218.608,169.943,294.03125338578747,188.0365337508128
mp-569484,Cs3Ti2Cl9,8.691,5.017,31.84666379319101,15.717234867969598
mp-569568,Ta3AlC2,225.648,164.088,291.72414385405045,167.4760915826736
mp-569807,RbTiBr3,14.215,6.05,31.17014204575716,15.605768928056891
mp-569834,LiCu2Sn,75.321,44.076,84.09609669289821,46.84607853738144
mp-570099,RbVBr3,13.233,0.461,26.87587630735858,16.465673162484876
mp-570150,CaAlSi,56.461,39.274,58.43750715382564,44.032645464760414
mp-570713,TiAlPt,161.564,51.204,174.8506338249603,53.240912223124546
mp-570784,Hf2Al3C4,196.908,156.611,226.12040212356024,170.00190071150158
mp-571493,YbHgPb,38.302,15.009,62.85940748700483,17.233131406255982
mp-5910,CaCuSb,52.044,33.921,56.81795627121879,35.888494350739386
mp-5933,BaTiO3,139.365,73.886,163.67484365551326,97.23094002798192
mp-675287,CsCuCl3,23.924,30.852,34.088206200443196,6.958898745961973
mp-6954,SrAgAs,48.889,29.294,55.27033460517838,34.17341150350748
mp-7003,CePPd,110.052,48.649,107.63416709091162,48.99786414217559
mp-7288,Sc2SO2,139.478,67.795,159.69349105167709,85.2929712200736
mp-7359,BaAgAs,44.723,28.524,51.52341472608826,30.857561934195513
mp-7420,KHgAs,25.11,14.645,25.995674448503443,16.749679672635896
mp-7421,KZnAs,30.9,21.894,32.548507774252286,21.85168314085237
mp-7435,KCuSe,35.575,21.711,36.70749914896526,23.938332656598455
mp-7436,KCuTe,29.374,17.875,30.35160577999167,18.442319479492213
mp-7437,KZnP,36.508,26.245,38.28093298930206,26.955574752729625
mp-7438,KZnSb,24.441,17.165,27.095678666461964,17.928048367872208
mp-752927,LiAgF2,68.307,14.637,77.04902298514872,25.0670258887374
mp-753799,CsTmO2,80.308,43.86,101.35194928350722,61.120948969936165
mp-754055,CsErO2,80.061,42.918,98.90402181269158,60.27159662809097
mp-754110,SmAgO2,100.001,27.104,115.32236271662032,60.454549484481014
mp-754138,CsDyO2,78.024,40.984,96.35227538022102,57.59679926946189
mp-754154,CsHoO2,79.157,41.192,97.43108757930769,58.66708177830625
mp-754157,AlInO3,181.883,88.934,201.31368846102177,114.06703134018372
mp-754165,ScGaO3,179.215,83.392,195.85680678599184,113.35494952091244
mp-754480,GdYO2,103.674,48.284,119.6805907130306,65.41105967119209
mp-755144,NaLiO,55.978,39.05,58.2307763224605,44.28403144063679
mp-755252,DyHO2,136.012,38.21,153.52555013220993,90.23883258280624
mp-755318,ScHO2,155.028,52.193,178.51799460510782,100.61358700041444
mp-755342,LuGaO3,172.4,80.173,188.3548679656024,109.98414042410084
mp-755651,CsGdO2,76.461,37.118,91.64625138906555,50.49160498474299
mp-764648,LiTiO2,140.834,93.619,195.98637716562496,105.94515823451962
mp-7650,RbScO2,94.252,55.927,117.50216116158995,70.6096380410305
mp-768358,ScInO3,151.834,59.427,168.3067158796947,80.83512991330392
mp-768479,YScO3,152.13,70.113,161.33761280732253,90.47333166687255
mp-768864,KNdO2,69.273,37.8,96.1261692790523,55.54364053254051
mp-774712,LiCuS,53.764,17.871,59.17886977721538,28.97425031823671
mp-7936,LiNbS2,82.755,57.167,131.4599089458689,88.64906917629398
mp-7937,NaNbS2,76.388,48.843,118.0132128551682,78.55626028052362
mp-7938,KNbS2,69.488,46.405,107.6577884837843,70.67952441481768
mp-7939,NaNbSe2,61.06,39.007,99.08058193316928,65.95532869011966
mp-7940,KNbSe2,56.925,37.527,86.34938421951883,58.69177459796144
mp-7964,YAlO3,171.919,82.453,185.1237272360299,116.10397379344832
mp-7977,CsSmO2,71.864,36.15,90.68082624740128,52.416948862611065
mp-8044,V2PC,227.261,151.481,267.5018003519299,171.52746578303297
mp-8098,InGaO3,168.242,74.36,181.8435619388312,96.51827768641884
mp-8122,ErCuSi,97.809,63.774,106.82217496210576,59.41875676205137
mp-8123,TmCuSi,98.396,64.836,108.21956555266932,58.97258251550653
mp-8125,LuCuSi,100.492,65.529,111.26724247852157,61.0484008538054
mp-8126,YCuSi,93.076,60.168,102.20441553522848,57.79362021895757
mp-8432,CaCuP,73.255,50.755,86.17050841453566,55.97268936785286
mp-8456,SrAsPt,72.367,29.338,79.72030101450389,38.1985469028088
mp-864954,MgMoN2,246.262,183.147,309.15915490642857,196.9155010187071
mp-865625,Na2MgSn,22.948,18.808,26.900609401774133,17.227766841185502
mp-8786,Zr2NiAs2,138.277,68.334,157.41519652784186,76.45705798946581
mp-8868,Ba3NaN,1.319,2.319,19.837639054416854,10.509946039363742
mp-9244,LiBC,153.134,133.263,172.01897269069116,143.90746477729465
mp-9264,NaTeAu,31.246,9.325,32.94671737620589,15.52111314317657
mp-9556,SrZnSi,49.807,40.121,55.222235994879334,37.35639018468905
mp-9573,NaBeAs,44.531,33.067,51.71549868185582,35.78855427337365
mp-9574,NaBeSb,34.453,23.924,37.089664755929554,25.020010656184297
mp-9586,NbSnS2,68.64,28.417,114.8490519220465,67.71038345980631
mp-9631,AlAgO2,154.008,59.765,183.6601653605472,106.83662406304592
mp-9743,SrAsPd,64.685,27.956,69.35567874679198,34.1671466643814
mp-985439,BaPAu,57.169,33.396,65.25864809917842,35.86428455427975
mp-9873,EuZnGe,52.444,36.396,56.46525563571543,37.78412751561106
mp-9898,BaCuAs,51.12,33.441,57.298947034510526,35.18007499964622
mp-9956,AlCr2C,188.491,140.846,224.47966193115124,154.53118366877538
mp-9957,V2GeC,179.763,104.264,257.75426282528366,140.5976456601323
mp-9958,Ti2GeC,154.628,105.974,203.87033424911783,125.65304183638156
mp-9961,Ti2CdC,112.721,59.737,165.11334964884955,93.94512985369713
mp-996161,Nb3AlC2,200.473,134.763,266.3955823442783,149.61010224391336
mp-996162,Nb2AlC,169.752,112.681,240.31485744912248,130.38507094200205
mp-996965,AgBiO2,88.77,19.323,103.87931829585528,48.23520297568854
mp-997010,TlAgO2,87.57,19.118,98.49436125919182,33.69241945693561
mp-9987,Nb2PC,222.653,130.576,271.8437864278695,148.04916503209267
mp-9988,Nb2CS,194.217,100.032,262.17726377396815,116.65706390642788
mp-9989,Nb2AsC,204.049,116.039,251.61802113411497,120.88533438686896
mp-3315,CaPd3O4,161.478,54.739,180.3382580730926,89.52068713078272
mp-542496,Ca6Ag16N,64.172,24.717,73.45078743765741,30.278941426236496
mp-697126,Ca4(H4Rh)3,75.603,40.914,103.526913746903,59.822044084955074
mp-3050,Y3Al5O12,170.395,103.015,202.10888493205312,129.93538464776458
mp-3384,Er3Al5O12,173.762,105.755,209.26359783400633,134.75355248782589
mp-5444,Y3Ga5O12,166.366,14.871,183.8805427247532,104.85937198296176
mp-570845,Zn(GaNi)3,130.309,65.19,142.24220572111165,70.88098122243116
mp-1001012,Sc2ZnS4,73.999,32.261,86.78071270634254,51.72742009079928
mp-1001019,Mg(ScSe2)2,57.484,20.211,68.47553699120472,40.12568480049977
mp-1029293,CsVN2,105.401,43.204,110.65162923202914,51.94950163105503
mp-10953,Sc2CdS4,69.767,24.821,81.86454420403602,46.816208687006366
mp-12533,La2Hf2O7,160.548,89.983,182.6327871246811,97.76638933788804
mp-13801,Tl2Pt2O7,170.426,83.891,193.24407915348232,94.12763957018132
mp-14069,CsAlO2,92.213,47.586,97.29202616218662,51.9596327384561
mp-14070,RbAlO2,91.475,43.214,96.6688323274868,47.24988825755865
mp-14105,AlTlO2,96.438,34.159,103.40260571262284,40.45868948752874
mp-14476,LiRhO2,124.841,39.318,211.5600002891125,105.7723360105862
mp-15803,Y2MgSe4,51.637,18.906,63.28262250049473,36.06475758103124
mp-15974,Mn(CrS2)2,87.181,34.024,93.96247564663852,63.02637512811496
mp-16267,Dy2CdS4,62.141,22.866,77.16722105878644,43.00503987031716
mp-16293,KSbO3,112.518,73.035,129.25751657934643,85.48773892350539
mp-19784,In2Si2O7,230.416,91.928,242.86461779934095,125.64988331084564
mp-20499,Sc2FeS4,71.369,31.493,87.0311704792149,52.996998740665205
mp-22052,Zn(InS2)2,67.671,28.122,82.65243159355073,40.18000418021258
mp-22166,Co3Mo3N,298.478,118.524,297.69478672274226,144.85257405233497
mp-22803,Cr2CuS4,94.549,39.715,106.3937477171558,67.35782080226609
mp-22961,Li2ZnCl4,31.855,15.897,40.30322632980066,21.456124068403817
mp-23341,Bi2Pt2O7,179.413,76.076,192.38434002441517,100.65642952862731
mp-23445,Bi2Ru2O7,178.102,94.649,186.50130297201255,92.16093087171468
mp-27719,Al2CuO4,188.445,33.92,224.35895327242957,132.5325852016634
mp-2959,Yb2CdS4,46.567,22.518,80.89161579519994,46.25490059023228
mp-3138,Na8SnSb4,18.677,8.832,22.861686343624243,12.925015904083503
mp-3370,Y2Sn2O7,164.271,91.448,176.675002846434,102.17567391511233
mp-3536,MgAl2O4,182.861,98.235,212.8792591292205,146.35872726806645
mp-35785,Y2CdS4,61.871,22.805,74.62965824383339,41.82238391484535
mp-3807,Al2CdSe4,63.038,26.285,73.50270981230825,41.333770015709845
mp-3951,Ti2CuS4,100.958,37.972,112.47708354123932,66.67296894270838
mp-4324,Tm2CdS4,64.903,23.205,79.98298569611707,45.173404195668255
mp-4408,Sm2Zr2O7,162.119,87.474,183.44660624113425,100.6831529174383
mp-4590,Mg(GaO2)2,162.924,75.837,189.63372856217785,104.50412536896968
mp-4602,Tb2Ti2O7,205.081,21.568,202.58641341987743,110.68053306320851
mp-4697,Zn(CrSe2)2,72.426,33.234,85.12330475645099,53.56832815787233
mp-4788,K(OsO3)2,129.08,80.552,176.20515551423568,83.00143285973648
mp-4842,Al2ZnS4,84.975,45.424,95.5846062776302,63.65408879180327
mp-4991,Tb2Sn2O7,166.521,91.856,179.176575729792,103.78279995658056
mp-504543,SnPbO3,106.995,46.81,126.18835852628062,62.65465348772396
mp-510619,Fe3Mo3N,184.008,48.139,283.5452276209461,147.3909257336494
mp-5146,Zn(RhO2)2,168.078,56.385,226.56248744881617,114.74198559953123
mp-5302,Gd2Ti2O7,183.909,95.771,200.4142812996788,106.1779114526064
mp-5373,Y2Ti2O7,186.139,98.422,199.98953097985856,108.33290410758816
mp-5472,Nb2Cd2O7,155.314,14.097,195.2083496819643,89.78362723684852
mp-5548,Ta2Cd2O7,155.679,84.063,204.5697163351945,97.8804565507104
mp-558392,Bi2Ir2O7,202.159,15.516,193.86880691129025,102.72961420231744
mp-558411,Y2Zr2O7,161.026,86.846,187.9011310495468,103.40241537974686
mp-559200,Cd(InS2)2,63.647,22.102,77.00522380570678,35.82176652287152
mp-559998,Cs(OsO3)2,134.549,83.735,178.32128525362677,86.29167040120058
mp-5602,Cr2HgSe4,67.353,24.062,80.75686103239785,48.195547609965715
mp-561442,Y2Hf2O7,169.817,95.728,196.64918537149097,111.60438087882018
mp-5639,Mg2SiO4,173.178,116.187,211.0469514280366,148.9195484194899
mp-5794,Zn(GaO2)2,168.278,76.893,194.37986942890035,107.36133681856238
mp-5889,Er2Ti2O7,193.302,102.343,207.5485937519772,113.27294944199728
mp-5977,Nd2Zr2O7,158.964,86.085,178.54955796253444,98.1484755432109
mp-640321,CsNa2Ge17,39.169,24.137,51.996543595281295,37.683464446297194
mp-684031,Mg3(TiAl9)2,79.394,51.059,80.20649841227585,53.00384549489373
mp-722913,Hf3Zn3N,135.395,84.456,155.89392209724275,94.54731540429138
mp-752849,Y2Pb2O7,139.254,70.675,147.02549432312065,76.78037054265768
mp-754596,RbGaO2,78.145,24.897,78.1134309512097,28.51096518499779
mp-754711,Nb2Pb2O7,146.353,77.006,173.7863789420965,84.96525026114234
mp-754826,CsScO2,62.741,14.836,67.01016337079449,21.312403342779938
mp-755450,La2Ce2O7,133.226,60.716,145.7954721494663,66.56205847794007
mp-756297,ZnIn2O4,137.377,58.558,163.6517960487205,80.87918415308066
mp-776165,AgAuO3,123.896,56.909,149.0099855817614,42.50771530874725
mp-8978,CsNbN2,94.476,29.703,104.51196303429552,41.097249182661415
mp-753671,PNO,53.971,22.372,190.44255375347825,119.76082987729085
mp-20940,TiCdO3,146.93,62.805,202.0306162551711,93.91667092546474
mp-28339,CaPPt,95.286,39.105,103.29496997226865,53.94240661979389
mp-4681,NaNbO3,92.741,54.97,196.3779405809832,103.66985266103318
mp-644419,LiHS,21.647,6.659,37.14864436525927,24.41254962935904
mp-978568,Si3MoPt2,193.812,94.134,230.5541183180713,113.51303773470666
mp-1216475,V3ReB4,295.129,218.099,365.10938725511744,271.5886474919597
mp-1216493,V3Cr3B8,293.232,229.65,364.514085352484,309.1505945984735
mp-1217974,TaB4W3,324.571,194.458,386.43939518259543,243.3286657160147
mp-1217975,Ta3TiB4,266.336,207.503,313.13727151338696,227.41704082755936
mp-1221393,MoWC2,365.494,255.342,413.6841580372789,257.28357292924255
mp-1221519,Mo2CN,353.135,222.816,396.6214580534244,232.2357311737497
mp-2977,CuAgTe2,20.693,10.103,65.30496947486151,23.810401996576243
mp-629458,BC2N,373.876,411.93,483.2578009781146,398.1988105335196
mp-1001914,Li2SnIr,85.092,24.121,94.862086435243,35.90118757932169
mp-1005693,Sm2InHg,56.894,20.934,59.995234681462605,17.27211668539238
mp-1006057,LaPrIn2,51.388,22.228,54.925443364761456,12.393619167803136
mp-1007821,GaCo2Ni,198.722,53.674,187.43393469224583,67.68713485234126
mp-1007924,CrCu2Si,130.299,7.905,145.93758805227046,10.719070091336125
mp-1007961,CrInCu2,93.374,29.914,113.22004661848985,42.137664974793
mp-1008224,CrCo2Si,222.218,94.391,217.03165430484475,54.724201183353586
mp-1008226,CrFe2Sn,143.331,22.082,154.1468486059098,89.86274154480337
mp-1008277,CrCo2As,187.113,76.573,197.50935769915728,-4.630620476057469
mp-1014005,Mn2SiRh,134.27,41.113,88.8599683917488,-4.01134258934509
mp-1018071,MnFe2Ge,213.562,17.647,217.23178520219,114.1183249547937
mp-1018074,GaFeNi2,167.75,27.984,185.63686896280797,52.99255749473969
mp-1018080,CrCo2Bi,137.255,56.721,129.87679516280085,26.405009091321247
mp-1018082,CrCo2Sb,173.777,82.553,180.77032261259512,41.58054715820798
mp-10181,LiSiNi2,149.838,65.605,158.68244666449527,84.3846078829181
mp-1019564,Ca6Ge2O,41.392,37.095,45.35020348832442,33.75641797005485
mp-1025456,CaZrF6,56.574,22.566,88.83559655270419,35.24348322661437
mp-10261,TiNi2Sb,137.552,27.593,158.6474201596907,25.51670186055664
mp-10474,NaPF6,23.499,10.027,96.69405198585348,63.50541336820696
mp-10492,Rb2SiF6,17.072,8.245,72.14349896873253,39.58523169333421
mp-10686,Li2CdGe,40.135,20.058,42.4553410831988,22.847566141903577
mp-1079896,Ca2H6Ru,56.915,41.307,91.92199320426047,62.20730634529078
mp-10872,HfAlAu2,142.057,22.112,159.91426411931292,37.949951643617965
mp-10873,ScAlAu2,114.629,18.822,125.15438288916444,42.42400253117241
mp-10883,AlCrCo2,199.303,96.223,221.16680693590592,99.91447951184196
mp-10884,AlFeCo2,187.706,103.489,220.60081961925417,118.64948890524948
mp-10885,AlCrNi2,160.697,41.844,176.72877829712365,63.98221245883905
mp-10887,HfAlCu2,134.159,56.709,150.4480222090315,75.9962034628806
mp-10891,MnAlPd2,145.343,43.389,159.89781287453278,46.929520699711546
mp-10894,MnAlRh2,185.161,94.704,208.1375267835754,98.0157902390136
mp-10895,Mn2AlV,185.386,96.779,211.58025623366257,121.91069917144466
mp-10898,ScAlNi2,129.687,57.619,136.9800523339882,67.78477292713961
mp-10899,AlVNi2,167.301,55.002,194.66405176160583,70.54498353071172
mp-11234,PrMg2Ag,45.818,17.459,47.17468915774779,26.93409355894952
mp-11235,SmMg2Ag,47.298,17.019,47.69561282038426,26.963201874164675
mp-11236,MgZnAg2,75.529,24.529,85.29257640683662,25.391081161312176
mp-11293,ZrCdCu2,113.193,50.865,128.81911487325368,57.71796812106669
mp-11360,ScGaCu2,107.905,47.008,118.5550472357524,55.27880044299353
mp-11366,ZrZnCu2,121.262,42.491,141.80126697367498,61.852026919215
mp-11400,ScGaNi2,128.473,50.343,140.1010431997925,60.30551895626129
mp-11490,Li2ZnSn,37.548,27.734,38.95558891414557,19.724638541484044
mp-11492,LuNi2Sn,100.82,40.276,128.601639369013,59.95156859617861
mp-11512,LiAl2Ir,135.916,52.607,143.53896290818278,69.0462183312788
mp-11519,NiSnRh2,180.244,20.057,204.65607349692772,55.30564255818551
mp-11537,NbAlRu2,230.476,116.78,266.1149566493441,134.73092497842458
mp-11947,LiAlAg2,71.27,32.565,81.05372240513887,38.03460463165051
mp-12128,Li2MgIn,29.856,20.946,33.88940811945497,23.669581298034753
mp-12559,MnAsPd2,130.581,8.795,144.16211695255603,1.5827817030924656
mp-12580,Li2CdSn,35.899,23.104,36.783330906335614,20.10581155291321
mp-13254,CeMgZn2,51.635,33.459,57.52339395542327,40.79786512661057
mp-13322,LiGeRh2,168.2,90.626,184.9146486759558,89.37844753320884
mp-13396,LiIn2Rh,90.326,37.101,92.6195388800295,36.77531996803592
mp-13914,LiCo2Ge,154.032,97.165,158.96438056964146,94.79067071538306
mp-13915,LiNi2Sn,112.914,29.525,116.57402696797664,45.12126232404622
mp-14088,Rb2PdF6,12.393,8.333,65.75219765985392,33.9009080688401
mp-15635,TiTl3F6,28.907,1.061,60.10768197992495,18.533313934121995
mp-15724,KNa2Sb,18.878,12.629,21.146344174156972,14.886459515220963
mp-16271,Li2CdSb,36.538,0.834,38.170724987213745,16.566084925281288
mp-16341,Li2HgGe,41.262,4.176,44.545695032029975,18.791136563391827
mp-16349,LiNi2Ge,132.644,46.128,140.06663822238406,62.7994891773069
mp-16358,ZnNi2Ge,150.684,34.806,157.87512301377245,39.074982096162216
mp-16482,TiAlAu2,138.455,26.152,154.240637502949,37.705873809573
mp-16494,AlCrCu2,119.908,48.944,134.52800720088086,55.833399421331706
mp-16495,AlCrFe2,223.142,92.876,214.26291724052805,122.95197615294845
mp-16497,ScAlCu2,106.697,52.175,118.91692361163594,64.89552108742566
mp-16501,HfAlPd2,156.936,7.228,162.2980895227965,43.39833586509687
mp-16524,ScAlPd2,129.942,41.369,138.42548859953993,46.58148502604313
mp-16548,ZrTiF6,84.573,30.321,105.2954446645034,36.36501081898982
mp-16735,CrInCo2,169.302,60.198,175.85627079862553,85.01416462789467
mp-19850,MnCo2Ge,197.347,93.978,225.85173716748895,99.0371731394623
mp-19877,ZrNi2Sn,146.647,45.056,156.4527912272469,58.30773326919112
mp-19904,ZrNi2Sb,143.863,28.872,157.07934855222436,34.01340265066278
mp-19929,MgInNi2,106.537,41.076,112.92385167026752,48.34587122319325
mp-19946,YInCu2,84.23,39.817,92.08253110790284,46.64697788429707
mp-19963,TiFe2Sn,183.277,108.178,191.38135315230272,143.484841995548
mp-19971,ZnCo2Ge,179.248,26.3,187.18810773645217,77.4947220063959
mp-20145,TiGaCo2,182.718,87.666,213.53634305249176,111.780363452208
mp-20228,MnGaNi2,157.338,37.296,169.48781991122198,59.789418806623544
mp-20265,LiIn2Pt,81.018,28.966,90.84935567074346,33.96374438712789
mp-20358,UInAu2,35.525,34.562,108.74550401165315,33.73442769087069
mp-20363,LiGa2Pt,103.688,34.754,110.27287492514292,34.40397716123609
mp-20440,MnNi2Sn,141.181,41.266,149.21180909980663,48.04713994769436
mp-20463,CaPbF6,51.78,19.973,74.34107829089598,29.524589171394023
mp-20481,MnSnPd2,129.866,28.853,142.16565777672233,30.21102889524364
mp-20491,LaInCu2,70.523,26.891,76.47256725583465,36.83271903960534
mp-20521,ScInPt2,141.942,29.805,148.75182510011123,27.686974575907023
mp-20567,LiGa2Ru,115.246,46.408,120.3058583801796,42.85529610835645
mp-20586,VCo2Si,216.418,94.021,227.1576385403383,43.9860672416794
mp-20730,HfCo2Sn,161.751,81.16,181.75482256001604,82.64355098028301
mp-20744,ZrInNi2,140.627,53.067,150.2150778212993,63.1563691669099
mp-20801,LiIn2Pd,67.719,18.833,74.33669975158163,29.636032361513006
mp-20840,MnCo2Sn,166.928,81.836,179.23513061455105,102.44385508960228
mp-20864,VNi2Sn,122.027,22.62,170.00656557414854,44.878207943077335
mp-20898,DyInAg2,64.011,18.398,81.24224814071549,31.13234374467582
mp-21067,ScInCu2,94.727,47.368,108.79752032487748,52.774533618957435
mp-21171,MnGaCo2,186.181,85.891,209.3104990146745,111.57737453893056
mp-21175,TaGaNi2,192.999,39.868,207.68943085488368,65.78002392099776
mp-21211,InFeCo2,160.068,63.718,162.55200575208266,83.29491409551694
mp-21235,Mn2VGa,187.236,81.286,187.6072697469872,110.96813433547942
mp-21301,ScInNi2,128.198,59.957,128.20419785778165,56.290674433682824
mp-21467,TiCo2Sn,165.425,77.267,185.73330173956336,86.2756763668541
mp-21469,VCo2Sn,178.311,71.09,195.5279550981119,56.22033704167719
mp-21883,VGaFe2,222.851,122.941,227.15737884074113,133.44824165420297
mp-22029,MnNi2Ge,160.744,29.281,173.5974633914867,42.89468316195553
mp-22221,MnCu2Sn,103.969,30.817,112.97771698121528,21.92845846255937
mp-22300,FeCo2Ge,183.305,58.409,221.48942538464968,75.330705347752
mp-22463,TiInNi2,153.635,50.534,162.31588674670053,66.48108718213246
mp-22493,YInAu2,89.598,21.208,95.1503353593142,29.892898671800644
mp-22503,ZrCo2Sn,153.951,75.173,175.0218264823925,80.66376320964812
mp-22610,Mn2SnW,219.188,105.854,253.69861420111351,124.36005955429955
mp-22673,MnInCu2,103.816,24.622,118.19457917786866,40.906608909482614
mp-22685,TbInCu2,90.141,43.172,94.32078487133246,44.87155855756738
mp-22712,YPd2Pb,93.034,23.095,98.63025650965815,26.76556469256385
mp-22725,TiInCu2,118.564,46.141,136.22284897974785,62.90873112469626
mp-22731,MnInNi2,235.971,89.09,137.65303852536144,50.563406465912095
mp-22790,VGaCo2,199.274,88.046,229.68827598678385,85.25878292862403
mp-22947,K2ReCl6,11.602,6.545,47.00080646970514,20.404933457133374
mp-22975,Rb2TeCl6,9.584,5.213,33.00751827287304,14.89377371209451
mp-23021,K2ReBr6,11.063,5.229,37.50677209857361,17.34075899844774
mp-23036,K2SeBr6,11.09,5.006,29.208369198466205,13.873809674402438
mp-23060,Cs2PtI6,7.331,3.998,26.30125280624267,12.361794146175647
mp-23067,K2PdCl6,12.406,6.418,41.42843571829221,20.61976141187071
mp-23383,Rb2TeBr6,9.056,4.79,27.150149383921907,12.42241612011562
mp-23406,Cs2PtCl6,8.616,4.775,39.93585684400922,19.97514807010262
mp-23425,Cs2PbCl6,8.082,4.508,26.556125665160454,12.923103118296288
mp-23438,BaBiO3,109.77,56.631,118.70306960539804,66.84347394500168
mp-23499,K2SnCl6,11.298,5.661,35.51085626191565,17.48334155709587
mp-23505,K2TeBr6,10.176,4.976,28.03603043188352,12.060444975540724
mp-23513,K2PtCl6,12.754,6.625,46.484892194377224,22.82557721757518
mp-23804,Mg2FeH6,76.609,61.863,118.46253647774748,80.57552324144966
mp-24292,Sr2H6Ru,48.381,32.026,80.93791691765378,49.509858873203896
mp-27304,K2MnCl6,11.197,6.094,36.537383650034656,19.227554794783263
mp-27315,CaTiF6,58.073,25.205,93.28970865910225,44.35410533373631
mp-27632,K2TcCl6,11.33,5.731,42.473161866288834,19.52984471154627
mp-27636,Cs2SnI6,7.069,3.906,20.340341708484875,8.93358454268197
mp-27691,K2PtBr6,12.515,5.95,38.19096838117538,17.999432265242806
mp-27827,Rb2TiCl6,9.65,5.044,37.301481419650386,18.328439050318053
mp-27828,Cs2TiCl6,9.126,4.099,33.674430744798485,17.19914929532007
mp-27830,Cs2SeCl6,8.965,5.067,29.776631428339577,15.101334411238271
mp-27831,Rb2ZrCl6,10.523,5.344,38.66111500395466,17.687609455269758
mp-27833,Tl2TeCl6,11.525,5.702,32.091773436327976,13.112771184031937
mp-27834,Tl2PtCl6,13.744,6.203,46.40153118597879,22.98581967923311
mp-27835,K2OsBr6,12.514,5.247,40.861761379308376,17.725229203958044
mp-27839,K2TiCl6,12.238,5.72,40.66889397624271,19.371668184145445
mp-27882,Cs2GeCl6,8.703,4.521,29.86594304204237,16.550290293942567
mp-28084,Rb2PdBr6,10.289,4.884,31.525312919695654,14.90115049105152
mp-28110,Rb2PtI6,8.577,3.938,28.86968329052089,12.82226706108656
mp-28145,Rb2PdCl6,10.81,6.046,38.62901946628773,19.73726728761224
mp-2927,LiAg2Sn,59.483,23.975,65.68622808739347,18.367198812547972
mp-29398,Cs2HfI6,6.99,4.16,23.78695405502418,11.51320943449111
mp-29481,Rb2WBr6,9.727,4.388,35.692581969920425,16.34439355495322
mp-29556,Tl2WCl6,14.578,5.2620000000000005,45.65378847627563,17.004741100667484
mp-29633,LiGePd2,121.813,37.662,130.7666918998357,44.29375327770556
mp-2987,Li2MgTl,27.001,14.225,29.968286247389205,19.64196561902646
mp-30044,Fe2CoGe,158.882,3.563,169.40135478461252,36.78130039883245
mp-30062,Cs2PtBr6,8.763,4.908,33.637833129255405,16.745484316496942
mp-30069,CuNi2Sb,147.435,26.623,154.9512250410824,25.806901713942157
mp-30080,Li2GePd,62.413,22.035,70.42876997066479,23.976964764374777
mp-30227,Rb2WCl6,11.06,4.8870000000000005,41.760139999817994,17.93466245023373
mp-30340,ErInAg2,77.665,25.82,82.746998693698,31.1366022711104
mp-30342,HoInAg2,77.054,26.089,81.21134910406063,30.467964622967664
mp-30347,ScInAg2,83.809,26.91,93.55052526374806,34.69963269824217
mp-30374,DyInAu2,90.936,22.045,94.89482505472397,29.210742206583664
mp-30395,ScInAu2,101.827,24.732,112.0180096913367,32.038834526583805
mp-30419,USnAu2,25.037,66.09,110.58057085014252,24.682512964447795
mp-3042,K2SiF6,19.56,10.152,81.37747962713264,47.09432637528521
mp-30465,YBiPd2,94.378,6.461,100.38532337864116,21.317667580938934
mp-30551,GaFeCo2,190.304,88.288,210.23325155287105,104.00620139626788
mp-30555,TaGaCo2,195.874,90.532,232.83145827232804,84.94444526292803
mp-30570,CrGaFe2,204.598,105.307,198.9372415718062,112.25722531590708
mp-30586,HoInCu2,86.981,41.739,93.25307141055792,45.74975144935053
mp-30592,CuNi2Sn,149.253,27.073,162.39456275286545,36.62492999403031
mp-30595,CuSnRh2,177.039,63.304,202.21927183407792,70.3174730305422
mp-30648,LiMg2Ga,38.321,26.698,40.6249572542238,24.009064514803352
mp-30657,TiGaNi2,166.368,48.916,180.76247712303183,70.48257535985651
mp-30658,VGaNi2,167.969,38.51,195.8510160526236,58.05580851860884
mp-30661,ScGaPd2,127.531,35.179,139.09959316886784,35.28982104021597
mp-30727,MgCdAg2,69.74,25.347,79.32781314235064,20.95478838133404
mp-30731,HoSnPd2,110.96,20.177,116.2865297549241,33.9903934571538
mp-30758,Li2MgPb,36.254,14.747,31.30380566919289,19.653970543239243
mp-30759,LiMg2Tl,32.073,13.48,35.54229079657653,13.897780191439708
mp-30763,LiPd2Pb,81.931,9.173,94.37015624489013,21.803277887630685
mp-30773,MgNi2Sb,113.99,41.733,122.33035552483332,39.8344257649618
mp-30774,MgNi2Sn,116.057,51.674,124.8022838316859,52.25231119345891
mp-30817,LiAl2Pd,104.819,56.274,114.48576709302786,59.0315852906595
mp-30819,LiAl2Pt,124.378,59.706,138.20100254191888,67.10754429420064
mp-30821,LiAl2Rh,119.342,55.198,124.59756741233484,62.972441007317165
mp-30844,ScSnPt2,142.674,13.402,148.65622381246803,14.672484166590207
mp-31169,ScAlAg2,93.143,31.362,101.24515071007424,42.991736947250835
mp-31170,Cd2AgAu,82.477,13.904,93.77225231505744,11.52714411013
mp-31171,Zn2AgAu,102.933,25.725,114.79503852175144,19.21428017342605
mp-31173,CeCd2Ag,53.25,17.503,61.075221982753206,24.60746390871663
mp-31185,MnAlFe2,204.228,131.417,192.74327714310888,116.41567128628164
mp-31187,TiAlFe2,184.183,85.502,220.81292968665505,134.57781327559618
mp-31208,LiIn2Ir,103.987,40.176,107.18750576290712,38.79299593395875
mp-31339,ScInPd2,118.985,41.443,128.37249364628792,39.59024260782256
mp-31363,K2TaCl6,12.244,4.805,46.045714901619306,19.45640766799615
mp-3340,TaAlCo2,203.111,103.041,233.40208767991567,94.93806230069666
mp-34023,Ba2NbO,24.277,53.855,26.70309714309916,9.90993317535396
mp-34418,AgPF6,25.022,4.15,83.46463761214586,51.56627715738671
mp-3464,FeSiRu2,232.733,118.341,272.23886276291137,119.625485245743
mp-3498,HfGaNi2,128.242,22.94,167.005211439663,70.56399535804482
mp-3499,MnSbPd2,122.697,13.5,132.12936461519388,15.684709864196998
mp-3504,NbNi2Sn,156.967,39.414,185.50830510362732,47.83491707663958
mp-3539,NbGaNi2,186.563,37.235,193.99714118007265,58.63561355192119
mp-3574,MnAlCu2,125.381,47.176,136.1623887935434,54.445910921360976
mp-3576,HfGaCo2,172.836,77.795,195.89848225742813,100.65046896956048
mp-3623,MnAlCo2,188.169,102.715,231.00089797247205,135.02462863030803
mp-3640,Nb6Si7Ni16,218.334,105.841,238.41956611191137,106.81895471186138
mp-3648,Zn2CuAu,112.628,18.83,126.5342777915494,18.33910037100239
mp-3657,TiCo2Si,206.714,96.955,229.64118434230463,107.24014630805964
mp-37153,AgAsF6,25.367,5.244,81.24653031155779,41.3447311937425
mp-3736,ZrAlCu2,127.356,49.2,148.7090397154166,73.78933583221624
mp-3740,TiNi2Sn,159.419,36.868,161.1629950500409,55.70924903784932
mp-3791,ScCo2Sn,137.52,75.57,153.52744773306875,90.69428060098326
mp-38843,CaTa2O6,203.358,107.446,229.20623910395577,123.10321939096043
mp-3909,ZrAlCo2,162.789,79.114,187.23625396051676,101.32605807551391
mp-3942,TmSnPd2,113.153,28.127,120.10564412163916,35.39084659110493
mp-4047,Cs2SiF6,16.017,6.5760000000000005,60.14147995819587,33.64190766575579
mp-4364,NbGaCo2,193.763,82.303,224.02925592812824,79.6002088272389
mp-4492,MnCo2Si,218.693,111.468,239.85777775184937,112.52089741342668
mp-4536,ScNi2Sn,126.056,50.791,133.3181546261329,58.85965908519525
mp-4552,ErInCu2,88.491,42.728,95.72092351372817,46.770163205101476
mp-4595,VFe2Si,243.627,2.215,255.4340579937623,154.97269410537285
mp-4612,TiCo2Ge,188.455,84.07,213.3568668663441,83.92378594410076
mp-4652,MnRh2Pb,151.048,28.127,171.16398357125675,43.71160619433644
mp-4664,MnGeRh2,189.249,15.755,216.72771015934237,57.91812103445441
mp-4771,TiAlCu2,134.483,58.316,152.9131724717771,77.38468934900659
mp-4813,NbAlNi2,181.822,49.39,183.9036815563186,65.8692287530022
mp-4828,HfNi2Sn,153.406,48.08,159.29644412194608,61.605069022231056
mp-4897,ScSnPd2,123.983,34.491,134.49136573278875,38.87844312859326
mp-4913,LiGa2Rh,103.896,33.902,110.42258132760044,36.82764979307186
mp-4922,MnAlNi2,158.539,52.165,174.13149669208715,72.75671053706778
mp-4955,AlVCo2,195.177,101.019,233.07980118064697,98.39976957576278
mp-4972,LuInCu2,89.584,42.279,98.95761848451194,48.7679994538242
mp-4990,MnSnRh2,169.635,39.345,189.63928795696071,56.14084585955363
mp-504729,Cs2PdF6,11.305,6.937,54.75418745369271,26.588088062954498
mp-505781,MnGePd2,134.593,22.932,152.76101616897677,22.419948947813715
mp-5077,NaLi2Sb,29.136,22.606,31.854386755765407,25.45424018562189
mp-5124,MnNi2Sb,137.829,18.952,147.7068708032409,30.915255979174116
mp-5149,NbAlCo2,195.157,94.077,222.9418658727504,88.14611059934616
mp-5159,LiGa2Pd,83.371,20.021,90.42062782788057,30.39097755945873
mp-5221,HfAlCo2,172.038,89.886,195.3469676693834,109.94368593580673
mp-5382,Sc6Si7Ni16,159.405,82.144,182.9094694813574,92.90033749816682
mp-5396,MnCo2Sb,174.535,76.297,199.67787384624236,86.21725300825821
mp-5407,TiAlCo2,179.963,98.873,215.05370102147825,125.20161574040166
mp-540957,Cs2TeI6,7.489,3.894,20.20588107675829,9.95397043115505
mp-541047,ZrAlPd2,148.827,52.246,156.90632492383943,40.23978663158054
mp-5419,LiGa2Ir,121.949,40.935,131.74172502639172,41.84455943121795
mp-5436,FeCo2Si,200.083,87.106,230.70390283748267,93.6937598608379
mp-5478,TlPd3O4,139.649,38.327,145.30484549507602,65.22563073503107
mp-5491,MnAlAu2,121.118,15.261,135.11624350103503,28.04350446296721
mp-5529,MnFe2Si,237.181,23.421,225.97899802083464,126.52466831686291
mp-5538,YSnPd2,107.794,14.252,115.01992838654466,35.244907219636474
mp-567097,LiCu2Ge,88.21,36.738,98.51971827128496,43.10249121488447
mp-567210,TbInAu2,89.859,22.082,95.06643631824412,28.577290196574783
mp-567389,Li2ZnGe,42.925,25.919,46.8954994368999,23.725380754706556
mp-567787,LiInAg2,60.474,20.019,66.16487269839779,22.65483908560891
mp-567981,CrGaCo2,199.836,78.329,214.8403736079345,86.65478457349582
mp-568139,NdInAu2,81.431,20.018,84.67824159222066,27.03808953287179
mp-568333,K2SnBr6,10.429,4.995,28.400234285960344,14.24303460962524
mp-568537,YbInAu2,66.646,19.356,100.8795662593844,32.56801325078919
mp-568596,SmInAu2,85.394,22.155,89.11486413033167,27.896804374107788
mp-568719,SmInAg2,72.272,24.328,76.94886558802172,29.783048209908696
mp-568880,YInPd2,102.492,30.541,108.05727129925614,34.35838252397881
mp-568914,K2WCl6,12.36,5.031,44.25067882725006,18.012802414359285
mp-568917,LaInAg2,63.889,17.957,67.25490082983241,27.68709424818429
mp-569028,Rb2SnBr6,10.022,4.644,27.202552643078857,13.684182346739297
mp-569066,Cs2PdI6,7.646,3.865,22.04780434189737,8.616214402795642
mp-569149,K2TeCl6,10.788,5.438,33.97763278122756,14.25257259160513
mp-570528,Li2GaIr,87.044,4.657,100.43448843903992,16.320341535823815
mp-570611,PrInAu2,78.371,18.309,82.37729380465976,26.55002289308415
mp-570683,PrInAg2,67.825,21.183,72.03961771198506,29.43690268130902
mp-570826,VSnRh2,179.263,8.617,184.56524389874005,-12.38997332111482
mp-570899,YbNi2Sn,98.691,48.37,131.2052290260997,61.19927841399044
mp-571126,Ti2BRh6,225.583,110.559,259.0811980734873,125.01051374912862
mp-571310,ZrInPt2,160.728,27.431,163.02696770530304,26.26597621270293
mp-571648,Rb2MnCl6,10.441,5.332,33.573422194922,17.665197354687958
mp-574025,HfInAu2,128.33,28.838,148.48481793234382,33.635579053369725
mp-5748,HfAlNi2,160.645,37.535,162.88534830336,79.863923200842
mp-5778,AlVFe2,220.899,137.797,250.21327988203396,156.62716327379542
mp-581024,CsK2Sb,12.368,7.769,16.376648930936117,8.657043616808343
mp-581707,ZrInAu2,122.347,25.139,143.51652584815596,36.04444165635816
mp-5921,TaAlNi2,192.409,53.507,203.14643329081676,77.39880582887236
mp-600125,HfInCu2,120.211,52.466,139.37035795041066,63.926724755826704
mp-608555,Cs2SnCl6,7.82,4.029,31.40043250676344,15.778955331993927
mp-621348,TiInAu2,113.257,16.645,136.31618612162612,32.612105305257266
mp-622041,ThInAu2,99.696,22.021,110.15420364380708,30.44469520042543
mp-623134,ZrInCu2,115.986,51.305,137.2197264204661,63.674167396603906
mp-628606,Rb2PdI6,9.032,3.947,24.226958870256283,8.323553555855305
mp-631305,Ga2WSe,100.347,15.888,92.06692455038797,286.9218563605599
mp-631316,Li2GaSb,35.3,32.36,34.61855031030275,16.08957691711531
mp-631323,HgOsPb2,76.298,5.414,84.239005606491,5.9734860246496595
mp-631336,LaMgNb2,74.131,8.397,75.8556138771386,17.12392319620328
mp-631362,SiTe2Os,111.294,36.429,142.40410220370873,42.035773844466426
mp-631377,Re2PtRh,293.668,233.098,283.26426997598037,-236.2551815422708
mp-631412,NbRu2Cl,167.909,24.724,173.87304713258249,-65.63220423557483
mp-631417,ReRuCl2,146.466,20.711,130.522181412046,-3.588886567260147
mp-631420,CaRe2Si,162.622,1.128,166.30316851025188,30.3132594971701
mp-631425,FeTc2Cl,169.338,87.129,219.6077484034659,71.87978876062677
mp-631473,KTi2Bi,53.236,23.084,48.23156113497583,22.088614303481556
mp-631524,BTe2As,65.801,8.576,68.7796835329067,-0.6715174919269138
mp-631529,BSe2Cl,65.622,63.846,63.99304719855964,5.1409797818825815
mp-631535,BeW2Cl,180.881,15.248,238.2389180960893,93.2914213669826
mp-631536,KBIr2,136.47,27.99,157.32910136992797,27.43435484122638
mp-631547,In2ReB,107.248,3.701,102.8729147142503,32.4493229391397
mp-631571,Bi2OsAu,106.645,65.202,122.03541624612592,16.443662252374725
mp-631633,LaCoTc2,448.872,68.24,156.06464722771173,52.780246308709906
mp-636212,GaFe2Co,157.963,15.311,175.53127324132242,39.07693076103179
mp-636320,TiGaFe2,190.307,102.391,204.442112288473,119.15672631630072
mp-636599,FeSnRu2,200.71,88.857,228.4261315494453,99.94198563702884
mp-638729,Cs2ZrCl6,9.79,5.257,35.45428098674179,16.95324748497829
mp-640024,HfInNi2,145.405,57.313,155.00977329497135,67.78380953737177
mp-641923,Cs2SnBr6,7.65,4.313,25.575016738486536,13.16144376207308
mp-643002,Mg2H6Os,76.044,56.035,142.61018469767734,81.1822306851045
mp-643101,Rb2H6Pt,13.624,8.42,44.92789355163106,23.445173334531333
mp-643243,Cs2H6Pt,11.873,5.377,37.47437679059452,19.4366435071987
mp-643279,K2H6Pt,15.531,9.309,51.34324961515174,28.79161312151167
mp-644281,Mg7TiH16,63.812,30.422,69.90506205314468,40.57833842248236
mp-644504,NdMg2Ag,46.464,17.132,47.40959587989611,27.938585588614934
mp-672259,AlFe2Mo,230.256,52.491,283.21969866137647,145.54070123525173
mp-672340,LiIn2Ru,95.132,41.998,101.71757434350371,39.7112956644717
mp-672374,UNi2Sn,146.821,45.894,146.2214777924884,42.09874970516575
mp-690785,Na2H6Pt,22.335,15.848,78.02414012812925,44.244609725463405
mp-690789,K3ReH6,25.075,8.757,40.193644548261666,22.432473701598756
mp-697030,Mg2H6Ru,75.094,53.259,131.04552592714916,76.03843532617196
mp-697038,Ba2H6Ru,42.322,21.525,62.76468135180363,32.68144408525627
mp-697044,Ba2H6Os,41.59,20.0,69.55819793973157,36.39966946409496
mp-7187,TiAlNi2,164.644,62.108,176.45148276915745,81.42498246886758
mp-7243,LiSnPd2,108.005,25.46,116.74466668147132,36.180211964029176
mp-7473,LiCu2Si,105.396,55.803,118.13149195732724,61.26514242446377
mp-758835,Na(Cu3O4)2,127.552,79.085,130.14526408686456,60.0802168182374
mp-8224,CaSnF6,56.223,22.76,84.18135379750916,35.43455618393086
mp-8414,K2HfF6,15.293,6.037,75.41062900313794,34.25718969330135
mp-861460,AcInTe2,42.162,17.936,46.29335593042905,21.212039908805117
mp-861479,PrYMg2,39.202,22.951,41.19486787851416,25.863153930209908
mp-861481,Pr2AgRu,75.998,22.525,78.33884578511194,25.22363747203544
mp-861483,Pr2IrPd,91.797,28.342,100.5941353013371,24.004095811315896
mp-861498,Pr2HgPb,53.36,18.268,57.679159710400526,9.408805019038745
mp-861499,Pr2CuIr,84.313,24.217,89.27327463640461,27.108019394565563
mp-861501,AgHgPd2,117.832,0.118,135.71714869318998,27.21096548282246
mp-861505,Pr2MgTl,43.757,17.977,48.49971556339596,16.811370481586145
mp-861508,Pr2ZnIr,78.497,24.587,84.38407649100009,27.97982041226646
mp-861510,Pr2SnHg,53.848,19.059,62.01449390611826,10.383282170842085
mp-861588,Pr2CuRu,78.771,27.35,82.3089594455524,26.023455003318453
mp-861594,Pr2TlCd,48.605,17.214,53.436360747932646,16.203309861914086
mp-861600,Ho2ZnIn,60.928,31.772,64.67575138551413,25.981085895557246
mp-861616,LiSc2Ir,99.243,38.644,106.375422904548,40.43651320094404
mp-861617,LaHgAu2,69.273,3.22,75.18261944844843,18.782873915754124
mp-861624,LiLaHg2,44.988,9.091,47.71214430771315,21.928630478251993
mp-861625,LiZnAg2,65.489,15.67,73.03727547721276,25.663606695072623
mp-861627,Ti2AlMo,150.337,40.787,188.90488700555775,71.9762170476086
mp-861628,Er2TlCd,59.121,24.637,63.33471375265635,23.008096640518644
mp-861629,LiMnPd2,102.805,43.455,115.20915523125196,42.85948733240409
mp-861637,Ti2AlTc,159.815,61.979,184.0823998661681,71.33463860420383
mp-861639,Ti2CoIr,193.269,71.126,207.87915733564853,61.23665651078956
mp-861640,Ti2AlRe,172.0,72.215,211.73013904043975,82.8441242423841
mp-861641,Ti2CoRe,190.189,96.956,238.620873746568,99.23966665706892
mp-861643,CaLaMg2,29.61,18.121,31.008348038908892,21.098048602809964
mp-861645,Ca2MgTl,28.633,18.831,29.84677467116555,19.68199226858952
mp-861651,Li2PdPb,50.293,20.181,54.74612408552073,22.7462289064285
mp-861652,LiLuPt2,106.05,41.098,114.01091193291268,11.390041122331844
mp-861656,Ti2CrIr,194.37,78.863,222.2230196857953,97.76211949985682
mp-861658,LiMnPt2,134.07,50.068,149.9389539905678,49.63256191036044
mp-861660,LiNdHg2,48.714,9.543,51.62949538451273,24.70374145432539
mp-861661,LiPr2Ru,61.849,22.364,63.66860763528321,23.41988315675415
mp-861662,CaZrRh2,120.366,34.247,129.71627556271116,39.2476294941
mp-861663,LiRh2Pb,125.906,52.058,139.52374052969216,59.58514075959229
mp-861665,LiTmIn2,38.577,18.108,53.39711562282611,28.472153569104456
mp-861666,LiRu2W,221.989,82.095,232.3530563169466,98.05305136013284
mp-861667,LiSbRh2,149.879,13.887,163.73301499848495,71.62956030402711
mp-861672,Ti2FeIr,191.953,75.782,215.32552668372767,94.59752217275089
mp-861724,Ac2AgIr,67.493,14.533,66.92675650812846,22.573203336578384
mp-861733,LiTePd2,94.385,19.117,102.55586235516704,16.0431778197184
mp-861735,AcMgTl2,39.982,10.424,43.36600553620738,16.76198141306869
mp-861736,LiSbPd2,107.809,33.967,113.5467862698897,33.193535964267724
mp-861872,Ac2HgGe,47.445,14.917,50.02095638575836,11.803055574928996
mp-861875,LiHf2Re,137.66,44.212,149.3669742265496,59.49793212203792
mp-861876,LiAc2Si,39.953,22.936,38.62473250555633,18.191405797101012
mp-861878,Cd2AgRh,104.19,15.442,118.62687032507849,27.85784619244916
mp-861880,AcCdRh2,93.343,27.025,107.92768024884568,26.344089385094232
mp-861881,LiGeAu2,77.804,17.072,88.65038300943216,13.399643949561824
mp-861882,LiGeIr2,206.944,107.147,227.787445686467,109.34962023234807
mp-861883,Ac2CuIr,68.935,18.099,67.81523146475733,21.86435727807222
mp-861884,AcGaTe2,43.131,14.998,46.39393073044292,21.36744158917192
mp-861896,LiHg2Pd,69.136,11.597,77.80152028584544,19.170589443765127
mp-861900,LiGaAu2,85.118,26.976,90.54075762970696,22.22288336103865
mp-861901,LiGaCu2,86.815,36.374,93.67645698279124,44.50695682198876
mp-861905,LiBiPd2,82.613,15.71,91.70889690834647,21.41537022615199
mp-861908,TaTiRu2,234.152,70.548,248.455062933098,81.9297220070003
mp-861909,CdGaRh2,160.28,52.518,177.5443495874483,69.11284216837416
mp-861912,TaTiTc2,230.754,101.829,245.47360696009628,88.91529516955626
mp-861913,LiDy2Al,49.683,31.25,54.75751494373486,33.62237207276123
mp-861930,LiPdAu2,102.194,11.699,113.1166689434392,14.493707173875745
mp-861932,LiZnAu2,86.57,0.923,96.3982619887222,23.555297802201704
mp-861933,LiTmHg2,54.296,15.603,59.78763219175786,28.24612487755721
mp-861935,CaSnRh2,116.199,38.677,133.5434941892185,56.603808793186346
mp-861937,Ba2AsAu,36.968,20.318,35.13159008364217,16.676291154736646
mp-861940,Ca2CdSn,34.346,24.541,36.78361932092897,22.63938701041423
mp-861946,Er2MgAl,57.65,36.576,61.94447793395258,36.1695988572031
mp-861947,LiPm2Ga,41.038,25.461,48.674608315807205,24.248219608320248
mp-861951,LiTaRh2,185.431,67.999,192.68840420472975,69.71394529779343
mp-861953,AlFeRh2,193.542,40.729,222.9353743198663,91.24531568429911
mp-861954,LiTaRu2,190.046,66.077,191.24996562686823,70.11581729169998
mp-861955,LiPm2Ge,52.428,26.487,58.16662441401022,21.635170804761884
mp-861956,LiPm2Ir,73.728,28.359,77.8530971133802,31.27629065007553
mp-861958,Ti2MnBe,153.777,55.985,169.9183167729743,72.51948894468049
mp-861961,TiZnRh2,190.201,83.01,212.07898210854984,85.68058374948716
mp-861974,PaCdPt2,145.981,32.81,154.33871814459775,30.46271055158939
mp-861978,Hf2ReIr,213.322,103.795,252.8690053576285,110.02379677626516
mp-861983,Ti2MnFe,184.197,76.543,213.54629133753917,85.88303228638262
mp-861993,Ho2TlAg,63.714,26.76,68.07028454151416,25.17145745045652
mp-861994,Ho2TlCd,59.723,25.452,63.503948928271015,21.12599828942209
mp-862258,Sc2ZnPt,112.221,7.036,112.83540822764188,48.97510588896191
mp-862262,LaCdHg2,52.817,14.129,61.7486855931625,24.15087779080631
mp-862287,BeAlRh2,199.23,102.765,216.21897392599124,117.8827178122385
mp-862288,AlFe2W,238.376,45.537,320.03268354457856,164.3818824919633
mp-862290,LiFeRh2,145.894,65.499,165.3621041247434,76.2145401038741
mp-862291,BeGaRh2,200.601,91.436,215.38314264592833,107.34133934160022
mp-862296,LiAlPt2,151.998,104.435,179.3619364641802,68.5711806029043
mp-862297,LiAlRh2,147.585,66.739,153.90157818628035,81.84542052918586
mp-862312,LiBePd2,124.471,56.945,142.40200902601066,65.50002739949099
mp-862316,LiBePt2,165.822,79.648,189.5778151027996,89.03789097731514
mp-862318,LiAl2Ni,103.846,69.544,113.24557778667244,83.49784448734651
mp-862319,Ac2CdSn,42.615,16.536,41.7020974460503,10.899446938052668
mp-862321,LiAsPd2,108.466,35.687,123.02871000859666,30.555448099356177
mp-862335,LiAsRh2,160.442,59.369,185.60623824636613,79.31171748022912
mp-862338,Sc2CuRu,113.161,46.784,125.07658558962812,48.43971746033551
mp-862339,Sc2GaAg,81.21,41.463,79.32492488362527,37.06838539153139
mp-862340,Sc2GaCu,85.089,45.774,86.99768068285059,48.03768496210134
mp-862360,Sc2NiIr,137.387,49.792,139.50951450206333,52.03867503879066
mp-862361,Sc2NiOs,145.388,62.463,145.82291856645995,62.15921170846503
mp-862368,Sc2NiPt,130.308,7.693,126.2456986741021,44.489812354569395
mp-862372,Sc2RuRh,148.186,63.627,147.75498638849197,59.81117172728115
mp-862374,CdInPd2,115.643,16.611,125.0065180567095,28.398491544614107
mp-862375,Sc2TcHg,109.754,27.74,119.5211026331162,47.41440397554392
mp-862376,Sc2CuTc,107.482,48.992,119.3372955846885,46.507629796410576
mp-862377,LiBe2Ir,139.753,64.707,139.93389145402816,70.01088506744581
mp-862378,Sc2TcAu,124.283,49.234,138.31447871093022,49.594617072048095
mp-862379,Sc2TcAg,108.026,42.33,118.08371134081584,46.310335386804944
mp-862423,Sc2TcPd,123.752,53.036,133.4545780355408,52.0484283905698
mp-862431,Sc2AgOs,123.096,45.47,135.65921832104368,52.973098114880706
mp-862432,Sc2AgIr,120.565,37.764,127.84725338028623,47.079101007888525
mp-862445,TaAlOs2,268.452,143.473,308.229279065845,167.85673718537626
mp-862446,TaAlRu2,240.988,132.422,278.814453642121,142.1840057159824
mp-862473,Sc2AgRu,111.847,37.977,122.1768449527573,45.96009184466694
mp-862486,Sc2AlOs,123.137,49.483,136.90376939318517,67.47308422203012
mp-862492,LiErTl2,43.284,21.383,48.998458249199935,24.86226497103524
mp-862543,Sc2AlTc,109.061,43.786,118.03065689420536,59.95475473986403
mp-862546,Sc2AlRu,110.743,39.474,121.11746919078185,60.28015558523325
mp-862548,Sc2AlZn,76.171,45.758,77.08716704194163,46.00231652181451
mp-862549,LiAcTl2,34.711,6.17,38.66100322568714,20.032912051489816
mp-862553,Sc2BeRu,112.509,47.296,119.27412473788758,58.04011052069664
mp-862555,LiY2Al,50.306,33.33,55.48222044400749,34.27674196862777
mp-862556,ScSiPd2,142.61,32.762,151.10461379130504,31.394210979170435
mp-862561,ScSbRu2,181.046,100.408,220.2919662559401,115.93166303660648
mp-862563,Sc2BeTc,105.286,45.33,113.17688594333622,55.15955357168393
mp-862588,LiDy2Tc,68.896,31.932,74.84088279328508,35.79986624100529
mp-862600,Be2PtRh,216.114,113.636,240.23405874768727,123.62166737010958
mp-862602,ScAlCo2,146.391,94.037,159.17094313499774,98.25903777946108
mp-862610,LiHfIr2,174.685,62.733,187.34490095723083,79.14062828588813
mp-862613,LiAc2Ga,33.104,19.764,31.50806280674836,18.914522811200637
mp-862619,LiErIn2,43.83,20.144,52.47569855362562,28.548007236733675
mp-862622,BeRu2W,270.586,117.74,289.42344690788906,122.3884467155816
mp-862623,ScSnRh2,154.264,212.422,174.02515024874486,61.36094627701926
mp-862629,ScRh2Pb,139.016,187.799,158.65155067779753,49.94367712777469
mp-862631,Ba2SbAu,31.487,17.679,30.962526739699495,14.616417329844666
mp-862632,LiCa2Al,29.043,20.041,29.330806848516655,21.115285902534353
mp-862657,LiCuPd2,144.978,37.593,123.17618953625733,46.6709523199233
mp-862662,LaMgZn2,51.066,28.284,54.37336889333717,38.92189402882553
mp-862663,LaPbAu2,71.48,19.936,73.31873362064347,19.723122368275337
mp-862666,DyGaRh2,141.67,47.905,155.825804828654,57.56487254065472
mp-862667,LiAc2Ge,38.715,20.637,37.28725220855557,15.857059711152075
mp-862669,BeFe2Si,219.307,127.552,200.92563893070547,118.73371435988952
mp-862673,LiY2Ru,70.948,29.28,72.4068469356003,31.70242776383426
mp-862677,LiHoTl2,42.546,19.632,48.87215836881077,24.25409133565896
mp-862680,DyMgAg2,65.63,12.356,65.52465520010824,27.990759431062703
mp-862684,LiHf2Os,145.945,59.172,157.614850785794,62.29899743373527
mp-862691,Al2FeCo,179.509,118.533,182.79643186966337,128.80429444292236
mp-862692,DyHoMg2,43.612,18.839,44.28161050952826,27.27180465643466
mp-862694,Al2IrRh,211.649,97.627,247.75789539957157,122.48912929312908
mp-862695,Al2CoRu,185.345,112.686,208.37469254407665,129.8561082946583
mp-862698,Ac2SiAu,56.494,16.796,55.57936410909178,15.07673789643901
mp-862699,ScTaOs2,235.29,121.918,263.45496139031485,124.20930401559012
mp-862700,AlVOs2,270.525,140.544,314.5899028992486,168.45369263306225
mp-862702,Sc2AgHg,79.681,32.127,82.36925612612745,34.39065392218165
mp-862703,Sc2AgAu,91.964,32.821,96.02772070392616,36.76093378815821
mp-862704,ScZn2Pt,123.901,29.224,129.1537924617007,33.55273438067186
mp-862705,AlZnIr2,220.942,108.285,252.67719690584047,120.48682868767096
mp-862706,BeCo2Ge,201.076,80.844,214.9546586529691,111.29607337788484
mp-862710,Sc2CdTc,100.691,31.014,109.59270641849815,45.95574966950017
mp-862712,Sc2CoIr,137.361,60.261,146.41745005343677,63.65256426031094
mp-862713,BeGeRu2,227.447,99.655,224.46698537394903,102.99932806345808
mp-862715,Al2PdRu,180.532,80.631,210.4755997591189,101.41123011831624
mp-862717,LiAlAu2,97.735,36.27,107.60506183012944,37.2973248840942
mp-862719,LiY2Os,80.346,34.286,82.11388697990573,37.16270506644143
mp-862720,Sr2CdIn,26.36,15.966,27.50018522168281,17.810943629351662
mp-862721,Sr2CdPb,27.344,21.316,27.765007410045296,17.183134722692916
mp-862723,ScTc2Mo,207.886,80.503,234.02001789625197,84.65780139456865
mp-862725,ScTc2W,219.455,89.291,251.3916287373904,93.5753013152227
mp-862727,Pm2ZnPb,54.069,19.066,58.86722341286912,11.28767901548398
mp-862728,Pm2ZnRu,78.796,22.938,81.22465802807784,30.473070957192352
mp-862730,LiGaRh2,148.873,59.775,155.204390888706,74.48501084768823
mp-862733,Pm2ZnSi,64.649,27.683,70.7518963146361,16.338365277248066
mp-862734,Pm2ZnSn,58.086,21.841,62.275178728951666,12.41036708560026
mp-862737,LiHgPd2,97.049,22.7,106.24063375740865,18.7337460967556
mp-862740,Sr2TlCd,25.727,15.711,27.43788363115886,16.7233999677163
mp-862742,Pm2ZnGe,62.046,26.438,69.84838022197312,14.412334875060342
mp-862745,Sr2LiPt,30.834,14.401,34.670117753739426,17.917245182330504
mp-862747,Sr2PtAu,45.405,19.997,47.51669181015473,21.21929278660504
mp-862752,SmBiPd2,92.277,9.574,93.70154781100548,22.35588981742249
mp-862757,PrDyMg2,39.675,23.289,40.51475912465443,25.53951720984443
mp-862759,PrMgZn2,55.055,26.176,57.18371487114091,40.07324310311514
mp-862767,TbMgCd2,54.108,26.564,62.10966177642729,35.53891835942858
mp-862774,LiInPt2,128.499,129.985,139.128724911866,18.63204290916265
mp-862775,LiInRh2,125.117,36.12,129.9834890433834,58.26503274131911
mp-862778,AlSiRu2,230.759,113.371,235.95845776687668,122.78424672531617
mp-862781,AlCrRu2,230.931,111.317,261.01612762745316,134.34228833821618
mp-862786,Ac2CuGe,54.864,19.11,51.742527226534094,18.24150324606163
mp-862788,Er2ZnIn,61.635,31.697,64.34819808493498,27.875808304905014
mp-862790,FeSiTc2,246.944,108.248,292.322098214232,112.83122129201767
mp-862791,GaCuPt2,185.797,298.985,220.1570579355588,33.454135377751314
mp-862795,CaLaAg2,44.205,19.952,45.707325482225365,20.79240030092912
mp-862797,RbAcTe2,36.494,17.941,38.59062244205038,19.08172648219443
mp-862805,PrSnAu2,80.55,17.514,86.67012240851241,22.641644014886765
mp-862813,PaPbAu2,102.518,14.015,112.49945501953997,21.686023590892404
mp-862814,PaSiTc2,200.716,42.399,210.8682114346149,55.57839106230342
mp-862815,LiScAu2,82.368,15.743,86.07985559962754,29.821259715616716
mp-862821,PaSnAu2,109.742,15.551,124.22165030073556,24.721980066286573
mp-862830,PaTlAu2,99.51,24.885,115.92032046231186,28.744388868585876
mp-862831,PaTiTc2,172.516,49.108,190.52952384066265,39.21582565867111
mp-862837,PmAlAg2,77.247,15.124,79.0667156591468,32.58621614027077
mp-862838,PmAlCu2,86.005,12.642,92.616803416764,48.52757309562383
mp-862841,LiPm2Os,74.575,31.331,75.81054955272573,33.76474848367081
mp-862842,LiPm2Pt,63.715,20.936,68.5499759406381,23.51099759767308
mp-862843,PaZnRu2,175.731,34.878,180.58355017844693,33.068564242982525
mp-862846,CaLaHg2,44.947,22.0,48.62266415584676,23.91576737188472
mp-862849,Ac2NiIr,71.229,20.391,74.68891141876814,17.956717719338684
mp-862872,PmAgAu2,83.952,10.746,88.19124654796616,19.968319102235668
mp-862873,AcAgHg2,52.065,0.917,54.806213888660146,15.432647662518171
mp-862874,PmAgHg2,66.323,17.984,68.61691418413223,23.195150200221327
mp-862875,ThGaAu2,100.3,11.401,111.1027383623636,24.991787527585863
mp-862879,PmBiAu2,80.185,9.199,85.25203533937027,12.11700479789949
mp-862880,PmBiPd2,90.9,10.223,92.33202827512667,21.556489897993504
mp-862881,CaPmCd2,42.236,22.358,44.1245925718184,26.17598247194703
mp-862882,CaPmAu2,66.309,27.483,65.75389413190602,26.514427912543216
mp-862883,CaPmHg2,48.969,24.664,51.96695771020351,26.061783281637886
mp-862884,CaPmPd2,67.273,24.337,71.69344650867693,24.337175894281295
mp-862885,CaPmRh2,83.697,28.891,90.94332382448046,29.033909409621913
mp-862886,CaPmPt2,87.525,34.909,90.4364324108014,30.19284257989566
mp-862887,LiSc2Os,98.86,40.992,107.72626995483505,41.08922771134377
mp-862888,CaPmZn2,44.865,26.906,45.86299727453371,29.713956260897067
mp-862890,AcAg2Sn,60.159,10.533,63.878289508512395,23.046160172628507
mp-862891,PmCdAu2,79.05,6.423,80.95142039981349,25.398868194303972
mp-862892,PmCdHg2,60.32,16.513,67.13135919305307,25.260672707794537
mp-862895,Er2ZnRu,92.632,33.2,96.50518764795316,44.112773274676414
mp-862896,PmCdRh2,111.806,38.736,122.76702773713032,39.150108858063525
mp-862897,PmCdPt2,108.292,17.543,115.36872178410512,21.107042675982584
mp-862898,PmCdPd2,90.071,19.041,96.4170053637429,23.741849121869585
mp-862902,PmDyMg2,40.229,22.558,41.585105687917306,26.075973398635497
mp-862903,PmGaAg2,66.067,11.484,74.47319962772369,23.370768210291264
mp-862911,Ti2CoTc,187.175,91.654,219.7493760110121,93.63197291530624
mp-862912,PmHgAu2,80.514,6.17,81.89958639242049,19.189140751186144
mp-862918,PmHoMg2,40.038,22.248,42.176868254316005,26.264671973241285
mp-862923,PmInAg2,71.516,23.111,73.70531604305575,29.906487740054548
mp-862926,LiPmAu2,65.291,67.79,66.92361242944324,20.987690059822675
mp-862927,LiPmHg2,49.81,11.196,52.14709770086231,25.439418722361253
mp-862928,LiPmTl2,41.737,15.462,48.46050296612571,22.832635112072317
mp-862930,Li2PmIn,38.084,30.714,46.44421802276954,34.88452978291779
mp-862934,Li2PmTl,39.836,30.085,45.35352003875931,32.83301179538578
mp-862936,PmMgAg2,60.967,5.559,59.676330903848296,26.02518443437806
mp-862938,PmMgHg2,59.195,24.499,63.81346964454318,31.15856729879196
mp-862942,NaPmAu2,59.173,18.208,59.3405429633632,21.114166788773368
mp-862943,NaPmHg2,43.007,14.658,44.96873863792644,21.77582512317058
mp-862945,NaPmTe2,44.621,12.633,44.69566496321646,17.380948584234527
mp-862948,Li2PmPb,40.01,24.17,44.18711176690075,32.08330521959612
mp-862949,NaPmTl2,36.356,18.771,40.43903152759318,21.03542329212727
mp-862956,PmSnAu2,83.851,17.853,89.68112944896149,22.21088747577371
mp-862962,CaLaZn2,42.467,25.998,41.71482071967133,27.725165171475588
mp-862964,PmSmMg2,39.146,23.357,40.35043326514032,25.04859183407438
mp-862966,PmTlAg2,65.448,18.899,65.74650885189234,21.82379975408918
mp-862969,PmYMg2,39.687,22.085,42.248398982927725,26.29225695225452
mp-862972,AcAgAu2,66.953,280.555,69.00790651940464,15.034451301450904
mp-862974,PmZnAu2,82.867,8.779,84.54175246210743,23.07380896250974
mp-862977,Pm2AgIr,86.836,23.457,90.52789044789547,29.892507889572908
mp-862979,Pm2AgGe,64.38,23.361,68.71490210512981,16.47001104281115
mp-862981,Er2CdIn,60.36,27.973,64.19605577510114,25.75541585974821
mp-862989,Pm2AgPt,78.671,22.251,81.6173902017047,24.082604933590105
mp-862990,Pm2AgSn,61.036,21.122,63.1450940428969,15.78518269631865
mp-862994,Pm2CdGe,58.544,20.724,65.9760825541168,10.6120367421619
mp-862996,Pm2CdIn,52.402,23.145,55.69921657149607,19.455876815034113
mp-863251,Sr2SbAu,37.562,22.936,36.64103286252968,19.6751973625989
mp-863258,Sr2AsAu,42.139,25.646,41.328094405303794,21.98498453893841
mp-863651,Ho2CdIn,59.553,28.777,64.16494717454052,23.633364091296997
mp-863652,Ho2CdOs,97.343,33.714,103.71981341976988,46.527335749423614
mp-863654,Pm2CdSi,62.306,21.073,66.84437037099418,11.74380970095429
mp-863655,Pm2CdSn,56.296,19.511,60.8674404016528,9.64369407325056
mp-863659,LiScHg2,57.209,15.302,64.78397265747954,31.81042384091507
mp-863664,Pm2CuGe,66.228,24.887,71.25613403372394,19.404005060630723
mp-863667,Er2TlAg,64.936,27.903,68.11753488278202,26.49009971538145
mp-863668,Pm2CuOs,92.175,35.405,95.99394587504368,35.36011222277381
mp-863669,Pm2CuPt,80.655,26.778,84.331369752172,27.05293077720728
mp-863671,Pm2CuRu,83.241,31.005,85.2647304940102,30.062252832939254
mp-863672,ErMgCd2,54.634,25.799,62.64986154448128,35.607176453018255
mp-863673,LiPm2Rh,62.498,22.513,67.51042257570258,25.640241448173192
mp-863674,ErMgHg2,64.404,25.837,69.13302747323272,33.68031657192585
mp-863675,LiPm2Ru,65.347,24.444,68.49934473408679,28.78917236545235
mp-863676,Pm2CuSn,61.633,19.596,63.82779823210035,17.429520124823387
mp-863679,ErTaRu2,185.741,78.278,207.99344649107732,75.55808959457028
mp-863684,Pm2GeAu,71.259,22.807,72.9939064326605,13.226379951142476
mp-863685,Pm2GePd,73.852,21.327,77.55193989345734,16.960734416137022
mp-863686,Pm2HgGe,64.276,21.386,69.01859656538062,10.478249441289442
mp-863690,Ti2MnCo,185.408,83.539,209.19307688934057,83.91082568992907
mp-863696,Pm2MgSi,54.978,23.108,61.15235822895989,15.07908364530182
mp-863697,LiPm2Si,55.755,30.263,59.926519130883584,23.762412105569904
mp-863698,Pm2MgAl,48.974,29.34,54.08859726105529,27.50464093038602
mp-863702,Er2MgIn,54.51,28.117,58.721852615025874,27.868410121887617
mp-863703,Pm2MgSn,50.105,19.158,55.961052699637015,12.99923641704834
mp-863704,Pm2MgTl,45.993,20.753,50.404990559505976,18.659124154583377
mp-863705,Pm2MgGa,48.403,26.907,53.48033908356173,23.74976778013073
mp-863707,KNa2Bi,16.554,10.679,18.158421053370382,12.71728801332488
mp-863710,KAcTe2,37.606,18.514,40.124702594771165,20.41966859424288
mp-863711,ErGaRh2,145.122,52.644,160.93195185174702,62.989649799779734
mp-863713,Pm2NiIr,97.769,34.119,99.61118526026236,28.96348512521352
mp-863715,Pm2IrAu,95.226,26.464,100.0779790701385,29.25590702277319
mp-863716,Pm2IrPd,97.934,32.964,107.34528141627388,29.295286667394645
mp-863717,Pm2NiRu,89.451,28.709,92.99923761002916,27.185807230269603
mp-863724,InPd2Au,135.641,10.065,154.14750813100903,22.10620737614087
mp-863725,Pm2PdPt,89.689,26.998,95.75040998832696,24.389658557499885
mp-863727,LiTiRh2,154.975,60.474,163.06959563397152,67.91692128219681
mp-863732,Pm2PtRh,96.963,33.757,103.944479585215,24.48979840603817
mp-863733,Pm2RuAu,91.146,28.354,95.2633890160959,27.98605014047279
mp-863735,ErRh2Pb,126.347,158.517,142.9779938346164,47.31854232496662
mp-863736,Ho2OsAu,113.765,42.631,124.53863339035442,43.41788511269318
mp-863738,ErCdPd2,101.867,28.245,111.15094519998624,27.42054708333654
mp-863739,ErCdRh2,125.414,51.651,130.14066518118173,50.332635505293865
mp-863740,Pm2IrRu,111.946,38.388,119.44128869046835,35.14627682332885
mp-863741,Pm2PdRu,92.259,28.348,100.49693980418816,28.72589963396864
mp-863743,Pm2SiAg,67.211,25.639,70.24384633437592,16.78765481955855
mp-863744,Ca2PdAu,51.164,22.324,53.54676320137303,22.641911260954576
mp-863759,CsK2Bi,10.835,6.6370000000000005,11.767943709324134,7.037941119161251
mp-863760,CsAcTe2,34.847,16.227,36.611091316733294,18.52687237977202
mp-864597,LiMgTl2,30.009,13.128,31.587173391195392,11.308083066138632
mp-864598,LiMg2Ag,44.769,22.76,50.13333821825971,27.15776166690911
mp-864599,TbSnAu2,88.449,16.179,97.89072470792706,21.26490911081391
mp-864601,LiMg2Rh,66.418,29.172,71.52401878011895,36.123858347519445
mp-864602,Nd2MgTl,44.88,19.556,48.54568580566975,18.03785847827594
mp-864607,ZrCdPd2,132.25,34.849,139.84252878183315,31.969929123398483
mp-864608,NpGaRh2,104.218,20.073,172.12530078390208,20.40853988227823
mp-864610,Nd2MgAl,46.7,27.158,51.758645921792386,26.025240090249312
mp-864611,Nd2IrRh,105.456,22.447,111.19827777340988,25.306355767899536
mp-864612,Nd2MgIn,46.386,22.87,50.29076128899846,21.407306222187888
mp-864614,LiMg2Pt,70.501,34.393,73.25575350280779,37.0136875579763
mp-864618,BaHg2Pb,31.615,8.736,35.50186974620597,12.696145069938025
mp-864620,CaSmCd2,42.683,22.585,44.044588856893185,26.034943442307743
mp-864622,Nd2IrPd,94.942,30.569,102.60411455553631,25.33569781963621
mp-864624,HoZnRh2,130.834,47.959,136.39721029768845,53.08898474476115
mp-864625,Ho2IrRh,124.915,34.581,127.30128903464453,41.62590909166736
mp-864626,HoThTc2,121.902,24.383,115.40345536223626,31.65948506006447
mp-864628,Pm2SnPd,67.466,14.374,69.95016707333663,15.719953145458962
mp-864629,Pm2TlCd,52.345,19.813,53.907536186845775,17.418446851827003
mp-864630,LiMg2Hg,42.537,22.643,49.5924037548916,25.695691373618924
mp-864631,LiNbRh2,175.191,56.338,178.33545158506254,61.06551289646531
mp-864633,Nd2SnHg,57.531,19.66,61.33487440787044,10.008435050752835
mp-864639,Ta2NbOs,240.518,104.993,272.64626018547443,97.26530246385182
mp-864640,Ta2NbIr,234.508,108.32,263.14225749909843,89.34272057153305
mp-864650,Ta2OsW,272.496,131.157,329.04945476442856,133.6112033841999
mp-864651,Ta2NbRu,221.392,92.928,250.50860130016213,78.51119127873217
mp-864654,Zn2NiRh,161.838,59.551,170.54873629466277,64.01902396901207
mp-864659,Nd2NiIr,106.997,31.941,97.94757032682736,26.583098732916213
mp-864661,ZnCuPd2,150.032,56.792,166.9284713735298,51.803931072701566
mp-864667,NdTlAu2,69.742,16.502,71.25034471710005,18.899402304982864
mp-864668,NdSnAu2,82.554,18.058,88.65355570413963,22.5627867563024
mp-864669,NbGeRu2,220.427,8.017,252.0463713882668,74.0331226646406
mp-864670,Ta2VOs,245.861,94.95,292.61821968286455,102.836150822386
mp-864671,HfAlRh2,187.174,270.528,203.88980858867825,75.02669524312425
mp-864672,NbSiTc2,245.129,86.818,269.78771556858567,111.49268320958193
mp-864674,Ho2AlZn,65.575,41.214,70.10175960841488,33.38531936284846
mp-864684,Hf2MoIr,189.709,80.044,223.99105042882633,84.07175229409532
mp-864715,HfInCo2,206.086,107.967,175.691442021609,89.74184960835699
mp-864732,Yb2CdGe,40.172,26.401,68.94030215200203,9.87229649500325
mp-864734,HfInPd2,141.693,35.064,156.04283368450808,41.71182533820829
mp-864741,Yb2TlPb,33.91,16.655,61.8396853430093,-7.052997800833224
mp-864743,Yb2TlCd,33.659,19.632,63.60164810298866,19.851949615305333
mp-864744,HoMgRh2,113.756,50.305,116.0064880214038,50.10124963197769
mp-864747,HoMgTl2,47.359,10.455,52.526635714514846,12.886645661769418
mp-864748,Gd2MgIn,67.859,21.207,58.26495118405985,23.67859127051507
mp-864756,Yb2MgIn,30.524,17.477,54.37535924431037,21.68028655343532
mp-864761,Ta2MnOs,249.914,79.922,314.561190614217,118.2301801613605
mp-864762,LiMg2Zn,40.259,26.795,45.557158703889776,29.485797367854815
mp-864763,LiYb2Rh,41.92,20.811,83.64059889731617,36.25931297214976
mp-864764,Ta2FeOs,247.114,83.08,273.9385755500975,83.47337492984457
mp-864769,LiYb2Tl,25.992,16.634,54.79988776476391,23.142078433386267
mp-864770,Ta2MoOs,265.254,131.074,304.11564393657034,121.47510890556518
mp-864771,LiYb2Pd,33.235,15.65,71.94842537862898,31.373486344051415
mp-864772,LiSc2Au,74.156,36.814,74.18928064175383,37.714955929708424
mp-864775,HoAgHg2,70.325,16.174,76.47903728904188,23.9973940192799
mp-864780,PaAlAu2,123.458,11.963,133.28994138041853,35.227314785249405
mp-864782,Ta2MoRu,246.749,118.496,280.2831400197632,102.3292599709666
mp-864783,Yb2SbAu,49.015,29.746,78.98550010399724,6.995380014518536
mp-864784,LiSnRh2,142.707,67.926,157.40544989769734,75.07170432721064
mp-864787,NpCdPt2,56.084,47.324,136.22905510081685,28.06979182641961
mp-864788,NbInRu2,210.794,96.619,227.9071068224476,106.53501400029356
mp-864789,Yb2SnHg,39.222,30.672,68.72739767751013,10.21404304590921
mp-864795,Ac2SnHg,45.028,15.851,44.64122214413096,10.73649956295952
mp-864796,EuCdHg2,37.559,11.896,43.16865009208771,18.085859652935085
mp-864798,HfZnIr2,211.726,86.11,239.14305266524937,87.72686955763787
mp-864799,HoLuMg2,43.429,22.812,44.91981567035403,27.606686515130633
mp-864800,Yb2PdAu,55.635,21.308,97.76670770679227,36.00361853649164
mp-864804,LiTbHg2,52.714,4.747,58.80090298327006,27.33340799557711
mp-864805,Nd2CuIr,86.254,26.005,90.06114047362513,29.032161240757578
mp-864807,HfZnNi2,150.532,43.706,160.12491522298868,60.52172386538838
mp-864835,Hf2CoIr,184.201,26.08,200.59213244180103,59.48018793664485
mp-864837,Nd2CuRu,81.88,29.061,82.17562951395854,27.235347324515967
mp-864839,Zn2PdRh,156.281,66.416,176.78454453221272,67.9095718834138
mp-864840,NbZnRu2,218.128,77.859,225.89827903922605,94.52036073333753
mp-864857,NbZnCo2,192.655,69.361,213.11021624754449,82.08164606055455
mp-864877,Hf2CoRe,177.868,87.341,214.47460685097371,93.187215030931
mp-864878,ZrAlAu2,135.096,19.536,152.23608361593378,38.58743252812037
mp-864883,MgSnPd2,112.134,33.55,120.699629746386,37.17564670338899
mp-864884,DyCdHg2,63.398,20.259,70.94602342573987,24.739476176177178
mp-864890,Hf2FeIr,180.435,67.035,201.75030672336484,81.3767303927537
mp-864892,NdAgAu2,81.37,9.329,86.42436455692885,19.878000920568898
mp-864893,NdAgHg2,64.746,16.75,67.68700260783545,23.220909430720205
mp-864895,Be2NiRh,194.531,107.76,211.16458849067985,118.1408335091716
mp-864896,Zr2CoTc,93.62,69.086,183.80604916328952,70.99483998330932
mp-864897,Zr2CuOs,162.384,48.901,179.99295191479032,56.14199906160717
mp-864898,Na2TlBi,22.587,16.745,23.478684268926894,12.996724604803465
mp-864902,MgTlRh2,131.037,56.136,145.1880250020226,61.56745394491439
mp-864903,MgTaRu2,198.121,91.46,209.82448374583137,98.670820138867
mp-864904,HoCdAg2,73.061,16.491,74.17832811140521,23.589461770563048
mp-864907,MgZrPd2,121.633,41.79,121.50481001911926,35.60624503157266
mp-864908,MgTiIr2,191.279,107.865,215.82952970577375,106.0955436341662
mp-864909,HfAlRu2,195.913,81.051,214.2240288445462,113.04964826399224
mp-864910,MgZrRh2,149.687,63.086,158.90792927504256,62.32625600149804
mp-864916,Hf2TcRh,187.509,87.375,212.79166222876552,90.09926563957004
mp-864919,MgTiRh2,161.554,76.667,172.50480122898776,76.8442932105262
mp-864920,MgZrAu2,114.52,36.177,121.09871533734378,47.944546853063905
mp-864921,MgZrIr2,178.265,83.49,197.46863955009545,83.74259532545415
mp-864922,MgZnAu2,94.828,25.037,106.9877435249656,22.58433022056331
mp-864924,NdMgHg2,58.214,23.305,62.75548379713265,30.444560691217223
mp-864925,NdMgZn2,56.12,32.136,58.77471069437058,40.45257072975255
mp-864926,HfPaTc2,171.303,46.246,186.04477490746424,41.88680920031434
mp-864927,Hf2ReOs,217.65,103.317,245.64729548711824,111.9869494146883
mp-864930,LiTiIr2,190.484,77.224,205.03711118078388,93.6926203886286
mp-864932,Mg2AgPt,84.193,30.478,98.06944049750464,36.05310989088189
mp-864933,Mg2AgRh,88.2,20.608,97.47491796352058,39.91584547442899
mp-864936,MnGeRu2,227.345,109.437,263.5666400241574,119.2904940234212
mp-864939,Hf2CuIr,160.206,49.295,187.0049954957435,55.2836823837704
mp-864940,Mg2PtRh,120.332,58.45,133.33254996227612,63.72438265738573
mp-864943,MnBe2Ir,193.511,108.004,204.75314875640933,100.69704797677194
mp-864944,MnBe2Pt,139.445,27.168,182.51042229136107,96.99495376768256
mp-864945,MnBe2Rh,171.181,98.352,179.36920658420752,89.14930050263675
mp-864946,MnCuPd2,143.606,48.766,161.5323664283939,41.39499168224734
mp-864949,MnGaRh2,188.351,86.0,204.00107698273615,83.82598598305569
mp-864950,MnAlIr2,228.585,102.886,260.29754127247384,112.09487750059216
mp-864953,MnV2Cr,231.986,93.042,272.3890187982906,86.36568509046374
mp-864955,Mn2CrCo,153.099,93.542,123.93332186441096,92.6741703941359
mp-864957,MnSbRu2,200.874,93.704,237.4343719540154,98.75137221711746
mp-864959,Dy2CuOs,103.481,44.291,110.4215729710647,43.2687656424804
mp-864961,Be2PdPt,194.226,42.134,220.6618884672195,99.73922108637848
mp-864962,CaAcZn2,38.641,23.217,37.18368491549383,25.713446481309347
mp-864966,MnSiRu2,247.412,124.181,273.8555515818293,138.51445511596287
mp-864968,MnInRh2,155.882,66.691,181.14851235950903,70.23009818192101
mp-864969,Mg2PdRh,106.207,58.013,114.9733835967103,55.214954040494376
mp-864970,MnSiTc2,252.159,102.98,292.3799507966363,123.410426210861
mp-864971,MnSnRu2,176.935,80.201,230.18666868264648,115.60529320226688
mp-864972,Mg2PdAu,88.039,26.291,95.42734379542055,31.802135162914475
mp-864974,Hf2CuOs,175.345,56.988,191.41390694352424,66.00897389656404
mp-864975,Mg2PdPt,106.503,6.267,115.5599859668546,43.046203490404785
mp-864976,Mg2AgIr,99.15,31.582,111.37878493244254,43.53776029087455
mp-864977,Dy2AgOs,101.086,41.391,108.4911893473344,41.87298516937854
mp-864978,Mg2AgAu,73.054,33.934,81.87113526554519,29.95232156525283
mp-864980,MnAlRu2,218.933,130.613,255.2937333927567,136.57786549264216
mp-864981,Dy2AgIr,99.317,32.495,102.74700962359005,37.44586470651632
mp-864983,MnVRu2,228.444,98.864,225.33821135334455,94.43308889839147
mp-864985,MnZnIr2,226.37,78.633,252.7414787030261,101.91793720369468
mp-864987,MnZnRh2,168.969,55.119,184.86281559790208,84.1863715809047
mp-864988,Mn2AlCr,193.97,102.349,217.5083329337036,118.09479247715537
mp-864989,Mn2AlRe,255.756,128.084,265.36809902088686,114.70618098000834
mp-864990,Mn2AlW,237.182,126.511,276.3503802426608,131.98329297015607
mp-864991,Ca2AgPb,37.203,5.626,39.28461101421976,21.877222225096116
mp-864992,MnNbRu2,218.17,89.826,242.90528712660225,94.1367155663378
mp-864997,LiSiPd2,139.601,50.183,154.24833523817423,61.74124456590231
mp-865000,HfScIr2,182.895,90.315,198.0213332629319,58.339382090971974
mp-865001,HfScOs2,197.703,93.516,215.3406843392651,105.2535870321614
mp-865002,CaYRh2,89.209,34.602,95.96576678263284,35.373806334232455
mp-865003,Be2IrPd,214.003,111.931,242.8620766471084,121.74790377573623
mp-865006,Dy2MgAl,55.262,35.437,60.34942747738494,34.06334679630447
mp-865007,Dy2MgIn,52.775,27.596,56.896477380402175,26.11116682891206
mp-865010,HfGaRu2,197.202,78.797,209.6574638392282,100.64363870537066
mp-865011,Mn2NbAl,195.796,100.021,215.86091935994656,108.1388709696806
mp-865015,MnSiRh2,208.501,21.435,241.05534235989384,77.58554459438592
mp-865019,HfGaRh2,183.393,118.314,201.37631169035464,59.546941914341744
mp-865020,HfMgIr2,187.046,99.508,205.54689363853515,90.77840208373814
mp-865021,Be2RuPt,219.105,107.454,235.09499132976725,120.09975656728132
mp-865023,HfTc2Sb,201.069,95.257,224.7124604488279,105.3187451642462
mp-865025,HfTaRe2,244.954,109.351,280.0269134221219,116.37160461357917
mp-865026,Mn2VSi,242.884,131.761,288.5166003516478,145.2640508506307
mp-865028,AcTlTe2,41.684,19.533,45.47271257983838,20.232318352135643
mp-865029,LiPaRu2,146.833,9.708,148.15835263689152,28.89224956220252
mp-865030,HfScRu2,172.957,80.426,179.60851015482842,75.73842429094704
mp-865032,Mn2PtRh,174.551,77.815,188.8160625684748,56.14113192473551
mp-865038,HfTaTc2,222.224,99.455,242.36712476704884,90.17138514120872
mp-865039,HfTc2Sn,187.383,73.235,203.8083191295346,92.08543366904397
mp-865043,MgInPd2,109.21,28.094,117.48460600442304,37.39099347090082
mp-865044,MgInIr2,165.085,79.164,189.8320430242375,90.9824597260785
mp-865048,TiZnIr2,226.509,104.561,261.3912092058799,107.425827411774
mp-865049,HfMgPd2,128.55,39.982,129.73015130188708,40.40723303482933
mp-865050,HfMgRh2,154.665,68.281,164.44529867283546,69.03227116653512
mp-865051,NaCa2Tl,22.925,14.702,23.91788458660948,15.449857456540622
mp-865066,HfInRh2,172.181,244.174,190.80489125522843,59.98692081317252
mp-865067,Li2EuGe,34.651,23.508,42.98892017541828,41.35335954477105
mp-865076,NaCd2Pt,69.41,22.098,76.82184765476931,22.51209632715164
mp-865079,TiZnPd2,150.486,29.824,164.38051219953965,38.20607216577949
mp-865081,NaAcTe2,40.126,10.792,43.58534933694678,20.102481285422137
mp-865082,NaCaAu2,41.303,20.408,42.055482333097416,17.604159618151467
mp-865090,NaAcTl2,31.125,12.636,32.85595645652391,17.704284310227006
mp-865091,HfMnRh2,175.043,62.602,203.436636189662,54.540453317406175
mp-865092,MgGaNi2,116.982,40.522,129.95980992344298,57.111043162520424
mp-865093,TiZnNi2,160.513,55.791,174.17294259616514,64.99921222972324
mp-865094,HfNbTc2,218.707,90.767,235.52847831432456,90.2525159428529
mp-865096,NaHoTl2,38.106,23.742,40.09044016749338,22.06226684586604
mp-865097,NaHgPd2,80.025,24.87,88.67318249428746,17.9756792734561
mp-865098,NaLaAu2,55.109,16.143,54.006970293127765,19.023156684624663
mp-865100,NaInHg2,25.727,9.66,28.202967922432137,8.111269800641972
mp-865107,NaMgPb2,15.404,7.06,31.950784168080016,11.686549756366723
mp-865108,NaSmHg2,43.362,14.613,45.961146479640384,22.073299113367632
mp-865109,NaSmTl2,36.766,19.687,39.944700876605545,20.89557594318889
mp-865110,NaMgTl2,24.965,13.0,25.969213982030418,10.15556026931749
mp-865111,NaSmAu2,59.904,18.192,60.720296275167605,21.05388393222688
mp-865112,NaPrTl2,35.668,17.268,40.00833760375827,20.649315189533
mp-865113,NaNdAu2,57.865,17.696,58.795591351261336,20.880457816676
mp-865115,NaNdHg2,42.221,14.872,44.43722642931326,21.363021768580666
mp-865116,LiSmTl2,41.722,15.962,48.26954712522877,23.081934722872035
mp-865117,NaErTl2,37.926,23.846,40.15574458027063,22.65593499629647
mp-865118,NaPrAu2,56.68,17.065,57.52565504149692,19.58524040116179
mp-865119,NaPrHg2,41.671,14.842,43.95546764905229,20.843559322341843
mp-865123,MgGaPd2,120.303,31.091,131.02396578304973,41.491256006307914
mp-865125,MgGaRh2,155.284,80.766,169.85104803620132,84.55803437473321
mp-865127,NaTl2Cd,23.718,7.617,25.059798054647253,5.564156885884394
mp-865130,Hf2MoRh,173.159,75.907,197.45303796538036,67.33658903261608
mp-865131,Hf2OsRh,201.65,55.152,222.54025133376837,77.98417773096848
mp-865138,Hf2MnIr,192.899,88.412,216.85351859384252,98.30122326250438
mp-865145,NaTl2Bi,27.25,8.941,28.54868473490108,1.568369290615527
mp-865147,Be2CuRu,182.617,96.573,203.46674856913947,97.07797778241536
mp-865148,PaAlTc2,181.984,42.333,176.44633195679404,58.654368925600565
mp-865149,PaAlRu2,178.546,15.527,186.10104117753735,38.65292259604384
mp-865150,MgCdAu2,86.378,21.743,96.73844432556773,19.152634473765225
mp-865151,YbNdRh2,87.977,27.617,110.59859036956844,31.696100566641828
mp-865152,MgAlPd2,124.171,40.012,133.37401503207997,51.99464222669808
mp-865155,MgAlRh2,155.745,85.611,171.4748198271245,97.29096172085195
mp-865156,Dy2ZnGa,65.862,39.796,69.34854797257671,29.44927343508508
mp-865158,YbNdHg2,49.525,23.048,64.91568643126969,22.1750453094994
mp-865159,Dy2AlZn,63.933,39.898,69.06764450816424,32.04694856566398
mp-865160,MgGeIr2,184.958,79.79,226.00198511849513,90.8378515233842
mp-865162,MgGeRh2,162.451,58.759,184.8167565174296,81.41042994328383
mp-865163,HfBeRh2,189.784,67.567,200.6378084723966,83.75340317863022
mp-865165,HfScCo2,138.178,69.939,145.99178541482183,61.79028207936451
mp-865167,Ca2CdPb,32.385,21.831,33.96491060191351,21.112895199615533
mp-865172,YbTaRu2,171.591,73.821,207.3843654796132,78.89264703542554
mp-865174,HfCdRh2,169.501,60.425,183.30064399074703,65.18630471738311
mp-865178,Hf2IrRh,191.166,11.426,205.92369695158257,38.00335308784689
mp-865179,Hf2FeOs,201.248,95.692,217.4287112409191,106.6150679417334
mp-865183,MgGaAg2,68.65,15.528,74.80506343205828,18.54434130038523
mp-865186,MgGaIr2,187.256,96.083,208.4511323247249,104.97124701449596
mp-865187,MgFeRh2,154.144,73.504,175.6680194839595,81.94624544108454
mp-865191,FeGeRu2,223.605,101.794,255.16920773700093,99.99311641417736
mp-865195,TmGaRh2,147.294,55.923,159.82059890362086,63.86907232140499
mp-865202,TmCdPt2,123.512,20.588,132.3723261623169,20.215241847804755
mp-865206,TmCdRh2,127.101,52.847,131.28342217454914,50.73342031992528
mp-865209,TmHfOs2,182.794,86.548,200.62360804334628,95.85066628766194
mp-865210,TmLuMg2,45.134,23.143,45.741102665173266,28.23360600587292
mp-865211,TmInRh2,134.846,40.486,146.12612466480184,62.271568402229875
mp-865215,TmHfRu2,161.823,73.726,166.7563109341868,65.41339818962341
mp-865216,Dy2PdRu,104.247,37.091,111.62714236409596,37.24087743173828
mp-865219,Dy2IrRu,125.9,53.425,134.43421372741776,50.42597778496708
mp-865224,Th2BiTe,80.336,50.256,85.5018726449349,39.10179158022554
mp-865228,LiScPt2,116.125,61.788,129.64905484014952,24.378313169036552
mp-865229,Be2NiIr,231.437,114.747,236.76690072463305,129.23056509120906
mp-865230,TmMgRh2,116.23,52.742,117.59360866178974,52.458373144764366
mp-865231,LiScTl2,44.718,22.125,51.35294553046902,25.692675345043057
mp-865232,TlPd2Au,124.074,6.664,140.69493339488054,18.761740887370625
mp-865234,TaZnRu2,226.089,85.139,236.74999096068856,98.70090144955856
mp-865235,Ti6Al16Ni7,128.39,89.296,146.99088793972425,103.5052432524432
mp-865237,Tm2ZnIr,100.748,38.748,103.3812152743707,48.841671294380966
mp-865240,Lu2MgIn,55.4,32.495,59.27067318813849,26.416986679887746
mp-865241,TmNbOs2,205.913,90.483,229.9803994394808,97.72434061703612
mp-865248,TmNbRu2,179.898,73.733,198.15863590914205,71.93436067494989
mp-865249,TmSnRu2,153.366,68.88,168.6665869647332,82.8709773602488
mp-865250,TmTc2W,202.895,78.138,233.7111114790822,73.75841061854771
mp-865252,TmSnRh2,141.544,187.815,159.78585491118565,56.5541917434182
mp-865254,TbYbHg2,52.205,26.236,70.48129513790633,25.247268577713974
mp-865255,LuNbRu2,182.535,79.038,205.5679900244313,79.73662992912938
mp-865257,DyZnRh2,129.806,45.355,135.8589273064932,51.1278625741559
mp-865262,TmTaRu2,188.12,80.951,209.13666763901043,76.22810110928297
mp-865273,TmUTc2,108.871,80.134,146.87448524395816,24.06206148754832
mp-865278,NbAlOs2,260.723,129.33,298.50245137800005,159.83599827475436
mp-865280,NbAlFe2,209.082,126.798,274.186934982131,157.5903062373931
mp-865281,Tm2AgPt,96.269,34.96,98.40393869711916,38.30512511276387
mp-865282,Tm2AgRu,96.69,38.929,103.70307449004306,42.81896614175953
mp-865284,Tm2CdOs,101.396,37.595,108.95176370483682,49.61192203832755
mp-865297,Ho2InAg,65.284,29.025,68.07126577479725,26.157478095633095
mp-865298,TmZnPd2,108.889,15.796,117.9278442439719,28.078996185566822
mp-865299,TmZnRh2,135.447,52.839,138.80503374224526,56.84107039287032
mp-865308,Be2CuRh,171.518,52.236,198.7215004690568,100.27306752042712
mp-865320,Lu2PdRu,115.779,46.14,122.14878887927838,46.24525551791841
mp-865321,Lu2IrRu,137.722,66.037,147.30803039117876,63.01815464296366
mp-865325,Lu2CoRu,118.848,56.419,118.98452976803284,50.06375146080681
mp-865329,Lu2MgTc,79.162,27.045,85.2822691456866,36.862351496956514
mp-865338,Tm2ZnPt,93.112,39.448,94.77030636047635,40.61234193348197
mp-865340,Tm2HgOs,106.578,35.412,114.74063325397384,47.137300947727965
mp-865356,Tm2MgAl,58.554,38.344,63.56106505565648,36.82166549734586
mp-865360,Tm2MgIr,87.72,26.832,93.58997461611494,47.00176331866721
mp-865361,Tm2MgOs,89.938,29.624,98.32676690431003,45.74538895626746
mp-865364,DyTaRu2,181.822,68.958,202.6577171101648,70.51912335730411
mp-865378,LuSnRh2,142.714,236.351,163.55940419554915,60.040133604345975
mp-865379,LuSnRu2,156.439,71.105,174.92618381197548,89.48579181240446
mp-865406,Lu2ZnAu,80.916,38.614,83.48014173507852,36.6987001226281
mp-865421,UGaTc2,191.62,23.041,196.134587998822,38.58747632817374
mp-865426,YbNdAg2,50.84,19.85,64.81100309771364,23.710959433300783
mp-865432,Y2NiIr,106.626,42.924,110.13658063476524,39.41213575251231
mp-865433,Y2MgRu,74.058,20.648,77.58462307053465,36.01314066403398
mp-865434,LuZrRu2,156.979,72.197,166.76859942983756,64.64297620416424
mp-865441,TiAlPd2,158.18,28.706,163.7656630931744,45.0199659990149
mp-865442,TiAlOs2,244.229,113.141,262.5350874286477,135.26296073370827
mp-865443,LuRh2Pb,129.632,168.188,146.53067965430574,49.13311173658928
mp-865444,LiSc2Pt,89.908,37.52,95.96405871187063,42.45426386577338
mp-865446,Lu2AgHg,73.413,29.755,75.66503149423556,31.696379032891972
mp-865448,TiGaRu2,212.674,87.343,228.9634133455099,107.52406476895663
mp-865449,Tm2MgTc,77.305,27.589,82.87227811409532,36.55369901021262
mp-865459,Lu2AgRu,98.781,39.928,108.59416109277484,44.437015629251256
mp-865462,MnV2Os,265.263,115.151,287.83579294234625,120.41334994183964
mp-865465,VCo2Ge,197.789,81.715,222.2000199943253,30.227515111439253
mp-865467,Pm2SnAu,65.878,19.943,66.74610016943586,13.508464097022232
mp-865468,Pm2SiPd,75.342,23.479,79.18174465056019,17.265801054368247
mp-865469,Ti2MnRu,193.143,78.85,227.981897287525,90.58563164447112
mp-865470,Ac2CuSn,46.296,13.564,46.19277595826706,16.51029714837006
mp-865471,VGaTc2,229.778,78.962,243.8346898488387,82.0927750910103
mp-865472,VSiTc2,258.765,107.994,292.97248937734093,118.96652366675252
mp-865482,VTc2Ge,243.003,96.105,277.77965387757695,111.4177979925922
mp-865484,V2CrRe,253.319,112.266,305.3614453595013,107.35719115413676
mp-865485,V2CrOs,261.007,118.265,304.370318572479,120.22569313659108
mp-865486,VZnRu2,225.829,79.087,253.48133347120253,107.08041210242502
mp-865487,VZnRh2,203.686,18.666,228.10024255225375,71.37103012371968
mp-865490,V2CrFe,231.816,102.939,266.74273766300263,88.57575345073036
mp-865494,V2CrRu,241.192,103.536,269.6773709770556,96.13942709096484
mp-865495,V2CrTc,238.066,95.291,283.36616572080726,89.63554979825794
mp-865497,V2ReOs,289.662,136.853,324.7026648882647,141.93418508179334
mp-865499,V2TcOs,275.44,129.105,299.6545058827032,127.0110515681156
mp-865501,V2TcRu,254.239,109.902,269.227260588633,104.65603056654643
mp-865502,YAgHg2,69.569,17.156,75.2851576101295,24.70983957029668
mp-865503,YCdAg2,71.324,15.786,74.4639683014337,25.55336556738467
mp-865504,YAlAg2,82.71,23.742,85.46643636497932,35.99138193572596
mp-865505,Lu2InAg,69.509,32.13,70.46588036985045,28.456706926062008
mp-865506,VSiOs2,286.547,125.357,338.2798845853751,157.88214643813657
mp-865507,VSiRu2,250.046,119.671,311.7485589138786,142.4091888944353
mp-865512,YMgCd2,53.873,26.509,61.430699218942785,34.56180098877692
mp-865515,YMgZn2,59.874,36.417,63.51919813642148,44.033189448959185
mp-865517,YZnRh2,126.817,44.737,132.54787419455644,49.628644694018725
mp-865519,YTaRu2,179.127,69.742,200.96992282390613,67.72353899607869
mp-865520,YCdPd2,97.382,27.819,105.61526862184829,27.679903785915226
mp-865522,YCdAu2,87.395,21.097,90.9665730748668,29.18671106721775
mp-865523,TiMnRh2,183.807,75.228,204.02418384910345,58.176868527521
mp-865524,YCdPt2,116.26,20.954,125.23429246576956,21.567910147992585
mp-865525,YCdHg2,76.015,19.287,71.44869333218054,24.885213897439847
mp-865529,Ti2NiIr,190.543,7.109,201.9853426317723,41.340416143733755
mp-865530,YThRu2,124.42,30.249,128.56520434731942,33.15411566761674
mp-865531,TiMn2Al,159.093,83.1,170.77378419490793,96.8748426936586
mp-865533,Ti2ReOs,240.23,110.684,259.7010631687395,110.64018609353543
mp-865536,YbZrRh2,127.688,30.229,154.98164937891727,44.18179773703379
mp-865537,TiMnCo2,168.613,77.429,199.4207039487659,86.41413281439954
mp-865538,Ti2RePd,193.113,72.804,218.42191641767596,83.78195523688365
mp-865545,Pm2SiAu,74.428,22.913,73.28423301348303,13.707758742980417
mp-865546,Yb2AgBi,38.939,24.271,60.52188303369065,-1.5579510494700175
mp-865547,Pm2CuSi,68.269,27.721,72.42042527519389,20.30675058904666
mp-865554,Mn2VGe,224.329,110.157,275.33379139022105,141.61324403690833
mp-865560,Y2AlZn,62.953,40.862,69.28355684155889,34.327867756414804
mp-865561,Y2AgRu,90.313,35.774,93.7634831550684,37.57632788676523
mp-865563,LuZnPd2,111.102,18.066,121.56836239071204,29.207817063507136
mp-865566,LuZnRh2,138.683,56.941,144.99240057648854,61.14466272373928
mp-865569,Ti2MnIr,212.034,97.188,233.61774893687044,105.74302364059908
mp-865577,Li2CdAu,44.869,12.122,50.40494751977128,20.22647884295915
mp-865578,LiNd2Ga,43.608,24.558,47.27256765485305,23.96468857062013
mp-865582,Li2CdPd,50.434,7.951,57.17962151312007,19.034977523345404
mp-865585,VGeRu2,236.881,105.622,279.432491690809,110.36856908166766
mp-865586,VGaRu2,236.904,112.122,272.3298405286701,125.61851439401856
mp-865587,Y2CuRh,88.993,33.634,90.8975471898823,34.85621389251444
mp-865588,Y2CuRu,92.142,40.684,95.02571161734085,38.86800390315748
mp-865591,Ti2NiMo,170.681,76.912,203.59791446154577,73.01922033046266
mp-865592,Y2ZnRu,87.008,30.47,90.2701925976993,40.88814297212948
mp-865594,Y2CuIr,99.876,37.98,103.68209979814338,41.32991466918424
mp-865597,NdPbAu2,75.68,19.233,79.95371644412911,18.84531183725534
mp-865600,Y2IrPd,109.327,42.364,114.91191114071871,35.957455474240234
mp-865602,Y2MgAl,54.789,36.348,62.27997242169005,35.2332649824285
mp-865603,Y2IrRh,119.564,33.326,125.87110923855272,40.78329095455561
mp-865607,LuGaPd2,115.558,18.845,126.32682424878304,31.98462049165996
mp-865609,LuGaRh2,149.694,60.379,165.97862628849728,68.7130795643323
mp-865615,GaSiRu2,228.828,88.656,230.50014662868745,108.41407960212916
mp-865630,Yb2AgGe,46.404,1.24,73.25959175860586,23.28996170620024
mp-865640,TiGeRu2,228.106,116.587,271.31602626684946,134.37071208415347
mp-865641,Y2NiRu,104.846,40.076,101.81057340067588,38.54108139388005
mp-865648,Yb2CdPb,33.75,22.062,59.12859137283521,6.654463759735236
mp-865649,Ti2TcRh,203.459,95.495,221.96322255508264,92.11852160273249
mp-865650,Ti2TcRu,208.121,94.372,217.01312745608337,81.5064149635195
mp-865652,TiMn2Si,207.779,105.768,242.4587675584314,115.85494511878858
mp-865653,TiNbRe2,250.96,111.453,273.8252814993564,116.65068709442048
mp-865655,TiNbTc2,223.438,94.868,234.11359066483405,90.00775576687774
mp-865656,TiMn2W,243.092,113.185,306.53707334062227,100.89861891101644
mp-865659,Y2ZnIr,93.884,35.758,99.04945671950384,44.97631305781765
mp-865660,Yb2AgPt,56.533,22.834,99.90412548955264,40.02358881272533
mp-865661,YbMgCd2,38.38,17.587,63.69422203071525,34.45487279368421
mp-865663,YbLuRh2,100.492,38.627,129.6178435138828,47.62324280089079
mp-865664,TiRe2W,287.241,142.198,336.36303689043393,143.09003998613676
mp-865665,TiReTc2,271.275,125.232,288.91439712574277,111.24618446337216
mp-865666,Li2TlAg,32.933,17.026,39.079063039832995,18.91483805447099
mp-865669,TiSiTc2,228.921,85.424,253.39805330783307,97.41430668687774
mp-865671,Y2ZnIn,59.596,33.082,65.02815457479358,27.403209905503548
mp-865678,TiMn2V,195.509,76.292,251.26179993804615,89.38335884944922
mp-865679,TiSnPd2,146.595,3.057,155.0465199426111,28.91322677782561
mp-865680,TiSiOs2,283.881,134.466,322.6960411000468,172.31762212058894
mp-865681,TiSiRu2,244.997,129.794,297.58256402020317,154.61168009370874
mp-865696,HoGaRh2,143.634,49.846,156.90374225609463,59.004896521354574
mp-865708,LiSm2Ru,66.47,25.565,68.22436551390882,30.71651288177179
mp-865712,Ti2MnNi,173.551,66.646,197.15138296646413,73.2343013369783
mp-865713,Li2TlBi,30.009,22.827,32.13360744694318,15.115515210836032
mp-865714,Li2HgAu,40.536,7.09,46.691540528941154,19.56703467879784
mp-865717,Ti2ReIr,234.973,118.676,267.24562363459285,120.23598573210197
mp-865728,Ti2ReNi,194.083,80.092,228.75272245083852,91.2517219615337
mp-865730,TiZnAu2,133.602,28.603,148.195204994458,43.04159540588941
mp-865731,Li2HgPd,52.245,13.98,58.72253614928499,18.1414024898944
mp-865735,Li2YbGe,38.24,30.808,62.580312311913225,48.69147028965776
mp-865737,Li2InSn,35.36,14.569,33.585693382591884,20.068560806315375
mp-865738,LiPrHg2,47.688,9.986,50.79576653439163,24.075794352325687
mp-865739,YbCdAg2,53.798,15.429,80.63358081867482,28.15436360711834
mp-865742,YbCdHg2,41.342,11.442,78.36516026529019,28.96041362585838
mp-865743,Ga2IrRh,198.415,48.354,227.08897169852412,75.20133136024042
mp-865752,YbGa2Ir,119.704,390.759,131.3522294721446,51.69925261156899
mp-865753,YbErPd2,79.277,27.507,98.9162329957142,32.915782682459
mp-865756,YbGaPd2,94.214,9.818,127.21637003377108,36.25239470690861
mp-865757,YbGaRh2,130.602,55.665,165.79370145849828,64.55605650881776
mp-865759,YbHfRh2,134.565,38.75,160.23950545945246,50.63550219552408
mp-865768,Ti2MnOs,210.074,88.015,235.11595256104337,104.26868175980182
mp-865779,Ga2CoRu,188.326,88.172,192.77349841627571,93.05872779190553
mp-865780,TiMn2Ga,160.207,76.368,164.4044039996893,89.5316152666408
mp-865785,YbHfIr2,159.762,176.796,188.62018275267152,57.306103096569345
mp-865789,YbInAg2,55.757,21.769,85.87220622395395,35.19029811716334
mp-865790,YbInHg2,40.699,8.103,74.31575307875693,19.35814838337084
mp-865791,CrSiRu2,253.029,138.001,285.8972204367463,132.8155227119518
mp-865792,BeSiNi2,196.801,75.961,209.6340723380579,83.19938609376918
mp-865793,LiSc2Rh,85.14,30.034,91.38533664892186,32.89737242678696
mp-865795,LiSc2Ru,87.654,34.245,94.35497139857492,33.55640583602255
mp-865796,LuCdRh2,128.593,53.675,137.0973536949374,54.64059781902434
mp-865797,LuCo2Sn,127.341,69.17,141.62069283553632,80.85059072377064
mp-865799,Yb2AsAu,55.734,36.046,89.66752471659615,13.694064092237376
mp-865800,Yb2BiAu,45.488,26.674,73.71476111065589,3.0838614781184193
mp-865803,Ti2MoPt,194.966,87.695,221.74072675138785,84.92333491542519
mp-865805,TaZnCo2,201.21,81.324,224.7052180504577,87.07333106172797
mp-865806,LuGaCu2,94.234,31.195,109.22102559995184,50.86422497235908
mp-865807,Ti2MoIr,208.29,83.939,226.91891763448172,76.70347262777837
mp-865809,TiTc2Sb,210.128,97.116,229.36220342261316,102.00128223003588
mp-865810,TiTc2W,257.893,119.069,284.1084186615783,120.83498501998392
mp-865811,LaYbAg2,46.367,16.211,60.56069135886795,21.47319589560257
mp-865812,LiSmHg2,50.518,10.941,53.723890189948314,25.693199611510845
mp-865813,YbMgTl2,35.189,17.094,53.241637510248395,14.454017717471835
mp-865814,YbMgHg2,42.899,18.79,72.14978394060927,35.07670128198787
mp-865815,YbPd2Au,104.932,24.769,141.3656870103907,13.624500679359477
mp-865840,Ti2TcIr,223.944,110.73,243.7911918167478,111.33608542839212
mp-865841,YbPaPt2,118.801,28.281,134.79491973065498,24.988619504390588
mp-865842,Ti2OsRu,231.602,119.766,247.47633340295417,120.46989997850967
mp-865845,Yb2CuIr,69.855,33.64,113.46766679822352,48.08792255931842
mp-865846,LuHfRu2,163.884,74.76,171.88248437652354,70.68974520203363
mp-865847,Lu2CuPt,101.128,42.41,103.7118554550172,43.99256869399973
mp-865854,Yb2CuRh,54.848,25.194,103.37253372023224,44.04733416104916
mp-865855,Ac2SiPd,57.83,17.435,59.06531332333279,16.55466253770544
mp-865857,YbNbRu2,163.841,66.692,196.63948445046964,74.03634742560946
mp-865859,LaYbCd2,40.401,20.338,53.948204186706725,22.249140570439188
mp-865863,Li2TlPd,48.609,13.18,53.34187644541193,19.080140043260695
mp-865866,LiZrPt2,139.016,27.199,144.6911113185488,16.584825672948956
mp-865867,Li2YTl,41.319,32.362,49.01921833864818,38.74288749430371
mp-865868,LiZrRh2,137.351,45.895,141.59558609920282,52.095813092881535
mp-865869,Be2CuPt,173.915,70.542,187.577785526608,81.18254475477556
mp-865870,LiZr2Os,134.753,47.3,144.44629517439606,50.29976438170251
mp-865871,Li2ZnAu,46.741,4.542,49.97144389008554,14.339935356252392
mp-865872,LiZr2Re,126.874,37.587,133.95449497062475,49.50014222948325
mp-865874,Li2AgHg,37.398,9.484,42.951754103169975,17.88579337174972
mp-865876,Ti2TcOs,225.088,99.119,237.38665639544575,97.68321311842574
mp-865877,Ti2RePt,212.512,77.792,247.2494707257872,99.19604448878498
mp-865878,Ti2TcNi,168.312,73.802,205.72686587924937,83.07347337384144
mp-865879,Li2AgAu,49.503,17.539,54.3150273492865,19.62390966612961
mp-865884,LuInRh2,138.075,43.403,152.01795468549815,66.57915297032324
mp-865888,TiSnRu2,205.955,106.326,235.1714774005948,129.14491094812314
mp-865893,LiZr2Tc,117.351,26.476,120.0062813729795,38.9998697440803
mp-865894,YbPmAu2,68.459,25.776,90.20210152297612,30.403473905763537
mp-865895,GaGeRu2,203.806,74.202,216.30640436967275,94.56166886214008
mp-865896,YbPmAg2,51.003,21.554,65.6298857522759,24.18084506965607
mp-865897,Li2AcIn,35.03,19.316,37.50660701778067,29.06919187368721
mp-865898,TiZnCo2,180.042,89.75,195.29187601565195,95.47969298726645
mp-865901,BeCo2Si,226.523,132.598,232.58516682782545,141.5598576548653
mp-865903,YbPmPt2,91.912,34.918,110.68691140484898,34.00670090813394
mp-865904,BeSiIr2,268.28,105.257,311.92839440809314,146.01904889650004
mp-865908,Yb2HgPb,37.023,28.619,65.56835805384935,8.966726661435713
mp-865909,Yb2HgGe,44.342,32.244,75.33575532823231,13.39137965733549
mp-865912,LiZn2Rh,102.513,37.415,108.71093907661312,38.326921528330274
mp-865914,TiVTc2,226.153,95.113,258.59088311154954,93.9734076564792
mp-865916,TiVRe2,257.696,111.69,304.98923572571465,123.32130515389456
mp-865918,Yb2CdSn,36.108,25.303,63.115968468153355,7.360369348038363
mp-865919,MgAlAg2,80.359,21.024,88.04810073367244,31.760302434175152
mp-865920,YbPmZn2,45.614,29.381,65.91115999766423,33.44933694910436
mp-865921,MgAlIr2,188.646,106.717,217.78968430639856,126.76609952174915
mp-865924,LiZrAu2,103.353,5.343,109.15223467784332,38.11097321933218
mp-865925,LiZrIr2,164.912,53.838,180.06851922280205,71.28422172566692
mp-865926,Cd2PdRh,123.024,48.221,138.377282954978,42.92571919710432
mp-865928,Ti2TcPt,201.234,72.828,221.2140634446922,90.64839647857438
mp-865929,Cd2PtRh,136.955,44.683,152.6950516322508,38.90786515331386
mp-865930,TiZnCu2,130.031,52.34,148.05999453174925,68.20488946400194
mp-865931,Ti2TcPd,182.368,65.713,197.06066635908465,75.75256605466045
mp-865932,Li2CePb,46.894,33.556,42.81984657412412,34.17648182673905
mp-865933,LiSiIr2,230.966,127.917,253.7763470398972,128.81523235264083
mp-865935,Li2MgSn,34.883,21.546,35.90255307132146,25.106801207962647
mp-865936,LiSc2Tc,82.734,32.676,85.96583960538567,32.81808812254692
mp-865940,LiThAu2,83.821,9.884,82.23967422695056,24.273657620308693
mp-865944,ThSnRu2,152.686,51.878,180.22369456256487,51.45433728321186
mp-865947,YbPrAg2,54.172,18.108,63.85568134940104,23.014611386879498
mp-865948,Ti2ReRh,213.72,102.659,241.0928450272397,99.16351448718416
mp-865951,Ac2IrAu,75.286,17.573,76.1957485838266,22.214602268231985
mp-865952,AcTlAu2,59.76,10.319,61.14289492372837,17.500173091569582
mp-865957,AcSnAu2,70.36,14.645,71.25573321115209,22.156555408632368
mp-865963,LiGaAg2,66.916,27.563,73.67022633730095,29.770774245306654
mp-865964,Li2CaSn,34.099,27.664,39.359107394135776,34.37766063152045
mp-865965,Li2CaSi,40.875,29.73,44.78378384904706,43.74195171719564
mp-865966,BeAlIr2,237.931,124.518,261.7234479689546,142.6617319934326
mp-865968,CeAlAg2,68.397,13.835,79.92545730615767,31.690458813041545
mp-865969,LuReTc2,218.979,90.915,252.69250775486412,88.76537825914315
mp-865974,TmNi2Sn,117.1,32.569,124.45138067719044,57.14939908133369
mp-865978,YbPrHg2,48.488,21.802,64.69375979724921,21.750414209757043
mp-865979,AcMgCd2,43.051,14.378,45.77674877409817,26.808194331283993
mp-865982,TmCdPd2,102.769,28.97,113.21438045308967,28.126928993193513
mp-865983,TmCdHg2,64.458,20.768,72.57687334511336,24.874153312082175
mp-865984,BaTlHg2,26.909,8.57,30.468646019361408,11.648454201868956
mp-865986,Li2CaGe,37.315,26.755,42.09497643084801,40.80254569026554
mp-865987,Li2AgPd,56.116,10.22,62.71336991034018,24.000247235429107
mp-865989,Al2IrRu,218.535,127.182,242.4419402999823,139.21131136451126
mp-865991,YbSmZn2,45.837,29.126,66.73477234925186,33.576102834981036
mp-865992,YbSnRh2,126.934,36.271,168.52259925166717,60.96840788094347
mp-865993,YbSmRh2,90.68,29.843,113.7499781168008,35.42033013512707
mp-865994,YbScRh2,108.619,40.561,137.72615911609077,49.47136768667959
mp-865995,YbSnAu2,70.05,15.34,97.69924923827512,22.51633651116857
mp-865996,YbSbPd2,91.016,23.938,122.22362410866674,26.087164775080836
mp-865997,YbPrZn2,43.874,28.411,63.96661069517368,31.97389859025201
mp-865998,HfGaIr2,212.925,67.428,236.95575871117688,47.58831666577349
mp-865999,YbTlPd2,82.283,15.978,110.10132294825932,30.65315438330466
mp-866000,CaLaCd2,40.129,20.861,41.34828593882085,24.048570541594486
mp-866001,AlVRu2,236.108,125.212,282.1979406273231,141.73917661753546
mp-866002,YbTl2Cd,34.091,11.787,56.37217825819311,9.231565819888528
mp-866004,Er2InAg,65.736,30.299,68.45159810609212,27.27514632958883
mp-866005,Dy2TlCd,57.964,25.723,61.23017645159237,20.877360189964488
mp-866007,DyMgTl2,47.333,10.569,53.17164836444886,13.50454245923911
mp-866008,Dy2TlAg,61.975,25.22,65.90023803916688,23.77629722568476
mp-866012,Hf2ZnRe,160.36,60.682,188.9106846123623,72.04835878355658
mp-866014,CaSmHg2,49.261,25.27,52.40608559259644,26.234022793733423
mp-866015,CaPrZn2,43.686,26.267,44.32358078570194,28.91577169746493
mp-866018,Ac2ZnGe,47.092,21.003,49.25840379842393,15.602867296964847
mp-866020,YbSmHg2,50.682,25.265,66.98508448797955,22.538497502985688
mp-866024,Be2RhAu,183.765,27.888,207.24414174687544,94.01858524557352
mp-866026,ErNbOs2,202.723,87.3,227.48131691053487,96.9514952323703
mp-866031,Al2FeIr,203.229,110.178,194.56490620306164,122.42716797979278
mp-866033,AlZnRh2,184.832,92.448,203.42085660876597,99.57727647451468
mp-866037,GaNiRh2,173.642,64.205,222.95622984051553,80.62275406102248
mp-866051,HfFe2Sn,183.726,107.986,164.28006781290054,121.07361111210284
mp-866061,CaSmZn2,45.189,27.213,46.31221798077241,29.84763623120391
mp-866062,HfSiRu2,228.517,106.888,268.10612806727414,141.93797031535647
mp-866063,NdDyMg2,40.013,22.984,40.375018548300375,25.56083144735072
mp-866067,Nd2CdIn,50.858,21.146,53.97915014413455,18.712640935121527
mp-866069,MgScRh2,127.869,60.221,132.2768227225811,59.90299125033484
mp-866071,MgTaOs2,228.974,100.834,243.89492004605853,125.52129925455176
mp-866073,MgSnRh2,147.583,26.257,171.42231230033224,76.8363662462839
mp-866075,MgTaIr2,216.134,183.204,245.77129378641385,76.28879068204786
mp-866077,MgSc2Cd,57.839,33.262,63.287332566600874,34.10572250378126
mp-866079,MgSc2Ru,90.878,16.985,93.88979215489933,40.025432057497405
mp-866080,MgSc2Tl,58.309,23.613,63.92804917055998,26.252484857816288
mp-866081,MgSc2Os,105.142,25.439,111.15744437906082,46.000056165734605
mp-866082,MgSc2Tc,88.439,22.204,90.83052197092974,35.0591296494505
mp-866086,MgSiIr2,213.993,97.486,246.2024062067558,120.42803450050964
mp-866087,MgSiRh2,179.203,75.943,204.9011061020317,101.83904900467734
mp-866088,Hf2CoTc,177.082,84.695,200.23489205549217,89.46879103522339
mp-866094,HfZnCu2,129.32,43.166,144.37793339242688,63.71935958892448
mp-866103,Ac2MgSn,38.111,15.688,39.031779323946985,11.479687263074856
mp-866104,CaCdHg2,38.807,11.995,44.02791863226015,15.293582261018663
mp-866107,Ac2IrPd,77.317,20.378,78.6974949203178,18.879579103615853
mp-866109,HoNbOs2,200.406,84.188,225.28945726340044,92.80064072237192
mp-866112,HoNbRu2,173.786,66.781,193.1837443074266,67.15155051624619
mp-866114,HfTc2W,246.139,118.179,282.3793140236796,116.15110002385887
mp-866115,Be2PdRh,193.549,99.772,214.41126172177056,108.51597890808604
mp-866116,HoTaRu2,183.596,73.942,203.96898966849815,71.49620404417983
mp-866117,HfZnAu2,137.013,16.877,154.7534522610742,40.97125950281544
mp-866120,Tm2TlAg,66.273,29.296,68.57960463377609,26.965561495103483
mp-866125,LuTaRu2,190.885,87.342,212.99962628162857,82.81901161569425
mp-866127,LuTaOs2,218.717,102.576,253.64031185332323,113.02598552799384
mp-866128,NaTmTl2,37.535,23.164,39.6914866841558,22.66685825549756
mp-866131,Lu2TlAg,65.545,29.72,69.13982610989507,27.3610974714744
mp-866132,Na2TlSb,24.55,18.578,25.819024821481996,13.963284885014842
mp-866133,Lu2TlCd,60.239,21.558,63.92850669491114,21.506936913689113
mp-866138,LuSbRu2,168.296,88.091,207.74236838344544,105.92487275591807
mp-866139,TiBe2Ir,189.33,65.793,197.94070566619084,59.27083055435594
mp-866140,TiGaPd2,155.629,18.4,166.60652786845014,30.359606773192603
mp-866141,TiFe2Si,230.374,146.521,293.8058133255092,170.30131479254428
mp-866142,TiGaIr2,227.636,85.752,256.4901528317017,74.69410617187634
mp-866143,TiBeRh2,203.582,98.384,219.15725337383185,98.29118745525916
mp-866146,LiSm2Ir,74.686,30.036,79.47690715382922,33.132703124680965
mp-866150,LiSm2Os,74.266,31.695,77.78750717752563,35.52392158053717
mp-866152,TiBeCo2,191.214,104.999,201.56051896418916,107.05047880006396
mp-866154,TiBeIr2,241.903,121.444,277.3636196644453,133.0818555111748
mp-866155,TiAlRu2,209.627,91.984,235.59121829651264,117.37702497676624
mp-866156,YGaRh2,138.306,44.976,152.12541963946683,56.6553391881727
mp-866158,YLuMg2,43.556,23.614,45.43354733387982,27.80244153398114
mp-866159,YZrRu2,147.893,65.206,158.47035381886934,54.05054305868205
mp-866160,Y2AgIr,96.832,32.475,102.30706431002324,39.29041860237321
mp-866162,YMgAg2,64.686,13.385,66.05422636244536,29.226104168928327
mp-866163,YInRh2,127.682,37.6,141.81580416281736,58.12027270648184
mp-866164,YMgHg2,61.585,26.818,68.50137603862298,32.87080055274559
mp-866165,YMgRh2,109.638,47.658,112.81115871050598,47.72554312437904
mp-866166,Y2PdRu,102.15,37.213,108.27003342205244,38.28119290824502
mp-866168,TiInPd2,125.716,22.501,149.59304852149648,39.757566805938275
mp-866169,KTl2Bi,22.656,5.834,24.20295815999425,4.64018123143412
mp-866171,YMgAu2,83.086,20.128,83.40707108113165,34.21184038491321
mp-866173,Y2RuRh,111.433,46.33,119.2383117740464,43.069477939637125
mp-866174,ThSnAu2,99.611,17.763,111.93860220382608,21.78194356309648
mp-866175,Yb2CdIn,34.611,20.71,63.6924102023794,22.096291711525105
mp-866176,Li2PdAu,68.175,23.405,76.29906988924466,27.077143760039434
mp-866177,YbAgPd2,91.195,24.979,124.00829503632778,19.234574658625025
mp-866178,Li2NdAl,42.611,29.333,49.92751353390436,41.30228565391014
mp-866179,Li2NdTl,39.457,28.708,43.55360236862736,32.29790031445484
mp-866180,Li2YbPb,28.662,23.4,37.06327873537345,28.213090808252172
mp-866181,Li2NdIn,40.663,29.888,44.906916506500934,34.452316500388
mp-866183,Ti2ZnRe,168.977,62.502,196.6458204224841,73.24000517038839
mp-866185,CeCdAu2,74.979,2.402,81.37990588934551,28.39454438010487
mp-866187,Ti2ZnTc,158.023,47.873,176.92146014993315,63.92817943206769
mp-866188,TlCdRh2,137.541,51.879,156.29950460853607,52.613293441315136
mp-866191,Li2YbSi,42.316,33.395,70.0857432438393,56.881851209938354
mp-866192,Li2YbSn,34.107,29.306,49.10096635291223,40.45244320328463
mp-866193,Li2LaIn,37.747,26.277,41.47519131749814,33.98584832764233
mp-866194,Li2MgCd,28.998,20.86,33.25025863104019,19.254104526715725
mp-866196,Li2PrIn,38.333,27.925,45.98693764392961,35.43125592087392
mp-866202,Li2SnPt,67.708,29.364,76.45269465993469,29.62084636309554
mp-866203,AcYbHg2,42.483,17.216,57.15058374053109,20.958686067604965
mp-866204,Pm2SiHg,66.613,21.006,70.38739403140742,11.408493970168694
mp-866211,Lu2CdIn,59.863,20.582,64.88963248250225,23.630537768462695
mp-866213,TiTc2Mo,248.307,122.887,262.7067402742411,108.56907761439705
mp-866218,Ti2MnRh,191.897,80.041,217.846049918877,83.75906911221279
mp-866219,HfSnRu2,199.577,107.6,224.01990901007977,119.97812010831896
mp-866220,CaNdZn2,44.441,26.537,44.4493357025226,28.999829408720117
mp-866223,CaYHg2,52.306,27.182,55.71356104231839,28.554880227484553
mp-866224,Be2NiPt,197.731,63.503,215.16693015803895,106.62214223474749
mp-866225,AcMgHg2,48.779,13.617,50.07695148365596,24.54517879455273
mp-866227,CaNdRh2,82.434,27.763,90.64237019863154,27.242207323567193
mp-866228,CaDyHg2,51.03,26.726,54.84332345856956,28.01682029403919
mp-866229,Ca2SnHg,36.778,28.384,38.45126057136525,23.05465851255109
mp-866279,CaCdPd2,75.884,15.863,86.45085374583171,23.753838467259715
mp-866284,Al2IrOs,233.311,130.885,259.5084448480011,148.83705448098982
mp-866285,ErSnRu2,150.594,66.736,168.25681152709345,83.96362364641719
mp-866287,DySnAu2,88.94,15.162,97.0622466434392,20.83241553153407
mp-866288,BeVCo2,44.835,57.185,224.22217944361805,109.5831627729833
mp-866289,Ac2ZnSi,48.815,23.997,49.43540690625031,17.67608505646411
mp-866295,DyLuMg2,43.506,22.533,45.01125188865295,27.574377450605667
mp-866296,AlCuPd2,161.409,15.865,177.38874424524414,50.52654306109491
mp-866299,ErTaOs2,212.608,95.013,243.70823528227305,105.95044110151676
mp-866375,TiFe2Ge,210.464,127.259,263.0544893693612,159.7421653560851
mp-866376,TiMn2Ge,191.642,85.453,221.70141998907908,111.32315727871746
mp-867107,BeSiOs2,286.259,149.646,302.79760235419906,139.72814668431118
mp-867109,ScZn2Ag,84.013,35.169,89.91991136740106,38.92919373263749
mp-867110,Sc2CoOs,137.844,64.672,149.01449848592353,66.8755577918142
mp-867114,TaBeRu2,234.983,73.87,239.70592810061953,103.33095081739862
mp-867116,BeGaIr2,238.142,107.436,258.1150349096779,124.56799101845124
mp-867117,Sc2CuPt,112.788,44.091,120.87444467823258,47.00587513950956
mp-867118,LaSnAu2,77.314,21.755,81.99256157408365,23.078483136134366
mp-867119,LiHfPd2,117.376,19.867,124.3318179561388,28.07918636580029
mp-867120,TaMn2Al,201.123,107.903,242.6623749565309,126.19187049213023
mp-867121,LiY2Pt,71.412,30.073,78.00599391838921,35.56257472382191
mp-867123,TaTiOs2,267.946,94.516,282.53970576362224,110.70638464433029
mp-867125,Al2RuPt,201.068,97.729,234.99399312638263,114.08319187117978
mp-867127,ScCdAg2,80.644,26.055,85.70501627903151,28.60064426065113
mp-867128,Sm2PdRu,94.638,29.904,101.03107881830924,31.082781735829982
mp-867130,SmHoMg2,40.49,21.549,42.33765816426583,26.13615646391572
mp-867131,SmMgCd2,52.617,25.367,57.400920220192766,33.675284788912585
mp-867135,ScZnPd2,117.696,13.032,133.7326238793884,34.13490043796491
mp-867137,ScVRu2,194.203,87.109,223.24736768312545,87.73556711715942
mp-867144,CaMgHg2,40.504,17.74,44.78434424826432,21.459685416889407
mp-867145,LiHo2Ga,54.046,34.678,54.70348546312988,30.332604610881425
mp-867146,ScNbRu2,196.752,92.83,213.86229916295625,87.46000549501504
mp-867147,BaNaHg2,20.768,2.7,22.566871777117257,9.393273801220548
mp-867148,LiHfRh2,145.866,55.025,150.65676575731604,60.706217171976064
mp-867149,Sr2CdSn,29.052,22.989,28.873425677022347,18.122885662350168
mp-867156,ScGaRu2,167.594,62.044,167.9921720300125,70.90992191931612
mp-867157,SmCdHg2,60.568,13.446,67.30774398982834,25.08185981877455
mp-867159,SmDyMg2,40.294,21.856,41.774677582619454,25.948198938665456
mp-867160,LiCd2Au,64.741,16.546,71.38628666142937,19.347361336040972
mp-867163,Sr2AgPt,39.938,16.759,42.16457538106788,19.728758554524184
mp-867167,LiCa2Tl,26.242,14.441,27.64490398601091,18.447817966868516
mp-867169,Sr2SnHg,30.248,23.267,30.373511009970407,18.68158016814944
mp-867170,LiGaPt2,151.641,153.628,173.20736793377498,52.99411498098011
mp-867171,SrLi2Sn,30.554,21.366,35.47017511448102,32.86520419542313
mp-867172,SrMgTl2,29.945,8.433,31.501096122494065,16.633122332323854
mp-867177,PrCdHg2,57.938,18.366,65.97418212734891,24.899843730414513
mp-867178,PrMgCd2,50.25,23.368,55.62578458729487,32.882837633967384
mp-867181,SmMgHg2,59.687,25.006,64.82002582302256,31.25023291185175
mp-867182,Sm2ZnIr,86.846,30.325,90.69528803049774,34.0604301035449
mp-867186,CeZn2Ag,58.884,25.752,72.18240819533654,33.36537402391109
mp-867187,ScInIr2,175.784,79.491,198.32398753353925,82.5883173933085
mp-867191,Sm2TlCd,53.486,21.025,56.03028410178336,17.905042909169584
mp-867193,Sr2BiAu,35.078,20.738,34.05372843213242,17.861073383842168
mp-867196,LiCd2Pd,71.539,22.13,80.62905160048287,24.854068879756408
mp-867206,LiCd2Pt,84.2,23.689,92.45891973740372,27.16761557360662
mp-867207,Sr2HgPb,28.446,21.909,29.27083913597317,17.87832549639351
mp-867210,LiCa2Hg,26.023,12.698,27.447743199898767,15.576746337266146
mp-867211,LiCa2In,27.505,18.813,28.251711882538466,19.479800670550347
mp-867213,Er2OsPd,117.96,47.096,128.6182059392661,48.14845641681076
mp-867214,Er2IrRu,130.801,58.373,137.14939388292223,54.725692174427394
mp-867216,TaFeRu2,238.287,104.493,255.4850735103472,88.23267799976844
mp-867217,CaPrHg2,47.326,22.66,50.89670266218151,25.14405253214481
mp-867218,SmAgHg2,67.274,18.217,70.62646675129301,23.878425746108658
mp-867222,LiCa2Ir,48.032,26.111,49.77449851955566,24.46492841235823
mp-867223,LiGa2Ni,90.52,42.228,96.52638039400922,52.42380747321897
mp-867224,CaNdCd2,41.739,21.903,42.52828938087831,25.368239769356528
mp-867233,Sc2ZnIr,119.005,40.989,126.50721157127391,57.0818935113492
mp-867234,TbMgHg2,61.719,25.823,69.72308439007529,33.473649570911114
mp-867235,LiY2Ir,80.823,32.546,84.47114086367877,37.08959437503109
mp-867241,Ac2GePd,56.205,16.817,57.42763552004261,15.032426345535423
mp-867242,Sc2ZnGa,78.569,46.4,78.03721638516714,43.71248159642906
mp-867243,Sc2ZnOs,120.86,45.33,128.6207636718903,56.59866848746469
mp-867245,LaAgHg2,59.426,11.582,63.03147834194336,20.22875664342472
mp-867249,TaAlFe2,219.675,139.325,283.6019228316211,162.90711643365373
mp-867250,LiZn2Pd,87.893,26.455,92.01338227086474,27.335687093376603
mp-867251,LiZn2Pt,104.433,31.667,108.869228817647,32.75178164765922
mp-867252,LiZn2Ni,41.35,35.747,92.41377855728447,41.179719275551506
mp-867253,LiZn2Ir,116.817,40.679,126.1905363923225,45.00642765327365
mp-867254,SmAgAu2,84.99,12.155,92.5215857765412,20.386440459768412
mp-867255,LiZn2Au,80.793,20.303,86.98815059600405,25.6306521619035
mp-867257,CaPrCd2,40.978,21.552,43.00952296013942,25.49058880278717
mp-867258,LiZnPd2,109.393,50.885,122.42292981736044,48.04798862549555
mp-867260,CdAgPd2,115.666,10.784,130.18125711517266,29.42978596062269
mp-867263,ScCdHg2,68.137,23.311,75.21338439188939,22.31896303603098
mp-867266,CaMgTl2,33.477,10.983,35.493305722547866,16.47143106114062
mp-867267,LiHo2Pt,74.476,31.91,81.07801111699543,35.54411933053027
mp-867270,Be2CoPt,207.943,111.666,220.20267733162123,125.99227851663429
mp-867271,Be2CoNi,194.115,125.949,199.6114088778189,119.6858642231722
mp-867272,LiAlCu2,87.133,53.421,93.85930262718064,48.83077453006436
mp-867273,Be2CuIr,210.143,67.75,218.1386255244449,105.3110105171448
mp-867274,Be2CoIr,219.36,113.398,222.3959939742205,123.63996340335844
mp-867275,BeVOs2,276.013,123.705,295.8412455595818,134.44459579136915
mp-867277,Ho2MgAl,55.443,36.114,61.77265999179649,33.88952228615855
mp-867280,Be2IrPt,238.159,125.302,269.6389935827624,138.414406375386
mp-867285,LiTb2Ir,81.503,33.159,84.99089428035322,36.36402874686001
mp-867287,LiInAu2,76.048,20.793,79.02948217412346,17.30917718822352
mp-867292,Ga2RuRh,199.112,92.754,212.22404827700808,93.1362328172083
mp-867293,LiCo2Si,171.867,117.437,179.60132213576634,112.19037292855263
mp-867304,BeVFe2,212.177,107.484,208.93778841812028,111.27661637616134
mp-867306,AlCuAu2,134.721,18.751,151.97827428529482,21.687560224024704
mp-867307,Be2RuAu,193.573,99.781,222.23187041646904,105.62274105162668
mp-867308,InCuPd2,148.622,3.839,148.60981404500413,31.52250019752245
mp-867313,LiTmPt2,103.456,37.47,110.8631351683971,10.026261212346917
mp-867319,Al2CoIr,199.848,93.491,222.90878525527995,119.46966318470892
mp-867326,Al2RuRh,200.128,119.809,224.7766580233273,129.85290700788568
mp-867327,Hf2TcRu,193.02,91.598,206.2427839637968,86.00281013518993
mp-867330,Al2FeNi,163.496,89.022,170.30820598319917,107.56556113085678
mp-867338,AcCdAg2,52.821,4.795,55.2945151535163,17.53194729119262
mp-867346,ThCdHg2,72.453,16.677,86.25520962394307,27.21172695549389
mp-867349,Dy2MgTl,50.473,21.635,55.0674934470981,21.33819419039236
mp-867350,Ca2MgIn,30.387,20.709,30.893600662786785,21.216645264365244
mp-867353,ThCdAu2,99.567,19.368,102.19954616964591,30.561237319764917
mp-867361,CeTlAu2,83.944,20.109,76.54848717456242,22.496365106386968
mp-867372,ThCdAg2,82.451,19.287,81.37254786131378,29.26241663907017
mp-867422,AcPbAu2,65.405,17.124,65.64219828862949,19.77335892526231
mp-867507,TaGaFe2,222.56,126.478,253.5639958209253,138.68029568106664
mp-867748,ScSnRu2,169.616,80.239,184.66949769411033,95.61714607645926
mp-867751,Ca2AgSn,39.951,2.711,41.599622517641926,23.446052569243736
mp-867753,CuSbRh2,187.6,192.924,203.1173746959689,52.74358179661732
mp-867756,Sc2CuAu,97.087,36.068,101.78439457616682,40.85919773464419
mp-867761,Sc2CoRu,135.073,59.335,136.8217165022455,58.64109505791952
mp-867762,DyMgAu2,84.578,20.809,84.66556699568362,33.376657310531414
mp-867769,ScZnRh2,151.149,60.401,158.86597484853186,65.67017994822669
mp-867771,TaCuRh2,224.467,40.955,241.56384780883783,55.242597037141365
mp-867773,DyMgCd2,54.341,26.236,61.48636876474395,34.8059410500652
mp-867775,Al2NiRu,180.486,83.722,202.64427734311184,105.48483021674696
mp-867779,Ta2CrFe,231.932,99.304,278.84582287052035,101.5479054693149
mp-867786,ScNbOs2,220.674,108.258,250.7693610926049,117.4288645763251
mp-867788,TaGaOs2,268.88,122.335,296.0468358444957,141.39542859549363
mp-867794,Sc2CuIr,129.422,46.495,131.90499182787542,50.94337468112688
mp-867795,ScNbTc2,186.133,66.322,201.58304542101217,60.687671655153274
mp-867798,La2AgRu,71.667,8.445,73.43672077101607,19.959551051893772
mp-867799,Ca2BiAu,42.058,24.891,40.8809288611068,19.32749861558511
mp-867801,La2AgSn,49.213,17.588,53.78874215204647,13.297370489176418
mp-867802,Sc2CuOs,127.176,53.734,137.94155291480308,54.801993550995824
mp-867803,LiCa2Cd,23.718,11.67,25.612050192429408,15.333489887334032
mp-867805,LiCa2Ga,28.548,20.928,28.891353877857544,21.663239534870144
mp-867807,LiYTl2,41.8,16.305,48.812814504761015,23.62842479130527
mp-867810,LiYHg2,52.184,12.474,56.81063451095501,27.765121270161668
mp-867812,LiAlNi2,117.454,4.832,125.89291641398354,61.84971022689583
mp-867821,TaTiMn2,207.781,83.607,259.00363832325183,92.72412733266528
mp-867826,DyMgHg2,62.879,26.307,68.80823065956235,32.85771633024738
mp-867828,BeNbRu2,227.135,69.434,235.95435881624024,101.81968747191466
mp-867829,LiVRh2,179.191,80.647,193.15737183559347,73.71914488165967
mp-867834,LiHfPt2,146.996,23.595,153.95538082716055,25.439353299921873
mp-867835,BeSiRu2,247.221,122.52,240.79733765749089,115.74302301087955
mp-867837,BeCrRu2,254.421,103.767,280.2856320981991,125.89741336032957
mp-867840,BeFeRh2,206.038,87.815,210.0916866818013,98.38992847433104
mp-867842,ScInRh2,149.145,70.882,165.11241311469857,71.96151280462252
mp-867846,TaTiRe2,257.421,116.994,285.95193315229295,118.16138152792752
mp-867847,La2ZnRu,69.985,3.618,71.95475597328628,22.610788871823164
mp-867849,Ca2TlCd,32.155,19.163,34.5383888259175,21.385464373103105
mp-867850,ScMnRh2,149.04,62.195,171.74416468523384,63.43481446217357
mp-867853,SmCdAg2,67.735,8.012,69.7034472859549,22.652151515879176
mp-867854,Ca2ZnRh,48.691,21.138,50.74311771805713,22.04454127078187
mp-867859,Sm2IrRu,114.186,41.151,118.40961420136256,38.1609248624484
mp-867861,SmYMg2,40.002,21.373,42.349795788032985,26.097412059423256
mp-867862,SmMgAg2,62.849,6.665,62.47663590923364,25.949201364801784
mp-867867,SmMgAu2,78.669,0.457,80.1995301366225,30.553419599959135
mp-867868,Sm2AgIr,89.778,25.511,95.25729311324277,32.91554872698669
mp-867869,Sm2AgRu,83.326,27.293,86.27754568228069,31.616365093041747
mp-867872,LiCdAg2,58.234,8.994,65.89697044444482,17.101140268706867
mp-867873,LiTm2Al,53.804,35.568,57.57012883762292,37.75395238697835
mp-867874,BeVRu2,241.663,90.582,259.797099896785,111.0600219873847
mp-867876,SmTlAg2,65.15,19.196,68.02924317434658,21.421966306902792
mp-867878,AlFe2Si,214.474,123.796,234.90708135083764,157.19884401829148
mp-867881,ScTlRh2,143.099,59.512,163.02444828618945,60.98902927685682
mp-867882,SmCdAu2,82.573,7.809,84.27461146674327,25.886140836952418
mp-867887,Sm2CuIr,89.382,30.369,96.17111520762698,34.74758359417191
mp-867894,Sm2MgAl,50.087,30.872,55.822197328097054,29.59748755942582
mp-867895,Sm2CuRu,84.831,32.134,87.45874996858929,33.2769071951375
mp-867896,ScZnCu2,99.218,28.575,108.2974638559838,44.32267212984095
mp-867897,ScTaRu2,204.892,102.073,224.99594459168543,91.0670296382126
mp-867899,Sm2IrRh,110.279,24.382,113.86496705462152,30.47758911810539
mp-867901,ScTaTc2,194.629,73.091,207.8406040671927,58.743970560892926
mp-867902,LiSiRh2,186.513,102.23,205.67082004947727,101.94880816473076
mp-867904,AlGeRu2,214.114,94.027,220.64103069179663,110.59279762032668
mp-867908,LaBiAu2,73.505,12.425,78.70839821015306,16.229227798385306
mp-867909,ScCdRh2,139.152,50.956,149.216810631134,58.57225456046303
mp-867911,ScCdPd2,113.454,22.942,123.08329804729952,31.014354569912093
mp-867915,ScGaCo2,149.332,87.694,159.48685446852747,89.14177966527232
mp-867916,ScGaIr2,192.627,94.927,218.5080174611548,93.884212854458
mp-867917,CuGeRh2,199.92,66.761,229.61899531042368,80.28531331967785
mp-867919,ErNbRu2,177.241,70.762,196.31614111605705,70.39555822683005
mp-867921,Sm2ZnRu,81.483,24.579,82.35796849333097,33.63887919351405
mp-867922,ScAlRh2,163.077,82.681,182.96328883415396,88.18145744627208
mp-867923,ScGaPt2,151.349,0.02,160.66806638136924,11.174050214286025
mp-867924,LiCdPd2,93.448,30.879,100.23427318597103,26.118170939588783
mp-867925,SrAcHg2,37.418,18.913,39.44148056655966,20.011662293965735
mp-867927,LiVIr2,223.046,108.216,251.64536723584956,103.71157956206424
mp-867928,ScGaRh2,163.021,75.808,181.90222947028255,77.46828611571817
mp-867978,SmInRh2,121.874,38.283,135.9197215337003,50.43085358935814
mp-867979,LaInHg2,52.025,11.561,62.65645369698424,20.305193812669028
mp-867985,SmPbAu2,77.954,18.567,83.7380106183691,18.240202699242634
mp-8812,Rb2GeF6,17.736,7.65,64.86540841526639,33.5001426139218
mp-9262,Cs2PtF6,11.837,7.232,60.996678689616914,27.175252082228543
mp-9472,LiAg2Ge,64.676,17.417,72.67918682412972,23.703542721123412
mp-971702,YbNdCd2,42.101,21.937,55.5497183065339,22.779477876435976
mp-971705,Tm2MgTl,51.653,19.59,57.04188365810523,23.510361242545144
mp-971738,ZnCuNi2,155.672,56.716,172.31714663878094,52.93512814184269
mp-971739,ZnCuPt2,183.726,55.834,211.4330490714896,50.8036835934209
mp-971799,DyYHg2,66.15,27.672,70.52972805243601,25.52965211424188
mp-971827,Zn2CuPt,142.949,3.265,154.81538456286611,23.844275490455185
mp-971836,Zn2NiIr,176.569,56.286,188.25995231177612,62.37781539802882
mp-971891,Zn2PdAu,128.444,18.995,141.42787821507744,22.495547645925665
mp-971922,DyYAl2,65.046,36.907,75.04179201606736,27.783146562739383
mp-971924,DyYAg2,67.395,33.808,70.71943792128364,27.16319945191239
mp-971979,Tm2ZnAg,68.975,31.805,71.19962564041187,32.034217511515784
mp-971985,TbAlCu2,92.528,23.388,102.97273362751564,53.397032848247896
mp-972062,YbTmHg2,53.312,25.438,73.42176253210225,27.123252435585467
mp-972119,SrCaTl2,28.313,16.901,29.85359288722809,18.86424870667997
mp-972180,YbMgIn2,37.737,17.921,54.64143252855353,13.074690962424244
mp-972183,ZrGaPd2,146.226,5.176,158.49327697816074,26.218398144324315
mp-972205,V2MoOs,263.582,116.67,307.41364477389067,117.46972870677476
mp-972209,Ta2TcW,250.356,104.672,298.8444632152493,105.6496640612122
mp-972217,Ti2CuTc,167.17,52.288,188.57619025893936,64.74698232662149
mp-972238,Ti2VIr,179.691,84.534,211.1942855901516,75.06297997044149
mp-972241,Ti2ReTc,217.331,83.786,218.18859455089773,66.51210272621316
mp-972244,Tm2ZnGa,68.836,41.351,71.75549297602056,33.59116657474375
mp-972274,Tm2ZnHg,68.285,32.424,70.6481481235845,30.41648682106871
mp-972275,Ti2ReRu,219.69,93.59,237.3771418271301,92.3511953149874
mp-972323,TaNbTc2,251.053,123.911,273.8656314407497,111.72052798618128
mp-972337,Ti2IrW,216.082,92.111,255.7187036209272,88.80995719931614
mp-972370,Yb2InHg,36.324,18.49,68.62481335841288,21.40426702871855
mp-972396,Ti2MnRe,230.659,71.729,219.1129204047812,83.62585944654492
mp-972415,YErAl2,65.872,36.138,74.14274948601704,28.644134132180707
mp-972420,YErAg2,68.674,35.034,73.19235071086914,29.010473165197755
mp-972455,TmLuIn2,57.35,15.051,67.48895315083819,14.016367163272545
mp-972504,Sm2AlZn,56.309,31.189,64.00400377248228,26.873780339283353
mp-972511,Sm2AgSn,62.377,21.731,65.47044394403434,16.06188632278395
mp-972522,SmTmZn2,58.598,27.032,65.67634094817795,31.613546630446013
mp-972526,SmSnAu2,84.809,17.723,92.92079033750704,22.218236445517615
mp-972528,SmYAg2,63.294,27.002,66.30502079586833,23.84016470519368
mp-972530,Sm2AgRh,79.206,21.569,83.99317454461202,27.775811662255332
mp-972536,Sm2TlAg,57.182,18.836,59.16295241451644,18.91810103700691
mp-972540,SmYZn2,59.049,27.058,63.42409054833825,30.658080428324077
mp-972541,SmTmTl2,52.625,15.513,62.29742243961701,10.94442562334432
mp-972601,SmLuMg2,40.91,22.235,42.53017883241669,26.437843253076966
mp-972623,SmHgAu2,83.971,11.832,85.07992178454815,19.676165627007983
mp-972635,SmErHg2,62.653,21.019,65.76577709665868,22.55149032834838
mp-972640,SmDyZn2,57.307,27.83,62.7053905910529,29.471596013020605
mp-972641,SmHoIr2,127.431,124.147,129.2760588139029,35.36530888548736
mp-972653,SmHoTl2,52.516,15.194,62.58822717042542,10.505518761639392
mp-972657,SmBiAu2,81.328,9.128,87.35934092958499,11.639099288745658
mp-972810,SiTc2W,286.173,99.977,324.07613369252965,129.01858441116818
mp-972861,Sc2TlTc,103.541,32.002,109.67369279281718,50.841020978216974
mp-972866,Sc2PdAu,107.16,28.725,110.933520296165,37.659011322879074
mp-972869,Sc2GaPt,107.133,36.88,108.7637839712828,45.05747532560017
mp-972877,Sc2AlIr,117.54,51.8,129.81959653984254,63.57990285329618
mp-972879,Sc2RuAu,125.306,30.673,138.28674845532646,46.975416864792585
mp-972882,Sc2CdAg,72.853,31.094,76.87941633266816,33.358929351811
mp-972884,Sc2AlCu,81.231,38.357,81.2906732971229,44.69068928159019
mp-972898,Sc2GaAu,90.144,35.177,90.97549403445709,36.09489851836153
mp-972899,Sc2GaIr,118.555,47.121,127.51679384877043,59.3663760087611
mp-972907,Sc2AlAg,78.735,34.736,76.6658355211399,35.22115079717961
mp-972914,Sc2AlCd,72.984,37.11,76.12318691743702,37.759464538731784
mp-972925,ScZn2Au,98.751,37.129,107.60961784080784,41.310335329362545
mp-972945,HoErAg2,69.968,35.826,73.01781600743455,29.3906017717675
mp-972949,LaSmZn2,49.862,26.851,53.11191833370586,24.966265511090658
mp-972957,ScTiRu2,177.267,77.929,186.9500669829584,76.69445608251566
mp-972960,La2IrAu,86.527,12.239,86.7488691089141,19.076476909363617
mp-972961,Sc2NiRh,118.07,40.973,125.00776906957395,43.60011882259547
mp-972966,Sc2OsAu,135.881,36.621,150.75773743614022,52.6763371131756
mp-972970,ScSiRh2,179.189,40.67,204.50636881865233,78.62561459545573
mp-972984,HoErAl2,67.462,36.47,74.01643400988297,26.983593460671216
mp-973056,Na2CdHg,17.144,7.485,17.627098215471392,4.215870630510491
mp-973058,LiLu2Al,54.59,35.495,57.95086308395447,40.274522811945324
mp-973066,ScGeRh2,172.9,161.339,187.08203279677863,60.67883973515121
mp-973067,ScGa2Ru,128.767,23.656,139.16238607236988,18.26973328606003
mp-973088,MgInAg2,68.284,19.238,71.71012704550252,17.260832711145326
mp-973109,NdYIr2,120.551,64.194,127.30785340357065,33.11229922686704
mp-973133,ScCuPd2,127.319,285.597,144.92495961350127,25.799385060694757
mp-973141,ScCdCu2,90.97,37.258,100.08820787831525,40.310623153969686
mp-973142,ScZn2Pd,104.061,33.304,110.69042568635538,25.002093539533305
mp-973153,ScAlPt2,157.156,14.097,165.46342463167153,35.479896753156815
mp-973256,LaMgTl2,44.465,15.15,51.39263763544073,16.891967934699753
mp-973270,Ho2RuAu,104.31,35.688,110.94345777123075,38.15838041337204
mp-973276,HoLuCd2,59.674,28.768,61.4498298218398,27.501525200240877
mp-973325,Li2MgGe,38.78,25.839,42.10850010661335,31.246038613334825
mp-973343,Li2MgHg,30.915,18.917,35.86340188462006,18.47716422925822
mp-973432,LuScRh2,130.571,46.272,135.53124627843684,50.60653333545491
mp-973434,Hf2IrRu,199.022,376.325,219.2285416126796,68.87357806860616
mp-973442,Lu2AgPt,99.763,35.918,101.77540026885949,40.3946299184435
mp-973443,Hf2ReTc,199.747,79.557,206.13037285341036,72.30023072060959
mp-973538,Lu2AlZn,67.89,40.238,70.1581120929058,36.53606739967659
mp-973561,LiCe2Ru,65.477,6.7,66.27352394703043,14.94064058317432
mp-973564,La2TlZn,45.039,16.18,49.10597938101813,16.56174386515817
mp-973572,La2TlHg,48.249,17.844,49.89044590620915,13.223133726586266
mp-973606,Nd2IrAu,92.21,24.25,97.19454165734324,26.763299081790596
mp-973636,Lu2ZnGa,68.94,40.108,71.16150913862157,33.526385941118875
mp-973646,Lu2ZnHg,70.073,32.936,70.01730794979132,31.000984256603708
mp-973653,Lu2ZnAg,69.957,32.871,72.23893280503444,34.45358235024165
mp-973734,Lu2InHg,65.863,24.399,68.2424027369012,21.07157053877804
mp-973771,Lu2MgHg,57.128,25.804,56.77110717149564,25.18803337296426
mp-973826,LiHoSn2,46.456,79.056,50.68065394829516,-146.22013291779092
mp-973841,LiHo2Al,51.616,33.455,55.745464855847786,34.39118074542483
mp-973847,La2ZnGa,47.145,25.569,54.4667711572865,21.65812087440269
mp-973874,LiLa2Al,36.572,21.112,38.73197589290654,20.32211702633648
mp-973887,LaPrHg2,51.146,17.531,55.99137819034866,17.530495764620497
mp-973890,HoHfRu2,157.415,71.534,164.94338743602023,62.40563798048392
mp-973893,Lu2TlHg,63.57,21.382,67.45384378251684,20.210165422625415
mp-973894,LaNdZn2,47.768,27.055,51.733201530117825,24.22605947099594
mp-973910,PaAlCu2,112.124,27.647,138.00994818617838,62.204811999752515
mp-973956,Lu2CdAg,66.319,28.195,69.55708282004576,30.734424119118938
mp-973957,La2ZnAg,48.916,16.435,49.59090590843707,16.942712617810788
mp-973979,LiFePd2,119.616,34.793,129.48612857886127,46.732426599864986
mp-974063,HoScRu2,130.162,51.077,131.42794692719508,43.85587624665443
mp-974221,HoErTl2,52.564,13.122,64.55114289912764,12.21292464330782
mp-974253,HoErZn2,62.845,30.971,67.02685611032965,35.29718960629151
mp-974387,Nd2AgHg,56.88,17.033,58.94289231906919,18.86659608619947
mp-974517,NdErMg2,40.097,22.854,40.89975834978129,26.08156103822745
mp-974523,NdErTl2,51.522,14.981,59.57622742254202,11.255947064628698
mp-974527,NdSmZn2,53.007,28.981,58.70099158970295,26.49891079028299
mp-974583,NdSmIr2,116.681,217.193,121.33245798859654,29.25197051098416
mp-974638,NdErZn2,57.029,27.584,62.81069120812732,29.661915957236808
mp-974642,LiAg2Pb,47.164,8.871,52.84841252986833,9.311691796917488
mp-974708,NdTmTl2,52.034,16.032,59.922524496184714,10.89195229787022
mp-974782,NdTlAg2,62.88,18.307,65.23820278690665,21.95114378740426
mp-974943,HfZrTc2,182.079,71.432,187.854987745836,56.999907824006435
mp-974973,HfZrZn2,109.761,49.601,124.12186742961904,39.67810800456541
mp-975049,NdSmHg2,57.477,18.171,60.43547235377056,19.27708530022492
mp-975176,Rb2HgAu,10.354,4.825,9.939214436490866,4.477357402350628
mp-975275,RbNa2Sb,17.884,10.261,20.428048099175527,14.880363992882494
mp-975368,LiCa2Mg,20.611,9.154,21.834396370318625,13.088078426515116
mp-975515,NdLuMg2,40.599,23.058,41.058981840679586,26.152388084331623
mp-975518,NdLuIn2,55.675,20.488,63.10399100051028,14.075335446904964
mp-975522,NdLuTl2,52.906,17.653,59.20561703490365,10.977845689904614
mp-975608,Li2TlPt,56.12,17.316,61.19339326313217,21.949580845620577
mp-975609,Li2TlPb,29.094,2.173,32.41466463490462,15.568162892934058
mp-975650,Pr2ZnHg,52.434,21.09,56.577971773313415,19.79834164644899
mp-975656,Pr2NiIr,62.475,28.516,96.71367998710744,26.015816104623465
mp-975769,PrYZn2,55.032,27.633,60.224278108631474,28.598776252153872
mp-975788,Pr2AgHg,54.491,17.233,57.923883707800194,17.65239854644614
mp-975793,PrTmTl2,51.881,16.163,60.18809761312803,10.536457901602208
mp-975801,PrTlAg2,61.809,18.365,64.58247926716618,21.54658562505252
mp-975822,PrNdZn2,51.524,27.862,56.50150795269469,25.44725521227825
mp-975848,PrNdMg2,37.416,22.948,38.72946464873373,23.818857198993168
mp-975880,PrSmMg2,38.321,23.158,39.791215965950514,24.611515522986043
mp-975883,PrNdHg2,55.153,18.684,58.68538874526371,18.656864248797447
mp-975896,PrNdTl2,50.892,16.497,55.38675032201834,9.0497787857399
mp-975920,PrSmTl2,51.835,17.144,57.1286990733781,9.777934360875344
mp-975932,PrLuIn2,55.104,20.724,64.034785991612,13.762499503639496
mp-975933,NdHoIn2,55.325,21.051,63.11322862687348,13.97567800239347
mp-975972,PrLuMg2,41.51,23.46,40.830973031815304,25.810376388552765
mp-975997,NaLi2Pb,22.028,13.808,23.156327672355253,15.891565932928993
mp-976008,NdTmMg2,40.406,22.702,41.04125345454532,25.989144704520456
mp-976030,PrHoMg2,39.674,23.12,40.86971573591209,25.646154589677153
mp-976076,NaAc2Sn,33.683,15.328,31.775152371214865,12.502681518773032
mp-976082,Mn2GaW,240.29,114.133,254.9457727457744,118.68572655908656
mp-976114,Li2CdHg,30.724,12.342,37.727945747353985,18.218147650394677
mp-976125,PrGaAu2,75.216,152.053,80.55212683981584,20.402679954395943
mp-976129,PrErZn2,55.889,27.557,60.27319679915798,28.61151184310269
mp-976142,PrDyTl2,54.819,16.048,59.63638092354432,10.475268044696094
mp-976151,PrErMg2,39.817,23.028,41.12331463619792,26.025425129035938
mp-976159,PrErIn2,54.562,20.646,63.835592956014025,14.618242914591695
mp-976220,NaCdHg2,24.122,8.211,27.594344203535087,7.80788607247266
mp-976236,NaCaTl2,24.373,11.459,26.146170518297676,14.146442764597882
mp-976259,LiTmRh2,103.934,38.993,104.60264920242766,44.08814325831843
mp-976260,LiTm2Au,64.88,35.495,66.19429421601693,31.85112876896748
mp-976261,NaCa2In,24.704,15.823,24.88957372058761,16.454442601633442
mp-976265,Hf2OsPd,187.278,51.58,204.6712273060321,57.404359274499306
mp-976289,NaCd2Au,49.057,7.419,54.76680267067947,13.177434537826466
mp-976330,LiZr2Ir,131.667,40.126,141.57532080479183,49.6116042432093
mp-976333,Li2AcTl,33.082,14.653,35.31350167952594,26.668100103824717
mp-976341,Nd2ZnAg,54.104,21.056,55.84893938767565,20.01058143446666
mp-976343,HoErPd2,92.604,26.844,96.3792387534744,29.9060692014949
mp-976344,Nd2ZnGa,54.936,26.014,61.902797233467886,23.589471378224893
mp-976426,LiLuHg2,54.534,16.026,59.07823432104059,27.177343317220384
mp-976596,LiLu2Ga,56.068,37.55,55.58175399250784,34.22391967137639
mp-976598,LiHf2Ir,142.948,57.973,155.5623493604343,61.96089138477276
mp-976600,LiHf2Tc,127.886,38.137,135.80529775429235,52.35111155262048
mp-976744,LiEr2Tl,50.836,28.817,52.097360520473494,24.19118909688698
mp-976793,LiEr2Ga,54.254,36.081,54.99479340809061,32.19540392395497
mp-976884,PrBiPd2,88.095,11.465,89.93960746016798,22.27057469271682
mp-977110,NaSnPd2,80.165,24.056,92.2306368053524,31.729373829474437
mp-977143,LaDyRu2,101.916,33.847,106.79665017756504,29.413489255744608
mp-977187,La2MgTl,40.649,16.716,41.88085202956952,14.147627220089742
mp-977352,ThMgZn2,67.816,23.653,73.45063795766377,43.41670455733912
mp-977353,Ta2ReMo,256.583,110.354,293.4247346579506,106.39088572684577
mp-977354,HoTaOs2,210.79,91.004,240.4051010743894,101.231917190226
mp-977356,ZnGaIr2,216.901,92.854,243.86628747467807,100.21914792678534
mp-977358,Ho2AgIr,101.795,33.565,105.86810513653444,39.7813693686498
mp-977362,ZnGaRh2,177.634,83.13,199.52854571882173,86.81458766473772
mp-977363,Ta2TcMo,242.63,102.984,276.96137550770436,93.97688585918333
mp-977367,CdInRh2,144.382,59.398,164.00132530386887,63.26677481329712
mp-977369,HoMgHg2,62.805,26.252,67.95987485912764,32.68962999974229
mp-977372,Pm2SnHg,58.633,19.612,63.17201893882059,9.60279263763217
mp-977374,LiLuPd2,84.798,0.971,89.24268198474452,20.50722941990892
mp-977376,TbCdAu2,87.541,21.331,91.21373447068314,27.025602031646255
mp-977380,LiMg2Pd,57.675,25.898,60.76742548768975,31.489278480317285
mp-977382,Ta2VRu,227.823,82.513,269.1036808852954,82.82931291516435
mp-977384,ZnSiRh2,204.49,66.124,238.2502154112445,94.64483310739
mp-977391,LiNd2Os,73.027,30.528,74.52141886695186,31.423117161329035
mp-977392,Ho2MgIn,53.469,28.17,58.566295253672656,25.823929176179828
mp-977396,TbMgRh2,113.246,45.839,113.49686877192018,46.901532396928175
mp-977398,TbCdAg2,71.476,11.975,74.48333320360621,23.312683587364972
mp-977399,LiMgPd2,84.673,40.498,90.00309828824311,35.952737198461556
mp-977401,NbGaRu2,233.221,106.447,257.78075555779054,116.54484471810406
mp-977404,Nd2AgIr,83.856,20.958,86.74219975906205,27.306120495150022
mp-977407,Hf2ReRh,197.44,92.43,228.38651043607743,93.85390663139728
mp-977415,HoCdAu2,89.835,22.834,91.68779800287004,27.933439788507524
mp-977416,Er2AgIr,103.391,34.938,108.7244206902854,41.51013351539394
mp-977418,LiMgAu2,68.967,18.185,74.57273592931293,23.48848933358418
mp-977421,TbGaRh2,132.553,44.279,152.8645413341902,54.69420449487588
mp-977425,Ta2CrRu,243.884,104.198,301.18923200149163,107.46240458257056
mp-977427,Zn2PtRh,174.554,67.06,194.60474828519955,71.26237375715097
mp-977430,MgNbRu2,188.842,81.355,201.5094728103936,96.345544296401
mp-977435,ZrAlRh2,179.07,249.566,195.91887581055357,69.98572022065953
mp-977436,ZrAlRu2,188.517,75.849,199.3316161650501,96.99699256312654
mp-977438,MgInRh2,136.968,68.715,150.42407762026045,74.39659704931015
mp-977439,Ce2ZnPb,35.63,16.368,46.6323237622814,-1.840031914608865
mp-977440,LiTiPt2,148.971,47.643,167.25932861095788,37.550713114799585
mp-977442,Yb2ZnGa,37.583,26.477,70.27548325339427,35.70422428959898
mp-977443,ZrGeRu2,205.066,90.314,229.5063770904895,101.01418575321316
mp-977444,PaAgAu2,121.198,16.372,123.67816788619903,30.684799094332984
mp-977445,Nd2ZnIr,80.699,26.458,86.11499690010578,29.472416986527215
mp-977462,ZrCdAu2,121.203,33.045,137.75489322002736,44.822766781317135
mp-977463,MgMnRh2,136.68,56.653,156.9109915523219,79.04143894397477
mp-977534,ZrNbTc2,203.512,77.459,231.70406922721176,85.1039461356608
mp-977537,ZrCdRh2,161.156,52.302,178.4648568809343,59.62722112052263
mp-977541,Hf2TcOs,206.099,92.747,225.6629713617754,102.24593344269452
mp-977542,LiTbTl2,42.072,17.115,49.01610360616341,23.98428716421673
mp-977545,ZrTc2W,238.342,113.467,264.89560276951573,102.45061418845724
mp-977546,Pm2ZnGa,56.628,28.549,63.52648785176422,24.13335559684561
mp-977547,MgZnRh2,140.599,62.854,147.681187635179,69.75380434938002
mp-977549,Zr2OsRu,196.255,91.155,218.61156530723807,86.77336644473831
mp-977550,ZrScOs2,188.108,91.242,207.79088041569707,97.38284878621576
mp-977553,Yb2PtAu,63.365,20.657,107.21428827191698,40.83114316998358
mp-977554,MgScAg2,72.567,28.927,74.9881744126751,33.1555239165459
mp-977561,LiTaIr2,222.448,100.908,238.4768163996184,90.02715286917422
mp-977562,NdCdAu2,79.109,0.078,80.45179340341843,25.25257744712221
mp-977563,LiNbIr2,209.556,85.649,225.37407345832037,82.35781185699881
mp-977565,NdBiAu2,78.758,9.338,84.47514212595915,13.076641533994485
mp-977566,MgScPd2,101.961,30.299,106.71229155705502,35.42151002606951
mp-977568,ZrSnPd2,142.057,14.39,153.9018364922751,32.45139406382483
mp-977570,LiPr2Os,70.817,28.583,71.69727415378578,27.54102818634655
mp-977572,Hf2MnRh,175.266,73.696,194.4727038851819,76.85461632253134
mp-977578,Zr2TcPd,159.375,52.852,174.76834516298987,56.79849970519278
mp-977580,MgSc2Al,64.52,43.212,68.38530294445572,44.82576439648387
mp-977582,ZrZnRh2,172.759,59.624,186.40090348220377,66.11583908252425
mp-977583,LiNpIr2,183.332,197.522,171.84841111923495,6.778942393708243
mp-977589,Tm2TlCd,60.245,24.389,63.628202284645376,23.081697101842177
mp-978083,Pr2ZnAg,52.345,20.487,54.57887734007771,18.974308168753197
mp-978085,Pr2TlAg,52.072,15.917,55.0192383295578,16.030365633363136
mp-978089,Pr2IrAu,89.437,21.893,95.4865483266254,25.912572125293963
mp-978095,Pr2CdPb,50.071,18.011,54.71036424124949,9.354391380518152
mp-978100,Pr2InAg,51.212,15.684,55.8903685134849,17.344601316843647
mp-978256,Mg2TlPb,35.144,4.9350000000000005,35.738126708611645,7.445469716364047
mp-978261,MnBe2Co,172.297,95.017,174.33675207373804,83.86854498905593
mp-978265,Mg2ZnPd,72.28,25.948,80.10392506869653,29.57940075844836
mp-978267,Mg2ZnRh,84.27,29.257,94.64737849193638,30.81032551222163
mp-978500,Si2TcOs,264.313,95.512,271.51086887583807,129.28090305662218
mp-978513,SmErMg2,40.708,21.424,42.377479489056874,26.462011058507308
mp-978515,SmYAl2,61.458,35.85,73.93081258027775,25.30476106600725
mp-978519,Sm2AlCd,56.287,28.563,61.63202363185352,22.97851670858593
mp-978523,Sc2ZnCu,81.396,42.953,84.1439542959613,44.73079009366836
mp-978527,SmDyTl2,54.144,16.825,61.81537139913217,10.761576473779408
mp-978529,SmTmHg2,63.549,22.229,67.24542588620089,22.509952988293485
mp-978537,SmHoZn2,57.325,27.18,64.50972478154097,30.63801119190338
mp-978542,SmErIn2,55.814,20.911,65.43217040300712,15.010586809050254
mp-978543,SmErTl2,52.76,14.781,62.10843467007184,11.334459498086298
mp-978545,Sm2AgHg,59.622,18.699,62.813681463138565,20.205288647043236
mp-978547,SmLuIn2,56.065,20.047,65.39083140288467,14.0183488058621
mp-978549,SmLuZn2,59.305,29.737,65.01649500062362,32.51925063405458
mp-978555,Sm2CdIr,83.241,23.106,88.58123994226813,32.1174670394795
mp-978557,SmDyHg2,61.688,18.658,65.4829845129308,21.516316286028225
mp-978563,SmHoIn2,56.394,21.466,65.63322782155821,14.075258055748185
mp-978564,SmYTl2,53.46,17.948,61.99744852344397,10.73987613841323
mp-978624,Sm2MgIr,75.698,18.839,79.86103531417871,32.232256724063575
mp-978625,Sm2MgTl,46.667,21.479,50.90148445312202,19.190450499938496
mp-978796,SmDyIn2,56.106,22.203,64.92053002777494,14.510666628558344
mp-978807,Sm2TlHg,57.031,20.78,59.42963618408026,16.20475456560262
mp-978808,Sm2ZnGa,58.628,30.881,64.32524719697619,25.458563519637437
mp-978815,Sm2TlZn,55.425,22.421,58.66459864682496,19.980010619969377
mp-978824,Sm2RuAu,93.022,29.788,97.39352718918236,30.63989208569964
mp-978833,SmYIn2,55.99,22.726,65.42067035520797,14.530081395664286
mp-978907,TbTlAg2,68.02,20.09,71.61914802013864,20.764569932561585
mp-978911,TbYHg2,64.962,27.122,70.00062804277317,25.393261626322353
mp-978929,SrAcZn2,34.157,22.956,33.246734901493845,22.96542787781968
mp-978950,Sm2ZnIn,55.434,26.257,58.64574869886543,22.366292196731628
mp-978953,SrAcTl2,33.088,16.505,34.130818132724464,15.205901418763895
mp-978973,Sm2ZnHg,56.78,20.46,60.43805833750172,21.32174710258388
mp-978975,TbYTl2,54.245,16.993,64.33523689711072,11.671271893569395
mp-978976,Ti6Al16Pt7,131.544,38.65,160.2038579579218,95.51586083995196
mp-978988,TbTmHg2,68.08,27.068,70.48180114028445,25.413284014891794
mp-978995,TmMnRh2,135.403,49.453,155.93261018892105,56.04897856224097
mp-979044,Tm2CuAu,86.553,40.594,88.95285258651369,37.69275879858652
mp-979057,Sm2ZnAg,57.911,22.245,60.199328048190594,21.48414055764775
mp-979073,TmMg2Sc,46.104,24.536,49.37290470540078,29.669643438950747
mp-979176,Tm2AgHg,71.509,28.734,74.72765501835336,30.45822242094462
mp-979258,Tm2CdHg,65.115,28.297,67.6742707129888,27.423037918665333
mp-979267,Ta2FeMo,231.554,107.068,268.9930578930243,101.2195940851408
mp-979270,Tb2AgIr,96.964,31.058,103.03338699992108,37.558813285731866
mp-979287,TbLuHg2,67.917,26.88,70.78703688511293,25.664023589852697
mp-979417,DyYCd2,56.229,24.488,60.21753329026697,26.902564449000437
mp-979421,YErZn2,61.225,31.495,66.61973075584586,35.31698780805213
mp-979422,YGaAu2,85.925,3.029,92.30960547055004,22.625955332985615
mp-979424,YErIn2,57.035,21.058,67.66345380172122,16.018961334100947
mp-979425,YHoAg2,68.344,34.495,71.73178590305953,27.985957360325983
mp-979427,YHoZn2,60.525,30.364,66.43634502175165,34.55085390971814
mp-979429,YHoCd2,57.371,26.801,60.99790744099096,27.350693807080404
mp-979430,YLuTl2,55.052,16.293,63.57896566864404,11.598775282472875
mp-979431,YLuZn2,62.844,35.072,66.630524755091,36.88340007164158
mp-979434,DyYTl2,54.087,16.268,64.1184620372089,11.887129140987094
mp-979435,YMg2Sc,44.842,25.076,49.07793855350447,29.742312043110623
mp-979712,DyYZn2,59.82,29.032,66.14663295652944,33.58941378921523
mp-979715,YHoAl2,65.616,36.683,75.04466761313896,27.265081331465655
mp-979751,TaTiFe2,211.21,80.366,215.62601462750655,89.02656354133258
mp-979910,VCuRh2,218.716,37.09,243.96575255133808,67.37817159765704
mp-979931,YNbRu2,169.646,62.863,189.9888996438921,62.546321468947006
mp-979934,YErHg2,63.799,28.694,69.6890256873897,26.55218189783633
mp-979950,AcYbMg2,27.943,16.494,36.80278488982152,22.83228166620648
mp-979961,Yb2AgHg,38.785,18.393,78.01036430507868,30.181207017329612
mp-979962,AcYbCd2,36.361,18.723,47.90120267303814,21.087344111514447
mp-979965,YbSmPt2,93.151,35.89,112.8154199379378,34.524900301221294
mp-979967,Yb2GaHg,39.597,23.271,74.69481407210252,26.228547046389373
mp-979968,Yb2CdHg,34.65,17.672,70.0350309311618,26.48712657101582
mp-979987,YbThPt2,106.657,30.747,117.99089412950502,26.032142124622908
mp-979989,Yb2AgPd,47.651,18.544,87.86433327630048,34.11978430532376
mp-980044,YbPrCd2,41.352,21.5,55.549318578036576,22.462469235295625
mp-980053,YbPrAu2,64.929,20.684,87.39408339694468,28.13230387063367
mp-980054,YbPbAu2,62.462,14.993,89.75712244976316,18.518535284754467
mp-980055,YErMg2,42.167,20.656,45.37523626447512,27.985325465690455
mp-980059,TbPmRh2,102.32,15.253,107.28717297572588,27.725944197402075
mp-980062,YbErZn2,48.824,29.049,69.00725322842719,38.33748165924999
mp-980064,YbErHg2,52.673,25.653,72.2886868297541,27.15776244235525
mp-980068,YbSmPd2,71.092,20.256,92.87842752817345,27.966297007520865
mp-980191,BaSrYb2,11.948,6.437,21.315817247134753,5.622415824405636
mp-980199,YbDyHg2,52.438,26.151,71.53953110140426,25.45809123078809
mp-980206,TmScRu2,132.156,53.361,134.58727924260458,47.451832214723694
mp-980392,TmScHg2,72.216,28.405,77.84688349824394,29.416400272840715
mp-980662,YTmAl2,66.272,35.136,74.97574465611395,28.76747970218641
mp-980665,Zn2CuIr,158.591,13.058,174.32861093977954,37.47808852457208
mp-980669,TmLuCo2,209.285,47.005,99.9474820560058,46.482407021212
mp-980749,VFeRu2,232.744,108.03,231.6131858979066,89.48635368317903
mp-980942,YTmMg2,42.606,21.693,45.42256127990206,27.80512479811057
mp-980947,SrCaHg2,31.022,16.275,33.77145044720351,18.15023499402495
mp-981234,Yb2InSn,35.777,16.544,64.94184698560471,-14.57120285723722
mp-981311,SrTlHg2,29.409,5.404,32.74495804103909,10.361322009275783
mp-981312,ZrCu2Hg,122.147,47.151,138.4377790188849,56.21450784317056
mp-981365,V2ReRu,268.222,126.088,295.6142080697957,119.72621724852262
mp-981393,Lu2HgAu,82.566,32.929,87.35314515520459,34.03895290392524
mp-981397,YbPrMg2,30.717,18.446,40.37450418990618,24.895138142892872
mp-981530,YbPrPd2,64.73,12.754,89.03575546992815,25.580506086273083
mp-981548,YErTl2,53.212,14.644,63.98556535825322,12.53632925149926
mp-981933,NaPd2Pb,72.915,14.516,78.66820132938466,21.88885825422917
mp-982009,Pr2CdSn,54.037,19.655,59.45580108046386,10.350088463138023
mp-982010,Pr2CdAg,50.574,17.421,52.70038996214663,17.528185167298695
mp-982015,LaDyMg2,38.201,22.827,38.922821846021456,24.207712429524893
mp-982017,PrYTl2,51.765,17.376,59.73378113946978,10.694235772080924
mp-982387,Pm2ZnHg,56.196,20.8,58.57770162777018,20.98923746375448
mp-982388,HoTmMg2,42.853,20.63,44.90078626766259,27.787385514654936
mp-982393,Pm2ZnAg,56.992,21.588,56.75414183412267,20.714069791561165
mp-982613,Pm2InHg,55.365,19.899,57.256557547468205,17.177045287892053
mp-982666,LiAl2Tc,115.85,61.853,135.64931586145596,50.38903564702659
mp-982667,LiAl2Os,136.0,67.515,149.7734469182991,65.49270363915574
mp-982724,HoTmTl2,53.76,14.109,65.42025925311017,12.179466181698997
mp-982725,Nb2RuW,237.553,106.444,277.05881073856955,90.2789024694952
mp-982739,TmHfCo2,111.695,58.693,133.84594168237044,51.6185749487579
mp-982772,Pm2PtAu,87.278,24.629,92.11026176204076,24.89870764756356
mp-982869,PmYAl2,60.622,35.164,73.67708323296046,24.541774702343087
mp-982870,HfAlIr2,214.618,81.996,240.9167165477255,78.43144137793037
mp-982974,LiBeAu2,105.456,34.74,117.47737965406306,45.827843162518846
mp-983063,PmSmHg2,58.175,17.81,61.593306194636256,19.635291049177944
mp-983123,HfMgAu2,121.119,33.178,126.32031790726752,48.68146281008322
mp-983126,HoTmZn2,63.012,32.116,68.21076094379576,36.13889913327741
mp-983154,Pm2ZnPt,75.923,25.95,80.2518874538163,24.6081529810694
mp-983229,Pm2ZnRh,74.896,24.411,79.0073109154164,26.373778231601353
mp-983236,Pm2ZnOs,87.655,28.611,90.22510520283473,35.215016641859705
mp-983358,HfAlFe2,172.287,92.953,195.7717170272327,129.08029524890117
mp-983425,Li2PmGe,50.35,26.433,56.797092365585634,50.29775052463266
mp-983427,PmDyHg2,60.869,17.988,64.67599656121612,21.48119584066332
mp-983428,PmDyIn2,55.936,21.872,63.381859942324986,14.379059707739374
mp-983430,HfZnPt2,175.442,6.555,177.1161737045237,8.17435571679057
mp-983555,Er2PdAu,94.432,33.306,96.12751570966384,34.24087213058204
mp-983556,Er2MgTl,51.119,19.866,56.64648790851602,23.060766139211623
mp-983566,Ca2AgGe,43.252,8.029,45.940395840061214,26.567210033072907
mp-983583,Er2ZnCu,68.856,33.579,71.15917920827177,36.67364397247571
mp-983586,Ac2SiHg,49.655,16.682,51.16087807595363,13.51675634148649
mp-983587,Ac2NiGe,54.432,13.482,57.36485163560401,17.467534544893212
mp-983908,Er2ZnAu,77.836,35.198,80.81957866748863,32.106353204083184
mp-984104,Dy2IrAu,108.554,34.691,112.2810552512396,36.82124516052485
mp-984352,Al2CoOs,203.003,111.008,227.8362443419568,138.12217358721622
mp-984544,Dy2ZnIr,95.673,36.14,100.30550777412508,41.42835794410782
mp-984551,AcTlHg2,44.138,7.739,48.99724841964565,15.537254849249972
mp-984627,Dy2ZnHg,63.653,27.597,67.63880780627342,25.9678106081418
mp-984702,CeDyZn2,51.683,30.59,56.80218360843387,24.138831035482692
mp-984721,BeGaCo2,189.356,99.193,193.49914015492143,108.90695480261913
mp-984767,DyHoIn2,57.572,21.948,67.23615742171958,14.49490814711269
mp-984791,CaTmCd2,45.017,24.297,46.93207067467436,27.85331222983782
mp-985438,Ce2CdHg,77.089,16.069,48.43726296937325,8.813573032484108
mp-985450,CaAcIn2,37.832,17.546,38.50547898970771,19.60819184410236
mp-998965,TiInFe2,246.765,130.828,135.08114769456208,89.54231168232242
mp-998970,TiFe2Sb,187.429,27.731,250.61179215614715,196.2294715447831
mp-999002,TiFe2As,207.251,178.915,294.120155852977,173.26235861854474
mp-999257,Sc2MnC,113.031,46.178,121.12822893632578,31.70281182404489
mp-999258,Sc2MnGe,81.341,32.765,62.01163758000201,29.243331422945996
mp-999508,MnSiNi2,170.737,22.904,191.77708532987177,52.59154957771906
mp-761842,Hf3SnO8,182.505,77.664,227.36564423462175,118.09784028193975
mp-20817,GePtSe,120.097,66.408,142.44510635973367,79.18030308590568
mp-27198,Cd(NO3)2,24.793,12.29,131.96919717845174,70.12546074422833
mp-27367,SeOF2,8.58,5.136,66.37862373893077,33.11674263248782
mp-4627,CoAsS,135.022,105.649,161.1370428470586,107.18457308480606
mp-9270,SbIrS,142.102,87.554,175.29510725227226,112.48364741824255
mp-13725,Li3PO4,70.982,43.757,145.22522424818342,101.88000731142502
mp-17287,TaTe4Ir,17.614,12.492,94.57426315460675,44.40791122404719
mp-23803,GaHO2,132.704,86.963,202.9541963281328,115.03478059901845
mp-23807,AlHO2,157.945,134.235,240.90312899288529,166.48921485375843
mp-2724538,LiCuS,25.653,20.946,62.21885029716204,36.00831621890598
mp-3345,Cu3AsS4,72.969,33.161,83.63232698456419,43.01324530525138
mp-35082,BH6N,8.054,4.31,80.3584276275329,59.61299740400724
mp-3934,Cu3PS4,78.018,35.591,91.7647933355586,52.79587535857296
mp-4962,CoSbS,113.942,77.053,129.53398298963296,80.23711531095572
mp-510346,In5Se5Br,26.65,13.917,55.56465100699805,25.247644014905156
mp-510347,In5S5Br,30.845,16.474,63.68597885629921,29.718729971934096
mp-553946,CoAsS,142.377,99.452,155.89762912122134,101.2891429576382
mp-5540,SrB4O7,147.126,118.908,250.26759961750147,164.753045697855
mp-5756,Cu3PSe4,62.703,27.883,73.77686859581324,37.63788235360623
mp-755543,HoHO2,107.968,59.121,154.90011682711722,87.8401034286321
mp-769365,ZnSeO4,71.196,28.639,157.48291908800962,86.91097657927507
mp-777422,DyHO2,106.131,56.792,151.29049154661803,85.61906697287745
mp-9711,Ba2Si5N8,159.326,99.809,195.52898429382776,140.86653079011717
mp-4117,Li2Si2O5,78.037,49.052,162.65040424004604,104.3523170469908
mp-23558,Ag2BiO3,99.447,20.823,115.88493166934556,48.526712221390305
mp-1016108,TiZnN2,154.329,55.654,188.7863012267036,93.25446314678926
mp-1019550,BeGeN2,189.429,145.289,223.12924453098236,175.92071685722937
mp-1029469,ZnSnN2,131.461,65.055,152.96721902473706,98.83779609175411
mp-1029633,CaSnN2,95.413,36.268,117.62173522078942,72.08618698328351
mp-1029791,MgSnN2,119.793,61.364,141.4111300206647,96.8790019031332
mp-1029932,LiVN2,80.75,46.341,170.8636796141437,84.55021071697553
mp-11582,LiGaSe2,34.67,17.624,54.531710729954774,33.278271578066196
mp-1189451,BeCN2,310.237,292.421,386.4303161824774,307.89917128163995
mp-20310,LiInSe2,29.929,13.618,47.340368377437855,28.217094890465
mp-2979,ZnGeN2,161.837,95.434,187.36644549044465,128.93698615364002
mp-3606,MnSiN2,184.321,91.55,215.7278539661864,137.95975525169337
mp-3660,LiB3O5,83.932,47.464,198.02063552556223,130.04969288099903
mp-3677,MgSiN2,173.274,105.134,211.2300642503411,155.04477173945804
mp-7798,MgGeN2,146.174,84.791,172.44253746089848,124.0022455105173
mp-7913,BeSiN2,220.956,174.122,277.84567487533826,213.85147508774267
mp-862754,PrBS3,52.732,22.607,90.85420265493237,48.76270563646427
mp-1020059,LiGe2N3,122.768,86.576,176.9950154181436,128.06658414728167
mp-1029257,Zn2ReN3,132.827,19.372,202.00807165537063,83.39624549263063
mp-1029262,VZn2N3,152.958,60.484,187.22635375748828,94.79420557652274
mp-1029294,LiSn2N3,83.514,48.959,131.18859923364334,90.29724936218616
mp-1029334,Zn2SbN3,129.688,64.008,160.72831969664304,100.04476318169618
mp-1029368,Mg2VN3,128.676,54.099,166.17630521907407,97.46809345606552
mp-1029378,Mg2SbN3,114.786,58.969,147.75107780248044,97.9693477873414
mp-1029403,RbGe2N3,129.861,83.772,148.2737142966349,102.49822698627828
mp-1029404,KGe2N3,135.298,78.625,149.9506730376778,103.47578771803708
mp-1029408,Mg2NbN3,118.753,50.692,171.80691894253664,93.4718796355159
mp-1029422,NbZn2N3,138.984,52.641,189.32385681918103,93.07210350224176
mp-1029442,Mg2TaN3,122.385,53.646,180.81556429266013,100.54690244489495
mp-1029458,Zn2CrN3,154.566,59.218,185.1817075047822,93.88925424662216
mp-1029520,Mg2CrN3,124.288,51.678,159.20676071929407,95.47277318673258
mp-1078233,H3CCl,3.07,18.317,53.26869068212681,33.72044737071678
mp-12268,BaCuF4,53.979,15.813,78.78957948316335,30.60780816924661
mp-13542,ZrGeTe4,13.848,10.867,59.22077164567054,32.93916871585925
mp-1374018,Ca3Sn2O7,128.105,63.424,144.90941585445972,84.4269572942991
mp-14433,NaGe2N3,134.959,77.934,164.12403066904872,112.98596252816182
mp-14568,BaMgF4,59.463,29.668,77.34971871131195,41.83999177475051
mp-20257,AsPd3Pb2,87.148,28.112,107.62004368791636,36.329384366507966
mp-21521,Cs2PbO3,35.148,13.531,56.045064641688995,25.612609942816793
mp-22756,K2PbO3,39.098,17.293,68.21565924276204,33.26211078182223
mp-28264,RbH3O2,23.952,10.843,57.55743495723989,27.992681062054608
mp-28369,GeH3Cl,1.243,0.967,34.41495407689395,21.07790357897126
mp-3258,Ca3Ru2O7,148.022,60.41,173.69433913975584,83.11141102004316
mp-3281,Al5BO9,159.267,78.213,191.9939315450986,123.96124889461416
mp-3451,BaVS3,64.505,8.829,75.72593483009656,37.35603061412005
mp-3881,BaZnF4,57.665,23.691,81.1050013523675,33.8394989021166
mp-3933,Mg2PN3,149.391,87.587,194.42499951724324,147.37177424730018
mp-3998,LaTaO4,122.275,67.187,211.1698931028735,104.809011881157
mp-4163,Ca3Ti2O7,129.623,65.502,173.40055988778892,102.71807200988184
mp-4187,Ge2N2O,84.757,60.474,171.18134350340506,112.94977080068332
mp-4533,Na2SiO3,61.337,35.839,120.657046851815,77.19110383260438
mp-5012,Li2SiO3,76.805,51.443,154.92912970322288,104.16120606063116
mp-567817,HfGeTe4,13.342,10.704,60.19758912608417,34.20421166275534
mp-569106,Yb2CdSb2,32.654,21.329,69.49275694903272,30.065801513486896
mp-570172,HgIBr,2.114,1.935,12.249681838721246,6.39188186324242
mp-5784,Na2GeO3,53.912,28.066,102.56543666882708,62.843006505115014
mp-5853,LiSi2N3,158.088,121.468,233.71737876666376,171.66245195718994
mp-625054,AlHO2,106.355,79.123,211.18877724961425,142.58119341608585
mp-625136,CsHO,24.052,9.372,36.28680486447995,15.70141595377975
mp-625150,ScHO2,82.391,49.224,159.71028712546058,92.08107707581962
mp-626620,RbHO,26.262,13.038,42.38481060424781,19.993247084265573
mp-626785,KHO,30.922,17.006,47.74255069645427,24.56410853744361
mp-643009,SrMgH4,37.878,26.867,44.665613661362094,35.34072339677287
mp-685935,CdGeO3,60.062,35.545,126.96122266871384,63.20373819264308
mp-753798,Rb2SnO3,43.223,18.638,73.97066492050111,38.41255170277542
mp-754150,La3GaO6,114.302,44.069,139.01861606413556,65.73782681804778
mp-754718,NaCuO2,59.984,20.992,103.60237126513036,60.14494322368802
mp-8973,NaSi2N3,186.672,116.13,221.00335273138936,155.73452475805738
mp-9248,Cu2SiS3,78.911,36.107,96.5871247845042,56.327959696608495
mp-3094,SrAl2O4,83.129,45.935,141.04937513892904,88.9379735836408
mp-5724,AlPO4,26.709,29.63,159.07657150685915,98.38050156403244
mp-644271,LiHS,21.446,7.822,35.19138922644847,21.92436844011026
mp-1016442,SrMg6Ga,29.542,19.932,33.18531173047376,18.71137957137269
mp-1016601,Mg6NbC,44.097,24.745,62.7042160391959,36.14375626004601
mp-1017377,Mg6SiB,46.07,21.502,56.81276240555924,30.85320525448399
mp-1017387,RbMg6B,28.187,8.551,32.599931905897115,16.403455090519987
mp-1018048,LaNiC2,135.707,77.026,170.80809241779613,88.96851539323961
mp-1021779,Mg6VB,40.719,125.594,53.84017335757599,27.052549122261777
mp-1022051,Mg6CoC,46.621,21.126,58.86804774961135,31.071778973676775
mp-1022116,Mg6CuB,46.163,15.92,54.37342228424233,24.07071603299629
mp-1022207,Mg6FeC,46.323,19.814,57.35531906869447,32.97750331015895
mp-1022553,Mg6ZrC,41.717,18.43,57.101504383290674,32.44255885235905
mp-1023319,CaYMg6,34.78,13.092,38.1435645957471,23.57938124820194
mp-1216295,VRe11B4,354.771,132.178,407.72391932169353,190.36387920907663
mp-1216398,VCrB2,279.569,219.064,360.6142737013087,287.1434372282735
mp-1217965,TaB2Mo,296.676,188.191,329.81658150239144,231.63657829632496
mp-1220383,NbB4Mo3,297.126,188.514,336.36628861468364,221.4858014478867
mp-1226242,CrB2W,301.097,201.556,386.8886978032706,260.3948370466959
mp-13501,ErCoC2,177.407,98.793,215.87563729713332,119.85871882934248
mp-13502,TmCoC2,172.008,100.095,215.72854065667136,119.7408598839714
mp-19741,CeNiC2,129.653,71.17,180.99742584397515,93.86410099434566
mp-20337,ZrPbO3,118.685,34.182,167.28112085440625,77.13269699375347
mp-2420465,RbHS,28.078,18.076,36.86329845297682,22.47818774658264
mp-3061,TbNiC2,145.7,95.952,198.6860750514899,109.30147196983872
mp-4037,TmNiC2,170.384,100.038,204.202895284867,113.30879302076404
mp-4248,YCoC2,164.762,94.828,211.36368160643391,115.58399449736832
mp-5106,TbCoC2,175.952,95.326,212.86268268702435,115.59932607988026
mp-5154,HoNiC2,166.911,98.467,201.0763291459539,111.15493348047086
mp-5246,KNbO3,103.853,50.363,179.11514846413675,102.95211389996751
mp-5383,NdNiC2,145.636,86.592,182.4783828246619,97.26161615313622
mp-569450,LiB6C,196.324,184.076,246.38309689626053,215.82329647125107
mp-5777,BaTiO3,97.867,51.278,166.7813300221765,100.87420092623636
mp-644497,BaTiO3,22.363,23.855,68.16664541425352,-51.32503304944058
mp-752415,NbO2F,139.921,52.116,187.2035704431092,87.2784465339954
mp-8540,NdRhC2,146.188,69.882,182.02562700062165,86.90312997393673
mp-8758,SmRhC2,149.588,71.025,192.0238319302592,90.61518087702376
mp-9312,PrNiC2,141.136,84.913,181.48798448549135,96.89256223164396
mp-989613,TiPN3,178.71,62.581,213.60601213742544,127.5050033222713
mp-999088,ThCoC2,180.213,93.646,224.48756135223687,105.54083997673114
mp-999190,SmCoC2,151.847,90.299,204.08847247676135,106.397408107173
mp-999287,PrRhC2,143.047,68.759,178.42049836270252,85.852149296632
mp-23427,Ti3(BiO3)4,81.207,20.723,186.13720030362825,87.356053721815
mp-30161,Si2CN4,134.468,25.701,189.66136443364036,119.84209115039548
mp-760411,Bi2CO5,99.855,43.642,151.1252893876788,69.76997113143919
mp-770118,Ba3Ti2O7,86.219,47.62,145.25364066733903,84.79613164859386
mp-22966,C(ClF)2,2.89,1.303,53.226661292060214,29.55351279247375
mp-25886,CuPO4,59.509,44.354,158.51711390750086,99.6096488254966
mp-28896,CuBIr,195.576,67.035,252.69418419021295,92.62335085515016
mp-28897,BIrPd,236.227,73.014,280.7385138632506,88.13400374792833
mp-675531,NaBiS2,27.308,21.644,60.72330045495307,30.563276877342556
mp-11560,TiSiRu,203.131,103.155,229.9772788262482,119.70152632916664
mp-560530,Nb2Cd2O7,117.943,7.723,198.66590854405584,91.45939383963714
mp-8648,TiFeSi,187.835,113.376,206.1658644201762,135.1708087799675
mp-10443,YbSiAu,80.541,46.731,118.4241793340055,58.95122612896455
mp-1105595,Zn2SiO5,89.508,31.475,137.9514308745192,80.12940710482036
mp-11752,Lu7(NiTe)2,66.909,35.549,71.23242143414028,38.84371080268681
mp-1189355,Zn2SiO5,91.797,31.336,136.44076542985914,78.59147603723527
mp-12806,Cu2GeTe3,49.734,21.715,55.40331286923015,22.803123263605094
mp-13089,Cu2SnTe3,46.933,19.796,52.05304746238599,20.35072777693054
mp-22065,UGePt,124.931,36.408,151.0564177089731,61.070684752546555
mp-2220557,Ta2CuO6,133.739,76.212,239.6264217298856,118.76742671862372
mp-2626703,BaCO3,50.172,19.045,94.5639619678668,47.562177500390526
mp-28945,Si2NiP3,108.208,56.276,114.87720300893972,61.65556791517159
mp-2964,NaNO2,23.903,13.819,60.085450950300746,35.60065725548341
mp-29761,UCO5,38.531,24.118,179.3635823681789,71.97338786937051
mp-35035,KCN,15.286,7.891,42.53069213980818,20.724460747845416
mp-4276,NaSi2Pd3,105.869,46.48,126.650320905252,58.00092523417159
mp-4728,Cu2GeSe3,59.424,26.243,66.30468518833342,28.974389651958937
mp-567278,Sr(Si3N4)2,148.737,99.896,215.81512837764805,154.0394822047198
mp-567771,Ba(Si3N4)2,157.981,105.514,209.82416854198271,151.3774731790847
mp-753081,Li3(CuO)4,61.32,23.563,77.90363314476964,40.954418877115145
mp-867701,Li6CuS4,33.107,11.558,50.06892782943369,28.864930894358046
mp-1018699,EuZnGe,46.265,37.428,53.94554503308337,36.208520985542066
mp-1224184,HfZrB4,244.894,237.314,305.51748253090113,242.65893683044092
mp-2349989,NbAgO3,117.29,40.927,188.1603876482499,74.10624006026306
mp-2488451,Fe11MoC4,201.371,86.946,218.19706696913136,106.85300863501324
mp-27418,KAuO2,46.429,18.352,68.78568754984047,34.00947734384198
mp-637575,AlCr3B4,248.749,182.763,276.16328057828605,241.77749416363133
mp-996954,CuPtO2,172.104,33.467,185.5990220149428,69.31513808049344
mp-996971,CuPdO2,155.3,28.501,167.3306918305977,62.537085811518445
mp-996975,CuAgO2,111.192,14.729,114.18477849276331,33.127925015766614
mp-996988,LiAgO2,75.626,6.182,106.795252730228,37.28087947742526
mp-997084,RbAgO2,40.617,18.339,58.02457646729894,29.899149715497895
mp-1019509,B2S2O9,32.078,30.371,182.7690201799345,117.64664806328511
mp-23349,Bi(BO2)3,51.828,25.333,161.66698242561813,78.60976179721847
mp-25317,Li3(CuO2)2,69.336,33.635,91.03595107431012,53.185936391829195
mp-549720,NbI2O,12.477,8.811,70.27658202680297,35.3416125539098
mp-550070,NbBr2O,15.153,10.177,82.40456782210684,42.468115042262454
mp-768241,Dy2Ge2O7,125.554,48.501,163.98439656387183,86.26954141009364
mp-768680,CrP2S7,11.204,3.779,57.87994703776867,34.38433131579317
mp-996960,AgNO2,19.738,8.52,57.9671608979347,27.04143252895418
mp-17129,Sr3(AlN2)2,85.441,45.483,112.49617810010751,72.21890517844926
mp-1018702,EuZnGe,42.42,27.809,54.059886003461905,33.46644950467346
mp-13504,CeAl4Co,88.552,64.222,101.97846452179948,67.77132001905221
mp-16053,CuSiO3,31.454,19.986,146.72437761081224,76.51639975372883
mp-19955,Co2CuGe2,157.602,75.992,182.6965667518201,88.53173392152611
mp-2619433,BaCuO2,79.134,26.205,100.9301612044282,44.68613627670941
mp-29015,CaThBr6,9.879,5.456,40.89398054806759,17.296447562029563
mp-561033,CsCu5S3,34.94,13.442,70.34867617914324,29.281532006407566
mp-573755,CsTeAu,9.36,3.5869999999999997,16.05463400781813,6.259422115219426
mp-759636,Nb5O12F,177.534,52.642,249.37285266503116,110.34861450290796
mp-996964,CdAgO2,111.634,32.744,136.43562900560246,43.65729248230924
mp-997085,SrAgO2,80.968,31.012,93.34909621996606,49.25642058486786
mp-31043,H5NF2,30.335,11.003,93.1068825893112,53.32890394210067
mp-996980,AgAuO2,91.988,45.731,112.2229086796586,32.61128759833391
mp-997012,CuPdO2,136.396,35.461,161.5869997274786,61.157116263396574
mp-997098,CuPtO2,78.908,21.439,179.58582478085427,69.4242569092033
mp-24834,H4N2O3,24.063,10.798,129.7974793352241,86.5469196097126
mp-1047601,Zn(CuO2)2,105.439,49.916,179.14032089506452,75.35343213192603
mp-3671,NaNbO3,101.993,59.156,197.73311659548384,105.50456260411264
mp-504741,Hf(FeSi)2,181.136,91.29,210.1596102754893,133.31394229315345
mp-505554,Sc(FeSi)2,172.302,111.219,182.2519314108172,123.24381009795393
mp-5611,BaUO4,90.551,40.544,140.52263825711032,66.19558215020933
mp-571039,CaAlPd,62.104,28.522,77.45573803660528,34.65442724317751
mp-768342,SrNb2O4,147.015,72.302,215.834507209107,121.70089265289576
mp-1191244,YbAlB4,163.313,141.6,214.13572583682455,158.13434633037906
mp-1191390,TmAlB4,181.007,153.686,207.92587908817217,160.8982676390947
mp-1191630,ScCoB4,223.874,172.568,251.92586048468544,204.0889029110652
mp-1196116,Sc2ReB6,226.401,195.537,264.5111354705193,206.39513900825364
mp-1210846,LuCoB4,218.149,174.986,254.71360279250345,197.53606518331043
mp-20944,Sr2PbO4,91.606,44.253,111.25154675836366,56.32431784142812
mp-23426,Al4Bi2O9,107.974,70.056,179.28612404266892,109.64961865483772
mp-27321,Na3(CuS)4,41.123,18.701,65.1243546831381,30.08273598375058
mp-27693,Sc(BC)2,190.279,150.727,210.2033934784112,158.95985420739208
mp-28954,Tl2PdSe2,31.919,8.703,47.761933982113675,15.033830445094848
mp-510306,Sc2CrB6,208.603,203.456,257.0843410849746,214.76788040828012
mp-542903,ZrPbO3,111.123,61.413,174.65968000230674,80.18901125042423
mp-649479,Ca5(InSb3)2,35.751,19.61,44.60598283582987,25.15152364734579
mp-8439,Ca5(AlSb3)2,39.186,22.791,47.59309511215608,28.04911032910214
mp-8631,LuAlB4,182.221,153.632,214.52687709760016,162.09571697868273
mp-1079629,Mg(BC)2,145.308,118.054,178.35117827915923,135.3126706664437
mp-2514049,Tm(CuTe)3,54.308,29.553,69.19694834999258,39.90761924770767
mp-2717767,Er(CuTe)3,53.642,29.57,68.89802751460589,40.173809105622475
mp-27891,Bi2SO2,43.238,25.849,121.9274532153642,53.65141017702637
mp-28254,LiRuO2,196.978,103.758,226.81937153952637,113.56110422386688
mp-4753,Al2SiO5,142.634,88.811,209.57709291992143,137.26029121740612
mp-766486,LiCuS2,46.834,21.639,56.63755059021366,24.57624776997187
mp-996987,LiCuO2,78.449,43.139,134.349670328649,68.76445494034235
mp-676586,Na(VS2)2,43.286,17.426,87.5571933125698,50.955703193091495
mp-1029474,Ca7SiN6,79.323,54.329,103.43909070435409,70.80325860821397
mp-17177,Nb2ZnO6,143.453,58.521,229.2773815712821,107.31040067798588
mp-28364,Rb2CdO2,36.278,14.225,48.30683942354437,22.765878221069084
mp-4643,Nb2CuO6,105.183,54.339,230.35156833396192,109.38535230211656
mp-15960,Li5AlO4,80.916,54.227,105.184411054658,77.4276310208537
mp-5525,KAlO2,65.943,40.349,111.77097756750616,66.58697630832174
mp-5881,CoSbS,118.332,79.673,138.6342585836734,86.71676310439014
mp-657338,MgSiO3,67.946,54.694,178.0375694941439,116.9198167594176
mp-1029448,Li5OsN4,70.247,38.982,131.95936048003082,75.81666496568975
mp-1029574,Na5OsN4,39.663,14.17,94.0025185106122,48.68058205327774
mp-12759,Zn2CuAu,112.113,31.739,135.2490851567777,41.61058082527115
mp-22992,TiClO,22.827,12.826,105.22027278725706,46.57136336850955
mp-23002,TiBrO,25.612,14.541,94.6101894226518,42.59955889328834
mp-23052,ZrIN,19.161,15.301,93.62070561833514,46.475550427653396
mp-27226,MgCu2O3,98.437,54.6,152.0727946020313,75.63810014225831
mp-27246,LuSBr,11.68,5.042,52.966053036996335,28.239397082898115
mp-27454,BaLi2Si,27.21,16.167,32.11238841853909,19.272139804695296
mp-27848,TiIN,24.065,17.04,95.32277546385876,48.67066859765868
mp-27849,TiBrN,27.742,19.671,107.88670598489058,57.48935438827499
mp-27850,TiNCl,30.511,21.367,117.9107889662326,63.94004010192376
mp-27863,AlClO,32.289,20.406,107.11935095589128,67.03454198911844
mp-27989,CBrN,3.927,2.16,31.64164002324444,17.304296115592404
mp-28929,DySI,10.461,5.307,43.609466181376376,22.327763594639944
mp-29898,Tl2Au4S3,18.684,7.562,59.88932998276307,20.16556585555615
mp-30053,NaCN,18.145,11.602,53.04996411775744,29.63029362477948
mp-3205,CaCO3,66.245,8.308,120.50083021318068,65.82343882250245
mp-3255,SrCu2O3,96.392,42.367,103.0180510757208,55.65193878555582
mp-3838,Li5ReN4,71.86,46.271,142.4079377985066,84.49174014208813
mp-546279,ScBrO,22.781,13.41,83.60938332419421,42.806655409083035
mp-568346,HfBrN,25.147,18.845,111.35331951165816,61.27568060999813
mp-569299,Be(BC)2,194.761,153.362,220.0618595747891,173.1891804725227
mp-570157,ZrBrN,22.365,16.412,102.61282411840251,52.57436503164126
mp-605028,Te2Pd3Pb2,33.635,16.154,88.65467100199618,30.61548076589365
mp-7466,CaCu2O3,77.591,29.185,109.51201935666006,56.58644564947505
mp-753059,TiOF,38.582,27.664,167.52449196595424,71.2139242947978
mp-754010,ZnCu2O3,90.85,35.895,145.92632739661948,60.43170401127538
mp-754113,TmClO,17.642,13.897,84.04438836534624,43.95303702319358
mp-754978,CdCu2O3,75.269,27.57,115.6949530599632,49.78984734057346
mp-755689,ErClO,19.511,12.683,82.98762568308432,42.829720833184666
mp-1022726,Ba2CuH6,30.978,23.505,47.66603727303837,33.35568792277907
mp-1029711,NaVN2,46.808,10.582,138.66124004685295,61.30048740002852
mp-1029832,Ca2NbN3,81.221,41.117,138.8417674664998,74.06014017343409
mp-1029923,Sr2CrN3,88.705,46.392,127.92377591183768,69.89456943603207
mp-16115,Pr2CuO4,124.593,50.075,161.26760874754066,73.99723938538067
mp-3582,Mg(BC)2,157.751,104.546,173.38166596932805,121.24153844372825
mp-36480,La2CuO4,120.072,51.158,156.3044625498596,68.02794375997063
mp-559612,KLiO,31.925,20.733,42.34948451285299,22.912104501986384
mp-1025309,Pr(Re2Si)2,165.622,103.392,252.92994376723377,123.51385232579656
mp-10284,YSi3Ni,120.066,85.329,136.49468879873805,94.51032242716852
mp-1070857,NdSiNi4,167.643,62.88,156.91411332603369,66.59165689866052
mp-1070859,TbSiNi4,151.371,72.048,166.34211748808616,73.91654245930606
mp-1102585,UReB4,276.868,213.715,297.3881348859711,206.5897956441893
mp-14344,Yb2(NiB2)3,166.869,119.842,214.28825739364075,140.62456698932925
mp-21139,Mn2SnS4,42.268,29.863,80.92009228766112,42.93824000410413
mp-2224869,CuTeO4,67.337,37.194,133.64978075717656,79.81563860113556
mp-22967,Li2FeBr4,25.291,16.303,32.7842083188283,17.23978025315615
mp-22980,Li2CoCl4,8.956,1.69,34.78198243058516,22.38367158672988
mp-2724101,Li2HfO3,124.693,45.772,171.86165926890635,111.42451648301872
mp-27861,Ce(Re2Si)2,177.68,97.153,261.1228211495267,129.9876054618978
mp-28250,Li2MnBr4,19.113,11.927,36.32904004316462,16.448605240922063
mp-29009,Li2MgBr4,19.912,12.262,34.303277314530575,18.416930681982983
mp-29674,Al2B2Ru3,230.449,103.58,265.4071773877497,123.534963616727
mp-29896,Y2B3C2,149.778,37.797,187.29188484453385,122.37576753836156
mp-31136,Lu2NiSn6,65.165,38.649,75.89448198382127,39.9032049179126
mp-3398,Ho2Ni2Pb,74.964,28.014,87.86165949760746,32.483180216854
mp-3805,Al(FeB)2,224.5,133.097,251.3664448987523,151.45023486861177
mp-3988,BaCu3O4,77.551,32.974,81.87059453767911,41.3640508318537
mp-4071,Er2(NiB2)3,194.285,139.105,210.880973075878,140.89751826134477
mp-5446,Li2PrO3,73.939,21.617,91.26254552161318,46.494032417247695
mp-545598,UCdO4,114.796,40.843,158.9352852368294,54.232219071710965
mp-546142,Na2UO4,42.279,24.83,100.24780265865824,45.25434589248694
mp-568624,Tb2B2C3,152.212,43.587,187.88350183760087,116.18537665813226
mp-569496,Ce(SiAu2)2,94.876,27.788,127.04723421328688,39.539442222362126
mp-569523,Y2InNi2,77.414,40.912,89.88795916092518,38.34392322319835
mp-570272,Tb2Mg3Ni2,48.67,23.537,64.92957039338275,25.559007747223568
mp-5938,SrCu2O3,96.447,44.756,103.07919009020908,55.28628015515528
mp-603719,AlPO4,233.171,172.168,306.76890589629346,221.26989550379648
mp-643273,NaH2Pd3,108.766,34.066,128.65198883058918,37.84055292155093
mp-643945,TiFeH2,176.085,73.984,181.09634284006816,80.79431828525306
mp-675025,SbRhO4,187.689,94.281,212.55015316987965,119.0988025076392
mp-675172,TaAlO4,208.145,120.083,277.7322413009294,150.2768874334826
mp-676861,AlSbO4,197.857,120.349,242.9735114889237,144.26616976242008
mp-752843,Li2CuF4,42.328,15.213,71.53713194837964,57.60931620749016
mp-752953,ZrTi2O,133.961,72.906,183.67721740332792,76.7291362042866
mp-753315,Mg3ZnO4,155.464,99.01,174.3541911453886,109.0255250564794
mp-753459,Nb3O7F,212.133,90.785,248.196592360193,109.86645113826434
mp-753495,Sb3O7F,169.58,105.424,188.01644347951844,114.31066627037907
mp-753747,Ta3O7F,233.926,118.214,272.79287965614276,126.25398415175664
mp-753823,CeTh3O8,184.155,82.439,198.16524908372588,88.58970035244089
mp-754478,HfZrO4,204.4,98.032,230.87331981425945,114.83006351445744
mp-754534,Li2CeO3,95.497,38.795,122.80547287916646,59.83362962921127
mp-754631,NaCu2O3,69.185,36.587,82.68255637108982,41.52089463889491
mp-755287,Ca3CdO4,109.381,63.525,117.53125935326612,70.37100277724657
mp-755594,ZnReO4,150.108,65.836,242.2060192524013,110.61063559682522
mp-760401,Nb3O7F,188.369,60.171,214.6667797302399,99.0597747544935
mp-760403,CaCd3O4,120.187,49.517,130.38661241317476,55.20971088728335
mp-7692,Al(CrB)2,227.31,178.062,263.5684245464561,220.1314170660017
mp-7892,Mn2AlB2,199.942,155.272,271.5738542273168,199.0591249815556
mp-8207,Zn(PtO2)3,193.672,63.614,231.08566150557925,119.55649062540604
mp-8208,Mg(PtO2)3,187.744,69.992,230.25080566520757,124.71828752089026
mp-8212,Cd(PtO2)3,192.406,71.033,219.02918775567233,109.25218934658994
mp-866818,Ca2SnS4,42.206,26.896,66.9754259230085,34.416105359225185
mp-867744,LiTi3O4,193.852,81.153,226.8528128470936,118.27405924170688
mp-8771,Lu2(NiB2)3,202.613,141.073,221.04032183277823,144.87507686449226
mp-973540,LuAlB4,181.461,150.52,213.84070704495673,161.95511492898214
mp-976271,KTi2F7,83.985,38.463,115.07026600406424,47.88739814067753
mp-980004,SmGa2Co,93.932,39.1,100.8892699244762,49.425170408874095
mp-997005,CaAgO2,97.227,39.248,124.11993806213393,56.20106783813734
mp-997037,CdAuO2,113.831,28.905,127.1417393107439,45.11979779316879
mp-10057,VCoB3,296.493,203.341,346.0238995584442,240.59230500677012
mp-1014227,Ti2ZnN,147.64,95.909,205.3336545435292,114.69332832016602
mp-1014252,Hf3ZnN,149.253,92.143,178.10714448256576,101.48105869009636
mp-1014257,Ti3ZnN,145.73,94.61,187.15863152842596,101.04185394321462
mp-1025105,LuAlGe,84.386,58.396,96.82258543989336,56.49665897107366
mp-1025390,LaSi2Ag,87.646,55.061,100.1689757909034,58.64839558800454
mp-1025393,TmSi2Ni,116.907,64.624,147.58196285937822,88.54618838672614
mp-1025408,TmCoSi2,123.961,57.852,148.65916839813326,75.26406148404531
mp-1025413,ThSi2Ni,132.143,76.034,154.9972502318302,89.35274619104847
mp-1025420,SmSi2Ni,101.226,68.458,137.41568109051826,86.06505599204729
mp-1025453,SmSi2Rh,122.727,44.065,141.4957102331401,59.98424530094645
mp-1025504,TmGa2Ni,100.012,56.193,113.73224321232168,60.5428322572294
mp-1025552,LuGa2Ni,103.459,57.495,116.84075977931292,62.83009058099596
mp-1025554,PrSi2Ag,91.203,56.773,103.18887683011124,60.88691173171857
mp-1029338,LiV2N3,147.437,66.596,237.6600227498764,115.76629112745162
mp-1029424,LiTi2N3,134.345,71.603,206.9081502229021,118.52224154403842
mp-10381,K2CuSb,17.39,8.653,27.27301143312178,12.800401058825278
mp-1078497,YbGa2Ni,69.78,36.326,109.56969967187972,57.092286503191616
mp-11392,TmGa2Pd,100.437,49.426,113.18965528191929,52.27630840019487
mp-11401,ScGa2Ni,101.551,60.478,120.5504357629957,63.96751681630295
mp-11431,CaGa3Ni2,90.845,38.686,101.121205838981,55.91418559151188
mp-11444,YGa2Ni,91.18,51.773,106.83083316146048,56.80150955742428
mp-11486,Y2(Al3Co)3,106.898,76.465,123.43776516916532,91.11368149896964
mp-11788,YbSmSe3,51.516,16.855,74.89180527637747,39.97261204358126
mp-11957,CaSn2Ir,75.338,38.941,94.84967966805684,39.21439265857531
mp-11958,CaSn2Pd,58.694,22.729,72.66928486162465,26.573618799588655
mp-11959,CaSn2Rh,66.913,32.392,83.88810674521304,34.60855499717409
mp-12382,ErSi2Ni,126.591,65.384,147.75217933782812,89.1337784797607
mp-12630,MgSeO4,60.907,39.538,145.3553599665652,87.11289200436417
mp-12781,ScAl2Ni,95.155,65.059,117.20639676845856,71.61064228358698
mp-12782,YbAl2Ni,63.701,42.116,106.07791991684807,64.22093496698751
mp-13094,YAl2Ni,93.804,57.961,104.368172048492,63.52708942535516
mp-13512,CaNiGe2,74.289,35.772,90.42151590930588,47.915803811564345
mp-13513,SrNiGe2,66.576,37.748,81.44564687969496,46.459926823124235
mp-13520,Na2ZnGe,23.139,15.794,29.62824850942822,16.973522039034815
mp-13572,ScSiPt2,173.75,72.253,199.00471154878989,89.50089141400589
mp-14763,Ca3MnN3,88.138,50.938,114.29726081025096,70.41686676270027
mp-14815,TaTe5Pt,20.983,12.991,79.78353378843414,37.62897640743856
mp-15120,RbFe2Se3,20.081,8.887,32.17531481239289,24.240990685446896
mp-1524357,BiPO4,71.431,40.169,174.0196484828601,84.63605135782532
mp-15316,SrMgF4,54.98,27.75,80.70773207132355,43.5201177592556
mp-15684,K2CuAs,22.329,9.944,31.098504784018623,14.220985985485276
mp-15685,Na2CuAs,31.898,18.43,41.82130674913655,21.234271762486177
mp-16493,YAl2Co,93.21,44.624,109.39551121971046,61.40627320368844
mp-16503,HoAl2Ni,97.439,57.089,107.09934012549304,64.97054851305914
mp-16516,TbAl2Ni,90.658,55.21,102.64040774747356,60.10408287706994
mp-16517,TmAl2Ni,100.232,59.378,108.48570420959736,66.72286474397747
mp-18468,Mn5SiC,205.196,116.345,223.82213499795327,140.68576045897
mp-19968,CaIn2Cu,45.357,32.042,55.81501537227293,28.159164567956783
mp-19991,SrIn4Pd,47.85,24.856,56.705496235055925,25.410041370575804
mp-20343,NaAuO2,40.105,13.28,70.561950803858,33.65485152847112
mp-20479,SrIn4Ni,47.444,27.899,56.145553005548585,28.6448856696933
mp-20497,SrIn2Ir,58.263,26.933,78.79339601880643,33.478384697331464
mp-20533,SrIn2Pt,55.359,26.311,69.22562346254924,29.98874869187868
mp-20754,LiCeSn2,47.381,27.191,52.50259001776404,36.98551409181486
mp-21024,SrIn2Pd,47.596,23.163,60.88907250442356,27.097225413562317
mp-21027,CaIn2Pt,66.9,26.547,77.40504427829273,32.96538565363706
mp-21124,SrIn4Pt,52.456,26.341,63.820177309921085,27.755985964058123
mp-22056,YIn2Ni,84.822,40.977,87.50086716011529,43.336166357075776
mp-22717,CaIn2Pd,59.191,25.46,68.17250312482143,29.832339743065567
mp-22739,BaFe2S3,56.257,27.532,63.47155706859685,44.1062486198071
mp-23431,CsCu2I3,8.359,3.14,24.81770893924575,8.21112889365464
mp-23891,NaHO,33.109,24.155,58.65129975569038,33.570579342297
mp-23918,NaGaH4,13.991,8.089,39.224039799461245,22.638065917379823
mp-2654140,CaSn2O5,122.592,44.726,147.8660994270004,81.75891899427882
mp-27360,ReBiO4,136.128,63.278,215.1181011092833,99.36649821293204
mp-27388,Ba(SiNi)2,62.603,37.793,87.17476590939867,45.765341553661465
mp-27768,Co(BW)3,331.967,203.68,400.93392248807305,239.05876970344048
mp-27769,V3AsC,190.279,76.549,255.1218651673223,130.64742852157144
mp-28232,MgTi2O5,162.509,72.047,204.76330450603237,106.03914078573855
mp-29111,Al2Fe3Si4,173.637,105.494,189.42249906047337,121.98270843985466
mp-29175,Ca2AuN,59.67,26.965,69.58550472958215,36.460331580896394
mp-29658,ZrNiH3,166.689,69.397,176.56698745916637,99.35893713365984
mp-29736,YAlGe,81.107,56.76,92.5022162800154,57.07957811783544
mp-3034,MgAl2Cu,76.205,48.745,91.05589342467393,47.7510529584322
mp-3047,MgGeO3,161.312,45.242,222.39301363116527,133.43499784525542
mp-30598,SrCuSn2,47.714,24.239,56.26891097034583,31.79448150348739
mp-30750,CeAl4Ni,89.025,64.291,99.88843683275266,68.60288772384074
mp-31080,YAlSi,87.972,63.155,97.16565567175336,67.84111877498188
mp-31182,ErAl2Ni,93.639,57.442,107.17424718082376,65.85432618686163
mp-3128,ErCoSi2,124.346,59.572,148.24576417270237,76.0117811513065
mp-31368,KClO2,17.963,7.959,37.250306836351456,20.654950452455335
mp-3143,Na2SO4,42.966,23.265,117.9702798865322,76.10174288644502
mp-3521,NaBF4,28.014,12.385,92.64324791686388,49.42994956541442
mp-3602,YAl4Ni,92.48,59.11,102.89526292105954,68.80718264266129
mp-3982,KCuO2,34.178,17.182,52.34187279076429,32.57986071521059
mp-4009,BaPdS2,39.963,12.375,70.48239490415406,32.54245041077586
mp-4171,DySi2Ni,111.364,66.451,144.29385645917355,89.66563866933825
mp-4196,NdFeSi2,113.322,81.325,129.60546390243454,86.10176706747448
mp-4243,CaIrO3,154.842,70.601,213.17486827887888,107.3837553125848
mp-4253,V(CrC)2,292.334,44.953,342.9642978563409,205.32720559399135
mp-4283,LaSi2Pt,117.105,61.786,138.55886790833688,68.45470057681625
mp-4288,TbNiGe2,95.826,42.414,120.52960123030422,64.98300558964014
mp-4391,MgSiO3,199.288,108.878,268.5978353083039,177.04164298082264
mp-4406,CaSO4,64.243,31.298,151.97022824777798,89.3361562844894
mp-4472,BMo2C,316.049,172.69,359.68753841790334,189.1545275203887
mp-4673,SrHfO3,154.945,91.224,184.23500844728508,112.53886634591235
mp-4699,NaTaO3,127.767,47.441,227.55617327928096,126.68840432115448
mp-4784,CaPtO3,147.319,68.474,197.77140354609895,108.40220859546233
mp-4930,TiAl2O5,184.787,94.223,228.32226021134016,135.17013560207084
mp-4969,TbCoSi2,125.927,61.752,143.96533516751887,74.57393597062142
mp-510086,Ca2InN,44.387,30.063,58.09199613597166,36.55633775841283
mp-5150,HoSi2Ni,128.804,66.265,146.46736523381168,89.58126967731376
mp-5170,NdCoSi2,119.87,62.859,133.89806264500604,71.80883624860132
mp-5215,NdNiGe2,100.569,47.553,112.64702080693282,62.60671871617958
mp-541037,CsCuO,13.66,6.941,40.356196525454095,15.731343212792073
mp-548658,RbPO3,23.454,14.52,94.49001811510746,55.82530316131519
mp-5493,PrSi2Ni,106.474,68.41,131.9594251498059,81.58341625647154
mp-553310,CsCuO2,29.967,12.092,44.797102065131675,24.19923458970584
mp-567229,LuAlSi,93.387,65.957,105.56135235375838,68.50788920101266
mp-569385,DyAl2Ni,92.155,55.971,104.58879412945608,62.241769142855446
mp-570303,KTmI3,17.864,7.948,27.79747796632022,13.756685571446964
mp-571506,TmAlSi,92.341,65.876,96.38383915469312,65.54396719517676
mp-574599,CsAuSe,10.009,4.7620000000000005,27.775815172343957,8.901585631292672
mp-5787,SrCuO2,86.243,41.969,101.57472093253172,57.42966559281282
mp-5821,TaAgS3,82.882,36.596,128.547392143492,63.082357893021715
mp-5839,TiPO4,102.75,63.424,200.92324796090463,128.29687673674718
mp-643718,BaMgH4,36.372,28.352,44.13901167151448,33.0783640319095
mp-7077,KAuS,13.02,6.053,36.916383581900185,14.335440974218535
mp-7276,ScUS3,79.572,39.135,89.79452239410752,50.47171459601647
mp-7472,RbAuO2,28.089,12.606,46.84175186976648,24.97971500008909
mp-753490,TiCuGe,127.282,71.103,151.62432532146536,77.43265168742629
mp-754358,ZnSeO4,63.922,30.51,151.18668422599072,72.26783618805622
mp-755646,LiCuO,28.615,17.231,82.53654576834981,37.584174672137976
mp-755920,Ti3NO4,183.115,75.836,232.98732344682867,108.76861753042648
mp-7572,MgSO4,72.292,48.378,171.66913566294468,116.4748357380618
mp-7574,AlBMo,211.148,134.6,277.9119729895806,160.69331255769575
mp-758302,LiAgF2,54.712,112.431,60.26856327399887,19.76613366562859
mp-761036,CdSeO4,52.257,20.744,127.66856927120224,62.86647612989645
mp-7639,Na2CuP,34.554,20.74,47.34938151375287,24.225294431291463
mp-7643,K2AgSb,17.264,9.354,25.433616844018452,11.56798147529666
mp-8215,LaYbS3,54.948,19.623,83.45450279006276,45.3031223330571
mp-8446,K2CuP,21.887,10.978,34.00241634940707,14.819857078786969
mp-8459,CdSO4,62.326,26.036,148.4975593844138,84.60884459449578
mp-862750,SrNiSn2,57.57,27.429,66.76719790958941,36.87229658028903
mp-863757,K2SbAu,16.33,8.023,27.295602266536573,11.051685508367347
mp-8670,Ca3CrN3,85.654,51.84,115.26460785245128,72.67289366914513
mp-8742,DyCoSi2,127.501,61.207,144.75993775068608,75.27427036253152
mp-8911,CuAgS,46.958,15.031,79.14139129163485,30.69402966580125
mp-9010,RbAuS,12.48,6.133,34.28372363256049,13.104799136380135
mp-9029,Ca3VN3,87.062,50.486,119.13126626158012,72.55601013590912
mp-9172,Li4TiO4,79.937,43.617,120.17472713121523,68.60633133654412
mp-9527,NdMnSi2,106.828,74.2,116.50587890145984,84.34234606329579
mp-9672,K2NiP2,20.879,13.474,46.04363848464112,22.730845496987897
mp-9687,K2PAu,21.569,9.22,35.11518120047853,13.247266875739696
mp-972406,YbSi2Ni,94.349,57.765,146.89657865213002,83.25999143836336
mp-9731,RbAuSe,10.503,5.168,30.897709601112876,10.902445743393905
mp-973633,LuSi2Ni,128.819,63.787,150.28636559173296,87.31818151951788
mp-9768,BaSb2Pd,54.789,21.62,64.32395183628206,25.927909524793694
mp-9778,K2AgP,22.143,11.106,32.35416542440556,14.405651380492824
mp-980760,SmNiGe2,99.958,44.624,114.94169338846407,64.09131833165509
mp-982511,HoGa2Pd,97.878,48.755,111.50113019438696,51.53607184188232
mp-9881,KAuSe,13.45,5.715,33.57147979953994,11.702385186280807
mp-989554,LaMnN3,135.546,49.111,178.59618901040284,71.86504416625378
mp-989609,YWN3,144.802,69.624,215.8185100913912,105.08208923735812
mp-996979,BaAgO2,67.271,27.745,77.9650065300403,37.75065325724313
mp-997024,CsAuO2,25.856,10.8,44.86271383376744,24.08752450475005
mp-997034,BaCuO2,76.627,34.529,89.95321022795095,47.20586214815307
mp-997041,NaCuO2,48.702,22.051,70.85836700532747,39.6295004487304
mp-9985,NbNiB,230.082,138.977,273.57833765355065,149.96716148659743
mp-997004,CaAgO2,97.491,51.187,115.428642662856,55.58904257209695
mp-997031,MgCuO2,136.108,63.634,174.24738440596562,85.3410405837437
mp-615141,Pb(ClO2)2,16.556,9.506,65.4937564473107,30.14626222587716
mp-29541,GaTeI7,5.463,2.9619999999999997,22.106506409040374,12.207702486800748
mp-675009,Y4CuTe8,48.972,11.154,62.22849259335979,30.477474795886025
mp-1012551,BaBrCl,29.178,12.482,34.12135949914865,15.428746504840149
mp-10240,ScNiP,147.371,92.423,164.15453737716643,93.8764672687096
mp-1029251,LiRuN,104.541,58.104,202.34730054062203,101.00350390954826
mp-1029336,KZnN,36.495,12.387,49.27550852156374,28.02549417088211
mp-1029420,RbCoN,39.714,18.619,69.75777345965032,35.378865094302505
mp-1029444,KCoN,43.832,33.031,74.68780276104503,38.96476887356544
mp-1029466,NaNiN,60.312,29.1,87.12577392772413,45.970452195523805
mp-1029491,CsCoN,24.172,11.342,63.96655870402268,30.072195311094625
mp-1029536,MgZrN2,149.501,69.353,184.41446093331135,112.78829709380284
mp-1029605,Na2MnN2,44.14,22.139,80.00530859227291,39.761975432154415
mp-1029702,MgTiN2,161.671,77.978,198.16059780636348,124.47567793256536
mp-1029834,HfMgN2,157.33,75.632,194.30542056865127,123.2158501491166
mp-1029903,LiNbN2,110.992,59.002,214.830478984473,111.99471395632604
mp-10456,HfSiPt,192.495,100.864,217.708679976922,109.73540116853896
mp-10457,HfSiPd,169.282,93.146,187.9067598814884,101.12564877442404
mp-10469,NbSiPt,215.103,82.355,246.63434249498084,109.61948956107392
mp-10470,NbSiRh,221.086,113.62,251.17667556317343,121.62811856152813
mp-1102762,SmAsS,79.756,52.875,91.37250316737504,53.44718796961502
mp-1105765,NaNbO3,111.184,84.477,203.84098466648985,109.02280742087989
mp-11649,Ca3SiO,58.542,46.042,65.89833386483988,48.36932078005843
mp-12480,ScPPt,149.536,69.61,181.96096504717812,83.15358141903405
mp-12613,LaNiSn,73.286,31.135,91.3620711871742,44.37834515641224
mp-1340758,YCuO3,118.951,56.266,177.74148164148494,82.2071739468487
mp-1345518,CaTi2O4,155.411,86.945,200.4891456913813,98.51085673283478
mp-13459,NaCdSb,32.293,13.704,37.431355277604,16.612271145563113
mp-13472,HfSiRh,189.725,98.602,213.2996796082242,112.70130882742838
mp-13916,LiCaSi2,47.84,36.127,54.88056104424883,43.56147889434775
mp-15236,CrSbSe3,31.363,19.498,71.71907467291061,38.56250895387542
mp-15641,CaMgGe,46.805,37.809,50.44115104897905,38.805637431093835
mp-15642,SrMgSi,43.089,33.218,49.52305155645833,36.14446524083846
mp-15643,SrMgGe,39.991,31.634,44.16196787362649,33.39198366808257
mp-16253,BaCaSi,31.094,18.718,36.155187587712525,22.007534382842284
mp-16356,TiNiGe,158.126,83.324,178.83726692658263,103.99697348906778
mp-16646,PrMgRh,72.105,27.733,78.5110620637272,31.50470158385041
mp-16919,Y2HfS5,85.427,45.222,108.97531761988202,53.80439034604353
mp-17275,SrY2O4,112.287,62.641,140.07016799133237,82.29725563953012
mp-17546,Cs2RuO4,18.521,7.793,71.38955943479088,33.437384539029225
mp-17612,Ba2SiO4,71.162,30.552,122.00705138065976,72.45303702542637
mp-18300,Ca3AlSb3,37.606,23.128,47.2923920865935,29.02651357655387
mp-18513,Ba2MnSe3,35.573,19.958,44.8144762465299,25.73368348939138
mp-19727,PbCN2,22.297,6.787,92.8442710431012,48.56284162344829
mp-19728,YSiRh,124.598,62.797,149.8646454170762,66.66197496930594
mp-19809,MnCoSi,160.562,85.796,192.81322842280412,119.1960885541098
mp-19893,PbCO3,57.971,21.437,120.81585500333524,58.610539140915314
mp-19967,LuMnSi,103.621,55.573,105.01278442404144,73.35397625836745
mp-20001,SrSnPt,69.787,28.578,78.33123870696902,32.00328641219978
mp-20007,MnNiGe,142.033,60.689,140.65566568769694,80.49596633748963
mp-20043,ErGeRh,122.853,56.481,142.03535484225458,65.54325233871486
mp-20059,ZrMnGe,81.216,68.296,140.47469591191955,103.6572229076792
mp-20083,ScCuSi,110.432,61.217,124.8594649060256,77.7311670224784
mp-20144,NbCrP,214.246,115.435,255.6073995231217,128.5596434316401
mp-20147,ZrMnP,174.291,111.101,183.7817003767883,121.74492920216112
mp-2015815,PCl3O,2.568,68.257,48.513296268352114,24.906244424971383
mp-20192,HfMnSi,163.306,85.586,177.99439147495627,121.94171572080562
mp-20203,MnCuP,104.956,25.421,97.0833284207944,52.99691680782033
mp-20249,MnCoP,201.268,108.089,180.4354243422524,129.35880609102543
mp-20255,TiCuSi,147.728,77.37,171.18043353892742,107.79127187403498
mp-20268,TiGePd,150.678,68.935,167.4058447653712,83.58690184983413
mp-20281,DySiIr,146.12,72.446,176.49489445875088,84.59304127838774
mp-20335,MnNbP,227.683,277.419,254.37497481217,135.3388949938907
mp-20395,VAsRh,183.377,76.499,190.82727703511244,87.19010186958512
mp-20436,TaSiRh,234.349,118.177,270.16841170741975,131.63498282250544
mp-20489,SrPbO3,105.376,50.244,121.38079841674048,63.07418255817337
mp-20490,NdNiSn,82.249,33.482,95.20732374254212,46.0542970550767
mp-20492,ScSiRh,147.712,73.9,170.24386851720672,83.15480977536895
mp-20525,CuSO4,63.477,28.551,163.37081868635724,102.48545947146827
mp-20557,YSiNi,104.111,62.677,127.2948800591472,64.14542123567418
mp-20697,ZrNiSb,133.345,55.766,152.88727580702547,78.84290036773716
mp-20733,ErSiIr,151.348,78.089,180.65751799352353,88.57630217900247
mp-20777,SmCoGe,100.361,52.148,121.5267834087376,59.42336166762554
mp-20892,ZrFeP,195.86,119.784,225.4800585685298,132.43530912643607
mp-20932,NbNiP,215.347,97.397,252.04345619459696,107.10770522356673
mp-20949,MnSiNi,162.799,86.46,164.18300538685932,106.20782365777212
mp-21003,Y2ReC2,122.595,74.404,187.6586889037648,97.87219173736874
mp-21069,YSiRu,131.731,50.299,152.45010987492705,66.1754520528618
mp-21157,TmNiGe,108.787,61.869,124.69672370339224,63.46596371297114
mp-21248,NbSiIr,244.124,121.83,280.9519510753559,138.37125062832385
mp-21286,MnCoGe,145.917,63.269,168.99758749754432,89.96786364655904
mp-21306,TiCoSi,185.534,100.664,209.4074583579144,123.31356338750167
mp-21316,TaSiIr,258.184,125.054,295.7132485302703,146.8096581426349
mp-21336,TaFeP,254.448,143.287,294.5142741530124,153.09131443557686
mp-21340,HfGePt,176.04,79.095,200.6669661723446,92.3623165464708
mp-21347,CoBMo,299.575,177.92,344.0350263578623,165.9719572247087
mp-21371,VCoSi,216.773,113.415,223.76285772182936,130.2002657822845
mp-21449,NbCoP,233.807,118.544,270.69353984590526,129.98917915033127
mp-21455,EuAlO3,177.251,105.877,192.42041293975083,117.15642865517752
mp-21464,CoReB,352.135,122.896,397.3815008711233,173.29648617298494
mp-21490,CeSnPd,77.982,32.062,90.62019246573784,41.65777260397015
mp-21495,CrFeP,238.171,144.123,212.6531516680251,150.12852320384184
mp-21609,SrCuN,67.221,34.378,89.20921590066543,44.6966322397388
mp-21851,MnSiIr,163.928,77.404,206.0622409131078,102.99740624998
mp-22036,ZrSbPd,129.477,35.872,149.34925964070868,64.80654614172443
mp-22174,Zr3NiSb7,88.746,53.506,103.85784442314542,56.132364716871145
mp-22206,TbCoSi,110.589,62.194,136.49873843312434,71.9620701239648
mp-22212,NaSbO3,128.735,94.186,172.18549315718008,113.66720038930048
mp-22220,LaLuO3,146.049,71.956,162.89568530551006,89.05595129568844
mp-22227,ZrMnSi,146.187,81.493,159.4690013832653,112.41630794171876
mp-22258,HfSiMo,188.59,103.44,213.24710183709303,130.5476769504969
mp-22262,CoMoP,244.767,123.348,288.55853727747285,132.18471610016033
mp-22268,ZrPRu,208.218,108.505,236.0044545819052,116.86235516935562
mp-22275,YSnPt,108.198,41.035,122.95714814542386,53.08285751382112
mp-22284,SrInPt,62.337,26.962,70.28020973377377,27.74233042057336
mp-22287,NbGeIr,223.174,94.126,257.2978045804853,115.7016212885882
mp-22302,ZrVP,177.538,107.666,204.0105753242887,127.45138963805242
mp-22307,ScSi2Rh,140.355,85.12,171.16339969475663,90.81184338184
mp-22390,SrRuO3,166.165,71.269,184.411971937355,81.40584816044566
mp-22414,CuSeO3,27.12,28.384,139.8530727924224,63.00671275597471
mp-22426,ScSiNi,134.315,71.704,148.1892954803327,76.11590245524086
mp-22428,SrCeO3,113.27,51.662,130.03626343541066,60.85959257458782
mp-22434,HfFeP,216.434,126.335,233.5903447902185,139.78475153847012
mp-22440,LuSiIr,158.407,84.508,187.40755549025133,91.09808432307264
mp-22489,HfCuSi,153.001,87.244,169.9195325570048,104.80315364833476
mp-22522,ZrCuSi,145.249,85.05,157.87427230163905,97.17250359364051
mp-22546,CoAsRh,195.109,63.555,228.15581353516865,85.54607357044583
mp-22565,MnSiRh,154.446,70.41,186.8273408126209,90.95285975205822
mp-22617,YNiSn,88.056,43.823,104.097111431503,54.13740288468714
mp-22636,TaNiGe,196.746,73.151,234.37246981736268,115.90531165114906
mp-22637,HfNbP,179.549,100.086,205.06140581625297,115.1155462832326
mp-22670,HoGeRh,120.656,55.178,138.84186039861146,62.33219642732488
mp-22701,ScFeSi,126.32,60.573,145.89271431868264,88.23842471162276
mp-22722,NbSiPd,194.818,82.78,223.1362733919727,107.39019117217032
mp-22759,CoBW,325.769,195.015,379.9034393371271,187.39689995287745
mp-22801,LuSiRh,137.113,70.8,159.85698403151832,73.31069257154276
mp-22971,SbSBr,7.311,3.768,50.00635091514519,25.576279986805257
mp-22982,CuBiS2,49.799,22.669,78.36945488522925,34.95337743875658
mp-22996,SbSeI,7.09,5.167,41.82738812448223,21.826115338206662
mp-23013,U(ClO)2,24.898,15.1,96.06250001699054,38.48974921463616
mp-23041,SbSI,6.858,45.967,44.91112002624459,23.291792028273303
mp-23514,BiSI,7.175,20.538,46.20113492242693,22.167310256035385
mp-23526,KClO4,16.231,8.709,87.76686208907238,58.61021357316113
mp-24290,HS7N,1.828,0.961,49.26118683817618,24.25101010180177
mp-2719342,Ca2SiO4,99.117,45.967,146.8136239139902,89.67551149681428
mp-27381,CsSnI3,9.875,4.784,18.913227793851675,8.854706045121173
mp-27425,Sr(HO)2,41.76,25.359,86.5252062829423,46.19115570072115
mp-27865,KMgCl3,31.053,15.706,37.61267916191172,19.46828942255682
mp-28024,YSiPd2,126.394,50.1,143.62313458111353,60.75244412135725
mp-28049,BaBrCl,15.233,5.971,29.97199955338066,13.710075455521729
mp-28270,KCuS,16.721,5.768,35.18979080553678,15.373180239813957
mp-2878,Li3PO4,70.849,42.146,142.29001671291084,100.53679811856875
mp-2879,SrSnO3,137.515,74.953,153.52136716864567,90.59626568737556
mp-2892,BaNd2O4,97.689,48.593,122.88430198531196,65.46136853940537
mp-2895,Mg2SiO4,119.124,74.609,180.86337452050853,120.01517781219638
mp-29356,NaTi2O4,143.935,77.985,205.98807438752615,101.99642240853414
mp-29374,KGaSb4,21.147,13.849,41.43002915966,27.222972347106523
mp-29476,Cu3SbSe3,51.967,17.901,73.2782989171455,30.8926211510335
mp-2955,NaMgF3,69.146,41.752,82.96475012919511,49.761289947146814
mp-30057,LiCN,23.889,8.104,53.32614796082743,24.252800108980985
mp-30156,LiMgN,96.016,79.534,109.41556671146051,86.26958133924121
mp-30206,CsClO4,12.446,5.747,71.45427223094993,47.107790444761406
mp-30209,LiBH4,15.533,7.936,55.34435434989821,42.78451185481426
mp-30301,LiClO4,30.023,18.037,123.47624677173587,85.83788330277015
mp-3031,BaSi2O5,58.4,34.2,140.20092345719388,90.00153144143334
mp-3032,RbBF4,16.78,8.554,69.2224732735008,38.5766026726613
mp-30437,CaSnPd,66.403,24.277,75.71472515369652,30.70565616281029
mp-30528,MnTlCl3,34.135,12.796,39.1291206452587,16.32216760912727
mp-3081,BeAl2O4,214.562,147.365,243.29674696709168,174.6082811364543
mp-3102,TaCuS3,39.914,25.486,112.94206581960049,60.30498502993471
mp-31116,LaScO3,153.924,79.013,174.0072494870015,91.84130246433658
mp-31118,SmScO3,162.11,81.837,181.66746558554308,100.09205236450208
mp-31119,TbScO3,163.461,82.231,185.6030487049305,104.4900424988492
mp-31120,DyScO3,164.678,82.262,186.40552119300204,105.1270322480201
mp-31152,CaGaPt,81.877,24.132,91.42768917166356,34.03781867100911
mp-31153,CaGePt,89.711,35.644,99.23133700133172,40.019819039671795
mp-31468,LiCaN,69.668,40.787,75.33230102982948,48.1218264178598
mp-3164,BaSO4,51.775,20.306,127.19202166339696,82.19977779327898
mp-3196,NdGaO3,161.789,76.582,193.43815475172795,95.51492688909936
mp-3204,YbSnPd,69.65,25.619,108.98537147166095,46.49415222485777
mp-3372,Rb2SO4,25.157,13.378,83.7639433654744,56.36333491106267
mp-3378,SrHfO3,155.349,92.483,179.5639930745365,109.0832424503675
mp-3472,PbSO4,38.265,20.584,147.93220942687168,84.03133408429154
mp-3733,BeTl2F4,24.832,8.47,53.33530539782309,24.27461636916508
mp-3792,YAlO3,190.06,111.803,223.10752391535212,134.19712664721465
mp-3795,NaZnF3,68.824,30.263,87.33307422847113,37.6835820299961
mp-3822,SrCO3,60.547,29.338,114.52117395091835,66.29176718683279
mp-3917,Cd2GeO4,99.731,33.82,137.75082231108962,62.886639320160626
mp-3952,BaY2O4,113.773,59.353,133.75687232592065,75.01661935575969
mp-3991,UMoC2,255.507,145.732,291.4697283506702,161.3750419304767
mp-4019,CaTiO3,172.274,102.365,195.63852323375465,116.12968221867165
mp-4054,YAl3Ni,96.501,59.711,102.46568084681994,69.58462991792706
mp-4056,CaSc2O4,144.156,82.699,171.62483399623827,104.57168452454977
mp-4112,Tl2SO4,23.802,8.835,85.0544497438375,49.16556416682273
mp-4192,Ca3AsN,59.9,45.452,67.02390128371871,50.57066116517955
mp-4308,PrAgAs2,74.255,42.754,86.39313898395659,44.00163653074825
mp-4355,YTiO3,184.267,77.988,210.66651929070315,96.0088361249588
mp-4387,SrZrO3,145.804,82.978,170.976670547732,99.98096710466513
mp-4438,CaSnO3,143.373,77.611,160.19692029367715,93.501396276794
mp-4468,CuSbS2,46.586,26.263,77.4406709156278,37.00825963508098
mp-4471,ScAlO3,205.767,116.509,235.2227190250549,139.80225734536532
mp-4481,Ca2SiO4,89.257,49.717,137.14294206402235,87.63817150276691
mp-4499,MgAlSi,67.736,39.357,75.75248450548848,30.37183029015658
mp-4500,ZrNbP,173.675,100.233,194.43476377426455,109.9598133203732
mp-4529,K2SO4,28.688,16.186,94.8538752446894,65.18245394384704
mp-4571,CaZrO3,149.043,85.19,181.66337270344428,104.75165448005872
mp-4626,CaCO3,71.259,33.183,131.48865508625246,74.41117146805442
mp-4789,PrRhO3,178.185,61.536,199.5878629624092,90.2551367729356
mp-4864,CaMgSn,40.739,28.662,44.49258776520483,31.657940575249665
mp-4934,Al2SiO5,176.285,183.311,216.21138978488335,137.0277851228611
mp-5014,CuAgS,43.849,16.322,80.1757639468212,30.889491240568063
mp-504935,K2PbO3,38.231,19.096,68.70839020273118,33.606586492714726
mp-505206,Ta3SiTe6,20.916,15.495,95.03759615100408,56.936209603325
mp-505282,CeGeRh,109.376,29.558,124.6981904418431,42.017863878428194
mp-505540,TiAsRh,176.642,76.463,206.4945215728289,95.12007092507636
mp-5056,Mn2SiS4,57.588,26.202,75.43748330668915,40.31316087732643
mp-505782,Cs2SO4,21.231,10.568,72.01996474404118,47.03560040887735
mp-505822,TiSiRu,189.963,75.142,214.5377113610085,101.95210325409568
mp-510152,DyNiSn,22.797,5.475,104.9098693291042,53.3141060699002
mp-510409,TiSiNi,176.474,104.824,194.94005879806232,116.54370874939062
mp-5126,ZnSO4,71.11,32.925,170.78728654248363,108.01654245081586
mp-5158,KNO3,17.312,8.418,51.8431512756464,33.946538866327124
mp-5163,LaRhO3,173.36,58.779,190.96408802379085,81.97718201678187
mp-5186,ScNiSn,93.391,38.313,114.89376780772449,58.67566687800662
mp-5193,SrZrS3,69.284,36.069,84.45799907481253,46.03158565716709
mp-5223,GdAlO3,184.501,108.981,223.48412616490495,131.63959068844858
mp-5251,Ca4CN4,66.517,33.929,95.3093658225054,57.54980459362863
mp-5285,SrSO4,60.595,25.048,144.58813169501605,92.4607910969526
mp-5305,CuAsS,66.107,30.222,78.47369802047584,36.47821608636227
mp-540771,BaZrS3,69.975,33.616,80.6558989286665,43.42863574552637
mp-540839,CsPbI3,9.811,4.607,19.288554215012944,8.612800266772826
mp-542172,YbMgGe,48.382,40.06,75.2970049642787,47.062585780422744
mp-5473,CaMgSi,50.491,40.749,56.04515796648744,41.905287590067715
mp-5504,BaCO3,51.872,21.914,94.21074571909718,53.96698750960126
mp-553939,CaCO3,72.622,29.508,129.96518280804466,80.26855383969833
mp-556075,SrDy2O4,113.78,63.877,142.46092554338188,84.7086709067606
mp-556084,KClO3,15.73,8.247,66.71752019750583,41.22574042165925
mp-557753,K3PO4,36.838,19.669,84.39228316528052,50.00013209353452
mp-560445,SrEr2O4,120.303,68.24,147.7728182370768,88.92146650190082
mp-5637,SrZnO2,92.231,50.077,113.57003610992834,63.34670091876511
mp-567601,Sr4CN4,52.92,25.037,76.63135390825657,44.652739343940254
mp-567681,CsPbBr3,11.602,5.511,22.526198939986585,9.891189010053797
mp-568424,CaAlAu,66.363,29.879,72.58827752123163,32.084553814069906
mp-5690,GdScO3,162.616,80.921,182.53607924985985,100.99821364196752
mp-5692,TbRhO3,185.684,68.207,220.78841076842633,107.42379482192511
mp-569267,Ca2CdSb2,28.687,19.747,45.15755750354548,28.3972187969318
mp-569511,NiTePd,120.245,37.576,137.26130505464857,45.22471122202931
mp-569628,CaCdAu,53.32,22.156,58.96616234736833,22.64537021838584
mp-570689,CaInPt,72.999,28.849,81.05752198731673,31.414680863713084
mp-571440,K2CuBr3,15.253,7.497,23.342236860494307,11.493682625023174
mp-5788,NaUO3,83.733,53.954,151.66348276327415,69.49520899236296
mp-5900,Ba2ZrF8,48.085,23.193,97.51236125050087,43.16237323729809
mp-5915,TlNO3,21.657,8.29,91.1719858349042,49.18809080364624
mp-620571,CaInPd,60.927,22.758,69.17508436951063,26.753801422750502
mp-625152,AlHO2,144.446,113.213,231.593730966193,152.78419067976904
mp-672645,TiSiRh,187.886,89.044,215.28624808520425,109.927972972412
mp-695998,K2ZnH4,16.778,11.148,30.372516212533768,20.193278912484537
mp-7066,ScNiGe,124.163,63.254,135.55766831915557,68.93910137218256
mp-7352,MgCuP,91.308,48.485,107.52229858521966,46.206970492924086
mp-7405,SmAlO3,179.771,110.879,220.4346260595647,133.42736153640118
mp-7427,Ba(ZnAs)2,51.414,28.814,61.42166038829499,33.67060046849419
mp-753360,BiOF,44.218,27.419,135.6351688998873,52.5105686942636
mp-753508,LiCuS,38.109,15.988,53.327101180959005,34.24438047213377
mp-753605,LiCuS,26.248,16.527,59.17823159509709,26.807814183616635
mp-753656,SbOF,19.518,13.074,98.13670152602992,48.446875778777425
mp-756630,DyAlO3,191.925,113.32,225.02316148984204,136.44101097543466
mp-770771,SrSc2O4,141.067,81.465,165.68087192715032,97.33688582359578
mp-777413,CeScO3,160.352,87.319,172.9181340901651,88.50806203546047
mp-7781,CaZrS3,68.832,36.572,88.45393568477873,48.57361039230208
mp-7899,BaCdO2,78.484,36.031,92.6556701172703,43.4988011226505
mp-8418,ZrCoP,199.308,115.332,224.7742350700218,120.47799481277
mp-8487,CaSbPt,81.669,35.587,96.04191296436755,44.00181611369688
mp-861738,CaMgPb,36.51,25.863,38.10884268395788,26.589660366543352
mp-864645,YbSiPt2,128.857,47.427,189.58445618270895,84.20643106936923
mp-8754,NaLiTe,24.832,15.62,26.397350987510993,17.71677064743861
mp-8983,CaSiPt,102.152,40.756,115.16523728488696,45.53888561462851
mp-9225,ScSiPt,149.146,61.333,169.69915991858988,67.62731231955664
mp-9440,YbAgSb,53.668,25.323,86.13071320162936,32.41200352003298
mp-973217,SbSI,6.279,1.942,41.27835301780173,21.35966979739028
mp-9801,HfCoAs,177.383,92.377,204.5455499176145,109.40710264595346
mp-984714,AgAsS,46.738,14.032,62.240908351135545,24.484227207678565
mp-985583,Li3PS4,22.427,11.673,57.38854455043258,35.0737148548843
mp-11694,Cs2Pd3Se4,15.031,5.749,51.657564083872806,23.229362885821644
mp-11695,Rb2Pd3S4,18.72,7.235,65.37705009316988,29.35920992926245
mp-13992,Cs2Pt3S4,20.277,6.76,73.00866794682753,31.006910106354983
mp-14336,Cs2Ni3Se4,13.155,4.317,51.49266442931791,25.636033291973785
mp-14338,Cs2Pt3Se4,15.169,6.519,63.69315868946082,26.654681366888113
mp-29752,NiGePt2,195.587,57.888,230.20664942263343,66.77654725408358
mp-4030,Rb2Pt3S4,22.197,8.082,79.5599134417203,32.59475527757898
mp-510268,Cs2Pd3S4,18.92,6.469,59.35732902419797,27.38215521466607
mp-8895,Ca2B4Rh5,156.278,81.829,189.00675363321415,90.84499692881889
mp-8896,Sr2B4Rh5,146.854,79.667,180.00314786514744,83.30055511880806
mp-15999,Li3AuS2,40.186,20.397,53.607143110615105,26.64475099808245
mp-20618,Y2Co3Si5,142.289,61.852,164.3261918611826,95.74874042140472
mp-27227,LiAg3O2,66.519,19.457,97.65257022199523,30.941587550885185
mp-2884,Cs2Mn3S4,24.479,11.784,31.104724190646753,22.109212732091844
mp-3527,Na3AgO2,50.007,27.831,59.657865572421265,31.914462091439145
mp-5122,Na3AlP2,28.353,15.648,43.81943503597428,26.130070283636854
mp-561830,Cs2CoS2,17.491,5.807,30.24574643863971,16.479289604092934
mp-6960,Rb2SiAs2,17.864,9.887,36.22242179502268,22.087163549319285
mp-754352,Na3CuO2,50.896,26.427,64.25201135476068,36.431470223989635
mp-8187,K2ZnO2,42.145,9.082,62.32072207061577,32.3035831375255
mp-8543,Na3AlAs2,23.337,12.749,38.97218317322,21.962921768819033
mp-8932,Cs2SiP2,15.288,8.595,37.59122371824754,22.919294878110833
mp-13109,SrHfO3,157.502,87.118,177.9559278317733,107.45970554042138
mp-13475,CeSi2Ir3,195.504,103.095,230.6800316786699,107.14587589912124
mp-2923,Ca2Os2O7,157.29,79.679,201.54074813186548,97.08362945692556
mp-5391,Mg2SiO4,156.143,102.589,201.3316420355627,136.8760715511757
mp-5392,Mg2SiO4,111.352,65.679,177.1937698992669,117.66176873575628
mp-568803,Mg(B6C)2,228.181,213.484,290.5841454909978,251.34322162866516
mp-675464,CdIn2O4,132.026,41.566,142.98700178942238,64.96230632577213
mp-8204,LiAlB14,194.262,188.166,259.03469287429397,216.94595200365652
mp-8535,ErSi2Rh3,171.529,93.249,203.2253966926064,105.46907192678876
mp-1190619,Ca(BH4)2,19.985,4.36,58.85654509760986,44.34983188146028
mp-14622,Y(BIr)2,197.034,43.85,223.73649697616233,82.95651190192247
mp-23850,NaH2N,13.017,10.054,49.53758381427333,33.074270796427655
mp-27175,InOF,135.341,57.034,147.2075997224412,67.96931023675239
mp-3348,LiBIr,163.719,69.518,184.29482387735433,79.81550310288691
mp-4770,Na2SO4,42.716,21.97,115.69160773139242,76.75644880321015
mp-5141,Na2SeO4,37.641,21.775,100.0055673541634,59.63143081937756
mp-5625,Ag2SO4,48.044,11.243,118.6383400241358,55.80995224344354
mp-6939,Sr(BIr)2,165.802,67.481,187.63158709591275,79.66835838427694
mp-754084,Cu2OF2,24.57,10.449,54.16859644341593,20.928873587886788
mp-8431,Ca(BRh)2,151.502,52.405,169.46146258325865,69.58957537300884
mp-853967,LiCuS,42.412,15.398,58.16360337310807,26.659980316605797
mp-10055,Co2B4Mo,312.139,184.439,355.12370525105666,181.09161745345273
mp-10076,Hf3(NiGe)4,157.766,87.552,180.10756811519445,98.50589138245566
mp-10244,Zr3(CuSi)4,148.032,84.654,164.9912936071918,99.73473176811004
mp-10245,Hf3(CuSi)4,155.079,84.106,171.23448819821968,101.7520193255438
mp-10247,U2CrN3,225.315,98.863,249.54721991390107,121.88969250362344
mp-1025183,Ho2B4C,165.827,135.007,192.59411015423208,151.20345596530396
mp-1025246,Er2B4C,167.373,137.312,198.06211949183609,154.29211582759052
mp-1025379,Tb2B4C,160.424,128.824,186.29629622843945,141.9998131961396
mp-10527,Y2AlSi2,84.925,53.174,94.35721232198168,70.58779968117891
mp-10528,Ho2AlSi2,88.264,54.353,96.1802980055436,71.2643852383805
mp-10669,Ba3(AlGe)2,33.114,21.056,38.3577828389452,26.262674453158688
mp-10670,Ca3(AlGe)2,45.848,34.119,51.40215784806857,38.61711765075182
mp-10671,Sr3(AlGe)2,40.325,29.986,46.27027488734221,33.89960352080253
mp-1087505,U(FeB3)2,201.105,194.582,291.4726803061931,220.3310158017207
mp-1101850,Ho3(CuSn)4,82.772,121.332,95.1438977387724,56.27487837194292
mp-11113,TiTeAs,77.175,60.194,92.199709211259,57.029370504260505
mp-1220650,Nb4B20Mo11,303.254,195.691,350.52035258207087,227.28337595148463
mp-12414,K(USe3)2,36.136,22.025,61.28237054073064,31.565750639895377
mp-13431,Dy2AlCo2,82.859,30.594,100.943744219202,40.156293719531504
mp-13535,Tb2ZnNi2,70.66,31.218,92.88649274552982,32.05324848207081
mp-1394400,YSnF5,55.059,20.038,73.55071011869772,26.225536369596448
mp-15722,Fe2B4Mo,322.925,169.103,339.68220177908483,196.85740882680955
mp-20054,TbGe2Pt,111.302,52.781,137.13027719456937,66.65068204257443
mp-20844,Dy3(CuSn)4,81.322,17.296,94.04745916976988,55.38683018969036
mp-22313,Na2PtO2,73.912,27.803,100.04176933254676,47.42485254827043
mp-27471,NbPS,139.088,72.998,173.37962331887803,101.32139109177773
mp-27562,Na2Pd3O4,94.869,34.888,130.2802267772518,62.18737976099784
mp-28683,Ta(ICl)2,3.984,2.594,49.10385402350022,24.69341798053939
mp-29025,Li5Br2N,26.516,16.903,34.00503105358238,23.509452542813296
mp-29133,OsCl2O,36.377,22.51,101.98682391930616,48.62978863801646
mp-29352,Ba2PdO3,86.049,44.286,96.90906023250956,48.8192360565861
mp-30472,Ca2GaCu2,53.652,25.146,53.68425300990214,24.99891556184257
mp-3155,Sc3FeC4,174.3,121.834,203.50605855090825,127.99948879901795
mp-38818,HfNbB4,268.54,221.748,332.6497349780071,246.71654004871704
mp-3923,Th2MnN3,197.985,101.138,201.56247015274857,104.85141685048104
mp-4359,Sr2PdO3,97.839,55.987,110.2476890667004,60.716592760941985
mp-4711,Li2CuO2,84.8,43.976,99.46790026517456,60.639642563146005
mp-4817,CeAl5Ni2,96.912,61.918,109.62303398754052,69.0613963005319
mp-5075,Sc3CoC4,177.226,121.093,202.76176712599025,122.55423744480665
mp-510076,Rb7Au5O2,14.598,7.755,21.68372715458708,11.603726087191644
mp-540584,K2PdO2,54.425,17.436,70.12369336318643,34.895520799205755
mp-5456,Sr2CuO3,96.649,53.877,106.35847778518044,61.63357240682273
mp-5495,Ag2PdO2,84.084,16.27,129.67093614367118,38.34742187090413
mp-556953,RbPS3,8.701,3.385,42.49098675511754,23.0424814426162
mp-568541,Dy2B4C,164.005,132.338,192.93688798285496,148.23377286527062
mp-571420,Ba(NiP2)2,93.31,49.484,102.59402309622928,58.06780681556098
mp-5869,Ca2CuO3,112.399,61.191,117.33078075636372,69.25353103423852
mp-604516,Y2AlNi2,68.417,34.404,93.03228691141452,34.362866541516276
mp-7068,Sr3(AlSi)2,43.146,31.93,48.82004173307722,34.66063237644994
mp-7376,Sr3(AlSn)2,36.254,25.252,41.55339056056119,28.50933046953289
mp-7377,Ba3(AlSn)2,31.429,20.566,35.09373555059035,22.420470972558373
mp-7524,NbPSe,127.788,74.558,156.0055960472398,94.68764401052438
mp-755974,Na2CuO2,67.632,24.372,78.52434152641702,37.2991921853979
mp-7573,Co(BW)2,335.374,208.11,403.024691390122,231.03669500223896
mp-7608,Li2PdO2,91.447,43.646,106.48794223164428,60.57401497511843
mp-768197,Li5SbS4,38.444,24.406,51.765777810028965,32.44850023162972
mp-7928,K2PtS2,35.048,17.968,52.268857780941055,25.602987446218492
mp-8249,TlPS3,10.753,5.047,49.31983749266694,25.771683778940737
mp-8267,KPS3,10.254,4.41,45.85669345360336,25.188132303237005
mp-8621,K2PtSe2,28.157,14.58,44.04129243564584,20.657353680895135
mp-8622,Rb2PtSe2,27.207,13.652,43.07572500454903,19.92911387828821
mp-8623,K2Te2Pt,22.506,10.459,38.13096595035068,16.32209260313417
mp-8790,Ba2CuO3,77.113,39.302,90.33314404740555,46.850762879792214
mp-882700,KTiF4,35.497,13.954,68.10984276740078,29.19168556669568
mp-8996,Sc3RuC4,182.544,108.952,211.9128525049848,124.1289406062463
mp-9523,Rb(ThSe3)2,36.343,19.856,62.1749136278024,30.37650064481606
mp-9577,Ca3(AlSi)2,49.839,35.571,54.44670691488077,40.50343086481371
mp-9578,Ba3(AlSi)2,35.047,21.934,41.021830022863725,26.63440516510881
mp-975640,Pr3(CuSn)4,79.671,48.022,86.08802107515532,49.84789123483528
mp-997055,CuBiO2,73.064,21.79,109.78621826100336,45.8812315611604
mp-9999,Ni(BMo)2,308.058,179.014,347.48850349378256,203.51554555293367
mp-2051619,Cd(HO)2,57.133,21.765,116.07546328106564,50.95835498157343
mp-2458726,Zn2MoN3,148.381,59.017,184.2042897485672,82.03917749102285
mp-30461,BiPd2Pb,83.365,23.445,96.44302450448964,26.459632768664573
mp-34579,Na3HfF7,39.246,16.325,86.11972959650362,44.229176320328605
mp-34857,KNO2,14.294,8.844,46.30629548092022,24.57045570758993
mp-675755,TiCu3O4,79.739,26.249,142.62144050730728,66.00640629087894
mp-761034,Hf5N5O2,237.818,124.731,267.3637675356459,150.37563479379864
mp-773044,LiCuO2,57.048,22.461,88.88225895053566,45.774316151343776
mp-850251,Na2Ti9O19,125.464,20.715,203.7726870652911,102.74283301496202
mp-1181812,Ca(BH4)2,15.864,10.493,62.67852556185306,49.319129561077425
mp-560340,La2Pd2O5,128.177,49.329,159.4109341505513,77.6671923483327
mp-1025331,In2AgSe4,21.185,6.531,50.904789437959394,20.790729287966464
mp-10955,Sn(HgSe2)2,23.898,13.331,47.24986125646605,20.951513133254576
mp-13949,Cd(GaTe2)2,25.359,15.703,41.21887273841512,21.624772473040608
mp-15776,Zn(GaSe2)2,36.647,24.208,57.070967930804336,31.38067475946749
mp-15777,Zn(GaTe2)2,29.631,19.075,44.35664017519125,24.15838973712018
mp-16337,Ga2HgTe4,25.141,15.716,41.453872899797055,21.21316404405854
mp-19765,In2HgTe4,20.25,12.565,36.5988084205498,18.03017841964993
mp-20025,Mn(GaS2)2,38.003,22.73,69.36617597813954,34.130639330345126
mp-20261,Mn(GaSe2)2,32.669,19.199,55.41751240047538,27.751321415699035
mp-20731,In2HgSe4,23.239,13.929,46.67983662397278,21.68486635131714
mp-20790,InPS4,15.077,11.744,59.39418628431154,30.587682178347205
mp-20832,Zn(InTe2)2,23.091,14.549,39.25821395902154,20.4174897628104
mp-21374,Cd(InTe2)2,20.89,12.794,36.20255723903727,18.34793330777359
mp-22304,Cd(InSe2)2,23.569,14.371,46.96867141274492,22.200477521103696
mp-22607,Zn(InSe2)2,27.992,17.561,50.513798268562546,25.466418608105993
mp-23485,Ag2HgI4,10.806,5.389,24.74409652059981,8.371440399040198
mp-23702,LiH2N,28.876,21.892,83.8485391132942,55.27513191135946
mp-29403,GaCuI4,8.702,4.898,26.06523001865164,11.022240443581165
mp-3038,Al2HgSe4,31.433,19.26,55.89952123418292,28.018333612714848
mp-3159,Al2CdSe4,31.918,19.435,56.55314729760562,28.28590691794701
mp-3277,BAsO4,52.254,42.303,171.02662434440796,97.89497403691868
mp-3589,BPO4,59.735,60.977,210.8574160826098,128.46665608278397
mp-36592,Nd5AgSe8,60.875,28.881,79.125437419254,38.14953548925402
mp-3772,Cd(GaSe2)2,31.353,18.984,53.48047967342955,27.13213272207838
mp-4152,Ga2CoS4,40.307,28.303,73.36940131910548,38.715470657102664
mp-4452,Cd(GaS2)2,36.683,22.088,66.49497014740562,32.18916481541282
mp-4730,Ga2HgSe4,30.818,18.665,52.88705243131015,26.657791686893063
mp-4809,Ga2HgS4,35.968,22.015,65.84473419882002,31.591753025811578
mp-5046,BeSO4,37.858,34.279,165.3490145060223,101.1823199790145
mp-5350,Zn(GaS2)2,41.892,29.034,72.37916490149125,38.843615337129805
mp-540284,CuPO4,43.445,29.816,139.31871701649442,92.470877355269
mp-5928,Al2CdS4,38.504,22.514,68.62971630423911,33.77088154583193
mp-677335,GaPO4,29.965,19.522,144.4129396604918,73.57078221606072
mp-760410,BePO4,31.26,25.169,139.29502978783208,63.7243479622821
mp-7848,AlPO4,23.763,24.692,154.32259802173252,80.5853613198688
mp-7849,AlAsO4,23.997,18.753,130.96240898204672,58.28834299883662
mp-7906,Al2HgS4,37.528,22.148,68.36548134411618,33.31070530192984
mp-7907,Al2ZnSe4,36.886,24.465,59.77306635663338,32.63829627767493
mp-7908,Al2ZnTe4,28.836,19.161,45.68092195713125,24.855526594442985
mp-7909,Al2CdTe4,25.418,15.84,42.566857700480405,22.37082732519354
mp-7910,Al2HgTe4,25.112,15.86,43.375343377952014,22.15962932519171
mp-15922,Gd2ReO5,136.02,59.655,211.42012179218247,94.44113494131844
mp-1105839,Sm(CoB)4,203.871,115.136,229.8399324479644,134.31555529794866
mp-1106404,Nd(FeB)4,216.78,121.151,220.15256987044535,152.74436709137947
mp-13967,Nb5(CuSi)4,180.208,99.478,210.04410147848048,117.5926589362346
mp-27660,Ba(FeS2)2,41.504,18.92,66.5526535518681,33.11852657705742
mp-28698,Na4IrO4,41.96,21.927,96.44129953846162,46.347540129834066
mp-5327,Na4UO5,46.607,31.019,118.16760581345184,60.65462364971719
mp-755298,Li4NbO4,73.687,37.488,124.83198048857209,83.44812449312745
mp-7714,Li4UO5,85.449,52.804,156.95986916263993,84.22304996243578
mp-867568,CsTi6O12,116.019,52.941,187.0480562772532,97.1764980804128
mp-10519,Cu2SnS3,66.366,27.459,76.94869042442885,34.12559812714142
mp-11658,Cu2SnSe3,55.604,22.247,65.02049648471892,27.26771417931095
mp-15252,Cu2GeS3,72.817,33.867,83.40813539877477,41.1564306789011
mp-15895,Cu2SiS3,78.369,35.964,95.87363911535832,48.2644432156923
mp-15896,Cu2SiSe3,63.392,28.611,76.17387622947375,35.35622285662826
mp-18163,Cd4GeSe6,28.173,15.493,55.10885801557328,29.63138752886697
mp-20753,CeCoC2,171.563,77.456,203.90060834161005,94.27409892658122
mp-36066,PNO,53.348,54.638,190.57744620094567,117.09645381071996
mp-5151,Cd4GeS6,33.377,17.369,66.23776678519404,35.70841721257757
mp-674953,Cu2GeTe3,49.179,21.681,57.6107464145877,23.79837886260028
mp-675120,Cu2SiTe3,51.832,24.981,61.700681642139585,27.60613138093747
mp-675880,Cu2SnTe3,45.399,19.187,53.830678790045354,21.25283036182752
mp-677105,Cu2GeSe3,58.829,26.47,69.59008089037192,30.87604323452139
mp-685991,Li5SiP3,35.658,27.044,53.80061499743221,40.06367221554941
mp-752401,Rb2ZrO3,35.661,13.136,78.49601357304684,36.70140790867762
mp-752467,NbO2F,94.407,57.843,170.84153309997447,78.25710112597491
mp-8761,NdCoC2,161.032,81.561,198.0824611894056,100.00561634570352
mp-11736,ZrSiO4,222.449,101.928,272.10024123704363,147.86912313454226
mp-12523,YbPO4,100.063,48.444,232.5860326127952,141.94422460262928
mp-15051,Nd(PdO2)2,147.983,47.35,187.53302638116463,71.73974521071597
mp-15053,Y(PdO2)2,155.622,61.345,197.2360888222486,80.50889891271892
mp-23034,SrZnCl4,32.01,12.913,43.18138139177767,19.565445138799593
mp-23562,KIO4,20.199,10.494,88.50737633595115,44.88561975726623
mp-23704,NaAlH4,19.606,13.109,44.627925394613,26.745556742125036
mp-28567,LiBiF4,75.053,26.886,100.31484992702728,39.39670110472658
mp-28995,Cu4SiP8,89.914,54.3,105.31453582745522,61.95413379405898
mp-3700,LiYF4,79.743,31.762,101.65530156975558,51.16490412843569
mp-4757,KReO4,18.263,11.252,124.79005267615864,53.91971919762648
mp-5078,SrZnF4,61.603,22.407,79.77740915065723,37.67333882166503
mp-5104,CaZnF4,69.912,23.473,90.40361991845602,44.03801530600984
mp-5558,NaReO4,21.527,10.392,153.3654877770913,68.80304929280763
mp-559598,LiScF4,86.711,31.055,114.19517361154928,56.68627239143166
mp-753911,GdAsO4,138.263,59.557,188.1508682998267,103.43913336643666
mp-759541,Ba(PdO2)2,65.978,24.505,143.07976702452152,51.3537217038502
mp-7621,KTcO4,17.135,10.609,106.97340267710172,48.66023743404423
mp-772099,Cd(CuO2)2,127.189,48.069,169.33141042572214,66.10597078715728
mp-8042,ZrGeO4,202.683,86.908,243.75427406583023,128.195103340034
mp-9755,HfGeO4,213.567,93.452,254.62128422987468,136.26644698859474
mp-9756,ThGeO4,172.653,65.809,201.57340233358929,98.05423784340358
mp-976291,LiAlH4,24.716,16.29,52.67046650702726,38.29565547990527
mp-757031,Mg2TiO4,146.153,71.912,184.94557829935513,111.25248738049264
mp-33880,Sr(GaTe2)2,22.92,13.8,41.896854929453966,21.991546818980193
mp-37091,Sr(AlTe2)2,23.229,14.651,42.87741110181863,22.4353952666668
mp-38394,Ba(AlTe2)2,21.215,13.061,39.440798255979374,20.705785607841253
mp-677072,Ca(InTe2)2,22.877,3.435,41.92917195645056,20.771807789480796
mp-28273,K3CuO2,27.774,13.205,43.169298546591556,22.06703343829396
mp-3427,LiAlO2,92.356,52.968,151.44820699866025,102.21431944793817
mp-8537,S(OF)2,3.686,1.6760000000000002,76.98846934782723,52.52947773040627
mp-29816,Ag2HgO2,39.693,12.451,81.30302947086192,30.547266178888545
mp-11596,PrBPt3,167.556,61.066,190.04110303161764,59.87518082798802
mp-11597,NdBPt3,170.929,60.983,191.81761326068687,60.11316998433172
mp-13108,SrHfO3,156.926,91.657,179.80690068488886,106.82640876088774
mp-1391774,Ti(BiO3)2,35.72,246.489,121.36312865556204,48.02579031292567
mp-20459,TiPbO3,65.557,40.241,164.89079647049334,70.91921138918445
mp-22435,CeBPt3,174.986,62.475,194.57226670360325,63.74603919197232
mp-2795318,RbCaCl3,24.006,12.606,27.45833215339339,13.634756706416267
mp-4342,KNbO3,109.845,60.647,187.00560551287828,107.7975426015938
mp-5986,BaTiO3,107.183,49.773,170.8880713607672,105.1773262778914
mp-760376,KTiO3,52.449,24.293,113.7163759516066,104.19526117907265
mp-1019573,CaAl2SiO6,126.05,71.871,198.85290419582503,128.0933046099379
mp-24390,CaPHO4,72.678,39.173,161.67591263652795,105.42416101936668
mp-6081,Ba2Ti(SiO4)2,81.257,35.951,144.63238459332635,82.95957420578465
mp-1025276,Sm2AlNO3,177.684,110.244,212.53766794189644,131.74406145289177
mp-1025277,Pr2AlNO3,171.663,102.849,200.75430911409825,121.32176656281727
mp-546679,Nd2AlNO3,174.661,105.689,207.25432883833332,128.88170539097226
mp-557950,TiZn(BiO3)2,83.663,70.619,163.9973249678032,74.73843923722026
mp-19949,Sc2Cu2Ge4O13,70.626,35.69,158.88197572901493,85.07973922790038
mp-6384,RbSO2F,14.178,7.871,51.82306264406702,29.850702744662566
mp-6560,KSO2F,17.575,8.399000000000001,57.1875689740125,32.216873185046374
mp-6781,AgCNO,8.598,4.82,57.18631853325673,26.10636107980902
mp-559691,Ca2Al2SiO7,101.962,53.471,156.8557685977082,99.71911068929764
mp-6094,Ca2MgSi2O7,86.507,35.75,149.5072791922044,93.9397852975654
mp-6564,Sr2MgSi2O7,86.466,43.679,141.49316868898035,88.38884144355623
mp-754213,Li2ZrCuO4,114.265,58.508,193.518408208135,101.87791123872591
mp-754238,Li2CuBiO4,90.724,55.545,143.39891553708395,71.62818064360667
mp-23996,BeH8SO8,39.315,14.245,106.35970921750628,67.31394122133977
mp-1025500,ZnCu2SnS4,63.497,28.999,73.2626497728439,34.33818265149398
mp-10824,ZnCu2GeSe4,55.144,26.528,63.02804016783491,28.79552874558361
mp-10952,Cu2HgGeS4,64.58,28.359,71.6685678914083,32.76931955328706
mp-10967,CdCu2GeSe4,50.594,22.751,59.419626467076746,25.90697503272962
mp-11770,CoCu2SnS4,68.316,27.976,71.62380690967619,32.80751107030404
mp-12015,KAg2AsO4,55.676,19.499,92.1256554615002,41.243259128222235
mp-12532,KAg2PS4,36.776,13.319,52.23865531323993,24.788447452771635
mp-12854,ZnCu2GeTe4,47.476,22.69,50.62916507980264,22.66368478515853
mp-12855,Cu2HgGeSe4,53.306,22.713,58.53639975565668,25.038610585747634
mp-16565,CdCu2SnSe4,49.675,20.463,56.398440063677896,23.646930971546183
mp-16566,Cu2SnHgSe4,49.545,20.154,55.46831082956549,22.727531788300308
mp-19722,MnCu2SnS4,64.725,23.957,71.35600414004729,31.211334862976177
mp-19896,Li2GePbS4,41.491,19.979,60.36641718690306,30.90512545512313
mp-22053,FeCu2GeS4,71.55,31.294,74.13375480239038,36.95138454675643
mp-22400,MnCu2SnSe4,50.85,19.337,57.77231592161767,24.402993816222033
mp-22648,FeCu2SnS4,70.285,26.429,68.64626872945688,30.15898869022573
mp-6408,ZnCu2GeS4,68.717,33.762,77.83937685641081,39.10385868754507
mp-6498,CoCu2GeS4,72.689,32.065,76.69795235797716,38.888768186218215
mp-9490,KAg2SbS4,30.86,10.721,45.743466836931894,19.359334864763056
mp-1025205,Y2Re2Si2C,142.796,72.317,191.0680832888524,95.37847831582545
mp-1025262,Sm2Fe2Si2C,110.881,72.64,158.87616449009676,88.62543351522635
mp-1025285,Ce2Re2Si2C,114.211,59.756,179.9078433771934,78.01644181652718
mp-1025316,Ho2Fe2Si2C,132.603,82.417,168.01816161737997,98.42672083986488
mp-1025339,Y2Fe2Si2C,124.98,81.239,165.9677199710762,96.16877232640016
mp-1025354,Er2Fe2Si2C,131.673,83.433,169.0366530669202,98.98858941296848
mp-1025357,Lu2Fe2Si2C,141.073,84.313,172.5625073924922,98.94746019328404
mp-1129406,Ca2Mg5(SiO3)8,79.469,53.835,177.00266772732877,115.51341252942834
mp-11705,Dy2Fe2Si2C,129.258,81.477,166.22896876227975,96.99918691481908
mp-1542940,TiTlPS5,9.808,4.58,60.05590633625401,33.33471550356274
mp-541275,Cs2U(Cl2O)2,12.286,5.649,41.29021622843796,18.233109216895983
mp-551092,KLiZnO2,58.328,29.535,81.95714526234552,50.19855916568379
mp-556536,Na2Zr(CuS2)2,49.275,19.957,81.31484546137013,42.66446936671991
mp-561079,CdBiS2Br,31.738,16.051,63.20329309850149,26.185927397272764
mp-567655,Sr2C(NCl)2,42.78,18.993,63.118198747407874,33.986601432862805
mp-6167,Ba2NdNbO6,124.323,48.803,144.5540588524151,77.93377345008263
mp-6624,Tb2Fe2Si2C,127.515,80.136,163.34176342284795,94.65022474822716
mp-9211,Tm2Fe2Si2C,139.272,84.491,172.15772858125652,100.15681763322624
mp-5990,CsLi(B3O5)2,30.297,17.192,114.80240989505448,78.71258436774298
mp-696752,KP(HO2)2,26.171,10.626,111.70350924806002,80.74129873246497
mp-703470,AsH6NO4,29.325,4.705,113.69486448322108,74.57523557518299
mp-557862,BaAg2(HgO2)2,45.872,17.366,84.34191843287142,30.71178012123533
mp-571594,K3AgSn3Se8,14.728,7.569,39.31003255953177,20.762037548075913
mp-1002069,NaLiICl,20.106,11.883,22.993535708599417,12.710896813793996
mp-1002081,KNaICl,14.528,8.011,16.47933190145953,8.437348707659705
mp-1002083,CsKICl,10.751,5.533,13.366909864843471,6.343306389067084
mp-1021327,KLiICl,15.287,8.606,17.939637918413222,9.377924928231316
mp-1021431,CsNaICl,11.698,5.876,13.565067025045703,6.8573900991557
mp-1025437,CeBi2SeO4,95.872,30.437,129.4662489583855,57.35682433171784
mp-1046056,Ba2TlBi2O7,27.729,8.573,88.38339639230499,41.74794724089945
mp-11147,Na5CuSO2,35.442,18.576,46.76125785356216,28.0177155970307
mp-545344,NdTe2ClO5,56.269,17.613,137.02686399760512,66.79943572738748
mp-545529,NdBi2ClO4,61.877,27.064,121.967842535429,60.63381548668093
mp-545788,Ba3ZnN2O,58.353,29.13,67.3190164915195,36.7039209845193
mp-546152,SmBi2ClO4,63.228,28.016,124.65690286149088,62.20402430614983
mp-546266,DyBi2IO4,67.212,36.507,113.80500207888572,56.19977744312085
mp-546350,TmBi2BrO4,69.604,37.545,122.12460002801504,62.29017731217144
mp-546621,ErBi2BrO4,69.714,36.579,120.99122141700384,62.2698129151476
mp-547125,TbBi2ClO4,67.575,31.122,125.95614318848055,63.71011139662774
mp-549475,TbBi2BrO4,66.169,33.63,120.46262804134152,61.12423908008162
mp-549490,KNb4O5F,139.204,85.723,227.1473882565529,102.98993500183136
mp-549709,ErBi2ClO4,70.382,34.205,127.04790320210655,65.07825693696891
mp-550111,SmBi2BrO4,64.294,31.398,118.24236359944136,59.05248488980075
mp-550437,GdTe2ClO5,61.076,20.662,140.16063856965664,69.2879542578703
mp-550566,EuBi2ClO4,58.82,30.184,112.47571228477884,55.32670359883992
mp-551101,HoBi2IO4,66.034,37.166,114.30318958422517,56.90588259526518
mp-551250,ErBi2IO4,66.464,37.804,114.15387897540062,57.41253514993474
mp-551900,PrBi2BrO4,60.739,28.69,114.15449395341592,56.60555640731896
mp-552008,DyBi2ClO4,66.798,33.28,126.13856349961334,63.74417311269746
mp-552016,YbBi2BrO4,60.024,25.112,122.00834714946704,63.93450841929151
mp-552292,SmBi2IO4,63.113,34.12,111.10726618780598,54.1206893788132
mp-552738,TmBi2IO4,68.302,37.095,115.39979578166172,57.53746007454238
mp-552857,TbBi2IO4,64.933,34.827,113.80128839898111,56.16819831063389
mp-552992,DyBi2BrO4,67.393,34.704,120.89942620880362,61.21951829088996
mp-553243,YBi2BrO4,66.252,34.566,118.95297598719654,59.805452115481486
mp-553248,CsLaNb2O7,71.326,36.293,162.50253260524164,80.42435983709484
mp-562809,GdBi2BrO4,57.14,36.117,118.32026229389234,58.33573016681961
mp-620290,Sr2TlCuO5,108.842,50.601,118.47155880923958,58.971851867392026
mp-6562,Ba2CuHgO4,66.455,24.898,83.75978776499177,41.796729812788165
mp-1019584,CaAl2SiO6,125.948,71.471,198.766203520128,128.26965673862148
mp-6442,LiAl(Si2O5)2,63.864,44.628,169.43408673919623,101.7262333130214
mp-6127,BaCu(Si2O5)2,84.902,31.781,159.03538895884026,98.62319519785588
mp-552454,SrTaNO2,178.247,121.168,218.2400532930635,132.48481435578583
mp-6468,BaNd2ZnO5,115.481,61.928,139.600764514636,74.09042708954453
mp-1022723,Ce2Cu(NO)2,145.569,60.588,174.0711058430926,77.28218326929073
mp-1024963,TbCo2B2C,171.359,66.442,213.8733178320765,110.50386376112696
mp-1025123,UNi2B2C,242.745,91.914,215.00658283049367,101.40640073908784
mp-1025127,UB2Rh2C,216.199,53.324,238.71351876475697,107.39882180140238
mp-1025280,Sr2Cu(OF)2,89.884,45.094,96.21789927480894,54.42737573421442
mp-1025321,Rb2Cr(BrCl)2,19.075,7.49,26.618010647103468,13.669837947633876
mp-1025360,Na2Ti2As2O,59.913,26.878,88.90404748888281,50.98713883888309
mp-10960,Tb2Ti2S2O5,136.183,61.451,160.7304242475143,86.51836493531346
mp-12736,TbB2Rh2C,202.448,51.366,214.49443018935153,90.47949342510618
mp-12737,YB2Rh2C,201.495,52.887,213.93185424803676,86.53679851148765
mp-12985,PrCo2B2C,205.885,65.201,204.4532356648883,100.14987463788704
mp-15901,Li2LaTa2O7,107.176,69.73,215.2659162468273,111.35533687385204
mp-21445,Ba3In2O5F2,84.511,35.548,101.9117005003289,54.17478294661073
mp-23085,Ba2Cu3(ClO2)2,45.518,22.391,58.05228628222691,29.73551234916404
mp-23095,Ca3Cu2(ClO2)2,53.19,36.986,91.82229535393353,49.12345996280667
mp-23102,Sr2Cu(ClO)2,45.573,29.537,75.66976897299202,39.72825539238239
mp-23143,Ca2Cu(ClO)2,41.495,26.242,79.69379321306191,40.70814589864156
mp-543024,Cs2Pd(IBr2)2,11.422,5.269,26.617979284908294,11.616688535786952
mp-545481,Ca2Cu(BrO)2,27.645,16.752,64.50948287248258,34.46676047072739
mp-546898,Sr2Cu(BrO)2,20.99,14.909,60.443487815612045,34.164242379605405
mp-549487,Sr2Cu(IO)2,15.256,10.073,53.27868515750072,29.975341627199654
mp-552028,Nd2Ti2S2O5,127.005,54.774,153.1410544748876,82.33925322332306
mp-552802,ErU2S3O2,89.139,35.678,114.08397903162354,56.94458436437852
mp-556004,Ba3In2Br2O5,38.546,25.265,83.84189349971292,44.83718621877855
mp-567948,Rb2Pd(IBr2)2,12.107,4.31,28.88521052401152,11.650435095449405
mp-568083,LaNi2B2C,175.52,68.222,178.16576073310696,85.06491698358575
mp-571041,DyB2Rh2C,204.223,50.0,212.56414563087515,88.97059432878747
mp-5999,Sm2Ti2S2O5,130.487,58.295,158.08039737461618,84.82642459555329
mp-6092,TbNi2B2C,174.217,71.075,206.58893015782735,112.62441671800696
mp-6098,ErNi2B2C,170.408,72.989,208.06301885304788,111.66790898670236
mp-6102,NdNi2B2C,185.091,66.271,195.61608196378992,99.85218031183108
mp-6223,DyNi2B2C,174.721,70.588,207.73224852886267,112.70811503871582
mp-6328,Na2Ti2Sb2O,52.503,29.889,72.7756082245064,38.93187576413037
mp-6646,HoNi2B2C,157.954,64.68,204.3258850946096,112.1856393936378
mp-6754,TmNi2B2C,154.321,73.834,209.59929166929507,113.60239593853584
mp-6794,LaB2Rh2C,185.956,59.085,202.544283010494,83.12209661346238
mp-6982,ErB2Rh2C,204.567,48.692,219.8345627931232,91.47220804826398
mp-7112,Sr2Cu3(SO)2,63.77,41.762,92.6192257052716,47.529992777059974
mp-990430,SrTa2H2O7,75.39,44.35,196.37202002713863,108.70760923306078
mp-1105147,Sr2YOsO6,138.817,66.968,171.05092630212624,85.2021020992079
mp-16796,Sr2GdRuO6,132.861,64.717,156.3541288245846,79.78752264327045
mp-23733,Cu3H2(CO4)2,41.379,20.925,148.66611668614635,79.25896281422571
mp-23780,Na3H(SO4)2,35.743,19.094,116.04097314439328,82.2437960010331
mp-24141,CsHSeO4,15.292,6.873,71.13059282423013,42.431822730331
mp-504600,NaH4ClO2,19.203,10.767,56.25559608020974,34.63007974368644
mp-540554,NaH5SO4,22.716,11.199,88.0810938664066,56.71409931981496
mp-541627,K3Fe(CN)6,18.725,8.879,95.78639756440847,37.30699239254386
mp-557713,Ba2LaTaO6,121.346,48.516,146.1411957449554,76.42569683765491
mp-6099,LiSc(SiO3)2,92.293,59.882,194.03980649095152,123.34954491395511
mp-6109,CaTiSiO5,115.567,68.582,195.23011044373567,117.93239675035665
mp-6152,La2ZnIrO6,151.657,41.096,181.1720770227524,67.41310247958828
mp-6241,LiGa(SiO3)2,96.585,60.422,205.8667000577059,131.41790502334348
mp-634431,KHCO3,23.521,11.61,66.2039095725217,40.60123072408948
mp-6353,Y2Si4CN6,167.246,102.676,224.73784042822672,155.7542820225922
mp-6362,Sr2TbIrO6,138.501,61.191,162.11486786422398,80.3862528244838
mp-6676,Sr2HoRuO6,137.633,68.552,161.63759515133887,86.1225994112079
mp-6726,CsLiSO4,30.843,15.01,90.07964381337416,60.98060269012206
mp-6772,CaBe2(PO4)2,84.663,51.832,183.69082027308627,120.66048584184216
mp-727932,BeAlSiO5,144.449,77.839,206.2794446869119,130.20787295720413
mp-39681,NaTi2BiO6,103.839,32.797,187.1104366129255,93.09998638252588
mp-6628,CsCd(NO2)3,27.837,12.769,93.31468455565546,44.97845305950873
mp-1020011,Li14P2(N2O)3,83.023,68.471,122.73945282756158,101.43529332303903
mp-554822,CsSb(PO4)2,28.723,27.719,131.70743893892407,92.1188201060086
mp-1412249,La2MgTiO6,145.937,73.976,183.86858347392,97.93222447857808
mp-14398,CaSn(BO3)2,111.164,53.909,156.0582249879974,100.52041119542776
mp-550081,Ba2LaIrO6,122.823,38.399,138.57031362138773,61.0826843503208
mp-555477,Ag2H3IO6,86.697,22.067,141.20497001925366,79.62132779419848
mp-568428,KNa(BH4)2,16.079,8.573,43.70490214176681,32.57096536836795
mp-6122,Ba2NdSbO6,120.71,45.988,133.50059448113845,78.50709311747265
mp-6459,CaMg(CO3)2,88.959,41.324,141.59553605114033,89.01946907371502
mp-1190751,Cs2H2C2O5,18.333,0.288,60.48197084978592,36.01640265514631
mp-20605,PbC2(SN)2,26.314,10.896,62.248058533732234,31.13167713207979
mp-23684,NaHCO2,25.163,12.017,68.50715611195446,38.498186533489914
mp-560767,KNaTiO3,58.009,27.905,109.28317828995412,55.92398243406038
mp-561536,NaMgBO3,97.556,33.187,130.4571078052202,83.33025506208033
mp-562517,CaMg(SiO3)2,76.691,49.081,164.24043994646814,100.66560441908368
mp-6333,NaIn(SiO3)2,98.189,51.456,180.26851550278843,111.74473841690798
mp-6340,LiAl(SiO3)2,132.634,77.257,219.30783319521333,144.76548241781194
mp-6553,LiSc(SiO3)2,105.957,64.604,193.72358907343167,123.1520364313155
mp-6693,CaZn(SiO3)2,97.63,52.483,184.95296645951495,110.25217969911913
mp-6745,LiGa(SiO3)2,110.559,60.904,204.7633968166362,130.8093829407915
mp-6766,CaMg(SiO3)2,102.013,65.007,185.11397907234945,120.65544289676284
mp-6822,NaGa(SiO3)2,169.061,16.845,200.06072528525056,127.19144044898242
mp-6824,Na2ZrSi4O11,89.399,1.261,169.129857101472,106.76368073642472
mp-9844,BaAl2B2O7,88.056,30.704,130.90853373104102,71.8889554675889
mp-1008506,BaGaSiH,48.357,37.37,55.2910423955865,37.0951935237725
mp-1029037,MoW3(SeS3)2,19.986,14.183,100.89866193360749,70.20081106457064
mp-568177,CaAlSiH,54.38,39.121,69.21341911809616,45.73031360872805
mp-570485,SrAlSiH,51.695,40.529,64.92060121566625,44.80594399923912
mp-624929,CdInGaS4,40.615,19.038,56.75020460827093,25.537643071511276
mp-23764,Mg3Si2H4O9,63.515,35.137,158.13614283243953,98.85705410561324
mp-10316,CeCdAsO,70.396,27.351,88.64754451578051,36.63407488090785
mp-12444,SrCuSF,65.563,32.756,78.75097852174196,36.35122120526654
mp-12516,NdZnSbO,62.385,23.131,94.8617314687757,38.06066097786425
mp-21372,CePRuO,119.689,66.587,163.47766877598224,89.59680627304203
mp-22620,CeZnSbO,67.523,9.095,82.52433306462864,34.16862228643869
mp-23116,CuBiSeO,72.93,30.493,111.371931926684,42.62572368712262
mp-546011,YZnAsO,74.762,33.473,109.17259041932654,48.49152886010714
mp-556194,SrSbSe2F,43.286,122.464,59.47171348005787,31.23282488784729
mp-559470,AgPbBrO,12.127,3.395,46.46421413701014,15.366241582266444
mp-604496,CeSiHRu,84.663,65.472,140.12488852765293,73.52786730555312
mp-6088,LaCuSO,79.381,40.612,114.61839071478376,48.195358383581
mp-6228,Na2TiGeO5,82.829,43.09,140.85780336226563,76.39352803816055
mp-6521,LiLaTiO4,122.869,53.816,172.16993232289423,91.18520686722422
mp-6625,LaAgSO,70.603,34.38,99.51347598088452,41.10868619484035
mp-9194,SmCuSeO,74.998,35.782,114.78381526460107,48.3250440460247
mp-9195,BaCuSeF,52.129,13.895,64.55170729468935,27.2428083884183
mp-9304,DyCuSeO,82.277,38.336,118.46193678931286,51.69325557376048
mp-974307,NdCuTeO,73.474,16.667,98.94874737111398,39.65420255538195
mp-975646,PrZnSbO,61.109,17.24,90.54897032824468,36.132540156987126
mp-983603,ErZnAsO,75.818,34.846,113.42178392320602,50.138715373181235
mp-9929,ZrCuSiAs,121.166,76.784,144.03087409393524,85.38299764630203
mp-546500,NaCNO,27.617,12.586,68.42015137443788,37.01968804415275
mp-542136,Na3PSO3,38.66,22.051,88.63846852155126,57.070396988332206
mp-554041,Na2Al2B2O7,61.102,33.783,137.3704295224208,79.06003898693801
mp-6134,LiCaAlF6,66.385,37.152,99.06566037897468,55.62230155814465
mp-13041,Yb2C(NO)2,64.282,104.473,169.16582073470371,96.5168349393677
mp-560620,BaZr(PO4)2,65.107,41.188,157.89049543912614,85.89786152211308
mp-643264,BaMg2FeH8,51.372,40.431,77.90841442593228,58.54565554924171
mp-6474,Ba3MgNb2O9,127.395,78.056,165.66083083019663,95.95048815911746
mp-6654,Cs2LiGaF6,23.035,9.426,53.91845103446264,27.84581882653135
mp-6150,Na4Zr2(SiO4)3,91.312,47.588,158.08787911990285,96.0706978338308
mp-6723,Sr3ZnIrO6,107.808,22.835,140.61119364136235,64.1068907766278
mp-550820,SmZnPO,98.485,54.698,120.92844903980668,66.96481757551744
mp-552934,Ba2CuBrO2,39.984,14.478,55.605467070362046,22.537368090298983
mp-569396,BaLi2(MgGe)2,36.665,27.584,41.40404811392338,31.79521941079154
mp-570771,BaLi2(MgSi)2,39.487,29.927,45.207517306189786,34.34338584125408
mp-6494,K2Ca(CO3)2,46.261,21.788,82.33033229907417,51.817798137879265
mp-6504,BaMg(CO3)2,73.809,30.686,116.80984826383704,69.04178960331195
mp-8891,K2Zr(BO3)2,64.928,34.028,123.47687352454255,75.73792284649676
mp-6179,KLiSO4,36.141,20.883,104.40636761004936,71.56454825261851
mp-23121,Sr5P3ClO12,66.189,38.059,134.10870173590362,83.29277152974211
mp-23141,Sr5P3BrO12,64.465,35.671,130.78996515225808,81.24649302368563
mp-504748,P3Pb5ClO12,51.897,10.688,133.17794692848767,70.9124769116204
mp-6473,Ca5P3O12F,83.004,46.252,153.23260356495268,98.34146993082162
mp-6669,Sr5P3O12F,75.339,40.323,136.648159845207,85.63971879002169
mp-6326,LiAlSiO4,114.023,45.755,150.5638483868267,82.98698630718341
mp-6661,BaTi(SiO3)3,108.915,57.615,176.0660052475553,109.897497741862
mp-12388,Er3Al3NiGe2,85.284,61.119,101.49128245306628,68.26327092887031
mp-21038,Dy3Mn3Ga2Si,75.386,40.184,74.68876493923894,48.964642369712294
mp-567416,Ho3Mn3Ga2Si,81.648,44.054,77.00922058093118,51.408386895089976
mp-568631,Lu3Mn3Ga2Si,92.061,53.078,82.90148093292034,56.404724873109565
mp-981207,Yb3In3Ge2Au,54.772,37.631,86.03418233775321,31.7642504654218
mp-23797,LiH6ClO7,20.3,13.733,106.2242279503562,67.69550660492952
mp-24066,SrHClO,40.872,18.806,58.31745518350667,30.94927878812426
mp-559044,CuCSN,47.668,19.3,80.85219144689499,42.95641186583941
mp-6606,SrYSi4N7,170.189,102.31,212.91722191796907,147.48685213429593
mp-7204,CaZnSO,70.349,33.123,88.9872651131835,49.750778467792216
mp-23934,PH6NO4,31.399,10.701,122.26572113525928,85.11172730389653
mp-20288,CeCO3F,97.559,15.484,169.5781765929269,89.22273305178796
mp-6030,Be3Al2(SiO3)6,170.348,72.955,195.0932431486421,131.43279959901753
mp-22352,Ba3InRu2O9,201.204,33.35,157.07714129795656,77.44715141514456
mp-6345,Ba3TbRu2O9,118.047,44.573,159.18715160515654,81.11645816234754
mp-1201205,Li4BH10N3,20.395,12.493,77.29065118329933,54.61574915270299
mp-1195282,ZnH6Cl2O3,14.375,7.765,63.62253268162554,34.97168885966259
mp-1196039,CuH10SO9,31.174,13.415,126.02809607424746,81.3662792450597
mp-1198750,MgH22SO15,27.639,11.1,100.53146857787918,66.16531064519152
mp-2932665,Cu2Hg2SF6,16.664,2.623,81.16313363504155,28.80738426815653
mp-555576,KNaS2O7,23.283,12.267,110.27441401124278,75.08441508113906
mp-6097,Li3Al(BO3)2,66.385,39.258,130.20606389109642,88.7278396503217
mp-696497,Mg3Si4(HO6)2,54.317,30.348,179.44166636472826,115.5205846550314
mp-697670,KAlSi3O8,60.988,31.661,158.71435459183806,96.81905114164694
mp-758658,CaAl2(SiO4)2,84.622,42.222,165.42970705817072,101.78490838250062
mp-765294,SrP2(H2O3)2,25.933,16.32,116.96199370887618,75.27337891063762
mp-973966,LiIn(IO3)4,29.761,21.039,116.0227611165113,64.81740930394807
mp-10413,AgB(CN)4,32.863,2.992,98.3418213699853,29.321168326804795
mp-13590,LiB(CN)4,28.204,6.383,106.12202355528171,36.147652345448215
mp-644264,Ca4Mg4Fe3H22,57.274,44.04,88.00211340879942,70.26330890063305
mp-1008530,AlVFeCo,204.053,82.704,247.6936710332639,134.7433277938633
mp-1018012,TiFeCoGe,197.425,72.561,235.92190237930765,128.74869057139554
mp-1018024,MnFeCoGe,205.404,88.054,226.40382009644136,113.31459736981748
mp-11806,LiMgSnPt,86.934,37.269,99.07970677357716,45.66059312137528
mp-7554,LiMgSnAu,61.1,16.802,68.7427197674756,17.667008193119838
mp-7555,LiMgSnPd,73.754,33.072,79.84293256547805,39.1966315230061
mp-998964,TiGaFeCo,192.595,113.059,222.10612478414404,126.17841757346667
mp-998971,TiFeCoSi,215.232,90.291,268.0836624907558,153.50313891756377
mp-998973,TiFeCoSb,170.979,68.732,190.3099241219986,97.4065223985286
mp-998974,TiFeCoAs,187.342,52.824,229.39495258158536,102.47241073796911
mp-998980,TiAlFeCo,189.547,126.046,235.70838012563456,143.23169273641162
mp-542090,Na4Al3(SiO4)3,24.097,28.081,110.07621649264904,68.92274583111163
mp-997590,La8MgAl7O24,183.604,99.276,206.22250414506624,135.64935228485578
mp-1023127,Ba4Cu3PbO9,97.683,44.106,104.39910693398612,56.97414405653516
mp-643409,Ba4Y(CuO3)3,103.322,50.961,111.46816418012656,62.7746858566811
mp-20623,K2Cd(CN)4,14.761,5.221,64.64964889146027,24.029352610176893
mp-22592,CaTi4(CuO4)3,202.999,107.341,231.4424266139139,119.12669285664003
mp-555166,BaAg2SnS4,31.441,13.867,54.26660501780601,24.985535826951928
mp-569114,BaAg2SnSe4,28.003,11.553,46.666475346382185,21.104515903054843
mp-6008,Ca3Al2(SiO4)3,153.627,97.534,208.6040394076676,138.4789244955521
mp-6073,Mg3Al2(SiO4)3,158.13,84.574,221.87650741170532,145.13152556850653
mp-562854,CsNb2BiO7,53.728,31.983,156.9994846956371,74.75339237695644
mp-23087,Mg3B7ClO13,133.058,94.309,213.6942071141353,143.50410262429327
mp-6706,TiTlPO5,79.378,46.869,156.31282036334682,95.08948471385948
mp-13982,CdCu2GeS4,68.712,27.986,80.3177861901125,45.16085723053111
mp-20474,MnCu2GeS4,70.597,27.746,81.50384017932136,46.83499636949312
mp-1020019,Li2PNO2,87.664,60.241,169.89467475549193,123.79011669889238
mp-11738,Na3PS3O,25.786,12.971,60.4714543669124,37.715420051437185
mp-23089,SrTa2Bi2O9,86.266,65.455,189.89309070649767,102.28306878642351
mp-1188121,CsP(HO2)2,21.448,10.388,92.99705960461134,54.80029908441541
mp-556609,KSb(PS3)2,10.832,6.848,58.672963618393894,36.38536923755182
mp-1217964,TaB2Mo3C2,315.136,199.102,369.6233040419615,209.6202052112187
mp-559847,Ag5P(S2Cl)2,40.593,10.303,60.971302747980744,24.467091989909633
mp-1196695,Na2Al2(SiO4)3,46.316,26.647,132.64648450998308,85.63683822571203
mp-23959,KP(HO2)2,24.639,16.417,108.04199882602812,76.84629347242148
mp-20674,Ba2YCu3O7,107.52,55.659,133.7517385873249,68.01583766899043
mp-20897,Ba4Y2Cu6O13,93.404,48.754,124.58078379831429,62.23692386562416
mp-22719,Ba2NdCu3O7,107.725,55.03,132.12562504185053,67.61309328121936
mp-552663,LiScAs2O7,88.172,46.083,157.87519021837193,91.259016839236
mp-6543,VAg(PSe3)2,10.516,2.107,58.4103484275076,32.05482886907477
mp-7079,CaZrSi2O7,139.562,61.97,189.84728850485808,108.80591657181526
mp-643754,HgH2NCl,29.989,10.733,68.35197552057133,33.069623867540365
mp-23875,CuH4(ClO)2,7.042,5.065,45.875944498554254,26.113870694260147
mp-557687,TlHCO2,7.668,3.731,51.96960095234408,25.01748046747953
mp-8871,CsNa2BO3,47.016,21.559,72.80788417944885,41.5296579127825
mp-1012640,CrFeCoNi,191.177,97.13,212.644393119639,124.8421547194531
mp-6511,KCSN,15.519,8.426,44.19809421442362,21.513065902942124
mp-558137,AlBPbO4,65.18,45.16,161.03791032341798,95.98474084794732
mp-866314,Ca5Al2(SiN4)2,125.918,75.063,150.1274287944232,107.31240365741591
mp-1192758,CaAl2(SiO5)2,106.023,64.802,188.7476316090281,113.8395195199795
mp-23084,BiPbClO2,43.224,17.959,90.61696773562764,39.94707059633525
mp-23138,SbPbClO2,46.555,21.923,89.00478188526874,43.104231379532266
mp-23906,LiH6NO6,24.827,10.563,87.50961065412903,48.82543710190792
mp-547244,SrBiClO2,38.621,2.055,80.28685104921072,41.168993062692415
mp-548469,BaZnSO,59.92,35.008,78.17066488371593,40.61612474306068
mp-554238,CuBiSCl2,44.718,18.654,59.883665784051175,23.31499899353193
mp-556094,AgBiSCl2,36.771,14.436,57.69047712391682,22.083766427918075
mp-570102,HoSiRu2C,185.265,76.705,210.5079846350474,92.74805160803996
mp-643989,KHCO2,18.439,10.788,57.83672987547507,29.244714086054508
mp-9318,KZrCuSe3,30.478,18.801,68.17064361560392,37.67116371492546
mp-9503,BaDyCuTe3,36.445,14.922,50.47417759942112,27.801846810685255
mp-10584,Ba2LiOsO6,82.233,43.765,155.377019595545,77.83256454358428
mp-1079630,Ba2TaInO6,140.02,78.541,167.84658725882718,97.98648457950146
mp-11734,Sr2MgReO6,131.312,74.578,183.47826468027688,92.91916342916514
mp-13190,KRb2GaF6,35.653,15.358,59.19957969056022,29.127510136564133
mp-13797,K2NaCuF6,42.815,24.134,63.37529557286641,34.99819669743391
mp-13798,K2NaTlF6,37.066,18.04,56.67255599954802,23.428747942090137
mp-13799,K2NaYF6,36.926,19.851,58.291792586774584,28.8253365665943
mp-13811,Ba2MgUO6,104.102,57.23,139.26885739155685,69.41823332629397
mp-13815,Rb2NaErF6,34.753,19.848,62.2985234100635,32.484496803526824
mp-13816,Cs2NaErF6,31.129,17.633,57.44691847088108,30.97745627488224
mp-13925,Cs2NaYF6,32.42,16.618,53.18654875795188,28.57908417435068
mp-13937,Sr2TbReO6,142.094,43.535,175.47725108930695,74.09083453613965
mp-14038,Rb2NaRhF6,40.086,21.126,72.66458026683446,37.15268532034694
mp-14039,K2NaRhF6,43.639,22.615,76.20285456811949,36.59884633218607
mp-14223,Ba2YbSbO6,57.328,4.985,74.1221516650235,-8.21703834572127
mp-14226,Ba2YSbO6,50.889,1.073,74.96356758373987,-5.997268839726276
mp-20841,Ba2CaIrO6,108.746,57.48,145.5892773648994,73.5431786687376
mp-21309,MgTe(PbO3)2,122.031,61.486,166.3755844116344,93.76976385577488
mp-21879,Ba2CePtO6,137.231,62.307,151.72411347719571,74.45521752268915
mp-22441,Ba2MgReO6,121.859,68.97,170.77772842594734,92.2145731161907
mp-23137,Ba2YBiO6,113.974,68.485,125.61993775613142,76.551519367353
mp-549970,Ba2ZnReO6,124.748,53.073,170.16511687112694,84.02116035628352
mp-560037,Rb2NaBiF6,32.377,16.405,56.57443438255464,25.438548200757975
mp-567652,Cs2LiYCl6,19.256,9.676,32.740288859509576,17.399043759576323
mp-570379,Cs2LiLuCl6,19.84,9.195,35.25097368113978,19.06573576469082
mp-571124,Cs2KScCl6,16.957,7.863,28.303054700452204,13.65091630938325
mp-571467,Cs2NaYBr6,15.187,8.079,24.836025117165377,12.071526561090549
mp-6058,K2NaScF6,41.223,23.479,65.80215825128512,34.13459846248837
mp-6065,Sr2GaSbO6,147.444,88.417,173.03891231992674,110.6934285312921
mp-6074,KRb2TiF6,34.699,22.332,56.97690734251939,21.92128418637145
mp-6204,Cs2NaScF6,34.148,17.639,59.23513784595465,33.28663554414294
mp-6270,Ba2LiReO6,84.792,43.501,161.97191695211876,90.40113084584814
mp-6492,Ba2YSbO6,129.55,78.167,149.46620639611578,93.49169918923188
mp-6586,K2NaAlF6,45.766,27.366,74.83746913630975,45.46023617243036
mp-6613,Ba2YTaO6,137.826,79.834,162.89479330493396,95.87180398490578
mp-6686,K2NaInF6,39.509,20.537,64.04604527386957,30.03881147281641
mp-6968,Cs2KCuF6,34.359,16.596,47.15460610241541,24.41687189143898
mp-7251,Ba2YNbO6,133.322,75.75,157.9792992840146,90.50766021957644
mp-7889,Sr2YReO6,142.445,51.221,174.5330924629034,74.36232662397518
mp-9349,KRb2ScF6,33.983,13.221,55.74646908494669,26.64253843751568
mp-9839,K2LiAlF6,49.406,25.226,80.5450009276579,51.3682618619258
mp-989388,Rb2SCl6F,18.336,15.863,32.36142541077114,20.629946479554345
mp-989399,Ca6Al2NF,42.035,17.548000000000002,49.272616629623755,34.61874805218178
mp-989402,Sr6In2NF,31.841,11.569,40.485443864692805,27.127497883288054
mp-989404,Ca6In2NF,40.468,13.77,45.95686717862492,32.506921931158764
mp-989405,Cs2LiInBr6,16.592,8.914,25.76108329015363,13.739807346898669
mp-989504,Na2LiNF6,59.139,30.306,79.88801001242375,36.181058945226944
mp-989512,LiTl2InCl6,22.841,10.42,35.76498442524393,15.386543792386464
mp-989514,Cs2NaSbCl6,17.435,9.454,30.49111361015171,13.830268102402671
mp-989516,Cs2ICl6F,14.69,4.966,29.010740915574395,12.434894963675614
mp-989521,Cs2SCl6F,13.044,10.592,26.681653421182833,16.97659626539288
mp-989523,Rb2NaAsF6,36.315,19.293,61.090434051273256,27.28405087208744
mp-989527,Cs2NaNF6,35.858,18.173,56.64077721094311,24.671178416439577
mp-989528,Rb2AlInH6,23.765,14.191,30.865062278861775,20.973076837618564
mp-989533,NaTl2InF6,39.944,17.814,63.64540362932296,26.585405038725906
mp-989535,Cs2AlInH6,23.35,15.191,30.443541562792152,23.376148439598943
mp-989537,Cs2TlInF6,31.424,11.015,49.41789499683614,20.691875594686323
mp-989538,Cs2InBiF6,27.515,10.349,48.298018727942946,19.360456770882212
mp-989539,Rb2AlTlH6,23.369,14.582,32.75055909928856,21.096504435689905
mp-989540,Sr6Sn2NO,43.347,28.342,46.05827641836154,35.35086171608351
mp-989541,Rb2NaSbF6,33.711,17.354,57.64442390894185,24.977879636792707
mp-989542,Ba6Tl2NCl,22.374,11.356,27.267487965892624,14.664336549186324
mp-989544,Cs2SeClF6,11.517,0.447,34.88089084893648,18.080551811832503
mp-989545,Rb2NaSbCl6,18.041,9.127,31.04452125546848,13.429753762202182
mp-989548,Rb2NaTlF6,34.898,17.791,54.310500584532576,24.874543134635005
mp-989550,Rb2TlInCl6,17.779,229.284,28.606581460419676,10.583096769338091
mp-989551,LiTl2InF6,41.494,13.628,71.67002801640304,30.090906132169263
mp-989553,Cs2TlGaH6,22.583,15.57,30.587523732147968,20.871655235928937
mp-989560,Cs2TlSiH6,16.605,10.145,29.970339627200772,20.915701157866767
mp-989561,NaTl2GaF6,42.375,18.37,71.9898200994761,30.991190137012232
mp-989562,Cs2LiTlF6,33.191,8.613,56.2176597937252,28.34275485572512
mp-989563,Rb2NaTlCl6,17.958,8.845,27.75331894613743,11.684463641429293
mp-989566,Rb2InGaF6,37.52,10.4,54.80336832173043,24.399502146596724
mp-989568,Cs2NaMgF6,31.063,12.854,37.13798756034265,23.0102908864098
mp-989570,Cs2CaSnCl6,23.328,11.223,28.21891638903224,12.09379924156161
mp-989573,Rb2BrCl6F,18.72,8.094,26.86756608948878,10.612155012581765
mp-989575,Cs2AlTlH6,23.081,15.28,29.918665918261414,22.51611071549104
mp-989578,Rb2NaInF6,38.727,20.572,61.51952347356767,30.98985437766576
mp-989579,Rb2LiTlCl6,19.666,10.376,29.676032961507545,13.167028106771754
mp-989580,Cs2KNF6,34.612,17.281,53.96454789692151,22.96675063136935
mp-989583,Rb2LiInCl6,20.952,10.025,34.1982505900891,16.484766396555052
mp-989585,Cs2KPbF6,26.386,13.579,33.42061751490151,19.51099711237097
mp-989590,Ca6Sn2NF,45.559,37.923,52.42098167488225,41.397969918633535
mp-989592,Sr6Sn2NF,37.078,29.733,43.65567821054873,32.27317515170171
mp-989605,Cs2RbInF6,28.556,9.87,48.73209218181236,21.82763665737273
mp-989608,Cs2NaAsCl6,18.551,10.352,30.86096527624418,15.47434416269727
mp-989642,Cs2NaAlH6,23.548,15.331,31.774483569712608,26.374642872530885
mp-989644,Cs2NaCaCl6,16.182,4.943,19.36758725035691,9.069023198263046
mp-996944,Cs2TlInBr6,14.846,4.623,23.823367191930902,9.340160664322022
mp-556125,Na2BHO3,47.14,18.023,86.13648516327952,52.01565755652773
mp-559276,AlBPbO4,74.458,45.124,162.61503744442336,95.00467690294587
mp-601257,DyCuPbSe3,45.811,23.788,69.54356081506126,35.125378410926466
mp-614311,CsCSN,11.126,4.588,33.29525732060607,15.216347395149835
mp-6224,LiScSiO4,109.06,64.49,182.56924375389997,113.08100561584097
mp-643727,HPbBrO,28.159,8.568,58.86072117078179,27.070420355692224
mp-6493,CaMgSiO4,100.479,54.985,152.6167251051897,99.03014518407284
mp-6633,NaCSN,18.759,8.919,52.173510287969755,28.046110057976815
mp-6668,LiTiPO5,97.252,58.853,201.3405834452691,119.69457855845552
mp-6812,KBaPO4,55.459,26.743,115.36776137187594,72.9083472702986
mp-721314,NaH2SO4,25.943,14.764,94.31202054142162,66.87573195092575
mp-866650,La2Si4CN6,151.815,83.776,209.51079063994192,139.62289366091363
mp-23662,LiB(HO)4,41.323,27.904,139.0057046021135,90.6392879198608
mp-23685,CaH2(CO2)2,23.946,12.259,114.51234729719452,60.97360720816631
mp-541431,Ca2SiH2O5,71.587,36.758,132.84622311805492,81.76935745370524
mp-558432,Na3P(SO)2,27.644,14.486,71.40566672571647,45.40444844844634
mp-1023132,K2Cu(ClF)2,19.095,10.273,42.10275565855906,21.032437220653108
mp-571638,Rb2Cu(BrCl)2,12.111,6.631,25.26150459364893,12.88297946498034
mp-9719,Na2LiAlP2,40.227,27.656,55.09642819125559,36.787037112536765
mp-6205,Ba2Ho(CuO2)4,104.048,39.752,130.91322105020205,66.51473781025798
mp-6779,Ba2Pr(CuO2)4,102.385,40.374,127.98557034367676,65.93592744766143
mp-6174,Mg2Al4Si5O18,123.273,50.367,165.5645764649328,108.6698294119491
mp-555229,H5CNO2,18.19,6.13,93.72128853263064,55.406682558093344
mp-6391,Na2ZnSiO4,77.843,34.457,128.8544136316828,76.39413591183678
mp-756088,SrTaNO2,151.127,92.324,208.59360316798893,123.38320307266488
mp-24148,LiLa2HO3,125.243,72.439,138.36706130058852,74.13896814689595
mp-24149,LiCe2HO3,123.514,67.366,142.07437114788897,78.87759613495638
mp-24150,LiNd2HO3,133.492,86.992,153.56872499750526,90.947965249569
mp-555056,SbS2NCl6,4.891,1.901,43.631658272728885,21.932632312882085
mp-9068,K2NaAlP2,24.93,16.531,39.16273455989201,25.31734297368425
mp-9069,K2NaAlAs2,22.098,14.515,35.28852970751232,22.31279867439333
mp-6319,Na2MgAlF7,64.198,40.586,92.25721725146896,52.82900771652009
mp-1020703,SiGeN2O,117.612,76.296,202.4180808914891,135.55884038869937
mp-2665147,MgNb2(PbO3)3,76.292,44.811,172.37492164617382,80.90832517864882
mp-11175,LiZnPS4,31.32,15.461,61.583671949893485,32.14413626369256
mp-2831941,Na2CdSnS4,30.022,9.886,40.51329708988202,17.422538062404396
mp-632402,LiCaUF8,44.136,14.907,101.98186320175104,47.86565484515236
mp-8873,LiGeBO4,89.133,60.304,171.90257227639145,100.21343767736376
mp-8874,LiSiBO4,94.759,73.016,198.31882489881676,118.30625497763216
mp-12385,Ba2YTaO6,135.914,80.852,159.94532247029085,93.1082263605285
mp-12427,Sr2TaGaO6,159.165,88.394,191.25769958338873,110.54344890153877
mp-15318,Rb2NaHoF6,34.367,17.647,57.42239023798261,29.954586741991847
mp-6304,Sr2GaSbO6,144.046,47.009,170.04603618020832,105.62955870988834
mp-40143,Cs2KZrOF5,29.868,16.081,57.7035348770301,27.99371587583933
mp-40204,KZrTl2OF5,31.533,7.198,64.01207754988089,25.79854439413339
mp-42022,Cs2RbZrOF5,28.677,13.976,54.44780898437234,25.658490161193612
mp-1219652,Rb3H(SeO4)2,19.292,8.997,79.96539766945813,46.15755880865974
mp-1226195,Cs3H(SeO4)2,17.551,7.136,70.14749282117695,39.88580686183141
mp-6598,K2Cu(PO3)4,34.223,20.176,137.22219244077863,92.4478634176912
mp-950995,Li6PS5I,26.78,13.335,48.56964849622791,29.896026193084374
mp-556856,BaCSNCl,26.639,11.927,49.78628073816411,25.586529976452812
mp-866298,BaNaScSi2O7,88.541,48.571,153.6808744124385,93.30758081245392
mp-550306,YCu2Bi2(SeO2)2,61.482,33.01,115.48765527980684,56.2719959427828
mp-9453,Sr2ZnCu2(SO)2,82.152,42.477,92.92814249472188,47.529702965461894
mp-571384,KMnAg3(CN)6,34.471,16.27,68.65075157054969,37.35250806118668
mp-1021669,Ba2CuC(NO)2,68.126,11.095,99.60718393446156,48.527846406805835
mp-1021672,Sr2CuC(NO)2,76.475,35.049,115.23671963115646,58.129962309085265
mp-6847,KY2Ti2S2O5,73.072,31.84,126.05153205638824,61.15420724368393
mp-6879,Ba2CaCu2HgO6,73.578,34.342,97.61392785179434,48.66000421375245
mp-24214,KPH3O4F,19.525,10.781,100.63101737263554,68.4222714611285
mp-24366,K2ZnH12(SO7)2,27.544,12.739,106.32572283730752,70.07483104928022
mp-706284,ZnH20S2(NO7)2,27.358,12.5,121.2848235862218,80.61166468022812
mp-16136,Sr3TaGa3(SiO7)2,93.461,46.289,163.10565976103817,94.5377667220488
mp-6870,KBe2BO3F2,49.645,34.42,109.9425165030816,69.22846918595371
mp-1030827,Te2Mo3W(Se2S)2,16.34,11.578,84.61089969462027,57.28749701004287
mp-1019551,BaNa2Mg(PO4)2,82.728,46.497,147.66987838138778,93.67981445846428
mp-556562,LiAsH6(OF2)3,16.616,9.562,96.8130825471506,62.727484358869944
mp-40251,BaLaMgTaO6,141.408,37.417,181.90204988248345,109.58041385755374
mp-6867,KCaCO3F,51.664,29.357,96.99498238510446,52.4964319238468
mp-23145,Na4Al3Si3ClO12,56.124,31.02,120.65851682543322,73.80378387281449
mp-6884,Cs2LiCo(CN)6,25.8,8.334,102.4173430688612,40.15648005806737
mp-977012,H6PbCBr3N,13.813,5.918,50.38347523208357,31.06407082882444
mp-977013,H6PbCI3N,10.549,4.636,40.82107353365862,24.99841166118971
mp-23915,Ca2Al3Si3HO13,118.621,64.867,205.20961336765365,133.00809644462706
mp-722270,ZrH7CN4F5,19.43,3.138,114.95804676395323,57.83580183114028
mp-643431,AgH4WS4N,8.86,6.91,79.07810103363046,36.013768072486876
mp-707746,CaAl2Si3H6O13,57.584,34.407,147.54191739518072,95.2711148505608
mp-1042151,BaYCuSbO5,78.076,35.946,128.9221492563925,60.44806783187272
mp-1200331,MgB2H4C8(N4O)2,27.179,11.096,115.83305785938084,52.69406763682051
mp-977011,H3PbCI3NF3,9.507,5.147,53.005830717058025,29.340501874459896
mp-542264,BaNaCe2C4O12F,74.92,34.761,127.9129705658506,69.60089679605473
mp-541025,Ca3SiH30CSO25,40.697,7.629,116.31264321221607,73.64503617031963
