{"temperatures": [0.0, 75.0, 150.0, 300.0, 600.0], "free_energy": [12.265785220163073, 11.639279032415708, 7.969912288867253, -7.5487866387898865, -58.00691577062488], "entropy": [0.0, 26.082918629984842, 70.4236397415948, 131.1822118445437, 198.03418042940447], "heat_capacity": [0.0, 46.51435624465868, 78.94226347798511, 93.74515868093492, 98.20555530425571]}