{"temperatures": [0.0, 75.0, 150.0, 300.0, 600.0], "free_energy": [12.265798015393438, 11.639299646260659, 7.969948355190818, -7.548717398584111, -58.006778801985085], "entropy": [0.0, 26.082729822357205, 70.42342421442788, 131.1819876967456, 198.03395384519033], "heat_capacity": [0.0, 46.51429310796885, 78.94224231621953, 93.74515236861413, 98.20555363101526]}