{"temperatures": [0.0, 75.0, 150.0, 300.0, 600.0], "free_energy": [412.711189341211, 402.43784726307956, 350.1489650712173, 113.90142181027284, -724.7680906261038], "entropy": [0.0, 380.37864395010155, 1014.6985454089197, 2074.0382267169584, 3391.5757446917114], "heat_capacity": [0.0, 609.3677878759163, 1240.9485319370642, 1766.2206463807968, 1994.594303502963]}