step,energy,fmax
0,-1.458807047308882,0.02481689586273335
