{"temperatures": [0.0, 75.0, 150.0, 300.0, 600.0], "free_energy": [191.51238682069092, 188.4761305268876, 174.1031791062712, 115.34767460919173, -88.11416986436402], "entropy": [0.0, 111.70418921674141, 266.6899527897567, 504.1018744121852, 828.0943317675864], "heat_capacity": [0.0, 167.66620248077163, 280.4165197873361, 407.1379505798144, 519.36464799399]}