step,energy,fmax
0,-2.082954098880857,0.03951221758011415
1,-2.083019612718789,0.036362607211088
2,-2.083393522579899,0.0015736420722860778
