{"temperatures": [0.0, 75.0, 150.0, 300.0, 600.0], "free_energy": [10.83200981837485, 10.081656662492144, 5.89066781296235, -11.079776940633959, -64.73596201422404], "entropy": [0.0, 30.727736604444495, 78.95584943891078, 141.49085777753035, 208.87464104528092], "heat_capacity": [0.0, 52.883663957352226, 83.04123430690727, 95.11035370796277, 98.57379274134213]}