{"temperatures": [0.0, 75.0, 150.0, 300.0, 600.0], "free_energy": [38.76410992934962, 30.442897756644, 5.255974794205869, -77.015644866125, -314.7411900768616], "entropy": [0.0, 237.6042950329372, 422.40770919382044, 653.333690723949, 904.4426576840555], "heat_capacity": [0.0, 223.8323200647091, 306.32025814423014, 352.90502699781507, 368.47162548385427]}