{"temperatures": [0.0, 75.0, 150.0, 300.0, 600.0], "free_energy": [16.370503783331035, 11.865913150098635, -2.8974068080263145, -50.597024534993295, -185.8992035259261], "entropy": [0.0, 137.90448374108448, 247.45373138554768, 375.7706145585871, 511.30076218618615], "heat_capacity": [0.0, 138.19165586437816, 174.99940211589492, 192.28991912284351, 197.64633357321213]}