{"temperatures": [0.0, 75.0, 150.0, 300.0, 600.0], "free_energy": [307.80926832908125, 297.8506312103368, 256.5074643483701, 96.19955822069221, -434.7818923275851], "entropy": [0.0, 340.49774975422696, 747.8973162364153, 1351.9434890190341, 2120.840471810527], "heat_capacity": [0.0, 447.8448369774134, 730.9269189689378, 1005.8321255153968, 1190.5448475093795]}