{"temperatures": [0.0, 75.0, 150.0, 300.0, 600.0], "free_energy": [46.10065974592186, 44.63100495525276, 37.49887046870076, 6.887375695266087, -98.76762117299612], "entropy": [0.0, 54.33126764861337, 135.10291655568903, 265.03566361393047, 423.8965971566096], "heat_capacity": [0.0, 81.25701704514448, 154.3602607522035, 214.43288646980002, 239.33735941699697]}