{"temperatures": [0.0, 75.0, 150.0, 300.0, 600.0], "free_energy": [78.54151381766592, 77.74370469163566, 72.34721845461037, 45.74610709273977, -54.875614431366515], "entropy": [0.0, 35.2474166886091, 109.18306232955042, 239.76537448985258, 416.3070527631145], "heat_capacity": [0.0, 69.22151824523286, 147.07364053872027, 227.09422246242238, 275.6085076165726]}