{"a": 3.0783933326533597, "c": 5.0347443842085395}