{"temperatures": [0.0, 75.0, 150.0, 300.0, 600.0], "free_energy": [96.35438010501582, 80.6277826933162, 29.693411476671216, -142.4326225852013, -651.0132121759344], "entropy": [0.0, 468.3296294290862, 867.5652808145538, 1381.9016819489734, 1948.2138522497353], "heat_capacity": [0.0, 471.89024019746216, 674.0005762128736, 792.6413973356721, 833.2058760576433]}