{"temperatures": [0.0, 75.0, 150.0, 300.0, 600.0], "free_energy": [73.84845291336288, 72.8429471803265, 66.79948257947743, 38.22072375804409, -67.44803699573879], "entropy": [0.0, 41.51095138512375, 119.775629418135, 254.89763064414288, 434.1082855974486], "heat_capacity": [0.0, 75.05279587638948, 153.77217695414868, 232.73759002831943, 277.7775196102695]}