{"temperatures": [0.0, 75.0, 150.0, 300.0, 600.0], "free_energy": [77.63431656245642, 73.91077007248653, 61.45281189498344, 21.526679167846225, -94.63240274588138], "entropy": [0.0, 116.20809156373902, 207.92687765496592, 315.4412007043659, 448.3948679635128], "heat_capacity": [0.0, 120.26981463947587, 142.34438830529916, 171.33173488434755, 211.56422764921783]}