{"temperatures": [0.0, 75.0, 150.0, 300.0, 600.0], "free_energy": [100.38596275632094, 97.7262494407097, 82.36628726945568, 14.699288433553505, -218.78079090686865], "entropy": [0.0, 109.62282575853214, 296.8884223357232, 586.2701559114266, 936.1520583659315], "heat_capacity": [0.0, 190.9544167598482, 350.0025274649324, 473.19148665698043, 526.8303925977555]}