{"temperatures": [0.0, 75.0, 150.0, 300.0, 600.0], "free_energy": [41.8703436533403, 33.684857210112874, 4.3911737247324965, -93.99895540698994, -379.6713858000964], "entropy": [0.0, 263.90034196516785, 500.42673356813225, 784.065560435506, 1087.324265986815], "heat_capacity": [0.0, 293.14067144163283, 382.8296421707738, 428.4410295365553, 443.5067833166706]}