{"temperatures": [0.0, 75.0, 150.0, 300.0, 600.0], "free_energy": [82.44344061153178, 79.63568393128783, 66.68249622784056, 14.960122150365066, -156.97409412491953], "entropy": [0.0, 102.86083184183158, 238.1960325730335, 438.262974841287, 685.0549174083234], "heat_capacity": [0.0, 147.2183338034819, 243.91232749077855, 328.8275230509064, 376.4012846732891]}