{"temperatures": [0.0, 75.0, 150.0, 300.0, 600.0], "free_energy": [90.31248659560657, 88.15703994529488, 76.95262277929501, 29.839773239305103, -131.1621776739997], "entropy": [0.0, 84.26572453327786, 211.39326311562118, 404.5937552140717, 646.9083452143485], "heat_capacity": [0.0, 134.06006434215513, 233.24997198345667, 320.06492916854853, 372.3162724463842]}