Model,K_bulk [GPa],K_shear [GPa]
mace_mpa_0_D3,35.617336711779906,20.018606727502938
