Model,K_bulk [GPa],K_shear [GPa]
mace_mpa_0_D3,37.815599172079516,22.99234423564429
