Model,K_bulk [GPa],K_shear [GPa]
mace_mpa_0_D3,37.81559859565775,22.99234633293535
