{"temperatures": [0.0, 75.0, 150.0, 300.0, 600.0], "free_energy": [0.953217270730187, -0.036099451243375325, -2.7578677326182186, -10.677684869261876, -31.57278948149746], "entropy": [0.0, 27.42988896126359, 43.49772859792368, 60.23261292650134, 77.14292651139384], "heat_capacity": [0.0, 22.152635116156873, 23.861190867912814, 24.324184296454536, 24.442354463636626]}