{"temperatures": [0.0, 75.0, 150.0, 300.0, 600.0], "free_energy": [114.61267799072837, 113.4195479930774, 104.19392583849772, 56.957609142680795, -121.00719203716102], "entropy": [0.0, 56.47205966095358, 191.1615147919164, 426.8049299102426, 732.1960184801726], "heat_capacity": [0.0, 122.4478887240779, 269.76972159174517, 401.575144506485, 468.90412160892987]}