{"temperatures": [0.0, 75.0, 150.0, 300.0, 600.0], "free_energy": [100.01582815014747, 97.56544233960733, 85.04667272762343, 29.1615702528146, -169.64453164218656], "entropy": [0.0, 93.09137157965463, 240.71493468426146, 490.73955065947706, 804.9098390074668], "heat_capacity": [0.0, 144.3964872816092, 289.53260812725637, 419.96465597754764, 476.3122957681784]}