{"temperatures": [0.0, 75.0, 150.0, 300.0, 600.0], "free_energy": [190.69278618812973, 187.9631374325762, 174.25705191019227, 117.25370766951498, -81.76824114540523], "entropy": [0.0, 104.36933091021174, 256.570186957963, 491.1301724336019, 811.7666001939926], "heat_capacity": [0.0, 163.63449716086856, 276.4488128807116, 402.70352531651486, 514.1973984698552]}