{"temperatures": [0.0, 75.0, 150.0, 300.0, 600.0], "free_energy": [28.941916670276413, 27.670936119985612, 20.76006445634191, -8.200742548571228, -103.7652809322584], "entropy": [0.0, 51.09942106769938, 131.06301642602548, 246.06262762815064, 377.4177869439629], "heat_capacity": [0.0, 84.1754649829524, 144.94011882668627, 181.71944641822088, 194.71276891164663]}