{"temperatures": [0.0, 75.0, 150.0, 300.0, 600.0], "free_energy": [0.07154487450222691, -3.2081128334673648, -8.340002008863392, -20.52609825167844, -48.743655654945066], "entropy": [0.0, 61.28558769766277, 74.09780061045596, 86.91487339900803, 99.73316161321975], "heat_capacity": [0.0, 18.476188259518874, 18.489144032253044, 18.49238492369249, 18.493195268383612]}