step,energy,fmax
0,-12.525297060063103,0.03409708607776555
1,-12.525341826392012,0.027261062797570082
