{"temperatures": [0.0, 75.0, 150.0, 300.0, 600.0], "free_energy": [96.73073608426024, 94.74900055494581, 84.47809704409441, 40.5062483018221, -112.66149837032593], "entropy": [0.0, 76.86404014118004, 194.82450714842122, 380.74177950020555, 619.4815536586243], "heat_capacity": [0.0, 122.22128633321586, 220.2444791572658, 312.3594434806149, 369.31017851494494]}