{"temperatures": [0.0, 75.0, 150.0, 300.0, 600.0], "free_energy": [96.73082258080078, 94.74907460103208, 84.47818435455157, 40.506389083026704, -112.66123268139083], "entropy": [0.0, 76.86402680434949, 194.82422456307017, 380.74138330431583, 619.4811275981045], "heat_capacity": [0.0, 122.22079283052446, 220.24421186936684, 312.35936106176297, 369.3101601487104]}