{"temperatures": [0.0, 75.0, 150.0, 300.0, 600.0], "free_energy": [45.583905680124815, 41.87798206848278, 31.010511923290235, -5.8124421807804225, -118.64435552306219], "entropy": [0.0, 102.06823244759339, 183.92387571800614, 299.09747982808, 439.9980146723461], "heat_capacity": [0.0, 94.01749037208366, 142.49867729559242, 188.01654923490722, 214.81115547569007]}