Polymorph,mace_mp_0a_D3
Ih,-805.3390283667081
II,-763.8797121180705
III,-776.3136582587293
IV,-742.2241551728597
VI,-740.1727232743109
VII,-668.788403853597
VIII,-700.9989849279723
IX,-778.3830035827979
XI,-813.6124391280468
XIII,-762.454730434241
XIV,-747.8546998498583
XV,-737.2650517735302
XVII,-787.9904710107794
