Polymorph,mace_mp_0a_D3
Ih,-805.3390230339356
II,-763.8797135858955
III,-776.3136521177447
IV,-742.2241566753983
VI,-740.1726982806985
VII,-668.7884120497021
VIII,-700.998996177109
IX,-778.3829997871674
XI,-813.61244193244
XIII,-762.4514646141218
XIV,-747.8547004847513
XV,-737.2650551028598
XVII,-787.9904694968029
