Polymorph,mace_mp_0a_D3
Ih,-805.3390318384004
II,-763.8809750155407
III,-776.3136603696931
IV,-742.2041157185984
VI,-740.1727100591913
VII,-668.7884104976476
VIII,-700.998991262324
IX,-778.3830013403215
XI,-813.6124426436933
XIII,-762.4514666281606
XIV,-747.8547013677517
XV,-737.2650564529853
XVII,-787.9904695066884
