Polymorph,mace_mp_0a_D3
Ih,-805.3390239232865
II,-763.8797148693612
III,-776.3136547754783
IV,-742.2241532871503
VI,-740.1727144464321
VII,-668.7884094230885
VIII,-700.9989877957405
IX,-778.3829965138854
XI,-813.6124393548805
XIII,-762.4547323044144
XIV,-747.8546957610845
XV,-737.2650572651089
XVII,-787.9904738992583
