{"temperatures": [0.0, 75.0, 150.0, 300.0, 600.0], "free_energy": [548.9828747055798, 537.8789070913415, 486.73286068575334, 276.43195946787955, -450.5124395738163], "entropy": [0.0, 399.05250274022546, 950.5077286781255, 1807.0552715235567, 2946.8147239403684], "heat_capacity": [0.0, 584.9250011165733, 1010.9533449227641, 1459.5157592668709, 1793.7463430806713]}