{"temperatures": [0.0, 75.0, 150.0, 300.0, 600.0], "free_energy": [79.78446137203537, 78.93135005213283, 73.27424679908471, 45.990240582227806, -55.72446251165198], "entropy": [0.0, 37.46989166415644, 113.52297195773737, 244.09396644295296, 419.4514236398494], "heat_capacity": [0.0, 72.4855187627367, 149.09209080439908, 225.4604209010516, 274.2761457237112]}