{"temperatures": [0.0, 75.0, 150.0, 300.0, 600.0], "free_energy": [71.97571802023566, 70.90822654729692, 64.63631235379675, 35.293197347263416, -72.35031832153322], "entropy": [0.0, 43.55892913396323, 123.71297508860927, 260.8213021452335, 441.05890860987665], "heat_capacity": [0.0, 77.26838174695769, 156.89197646157444, 235.01627841408845, 278.5643413945205]}