{"temperatures": [0.0, 75.0, 150.0, 300.0, 600.0], "free_energy": [72.82315864465892, 71.7334259681477, 65.40702782376094, 36.04037561674638, -71.47005690836852], "entropy": [0.0, 44.27661137239393, 124.2915885240014, 260.6429927822837, 440.48361027830225], "heat_capacity": [0.0, 77.780037580469, 155.97858468470454, 234.0534855054143, 278.3526805631179]}