{"a": 3.0860029865085306, "c": 5.050237040384002}