Polymorph,mace_matpes_PBE_0_D3
Ih,-799.2294710702126
II,-762.4126475984081
III,-765.3238279234014
IV,-741.7187076594747
VI,-749.1866537348635
VII,-725.314912007038
VIII,-736.8418826173446
IX,-767.2863625730972
XI,-809.8730816752707
XIII,-757.8652422529491
XIV,-754.4646117682827
XV,-746.0394343525891
XVII,-768.8906027124106
