{"temperatures": [0.0, 75.0, 150.0, 300.0, 600.0], "free_energy": [16.724173972093826, 8.425289383102347, -17.91908267428307, -99.96608517972597, -325.3675621631026], "entropy": [0.0, 250.2258334139051, 435.42845675189943, 636.7616743909343, 842.6591556356258], "heat_capacity": [0.0, 244.23774419143635, 283.2846516288397, 295.14070605483045, 298.26466913692514]}