step,energy,fmax
0,-12.519420518925408,0.024466769738264338
