step,energy,fmax
0,-0.9152126861378657,1.2253668605638983
1,-0.9573380387104955,0.41596194931152
2,-0.9641886467919757,0.10576264542721404
3,-0.9647497763604227,0.017455927622958802
