{"temperatures": [0.0, 75.0, 150.0, 300.0, 600.0], "free_energy": [35.76251740074532, 35.301430354586664, 32.8443880233882, 22.326053777909376, -13.604493521532483], "entropy": [0.0, 17.918357239279256, 46.96859947610177, 90.3433933091797, 144.54137657289772], "heat_capacity": [0.0, 29.801987831054856, 53.21914033948134, 71.08697642042635, 84.74281702978033]}