{"temperatures": [0.0, 75.0, 150.0, 300.0, 600.0], "free_energy": [20.158356334751645, 18.72176896126941, 12.422226198854421, -11.852915226482928, -88.89458438643162], "entropy": [0.0, 51.22149008015678, 114.41233939922151, 202.11184659774483, 301.13165835459415], "heat_capacity": [0.0, 69.67181695187945, 111.82153057304829, 137.52550204108883, 146.39955718037632]}