step,energy,fmax
0,-11.30797105150939,0.19281812587153951
1,-11.309459530068512,0.15458107890102346
2,-11.311955470063898,0.006893438093061106
