{"temperatures": [0.0, 75.0, 150.0, 300.0, 600.0], "free_energy": [168.17641444297314, 167.09794148524443, 161.0606796756133, 131.73888206912468, 14.729208357703328], "entropy": [0.0, 42.1155640067626, 119.75179655392479, 267.8153005765089, 498.06698924655484], "heat_capacity": [0.0, 72.4235603421195, 157.20235907476146, 274.667287795845, 380.7985566558638]}