step,energy,fmax
0,-1.468594726027449,0.041730118834526576
1,-1.468667104200223,0.03906578334431123
2,-1.4692574293790726,0.0010055616511189863
