step,energy,fmax
0,-4.092165165718987,0.18250887973904167
1,-4.093365090172004,0.12444462226610914
2,-4.094387332479066,0.0033041453769800883
