{"temperatures": [0.0, 75.0, 150.0, 300.0, 600.0], "free_energy": [19.263369147155174, 18.831449536241944, 16.261792902017817, 4.641913287350315, -36.19111448656693], "entropy": [0.0, 17.962980792867913, 50.21892793745456, 101.53747751547697, 164.63569043435538], "heat_capacity": [0.0, 32.153881488939746, 61.20379452455252, 84.80220907800212, 95.40279613902192]}