{"temperatures": [0.0, 75.0, 150.0, 300.0, 600.0], "free_energy": [26.53944943052675, 26.077311539107356, 23.37682404160428, 10.684852091657442, -35.553393934762425], "entropy": [0.0, 18.779085885265786, 53.37927260740366, 112.73074730842944, 188.55378938222432], "heat_capacity": [0.0, 32.94737340346253, 68.36284418287657, 100.43981620849073, 115.78104964585621]}