step,energy,fmax
0,-1.8799789014118073,0.09789672754811377
1,-1.8803546130837152,0.08173998235061387
2,-1.8812081047498488,0.002048102393462757
