{"temperatures": [0.0, 75.0, 150.0, 300.0, 600.0], "free_energy": [26.590963863988204, 26.099822535180266, 23.336756837385597, 10.490518919975408, -36.092320063864065], "entropy": [0.0, 19.47658465074085, 54.315725088355535, 113.81752487184842, 189.75464045208858], "heat_capacity": [0.0, 33.31218528274483, 68.66009165855658, 100.59943682724754, 115.96514284109956]}