{"temperatures": [0.0, 75.0, 150.0, 300.0, 600.0], "free_energy": [479.52192181152316, 464.0685087572319, 400.80646871890644, 156.26742556089243, -653.662282372732], "entropy": [0.0, 521.6712793846411, 1142.787467549657, 2061.291036532571, 3236.5223147455526], "heat_capacity": [0.0, 685.7341124481999, 1109.8122212089988, 1533.4876562929144, 1823.0158713875712]}