{"temperatures": [0.0, 75.0, 150.0, 300.0, 600.0], "free_energy": [113.00579129612545, 111.92350344100846, 103.11675598106743, 56.75585440709247, -119.97194017063704], "entropy": [0.0, 52.388767148765304, 184.8436525043457, 421.7055598928751, 728.6920917170353], "heat_capacity": [0.0, 117.61645710027621, 269.1969328747132, 404.46827634653033, 470.4049386197579]}