{"temperatures": [0.0, 75.0, 150.0, 300.0, 600.0], "free_energy": [113.00562493829078, 111.92333876331683, 103.11655838139163, 56.75553687980823, -119.97253579184952], "entropy": [0.0, 52.38892468056221, 184.84429724270836, 421.7064428849187, 728.693040715798], "heat_capacity": [0.0, 117.61715302358155, 269.19748955248116, 404.46845135950025, 470.40498256985114]}