{"temperatures": [0.0, 75.0, 150.0, 300.0, 600.0], "free_energy": [165.98043394488977, 165.12777922426875, 159.6892836107299, 131.6459397003162, 16.439115138872694], "entropy": [0.0, 35.67625404190139, 110.91498629151671, 260.1095510605645, 493.3625175937739], "heat_capacity": [0.0, 67.56303209582377, 155.91019059270153, 278.71113332873716, 384.6302140329422]}