species,reference,predicted
AM2-AD2,1.34,0.74360219398136
AM3-AD3,1.99,0.0810564576268007
AD4-AM4,2.89,-1.5199050300257113
AD5-AM5,3.78,-2.171856340982231
AD6-AM6,4.6,-3.0032155896124095
AD7-AM7,5.55,-3.0072885157132987
