species,reference,predicted
AM2-AD2,1.34,0.7434261705216159
AM3-AD3,1.99,0.08105631986791195
AD4-AM4,2.89,-1.5199051621484614
AD5-AM5,3.78,-2.1722080642903165
AD6-AM6,4.6,-3.0039193880820676
AD7-AM7,5.55,-3.007992741655471
