species,reference,predicted
alh3-al2h6,38.5,60.340970694804014
al2f6-alf3,51.6,68.00716875789999
al2cl6-alcl3,32.5,33.199630603676724
alme2-al2me4,38.4,44.8498962382846
alme2-alme3-al2me5,31.2,35.25324711173471
alme3-al2me6,23.1,23.023462005805868
