species,reference,predicted
alh3-al2h6,38.5,60.34101477357899
al2f6-alf3,51.6,68.00716883095288
al2cl6-alcl3,32.5,33.19963071782172
alme2-al2me4,38.4,44.849896387243916
alme2-alme3-al2me5,31.2,35.25342314789259
alme3-al2me6,23.1,23.02381403617437
