species,reference,predicted
ed1-ts1,25.65,13.9867728863901
ed2-ts2,56.9,71.36882747840014
ed3-ts3,36.53,39.87794535548028
ts4-ed4,96.17,70.36553845657227
ts5-ed5,15.94,-0.6187063635804861
ts6-ed6,13.64,14.147788988407228
ts7-ed7,27.49,27.764551618095993
ed8-ts8,50.24,26.178104082602204
ed9-ts9,65.84,59.33791045359976
ts10-ed10,64.93,78.43364489939938
