species,reference,predicted
ed1-ts1,25.65,13.986772908256171
ed2-ts2,56.9,71.36882752719725
ed3-ts3,36.53,39.878297293355445
ts4-ed4,96.17,70.36536247927029
ts5-ed5,15.94,-0.6187063660061085
ts6-ed6,13.64,14.147876948825342
ts7-ed7,27.49,27.764551498672063
ed8-ts8,50.24,26.178280076954934
ed9-ts9,65.84,59.338086437108586
ts10-ed10,64.93,78.43373285947837
