species,reference,predicted
1-2,37.4,31.606486205988404
1-3,56.87,46.27694879226874
1-4,56.89,45.67775069001982
1-5,69.89,49.142978963731366
1-6,100.48,72.53599681459491
1-7,111.72,84.27700415205254
1-8,142.18,110.86169435404736
1-9,143.96,116.01633197730189
1-10,164.88,149.1461616056804
