species,reference,predicted
1-2,37.4,31.60788941037572
1-3,56.87,46.27835348168446
1-4,56.89,45.68056512561816
1-5,69.89,49.14438624923241
1-6,100.48,72.53881101184561
1-7,111.72,84.27841120370249
1-8,142.18,110.86309823139345
1-9,143.96,116.01774037454197
1-10,164.88,149.14757060403645
