species,reference,predicted
1O_A-1O-1O_B,5.37,23.0746521390887
2O_A-2O_B-2O,6.047,23.342108989062126
3O_B-3O_A-3O,2.421,22.12610576485895
4O-4O_B-4O_A,9.967,34.22533849316915
1N_A-1N_B-1N,2.357,9.637846765900804
2N_A-2N-2N_B,3.021,10.074719033097722
3N_B-3N_A-3N,1.205,11.888784093399181
4N-4N_B-4N_A,4.177,14.468129797653091
1CL_A-1CL_B-1CL,7.839,18.60750645842154
2CL-2CL_B-2CL_A,10.483,15.84003636639136
3CL-3CL_B-3CL_A,3.241,12.82799493600001
4CL_A-4CL-4CL_B,16.296,23.40105730909505
