species,reference,predicted
1O_A-1O-1O_B,5.37,23.074564151614766
2O_A-2O_B-2O,6.047,23.34197700785103
3O_B-3O_A-3O,2.421,22.12612775059813
4O-4O_B-4O_A,9.967,34.22529462752391
1N_A-1N_B-1N,2.357,9.637758774146505
2N_A-2N-2N_B,3.021,10.074674997412785
3N_B-3N_A-3N,1.205,11.888784064292395
4N-4N_B-4N_A,4.177,14.468305857265022
1CL_A-1CL_B-1CL,7.839,18.607484484096744
2CL-2CL_B-2CL_A,10.483,15.840212242318415
3CL-3CL_B-3CL_A,3.241,12.82792896051879
4CL_A-4CL-4CL_B,16.296,23.401233270987746
