species,reference,predicted
ant-antdimer,-9.15,41.650431214894525
pxylene-h2-pc22,-60.28,-85.90541505952751
octane2-octane1,-1.21,12.912896287277817
undecan2-undecan1,9.1,27.58831737408218
F14f-F14l,-3.64,-10.770276220592677
F22f-F22l,-1.96,-19.109957085844144
