species,reference,predicted
ant-antdimer,-9.15,41.65324475555644
pxylene-h2-pc22,-60.28,-85.90548119275991
octane2-octane1,-1.21,12.91324792744399
undecan2-undecan1,9.1,27.5897248005831
F14f-F14l,-3.64,-10.769572467717808
F22f-F22l,-1.96,-19.109252796897636
