species,reference,predicted
1a-1b,4.3,2.8899146390581336
2a-2b,6.56,-6.375306682801693
3b-3a,-5.44,-11.24837579132327
3c-3a,5.25,7.06603989747191
3a-3d,13.03,19.462074880505952
4b-4a,0.93,-7.496387397861554
5a-5b,0.74,-2.131199475795256
5a-5c,1.45,-3.1256476197595475
6a-6b,-0.17,-5.1960985435803195
6a-6c,-0.87,-9.14178276030907
6a-6d,2.85,-3.2542250794190295
7b-7a,2.15,8.007288422525335
8b-8a,0.55,0.5506456943085141
9a-9b,0.95,8.118392892996667
10b-10a,-0.45,-11.6601552534853
