species,reference,predicted
1a-1b,4.3,2.8897385701193343
2a-2b,6.56,-6.375482580416019
3b-3a,-5.44,-11.248023972782903
3c-3a,5.25,7.066039878281572
3a-3d,13.03,19.462074843836945
4b-4a,0.93,-7.496563263372536
5a-5b,0.74,-2.131551278693223
5a-5c,1.45,-3.125647601032597
6a-6b,-0.17,-5.196274552771229
6a-6c,-0.87,-9.141958731082923
6a-6d,2.85,-3.254577017311476
7b-7a,2.15,8.00728845106164
8b-8a,0.55,0.550645745317297
9a-9b,0.95,8.118480854217296
10b-10a,-0.45,-11.66015527552986
