{"temperatures": [0.0, 75.0, 150.0, 300.0, 600.0], "free_energy": [44.23892476378329, 37.37734057144566, 15.20367299118708, -59.723736611596934, -281.60074645961527], "entropy": [0.0, 203.82187345673168, 377.52306494887927, 601.9695481266612, 850.8447296791386], "heat_capacity": [0.0, 206.73746178895297, 292.8204570999217, 347.3720636032467, 366.8649155228018]}