step,energy,fmax
0,-18.50651527128448,0.14383506552491163
1,-18.507262508693714,0.1008047275613616
2,-18.507996685506665,0.0013685152537489032
