{"temperatures": [0.0, 75.0, 150.0, 300.0, 600.0], "free_energy": [16.37048728457676, 11.865788725271425, -2.8976637482324215, -50.5975422507394, -185.90024080691737], "entropy": [0.0, 137.90628685920336, 247.45547918478007, 375.7723485691813, 511.30249302420884], "heat_capacity": [0.0, 138.19152542751735, 174.99936387165172, 192.28991046629858, 197.64633151095634]}