{"temperatures": [0.0, 75.0, 150.0, 300.0, 600.0], "free_energy": [16.37046696336579, 11.865813220239422, -2.8975935262145995, -50.59738997970079, -185.89993012337598], "entropy": [0.0, 137.90560801263047, 247.4549087575452, 375.77181392892766, 511.30196833644993], "heat_capacity": [0.0, 138.19176636227695, 174.9994523662027, 192.28993636969645, 197.64633831312693]}