{"temperatures": [0.0, 75.0, 150.0, 300.0, 600.0], "free_energy": [16.370447383813097, 11.865749136571306, -2.897731413319409, -50.59767352699883, -185.90050169754232], "entropy": [0.0, 137.90658217949732, 247.45588978203696, 375.77277840578273, 511.3029260894305], "heat_capacity": [0.0, 138.19185047837482, 174.99942550927446, 192.28992010280945, 197.6463333928075]}